[double3(16.991000000000,0.000000000000,0.000000000000),double3(0.000000000000,16.991000000000,0.000000000000),double3(0.000000000000,0.000000000000,16.991000000000)]

double3(0.188525000000,0.003950000000,0.311475000000),
double3(0.184255000000,0.449570000000,0.343750000000),
double3(0.188850000000,0.429450000000,0.361700000000),
double3(0.203050000000,0.042750000000,0.296950000000),
double3(0.204865000000,0.484160000000,0.341390000000),
double3(0.250000000000,0.000000000000,0.375000000000),
double3(0.003950000000,0.311475000000,0.188525000000),
double3(0.449570000000,0.315745000000,0.156250000000),
double3(0.429450000000,0.311150000000,0.138300000000),
double3(0.042750000000,0.296950000000,0.203050000000),
double3(0.484160000000,0.295135000000,0.158610000000),
double3(0.000000000000,0.250000000000,0.125000000000),
double3(0.311475000000,0.496050000000,0.311475000000),
double3(0.315745000000,0.050430000000,0.343750000000),
double3(0.311150000000,0.070550000000,0.361700000000),
double3(0.295135000000,0.015840000000,0.341390000000),
double3(0.496050000000,0.188525000000,0.188525000000),
double3(0.050430000000,0.184255000000,0.156250000000),
double3(0.070550000000,0.188850000000,0.138300000000),
double3(0.015840000000,0.204865000000,0.158610000000),
double3(0.188525000000,0.496050000000,0.188525000000),
double3(0.184255000000,0.050430000000,0.156250000000),
double3(0.188850000000,0.070550000000,0.138300000000),
double3(0.204865000000,0.015840000000,0.158610000000),
double3(0.250000000000,0.000000000000,0.125000000000),
double3(0.496050000000,0.311475000000,0.311475000000),
double3(0.050430000000,0.315745000000,0.343750000000),
double3(0.070550000000,0.311150000000,0.361700000000),
double3(0.015840000000,0.295135000000,0.341390000000),
double3(0.000000000000,0.250000000000,0.375000000000),
double3(0.311475000000,0.003950000000,0.188525000000),
double3(0.315745000000,0.449570000000,0.156250000000),
double3(0.311150000000,0.429450000000,0.138300000000),
double3(0.296950000000,0.042750000000,0.203050000000),
double3(0.270650000000,0.039900000000,0.212850000000),
double3(0.297100000000,0.061400000000,0.181800000000),
double3(0.313800000000,0.051950000000,0.223750000000),
double3(0.295135000000,0.484160000000,0.158610000000),
double3(0.003950000000,0.188525000000,0.311475000000),
double3(0.449570000000,0.184255000000,0.343750000000),
double3(0.429450000000,0.188850000000,0.361700000000),
double3(0.042750000000,0.203050000000,0.296950000000),
double3(0.039900000000,0.229350000000,0.287150000000),
double3(0.061400000000,0.202900000000,0.318200000000),
double3(0.051950000000,0.186200000000,0.276250000000),
double3(0.484160000000,0.204865000000,0.341390000000),
double3(0.311475000000,0.188525000000,0.003950000000),
double3(0.343750000000,0.184255000000,0.449570000000),
double3(0.361700000000,0.188850000000,0.429450000000),
double3(0.341390000000,0.204865000000,0.484160000000),
double3(0.375000000000,0.250000000000,0.000000000000),
double3(0.188525000000,0.188525000000,0.496050000000),
double3(0.184255000000,0.156250000000,0.050430000000),
double3(0.188850000000,0.138300000000,0.070550000000),
double3(0.203050000000,0.203050000000,0.457250000000),
double3(0.229350000000,0.212850000000,0.460100000000),
double3(0.202900000000,0.181800000000,0.438600000000),
double3(0.186200000000,0.223750000000,0.448050000000),
double3(0.204865000000,0.158610000000,0.015840000000),
double3(0.250000000000,0.125000000000,0.000000000000),
double3(0.188525000000,0.311475000000,0.003950000000),
double3(0.156250000000,0.315745000000,0.449570000000),
double3(0.138300000000,0.311150000000,0.429450000000),
double3(0.203050000000,0.296950000000,0.042750000000),
double3(0.158610000000,0.295135000000,0.484160000000),
double3(0.125000000000,0.250000000000,0.000000000000),
double3(0.311475000000,0.311475000000,0.496050000000),
double3(0.315745000000,0.343750000000,0.050430000000),
double3(0.311150000000,0.361700000000,0.070550000000),
double3(0.295135000000,0.341390000000,0.015840000000),
double3(0.250000000000,0.375000000000,0.000000000000),
double3(0.343750000000,0.315745000000,0.050430000000),
double3(0.361700000000,0.311150000000,0.070550000000),
double3(0.341390000000,0.295135000000,0.015840000000),
double3(0.315745000000,0.156250000000,0.449570000000),
double3(0.311150000000,0.138300000000,0.429450000000),
double3(0.295135000000,0.158610000000,0.484160000000),
double3(0.156250000000,0.184255000000,0.050430000000),
double3(0.138300000000,0.188850000000,0.070550000000),
double3(0.158610000000,0.204865000000,0.015840000000),
double3(0.184255000000,0.343750000000,0.449570000000),
double3(0.188850000000,0.361700000000,0.429450000000),
double3(0.229350000000,0.287150000000,0.039900000000),
double3(0.202900000000,0.318200000000,0.061400000000),
double3(0.186200000000,0.276250000000,0.051950000000),
double3(0.204865000000,0.341390000000,0.484160000000),
double3(0.449570000000,0.343750000000,0.184255000000),
double3(0.429450000000,0.361700000000,0.188850000000),
double3(0.039900000000,0.287150000000,0.229350000000),
double3(0.061400000000,0.318200000000,0.202900000000),
double3(0.051950000000,0.276250000000,0.186200000000),
double3(0.484160000000,0.341390000000,0.204865000000),
double3(0.000000000000,0.375000000000,0.250000000000),
double3(0.449570000000,0.156250000000,0.315745000000),
double3(0.429450000000,0.138300000000,0.311150000000),
double3(0.484160000000,0.158610000000,0.295135000000),
double3(0.000000000000,0.125000000000,0.250000000000),
double3(0.156250000000,0.050430000000,0.184255000000),
double3(0.138300000000,0.070550000000,0.188850000000),
double3(0.158610000000,0.015840000000,0.204865000000),
double3(0.125000000000,0.000000000000,0.250000000000),
double3(0.050430000000,0.343750000000,0.315745000000),
double3(0.070550000000,0.361700000000,0.311150000000),
double3(0.015840000000,0.341390000000,0.295135000000),
double3(0.343750000000,0.449570000000,0.184255000000),
double3(0.361700000000,0.429450000000,0.188850000000),
double3(0.341390000000,0.484160000000,0.204865000000),
double3(0.375000000000,0.000000000000,0.250000000000),
double3(0.050430000000,0.156250000000,0.184255000000),
double3(0.070550000000,0.138300000000,0.188850000000),
double3(0.015840000000,0.158610000000,0.204865000000),
double3(0.156250000000,0.449570000000,0.315745000000),
double3(0.138300000000,0.429450000000,0.311150000000),
double3(0.212850000000,0.039900000000,0.270650000000),
double3(0.181800000000,0.061400000000,0.297100000000),
double3(0.223750000000,0.051950000000,0.313800000000),
double3(0.158610000000,0.484160000000,0.295135000000),
double3(0.343750000000,0.050430000000,0.315745000000),
double3(0.361700000000,0.070550000000,0.311150000000),
double3(0.341390000000,0.015840000000,0.295135000000),
double3(0.438525000000,0.253950000000,0.061475000000),
double3(0.434255000000,0.199570000000,0.093750000000),
double3(0.438850000000,0.179450000000,0.111700000000),
double3(0.453050000000,0.292750000000,0.046950000000),
double3(0.479350000000,0.289900000000,0.037150000000),
double3(0.452900000000,0.311400000000,0.068200000000),
double3(0.436200000000,0.301950000000,0.026250000000),
double3(0.454865000000,0.234160000000,0.091390000000),
double3(0.253950000000,0.061475000000,0.438525000000),
double3(0.199570000000,0.065745000000,0.406250000000),
double3(0.179450000000,0.061150000000,0.388300000000),
double3(0.234160000000,0.045135000000,0.408610000000),
double3(0.061475000000,0.246050000000,0.061475000000),
double3(0.065745000000,0.300430000000,0.093750000000),
double3(0.061150000000,0.320550000000,0.111700000000),
double3(0.045135000000,0.265840000000,0.091390000000),
double3(0.246050000000,0.438525000000,0.438525000000),
double3(0.300430000000,0.434255000000,0.406250000000),
double3(0.320550000000,0.438850000000,0.388300000000),
double3(0.207250000000,0.453050000000,0.453050000000),
double3(0.210100000000,0.479350000000,0.462850000000),
double3(0.188600000000,0.452900000000,0.431800000000),
double3(0.198050000000,0.436200000000,0.473750000000),
double3(0.265840000000,0.454865000000,0.408610000000),
double3(0.438525000000,0.246050000000,0.438525000000),
double3(0.434255000000,0.300430000000,0.406250000000),
double3(0.438850000000,0.320550000000,0.388300000000),
double3(0.454865000000,0.265840000000,0.408610000000),
double3(0.246050000000,0.061475000000,0.061475000000),
double3(0.300430000000,0.065745000000,0.093750000000),
double3(0.320550000000,0.061150000000,0.111700000000),
double3(0.265840000000,0.045135000000,0.091390000000),
double3(0.061475000000,0.253950000000,0.438525000000),
double3(0.065745000000,0.199570000000,0.406250000000),
double3(0.061150000000,0.179450000000,0.388300000000),
double3(0.046950000000,0.292750000000,0.453050000000),
double3(0.045135000000,0.234160000000,0.408610000000),
double3(0.253950000000,0.438525000000,0.061475000000),
double3(0.199570000000,0.434255000000,0.093750000000),
double3(0.179450000000,0.438850000000,0.111700000000),
double3(0.234160000000,0.454865000000,0.091390000000),
double3(0.061475000000,0.438525000000,0.253950000000),
double3(0.093750000000,0.434255000000,0.199570000000),
double3(0.111700000000,0.438850000000,0.179450000000),
double3(0.091390000000,0.454865000000,0.234160000000),
double3(0.438525000000,0.438525000000,0.246050000000),
double3(0.434255000000,0.406250000000,0.300430000000),
double3(0.438850000000,0.388300000000,0.320550000000),
double3(0.454865000000,0.408610000000,0.265840000000),
double3(0.438525000000,0.061475000000,0.253950000000),
double3(0.406250000000,0.065745000000,0.199570000000),
double3(0.388300000000,0.061150000000,0.179450000000),
double3(0.408610000000,0.045135000000,0.234160000000),
double3(0.061475000000,0.061475000000,0.246050000000),
double3(0.065745000000,0.093750000000,0.300430000000),
double3(0.061150000000,0.111700000000,0.320550000000),
double3(0.046950000000,0.046950000000,0.207250000000),
double3(0.020650000000,0.037150000000,0.210100000000),
double3(0.047100000000,0.068200000000,0.188600000000),
double3(0.063800000000,0.026250000000,0.198050000000),
double3(0.045135000000,0.091390000000,0.265840000000),
double3(0.093750000000,0.065745000000,0.300430000000),
double3(0.111700000000,0.061150000000,0.320550000000),
double3(0.091390000000,0.045135000000,0.265840000000),
double3(0.065745000000,0.406250000000,0.199570000000),
double3(0.061150000000,0.388300000000,0.179450000000),
double3(0.045135000000,0.408610000000,0.234160000000),
double3(0.406250000000,0.434255000000,0.300430000000),
double3(0.388300000000,0.438850000000,0.320550000000),
double3(0.408610000000,0.454865000000,0.265840000000),
double3(0.434255000000,0.093750000000,0.199570000000),
double3(0.438850000000,0.111700000000,0.179450000000),
double3(0.454865000000,0.091390000000,0.234160000000),
double3(0.199570000000,0.093750000000,0.434255000000),
double3(0.179450000000,0.111700000000,0.438850000000),
double3(0.234160000000,0.091390000000,0.454865000000),
double3(0.199570000000,0.406250000000,0.065745000000),
double3(0.179450000000,0.388300000000,0.061150000000),
double3(0.234160000000,0.408610000000,0.045135000000),
double3(0.406250000000,0.300430000000,0.434255000000),
double3(0.388300000000,0.320550000000,0.438850000000),
double3(0.408610000000,0.265840000000,0.454865000000),
double3(0.300430000000,0.093750000000,0.065745000000),
double3(0.320550000000,0.111700000000,0.061150000000),
double3(0.265840000000,0.091390000000,0.045135000000),
double3(0.093750000000,0.199570000000,0.434255000000),
double3(0.111700000000,0.179450000000,0.438850000000),
double3(0.037150000000,0.289900000000,0.479350000000),
double3(0.068200000000,0.311400000000,0.452900000000),
double3(0.026250000000,0.301950000000,0.436200000000),
double3(0.091390000000,0.234160000000,0.454865000000),
double3(0.300430000000,0.406250000000,0.434255000000),
double3(0.320550000000,0.388300000000,0.438850000000),
double3(0.265840000000,0.408610000000,0.454865000000),
double3(0.406250000000,0.199570000000,0.065745000000),
double3(0.388300000000,0.179450000000,0.061150000000),
double3(0.408610000000,0.234160000000,0.045135000000),
double3(0.093750000000,0.300430000000,0.065745000000),
double3(0.111700000000,0.320550000000,0.061150000000),
double3(0.091390000000,0.265840000000,0.045135000000),
double3(0.023630685397,0.204161797616,0.024095250718),
double3(0.049285218219,0.207563794986,0.049657249662),
double3(0.066307775490,0.180132177247,0.066751240244),
double3(0.200007078761,0.048263776714,0.048673501694),
double3(0.451736699447,0.200007080906,0.451326020701),
double3(0.295838201960,0.476369409207,0.024095345608),
double3(0.292436204780,0.450714833811,0.049657301850),
double3(0.319867822295,0.433692326488,0.066751342530),
double3(0.295838201960,0.023630590793,0.475904654392),
double3(0.292436204780,0.049285166189,0.450342698150),
double3(0.319867822295,0.066307673512,0.433248657470),
double3(0.475904749282,0.023630685397,0.295838202384),
double3(0.450342750338,0.049285218219,0.292436205014),
double3(0.433248759756,0.066307775490,0.319867822753),
double3(0.451736223286,0.451326498306,0.200007078761),
double3(0.048673979299,0.451736699447,0.299992919094),
double3(0.314221329721,0.207624203624,0.315892584745),
double3(0.219420810684,0.204397879329,0.164081707384),
double3(0.200334875144,0.181376260796,0.184791042843),
double3(0.214119079941,0.158334075135,0.209560358536),
double3(0.207624233621,0.314221756430,0.315892469094),
double3(0.184037449837,0.218736116455,0.209738138522),
double3(0.176403120392,0.200622680502,0.179131523512),
double3(0.167372745231,0.215566596242,0.147044184441),
double3(0.290261861478,0.184037449837,0.281263883545),
double3(0.320868476488,0.176403120392,0.299377319498),
double3(0.352955815559,0.167372745231,0.284433403758),
double3(0.295602120671,0.335918292616,0.219420810684),
double3(0.318623739204,0.315208957157,0.200334875144),
double3(0.341665924865,0.290439641464,0.214119079941),
double3(0.188525000000,0.003950000000,0.811475000000),
double3(0.184255000000,0.449570000000,0.843750000000),
double3(0.188850000000,0.429450000000,0.861700000000),
double3(0.203050000000,0.042750000000,0.796950000000),
double3(0.204865000000,0.484160000000,0.841390000000),
double3(0.250000000000,0.000000000000,0.875000000000),
double3(0.003950000000,0.311475000000,0.688525000000),
double3(0.449570000000,0.315745000000,0.656250000000),
double3(0.429450000000,0.311150000000,0.638300000000),
double3(0.042750000000,0.296950000000,0.703050000000),
double3(0.484160000000,0.295135000000,0.658610000000),
double3(0.000000000000,0.250000000000,0.625000000000),
double3(0.311475000000,0.496050000000,0.811475000000),
double3(0.315745000000,0.050430000000,0.843750000000),
double3(0.311150000000,0.070550000000,0.861700000000),
double3(0.295135000000,0.015840000000,0.841390000000),
double3(0.496050000000,0.188525000000,0.688525000000),
double3(0.050430000000,0.184255000000,0.656250000000),
double3(0.070550000000,0.188850000000,0.638300000000),
double3(0.015840000000,0.204865000000,0.658610000000),
double3(0.188525000000,0.496050000000,0.688525000000),
double3(0.184255000000,0.050430000000,0.656250000000),
double3(0.188850000000,0.070550000000,0.638300000000),
double3(0.204865000000,0.015840000000,0.658610000000),
double3(0.250000000000,0.000000000000,0.625000000000),
double3(0.496050000000,0.311475000000,0.811475000000),
double3(0.050430000000,0.315745000000,0.843750000000),
double3(0.070550000000,0.311150000000,0.861700000000),
double3(0.015840000000,0.295135000000,0.841390000000),
double3(0.000000000000,0.250000000000,0.875000000000),
double3(0.311475000000,0.003950000000,0.688525000000),
double3(0.315745000000,0.449570000000,0.656250000000),
double3(0.311150000000,0.429450000000,0.638300000000),
double3(0.296950000000,0.042750000000,0.703050000000),
double3(0.270650000000,0.039900000000,0.712850000000),
double3(0.297100000000,0.061400000000,0.681800000000),
double3(0.313800000000,0.051950000000,0.723750000000),
double3(0.295135000000,0.484160000000,0.658610000000),
double3(0.003950000000,0.188525000000,0.811475000000),
double3(0.449570000000,0.184255000000,0.843750000000),
double3(0.429450000000,0.188850000000,0.861700000000),
double3(0.042750000000,0.203050000000,0.796950000000),
double3(0.039900000000,0.229350000000,0.787150000000),
double3(0.061400000000,0.202900000000,0.818200000000),
double3(0.051950000000,0.186200000000,0.776250000000),
double3(0.484160000000,0.204865000000,0.841390000000),
double3(0.311475000000,0.188525000000,0.503950000000),
double3(0.343750000000,0.184255000000,0.949570000000),
double3(0.361700000000,0.188850000000,0.929450000000),
double3(0.341390000000,0.204865000000,0.984160000000),
double3(0.375000000000,0.250000000000,0.500000000000),
double3(0.188525000000,0.188525000000,0.996050000000),
double3(0.184255000000,0.156250000000,0.550430000000),
double3(0.188850000000,0.138300000000,0.570550000000),
double3(0.203050000000,0.203050000000,0.957250000000),
double3(0.229350000000,0.212850000000,0.960100000000),
double3(0.202900000000,0.181800000000,0.938600000000),
double3(0.186200000000,0.223750000000,0.948050000000),
double3(0.204865000000,0.158610000000,0.515840000000),
double3(0.250000000000,0.125000000000,0.500000000000),
double3(0.188525000000,0.311475000000,0.503950000000),
double3(0.156250000000,0.315745000000,0.949570000000),
double3(0.138300000000,0.311150000000,0.929450000000),
double3(0.203050000000,0.296950000000,0.542750000000),
double3(0.158610000000,0.295135000000,0.984160000000),
double3(0.125000000000,0.250000000000,0.500000000000),
double3(0.311475000000,0.311475000000,0.996050000000),
double3(0.315745000000,0.343750000000,0.550430000000),
double3(0.311150000000,0.361700000000,0.570550000000),
double3(0.295135000000,0.341390000000,0.515840000000),
double3(0.250000000000,0.375000000000,0.500000000000),
double3(0.343750000000,0.315745000000,0.550430000000),
double3(0.361700000000,0.311150000000,0.570550000000),
double3(0.341390000000,0.295135000000,0.515840000000),
double3(0.315745000000,0.156250000000,0.949570000000),
double3(0.311150000000,0.138300000000,0.929450000000),
double3(0.295135000000,0.158610000000,0.984160000000),
double3(0.156250000000,0.184255000000,0.550430000000),
double3(0.138300000000,0.188850000000,0.570550000000),
double3(0.158610000000,0.204865000000,0.515840000000),
double3(0.184255000000,0.343750000000,0.949570000000),
double3(0.188850000000,0.361700000000,0.929450000000),
double3(0.229350000000,0.287150000000,0.539900000000),
double3(0.202900000000,0.318200000000,0.561400000000),
double3(0.186200000000,0.276250000000,0.551950000000),
double3(0.204865000000,0.341390000000,0.984160000000),
double3(0.449570000000,0.343750000000,0.684255000000),
double3(0.429450000000,0.361700000000,0.688850000000),
double3(0.039900000000,0.287150000000,0.729350000000),
double3(0.061400000000,0.318200000000,0.702900000000),
double3(0.051950000000,0.276250000000,0.686200000000),
double3(0.484160000000,0.341390000000,0.704865000000),
double3(0.000000000000,0.375000000000,0.750000000000),
double3(0.449570000000,0.156250000000,0.815745000000),
double3(0.429450000000,0.138300000000,0.811150000000),
double3(0.484160000000,0.158610000000,0.795135000000),
double3(0.000000000000,0.125000000000,0.750000000000),
double3(0.156250000000,0.050430000000,0.684255000000),
double3(0.138300000000,0.070550000000,0.688850000000),
double3(0.158610000000,0.015840000000,0.704865000000),
double3(0.125000000000,0.000000000000,0.750000000000),
double3(0.050430000000,0.343750000000,0.815745000000),
double3(0.070550000000,0.361700000000,0.811150000000),
double3(0.015840000000,0.341390000000,0.795135000000),
double3(0.343750000000,0.449570000000,0.684255000000),
double3(0.361700000000,0.429450000000,0.688850000000),
double3(0.341390000000,0.484160000000,0.704865000000),
double3(0.375000000000,0.000000000000,0.750000000000),
double3(0.050430000000,0.156250000000,0.684255000000),
double3(0.070550000000,0.138300000000,0.688850000000),
double3(0.015840000000,0.158610000000,0.704865000000),
double3(0.156250000000,0.449570000000,0.815745000000),
double3(0.138300000000,0.429450000000,0.811150000000),
double3(0.212850000000,0.039900000000,0.770650000000),
double3(0.181800000000,0.061400000000,0.797100000000),
double3(0.223750000000,0.051950000000,0.813800000000),
double3(0.158610000000,0.484160000000,0.795135000000),
double3(0.343750000000,0.050430000000,0.815745000000),
double3(0.361700000000,0.070550000000,0.811150000000),
double3(0.341390000000,0.015840000000,0.795135000000),
double3(0.438525000000,0.253950000000,0.561475000000),
double3(0.434255000000,0.199570000000,0.593750000000),
double3(0.438850000000,0.179450000000,0.611700000000),
double3(0.453050000000,0.292750000000,0.546950000000),
double3(0.479350000000,0.289900000000,0.537150000000),
double3(0.452900000000,0.311400000000,0.568200000000),
double3(0.436200000000,0.301950000000,0.526250000000),
double3(0.454865000000,0.234160000000,0.591390000000),
double3(0.253950000000,0.061475000000,0.938525000000),
double3(0.199570000000,0.065745000000,0.906250000000),
double3(0.179450000000,0.061150000000,0.888300000000),
double3(0.234160000000,0.045135000000,0.908610000000),
double3(0.061475000000,0.246050000000,0.561475000000),
double3(0.065745000000,0.300430000000,0.593750000000),
double3(0.061150000000,0.320550000000,0.611700000000),
double3(0.045135000000,0.265840000000,0.591390000000),
double3(0.246050000000,0.438525000000,0.938525000000),
double3(0.300430000000,0.434255000000,0.906250000000),
double3(0.320550000000,0.438850000000,0.888300000000),
double3(0.207250000000,0.453050000000,0.953050000000),
double3(0.210100000000,0.479350000000,0.962850000000),
double3(0.188600000000,0.452900000000,0.931800000000),
double3(0.198050000000,0.436200000000,0.973750000000),
double3(0.265840000000,0.454865000000,0.908610000000),
double3(0.438525000000,0.246050000000,0.938525000000),
double3(0.434255000000,0.300430000000,0.906250000000),
double3(0.438850000000,0.320550000000,0.888300000000),
double3(0.454865000000,0.265840000000,0.908610000000),
double3(0.246050000000,0.061475000000,0.561475000000),
double3(0.300430000000,0.065745000000,0.593750000000),
double3(0.320550000000,0.061150000000,0.611700000000),
double3(0.265840000000,0.045135000000,0.591390000000),
double3(0.061475000000,0.253950000000,0.938525000000),
double3(0.065745000000,0.199570000000,0.906250000000),
double3(0.061150000000,0.179450000000,0.888300000000),
double3(0.046950000000,0.292750000000,0.953050000000),
double3(0.045135000000,0.234160000000,0.908610000000),
double3(0.253950000000,0.438525000000,0.561475000000),
double3(0.199570000000,0.434255000000,0.593750000000),
double3(0.179450000000,0.438850000000,0.611700000000),
double3(0.234160000000,0.454865000000,0.591390000000),
double3(0.061475000000,0.438525000000,0.753950000000),
double3(0.093750000000,0.434255000000,0.699570000000),
double3(0.111700000000,0.438850000000,0.679450000000),
double3(0.091390000000,0.454865000000,0.734160000000),
double3(0.438525000000,0.438525000000,0.746050000000),
double3(0.434255000000,0.406250000000,0.800430000000),
double3(0.438850000000,0.388300000000,0.820550000000),
double3(0.454865000000,0.408610000000,0.765840000000),
double3(0.438525000000,0.061475000000,0.753950000000),
double3(0.406250000000,0.065745000000,0.699570000000),
double3(0.388300000000,0.061150000000,0.679450000000),
double3(0.408610000000,0.045135000000,0.734160000000),
double3(0.061475000000,0.061475000000,0.746050000000),
double3(0.065745000000,0.093750000000,0.800430000000),
double3(0.061150000000,0.111700000000,0.820550000000),
double3(0.046950000000,0.046950000000,0.707250000000),
double3(0.020650000000,0.037150000000,0.710100000000),
double3(0.047100000000,0.068200000000,0.688600000000),
double3(0.063800000000,0.026250000000,0.698050000000),
double3(0.045135000000,0.091390000000,0.765840000000),
double3(0.093750000000,0.065745000000,0.800430000000),
double3(0.111700000000,0.061150000000,0.820550000000),
double3(0.091390000000,0.045135000000,0.765840000000),
double3(0.065745000000,0.406250000000,0.699570000000),
double3(0.061150000000,0.388300000000,0.679450000000),
double3(0.045135000000,0.408610000000,0.734160000000),
double3(0.406250000000,0.434255000000,0.800430000000),
double3(0.388300000000,0.438850000000,0.820550000000),
double3(0.408610000000,0.454865000000,0.765840000000),
double3(0.434255000000,0.093750000000,0.699570000000),
double3(0.438850000000,0.111700000000,0.679450000000),
double3(0.454865000000,0.091390000000,0.734160000000),
double3(0.199570000000,0.093750000000,0.934255000000),
double3(0.179450000000,0.111700000000,0.938850000000),
double3(0.234160000000,0.091390000000,0.954865000000),
double3(0.199570000000,0.406250000000,0.565745000000),
double3(0.179450000000,0.388300000000,0.561150000000),
double3(0.234160000000,0.408610000000,0.545135000000),
double3(0.406250000000,0.300430000000,0.934255000000),
double3(0.388300000000,0.320550000000,0.938850000000),
double3(0.408610000000,0.265840000000,0.954865000000),
double3(0.300430000000,0.093750000000,0.565745000000),
double3(0.320550000000,0.111700000000,0.561150000000),
double3(0.265840000000,0.091390000000,0.545135000000),
double3(0.093750000000,0.199570000000,0.934255000000),
double3(0.111700000000,0.179450000000,0.938850000000),
double3(0.037150000000,0.289900000000,0.979350000000),
double3(0.068200000000,0.311400000000,0.952900000000),
double3(0.026250000000,0.301950000000,0.936200000000),
double3(0.091390000000,0.234160000000,0.954865000000),
double3(0.300430000000,0.406250000000,0.934255000000),
double3(0.320550000000,0.388300000000,0.938850000000),
double3(0.265840000000,0.408610000000,0.954865000000),
double3(0.406250000000,0.199570000000,0.565745000000),
double3(0.388300000000,0.179450000000,0.561150000000),
double3(0.408610000000,0.234160000000,0.545135000000),
double3(0.093750000000,0.300430000000,0.565745000000),
double3(0.111700000000,0.320550000000,0.561150000000),
double3(0.091390000000,0.265840000000,0.545135000000),
double3(0.023630685397,0.204161797616,0.524095250718),
double3(0.049285218219,0.207563794986,0.549657249662),
double3(0.066307775490,0.180132177247,0.566751240244),
double3(0.200007078761,0.048263776714,0.548673501694),
double3(0.451736699447,0.200007080906,0.951326020701),
double3(0.295838201960,0.476369409207,0.524095345608),
double3(0.292436204780,0.450714833811,0.549657301850),
double3(0.319867822295,0.433692326488,0.566751342530),
double3(0.295838201960,0.023630590793,0.975904654392),
double3(0.292436204780,0.049285166189,0.950342698150),
double3(0.319867822295,0.066307673512,0.933248657470),
double3(0.475904749282,0.023630685397,0.795838202384),
double3(0.450342750338,0.049285218219,0.792436205014),
double3(0.433248759756,0.066307775490,0.819867822753),
double3(0.451736223286,0.451326498306,0.700007078761),
double3(0.048673979299,0.451736699447,0.799992919094),
double3(0.314221329721,0.207624203624,0.815892584745),
double3(0.219420810684,0.204397879329,0.664081707384),
double3(0.200334875144,0.181376260796,0.684791042843),
double3(0.214119079941,0.158334075135,0.709560358536),
double3(0.207624233621,0.314221756430,0.815892469094),
double3(0.184037449837,0.218736116455,0.709738138522),
double3(0.176403120392,0.200622680502,0.679131523512),
double3(0.167372745231,0.215566596242,0.647044184441),
double3(0.290261861478,0.184037449837,0.781263883545),
double3(0.320868476488,0.176403120392,0.799377319498),
double3(0.352955815559,0.167372745231,0.784433403758),
double3(0.295602120671,0.335918292616,0.719420810684),
double3(0.318623739204,0.315208957157,0.700334875144),
double3(0.341665924865,0.290439641464,0.714119079941),
double3(0.188525000000,0.503950000000,0.311475000000),
double3(0.184255000000,0.949570000000,0.343750000000),
double3(0.188850000000,0.929450000000,0.361700000000),
double3(0.203050000000,0.542750000000,0.296950000000),
double3(0.204865000000,0.984160000000,0.341390000000),
double3(0.250000000000,0.500000000000,0.375000000000),
double3(0.003950000000,0.811475000000,0.188525000000),
double3(0.449570000000,0.815745000000,0.156250000000),
double3(0.429450000000,0.811150000000,0.138300000000),
double3(0.042750000000,0.796950000000,0.203050000000),
double3(0.484160000000,0.795135000000,0.158610000000),
double3(0.000000000000,0.750000000000,0.125000000000),
double3(0.311475000000,0.996050000000,0.311475000000),
double3(0.315745000000,0.550430000000,0.343750000000),
double3(0.311150000000,0.570550000000,0.361700000000),
double3(0.295135000000,0.515840000000,0.341390000000),
double3(0.496050000000,0.688525000000,0.188525000000),
double3(0.050430000000,0.684255000000,0.156250000000),
double3(0.070550000000,0.688850000000,0.138300000000),
double3(0.015840000000,0.704865000000,0.158610000000),
double3(0.188525000000,0.996050000000,0.188525000000),
double3(0.184255000000,0.550430000000,0.156250000000),
double3(0.188850000000,0.570550000000,0.138300000000),
double3(0.204865000000,0.515840000000,0.158610000000),
double3(0.250000000000,0.500000000000,0.125000000000),
double3(0.496050000000,0.811475000000,0.311475000000),
double3(0.050430000000,0.815745000000,0.343750000000),
double3(0.070550000000,0.811150000000,0.361700000000),
double3(0.015840000000,0.795135000000,0.341390000000),
double3(0.000000000000,0.750000000000,0.375000000000),
double3(0.311475000000,0.503950000000,0.188525000000),
double3(0.315745000000,0.949570000000,0.156250000000),
double3(0.311150000000,0.929450000000,0.138300000000),
double3(0.296950000000,0.542750000000,0.203050000000),
double3(0.270650000000,0.539900000000,0.212850000000),
double3(0.297100000000,0.561400000000,0.181800000000),
double3(0.313800000000,0.551950000000,0.223750000000),
double3(0.295135000000,0.984160000000,0.158610000000),
double3(0.003950000000,0.688525000000,0.311475000000),
double3(0.449570000000,0.684255000000,0.343750000000),
double3(0.429450000000,0.688850000000,0.361700000000),
double3(0.042750000000,0.703050000000,0.296950000000),
double3(0.039900000000,0.729350000000,0.287150000000),
double3(0.061400000000,0.702900000000,0.318200000000),
double3(0.051950000000,0.686200000000,0.276250000000),
double3(0.484160000000,0.704865000000,0.341390000000),
double3(0.311475000000,0.688525000000,0.003950000000),
double3(0.343750000000,0.684255000000,0.449570000000),
double3(0.361700000000,0.688850000000,0.429450000000),
double3(0.341390000000,0.704865000000,0.484160000000),
double3(0.375000000000,0.750000000000,0.000000000000),
double3(0.188525000000,0.688525000000,0.496050000000),
double3(0.184255000000,0.656250000000,0.050430000000),
double3(0.188850000000,0.638300000000,0.070550000000),
double3(0.203050000000,0.703050000000,0.457250000000),
double3(0.229350000000,0.712850000000,0.460100000000),
double3(0.202900000000,0.681800000000,0.438600000000),
double3(0.186200000000,0.723750000000,0.448050000000),
double3(0.204865000000,0.658610000000,0.015840000000),
double3(0.250000000000,0.625000000000,0.000000000000),
double3(0.188525000000,0.811475000000,0.003950000000),
double3(0.156250000000,0.815745000000,0.449570000000),
double3(0.138300000000,0.811150000000,0.429450000000),
double3(0.203050000000,0.796950000000,0.042750000000),
double3(0.158610000000,0.795135000000,0.484160000000),
double3(0.125000000000,0.750000000000,0.000000000000),
double3(0.311475000000,0.811475000000,0.496050000000),
double3(0.315745000000,0.843750000000,0.050430000000),
double3(0.311150000000,0.861700000000,0.070550000000),
double3(0.295135000000,0.841390000000,0.015840000000),
double3(0.250000000000,0.875000000000,0.000000000000),
double3(0.343750000000,0.815745000000,0.050430000000),
double3(0.361700000000,0.811150000000,0.070550000000),
double3(0.341390000000,0.795135000000,0.015840000000),
double3(0.315745000000,0.656250000000,0.449570000000),
double3(0.311150000000,0.638300000000,0.429450000000),
double3(0.295135000000,0.658610000000,0.484160000000),
double3(0.156250000000,0.684255000000,0.050430000000),
double3(0.138300000000,0.688850000000,0.070550000000),
double3(0.158610000000,0.704865000000,0.015840000000),
double3(0.184255000000,0.843750000000,0.449570000000),
double3(0.188850000000,0.861700000000,0.429450000000),
double3(0.229350000000,0.787150000000,0.039900000000),
double3(0.202900000000,0.818200000000,0.061400000000),
double3(0.186200000000,0.776250000000,0.051950000000),
double3(0.204865000000,0.841390000000,0.484160000000),
double3(0.449570000000,0.843750000000,0.184255000000),
double3(0.429450000000,0.861700000000,0.188850000000),
double3(0.039900000000,0.787150000000,0.229350000000),
double3(0.061400000000,0.818200000000,0.202900000000),
double3(0.051950000000,0.776250000000,0.186200000000),
double3(0.484160000000,0.841390000000,0.204865000000),
double3(0.000000000000,0.875000000000,0.250000000000),
double3(0.449570000000,0.656250000000,0.315745000000),
double3(0.429450000000,0.638300000000,0.311150000000),
double3(0.484160000000,0.658610000000,0.295135000000),
double3(0.000000000000,0.625000000000,0.250000000000),
double3(0.156250000000,0.550430000000,0.184255000000),
double3(0.138300000000,0.570550000000,0.188850000000),
double3(0.158610000000,0.515840000000,0.204865000000),
double3(0.125000000000,0.500000000000,0.250000000000),
double3(0.050430000000,0.843750000000,0.315745000000),
double3(0.070550000000,0.861700000000,0.311150000000),
double3(0.015840000000,0.841390000000,0.295135000000),
double3(0.343750000000,0.949570000000,0.184255000000),
double3(0.361700000000,0.929450000000,0.188850000000),
double3(0.341390000000,0.984160000000,0.204865000000),
double3(0.375000000000,0.500000000000,0.250000000000),
double3(0.050430000000,0.656250000000,0.184255000000),
double3(0.070550000000,0.638300000000,0.188850000000),
double3(0.015840000000,0.658610000000,0.204865000000),
double3(0.156250000000,0.949570000000,0.315745000000),
double3(0.138300000000,0.929450000000,0.311150000000),
double3(0.212850000000,0.539900000000,0.270650000000),
double3(0.181800000000,0.561400000000,0.297100000000),
double3(0.223750000000,0.551950000000,0.313800000000),
double3(0.158610000000,0.984160000000,0.295135000000),
double3(0.343750000000,0.550430000000,0.315745000000),
double3(0.361700000000,0.570550000000,0.311150000000),
double3(0.341390000000,0.515840000000,0.295135000000),
double3(0.438525000000,0.753950000000,0.061475000000),
double3(0.434255000000,0.699570000000,0.093750000000),
double3(0.438850000000,0.679450000000,0.111700000000),
double3(0.453050000000,0.792750000000,0.046950000000),
double3(0.479350000000,0.789900000000,0.037150000000),
double3(0.452900000000,0.811400000000,0.068200000000),
double3(0.436200000000,0.801950000000,0.026250000000),
double3(0.454865000000,0.734160000000,0.091390000000),
double3(0.253950000000,0.561475000000,0.438525000000),
double3(0.199570000000,0.565745000000,0.406250000000),
double3(0.179450000000,0.561150000000,0.388300000000),
double3(0.234160000000,0.545135000000,0.408610000000),
double3(0.061475000000,0.746050000000,0.061475000000),
double3(0.065745000000,0.800430000000,0.093750000000),
double3(0.061150000000,0.820550000000,0.111700000000),
double3(0.045135000000,0.765840000000,0.091390000000),
double3(0.246050000000,0.938525000000,0.438525000000),
double3(0.300430000000,0.934255000000,0.406250000000),
double3(0.320550000000,0.938850000000,0.388300000000),
double3(0.207250000000,0.953050000000,0.453050000000),
double3(0.210100000000,0.979350000000,0.462850000000),
double3(0.188600000000,0.952900000000,0.431800000000),
double3(0.198050000000,0.936200000000,0.473750000000),
double3(0.265840000000,0.954865000000,0.408610000000),
double3(0.438525000000,0.746050000000,0.438525000000),
double3(0.434255000000,0.800430000000,0.406250000000),
double3(0.438850000000,0.820550000000,0.388300000000),
double3(0.454865000000,0.765840000000,0.408610000000),
double3(0.246050000000,0.561475000000,0.061475000000),
double3(0.300430000000,0.565745000000,0.093750000000),
double3(0.320550000000,0.561150000000,0.111700000000),
double3(0.265840000000,0.545135000000,0.091390000000),
double3(0.061475000000,0.753950000000,0.438525000000),
double3(0.065745000000,0.699570000000,0.406250000000),
double3(0.061150000000,0.679450000000,0.388300000000),
double3(0.046950000000,0.792750000000,0.453050000000),
double3(0.045135000000,0.734160000000,0.408610000000),
double3(0.253950000000,0.938525000000,0.061475000000),
double3(0.199570000000,0.934255000000,0.093750000000),
double3(0.179450000000,0.938850000000,0.111700000000),
double3(0.234160000000,0.954865000000,0.091390000000),
double3(0.061475000000,0.938525000000,0.253950000000),
double3(0.093750000000,0.934255000000,0.199570000000),
double3(0.111700000000,0.938850000000,0.179450000000),
double3(0.091390000000,0.954865000000,0.234160000000),
double3(0.438525000000,0.938525000000,0.246050000000),
double3(0.434255000000,0.906250000000,0.300430000000),
double3(0.438850000000,0.888300000000,0.320550000000),
double3(0.454865000000,0.908610000000,0.265840000000),
double3(0.438525000000,0.561475000000,0.253950000000),
double3(0.406250000000,0.565745000000,0.199570000000),
double3(0.388300000000,0.561150000000,0.179450000000),
double3(0.408610000000,0.545135000000,0.234160000000),
double3(0.061475000000,0.561475000000,0.246050000000),
double3(0.065745000000,0.593750000000,0.300430000000),
double3(0.061150000000,0.611700000000,0.320550000000),
double3(0.046950000000,0.546950000000,0.207250000000),
double3(0.020650000000,0.537150000000,0.210100000000),
double3(0.047100000000,0.568200000000,0.188600000000),
double3(0.063800000000,0.526250000000,0.198050000000),
double3(0.045135000000,0.591390000000,0.265840000000),
double3(0.093750000000,0.565745000000,0.300430000000),
double3(0.111700000000,0.561150000000,0.320550000000),
double3(0.091390000000,0.545135000000,0.265840000000),
double3(0.065745000000,0.906250000000,0.199570000000),
double3(0.061150000000,0.888300000000,0.179450000000),
double3(0.045135000000,0.908610000000,0.234160000000),
double3(0.406250000000,0.934255000000,0.300430000000),
double3(0.388300000000,0.938850000000,0.320550000000),
double3(0.408610000000,0.954865000000,0.265840000000),
double3(0.434255000000,0.593750000000,0.199570000000),
double3(0.438850000000,0.611700000000,0.179450000000),
double3(0.454865000000,0.591390000000,0.234160000000),
double3(0.199570000000,0.593750000000,0.434255000000),
double3(0.179450000000,0.611700000000,0.438850000000),
double3(0.234160000000,0.591390000000,0.454865000000),
double3(0.199570000000,0.906250000000,0.065745000000),
double3(0.179450000000,0.888300000000,0.061150000000),
double3(0.234160000000,0.908610000000,0.045135000000),
double3(0.406250000000,0.800430000000,0.434255000000),
double3(0.388300000000,0.820550000000,0.438850000000),
double3(0.408610000000,0.765840000000,0.454865000000),
double3(0.300430000000,0.593750000000,0.065745000000),
double3(0.320550000000,0.611700000000,0.061150000000),
double3(0.265840000000,0.591390000000,0.045135000000),
double3(0.093750000000,0.699570000000,0.434255000000),
double3(0.111700000000,0.679450000000,0.438850000000),
double3(0.037150000000,0.789900000000,0.479350000000),
double3(0.068200000000,0.811400000000,0.452900000000),
double3(0.026250000000,0.801950000000,0.436200000000),
double3(0.091390000000,0.734160000000,0.454865000000),
double3(0.300430000000,0.906250000000,0.434255000000),
double3(0.320550000000,0.888300000000,0.438850000000),
double3(0.265840000000,0.908610000000,0.454865000000),
double3(0.406250000000,0.699570000000,0.065745000000),
double3(0.388300000000,0.679450000000,0.061150000000),
double3(0.408610000000,0.734160000000,0.045135000000),
double3(0.093750000000,0.800430000000,0.065745000000),
double3(0.111700000000,0.820550000000,0.061150000000),
double3(0.091390000000,0.765840000000,0.045135000000),
double3(0.023630685397,0.704161797616,0.024095250718),
double3(0.049285218219,0.707563794986,0.049657249662),
double3(0.066307775490,0.680132177247,0.066751240244),
double3(0.200007078761,0.548263776714,0.048673501694),
double3(0.451736699447,0.700007080906,0.451326020701),
double3(0.295838201960,0.976369409207,0.024095345608),
double3(0.292436204780,0.950714833811,0.049657301850),
double3(0.319867822295,0.933692326488,0.066751342530),
double3(0.295838201960,0.523630590793,0.475904654392),
double3(0.292436204780,0.549285166189,0.450342698150),
double3(0.319867822295,0.566307673512,0.433248657470),
double3(0.475904749282,0.523630685397,0.295838202384),
double3(0.450342750338,0.549285218219,0.292436205014),
double3(0.433248759756,0.566307775490,0.319867822753),
double3(0.451736223286,0.951326498306,0.200007078761),
double3(0.048673979299,0.951736699447,0.299992919094),
double3(0.314221329721,0.707624203624,0.315892584745),
double3(0.219420810684,0.704397879329,0.164081707384),
double3(0.200334875144,0.681376260796,0.184791042843),
double3(0.214119079941,0.658334075135,0.209560358536),
double3(0.207624233621,0.814221756430,0.315892469094),
double3(0.184037449837,0.718736116455,0.209738138522),
double3(0.176403120392,0.700622680502,0.179131523512),
double3(0.167372745231,0.715566596242,0.147044184441),
double3(0.290261861478,0.684037449837,0.281263883545),
double3(0.320868476488,0.676403120392,0.299377319498),
double3(0.352955815559,0.667372745231,0.284433403758),
double3(0.295602120671,0.835918292616,0.219420810684),
double3(0.318623739204,0.815208957157,0.200334875144),
double3(0.341665924865,0.790439641464,0.214119079941),
double3(0.188525000000,0.503950000000,0.811475000000),
double3(0.184255000000,0.949570000000,0.843750000000),
double3(0.188850000000,0.929450000000,0.861700000000),
double3(0.203050000000,0.542750000000,0.796950000000),
double3(0.204865000000,0.984160000000,0.841390000000),
double3(0.250000000000,0.500000000000,0.875000000000),
double3(0.003950000000,0.811475000000,0.688525000000),
double3(0.449570000000,0.815745000000,0.656250000000),
double3(0.429450000000,0.811150000000,0.638300000000),
double3(0.042750000000,0.796950000000,0.703050000000),
double3(0.484160000000,0.795135000000,0.658610000000),
double3(0.000000000000,0.750000000000,0.625000000000),
double3(0.311475000000,0.996050000000,0.811475000000),
double3(0.315745000000,0.550430000000,0.843750000000),
double3(0.311150000000,0.570550000000,0.861700000000),
double3(0.295135000000,0.515840000000,0.841390000000),
double3(0.496050000000,0.688525000000,0.688525000000),
double3(0.050430000000,0.684255000000,0.656250000000),
double3(0.070550000000,0.688850000000,0.638300000000),
double3(0.015840000000,0.704865000000,0.658610000000),
double3(0.188525000000,0.996050000000,0.688525000000),
double3(0.184255000000,0.550430000000,0.656250000000),
double3(0.188850000000,0.570550000000,0.638300000000),
double3(0.204865000000,0.515840000000,0.658610000000),
double3(0.250000000000,0.500000000000,0.625000000000),
double3(0.496050000000,0.811475000000,0.811475000000),
double3(0.050430000000,0.815745000000,0.843750000000),
double3(0.070550000000,0.811150000000,0.861700000000),
double3(0.015840000000,0.795135000000,0.841390000000),
double3(0.000000000000,0.750000000000,0.875000000000),
double3(0.311475000000,0.503950000000,0.688525000000),
double3(0.315745000000,0.949570000000,0.656250000000),
double3(0.311150000000,0.929450000000,0.638300000000),
double3(0.296950000000,0.542750000000,0.703050000000),
double3(0.270650000000,0.539900000000,0.712850000000),
double3(0.297100000000,0.561400000000,0.681800000000),
double3(0.313800000000,0.551950000000,0.723750000000),
double3(0.295135000000,0.984160000000,0.658610000000),
double3(0.003950000000,0.688525000000,0.811475000000),
double3(0.449570000000,0.684255000000,0.843750000000),
double3(0.429450000000,0.688850000000,0.861700000000),
double3(0.042750000000,0.703050000000,0.796950000000),
double3(0.039900000000,0.729350000000,0.787150000000),
double3(0.061400000000,0.702900000000,0.818200000000),
double3(0.051950000000,0.686200000000,0.776250000000),
double3(0.484160000000,0.704865000000,0.841390000000),
double3(0.311475000000,0.688525000000,0.503950000000),
double3(0.343750000000,0.684255000000,0.949570000000),
double3(0.361700000000,0.688850000000,0.929450000000),
double3(0.341390000000,0.704865000000,0.984160000000),
double3(0.375000000000,0.750000000000,0.500000000000),
double3(0.188525000000,0.688525000000,0.996050000000),
double3(0.184255000000,0.656250000000,0.550430000000),
double3(0.188850000000,0.638300000000,0.570550000000),
double3(0.203050000000,0.703050000000,0.957250000000),
double3(0.229350000000,0.712850000000,0.960100000000),
double3(0.202900000000,0.681800000000,0.938600000000),
double3(0.186200000000,0.723750000000,0.948050000000),
double3(0.204865000000,0.658610000000,0.515840000000),
double3(0.250000000000,0.625000000000,0.500000000000),
double3(0.188525000000,0.811475000000,0.503950000000),
double3(0.156250000000,0.815745000000,0.949570000000),
double3(0.138300000000,0.811150000000,0.929450000000),
double3(0.203050000000,0.796950000000,0.542750000000),
double3(0.158610000000,0.795135000000,0.984160000000),
double3(0.125000000000,0.750000000000,0.500000000000),
double3(0.311475000000,0.811475000000,0.996050000000),
double3(0.315745000000,0.843750000000,0.550430000000),
double3(0.311150000000,0.861700000000,0.570550000000),
double3(0.295135000000,0.841390000000,0.515840000000),
double3(0.250000000000,0.875000000000,0.500000000000),
double3(0.343750000000,0.815745000000,0.550430000000),
double3(0.361700000000,0.811150000000,0.570550000000),
double3(0.341390000000,0.795135000000,0.515840000000),
double3(0.315745000000,0.656250000000,0.949570000000),
double3(0.311150000000,0.638300000000,0.929450000000),
double3(0.295135000000,0.658610000000,0.984160000000),
double3(0.156250000000,0.684255000000,0.550430000000),
double3(0.138300000000,0.688850000000,0.570550000000),
double3(0.158610000000,0.704865000000,0.515840000000),
double3(0.184255000000,0.843750000000,0.949570000000),
double3(0.188850000000,0.861700000000,0.929450000000),
double3(0.229350000000,0.787150000000,0.539900000000),
double3(0.202900000000,0.818200000000,0.561400000000),
double3(0.186200000000,0.776250000000,0.551950000000),
double3(0.204865000000,0.841390000000,0.984160000000),
double3(0.449570000000,0.843750000000,0.684255000000),
double3(0.429450000000,0.861700000000,0.688850000000),
double3(0.039900000000,0.787150000000,0.729350000000),
double3(0.061400000000,0.818200000000,0.702900000000),
double3(0.051950000000,0.776250000000,0.686200000000),
double3(0.484160000000,0.841390000000,0.704865000000),
double3(0.000000000000,0.875000000000,0.750000000000),
double3(0.449570000000,0.656250000000,0.815745000000),
double3(0.429450000000,0.638300000000,0.811150000000),
double3(0.484160000000,0.658610000000,0.795135000000),
double3(0.000000000000,0.625000000000,0.750000000000),
double3(0.156250000000,0.550430000000,0.684255000000),
double3(0.138300000000,0.570550000000,0.688850000000),
double3(0.158610000000,0.515840000000,0.704865000000),
double3(0.125000000000,0.500000000000,0.750000000000),
double3(0.050430000000,0.843750000000,0.815745000000),
double3(0.070550000000,0.861700000000,0.811150000000),
double3(0.015840000000,0.841390000000,0.795135000000),
double3(0.343750000000,0.949570000000,0.684255000000),
double3(0.361700000000,0.929450000000,0.688850000000),
double3(0.341390000000,0.984160000000,0.704865000000),
double3(0.375000000000,0.500000000000,0.750000000000),
double3(0.050430000000,0.656250000000,0.684255000000),
double3(0.070550000000,0.638300000000,0.688850000000),
double3(0.015840000000,0.658610000000,0.704865000000),
double3(0.156250000000,0.949570000000,0.815745000000),
double3(0.138300000000,0.929450000000,0.811150000000),
double3(0.212850000000,0.539900000000,0.770650000000),
double3(0.181800000000,0.561400000000,0.797100000000),
double3(0.223750000000,0.551950000000,0.813800000000),
double3(0.158610000000,0.984160000000,0.795135000000),
double3(0.343750000000,0.550430000000,0.815745000000),
double3(0.361700000000,0.570550000000,0.811150000000),
double3(0.341390000000,0.515840000000,0.795135000000),
double3(0.438525000000,0.753950000000,0.561475000000),
double3(0.434255000000,0.699570000000,0.593750000000),
double3(0.438850000000,0.679450000000,0.611700000000),
double3(0.453050000000,0.792750000000,0.546950000000),
double3(0.479350000000,0.789900000000,0.537150000000),
double3(0.452900000000,0.811400000000,0.568200000000),
double3(0.436200000000,0.801950000000,0.526250000000),
double3(0.454865000000,0.734160000000,0.591390000000),
double3(0.253950000000,0.561475000000,0.938525000000),
double3(0.199570000000,0.565745000000,0.906250000000),
double3(0.179450000000,0.561150000000,0.888300000000),
double3(0.234160000000,0.545135000000,0.908610000000),
double3(0.061475000000,0.746050000000,0.561475000000),
double3(0.065745000000,0.800430000000,0.593750000000),
double3(0.061150000000,0.820550000000,0.611700000000),
double3(0.045135000000,0.765840000000,0.591390000000),
double3(0.246050000000,0.938525000000,0.938525000000),
double3(0.300430000000,0.934255000000,0.906250000000),
double3(0.320550000000,0.938850000000,0.888300000000),
double3(0.207250000000,0.953050000000,0.953050000000),
double3(0.210100000000,0.979350000000,0.962850000000),
double3(0.188600000000,0.952900000000,0.931800000000),
double3(0.198050000000,0.936200000000,0.973750000000),
double3(0.265840000000,0.954865000000,0.908610000000),
double3(0.438525000000,0.746050000000,0.938525000000),
double3(0.434255000000,0.800430000000,0.906250000000),
double3(0.438850000000,0.820550000000,0.888300000000),
double3(0.454865000000,0.765840000000,0.908610000000),
double3(0.246050000000,0.561475000000,0.561475000000),
double3(0.300430000000,0.565745000000,0.593750000000),
double3(0.320550000000,0.561150000000,0.611700000000),
double3(0.265840000000,0.545135000000,0.591390000000),
double3(0.061475000000,0.753950000000,0.938525000000),
double3(0.065745000000,0.699570000000,0.906250000000),
double3(0.061150000000,0.679450000000,0.888300000000),
double3(0.046950000000,0.792750000000,0.953050000000),
double3(0.045135000000,0.734160000000,0.908610000000),
double3(0.253950000000,0.938525000000,0.561475000000),
double3(0.199570000000,0.934255000000,0.593750000000),
double3(0.179450000000,0.938850000000,0.611700000000),
double3(0.234160000000,0.954865000000,0.591390000000),
double3(0.061475000000,0.938525000000,0.753950000000),
double3(0.093750000000,0.934255000000,0.699570000000),
double3(0.111700000000,0.938850000000,0.679450000000),
double3(0.091390000000,0.954865000000,0.734160000000),
double3(0.438525000000,0.938525000000,0.746050000000),
double3(0.434255000000,0.906250000000,0.800430000000),
double3(0.438850000000,0.888300000000,0.820550000000),
double3(0.454865000000,0.908610000000,0.765840000000),
double3(0.438525000000,0.561475000000,0.753950000000),
double3(0.406250000000,0.565745000000,0.699570000000),
double3(0.388300000000,0.561150000000,0.679450000000),
double3(0.408610000000,0.545135000000,0.734160000000),
double3(0.061475000000,0.561475000000,0.746050000000),
double3(0.065745000000,0.593750000000,0.800430000000),
double3(0.061150000000,0.611700000000,0.820550000000),
double3(0.046950000000,0.546950000000,0.707250000000),
double3(0.020650000000,0.537150000000,0.710100000000),
double3(0.047100000000,0.568200000000,0.688600000000),
double3(0.063800000000,0.526250000000,0.698050000000),
double3(0.045135000000,0.591390000000,0.765840000000),
double3(0.093750000000,0.565745000000,0.800430000000),
double3(0.111700000000,0.561150000000,0.820550000000),
double3(0.091390000000,0.545135000000,0.765840000000),
double3(0.065745000000,0.906250000000,0.699570000000),
double3(0.061150000000,0.888300000000,0.679450000000),
double3(0.045135000000,0.908610000000,0.734160000000),
double3(0.406250000000,0.934255000000,0.800430000000),
double3(0.388300000000,0.938850000000,0.820550000000),
double3(0.408610000000,0.954865000000,0.765840000000),
double3(0.434255000000,0.593750000000,0.699570000000),
double3(0.438850000000,0.611700000000,0.679450000000),
double3(0.454865000000,0.591390000000,0.734160000000),
double3(0.199570000000,0.593750000000,0.934255000000),
double3(0.179450000000,0.611700000000,0.938850000000),
double3(0.234160000000,0.591390000000,0.954865000000),
double3(0.199570000000,0.906250000000,0.565745000000),
double3(0.179450000000,0.888300000000,0.561150000000),
double3(0.234160000000,0.908610000000,0.545135000000),
double3(0.406250000000,0.800430000000,0.934255000000),
double3(0.388300000000,0.820550000000,0.938850000000),
double3(0.408610000000,0.765840000000,0.954865000000),
double3(0.300430000000,0.593750000000,0.565745000000),
double3(0.320550000000,0.611700000000,0.561150000000),
double3(0.265840000000,0.591390000000,0.545135000000),
double3(0.093750000000,0.699570000000,0.934255000000),
double3(0.111700000000,0.679450000000,0.938850000000),
double3(0.037150000000,0.789900000000,0.979350000000),
double3(0.068200000000,0.811400000000,0.952900000000),
double3(0.026250000000,0.801950000000,0.936200000000),
double3(0.091390000000,0.734160000000,0.954865000000),
double3(0.300430000000,0.906250000000,0.934255000000),
double3(0.320550000000,0.888300000000,0.938850000000),
double3(0.265840000000,0.908610000000,0.954865000000),
double3(0.406250000000,0.699570000000,0.565745000000),
double3(0.388300000000,0.679450000000,0.561150000000),
double3(0.408610000000,0.734160000000,0.545135000000),
double3(0.093750000000,0.800430000000,0.565745000000),
double3(0.111700000000,0.820550000000,0.561150000000),
double3(0.091390000000,0.765840000000,0.545135000000),
double3(0.023630685397,0.704161797616,0.524095250718),
double3(0.049285218219,0.707563794986,0.549657249662),
double3(0.066307775490,0.680132177247,0.566751240244),
double3(0.200007078761,0.548263776714,0.548673501694),
double3(0.451736699447,0.700007080906,0.951326020701),
double3(0.295838201960,0.976369409207,0.524095345608),
double3(0.292436204780,0.950714833811,0.549657301850),
double3(0.319867822295,0.933692326488,0.566751342530),
double3(0.295838201960,0.523630590793,0.975904654392),
double3(0.292436204780,0.549285166189,0.950342698150),
double3(0.319867822295,0.566307673512,0.933248657470),
double3(0.475904749282,0.523630685397,0.795838202384),
double3(0.450342750338,0.549285218219,0.792436205014),
double3(0.433248759756,0.566307775490,0.819867822753),
double3(0.451736223286,0.951326498306,0.700007078761),
double3(0.048673979299,0.951736699447,0.799992919094),
double3(0.314221329721,0.707624203624,0.815892584745),
double3(0.219420810684,0.704397879329,0.664081707384),
double3(0.200334875144,0.681376260796,0.684791042843),
double3(0.214119079941,0.658334075135,0.709560358536),
double3(0.207624233621,0.814221756430,0.815892469094),
double3(0.184037449837,0.718736116455,0.709738138522),
double3(0.176403120392,0.700622680502,0.679131523512),
double3(0.167372745231,0.715566596242,0.647044184441),
double3(0.290261861478,0.684037449837,0.781263883545),
double3(0.320868476488,0.676403120392,0.799377319498),
double3(0.352955815559,0.667372745231,0.784433403758),
double3(0.295602120671,0.835918292616,0.719420810684),
double3(0.318623739204,0.815208957157,0.700334875144),
double3(0.341665924865,0.790439641464,0.714119079941),
double3(0.688525000000,0.003950000000,0.311475000000),
double3(0.684255000000,0.449570000000,0.343750000000),
double3(0.688850000000,0.429450000000,0.361700000000),
double3(0.703050000000,0.042750000000,0.296950000000),
double3(0.704865000000,0.484160000000,0.341390000000),
double3(0.750000000000,0.000000000000,0.375000000000),
double3(0.503950000000,0.311475000000,0.188525000000),
double3(0.949570000000,0.315745000000,0.156250000000),
double3(0.929450000000,0.311150000000,0.138300000000),
double3(0.542750000000,0.296950000000,0.203050000000),
double3(0.984160000000,0.295135000000,0.158610000000),
double3(0.500000000000,0.250000000000,0.125000000000),
double3(0.811475000000,0.496050000000,0.311475000000),
double3(0.815745000000,0.050430000000,0.343750000000),
double3(0.811150000000,0.070550000000,0.361700000000),
double3(0.795135000000,0.015840000000,0.341390000000),
double3(0.996050000000,0.188525000000,0.188525000000),
double3(0.550430000000,0.184255000000,0.156250000000),
double3(0.570550000000,0.188850000000,0.138300000000),
double3(0.515840000000,0.204865000000,0.158610000000),
double3(0.688525000000,0.496050000000,0.188525000000),
double3(0.684255000000,0.050430000000,0.156250000000),
double3(0.688850000000,0.070550000000,0.138300000000),
double3(0.704865000000,0.015840000000,0.158610000000),
double3(0.750000000000,0.000000000000,0.125000000000),
double3(0.996050000000,0.311475000000,0.311475000000),
double3(0.550430000000,0.315745000000,0.343750000000),
double3(0.570550000000,0.311150000000,0.361700000000),
double3(0.515840000000,0.295135000000,0.341390000000),
double3(0.500000000000,0.250000000000,0.375000000000),
double3(0.811475000000,0.003950000000,0.188525000000),
double3(0.815745000000,0.449570000000,0.156250000000),
double3(0.811150000000,0.429450000000,0.138300000000),
double3(0.796950000000,0.042750000000,0.203050000000),
double3(0.770650000000,0.039900000000,0.212850000000),
double3(0.797100000000,0.061400000000,0.181800000000),
double3(0.813800000000,0.051950000000,0.223750000000),
double3(0.795135000000,0.484160000000,0.158610000000),
double3(0.503950000000,0.188525000000,0.311475000000),
double3(0.949570000000,0.184255000000,0.343750000000),
double3(0.929450000000,0.188850000000,0.361700000000),
double3(0.542750000000,0.203050000000,0.296950000000),
double3(0.539900000000,0.229350000000,0.287150000000),
double3(0.561400000000,0.202900000000,0.318200000000),
double3(0.551950000000,0.186200000000,0.276250000000),
double3(0.984160000000,0.204865000000,0.341390000000),
double3(0.811475000000,0.188525000000,0.003950000000),
double3(0.843750000000,0.184255000000,0.449570000000),
double3(0.861700000000,0.188850000000,0.429450000000),
double3(0.841390000000,0.204865000000,0.484160000000),
double3(0.875000000000,0.250000000000,0.000000000000),
double3(0.688525000000,0.188525000000,0.496050000000),
double3(0.684255000000,0.156250000000,0.050430000000),
double3(0.688850000000,0.138300000000,0.070550000000),
double3(0.703050000000,0.203050000000,0.457250000000),
double3(0.729350000000,0.212850000000,0.460100000000),
double3(0.702900000000,0.181800000000,0.438600000000),
double3(0.686200000000,0.223750000000,0.448050000000),
double3(0.704865000000,0.158610000000,0.015840000000),
double3(0.750000000000,0.125000000000,0.000000000000),
double3(0.688525000000,0.311475000000,0.003950000000),
double3(0.656250000000,0.315745000000,0.449570000000),
double3(0.638300000000,0.311150000000,0.429450000000),
double3(0.703050000000,0.296950000000,0.042750000000),
double3(0.658610000000,0.295135000000,0.484160000000),
double3(0.625000000000,0.250000000000,0.000000000000),
double3(0.811475000000,0.311475000000,0.496050000000),
double3(0.815745000000,0.343750000000,0.050430000000),
double3(0.811150000000,0.361700000000,0.070550000000),
double3(0.795135000000,0.341390000000,0.015840000000),
double3(0.750000000000,0.375000000000,0.000000000000),
double3(0.843750000000,0.315745000000,0.050430000000),
double3(0.861700000000,0.311150000000,0.070550000000),
double3(0.841390000000,0.295135000000,0.015840000000),
double3(0.815745000000,0.156250000000,0.449570000000),
double3(0.811150000000,0.138300000000,0.429450000000),
double3(0.795135000000,0.158610000000,0.484160000000),
double3(0.656250000000,0.184255000000,0.050430000000),
double3(0.638300000000,0.188850000000,0.070550000000),
double3(0.658610000000,0.204865000000,0.015840000000),
double3(0.684255000000,0.343750000000,0.449570000000),
double3(0.688850000000,0.361700000000,0.429450000000),
double3(0.729350000000,0.287150000000,0.039900000000),
double3(0.702900000000,0.318200000000,0.061400000000),
double3(0.686200000000,0.276250000000,0.051950000000),
double3(0.704865000000,0.341390000000,0.484160000000),
double3(0.949570000000,0.343750000000,0.184255000000),
double3(0.929450000000,0.361700000000,0.188850000000),
double3(0.539900000000,0.287150000000,0.229350000000),
double3(0.561400000000,0.318200000000,0.202900000000),
double3(0.551950000000,0.276250000000,0.186200000000),
double3(0.984160000000,0.341390000000,0.204865000000),
double3(0.500000000000,0.375000000000,0.250000000000),
double3(0.949570000000,0.156250000000,0.315745000000),
double3(0.929450000000,0.138300000000,0.311150000000),
double3(0.984160000000,0.158610000000,0.295135000000),
double3(0.500000000000,0.125000000000,0.250000000000),
double3(0.656250000000,0.050430000000,0.184255000000),
double3(0.638300000000,0.070550000000,0.188850000000),
double3(0.658610000000,0.015840000000,0.204865000000),
double3(0.625000000000,0.000000000000,0.250000000000),
double3(0.550430000000,0.343750000000,0.315745000000),
double3(0.570550000000,0.361700000000,0.311150000000),
double3(0.515840000000,0.341390000000,0.295135000000),
double3(0.843750000000,0.449570000000,0.184255000000),
double3(0.861700000000,0.429450000000,0.188850000000),
double3(0.841390000000,0.484160000000,0.204865000000),
double3(0.875000000000,0.000000000000,0.250000000000),
double3(0.550430000000,0.156250000000,0.184255000000),
double3(0.570550000000,0.138300000000,0.188850000000),
double3(0.515840000000,0.158610000000,0.204865000000),
double3(0.656250000000,0.449570000000,0.315745000000),
double3(0.638300000000,0.429450000000,0.311150000000),
double3(0.712850000000,0.039900000000,0.270650000000),
double3(0.681800000000,0.061400000000,0.297100000000),
double3(0.723750000000,0.051950000000,0.313800000000),
double3(0.658610000000,0.484160000000,0.295135000000),
double3(0.843750000000,0.050430000000,0.315745000000),
double3(0.861700000000,0.070550000000,0.311150000000),
double3(0.841390000000,0.015840000000,0.295135000000),
double3(0.938525000000,0.253950000000,0.061475000000),
double3(0.934255000000,0.199570000000,0.093750000000),
double3(0.938850000000,0.179450000000,0.111700000000),
double3(0.953050000000,0.292750000000,0.046950000000),
double3(0.979350000000,0.289900000000,0.037150000000),
double3(0.952900000000,0.311400000000,0.068200000000),
double3(0.936200000000,0.301950000000,0.026250000000),
double3(0.954865000000,0.234160000000,0.091390000000),
double3(0.753950000000,0.061475000000,0.438525000000),
double3(0.699570000000,0.065745000000,0.406250000000),
double3(0.679450000000,0.061150000000,0.388300000000),
double3(0.734160000000,0.045135000000,0.408610000000),
double3(0.561475000000,0.246050000000,0.061475000000),
double3(0.565745000000,0.300430000000,0.093750000000),
double3(0.561150000000,0.320550000000,0.111700000000),
double3(0.545135000000,0.265840000000,0.091390000000),
double3(0.746050000000,0.438525000000,0.438525000000),
double3(0.800430000000,0.434255000000,0.406250000000),
double3(0.820550000000,0.438850000000,0.388300000000),
double3(0.707250000000,0.453050000000,0.453050000000),
double3(0.710100000000,0.479350000000,0.462850000000),
double3(0.688600000000,0.452900000000,0.431800000000),
double3(0.698050000000,0.436200000000,0.473750000000),
double3(0.765840000000,0.454865000000,0.408610000000),
double3(0.938525000000,0.246050000000,0.438525000000),
double3(0.934255000000,0.300430000000,0.406250000000),
double3(0.938850000000,0.320550000000,0.388300000000),
double3(0.954865000000,0.265840000000,0.408610000000),
double3(0.746050000000,0.061475000000,0.061475000000),
double3(0.800430000000,0.065745000000,0.093750000000),
double3(0.820550000000,0.061150000000,0.111700000000),
double3(0.765840000000,0.045135000000,0.091390000000),
double3(0.561475000000,0.253950000000,0.438525000000),
double3(0.565745000000,0.199570000000,0.406250000000),
double3(0.561150000000,0.179450000000,0.388300000000),
double3(0.546950000000,0.292750000000,0.453050000000),
double3(0.545135000000,0.234160000000,0.408610000000),
double3(0.753950000000,0.438525000000,0.061475000000),
double3(0.699570000000,0.434255000000,0.093750000000),
double3(0.679450000000,0.438850000000,0.111700000000),
double3(0.734160000000,0.454865000000,0.091390000000),
double3(0.561475000000,0.438525000000,0.253950000000),
double3(0.593750000000,0.434255000000,0.199570000000),
double3(0.611700000000,0.438850000000,0.179450000000),
double3(0.591390000000,0.454865000000,0.234160000000),
double3(0.938525000000,0.438525000000,0.246050000000),
double3(0.934255000000,0.406250000000,0.300430000000),
double3(0.938850000000,0.388300000000,0.320550000000),
double3(0.954865000000,0.408610000000,0.265840000000),
double3(0.938525000000,0.061475000000,0.253950000000),
double3(0.906250000000,0.065745000000,0.199570000000),
double3(0.888300000000,0.061150000000,0.179450000000),
double3(0.908610000000,0.045135000000,0.234160000000),
double3(0.561475000000,0.061475000000,0.246050000000),
double3(0.565745000000,0.093750000000,0.300430000000),
double3(0.561150000000,0.111700000000,0.320550000000),
double3(0.546950000000,0.046950000000,0.207250000000),
double3(0.520650000000,0.037150000000,0.210100000000),
double3(0.547100000000,0.068200000000,0.188600000000),
double3(0.563800000000,0.026250000000,0.198050000000),
double3(0.545135000000,0.091390000000,0.265840000000),
double3(0.593750000000,0.065745000000,0.300430000000),
double3(0.611700000000,0.061150000000,0.320550000000),
double3(0.591390000000,0.045135000000,0.265840000000),
double3(0.565745000000,0.406250000000,0.199570000000),
double3(0.561150000000,0.388300000000,0.179450000000),
double3(0.545135000000,0.408610000000,0.234160000000),
double3(0.906250000000,0.434255000000,0.300430000000),
double3(0.888300000000,0.438850000000,0.320550000000),
double3(0.908610000000,0.454865000000,0.265840000000),
double3(0.934255000000,0.093750000000,0.199570000000),
double3(0.938850000000,0.111700000000,0.179450000000),
double3(0.954865000000,0.091390000000,0.234160000000),
double3(0.699570000000,0.093750000000,0.434255000000),
double3(0.679450000000,0.111700000000,0.438850000000),
double3(0.734160000000,0.091390000000,0.454865000000),
double3(0.699570000000,0.406250000000,0.065745000000),
double3(0.679450000000,0.388300000000,0.061150000000),
double3(0.734160000000,0.408610000000,0.045135000000),
double3(0.906250000000,0.300430000000,0.434255000000),
double3(0.888300000000,0.320550000000,0.438850000000),
double3(0.908610000000,0.265840000000,0.454865000000),
double3(0.800430000000,0.093750000000,0.065745000000),
double3(0.820550000000,0.111700000000,0.061150000000),
double3(0.765840000000,0.091390000000,0.045135000000),
double3(0.593750000000,0.199570000000,0.434255000000),
double3(0.611700000000,0.179450000000,0.438850000000),
double3(0.537150000000,0.289900000000,0.479350000000),
double3(0.568200000000,0.311400000000,0.452900000000),
double3(0.526250000000,0.301950000000,0.436200000000),
double3(0.591390000000,0.234160000000,0.454865000000),
double3(0.800430000000,0.406250000000,0.434255000000),
double3(0.820550000000,0.388300000000,0.438850000000),
double3(0.765840000000,0.408610000000,0.454865000000),
double3(0.906250000000,0.199570000000,0.065745000000),
double3(0.888300000000,0.179450000000,0.061150000000),
double3(0.908610000000,0.234160000000,0.045135000000),
double3(0.593750000000,0.300430000000,0.065745000000),
double3(0.611700000000,0.320550000000,0.061150000000),
double3(0.591390000000,0.265840000000,0.045135000000),
double3(0.523630685397,0.204161797616,0.024095250718),
double3(0.549285218219,0.207563794986,0.049657249662),
double3(0.566307775490,0.180132177247,0.066751240244),
double3(0.700007078761,0.048263776714,0.048673501694),
double3(0.951736699447,0.200007080906,0.451326020701),
double3(0.795838201960,0.476369409207,0.024095345608),
double3(0.792436204780,0.450714833811,0.049657301850),
double3(0.819867822295,0.433692326488,0.066751342530),
double3(0.795838201960,0.023630590793,0.475904654392),
double3(0.792436204780,0.049285166189,0.450342698150),
double3(0.819867822295,0.066307673512,0.433248657470),
double3(0.975904749282,0.023630685397,0.295838202384),
double3(0.950342750338,0.049285218219,0.292436205014),
double3(0.933248759756,0.066307775490,0.319867822753),
double3(0.951736223286,0.451326498306,0.200007078761),
double3(0.548673979299,0.451736699447,0.299992919094),
double3(0.814221329721,0.207624203624,0.315892584745),
double3(0.719420810684,0.204397879329,0.164081707384),
double3(0.700334875144,0.181376260796,0.184791042843),
double3(0.714119079941,0.158334075135,0.209560358536),
double3(0.707624233621,0.314221756430,0.315892469094),
double3(0.684037449837,0.218736116455,0.209738138522),
double3(0.676403120392,0.200622680502,0.179131523512),
double3(0.667372745231,0.215566596242,0.147044184441),
double3(0.790261861478,0.184037449837,0.281263883545),
double3(0.820868476488,0.176403120392,0.299377319498),
double3(0.852955815559,0.167372745231,0.284433403758),
double3(0.795602120671,0.335918292616,0.219420810684),
double3(0.818623739204,0.315208957157,0.200334875144),
double3(0.841665924865,0.290439641464,0.214119079941),
double3(0.688525000000,0.003950000000,0.811475000000),
double3(0.684255000000,0.449570000000,0.843750000000),
double3(0.688850000000,0.429450000000,0.861700000000),
double3(0.703050000000,0.042750000000,0.796950000000),
double3(0.704865000000,0.484160000000,0.841390000000),
double3(0.750000000000,0.000000000000,0.875000000000),
double3(0.503950000000,0.311475000000,0.688525000000),
double3(0.949570000000,0.315745000000,0.656250000000),
double3(0.929450000000,0.311150000000,0.638300000000),
double3(0.542750000000,0.296950000000,0.703050000000),
double3(0.984160000000,0.295135000000,0.658610000000),
double3(0.500000000000,0.250000000000,0.625000000000),
double3(0.811475000000,0.496050000000,0.811475000000),
double3(0.815745000000,0.050430000000,0.843750000000),
double3(0.811150000000,0.070550000000,0.861700000000),
double3(0.795135000000,0.015840000000,0.841390000000),
double3(0.996050000000,0.188525000000,0.688525000000),
double3(0.550430000000,0.184255000000,0.656250000000),
double3(0.570550000000,0.188850000000,0.638300000000),
double3(0.515840000000,0.204865000000,0.658610000000),
double3(0.688525000000,0.496050000000,0.688525000000),
double3(0.684255000000,0.050430000000,0.656250000000),
double3(0.688850000000,0.070550000000,0.638300000000),
double3(0.704865000000,0.015840000000,0.658610000000),
double3(0.750000000000,0.000000000000,0.625000000000),
double3(0.996050000000,0.311475000000,0.811475000000),
double3(0.550430000000,0.315745000000,0.843750000000),
double3(0.570550000000,0.311150000000,0.861700000000),
double3(0.515840000000,0.295135000000,0.841390000000),
double3(0.500000000000,0.250000000000,0.875000000000),
double3(0.811475000000,0.003950000000,0.688525000000),
double3(0.815745000000,0.449570000000,0.656250000000),
double3(0.811150000000,0.429450000000,0.638300000000),
double3(0.796950000000,0.042750000000,0.703050000000),
double3(0.770650000000,0.039900000000,0.712850000000),
double3(0.797100000000,0.061400000000,0.681800000000),
double3(0.813800000000,0.051950000000,0.723750000000),
double3(0.795135000000,0.484160000000,0.658610000000),
double3(0.503950000000,0.188525000000,0.811475000000),
double3(0.949570000000,0.184255000000,0.843750000000),
double3(0.929450000000,0.188850000000,0.861700000000),
double3(0.542750000000,0.203050000000,0.796950000000),
double3(0.539900000000,0.229350000000,0.787150000000),
double3(0.561400000000,0.202900000000,0.818200000000),
double3(0.551950000000,0.186200000000,0.776250000000),
double3(0.984160000000,0.204865000000,0.841390000000),
double3(0.811475000000,0.188525000000,0.503950000000),
double3(0.843750000000,0.184255000000,0.949570000000),
double3(0.861700000000,0.188850000000,0.929450000000),
double3(0.841390000000,0.204865000000,0.984160000000),
double3(0.875000000000,0.250000000000,0.500000000000),
double3(0.688525000000,0.188525000000,0.996050000000),
double3(0.684255000000,0.156250000000,0.550430000000),
double3(0.688850000000,0.138300000000,0.570550000000),
double3(0.703050000000,0.203050000000,0.957250000000),
double3(0.729350000000,0.212850000000,0.960100000000),
double3(0.702900000000,0.181800000000,0.938600000000),
double3(0.686200000000,0.223750000000,0.948050000000),
double3(0.704865000000,0.158610000000,0.515840000000),
double3(0.750000000000,0.125000000000,0.500000000000),
double3(0.688525000000,0.311475000000,0.503950000000),
double3(0.656250000000,0.315745000000,0.949570000000),
double3(0.638300000000,0.311150000000,0.929450000000),
double3(0.703050000000,0.296950000000,0.542750000000),
double3(0.658610000000,0.295135000000,0.984160000000),
double3(0.625000000000,0.250000000000,0.500000000000),
double3(0.811475000000,0.311475000000,0.996050000000),
double3(0.815745000000,0.343750000000,0.550430000000),
double3(0.811150000000,0.361700000000,0.570550000000),
double3(0.795135000000,0.341390000000,0.515840000000),
double3(0.750000000000,0.375000000000,0.500000000000),
double3(0.843750000000,0.315745000000,0.550430000000),
double3(0.861700000000,0.311150000000,0.570550000000),
double3(0.841390000000,0.295135000000,0.515840000000),
double3(0.815745000000,0.156250000000,0.949570000000),
double3(0.811150000000,0.138300000000,0.929450000000),
double3(0.795135000000,0.158610000000,0.984160000000),
double3(0.656250000000,0.184255000000,0.550430000000),
double3(0.638300000000,0.188850000000,0.570550000000),
double3(0.658610000000,0.204865000000,0.515840000000),
double3(0.684255000000,0.343750000000,0.949570000000),
double3(0.688850000000,0.361700000000,0.929450000000),
double3(0.729350000000,0.287150000000,0.539900000000),
double3(0.702900000000,0.318200000000,0.561400000000),
double3(0.686200000000,0.276250000000,0.551950000000),
double3(0.704865000000,0.341390000000,0.984160000000),
double3(0.949570000000,0.343750000000,0.684255000000),
double3(0.929450000000,0.361700000000,0.688850000000),
double3(0.539900000000,0.287150000000,0.729350000000),
double3(0.561400000000,0.318200000000,0.702900000000),
double3(0.551950000000,0.276250000000,0.686200000000),
double3(0.984160000000,0.341390000000,0.704865000000),
double3(0.500000000000,0.375000000000,0.750000000000),
double3(0.949570000000,0.156250000000,0.815745000000),
double3(0.929450000000,0.138300000000,0.811150000000),
double3(0.984160000000,0.158610000000,0.795135000000),
double3(0.500000000000,0.125000000000,0.750000000000),
double3(0.656250000000,0.050430000000,0.684255000000),
double3(0.638300000000,0.070550000000,0.688850000000),
double3(0.658610000000,0.015840000000,0.704865000000),
double3(0.625000000000,0.000000000000,0.750000000000),
double3(0.550430000000,0.343750000000,0.815745000000),
double3(0.570550000000,0.361700000000,0.811150000000),
double3(0.515840000000,0.341390000000,0.795135000000),
double3(0.843750000000,0.449570000000,0.684255000000),
double3(0.861700000000,0.429450000000,0.688850000000),
double3(0.841390000000,0.484160000000,0.704865000000),
double3(0.875000000000,0.000000000000,0.750000000000),
double3(0.550430000000,0.156250000000,0.684255000000),
double3(0.570550000000,0.138300000000,0.688850000000),
double3(0.515840000000,0.158610000000,0.704865000000),
double3(0.656250000000,0.449570000000,0.815745000000),
double3(0.638300000000,0.429450000000,0.811150000000),
double3(0.712850000000,0.039900000000,0.770650000000),
double3(0.681800000000,0.061400000000,0.797100000000),
double3(0.723750000000,0.051950000000,0.813800000000),
double3(0.658610000000,0.484160000000,0.795135000000),
double3(0.843750000000,0.050430000000,0.815745000000),
double3(0.861700000000,0.070550000000,0.811150000000),
double3(0.841390000000,0.015840000000,0.795135000000),
double3(0.938525000000,0.253950000000,0.561475000000),
double3(0.934255000000,0.199570000000,0.593750000000),
double3(0.938850000000,0.179450000000,0.611700000000),
double3(0.953050000000,0.292750000000,0.546950000000),
double3(0.979350000000,0.289900000000,0.537150000000),
double3(0.952900000000,0.311400000000,0.568200000000),
double3(0.936200000000,0.301950000000,0.526250000000),
double3(0.954865000000,0.234160000000,0.591390000000),
double3(0.753950000000,0.061475000000,0.938525000000),
double3(0.699570000000,0.065745000000,0.906250000000),
double3(0.679450000000,0.061150000000,0.888300000000),
double3(0.734160000000,0.045135000000,0.908610000000),
double3(0.561475000000,0.246050000000,0.561475000000),
double3(0.565745000000,0.300430000000,0.593750000000),
double3(0.561150000000,0.320550000000,0.611700000000),
double3(0.545135000000,0.265840000000,0.591390000000),
double3(0.746050000000,0.438525000000,0.938525000000),
double3(0.800430000000,0.434255000000,0.906250000000),
double3(0.820550000000,0.438850000000,0.888300000000),
double3(0.707250000000,0.453050000000,0.953050000000),
double3(0.710100000000,0.479350000000,0.962850000000),
double3(0.688600000000,0.452900000000,0.931800000000),
double3(0.698050000000,0.436200000000,0.973750000000),
double3(0.765840000000,0.454865000000,0.908610000000),
double3(0.938525000000,0.246050000000,0.938525000000),
double3(0.934255000000,0.300430000000,0.906250000000),
double3(0.938850000000,0.320550000000,0.888300000000),
double3(0.954865000000,0.265840000000,0.908610000000),
double3(0.746050000000,0.061475000000,0.561475000000),
double3(0.800430000000,0.065745000000,0.593750000000),
double3(0.820550000000,0.061150000000,0.611700000000),
double3(0.765840000000,0.045135000000,0.591390000000),
double3(0.561475000000,0.253950000000,0.938525000000),
double3(0.565745000000,0.199570000000,0.906250000000),
double3(0.561150000000,0.179450000000,0.888300000000),
double3(0.546950000000,0.292750000000,0.953050000000),
double3(0.545135000000,0.234160000000,0.908610000000),
double3(0.753950000000,0.438525000000,0.561475000000),
double3(0.699570000000,0.434255000000,0.593750000000),
double3(0.679450000000,0.438850000000,0.611700000000),
double3(0.734160000000,0.454865000000,0.591390000000),
double3(0.561475000000,0.438525000000,0.753950000000),
double3(0.593750000000,0.434255000000,0.699570000000),
double3(0.611700000000,0.438850000000,0.679450000000),
double3(0.591390000000,0.454865000000,0.734160000000),
double3(0.938525000000,0.438525000000,0.746050000000),
double3(0.934255000000,0.406250000000,0.800430000000),
double3(0.938850000000,0.388300000000,0.820550000000),
double3(0.954865000000,0.408610000000,0.765840000000),
double3(0.938525000000,0.061475000000,0.753950000000),
double3(0.906250000000,0.065745000000,0.699570000000),
double3(0.888300000000,0.061150000000,0.679450000000),
double3(0.908610000000,0.045135000000,0.734160000000),
double3(0.561475000000,0.061475000000,0.746050000000),
double3(0.565745000000,0.093750000000,0.800430000000),
double3(0.561150000000,0.111700000000,0.820550000000),
double3(0.546950000000,0.046950000000,0.707250000000),
double3(0.520650000000,0.037150000000,0.710100000000),
double3(0.547100000000,0.068200000000,0.688600000000),
double3(0.563800000000,0.026250000000,0.698050000000),
double3(0.545135000000,0.091390000000,0.765840000000),
double3(0.593750000000,0.065745000000,0.800430000000),
double3(0.611700000000,0.061150000000,0.820550000000),
double3(0.591390000000,0.045135000000,0.765840000000),
double3(0.565745000000,0.406250000000,0.699570000000),
double3(0.561150000000,0.388300000000,0.679450000000),
double3(0.545135000000,0.408610000000,0.734160000000),
double3(0.906250000000,0.434255000000,0.800430000000),
double3(0.888300000000,0.438850000000,0.820550000000),
double3(0.908610000000,0.454865000000,0.765840000000),
double3(0.934255000000,0.093750000000,0.699570000000),
double3(0.938850000000,0.111700000000,0.679450000000),
double3(0.954865000000,0.091390000000,0.734160000000),
double3(0.699570000000,0.093750000000,0.934255000000),
double3(0.679450000000,0.111700000000,0.938850000000),
double3(0.734160000000,0.091390000000,0.954865000000),
double3(0.699570000000,0.406250000000,0.565745000000),
double3(0.679450000000,0.388300000000,0.561150000000),
double3(0.734160000000,0.408610000000,0.545135000000),
double3(0.906250000000,0.300430000000,0.934255000000),
double3(0.888300000000,0.320550000000,0.938850000000),
double3(0.908610000000,0.265840000000,0.954865000000),
double3(0.800430000000,0.093750000000,0.565745000000),
double3(0.820550000000,0.111700000000,0.561150000000),
double3(0.765840000000,0.091390000000,0.545135000000),
double3(0.593750000000,0.199570000000,0.934255000000),
double3(0.611700000000,0.179450000000,0.938850000000),
double3(0.537150000000,0.289900000000,0.979350000000),
double3(0.568200000000,0.311400000000,0.952900000000),
double3(0.526250000000,0.301950000000,0.936200000000),
double3(0.591390000000,0.234160000000,0.954865000000),
double3(0.800430000000,0.406250000000,0.934255000000),
double3(0.820550000000,0.388300000000,0.938850000000),
double3(0.765840000000,0.408610000000,0.954865000000),
double3(0.906250000000,0.199570000000,0.565745000000),
double3(0.888300000000,0.179450000000,0.561150000000),
double3(0.908610000000,0.234160000000,0.545135000000),
double3(0.593750000000,0.300430000000,0.565745000000),
double3(0.611700000000,0.320550000000,0.561150000000),
double3(0.591390000000,0.265840000000,0.545135000000),
double3(0.523630685397,0.204161797616,0.524095250718),
double3(0.549285218219,0.207563794986,0.549657249662),
double3(0.566307775490,0.180132177247,0.566751240244),
double3(0.700007078761,0.048263776714,0.548673501694),
double3(0.951736699447,0.200007080906,0.951326020701),
double3(0.795838201960,0.476369409207,0.524095345608),
double3(0.792436204780,0.450714833811,0.549657301850),
double3(0.819867822295,0.433692326488,0.566751342530),
double3(0.795838201960,0.023630590793,0.975904654392),
double3(0.792436204780,0.049285166189,0.950342698150),
double3(0.819867822295,0.066307673512,0.933248657470),
double3(0.975904749282,0.023630685397,0.795838202384),
double3(0.950342750338,0.049285218219,0.792436205014),
double3(0.933248759756,0.066307775490,0.819867822753),
double3(0.951736223286,0.451326498306,0.700007078761),
double3(0.548673979299,0.451736699447,0.799992919094),
double3(0.814221329721,0.207624203624,0.815892584745),
double3(0.719420810684,0.204397879329,0.664081707384),
double3(0.700334875144,0.181376260796,0.684791042843),
double3(0.714119079941,0.158334075135,0.709560358536),
double3(0.707624233621,0.314221756430,0.815892469094),
double3(0.684037449837,0.218736116455,0.709738138522),
double3(0.676403120392,0.200622680502,0.679131523512),
double3(0.667372745231,0.215566596242,0.647044184441),
double3(0.790261861478,0.184037449837,0.781263883545),
double3(0.820868476488,0.176403120392,0.799377319498),
double3(0.852955815559,0.167372745231,0.784433403758),
double3(0.795602120671,0.335918292616,0.719420810684),
double3(0.818623739204,0.315208957157,0.700334875144),
double3(0.841665924865,0.290439641464,0.714119079941),
double3(0.688525000000,0.503950000000,0.311475000000),
double3(0.684255000000,0.949570000000,0.343750000000),
double3(0.688850000000,0.929450000000,0.361700000000),
double3(0.703050000000,0.542750000000,0.296950000000),
double3(0.704865000000,0.984160000000,0.341390000000),
double3(0.750000000000,0.500000000000,0.375000000000),
double3(0.503950000000,0.811475000000,0.188525000000),
double3(0.949570000000,0.815745000000,0.156250000000),
double3(0.929450000000,0.811150000000,0.138300000000),
double3(0.542750000000,0.796950000000,0.203050000000),
double3(0.984160000000,0.795135000000,0.158610000000),
double3(0.500000000000,0.750000000000,0.125000000000),
double3(0.811475000000,0.996050000000,0.311475000000),
double3(0.815745000000,0.550430000000,0.343750000000),
double3(0.811150000000,0.570550000000,0.361700000000),
double3(0.795135000000,0.515840000000,0.341390000000),
double3(0.996050000000,0.688525000000,0.188525000000),
double3(0.550430000000,0.684255000000,0.156250000000),
double3(0.570550000000,0.688850000000,0.138300000000),
double3(0.515840000000,0.704865000000,0.158610000000),
double3(0.688525000000,0.996050000000,0.188525000000),
double3(0.684255000000,0.550430000000,0.156250000000),
double3(0.688850000000,0.570550000000,0.138300000000),
double3(0.704865000000,0.515840000000,0.158610000000),
double3(0.750000000000,0.500000000000,0.125000000000),
double3(0.996050000000,0.811475000000,0.311475000000),
double3(0.550430000000,0.815745000000,0.343750000000),
double3(0.570550000000,0.811150000000,0.361700000000),
double3(0.515840000000,0.795135000000,0.341390000000),
double3(0.500000000000,0.750000000000,0.375000000000),
double3(0.811475000000,0.503950000000,0.188525000000),
double3(0.815745000000,0.949570000000,0.156250000000),
double3(0.811150000000,0.929450000000,0.138300000000),
double3(0.796950000000,0.542750000000,0.203050000000),
double3(0.770650000000,0.539900000000,0.212850000000),
double3(0.797100000000,0.561400000000,0.181800000000),
double3(0.813800000000,0.551950000000,0.223750000000),
double3(0.795135000000,0.984160000000,0.158610000000),
double3(0.503950000000,0.688525000000,0.311475000000),
double3(0.949570000000,0.684255000000,0.343750000000),
double3(0.929450000000,0.688850000000,0.361700000000),
double3(0.542750000000,0.703050000000,0.296950000000),
double3(0.539900000000,0.729350000000,0.287150000000),
double3(0.561400000000,0.702900000000,0.318200000000),
double3(0.551950000000,0.686200000000,0.276250000000),
double3(0.984160000000,0.704865000000,0.341390000000),
double3(0.811475000000,0.688525000000,0.003950000000),
double3(0.843750000000,0.684255000000,0.449570000000),
double3(0.861700000000,0.688850000000,0.429450000000),
double3(0.841390000000,0.704865000000,0.484160000000),
double3(0.875000000000,0.750000000000,0.000000000000),
double3(0.688525000000,0.688525000000,0.496050000000),
double3(0.684255000000,0.656250000000,0.050430000000),
double3(0.688850000000,0.638300000000,0.070550000000),
double3(0.703050000000,0.703050000000,0.457250000000),
double3(0.729350000000,0.712850000000,0.460100000000),
double3(0.702900000000,0.681800000000,0.438600000000),
double3(0.686200000000,0.723750000000,0.448050000000),
double3(0.704865000000,0.658610000000,0.015840000000),
double3(0.750000000000,0.625000000000,0.000000000000),
double3(0.688525000000,0.811475000000,0.003950000000),
double3(0.656250000000,0.815745000000,0.449570000000),
double3(0.638300000000,0.811150000000,0.429450000000),
double3(0.703050000000,0.796950000000,0.042750000000),
double3(0.658610000000,0.795135000000,0.484160000000),
double3(0.625000000000,0.750000000000,0.000000000000),
double3(0.811475000000,0.811475000000,0.496050000000),
double3(0.815745000000,0.843750000000,0.050430000000),
double3(0.811150000000,0.861700000000,0.070550000000),
double3(0.795135000000,0.841390000000,0.015840000000),
double3(0.750000000000,0.875000000000,0.000000000000),
double3(0.843750000000,0.815745000000,0.050430000000),
double3(0.861700000000,0.811150000000,0.070550000000),
double3(0.841390000000,0.795135000000,0.015840000000),
double3(0.815745000000,0.656250000000,0.449570000000),
double3(0.811150000000,0.638300000000,0.429450000000),
double3(0.795135000000,0.658610000000,0.484160000000),
double3(0.656250000000,0.684255000000,0.050430000000),
double3(0.638300000000,0.688850000000,0.070550000000),
double3(0.658610000000,0.704865000000,0.015840000000),
double3(0.684255000000,0.843750000000,0.449570000000),
double3(0.688850000000,0.861700000000,0.429450000000),
double3(0.729350000000,0.787150000000,0.039900000000),
double3(0.702900000000,0.818200000000,0.061400000000),
double3(0.686200000000,0.776250000000,0.051950000000),
double3(0.704865000000,0.841390000000,0.484160000000),
double3(0.949570000000,0.843750000000,0.184255000000),
double3(0.929450000000,0.861700000000,0.188850000000),
double3(0.539900000000,0.787150000000,0.229350000000),
double3(0.561400000000,0.818200000000,0.202900000000),
double3(0.551950000000,0.776250000000,0.186200000000),
double3(0.984160000000,0.841390000000,0.204865000000),
double3(0.500000000000,0.875000000000,0.250000000000),
double3(0.949570000000,0.656250000000,0.315745000000),
double3(0.929450000000,0.638300000000,0.311150000000),
double3(0.984160000000,0.658610000000,0.295135000000),
double3(0.500000000000,0.625000000000,0.250000000000),
double3(0.656250000000,0.550430000000,0.184255000000),
double3(0.638300000000,0.570550000000,0.188850000000),
double3(0.658610000000,0.515840000000,0.204865000000),
double3(0.625000000000,0.500000000000,0.250000000000),
double3(0.550430000000,0.843750000000,0.315745000000),
double3(0.570550000000,0.861700000000,0.311150000000),
double3(0.515840000000,0.841390000000,0.295135000000),
double3(0.843750000000,0.949570000000,0.184255000000),
double3(0.861700000000,0.929450000000,0.188850000000),
double3(0.841390000000,0.984160000000,0.204865000000),
double3(0.875000000000,0.500000000000,0.250000000000),
double3(0.550430000000,0.656250000000,0.184255000000),
double3(0.570550000000,0.638300000000,0.188850000000),
double3(0.515840000000,0.658610000000,0.204865000000),
double3(0.656250000000,0.949570000000,0.315745000000),
double3(0.638300000000,0.929450000000,0.311150000000),
double3(0.712850000000,0.539900000000,0.270650000000),
double3(0.681800000000,0.561400000000,0.297100000000),
double3(0.723750000000,0.551950000000,0.313800000000),
double3(0.658610000000,0.984160000000,0.295135000000),
double3(0.843750000000,0.550430000000,0.315745000000),
double3(0.861700000000,0.570550000000,0.311150000000),
double3(0.841390000000,0.515840000000,0.295135000000),
double3(0.938525000000,0.753950000000,0.061475000000),
double3(0.934255000000,0.699570000000,0.093750000000),
double3(0.938850000000,0.679450000000,0.111700000000),
double3(0.953050000000,0.792750000000,0.046950000000),
double3(0.979350000000,0.789900000000,0.037150000000),
double3(0.952900000000,0.811400000000,0.068200000000),
double3(0.936200000000,0.801950000000,0.026250000000),
double3(0.954865000000,0.734160000000,0.091390000000),
double3(0.753950000000,0.561475000000,0.438525000000),
double3(0.699570000000,0.565745000000,0.406250000000),
double3(0.679450000000,0.561150000000,0.388300000000),
double3(0.734160000000,0.545135000000,0.408610000000),
double3(0.561475000000,0.746050000000,0.061475000000),
double3(0.565745000000,0.800430000000,0.093750000000),
double3(0.561150000000,0.820550000000,0.111700000000),
double3(0.545135000000,0.765840000000,0.091390000000),
double3(0.746050000000,0.938525000000,0.438525000000),
double3(0.800430000000,0.934255000000,0.406250000000),
double3(0.820550000000,0.938850000000,0.388300000000),
double3(0.707250000000,0.953050000000,0.453050000000),
double3(0.710100000000,0.979350000000,0.462850000000),
double3(0.688600000000,0.952900000000,0.431800000000),
double3(0.698050000000,0.936200000000,0.473750000000),
double3(0.765840000000,0.954865000000,0.408610000000),
double3(0.938525000000,0.746050000000,0.438525000000),
double3(0.934255000000,0.800430000000,0.406250000000),
double3(0.938850000000,0.820550000000,0.388300000000),
double3(0.954865000000,0.765840000000,0.408610000000),
double3(0.746050000000,0.561475000000,0.061475000000),
double3(0.800430000000,0.565745000000,0.093750000000),
double3(0.820550000000,0.561150000000,0.111700000000),
double3(0.765840000000,0.545135000000,0.091390000000),
double3(0.561475000000,0.753950000000,0.438525000000),
double3(0.565745000000,0.699570000000,0.406250000000),
double3(0.561150000000,0.679450000000,0.388300000000),
double3(0.546950000000,0.792750000000,0.453050000000),
double3(0.545135000000,0.734160000000,0.408610000000),
double3(0.753950000000,0.938525000000,0.061475000000),
double3(0.699570000000,0.934255000000,0.093750000000),
double3(0.679450000000,0.938850000000,0.111700000000),
double3(0.734160000000,0.954865000000,0.091390000000),
double3(0.561475000000,0.938525000000,0.253950000000),
double3(0.593750000000,0.934255000000,0.199570000000),
double3(0.611700000000,0.938850000000,0.179450000000),
double3(0.591390000000,0.954865000000,0.234160000000),
double3(0.938525000000,0.938525000000,0.246050000000),
double3(0.934255000000,0.906250000000,0.300430000000),
double3(0.938850000000,0.888300000000,0.320550000000),
double3(0.954865000000,0.908610000000,0.265840000000),
double3(0.938525000000,0.561475000000,0.253950000000),
double3(0.906250000000,0.565745000000,0.199570000000),
double3(0.888300000000,0.561150000000,0.179450000000),
double3(0.908610000000,0.545135000000,0.234160000000),
double3(0.561475000000,0.561475000000,0.246050000000),
double3(0.565745000000,0.593750000000,0.300430000000),
double3(0.561150000000,0.611700000000,0.320550000000),
double3(0.546950000000,0.546950000000,0.207250000000),
double3(0.520650000000,0.537150000000,0.210100000000),
double3(0.547100000000,0.568200000000,0.188600000000),
double3(0.563800000000,0.526250000000,0.198050000000),
double3(0.545135000000,0.591390000000,0.265840000000),
double3(0.593750000000,0.565745000000,0.300430000000),
double3(0.611700000000,0.561150000000,0.320550000000),
double3(0.591390000000,0.545135000000,0.265840000000),
double3(0.565745000000,0.906250000000,0.199570000000),
double3(0.561150000000,0.888300000000,0.179450000000),
double3(0.545135000000,0.908610000000,0.234160000000),
double3(0.906250000000,0.934255000000,0.300430000000),
double3(0.888300000000,0.938850000000,0.320550000000),
double3(0.908610000000,0.954865000000,0.265840000000),
double3(0.934255000000,0.593750000000,0.199570000000),
double3(0.938850000000,0.611700000000,0.179450000000),
double3(0.954865000000,0.591390000000,0.234160000000),
double3(0.699570000000,0.593750000000,0.434255000000),
double3(0.679450000000,0.611700000000,0.438850000000),
double3(0.734160000000,0.591390000000,0.454865000000),
double3(0.699570000000,0.906250000000,0.065745000000),
double3(0.679450000000,0.888300000000,0.061150000000),
double3(0.734160000000,0.908610000000,0.045135000000),
double3(0.906250000000,0.800430000000,0.434255000000),
double3(0.888300000000,0.820550000000,0.438850000000),
double3(0.908610000000,0.765840000000,0.454865000000),
double3(0.800430000000,0.593750000000,0.065745000000),
double3(0.820550000000,0.611700000000,0.061150000000),
double3(0.765840000000,0.591390000000,0.045135000000),
double3(0.593750000000,0.699570000000,0.434255000000),
double3(0.611700000000,0.679450000000,0.438850000000),
double3(0.537150000000,0.789900000000,0.479350000000),
double3(0.568200000000,0.811400000000,0.452900000000),
double3(0.526250000000,0.801950000000,0.436200000000),
double3(0.591390000000,0.734160000000,0.454865000000),
double3(0.800430000000,0.906250000000,0.434255000000),
double3(0.820550000000,0.888300000000,0.438850000000),
double3(0.765840000000,0.908610000000,0.454865000000),
double3(0.906250000000,0.699570000000,0.065745000000),
double3(0.888300000000,0.679450000000,0.061150000000),
double3(0.908610000000,0.734160000000,0.045135000000),
double3(0.593750000000,0.800430000000,0.065745000000),
double3(0.611700000000,0.820550000000,0.061150000000),
double3(0.591390000000,0.765840000000,0.045135000000),
double3(0.523630685397,0.704161797616,0.024095250718),
double3(0.549285218219,0.707563794986,0.049657249662),
double3(0.566307775490,0.680132177247,0.066751240244),
double3(0.700007078761,0.548263776714,0.048673501694),
double3(0.951736699447,0.700007080906,0.451326020701),
double3(0.795838201960,0.976369409207,0.024095345608),
double3(0.792436204780,0.950714833811,0.049657301850),
double3(0.819867822295,0.933692326488,0.066751342530),
double3(0.795838201960,0.523630590793,0.475904654392),
double3(0.792436204780,0.549285166189,0.450342698150),
double3(0.819867822295,0.566307673512,0.433248657470),
double3(0.975904749282,0.523630685397,0.295838202384),
double3(0.950342750338,0.549285218219,0.292436205014),
double3(0.933248759756,0.566307775490,0.319867822753),
double3(0.951736223286,0.951326498306,0.200007078761),
double3(0.548673979299,0.951736699447,0.299992919094),
double3(0.814221329721,0.707624203624,0.315892584745),
double3(0.719420810684,0.704397879329,0.164081707384),
double3(0.700334875144,0.681376260796,0.184791042843),
double3(0.714119079941,0.658334075135,0.209560358536),
double3(0.707624233621,0.814221756430,0.315892469094),
double3(0.684037449837,0.718736116455,0.209738138522),
double3(0.676403120392,0.700622680502,0.179131523512),
double3(0.667372745231,0.715566596242,0.147044184441),
double3(0.790261861478,0.684037449837,0.281263883545),
double3(0.820868476488,0.676403120392,0.299377319498),
double3(0.852955815559,0.667372745231,0.284433403758),
double3(0.795602120671,0.835918292616,0.219420810684),
double3(0.818623739204,0.815208957157,0.200334875144),
double3(0.841665924865,0.790439641464,0.214119079941),
double3(0.688525000000,0.503950000000,0.811475000000),
double3(0.684255000000,0.949570000000,0.843750000000),
double3(0.688850000000,0.929450000000,0.861700000000),
double3(0.703050000000,0.542750000000,0.796950000000),
double3(0.704865000000,0.984160000000,0.841390000000),
double3(0.750000000000,0.500000000000,0.875000000000),
double3(0.503950000000,0.811475000000,0.688525000000),
double3(0.949570000000,0.815745000000,0.656250000000),
double3(0.929450000000,0.811150000000,0.638300000000),
double3(0.542750000000,0.796950000000,0.703050000000),
double3(0.984160000000,0.795135000000,0.658610000000),
double3(0.500000000000,0.750000000000,0.625000000000),
double3(0.811475000000,0.996050000000,0.811475000000),
double3(0.815745000000,0.550430000000,0.843750000000),
double3(0.811150000000,0.570550000000,0.861700000000),
double3(0.795135000000,0.515840000000,0.841390000000),
double3(0.996050000000,0.688525000000,0.688525000000),
double3(0.550430000000,0.684255000000,0.656250000000),
double3(0.570550000000,0.688850000000,0.638300000000),
double3(0.515840000000,0.704865000000,0.658610000000),
double3(0.688525000000,0.996050000000,0.688525000000),
double3(0.684255000000,0.550430000000,0.656250000000),
double3(0.688850000000,0.570550000000,0.638300000000),
double3(0.704865000000,0.515840000000,0.658610000000),
double3(0.750000000000,0.500000000000,0.625000000000),
double3(0.996050000000,0.811475000000,0.811475000000),
double3(0.550430000000,0.815745000000,0.843750000000),
double3(0.570550000000,0.811150000000,0.861700000000),
double3(0.515840000000,0.795135000000,0.841390000000),
double3(0.500000000000,0.750000000000,0.875000000000),
double3(0.811475000000,0.503950000000,0.688525000000),
double3(0.815745000000,0.949570000000,0.656250000000),
double3(0.811150000000,0.929450000000,0.638300000000),
double3(0.796950000000,0.542750000000,0.703050000000),
double3(0.770650000000,0.539900000000,0.712850000000),
double3(0.797100000000,0.561400000000,0.681800000000),
double3(0.813800000000,0.551950000000,0.723750000000),
double3(0.795135000000,0.984160000000,0.658610000000),
double3(0.503950000000,0.688525000000,0.811475000000),
double3(0.949570000000,0.684255000000,0.843750000000),
double3(0.929450000000,0.688850000000,0.861700000000),
double3(0.542750000000,0.703050000000,0.796950000000),
double3(0.539900000000,0.729350000000,0.787150000000),
double3(0.561400000000,0.702900000000,0.818200000000),
double3(0.551950000000,0.686200000000,0.776250000000),
double3(0.984160000000,0.704865000000,0.841390000000),
double3(0.811475000000,0.688525000000,0.503950000000),
double3(0.843750000000,0.684255000000,0.949570000000),
double3(0.861700000000,0.688850000000,0.929450000000),
double3(0.841390000000,0.704865000000,0.984160000000),
double3(0.875000000000,0.750000000000,0.500000000000),
double3(0.688525000000,0.688525000000,0.996050000000),
double3(0.684255000000,0.656250000000,0.550430000000),
double3(0.688850000000,0.638300000000,0.570550000000),
double3(0.703050000000,0.703050000000,0.957250000000),
double3(0.729350000000,0.712850000000,0.960100000000),
double3(0.702900000000,0.681800000000,0.938600000000),
double3(0.686200000000,0.723750000000,0.948050000000),
double3(0.704865000000,0.658610000000,0.515840000000),
double3(0.750000000000,0.625000000000,0.500000000000),
double3(0.688525000000,0.811475000000,0.503950000000),
double3(0.656250000000,0.815745000000,0.949570000000),
double3(0.638300000000,0.811150000000,0.929450000000),
double3(0.703050000000,0.796950000000,0.542750000000),
double3(0.658610000000,0.795135000000,0.984160000000),
double3(0.625000000000,0.750000000000,0.500000000000),
double3(0.811475000000,0.811475000000,0.996050000000),
double3(0.815745000000,0.843750000000,0.550430000000),
double3(0.811150000000,0.861700000000,0.570550000000),
double3(0.795135000000,0.841390000000,0.515840000000),
double3(0.750000000000,0.875000000000,0.500000000000),
double3(0.843750000000,0.815745000000,0.550430000000),
double3(0.861700000000,0.811150000000,0.570550000000),
double3(0.841390000000,0.795135000000,0.515840000000),
double3(0.815745000000,0.656250000000,0.949570000000),
double3(0.811150000000,0.638300000000,0.929450000000),
double3(0.795135000000,0.658610000000,0.984160000000),
double3(0.656250000000,0.684255000000,0.550430000000),
double3(0.638300000000,0.688850000000,0.570550000000),
double3(0.658610000000,0.704865000000,0.515840000000),
double3(0.684255000000,0.843750000000,0.949570000000),
double3(0.688850000000,0.861700000000,0.929450000000),
double3(0.729350000000,0.787150000000,0.539900000000),
double3(0.702900000000,0.818200000000,0.561400000000),
double3(0.686200000000,0.776250000000,0.551950000000),
double3(0.704865000000,0.841390000000,0.984160000000),
double3(0.949570000000,0.843750000000,0.684255000000),
double3(0.929450000000,0.861700000000,0.688850000000),
double3(0.539900000000,0.787150000000,0.729350000000),
double3(0.561400000000,0.818200000000,0.702900000000),
double3(0.551950000000,0.776250000000,0.686200000000),
double3(0.984160000000,0.841390000000,0.704865000000),
double3(0.500000000000,0.875000000000,0.750000000000),
double3(0.949570000000,0.656250000000,0.815745000000),
double3(0.929450000000,0.638300000000,0.811150000000),
double3(0.984160000000,0.658610000000,0.795135000000),
double3(0.500000000000,0.625000000000,0.750000000000),
double3(0.656250000000,0.550430000000,0.684255000000),
double3(0.638300000000,0.570550000000,0.688850000000),
double3(0.658610000000,0.515840000000,0.704865000000),
double3(0.625000000000,0.500000000000,0.750000000000),
double3(0.550430000000,0.843750000000,0.815745000000),
double3(0.570550000000,0.861700000000,0.811150000000),
double3(0.515840000000,0.841390000000,0.795135000000),
double3(0.843750000000,0.949570000000,0.684255000000),
double3(0.861700000000,0.929450000000,0.688850000000),
double3(0.841390000000,0.984160000000,0.704865000000),
double3(0.875000000000,0.500000000000,0.750000000000),
double3(0.550430000000,0.656250000000,0.684255000000),
double3(0.570550000000,0.638300000000,0.688850000000),
double3(0.515840000000,0.658610000000,0.704865000000),
double3(0.656250000000,0.949570000000,0.815745000000),
double3(0.638300000000,0.929450000000,0.811150000000),
double3(0.712850000000,0.539900000000,0.770650000000),
double3(0.681800000000,0.561400000000,0.797100000000),
double3(0.723750000000,0.551950000000,0.813800000000),
double3(0.658610000000,0.984160000000,0.795135000000),
double3(0.843750000000,0.550430000000,0.815745000000),
double3(0.861700000000,0.570550000000,0.811150000000),
double3(0.841390000000,0.515840000000,0.795135000000),
double3(0.938525000000,0.753950000000,0.561475000000),
double3(0.934255000000,0.699570000000,0.593750000000),
double3(0.938850000000,0.679450000000,0.611700000000),
double3(0.953050000000,0.792750000000,0.546950000000),
double3(0.979350000000,0.789900000000,0.537150000000),
double3(0.952900000000,0.811400000000,0.568200000000),
double3(0.936200000000,0.801950000000,0.526250000000),
double3(0.954865000000,0.734160000000,0.591390000000),
double3(0.753950000000,0.561475000000,0.938525000000),
double3(0.699570000000,0.565745000000,0.906250000000),
double3(0.679450000000,0.561150000000,0.888300000000),
double3(0.734160000000,0.545135000000,0.908610000000),
double3(0.561475000000,0.746050000000,0.561475000000),
double3(0.565745000000,0.800430000000,0.593750000000),
double3(0.561150000000,0.820550000000,0.611700000000),
double3(0.545135000000,0.765840000000,0.591390000000),
double3(0.746050000000,0.938525000000,0.938525000000),
double3(0.800430000000,0.934255000000,0.906250000000),
double3(0.820550000000,0.938850000000,0.888300000000),
double3(0.707250000000,0.953050000000,0.953050000000),
double3(0.710100000000,0.979350000000,0.962850000000),
double3(0.688600000000,0.952900000000,0.931800000000),
double3(0.698050000000,0.936200000000,0.973750000000),
double3(0.765840000000,0.954865000000,0.908610000000),
double3(0.938525000000,0.746050000000,0.938525000000),
double3(0.934255000000,0.800430000000,0.906250000000),
double3(0.938850000000,0.820550000000,0.888300000000),
double3(0.954865000000,0.765840000000,0.908610000000),
double3(0.746050000000,0.561475000000,0.561475000000),
double3(0.800430000000,0.565745000000,0.593750000000),
double3(0.820550000000,0.561150000000,0.611700000000),
double3(0.765840000000,0.545135000000,0.591390000000),
double3(0.561475000000,0.753950000000,0.938525000000),
double3(0.565745000000,0.699570000000,0.906250000000),
double3(0.561150000000,0.679450000000,0.888300000000),
double3(0.546950000000,0.792750000000,0.953050000000),
double3(0.545135000000,0.734160000000,0.908610000000),
double3(0.753950000000,0.938525000000,0.561475000000),
double3(0.699570000000,0.934255000000,0.593750000000),
double3(0.679450000000,0.938850000000,0.611700000000),
double3(0.734160000000,0.954865000000,0.591390000000),
double3(0.561475000000,0.938525000000,0.753950000000),
double3(0.593750000000,0.934255000000,0.699570000000),
double3(0.611700000000,0.938850000000,0.679450000000),
double3(0.591390000000,0.954865000000,0.734160000000),
double3(0.938525000000,0.938525000000,0.746050000000),
double3(0.934255000000,0.906250000000,0.800430000000),
double3(0.938850000000,0.888300000000,0.820550000000),
double3(0.954865000000,0.908610000000,0.765840000000),
double3(0.938525000000,0.561475000000,0.753950000000),
double3(0.906250000000,0.565745000000,0.699570000000),
double3(0.888300000000,0.561150000000,0.679450000000),
double3(0.908610000000,0.545135000000,0.734160000000),
double3(0.561475000000,0.561475000000,0.746050000000),
double3(0.565745000000,0.593750000000,0.800430000000),
double3(0.561150000000,0.611700000000,0.820550000000),
double3(0.546950000000,0.546950000000,0.707250000000),
double3(0.520650000000,0.537150000000,0.710100000000),
double3(0.547100000000,0.568200000000,0.688600000000),
double3(0.563800000000,0.526250000000,0.698050000000),
double3(0.545135000000,0.591390000000,0.765840000000),
double3(0.593750000000,0.565745000000,0.800430000000),
double3(0.611700000000,0.561150000000,0.820550000000),
double3(0.591390000000,0.545135000000,0.765840000000),
double3(0.565745000000,0.906250000000,0.699570000000),
double3(0.561150000000,0.888300000000,0.679450000000),
double3(0.545135000000,0.908610000000,0.734160000000),
double3(0.906250000000,0.934255000000,0.800430000000),
double3(0.888300000000,0.938850000000,0.820550000000),
double3(0.908610000000,0.954865000000,0.765840000000),
double3(0.934255000000,0.593750000000,0.699570000000),
double3(0.938850000000,0.611700000000,0.679450000000),
double3(0.954865000000,0.591390000000,0.734160000000),
double3(0.699570000000,0.593750000000,0.934255000000),
double3(0.679450000000,0.611700000000,0.938850000000),
double3(0.734160000000,0.591390000000,0.954865000000),
double3(0.699570000000,0.906250000000,0.565745000000),
double3(0.679450000000,0.888300000000,0.561150000000),
double3(0.734160000000,0.908610000000,0.545135000000),
double3(0.906250000000,0.800430000000,0.934255000000),
double3(0.888300000000,0.820550000000,0.938850000000),
double3(0.908610000000,0.765840000000,0.954865000000),
double3(0.800430000000,0.593750000000,0.565745000000),
double3(0.820550000000,0.611700000000,0.561150000000),
double3(0.765840000000,0.591390000000,0.545135000000),
double3(0.593750000000,0.699570000000,0.934255000000),
double3(0.611700000000,0.679450000000,0.938850000000),
double3(0.537150000000,0.789900000000,0.979350000000),
double3(0.568200000000,0.811400000000,0.952900000000),
double3(0.526250000000,0.801950000000,0.936200000000),
double3(0.591390000000,0.734160000000,0.954865000000),
double3(0.800430000000,0.906250000000,0.934255000000),
double3(0.820550000000,0.888300000000,0.938850000000),
double3(0.765840000000,0.908610000000,0.954865000000),
double3(0.906250000000,0.699570000000,0.565745000000),
double3(0.888300000000,0.679450000000,0.561150000000),
double3(0.908610000000,0.734160000000,0.545135000000),
double3(0.593750000000,0.800430000000,0.565745000000),
double3(0.611700000000,0.820550000000,0.561150000000),
double3(0.591390000000,0.765840000000,0.545135000000),
double3(0.523630685397,0.704161797616,0.524095250718),
double3(0.549285218219,0.707563794986,0.549657249662),
double3(0.566307775490,0.680132177247,0.566751240244),
double3(0.700007078761,0.548263776714,0.548673501694),
double3(0.951736699447,0.700007080906,0.951326020701),
double3(0.795838201960,0.976369409207,0.524095345608),
double3(0.792436204780,0.950714833811,0.549657301850),
double3(0.819867822295,0.933692326488,0.566751342530),
double3(0.795838201960,0.523630590793,0.975904654392),
double3(0.792436204780,0.549285166189,0.950342698150),
double3(0.819867822295,0.566307673512,0.933248657470),
double3(0.975904749282,0.523630685397,0.795838202384),
double3(0.950342750338,0.549285218219,0.792436205014),
double3(0.933248759756,0.566307775490,0.819867822753),
double3(0.951736223286,0.951326498306,0.700007078761),
double3(0.548673979299,0.951736699447,0.799992919094),
double3(0.814221329721,0.707624203624,0.815892584745),
double3(0.719420810684,0.704397879329,0.664081707384),
double3(0.700334875144,0.681376260796,0.684791042843),
double3(0.714119079941,0.658334075135,0.709560358536),
double3(0.707624233621,0.814221756430,0.815892469094),
double3(0.684037449837,0.718736116455,0.709738138522),
double3(0.676403120392,0.700622680502,0.679131523512),
double3(0.667372745231,0.715566596242,0.647044184441),
double3(0.790261861478,0.684037449837,0.781263883545),
double3(0.820868476488,0.676403120392,0.799377319498),
double3(0.852955815559,0.667372745231,0.784433403758),
double3(0.795602120671,0.835918292616,0.719420810684),
double3(0.818623739204,0.815208957157,0.700334875144),
double3(0.841665924865,0.790439641464,0.714119079941),
