# vtk DataFile Version 1.0
Cube
ASCII

DATASET POLYDATA
POINTS 3480 float
12.268984 6.438138 1.771258
11.076721 6.438138 30.111390
5.291568 0.786765 2.848183
4.099305 0.786765 31.188315
5.291568 27.456765 2.848183
4.099305 27.456765 31.188315
6.688684 0.806768 2.734823
5.496421 0.806768 31.074955
6.688684 27.476768 2.734823
5.496421 27.476768 31.074955
7.523518 1.693545 3.429156
6.331255 1.693545 31.769288
7.523518 28.363545 3.429156
6.331255 28.363545 31.769288
9.006397 1.420178 3.507091
7.814134 1.420178 31.847223
9.006397 28.090178 3.507091
7.814134 28.090178 31.847223
9.767496 0.760095 2.550612
8.575233 0.760095 30.890744
9.767496 27.430095 2.550612
8.575233 27.430095 30.890744
9.883918 1.920240 4.477741
9.883918 28.590240 4.477741
11.140812 0.800100 2.826928
9.948550 0.800100 31.167060
11.140812 27.470100 2.826928
9.948550 27.470100 31.167060
11.196334 1.480185 4.265190
10.004071 1.480185 32.605322
11.196334 28.150185 4.265190
10.004071 28.150185 32.605322
4.606384 6.650164 2.352231
3.414121 6.650165 30.692363
7.060318 6.584823 2.175105
5.868055 6.584823 30.515237
9.251468 0.226695 1.672068
8.059205 0.226695 30.012200
9.251468 26.896695 1.672068
8.059205 26.896695 30.012200
9.475422 2.606993 5.150819
9.475422 29.276993 5.150819
19.246399 0.786765 0.694333
18.054136 0.786765 29.034465
19.246399 27.456765 0.694333
18.054136 27.456765 29.034465
17.849283 0.806767 0.807694
16.657020 0.806768 29.147826
17.849283 27.476767 0.807694
16.657020 27.476768 29.147826
17.014449 1.693545 0.113361
15.822186 1.693545 28.453492
17.014449 28.363545 0.113361
15.822186 28.363545 28.453492
15.531570 1.420178 0.035425
14.339307 1.420178 28.375557
15.531570 28.090178 0.035425
14.339307 28.090178 28.375557
14.770471 0.760095 0.991905
13.578208 0.760095 29.332037
14.770471 27.430095 0.991905
13.578208 27.430095 29.332037
14.355983 1.920240 6.149809
14.355983 28.590240 6.149809
13.397155 0.800100 0.715588
12.204892 0.800100 29.055720
13.397155 27.470100 0.715588
12.204892 27.470100 29.055720
13.043567 1.480185 6.362360
13.043567 28.150185 6.362360
19.931583 6.650164 1.190286
18.739320 6.650165 29.530418
17.477649 6.584823 1.367411
16.285386 6.584823 29.707543
15.286499 0.226695 1.870449
14.094236 0.226695 30.210581
15.286499 26.896695 1.870449
14.094236 26.896695 30.210581
14.764479 2.606993 5.476731
14.764479 29.276993 5.476731
12.119951 0.229362 5.313775
12.119951 26.899362 5.313775
19.097366 5.880735 4.236850
17.905103 5.880735 32.576982
17.700250 5.860732 4.350210
16.865416 4.973955 3.655877
15.673153 4.973955 31.996009
15.382537 5.247323 3.577942
14.190274 5.247323 31.918074
14.621438 5.907405 4.534421
14.505016 4.747260 2.607292
13.312753 4.747260 30.947424
13.248122 5.867400 4.258105
12.055859 5.867400 32.598237
13.192600 5.187315 2.819843
12.000337 5.187315 31.159975
19.782550 0.017336 4.732802
19.782550 26.687336 4.732802
17.328617 0.082677 4.909928
17.328617 26.752677 4.909928
15.137467 6.440805 5.412965
14.913512 4.060507 1.934214
13.721249 4.060508 30.274346
5.142535 5.880735 6.390700
6.539651 5.860732 6.277339
7.374486 4.973955 6.971672
8.857364 5.247323 7.049608
9.618463 5.907405 6.093128
10.032951 4.747260 0.935224
8.840688 4.747260 29.275356
10.991780 5.867400 6.369445
11.345367 5.187315 0.722673
10.153104 5.187315 29.062805
4.457352 0.017336 5.894747
4.457352 26.687336 5.894747
6.911285 0.082677 5.717622
6.911285 26.752677 5.717622
9.102435 6.440805 5.214584
9.624455 4.060507 1.608302
8.432192 4.060508 29.948434
-0.074516 3.104388 1.771258
-1.266779 3.104388 30.111390
-0.074516 29.774388 1.771258
-1.266779 29.774388 30.111390
24.612484 3.104388 1.771258
23.420221 3.104388 30.111390
24.612484 29.774388 1.771258
23.420221 29.774388 30.111390
17.635068 4.120515 2.848183
16.442805 4.120515 31.188315
19.032184 4.140518 2.734823
17.839921 4.140518 31.074955
19.867018 5.027295 3.429156
18.674755 5.027295 31.769288
-3.337103 4.753928 3.507091
-4.529366 4.753928 31.847223
21.349897 4.753928 3.507091
20.157634 4.753928 31.847223
-2.576004 4.093845 2.550612
-3.768267 4.093845 30.890744
22.110996 4.093845 2.550612
20.918733 4.093845 30.890744
-2.459582 5.253990 4.477741
22.227418 5.253990 4.477741
-1.202688 4.133850 2.826928
-2.394950 4.133850 31.167060
23.484312 4.133850 2.826928
22.292050 4.133850 31.167060
-1.147166 4.813935 4.265190
-2.339429 4.813935 32.605322
23.539834 4.813935 4.265190
22.347571 4.813935 32.605322
16.949884 3.316414 2.352231
15.757621 3.316415 30.692363
16.949884 29.986415 2.352231
15.757621 29.986415 30.692363
19.403818 3.251073 2.175105
18.211555 3.251073 30.515237
19.403818 29.921073 2.175105
18.211555 29.921073 30.515237
-3.092032 3.560445 1.672068
-4.284295 3.560445 30.012200
-3.092032 30.230445 1.672068
-4.284295 30.230445 30.012200
21.594968 3.560445 1.672068
20.402705 3.560445 30.012200
21.594968 30.230445 1.672068
20.402705 30.230445 30.012200
-2.868078 5.940743 5.150819
21.818922 5.940743 5.150819
6.902899 4.120515 0.694333
5.710636 4.120515 29.034465
5.505783 4.140518 0.807694
4.313520 4.140518 29.147826
4.670949 5.027295 0.113361
3.478686 5.027295 28.453492
3.188070 4.753928 0.035425
1.995807 4.753928 28.375557
27.875070 4.753928 0.035425
26.682807 4.753928 28.375557
2.426971 4.093845 0.991905
1.234708 4.093845 29.332037
27.113971 4.093845 0.991905
25.921708 4.093845 29.332037
2.012483 5.253990 6.149809
26.699483 5.253990 6.149809
1.053655 4.133850 0.715588
-0.138608 4.133850 29.055720
25.740655 4.133850 0.715588
24.548392 4.133850 29.055720
0.700067 4.813935 6.362360
25.387067 4.813935 6.362360
7.588083 3.316414 1.190286
6.395820 3.316415 29.530418
7.588083 29.986415 1.190286
6.395820 29.986415 29.530418
5.134149 3.251073 1.367411
3.941886 3.251073 29.707543
5.134149 29.921073 1.367411
3.941886 29.921073 29.707543
2.942999 3.560445 1.870449
1.750736 3.560445 30.210581
2.942999 30.230445 1.870449
1.750736 30.230445 30.210581
27.629999 3.560445 1.870449
26.437736 3.560445 30.210581
27.629999 30.230445 1.870449
26.437736 30.230445 30.210581
2.420979 5.940743 5.476731
27.107979 5.940743 5.476731
-0.223549 3.563112 5.313775
-0.223549 30.233112 5.313775
24.463451 3.563112 5.313775
24.463451 30.233112 5.313775
6.753866 2.546985 4.236850
5.561603 2.546985 32.576982
6.753866 29.216985 4.236850
5.561603 29.216985 32.576982
5.356750 2.526983 4.350210
5.356750 29.196982 4.350210
4.521916 1.640205 3.655877
3.329653 1.640205 31.996009
4.521916 28.310205 3.655877
3.329653 28.310205 31.996009
3.039037 1.913573 3.577942
1.846774 1.913573 31.918074
3.039037 28.583573 3.577942
1.846774 28.583573 31.918074
27.726037 1.913573 3.577942
26.533774 1.913573 31.918074
27.726037 28.583573 3.577942
26.533774 28.583573 31.918074
2.277938 2.573655 4.534421
2.277938 29.243655 4.534421
26.964938 2.573655 4.534421
26.964938 29.243655 4.534421
2.161516 1.413510 2.607292
0.969253 1.413510 30.947424
2.161516 28.083510 2.607292
0.969253 28.083510 30.947424
26.848516 1.413510 2.607292
25.656253 1.413510 30.947424
26.848516 28.083510 2.607292
25.656253 28.083510 30.947424
0.904622 2.533650 4.258105
-0.287641 2.533650 32.598237
0.904622 29.203650 4.258105
-0.287641 29.203650 32.598237
25.591622 2.533650 4.258105
24.399359 2.533650 32.598237
25.591622 29.203650 4.258105
24.399359 29.203650 32.598237
0.849100 1.853565 2.819843
-0.343163 1.853565 31.159975
0.849100 28.523565 2.819843
-0.343163 28.523565 31.159975
25.536100 1.853565 2.819843
24.343837 1.853565 31.159975
25.536100 28.523565 2.819843
24.343837 28.523565 31.159975
7.439050 3.351086 4.732802
7.439050 30.021086 4.732802
4.985117 3.416427 4.909928
4.985117 30.086427 4.909928
2.793967 3.107055 5.412965
2.793967 29.777055 5.412965
27.480967 3.107055 5.412965
27.480967 29.777055 5.412965
2.570012 0.726758 1.934214
1.377749 0.726758 30.274346
2.570012 27.396758 1.934214
1.377749 27.396758 30.274346
27.257012 0.726758 1.934214
26.064749 0.726758 30.274346
27.257012 27.396758 1.934214
26.064749 27.396758 30.274346
17.486035 2.546985 6.390700
17.486035 29.216985 6.390700
18.883151 2.526983 6.277339
18.883151 29.196982 6.277339
19.717986 1.640205 6.971672
19.717986 28.310205 6.971672
-3.486136 1.913573 7.049608
-3.486136 28.583573 7.049608
21.200864 1.913573 7.049608
21.200864 28.583573 7.049608
-2.725037 2.573655 6.093128
-2.725037 29.243655 6.093128
21.961963 2.573655 6.093128
21.961963 29.243655 6.093128
-2.310549 1.413510 0.935224
-3.502812 1.413510 29.275356
-2.310549 28.083510 0.935224
-3.502812 28.083510 29.275356
22.376451 1.413510 0.935224
21.184188 1.413510 29.275356
22.376451 28.083510 0.935224
21.184188 28.083510 29.275356
-1.351720 2.533650 6.369445
-1.351720 29.203650 6.369445
23.335280 2.533650 6.369445
23.335280 29.203650 6.369445
-0.998133 1.853565 0.722673
-2.190396 1.853565 29.062805
-0.998133 28.523565 0.722673
-2.190396 28.523565 29.062805
23.688867 1.853565 0.722673
22.496604 1.853565 29.062805
23.688867 28.523565 0.722673
22.496604 28.523565 29.062805
16.800852 3.351086 5.894747
16.800852 30.021086 5.894747
19.254785 3.416427 5.717622
19.254785 30.086427 5.717622
-3.241065 3.107055 5.214584
-3.241065 29.777055 5.214584
21.445935 3.107055 5.214584
21.445935 29.777055 5.214584
-2.719045 0.726758 1.608302
-3.911308 0.726758 29.948434
-2.719045 27.396758 1.608302
-3.911308 27.396758 29.948434
21.967955 0.726758 1.608302
20.775692 0.726758 29.948434
21.967955 27.396758 1.608302
20.775692 27.396758 29.948434
11.970918 6.438138 8.856291
4.993502 0.786765 9.933216
4.993502 27.456765 9.933216
6.390618 0.806768 9.819856
6.390618 27.476768 9.819856
7.225453 1.693545 10.514189
7.225453 28.363545 10.514189
8.708331 1.420178 10.592124
8.708331 28.090178 10.592124
9.469431 0.760095 9.635645
9.469431 27.430095 9.635645
9.585853 1.920240 11.562774
9.585853 28.590240 11.562774
10.842747 0.800100 9.911961
10.842747 27.470100 9.911961
10.898268 1.480185 11.350223
10.898268 28.150185 11.350223
4.308319 6.650165 9.437264
6.762252 6.584823 9.260138
8.953402 0.226695 8.757101
8.953402 26.896695 8.757101
9.177357 2.606993 12.235852
9.177357 29.276993 12.235852
18.948333 0.786765 7.779366
18.948333 27.456765 7.779366
17.551218 0.806768 7.892727
17.551218 27.476768 7.892727
16.716383 1.693545 7.198394
16.716383 28.363545 7.198394
15.233504 1.420178 7.120458
15.233504 28.090178 7.120458
14.472405 0.760095 8.076938
14.472405 27.430095 8.076938
14.057917 1.920240 13.234842
14.057917 28.590240 13.234842
13.099089 0.800100 7.800621
13.099089 27.470100 7.800621
12.745502 1.480185 13.447393
12.745502 28.150185 13.447393
19.633517 6.650165 8.275319
17.179584 6.584823 8.452444
14.988434 0.226695 8.955482
14.988434 26.896695 8.955482
14.466413 2.606993 12.561763
14.466413 29.276993 12.561763
11.821885 0.229362 12.398808
11.821885 26.899362 12.398808
18.799301 5.880735 11.321883
17.402185 5.860733 11.435243
16.567350 4.973955 10.740910
15.084471 5.247323 10.662975
14.323372 5.907405 11.619454
14.206950 4.747260 9.692325
12.950056 5.867400 11.343138
12.894534 5.187315 9.904876
19.484484 0.017336 11.817835
19.484484 26.687336 11.817835
17.030551 0.082677 11.994961
17.030551 26.752677 11.994961
14.839401 6.440805 12.497998
14.615446 4.060508 9.019247
4.844469 5.880735 13.475733
6.241585 5.860733 13.362372
7.076420 4.973955 14.056705
8.559298 5.247323 14.134641
9.320398 5.907405 13.178161
9.734886 4.747260 8.020257
10.693714 5.867400 13.454478
11.047301 5.187315 7.807706
4.159286 0.017336 12.979780
4.159286 26.687336 12.979780
6.613219 0.082677 12.802655
6.613219 26.752677 12.802655
8.804369 6.440805 12.299617
9.326390 4.060508 8.693335
-0.372582 3.104388 8.856291
-0.372582 29.774388 8.856291
24.314418 3.104388 8.856291
24.314418 29.774388 8.856291
17.337002 4.120515 9.933216
18.734118 4.140518 9.819856
19.568953 5.027295 10.514189
-3.635169 4.753928 10.592124
21.051831 4.753928 10.592124
-2.874069 4.093845 9.635645
21.812931 4.093845 9.635645
-2.757647 5.253990 11.562774
21.929353 5.253990 11.562774
-1.500753 4.133850 9.911961
23.186247 4.133850 9.911961
-1.445232 4.813935 11.350223
23.241768 4.813935 11.350223
16.651819 3.316414 9.437264
16.651819 29.986415 9.437264
19.105752 3.251073 9.260138
19.105752 29.921073 9.260138
-3.390098 3.560445 8.757101
-3.390098 30.230445 8.757101
21.296902 3.560445 8.757101
21.296902 30.230445 8.757101
-3.166143 5.940743 12.235852
21.520857 5.940743 12.235852
6.604833 4.120515 7.779366
5.207718 4.140518 7.892727
4.372883 5.027295 7.198394
2.890004 4.753928 7.120458
27.577004 4.753928 7.120458
2.128905 4.093845 8.076938
26.815905 4.093845 8.076938
1.714417 5.253990 13.234842
26.401417 5.253990 13.234842
0.755589 4.133850 7.800621
25.442589 4.133850 7.800621
0.402002 4.813935 13.447393
25.089002 4.813935 13.447393
7.290017 3.316414 8.275319
7.290017 29.986415 8.275319
4.836084 3.251073 8.452444
4.836084 29.921073 8.452444
2.644934 3.560445 8.955482
2.644934 30.230445 8.955482
27.331934 3.560445 8.955482
27.331934 30.230445 8.955482
2.122913 5.940743 12.561763
26.809913 5.940743 12.561763
-0.521615 3.563112 12.398808
-0.521615 30.233112 12.398808
24.165385 3.563112 12.398808
24.165385 30.233112 12.398808
6.455801 2.546985 11.321883
6.455801 29.216985 11.321883
5.058685 2.526983 11.435243
5.058685 29.196982 11.435243
4.223850 1.640205 10.740910
4.223850 28.310205 10.740910
2.740971 1.913573 10.662975
2.740971 28.583573 10.662975
27.427971 1.913573 10.662975
27.427971 28.583573 10.662975
1.979872 2.573655 11.619454
1.979872 29.243655 11.619454
26.666872 2.573655 11.619454
26.666872 29.243655 11.619454
1.863450 1.413510 9.692325
1.863450 28.083510 9.692325
26.550450 1.413510 9.692325
26.550450 28.083510 9.692325
0.606556 2.533650 11.343138
0.606556 29.203650 11.343138
25.293556 2.533650 11.343138
25.293556 29.203650 11.343138
0.551034 1.853565 9.904876
0.551034 28.523565 9.904876
25.238034 1.853565 9.904876
25.238034 28.523565 9.904876
7.140984 3.351086 11.817835
7.140984 30.021086 11.817835
4.687051 3.416427 11.994961
4.687051 30.086427 11.994961
2.495901 3.107055 12.497998
2.495901 29.777055 12.497998
27.182901 3.107055 12.497998
27.182901 29.777055 12.497998
2.271946 0.726758 9.019247
2.271946 27.396758 9.019247
26.958946 0.726758 9.019247
26.958946 27.396758 9.019247
17.187969 2.546985 13.475733
17.187969 29.216985 13.475733
18.585085 2.526983 13.362372
18.585085 29.196982 13.362372
19.419920 1.640205 14.056705
19.419920 28.310205 14.056705
-3.784202 1.913573 14.134641
-3.784202 28.583573 14.134641
20.902798 1.913573 14.134641
20.902798 28.583573 14.134641
-3.023102 2.573655 13.178161
-3.023102 29.243655 13.178161
21.663898 2.573655 13.178161
21.663898 29.243655 13.178161
-2.608614 1.413510 8.020257
-2.608614 28.083510 8.020257
22.078386 1.413510 8.020257
22.078386 28.083510 8.020257
-1.649786 2.533650 13.454478
-1.649786 29.203650 13.454478
23.037214 2.533650 13.454478
23.037214 29.203650 13.454478
-1.296199 1.853565 7.807706
-1.296199 28.523565 7.807706
23.390801 1.853565 7.807706
23.390801 28.523565 7.807706
16.502786 3.351086 12.979780
16.502786 30.021086 12.979780
18.956719 3.416427 12.802655
18.956719 30.086427 12.802655
-3.539131 3.107055 12.299617
-3.539131 29.777055 12.299617
21.147869 3.107055 12.299617
21.147869 29.777055 12.299617
-3.017110 0.726758 8.693335
-3.017110 27.396758 8.693335
21.669890 0.726758 8.693335
21.669890 27.396758 8.693335
11.672852 6.438138 15.941324
4.695436 0.786765 17.018249
4.695436 27.456765 17.018249
6.092552 0.806768 16.904889
6.092552 27.476768 16.904889
6.927387 1.693545 17.599222
6.927387 28.363545 17.599222
8.410266 1.420178 17.677157
8.410266 28.090178 17.677157
9.171365 0.760095 16.720678
9.171365 27.430095 16.720678
9.287787 1.920240 18.647807
9.287787 28.590240 18.647807
10.544681 0.800100 16.996994
10.544681 27.470100 16.996994
10.600203 1.480185 18.435256
10.600203 28.150185 18.435256
4.010253 6.650165 16.522297
6.464186 6.584823 16.345171
8.655336 0.226695 15.842134
8.655336 26.896695 15.842134
8.879291 2.606993 19.320885
8.879291 29.276993 19.320885
18.650268 0.786765 14.864399
18.650268 27.456765 14.864399
17.253152 0.806768 14.977760
17.253152 27.476768 14.977760
16.418317 1.693545 14.283427
16.418317 28.363545 14.283427
14.935439 1.420178 14.205491
14.935439 28.090178 14.205491
14.174339 0.760095 15.161971
14.174339 27.430095 15.161971
13.759851 1.920240 20.319875
13.759851 28.590240 20.319875
12.801023 0.800100 14.885654
12.801023 27.470100 14.885654
12.447436 1.480185 20.532426
12.447436 28.150185 20.532426
19.335451 6.650165 15.360352
16.881518 6.584823 15.537477
14.690368 0.226695 16.040515
14.690368 26.896695 16.040515
14.168347 2.606993 19.646796
14.168347 29.276993 19.646796
11.523819 0.229362 19.483841
11.523819 26.899362 19.483841
18.501235 5.880735 18.406916
17.104119 5.860733 18.520276
16.269284 4.973955 17.825943
14.786406 5.247323 17.748008
14.025306 5.907405 18.704487
13.908884 4.747260 16.777358
12.651990 5.867400 18.428171
12.596469 5.187315 16.989909
19.186418 0.017336 18.902868
19.186418 26.687336 18.902868
16.732485 0.082677 19.079994
16.732485 26.752677 19.079994
14.541335 6.440805 19.583031
14.317380 4.060508 16.104280
4.546404 5.880735 20.560766
5.943519 5.860733 20.447405
6.778354 4.973955 21.141738
8.261233 5.247323 21.219674
9.022332 5.907405 20.263194
9.436820 4.747260 15.105290
10.395648 5.867400 20.539511
10.749235 5.187315 14.892739
3.861220 0.017336 20.064813
3.861220 26.687336 20.064813
6.315153 0.082677 19.887688
6.315153 26.752677 19.887688
8.506303 6.440805 19.384650
9.028324 4.060508 15.778368
-0.670648 3.104388 15.941324
-0.670648 29.774388 15.941324
24.016352 3.104388 15.941324
24.016352 29.774388 15.941324
17.038936 4.120515 17.018249
18.436052 4.140518 16.904889
19.270887 5.027295 17.599222
-3.933234 4.753928 17.677157
20.753766 4.753928 17.677157
-3.172135 4.093845 16.720678
21.514865 4.093845 16.720678
-3.055713 5.253990 18.647807
21.631287 5.253990 18.647807
-1.798819 4.133850 16.996994
22.888181 4.133850 16.996994
-1.743297 4.813935 18.435256
22.943703 4.813935 18.435256
16.353753 3.316414 16.522297
16.353753 29.986415 16.522297
18.807686 3.251073 16.345171
18.807686 29.921073 16.345171
-3.688164 3.560445 15.842134
-3.688164 30.230445 15.842134
20.998836 3.560445 15.842134
20.998836 30.230445 15.842134
-3.464209 5.940743 19.320885
21.222791 5.940743 19.320885
6.306768 4.120515 14.864399
4.909652 4.140518 14.977760
4.074817 5.027295 14.283427
2.591939 4.753928 14.205491
27.278939 4.753928 14.205491
1.830839 4.093845 15.161971
26.517839 4.093845 15.161971
1.416351 5.253990 20.319875
26.103351 5.253990 20.319875
0.457523 4.133850 14.885654
25.144523 4.133850 14.885654
0.103936 4.813935 20.532426
24.790936 4.813935 20.532426
6.991951 3.316414 15.360352
6.991951 29.986415 15.360352
4.538018 3.251073 15.537477
4.538018 29.921073 15.537477
2.346868 3.560445 16.040515
2.346868 30.230445 16.040515
27.033868 3.560445 16.040515
27.033868 30.230445 16.040515
1.824847 5.940743 19.646796
26.511847 5.940743 19.646796
-0.819681 3.563112 19.483841
-0.819681 30.233112 19.483841
23.867319 3.563112 19.483841
23.867319 30.233112 19.483841
6.157735 2.546985 18.406916
6.157735 29.216985 18.406916
4.760619 2.526983 18.520276
4.760619 29.196983 18.520276
3.925784 1.640205 17.825943
3.925784 28.310205 17.825943
2.442906 1.913573 17.748008
2.442906 28.583573 17.748008
27.129906 1.913573 17.748008
27.129906 28.583573 17.748008
1.681806 2.573655 18.704487
1.681806 29.243655 18.704487
26.368806 2.573655 18.704487
26.368806 29.243655 18.704487
1.565384 1.413510 16.777358
1.565384 28.083510 16.777358
26.252384 1.413510 16.777358
26.252384 28.083510 16.777358
0.308490 2.533650 18.428171
0.308490 29.203650 18.428171
24.995490 2.533650 18.428171
24.995490 29.203650 18.428171
0.252969 1.853565 16.989909
0.252969 28.523565 16.989909
24.939969 1.853565 16.989909
24.939969 28.523565 16.989909
6.842918 3.351086 18.902868
6.842918 30.021086 18.902868
4.388985 3.416427 19.079994
4.388985 30.086427 19.079994
2.197835 3.107055 19.583031
2.197835 29.777055 19.583031
26.884835 3.107055 19.583031
26.884835 29.777055 19.583031
1.973880 0.726758 16.104280
1.973880 27.396758 16.104280
26.660880 0.726758 16.104280
26.660880 27.396758 16.104280
16.889904 2.546985 20.560766
16.889904 29.216985 20.560766
18.287019 2.526983 20.447405
18.287019 29.196982 20.447405
19.121854 1.640205 21.141738
19.121854 28.310205 21.141738
-4.082267 1.913573 21.219674
-4.082267 28.583573 21.219674
20.604733 1.913573 21.219674
20.604733 28.583573 21.219674
-3.321168 2.573655 20.263194
-3.321168 29.243655 20.263194
21.365832 2.573655 20.263194
21.365832 29.243655 20.263194
-2.906680 1.413510 15.105290
-2.906680 28.083510 15.105290
21.780320 1.413510 15.105290
21.780320 28.083510 15.105290
-1.947852 2.533650 20.539511
-1.947852 29.203650 20.539511
22.739148 2.533650 20.539511
22.739148 29.203650 20.539511
-1.594265 1.853565 14.892739
-1.594265 28.523565 14.892739
23.092735 1.853565 14.892739
23.092735 28.523565 14.892739
16.204720 3.351086 20.064813
16.204720 30.021086 20.064813
18.658653 3.416427 19.887688
18.658653 30.086427 19.887688
-3.837197 3.107055 19.384650
-3.837197 29.777055 19.384650
20.849803 3.107055 19.384650
20.849803 29.777055 19.384650
-3.315176 0.726758 15.778368
-3.315176 27.396758 15.778368
21.371824 0.726758 15.778368
21.371824 27.396758 15.778368
11.374786 6.438138 23.026357
5.589634 0.786765 -4.236850
4.397371 0.786765 24.103282
5.589634 27.456765 -4.236850
4.397371 27.456765 24.103282
5.794487 0.806768 23.989922
5.794487 27.476768 23.989922
7.821584 1.693545 -3.655877
6.629321 1.693545 24.684255
7.821584 28.363545 -3.655877
6.629321 28.363545 24.684255
9.304463 1.420177 -3.577942
8.112200 1.420178 24.762190
9.304463 28.090178 -3.577942
8.112200 28.090178 24.762190
8.873299 0.760095 23.805711
8.873299 27.430095 23.805711
10.181984 1.920240 -2.607292
8.989721 1.920240 25.732840
10.181984 28.590240 -2.607292
8.989721 28.590240 25.732840
11.438878 0.800100 -4.258105
10.246615 0.800100 24.082027
11.438878 27.470100 -4.258105
10.246615 27.470100 24.082027
11.494400 1.480185 -2.819843
10.302137 1.480185 25.520289
11.494400 28.150185 -2.819843
10.302137 28.150185 25.520289
3.712187 6.650165 23.607330
6.166120 6.584823 23.430204
8.357270 0.226695 22.927167
8.357270 26.896695 22.927167
9.773488 2.606993 -1.934214
8.581225 2.606993 26.405918
9.773488 29.276993 -1.934214
8.581225 29.276993 26.405918
18.352202 0.786765 21.949432
18.352202 27.456765 21.949432
16.955086 0.806768 22.062793
16.955086 27.476768 22.062793
16.120252 1.693545 21.368460
16.120252 28.363545 21.368460
14.637373 1.420178 21.290524
14.637373 28.090178 21.290524
13.876274 0.760095 22.247004
13.876274 27.430095 22.247004
14.654049 1.920240 -0.935224
13.461786 1.920240 27.404908
14.654049 28.590240 -0.935224
13.461786 28.590240 27.404908
12.502957 0.800100 21.970687
12.502957 27.470100 21.970687
13.341633 1.480185 -0.722673
12.149370 1.480185 27.617459
13.341633 28.150185 -0.722673
12.149370 28.150185 27.617459
19.037386 6.650165 22.445385
16.583452 6.584823 22.622510
14.392302 0.226695 23.125548
14.392302 26.896695 23.125548
15.062545 2.606993 -1.608302
13.870282 2.606993 26.731829
15.062545 29.276993 -1.608302
13.870282 29.276993 26.731829
12.418016 0.229362 -1.771258
11.225753 0.229362 26.568874
12.418016 26.899362 -1.771258
11.225753 26.899362 26.568874
19.395432 5.880735 -2.848183
18.203169 5.880735 25.491949
17.998316 5.860733 -2.734823
16.806053 5.860733 25.605309
17.163482 4.973955 -3.429156
15.971219 4.973955 24.910976
15.680603 5.247323 -3.507091
14.488340 5.247323 24.833041
14.919504 5.907405 -2.550612
13.727241 5.907405 25.789520
13.610819 4.747260 23.862391
13.546188 5.867400 -2.826928
12.353925 5.867400 25.513204
13.490666 5.187315 -4.265190
12.298403 5.187315 24.074942
20.080616 0.017336 -2.352231
18.888353 0.017336 25.987901
20.080616 26.687336 -2.352231
18.888353 26.687336 25.987901
17.626682 0.082677 -2.175105
16.434419 0.082677 26.165027
17.626682 26.752677 -2.175105
16.434419 26.752677 26.165027
15.435532 6.440805 -1.672068
14.243269 6.440805 26.668064
14.019315 4.060508 23.189313
5.440601 5.880735 -0.694333
4.248338 5.880735 27.645799
6.837717 5.860733 -0.807694
5.645454 5.860733 27.532438
7.672551 4.973955 -0.113361
6.480288 4.973955 28.226771
9.155430 5.247323 -0.035425
7.963167 5.247323 28.304707
9.916529 5.907405 -0.991905
8.724266 5.907405 27.348227
9.138754 4.747260 22.190323
11.289845 5.867400 -0.715588
10.097582 5.867400 27.624544
10.451170 5.187315 21.977772
4.755417 0.017336 -1.190286
3.563154 0.017336 27.149846
4.755417 26.687336 -1.190286
3.563154 26.687336 27.149846
7.209351 0.082677 -1.367411
6.017088 0.082677 26.972721
7.209351 26.752677 -1.367411
6.017088 26.752677 26.972721
9.400501 6.440805 -1.870449
8.208238 6.440805 26.469683
8.730258 4.060508 22.863401
-0.968714 3.104388 23.026357
-0.968714 29.774388 23.026357
23.718286 3.104388 23.026357
23.718286 29.774388 23.026357
17.933134 4.120515 -4.236850
16.740871 4.120515 24.103282
18.137987 4.140518 23.989922
20.165084 5.027295 -3.655877
18.972821 5.027295 24.684255
-3.039037 4.753928 -3.577942
-4.231300 4.753928 24.762190
21.647963 4.753928 -3.577942
20.455700 4.753928 24.762190
-3.470201 4.093845 23.805711
21.216799 4.093845 23.805711
-2.161516 5.253990 -2.607292
-3.353779 5.253990 25.732840
22.525484 5.253990 -2.607292
21.333221 5.253990 25.732840
-0.904622 4.133850 -4.258105
-2.096885 4.133850 24.082027
23.782378 4.133850 -4.258105
22.590115 4.133850 24.082027
-0.849100 4.813935 -2.819843
-2.041363 4.813935 25.520289
23.837900 4.813935 -2.819843
22.645637 4.813935 25.520289
16.055687 3.316415 23.607330
16.055687 29.986415 23.607330
18.509620 3.251073 23.430204
18.509620 29.921073 23.430204
-3.986230 3.560445 22.927167
-3.986230 30.230445 22.927167
20.700770 3.560445 22.927167
20.700770 30.230445 22.927167
-2.570012 5.940743 -1.934214
-3.762275 5.940743 26.405918
22.116988 5.940743 -1.934214
20.924725 5.940743 26.405918
6.008702 4.120515 21.949432
4.611586 4.140518 22.062793
3.776752 5.027295 21.368460
2.293873 4.753928 21.290524
26.980873 4.753928 21.290524
1.532774 4.093845 22.247004
26.219774 4.093845 22.247004
2.310549 5.253990 -0.935224
1.118286 5.253990 27.404908
26.997549 5.253990 -0.935224
25.805286 5.253990 27.404908
0.159457 4.133850 21.970687
24.846457 4.133850 21.970687
0.998133 4.813935 -0.722673
-0.194130 4.813935 27.617459
25.685133 4.813935 -0.722673
24.492870 4.813935 27.617459
6.693886 3.316415 22.445385
6.693886 29.986415 22.445385
4.239952 3.251073 22.622510
4.239952 29.921073 22.622510
2.048802 3.560445 23.125548
2.048802 30.230445 23.125548
26.735802 3.560445 23.125548
26.735802 30.230445 23.125548
2.719045 5.940743 -1.608302
1.526782 5.940743 26.731829
27.406045 5.940743 -1.608302
26.213782 5.940743 26.731829
0.074516 3.563112 -1.771258
-1.117747 3.563112 26.568874
0.074516 30.233112 -1.771258
-1.117747 30.233112 26.568874
24.761516 3.563112 -1.771258
23.569253 3.563112 26.568874
24.761516 30.233112 -1.771258
23.569253 30.233112 26.568874
7.051932 2.546985 -2.848183
5.859669 2.546985 25.491949
7.051932 29.216985 -2.848183
5.859669 29.216985 25.491949
5.654816 2.526983 -2.734823
4.462553 2.526983 25.605309
5.654816 29.196983 -2.734823
4.462553 29.196983 25.605309
4.819982 1.640205 -3.429156
3.627719 1.640205 24.910976
4.819982 28.310205 -3.429156
3.627719 28.310205 24.910976
3.337103 1.913573 -3.507091
2.144840 1.913573 24.833041
3.337103 28.583573 -3.507091
2.144840 28.583573 24.833041
28.024103 1.913573 -3.507091
26.831840 1.913573 24.833041
28.024103 28.583573 -3.507091
26.831840 28.583573 24.833041
2.576004 2.573655 -2.550612
1.383741 2.573655 25.789520
2.576004 29.243655 -2.550612
1.383741 29.243655 25.789520
27.263004 2.573655 -2.550612
26.070741 2.573655 25.789520
27.263004 29.243655 -2.550612
26.070741 29.243655 25.789520
1.267319 1.413510 23.862391
1.267319 28.083510 23.862391
25.954319 1.413510 23.862391
25.954319 28.083510 23.862391
1.202688 2.533650 -2.826928
0.010425 2.533650 25.513204
1.202688 29.203650 -2.826928
0.010425 29.203650 25.513204
25.889688 2.533650 -2.826928
24.697425 2.533650 25.513204
25.889688 29.203650 -2.826928
24.697425 29.203650 25.513204
1.147166 1.853565 -4.265190
-0.045097 1.853565 24.074942
1.147166 28.523565 -4.265190
-0.045097 28.523565 24.074942
25.834166 1.853565 -4.265190
24.641903 1.853565 24.074942
25.834166 28.523565 -4.265190
24.641903 28.523565 24.074942
7.737116 3.351086 -2.352231
6.544853 3.351086 25.987901
7.737116 30.021086 -2.352231
6.544853 30.021086 25.987901
5.283182 3.416427 -2.175105
4.090919 3.416427 26.165027
5.283182 30.086427 -2.175105
4.090919 30.086427 26.165027
3.092032 3.107055 -1.672068
1.899769 3.107055 26.668064
3.092032 29.777055 -1.672068
1.899769 29.777055 26.668064
27.779032 3.107055 -1.672068
26.586769 3.107055 26.668064
27.779032 29.777055 -1.672068
26.586769 29.777055 26.668064
1.675815 0.726758 23.189313
1.675815 27.396758 23.189313
26.362815 0.726758 23.189313
26.362815 27.396758 23.189313
17.784101 2.546985 -0.694333
16.591838 2.546985 27.645799
17.784101 29.216985 -0.694333
16.591838 29.216985 27.645799
19.181217 2.526983 -0.807694
17.988954 2.526983 27.532438
19.181217 29.196982 -0.807694
17.988954 29.196982 27.532438
20.016051 1.640205 -0.113361
18.823788 1.640205 28.226771
20.016051 28.310205 -0.113361
18.823788 28.310205 28.226771
-3.188070 1.913573 -0.035425
-4.380333 1.913573 28.304707
-3.188070 28.583573 -0.035425
-4.380333 28.583573 28.304707
21.498930 1.913573 -0.035425
20.306667 1.913573 28.304707
21.498930 28.583573 -0.035425
20.306667 28.583573 28.304707
-2.426971 2.573655 -0.991905
-3.619234 2.573655 27.348227
-2.426971 29.243655 -0.991905
-3.619234 29.243655 27.348227
22.260029 2.573655 -0.991905
21.067766 2.573655 27.348227
22.260029 29.243655 -0.991905
21.067766 29.243655 27.348227
-3.204746 1.413510 22.190323
-3.204746 28.083510 22.190323
21.482254 1.413510 22.190323
21.482254 28.083510 22.190323
-1.053655 2.533650 -0.715588
-2.245918 2.533650 27.624544
-1.053655 29.203650 -0.715588
-2.245918 29.203650 27.624544
23.633345 2.533650 -0.715588
22.441082 2.533650 27.624544
23.633345 29.203650 -0.715588
22.441082 29.203650 27.624544
-1.892330 1.853565 21.977772
-1.892330 28.523565 21.977772
22.794670 1.853565 21.977772
22.794670 28.523565 21.977772
17.098917 3.351086 -1.190286
15.906654 3.351086 27.149846
17.098917 30.021086 -1.190286
15.906654 30.021086 27.149846
19.552851 3.416427 -1.367411
18.360588 3.416427 26.972721
19.552851 30.086427 -1.367411
18.360588 30.086427 26.972721
-2.942999 3.107055 -1.870449
-4.135262 3.107055 26.469683
-2.942999 29.777055 -1.870449
-4.135262 29.777055 26.469683
21.744001 3.107055 -1.870449
20.551738 3.107055 26.469683
21.744001 29.777055 -1.870449
20.551738 29.777055 26.469683
-3.613242 0.726758 22.863401
-3.613242 27.396758 22.863401
21.073758 0.726758 22.863401
21.073758 27.396758 22.863401
12.268984 13.105638 1.771258
11.076721 13.105638 30.111390
5.291568 7.454265 2.848183
4.099305 7.454265 31.188315
6.688684 7.474268 2.734823
5.496421 7.474268 31.074955
7.523518 8.361045 3.429156
6.331255 8.361045 31.769288
9.006397 8.087678 3.507091
7.814134 8.087678 31.847223
9.767496 7.427595 2.550612
8.575233 7.427595 30.890744
9.883918 8.587740 4.477741
11.140812 7.467600 2.826928
9.948550 7.467600 31.167060
11.196334 8.147685 4.265190
10.004071 8.147685 32.605322
4.606384 13.317664 2.352231
3.414121 13.317664 30.692363
7.060318 13.252323 2.175105
5.868055 13.252323 30.515237
9.251468 6.894195 1.672068
8.059205 6.894195 30.012200
9.475422 9.274493 5.150819
19.246399 7.454265 0.694333
18.054136 7.454265 29.034465
17.849283 7.474268 0.807694
16.657020 7.474268 29.147826
17.014449 8.361045 0.113361
15.822186 8.361045 28.453492
15.531570 8.087678 0.035425
14.339307 8.087678 28.375557
14.770471 7.427595 0.991905
13.578208 7.427595 29.332037
14.355983 8.587740 6.149809
13.397155 7.467600 0.715588
12.204892 7.467600 29.055720
13.043567 8.147685 6.362360
19.931583 13.317664 1.190286
18.739320 13.317664 29.530418
17.477649 13.252323 1.367411
16.285386 13.252323 29.707543
15.286499 6.894195 1.870449
14.094236 6.894195 30.210581
14.764479 9.274493 5.476731
12.119951 6.896862 5.313775
19.097366 12.548235 4.236850
17.905103 12.548235 32.576982
17.700250 12.528233 4.350210
16.865416 11.641455 3.655877
15.673153 11.641455 31.996009
15.382537 11.914822 3.577942
14.190274 11.914822 31.918074
14.621438 12.574905 4.534421
14.505016 11.414760 2.607292
13.312753 11.414760 30.947424
13.248122 12.534900 4.258105
12.055859 12.534900 32.598237
13.192600 11.854815 2.819843
12.000337 11.854815 31.159975
19.782550 6.684836 4.732802
17.328617 6.750177 4.909928
15.137467 13.108305 5.412965
14.913512 10.728007 1.934214
13.721249 10.728008 30.274346
5.142535 12.548235 6.390700
6.539651 12.528233 6.277339
7.374486 11.641455 6.971672
8.857364 11.914822 7.049608
9.618463 12.574905 6.093128
10.032951 11.414760 0.935224
8.840688 11.414760 29.275356
10.991780 12.534900 6.369445
11.345367 11.854815 0.722673
10.153104 11.854815 29.062805
4.457352 6.684836 5.894747
6.911285 6.750177 5.717622
9.102435 13.108305 5.214584
9.624455 10.728007 1.608302
8.432192 10.728008 29.948434
-0.074516 9.771888 1.771258
-1.266779 9.771888 30.111390
24.612484 9.771888 1.771258
23.420221 9.771888 30.111390
17.635068 10.788015 2.848183
16.442805 10.788015 31.188315
19.032184 10.808018 2.734823
17.839921 10.808018 31.074955
19.867018 11.694795 3.429156
18.674755 11.694795 31.769288
-3.337103 11.421428 3.507091
-4.529366 11.421428 31.847223
21.349897 11.421428 3.507091
20.157634 11.421428 31.847223
-2.576004 10.761345 2.550612
-3.768267 10.761345 30.890744
22.110996 10.761345 2.550612
20.918733 10.761345 30.890744
-2.459582 11.921490 4.477741
22.227418 11.921490 4.477741
-1.202688 10.801350 2.826928
-2.394950 10.801350 31.167060
23.484312 10.801350 2.826928
22.292050 10.801350 31.167060
-1.147166 11.481435 4.265190
-2.339429 11.481435 32.605322
23.539834 11.481435 4.265190
22.347571 11.481435 32.605322
16.949884 9.983914 2.352231
15.757621 9.983914 30.692363
19.403818 9.918573 2.175105
18.211555 9.918573 30.515237
-3.092032 10.227945 1.672068
-4.284295 10.227945 30.012200
21.594968 10.227945 1.672068
20.402705 10.227945 30.012200
-2.868078 12.608243 5.150819
21.818922 12.608243 5.150819
6.902899 10.788015 0.694333
5.710636 10.788015 29.034465
5.505783 10.808018 0.807694
4.313520 10.808018 29.147826
4.670949 11.694795 0.113361
3.478686 11.694795 28.453492
3.188070 11.421428 0.035425
1.995807 11.421428 28.375557
27.875070 11.421428 0.035425
26.682807 11.421428 28.375557
2.426971 10.761345 0.991905
1.234708 10.761345 29.332037
27.113971 10.761345 0.991905
25.921708 10.761345 29.332037
2.012483 11.921490 6.149809
26.699483 11.921490 6.149809
1.053655 10.801350 0.715588
-0.138608 10.801350 29.055720
25.740655 10.801350 0.715588
24.548392 10.801350 29.055720
0.700067 11.481435 6.362360
25.387067 11.481435 6.362360
7.588083 9.983914 1.190286
6.395820 9.983914 29.530418
5.134149 9.918573 1.367411
3.941886 9.918573 29.707543
2.942999 10.227945 1.870449
1.750736 10.227945 30.210581
27.629999 10.227945 1.870449
26.437736 10.227945 30.210581
2.420979 12.608243 5.476731
27.107979 12.608243 5.476731
-0.223549 10.230612 5.313775
24.463451 10.230612 5.313775
6.753866 9.214485 4.236850
5.561603 9.214485 32.576982
5.356750 9.194483 4.350210
4.521916 8.307705 3.655877
3.329653 8.307705 31.996009
3.039037 8.581072 3.577942
1.846774 8.581072 31.918074
27.726037 8.581072 3.577942
26.533774 8.581072 31.918074
2.277938 9.241155 4.534421
26.964938 9.241155 4.534421
2.161516 8.081010 2.607292
0.969253 8.081010 30.947424
26.848516 8.081010 2.607292
25.656253 8.081010 30.947424
0.904622 9.201150 4.258105
-0.287641 9.201150 32.598237
25.591622 9.201150 4.258105
24.399359 9.201150 32.598237
0.849100 8.521065 2.819843
-0.343163 8.521065 31.159975
25.536100 8.521065 2.819843
24.343837 8.521065 31.159975
7.439050 10.018586 4.732802
4.985117 10.083927 4.909928
2.793967 9.774555 5.412965
27.480967 9.774555 5.412965
2.570012 7.394258 1.934214
1.377749 7.394258 30.274346
27.257012 7.394258 1.934214
26.064749 7.394258 30.274346
17.486035 9.214485 6.390700
18.883151 9.194483 6.277339
19.717986 8.307705 6.971672
-3.486136 8.581072 7.049608
21.200864 8.581072 7.049608
-2.725037 9.241155 6.093128
21.961963 9.241155 6.093128
-2.310549 8.081010 0.935224
-3.502812 8.081010 29.275356
22.376451 8.081010 0.935224
21.184188 8.081010 29.275356
-1.351720 9.201150 6.369445
23.335280 9.201150 6.369445
-0.998133 8.521065 0.722673
-2.190396 8.521065 29.062805
23.688867 8.521065 0.722673
22.496604 8.521065 29.062805
16.800852 10.018586 5.894747
19.254785 10.083927 5.717622
-3.241065 9.774555 5.214584
21.445935 9.774555 5.214584
-2.719045 7.394258 1.608302
-3.911308 7.394258 29.948434
21.967955 7.394258 1.608302
20.775692 7.394258 29.948434
11.970918 13.105638 8.856291
4.993502 7.454265 9.933216
6.390618 7.474268 9.819856
7.225453 8.361045 10.514189
8.708331 8.087678 10.592124
9.469431 7.427595 9.635645
9.585853 8.587740 11.562774
10.842747 7.467600 9.911961
10.898268 8.147685 11.350223
4.308319 13.317664 9.437264
6.762252 13.252323 9.260138
8.953402 6.894195 8.757101
9.177357 9.274492 12.235852
18.948333 7.454265 7.779366
17.551218 7.474268 7.892727
16.716383 8.361045 7.198394
15.233504 8.087678 7.120458
14.472405 7.427595 8.076938
14.057917 8.587740 13.234842
13.099089 7.467600 7.800621
12.745502 8.147685 13.447393
19.633517 13.317664 8.275319
17.179584 13.252323 8.452444
14.988434 6.894195 8.955482
14.466413 9.274492 12.561763
11.821885 6.896862 12.398808
18.799301 12.548235 11.321883
17.402185 12.528233 11.435243
16.567350 11.641455 10.740910
15.084471 11.914822 10.662975
14.323372 12.574905 11.619454
14.206950 11.414760 9.692325
12.950056 12.534900 11.343138
12.894534 11.854815 9.904876
19.484484 6.684836 11.817835
17.030551 6.750177 11.994961
14.839401 13.108305 12.497998
14.615446 10.728007 9.019247
4.844469 12.548235 13.475733
6.241585 12.528232 13.362372
7.076420 11.641455 14.056705
8.559298 11.914822 14.134641
9.320398 12.574905 13.178161
9.734886 11.414760 8.020257
10.693714 12.534900 13.454478
11.047301 11.854815 7.807706
4.159286 6.684836 12.979780
6.613219 6.750177 12.802655
8.804369 13.108305 12.299617
9.326390 10.728007 8.693335
-0.372582 9.771888 8.856291
24.314418 9.771888 8.856291
17.337002 10.788015 9.933216
18.734118 10.808018 9.819856
19.568953 11.694795 10.514189
-3.635169 11.421428 10.592124
21.051831 11.421428 10.592124
-2.874069 10.761345 9.635645
21.812931 10.761345 9.635645
-2.757647 11.921490 11.562774
21.929353 11.921490 11.562774
-1.500753 10.801350 9.911961
23.186247 10.801350 9.911961
-1.445232 11.481435 11.350223
23.241768 11.481435 11.350223
16.651819 9.983914 9.437264
19.105752 9.918573 9.260138
-3.390098 10.227945 8.757101
21.296902 10.227945 8.757101
-3.166143 12.608242 12.235852
21.520857 12.608242 12.235852
6.604833 10.788015 7.779366
5.207718 10.808018 7.892727
4.372883 11.694795 7.198394
2.890004 11.421428 7.120458
27.577004 11.421428 7.120458
2.128905 10.761345 8.076938
26.815905 10.761345 8.076938
1.714417 11.921490 13.234842
26.401417 11.921490 13.234842
0.755589 10.801350 7.800621
25.442589 10.801350 7.800621
0.402002 11.481435 13.447393
25.089002 11.481435 13.447393
7.290017 9.983914 8.275319
4.836084 9.918573 8.452444
2.644934 10.227945 8.955482
27.331934 10.227945 8.955482
2.122913 12.608242 12.561763
26.809913 12.608242 12.561763
-0.521615 10.230612 12.398808
24.165385 10.230612 12.398808
6.455801 9.214485 11.321883
5.058685 9.194483 11.435243
4.223850 8.307705 10.740910
2.740971 8.581072 10.662975
27.427971 8.581072 10.662975
1.979872 9.241155 11.619454
26.666872 9.241155 11.619454
1.863450 8.081010 9.692325
26.550450 8.081010 9.692325
0.606556 9.201150 11.343138
25.293556 9.201150 11.343138
0.551034 8.521065 9.904876
25.238034 8.521065 9.904876
7.140984 10.018586 11.817835
4.687051 10.083927 11.994961
2.495901 9.774555 12.497998
27.182901 9.774555 12.497998
2.271946 7.394258 9.019247
26.958946 7.394258 9.019247
17.187969 9.214485 13.475733
18.585085 9.194482 13.362372
19.419920 8.307705 14.056705
-3.784202 8.581072 14.134641
20.902798 8.581072 14.134641
-3.023102 9.241155 13.178161
21.663898 9.241155 13.178161
-2.608614 8.081010 8.020257
22.078386 8.081010 8.020257
-1.649786 9.201150 13.454478
23.037214 9.201150 13.454478
-1.296199 8.521065 7.807706
23.390801 8.521065 7.807706
16.502786 10.018586 12.979780
18.956719 10.083927 12.802655
-3.539131 9.774555 12.299617
21.147869 9.774555 12.299617
-3.017110 7.394258 8.693335
21.669890 7.394258 8.693335
11.672852 13.105638 15.941324
4.695436 7.454265 17.018249
6.092552 7.474268 16.904889
6.927387 8.361045 17.599222
8.410266 8.087678 17.677157
9.171365 7.427595 16.720678
9.287787 8.587740 18.647807
10.544681 7.467600 16.996994
10.600203 8.147685 18.435256
4.010253 13.317664 16.522297
6.464186 13.252323 16.345171
8.655336 6.894195 15.842134
8.879291 9.274493 19.320885
18.650268 7.454265 14.864399
17.253152 7.474268 14.977760
16.418317 8.361045 14.283427
14.935439 8.087678 14.205491
14.174339 7.427595 15.161971
13.759851 8.587740 20.319875
12.801023 7.467600 14.885654
12.447436 8.147685 20.532426
19.335451 13.317664 15.360352
16.881518 13.252323 15.537477
14.690368 6.894195 16.040515
14.168347 9.274493 19.646796
11.523819 6.896862 19.483841
18.501235 12.548235 18.406916
17.104119 12.528233 18.520276
16.269284 11.641455 17.825943
14.786406 11.914822 17.748008
14.025306 12.574905 18.704487
13.908884 11.414760 16.777358
12.651990 12.534900 18.428171
12.596469 11.854815 16.989909
19.186418 6.684836 18.902868
16.732485 6.750177 19.079994
14.541335 13.108305 19.583031
14.317380 10.728008 16.104280
4.546404 12.548235 20.560766
5.943519 12.528233 20.447405
6.778354 11.641455 21.141738
8.261233 11.914822 21.219674
9.022332 12.574905 20.263194
9.436820 11.414760 15.105290
10.395648 12.534900 20.539511
10.749235 11.854815 14.892739
3.861220 6.684836 20.064813
6.315153 6.750177 19.887688
8.506303 13.108305 19.384650
9.028324 10.728008 15.778368
-0.670648 9.771888 15.941324
24.016352 9.771888 15.941324
17.038936 10.788015 17.018249
18.436052 10.808018 16.904889
19.270887 11.694795 17.599222
-3.933234 11.421428 17.677157
20.753766 11.421428 17.677157
-3.172135 10.761345 16.720678
21.514865 10.761345 16.720678
-3.055713 11.921490 18.647807
21.631287 11.921490 18.647807
-1.798819 10.801350 16.996994
22.888181 10.801350 16.996994
-1.743297 11.481435 18.435256
22.943703 11.481435 18.435256
16.353753 9.983915 16.522297
18.807686 9.918573 16.345171
-3.688164 10.227945 15.842134
20.998836 10.227945 15.842134
-3.464209 12.608243 19.320885
21.222791 12.608243 19.320885
6.306768 10.788015 14.864399
4.909652 10.808018 14.977760
4.074817 11.694795 14.283427
2.591939 11.421428 14.205491
27.278939 11.421428 14.205491
1.830839 10.761345 15.161971
26.517839 10.761345 15.161971
1.416351 11.921490 20.319875
26.103351 11.921490 20.319875
0.457523 10.801350 14.885654
25.144523 10.801350 14.885654
0.103936 11.481435 20.532426
24.790936 11.481435 20.532426
6.991951 9.983915 15.360352
4.538018 9.918573 15.537477
2.346868 10.227945 16.040515
27.033868 10.227945 16.040515
1.824847 12.608243 19.646796
26.511847 12.608243 19.646796
-0.819681 10.230612 19.483841
23.867319 10.230612 19.483841
6.157735 9.214485 18.406916
4.760619 9.194483 18.520276
3.925784 8.307705 17.825943
2.442906 8.581072 17.748008
27.129906 8.581072 17.748008
1.681806 9.241155 18.704487
26.368806 9.241155 18.704487
1.565384 8.081010 16.777358
26.252384 8.081010 16.777358
0.308490 9.201150 18.428171
24.995490 9.201150 18.428171
0.252969 8.521065 16.989909
24.939969 8.521065 16.989909
6.842918 10.018586 18.902868
4.388985 10.083927 19.079994
2.197835 9.774555 19.583031
26.884835 9.774555 19.583031
1.973880 7.394258 16.104280
26.660880 7.394258 16.104280
16.889904 9.214485 20.560766
18.287019 9.194483 20.447405
19.121854 8.307705 21.141738
-4.082267 8.581072 21.219674
20.604733 8.581072 21.219674
-3.321168 9.241155 20.263194
21.365832 9.241155 20.263194
-2.906680 8.081010 15.105290
21.780320 8.081010 15.105290
-1.947852 9.201150 20.539511
22.739148 9.201150 20.539511
-1.594265 8.521065 14.892739
23.092735 8.521065 14.892739
16.204720 10.018586 20.064813
18.658653 10.083927 19.887688
-3.837197 9.774555 19.384650
20.849803 9.774555 19.384650
-3.315176 7.394258 15.778368
21.371824 7.394258 15.778368
11.374786 13.105638 23.026357
5.589634 7.454265 -4.236850
4.397371 7.454265 24.103282
5.794487 7.474268 23.989922
7.821584 8.361045 -3.655877
6.629321 8.361045 24.684255
9.304463 8.087678 -3.577942
8.112200 8.087678 24.762190
8.873299 7.427595 23.805711
10.181984 8.587740 -2.607292
8.989721 8.587740 25.732840
11.438878 7.467600 -4.258105
10.246615 7.467600 24.082027
11.494400 8.147685 -2.819843
10.302137 8.147685 25.520289
3.712187 13.317664 23.607330
6.166120 13.252323 23.430204
8.357270 6.894195 22.927167
9.773488 9.274493 -1.934214
8.581225 9.274493 26.405918
18.352202 7.454265 21.949432
16.955086 7.474268 22.062793
16.120252 8.361045 21.368460
14.637373 8.087678 21.290524
13.876274 7.427595 22.247004
14.654049 8.587740 -0.935224
13.461786 8.587740 27.404908
12.502957 7.467600 21.970687
13.341633 8.147685 -0.722673
12.149370 8.147685 27.617459
19.037386 13.317664 22.445385
16.583452 13.252323 22.622510
14.392302 6.894195 23.125548
15.062545 9.274493 -1.608302
13.870282 9.274493 26.731829
12.418016 6.896862 -1.771258
11.225753 6.896862 26.568874
19.395432 12.548235 -2.848183
18.203169 12.548235 25.491949
17.998316 12.528233 -2.734823
16.806053 12.528233 25.605309
17.163482 11.641455 -3.429156
15.971219 11.641455 24.910976
15.680603 11.914822 -3.507091
14.488340 11.914822 24.833041
14.919504 12.574905 -2.550612
13.727241 12.574905 25.789520
13.610819 11.414760 23.862391
13.546188 12.534900 -2.826928
12.353925 12.534900 25.513204
13.490666 11.854815 -4.265190
12.298403 11.854815 24.074942
20.080616 6.684836 -2.352231
18.888353 6.684836 25.987901
17.626682 6.750177 -2.175105
16.434419 6.750177 26.165027
15.435532 13.108305 -1.672068
14.243269 13.108305 26.668064
14.019315 10.728008 23.189313
5.440601 12.548235 -0.694333
4.248338 12.548235 27.645799
6.837717 12.528233 -0.807694
5.645454 12.528233 27.532438
7.672551 11.641455 -0.113361
6.480288 11.641455 28.226771
9.155430 11.914822 -0.035425
7.963167 11.914822 28.304707
9.916529 12.574905 -0.991905
8.724266 12.574905 27.348227
9.138754 11.414760 22.190323
11.289845 12.534900 -0.715588
10.097582 12.534900 27.624544
10.451170 11.854815 21.977772
4.755417 6.684836 -1.190286
3.563154 6.684836 27.149846
7.209351 6.750177 -1.367411
6.017088 6.750177 26.972721
9.400501 13.108305 -1.870449
8.208238 13.108305 26.469683
8.730258 10.728008 22.863401
-0.968714 9.771888 23.026357
23.718286 9.771888 23.026357
17.933134 10.788015 -4.236850
16.740871 10.788015 24.103282
18.137987 10.808018 23.989922
20.165084 11.694795 -3.655877
18.972821 11.694795 24.684255
-3.039037 11.421428 -3.577942
-4.231300 11.421428 24.762190
21.647963 11.421428 -3.577942
20.455700 11.421428 24.762190
-3.470201 10.761345 23.805711
21.216799 10.761345 23.805711
-2.161516 11.921490 -2.607292
-3.353779 11.921490 25.732840
22.525484 11.921490 -2.607292
21.333221 11.921490 25.732840
-0.904622 10.801350 -4.258105
-2.096885 10.801350 24.082027
23.782378 10.801350 -4.258105
22.590115 10.801350 24.082027
-0.849100 11.481435 -2.819843
-2.041363 11.481435 25.520289
23.837900 11.481435 -2.819843
22.645637 11.481435 25.520289
16.055687 9.983915 23.607330
18.509620 9.918573 23.430204
-3.986230 10.227945 22.927167
20.700770 10.227945 22.927167
-2.570012 12.608243 -1.934214
-3.762275 12.608243 26.405918
22.116988 12.608243 -1.934214
20.924725 12.608243 26.405918
6.008702 10.788015 21.949432
4.611586 10.808018 22.062793
3.776752 11.694795 21.368460
2.293873 11.421428 21.290524
26.980873 11.421428 21.290524
1.532774 10.761345 22.247004
26.219774 10.761345 22.247004
2.310549 11.921490 -0.935224
1.118286 11.921490 27.404908
26.997549 11.921490 -0.935224
25.805286 11.921490 27.404908
0.159457 10.801350 21.970687
24.846457 10.801350 21.970687
0.998133 11.481435 -0.722673
-0.194130 11.481435 27.617459
25.685133 11.481435 -0.722673
24.492870 11.481435 27.617459
6.693886 9.983915 22.445385
4.239952 9.918573 22.622510
2.048802 10.227945 23.125548
26.735802 10.227945 23.125548
2.719045 12.608243 -1.608302
1.526782 12.608243 26.731829
27.406045 12.608243 -1.608302
26.213782 12.608243 26.731829
0.074516 10.230612 -1.771258
-1.117747 10.230612 26.568874
24.761516 10.230612 -1.771258
23.569253 10.230612 26.568874
7.051932 9.214485 -2.848183
5.859669 9.214485 25.491949
5.654816 9.194483 -2.734823
4.462553 9.194483 25.605309
4.819982 8.307705 -3.429156
3.627719 8.307705 24.910976
3.337103 8.581072 -3.507091
2.144840 8.581072 24.833041
28.024103 8.581072 -3.507091
26.831840 8.581072 24.833041
2.576004 9.241155 -2.550612
1.383741 9.241155 25.789520
27.263004 9.241155 -2.550612
26.070741 9.241155 25.789520
1.267319 8.081010 23.862391
25.954319 8.081010 23.862391
1.202688 9.201150 -2.826928
0.010425 9.201150 25.513204
25.889688 9.201150 -2.826928
24.697425 9.201150 25.513204
1.147166 8.521065 -4.265190
-0.045097 8.521065 24.074942
25.834166 8.521065 -4.265190
24.641903 8.521065 24.074942
7.737116 10.018586 -2.352231
6.544853 10.018586 25.987901
5.283182 10.083927 -2.175105
4.090919 10.083927 26.165027
3.092032 9.774555 -1.672068
1.899769 9.774555 26.668064
27.779032 9.774555 -1.672068
26.586769 9.774555 26.668064
1.675815 7.394258 23.189313
26.362815 7.394258 23.189313
17.784101 9.214485 -0.694333
16.591838 9.214485 27.645799
19.181217 9.194483 -0.807694
17.988954 9.194483 27.532438
20.016051 8.307705 -0.113361
18.823788 8.307705 28.226771
-3.188070 8.581072 -0.035425
-4.380333 8.581072 28.304707
21.498930 8.581072 -0.035425
20.306667 8.581072 28.304707
-2.426971 9.241155 -0.991905
-3.619234 9.241155 27.348227
22.260029 9.241155 -0.991905
21.067766 9.241155 27.348227
-3.204746 8.081010 22.190323
21.482254 8.081010 22.190323
-1.053655 9.201150 -0.715588
-2.245918 9.201150 27.624544
23.633345 9.201150 -0.715588
22.441082 9.201150 27.624544
-1.892330 8.521065 21.977772
22.794670 8.521065 21.977772
17.098917 10.018586 -1.190286
15.906654 10.018586 27.149846
19.552851 10.083927 -1.367411
18.360588 10.083927 26.972721
-2.942999 9.774555 -1.870449
-4.135262 9.774555 26.469683
21.744001 9.774555 -1.870449
20.551738 9.774555 26.469683
-3.613242 7.394258 22.863401
21.073758 7.394258 22.863401
12.268984 19.773138 1.771258
11.076721 19.773138 30.111390
5.291568 14.121765 2.848183
4.099305 14.121765 31.188315
6.688684 14.141768 2.734823
5.496421 14.141768 31.074955
7.523518 15.028545 3.429156
6.331255 15.028545 31.769288
9.006397 14.755178 3.507091
7.814134 14.755178 31.847223
9.767496 14.095095 2.550612
8.575233 14.095095 30.890744
9.883918 15.255240 4.477741
11.140812 14.135100 2.826928
9.948550 14.135100 31.167060
11.196334 14.815185 4.265190
10.004071 14.815185 32.605322
4.606384 19.985164 2.352231
3.414121 19.985164 30.692363
7.060318 19.919823 2.175105
5.868055 19.919823 30.515237
9.251468 13.561695 1.672068
8.059205 13.561695 30.012200
9.475422 15.941993 5.150819
19.246399 14.121765 0.694333
18.054136 14.121765 29.034465
17.849283 14.141768 0.807694
16.657020 14.141768 29.147826
17.014449 15.028545 0.113361
15.822186 15.028545 28.453492
15.531570 14.755178 0.035425
14.339307 14.755178 28.375557
14.770471 14.095095 0.991905
13.578208 14.095095 29.332037
14.355983 15.255240 6.149809
13.397155 14.135100 0.715588
12.204892 14.135100 29.055720
13.043567 14.815185 6.362360
19.931583 19.985164 1.190286
18.739320 19.985164 29.530418
17.477649 19.919823 1.367411
16.285386 19.919823 29.707543
15.286499 13.561695 1.870449
14.094236 13.561695 30.210581
14.764479 15.941993 5.476731
12.119951 13.564362 5.313775
19.097366 19.215735 4.236850
17.905103 19.215735 32.576982
17.700250 19.195733 4.350210
16.865416 18.308955 3.655877
15.673153 18.308955 31.996009
15.382537 18.582322 3.577942
14.190274 18.582323 31.918074
14.621438 19.242405 4.534421
14.505016 18.082260 2.607292
13.312753 18.082260 30.947424
13.248122 19.202400 4.258105
12.055859 19.202400 32.598237
13.192600 18.522315 2.819843
12.000337 18.522315 31.159975
19.782550 13.352336 4.732802
17.328617 13.417677 4.909928
15.137467 19.775805 5.412965
14.913512 17.395508 1.934214
13.721249 17.395508 30.274346
5.142535 19.215735 6.390700
6.539651 19.195733 6.277339
7.374486 18.308955 6.971672
8.857364 18.582322 7.049608
9.618463 19.242405 6.093128
10.032951 18.082260 0.935224
8.840688 18.082260 29.275356
10.991780 19.202400 6.369445
11.345367 18.522315 0.722673
10.153104 18.522315 29.062805
4.457352 13.352336 5.894747
6.911285 13.417677 5.717622
9.102435 19.775805 5.214584
9.624455 17.395508 1.608302
8.432192 17.395508 29.948434
-0.074516 16.439388 1.771258
-1.266779 16.439388 30.111390
24.612484 16.439388 1.771258
23.420221 16.439388 30.111390
17.635068 17.455515 2.848183
16.442805 17.455515 31.188315
19.032184 17.475518 2.734823
17.839921 17.475518 31.074955
19.867018 18.362295 3.429156
18.674755 18.362295 31.769288
-3.337103 18.088928 3.507091
-4.529366 18.088928 31.847223
21.349897 18.088928 3.507091
20.157634 18.088928 31.847223
-2.576004 17.428845 2.550612
-3.768267 17.428845 30.890744
22.110996 17.428845 2.550612
20.918733 17.428845 30.890744
-2.459582 18.588990 4.477741
22.227418 18.588990 4.477741
-1.202688 17.468850 2.826928
-2.394950 17.468850 31.167060
23.484312 17.468850 2.826928
22.292050 17.468850 31.167060
-1.147166 18.148935 4.265190
-2.339429 18.148935 32.605322
23.539834 18.148935 4.265190
22.347571 18.148935 32.605322
16.949884 16.651415 2.352231
15.757621 16.651415 30.692363
19.403818 16.586073 2.175105
18.211555 16.586073 30.515237
-3.092032 16.895445 1.672068
-4.284295 16.895445 30.012200
21.594968 16.895445 1.672068
20.402705 16.895445 30.012200
-2.868078 19.275742 5.150819
21.818922 19.275742 5.150819
6.902899 17.455515 0.694333
5.710636 17.455515 29.034465
5.505783 17.475518 0.807694
4.313520 17.475518 29.147826
4.670949 18.362295 0.113361
3.478686 18.362295 28.453492
3.188070 18.088928 0.035425
1.995807 18.088928 28.375557
27.875070 18.088928 0.035425
26.682807 18.088928 28.375557
2.426971 17.428845 0.991905
1.234708 17.428845 29.332037
27.113971 17.428845 0.991905
25.921708 17.428845 29.332037
2.012483 18.588990 6.149809
26.699483 18.588990 6.149809
1.053655 17.468850 0.715588
-0.138608 17.468850 29.055720
25.740655 17.468850 0.715588
24.548392 17.468850 29.055720
0.700067 18.148935 6.362360
25.387067 18.148935 6.362360
7.588083 16.651415 1.190286
6.395820 16.651415 29.530418
5.134149 16.586073 1.367411
3.941886 16.586073 29.707543
2.942999 16.895445 1.870449
1.750736 16.895445 30.210581
27.629999 16.895445 1.870449
26.437736 16.895445 30.210581
2.420979 19.275742 5.476731
27.107979 19.275742 5.476731
-0.223549 16.898112 5.313775
24.463451 16.898112 5.313775
6.753866 15.881985 4.236850
5.561603 15.881985 32.576982
5.356750 15.861983 4.350210
4.521916 14.975205 3.655877
3.329653 14.975205 31.996009
3.039037 15.248572 3.577942
1.846774 15.248573 31.918074
27.726037 15.248572 3.577942
26.533774 15.248573 31.918074
2.277938 15.908655 4.534421
26.964938 15.908655 4.534421
2.161516 14.748510 2.607292
0.969253 14.748510 30.947424
26.848516 14.748510 2.607292
25.656253 14.748510 30.947424
0.904622 15.868650 4.258105
-0.287641 15.868650 32.598237
25.591622 15.868650 4.258105
24.399359 15.868650 32.598237
0.849100 15.188565 2.819843
-0.343163 15.188565 31.159975
25.536100 15.188565 2.819843
24.343837 15.188565 31.159975
7.439050 16.686086 4.732802
4.985117 16.751427 4.909928
2.793967 16.442055 5.412965
27.480967 16.442055 5.412965
2.570012 14.061758 1.934214
1.377749 14.061758 30.274346
27.257012 14.061758 1.934214
26.064749 14.061758 30.274346
17.486035 15.881985 6.390700
18.883151 15.861983 6.277339
19.717986 14.975205 6.971672
-3.486136 15.248572 7.049608
21.200864 15.248572 7.049608
-2.725037 15.908655 6.093128
21.961963 15.908655 6.093128
-2.310549 14.748510 0.935224
-3.502812 14.748510 29.275356
22.376451 14.748510 0.935224
21.184188 14.748510 29.275356
-1.351720 15.868650 6.369445
23.335280 15.868650 6.369445
-0.998133 15.188565 0.722673
-2.190396 15.188565 29.062805
23.688867 15.188565 0.722673
22.496604 15.188565 29.062805
16.800852 16.686086 5.894747
19.254785 16.751427 5.717622
-3.241065 16.442055 5.214584
21.445935 16.442055 5.214584
-2.719045 14.061758 1.608302
-3.911308 14.061758 29.948434
21.967955 14.061758 1.608302
20.775692 14.061758 29.948434
11.970918 19.773138 8.856291
4.993502 14.121765 9.933216
6.390618 14.141768 9.819856
7.225453 15.028545 10.514189
8.708331 14.755178 10.592124
9.469431 14.095095 9.635645
9.585853 15.255240 11.562774
10.842747 14.135100 9.911961
10.898268 14.815185 11.350223
4.308319 19.985164 9.437264
6.762252 19.919823 9.260138
8.953402 13.561695 8.757101
9.177357 15.941993 12.235852
18.948333 14.121765 7.779366
17.551218 14.141768 7.892727
16.716383 15.028545 7.198394
15.233504 14.755178 7.120458
14.472405 14.095095 8.076938
14.057917 15.255240 13.234842
13.099089 14.135100 7.800621
12.745502 14.815185 13.447393
19.633517 19.985164 8.275319
17.179584 19.919823 8.452444
14.988434 13.561695 8.955482
14.466413 15.941993 12.561763
11.821885 13.564362 12.398808
18.799301 19.215735 11.321883
17.402185 19.195733 11.435243
16.567350 18.308955 10.740910
15.084471 18.582322 10.662975
14.323372 19.242405 11.619454
14.206950 18.082260 9.692325
12.950056 19.202400 11.343138
12.894534 18.522315 9.904876
19.484484 13.352336 11.817835
17.030551 13.417677 11.994961
14.839401 19.775805 12.497998
14.615446 17.395508 9.019247
4.844469 19.215735 13.475733
6.241585 19.195733 13.362372
7.076420 18.308955 14.056705
8.559298 18.582322 14.134641
9.320398 19.242405 13.178161
9.734886 18.082260 8.020257
10.693714 19.202400 13.454478
11.047301 18.522315 7.807706
4.159286 13.352336 12.979780
6.613219 13.417677 12.802655
8.804369 19.775805 12.299617
9.326390 17.395508 8.693335
-0.372582 16.439388 8.856291
24.314418 16.439388 8.856291
17.337002 17.455515 9.933216
18.734118 17.475518 9.819856
19.568953 18.362295 10.514189
-3.635169 18.088928 10.592124
21.051831 18.088928 10.592124
-2.874069 17.428845 9.635645
21.812931 17.428845 9.635645
-2.757647 18.588990 11.562774
21.929353 18.588990 11.562774
-1.500753 17.468850 9.911961
23.186247 17.468850 9.911961
-1.445232 18.148935 11.350223
23.241768 18.148935 11.350223
16.651819 16.651415 9.437264
19.105752 16.586073 9.260138
-3.390098 16.895445 8.757101
21.296902 16.895445 8.757101
-3.166143 19.275742 12.235852
21.520857 19.275742 12.235852
6.604833 17.455515 7.779366
5.207718 17.475518 7.892727
4.372883 18.362295 7.198394
2.890004 18.088928 7.120458
27.577004 18.088928 7.120458
2.128905 17.428845 8.076938
26.815905 17.428845 8.076938
1.714417 18.588990 13.234842
26.401417 18.588990 13.234842
0.755589 17.468850 7.800621
25.442589 17.468850 7.800621
0.402002 18.148935 13.447393
25.089002 18.148935 13.447393
7.290017 16.651415 8.275319
4.836084 16.586073 8.452444
2.644934 16.895445 8.955482
27.331934 16.895445 8.955482
2.122913 19.275742 12.561763
26.809913 19.275742 12.561763
-0.521615 16.898112 12.398808
24.165385 16.898112 12.398808
6.455801 15.881985 11.321883
5.058685 15.861983 11.435243
4.223850 14.975205 10.740910
2.740971 15.248572 10.662975
27.427971 15.248572 10.662975
1.979872 15.908655 11.619454
26.666872 15.908655 11.619454
1.863450 14.748510 9.692325
26.550450 14.748510 9.692325
0.606556 15.868650 11.343138
25.293556 15.868650 11.343138
0.551034 15.188565 9.904876
25.238034 15.188565 9.904876
7.140984 16.686086 11.817835
4.687051 16.751427 11.994961
2.495901 16.442055 12.497998
27.182901 16.442055 12.497998
2.271946 14.061758 9.019247
26.958946 14.061758 9.019247
17.187969 15.881985 13.475733
18.585085 15.861983 13.362372
19.419920 14.975205 14.056705
-3.784202 15.248573 14.134641
20.902798 15.248573 14.134641
-3.023102 15.908655 13.178161
21.663898 15.908655 13.178161
-2.608614 14.748510 8.020257
22.078386 14.748510 8.020257
-1.649786 15.868650 13.454478
23.037214 15.868650 13.454478
-1.296199 15.188565 7.807706
23.390801 15.188565 7.807706
16.502786 16.686086 12.979780
18.956719 16.751427 12.802655
-3.539131 16.442055 12.299617
21.147869 16.442055 12.299617
-3.017110 14.061758 8.693335
21.669890 14.061758 8.693335
11.672852 19.773138 15.941324
4.695436 14.121765 17.018249
6.092552 14.141768 16.904889
6.927387 15.028545 17.599222
8.410266 14.755178 17.677157
9.171365 14.095095 16.720678
9.287787 15.255240 18.647807
10.544681 14.135100 16.996994
10.600203 14.815185 18.435256
4.010253 19.985164 16.522297
6.464186 19.919823 16.345171
8.655336 13.561695 15.842134
8.879291 15.941993 19.320885
18.650268 14.121765 14.864399
17.253152 14.141768 14.977760
16.418317 15.028545 14.283427
14.935439 14.755178 14.205491
14.174339 14.095095 15.161971
13.759851 15.255240 20.319875
12.801023 14.135100 14.885654
12.447436 14.815185 20.532426
19.335451 19.985164 15.360352
16.881518 19.919823 15.537477
14.690368 13.561695 16.040515
14.168347 15.941993 19.646796
11.523819 13.564362 19.483841
18.501235 19.215735 18.406916
17.104119 19.195733 18.520276
16.269284 18.308955 17.825943
14.786406 18.582322 17.748008
14.025306 19.242405 18.704487
13.908884 18.082260 16.777358
12.651990 19.202400 18.428171
12.596469 18.522315 16.989909
19.186418 13.352336 18.902868
16.732485 13.417677 19.079994
14.541335 19.775805 19.583031
14.317380 17.395508 16.104280
4.546404 19.215735 20.560766
5.943519 19.195733 20.447405
6.778354 18.308955 21.141738
8.261233 18.582322 21.219674
9.022332 19.242405 20.263194
9.436820 18.082260 15.105290
10.395648 19.202400 20.539511
10.749235 18.522315 14.892739
3.861220 13.352336 20.064813
6.315153 13.417677 19.887688
8.506303 19.775805 19.384650
9.028324 17.395508 15.778368
-0.670648 16.439388 15.941324
24.016352 16.439388 15.941324
17.038936 17.455515 17.018249
18.436052 17.475518 16.904889
19.270887 18.362295 17.599222
-3.933234 18.088928 17.677157
20.753766 18.088928 17.677157
-3.172135 17.428845 16.720678
21.514865 17.428845 16.720678
-3.055713 18.588990 18.647807
21.631287 18.588990 18.647807
-1.798819 17.468850 16.996994
22.888181 17.468850 16.996994
-1.743297 18.148935 18.435256
22.943703 18.148935 18.435256
16.353753 16.651415 16.522297
18.807686 16.586073 16.345171
-3.688164 16.895445 15.842134
20.998836 16.895445 15.842134
-3.464209 19.275742 19.320885
21.222791 19.275742 19.320885
6.306768 17.455515 14.864399
4.909652 17.475518 14.977760
4.074817 18.362295 14.283427
2.591939 18.088928 14.205491
27.278939 18.088928 14.205491
1.830839 17.428845 15.161971
26.517839 17.428845 15.161971
1.416351 18.588990 20.319875
26.103351 18.588990 20.319875
0.457523 17.468850 14.885654
25.144523 17.468850 14.885654
0.103936 18.148935 20.532426
24.790936 18.148935 20.532426
6.991951 16.651415 15.360352
4.538018 16.586073 15.537477
2.346868 16.895445 16.040515
27.033868 16.895445 16.040515
1.824847 19.275742 19.646796
26.511847 19.275742 19.646796
-0.819681 16.898112 19.483841
23.867319 16.898112 19.483841
6.157735 15.881985 18.406916
4.760619 15.861983 18.520276
3.925784 14.975205 17.825943
2.442906 15.248573 17.748008
27.129906 15.248573 17.748008
1.681806 15.908655 18.704487
26.368806 15.908655 18.704487
1.565384 14.748510 16.777358
26.252384 14.748510 16.777358
0.308490 15.868650 18.428171
24.995490 15.868650 18.428171
0.252969 15.188565 16.989909
24.939969 15.188565 16.989909
6.842918 16.686086 18.902868
4.388985 16.751427 19.079994
2.197835 16.442055 19.583031
26.884835 16.442055 19.583031
1.973880 14.061758 16.104280
26.660880 14.061758 16.104280
16.889904 15.881985 20.560766
18.287019 15.861983 20.447405
19.121854 14.975205 21.141738
-4.082267 15.248573 21.219674
20.604733 15.248573 21.219674
-3.321168 15.908655 20.263194
21.365832 15.908655 20.263194
-2.906680 14.748510 15.105290
21.780320 14.748510 15.105290
-1.947852 15.868650 20.539511
22.739148 15.868650 20.539511
-1.594265 15.188565 14.892739
23.092735 15.188565 14.892739
16.204720 16.686086 20.064813
18.658653 16.751427 19.887688
-3.837197 16.442055 19.384650
20.849803 16.442055 19.384650
-3.315176 14.061758 15.778368
21.371824 14.061758 15.778368
11.374786 19.773138 23.026357
5.589634 14.121765 -4.236850
4.397371 14.121765 24.103282
5.794487 14.141768 23.989922
7.821584 15.028545 -3.655877
6.629321 15.028545 24.684255
9.304463 14.755178 -3.577942
8.112200 14.755178 24.762190
8.873299 14.095095 23.805711
10.181984 15.255240 -2.607292
8.989721 15.255240 25.732840
11.438878 14.135100 -4.258105
10.246615 14.135100 24.082027
11.494400 14.815185 -2.819843
10.302137 14.815185 25.520289
3.712187 19.985164 23.607330
6.166120 19.919823 23.430204
8.357270 13.561695 22.927167
9.773488 15.941992 -1.934214
8.581225 15.941992 26.405918
18.352202 14.121765 21.949432
16.955086 14.141768 22.062793
16.120252 15.028545 21.368460
14.637373 14.755178 21.290524
13.876274 14.095095 22.247004
14.654049 15.255240 -0.935224
13.461786 15.255240 27.404908
12.502957 14.135100 21.970687
13.341633 14.815185 -0.722673
12.149370 14.815185 27.617459
19.037386 19.985164 22.445385
16.583452 19.919823 22.622510
14.392302 13.561695 23.125548
15.062545 15.941992 -1.608302
13.870282 15.941992 26.731829
12.418016 13.564362 -1.771258
11.225753 13.564362 26.568874
19.395432 19.215735 -2.848183
18.203169 19.215735 25.491949
17.998316 19.195732 -2.734823
16.806053 19.195732 25.605309
17.163482 18.308955 -3.429156
15.971219 18.308955 24.910976
15.680603 18.582322 -3.507091
14.488340 18.582322 24.833041
14.919504 19.242405 -2.550612
13.727241 19.242405 25.789520
13.610819 18.082260 23.862391
13.546188 19.202400 -2.826928
12.353925 19.202400 25.513204
13.490666 18.522315 -4.265190
12.298403 18.522315 24.074942
20.080616 13.352336 -2.352231
18.888353 13.352336 25.987901
17.626682 13.417677 -2.175105
16.434419 13.417677 26.165027
15.435532 19.775805 -1.672068
14.243269 19.775805 26.668064
14.019315 17.395507 23.189313
5.440601 19.215735 -0.694333
4.248338 19.215735 27.645799
6.837717 19.195732 -0.807694
5.645454 19.195732 27.532438
7.672551 18.308955 -0.113361
6.480288 18.308955 28.226771
9.155430 18.582323 -0.035425
7.963167 18.582323 28.304707
9.916529 19.242405 -0.991905
8.724266 19.242405 27.348227
9.138754 18.082260 22.190323
11.289845 19.202400 -0.715588
10.097582 19.202400 27.624544
10.451170 18.522315 21.977772
4.755417 13.352336 -1.190286
3.563154 13.352336 27.149846
7.209351 13.417677 -1.367411
6.017088 13.417677 26.972721
9.400501 19.775805 -1.870449
8.208238 19.775805 26.469683
8.730258 17.395508 22.863401
-0.968714 16.439388 23.026357
23.718286 16.439388 23.026357
17.933134 17.455515 -4.236850
16.740871 17.455515 24.103282
18.137987 17.475517 23.989922
20.165084 18.362295 -3.655877
18.972821 18.362295 24.684255
-3.039037 18.088927 -3.577942
-4.231300 18.088927 24.762190
21.647963 18.088927 -3.577942
20.455700 18.088927 24.762190
-3.470201 17.428845 23.805711
21.216799 17.428845 23.805711
-2.161516 18.588990 -2.607292
-3.353779 18.588990 25.732840
22.525484 18.588990 -2.607292
21.333221 18.588990 25.732840
-0.904622 17.468850 -4.258105
-2.096885 17.468850 24.082027
23.782378 17.468850 -4.258105
22.590115 17.468850 24.082027
-0.849100 18.148935 -2.819843
-2.041363 18.148935 25.520289
23.837900 18.148935 -2.819843
22.645637 18.148935 25.520289
16.055687 16.651414 23.607330
18.509620 16.586073 23.430204
-3.986230 16.895445 22.927167
20.700770 16.895445 22.927167
-2.570012 19.275742 -1.934214
-3.762275 19.275742 26.405918
22.116988 19.275742 -1.934214
20.924725 19.275742 26.405918
6.008702 17.455515 21.949432
4.611586 17.475518 22.062793
3.776752 18.362295 21.368460
2.293873 18.088928 21.290524
26.980873 18.088928 21.290524
1.532774 17.428845 22.247004
26.219774 17.428845 22.247004
2.310549 18.588990 -0.935224
1.118286 18.588990 27.404908
26.997549 18.588990 -0.935224
25.805286 18.588990 27.404908
0.159457 17.468850 21.970687
24.846457 17.468850 21.970687
0.998133 18.148935 -0.722673
-0.194130 18.148935 27.617459
25.685133 18.148935 -0.722673
24.492870 18.148935 27.617459
6.693886 16.651415 22.445385
4.239952 16.586073 22.622510
2.048802 16.895445 23.125548
26.735802 16.895445 23.125548
2.719045 19.275742 -1.608302
1.526782 19.275742 26.731829
27.406045 19.275742 -1.608302
26.213782 19.275742 26.731829
0.074516 16.898112 -1.771258
-1.117747 16.898112 26.568874
24.761516 16.898112 -1.771258
23.569253 16.898112 26.568874
7.051932 15.881985 -2.848183
5.859669 15.881985 25.491949
5.654816 15.861983 -2.734823
4.462553 15.861983 25.605309
4.819982 14.975205 -3.429156
3.627719 14.975205 24.910976
3.337103 15.248572 -3.507091
2.144840 15.248572 24.833041
28.024103 15.248572 -3.507091
26.831840 15.248572 24.833041
2.576004 15.908655 -2.550612
1.383741 15.908655 25.789520
27.263004 15.908655 -2.550612
26.070741 15.908655 25.789520
1.267319 14.748510 23.862391
25.954319 14.748510 23.862391
1.202688 15.868650 -2.826928
0.010425 15.868650 25.513204
25.889688 15.868650 -2.826928
24.697425 15.868650 25.513204
1.147166 15.188565 -4.265190
-0.045097 15.188565 24.074942
25.834166 15.188565 -4.265190
24.641903 15.188565 24.074942
7.737116 16.686085 -2.352231
6.544853 16.686085 25.987901
5.283182 16.751427 -2.175105
4.090919 16.751427 26.165027
3.092032 16.442055 -1.672068
1.899769 16.442055 26.668064
27.779032 16.442055 -1.672068
26.586769 16.442055 26.668064
1.675815 14.061757 23.189313
26.362815 14.061757 23.189313
17.784101 15.881985 -0.694333
16.591838 15.881985 27.645799
19.181217 15.861983 -0.807694
17.988954 15.861983 27.532438
20.016051 14.975205 -0.113361
18.823788 14.975205 28.226771
-3.188070 15.248572 -0.035425
-4.380333 15.248572 28.304707
21.498930 15.248572 -0.035425
20.306667 15.248572 28.304707
-2.426971 15.908655 -0.991905
-3.619234 15.908655 27.348227
22.260029 15.908655 -0.991905
21.067766 15.908655 27.348227
-3.204746 14.748510 22.190323
21.482254 14.748510 22.190323
-1.053655 15.868650 -0.715588
-2.245918 15.868650 27.624544
23.633345 15.868650 -0.715588
22.441082 15.868650 27.624544
-1.892330 15.188565 21.977772
22.794670 15.188565 21.977772
17.098917 16.686085 -1.190286
15.906654 16.686085 27.149846
19.552851 16.751427 -1.367411
18.360588 16.751427 26.972721
-2.942999 16.442055 -1.870449
-4.135262 16.442055 26.469683
21.744001 16.442055 -1.870449
20.551738 16.442055 26.469683
-3.613242 14.061758 22.863401
21.073758 14.061758 22.863401
12.268984 -0.229362 1.771258
11.076721 -0.229362 30.111390
12.268984 26.440638 1.771258
11.076721 26.440638 30.111390
5.291568 20.789265 2.848183
4.099305 20.789265 31.188315
6.688684 20.809267 2.734823
5.496421 20.809268 31.074955
7.523518 21.696045 3.429156
6.331255 21.696045 31.769288
9.006397 21.422678 3.507091
7.814134 21.422678 31.847223
9.767496 20.762595 2.550612
8.575233 20.762595 30.890744
9.883918 21.922740 4.477741
11.140812 20.802600 2.826928
9.948550 20.802600 31.167060
11.196334 21.482685 4.265190
10.004071 21.482685 32.605322
4.606384 -0.017336 2.352231
3.414121 -0.017336 30.692363
4.606384 26.652664 2.352231
3.414121 26.652665 30.692363
7.060318 -0.082677 2.175105
5.868055 -0.082677 30.515237
7.060318 26.587323 2.175105
5.868055 26.587323 30.515237
9.251468 20.229195 1.672068
8.059205 20.229195 30.012200
9.475422 22.609493 5.150819
19.246399 20.789265 0.694333
18.054136 20.789265 29.034465
17.849283 20.809267 0.807694
16.657020 20.809268 29.147826
17.014449 21.696045 0.113361
15.822186 21.696045 28.453492
15.531570 21.422678 0.035425
14.339307 21.422678 28.375557
14.770471 20.762595 0.991905
13.578208 20.762595 29.332037
14.355983 21.922740 6.149809
13.397155 20.802600 0.715588
12.204892 20.802600 29.055720
13.043567 21.482685 6.362360
19.931583 -0.017336 1.190286
18.739320 -0.017336 29.530418
19.931583 26.652664 1.190286
18.739320 26.652665 29.530418
17.477649 -0.082677 1.367411
16.285386 -0.082677 29.707543
17.477649 26.587323 1.367411
16.285386 26.587323 29.707543
15.286499 20.229195 1.870449
14.094236 20.229195 30.210581
14.764479 22.609493 5.476731
12.119951 20.231862 5.313775
19.097366 -0.786765 4.236850
17.905103 -0.786765 32.576982
19.097366 25.883235 4.236850
17.905103 25.883235 32.576982
17.700250 -0.806767 4.350210
17.700250 25.863233 4.350210
16.865416 -1.693545 3.655877
15.673153 -1.693545 31.996009
16.865416 24.976455 3.655877
15.673153 24.976455 31.996009
15.382537 -1.420178 3.577942
14.190274 -1.420178 31.918074
15.382537 25.249822 3.577942
14.190274 25.249823 31.918074
14.621438 -0.760095 4.534421
14.621438 25.909905 4.534421
14.505016 -1.920240 2.607292
13.312753 -1.920240 30.947424
14.505016 24.749760 2.607292
13.312753 24.749760 30.947424
13.248122 -0.800100 4.258105
12.055859 -0.800100 32.598237
13.248122 25.869900 4.258105
12.055859 25.869900 32.598237
13.192600 -1.480185 2.819843
12.000337 -1.480185 31.159975
13.192600 25.189815 2.819843
12.000337 25.189815 31.159975
19.782550 20.019836 4.732802
17.328617 20.085177 4.909928
15.137467 -0.226695 5.412965
15.137467 26.443305 5.412965
14.913512 -2.606993 1.934214
13.721249 -2.606993 30.274346
14.913512 24.063007 1.934214
13.721249 24.063008 30.274346
5.142535 -0.786765 6.390700
5.142535 25.883235 6.390700
6.539651 -0.806767 6.277339
6.539651 25.863233 6.277339
7.374486 -1.693545 6.971672
7.374486 24.976455 6.971672
8.857364 -1.420178 7.049608
8.857364 25.249822 7.049608
9.618463 -0.760095 6.093128
9.618463 25.909905 6.093128
10.032951 -1.920240 0.935224
8.840688 -1.920240 29.275356
10.032951 24.749760 0.935224
8.840688 24.749760 29.275356
10.991780 -0.800100 6.369445
10.991780 25.869900 6.369445
11.345367 -1.480185 0.722673
10.153104 -1.480185 29.062805
11.345367 25.189815 0.722673
10.153104 25.189815 29.062805
4.457352 20.019836 5.894747
6.911285 20.085177 5.717622
9.102435 -0.226695 5.214584
9.102435 26.443305 5.214584
9.624455 -2.606993 1.608302
8.432192 -2.606993 29.948434
9.624455 24.063007 1.608302
8.432192 24.063008 29.948434
-0.074516 -3.563112 1.771258
-1.266779 -3.563112 30.111390
-0.074516 23.106888 1.771258
-1.266779 23.106888 30.111390
24.612484 -3.563112 1.771258
23.420221 -3.563112 30.111390
24.612484 23.106888 1.771258
23.420221 23.106888 30.111390
17.635068 -2.546985 2.848183
16.442805 -2.546985 31.188315
17.635068 24.123015 2.848183
16.442805 24.123015 31.188315
19.032184 -2.526983 2.734823
17.839921 -2.526982 31.074955
19.032184 24.143018 2.734823
17.839921 24.143018 31.074955
19.867018 -1.640205 3.429156
18.674755 -1.640205 31.769288
19.867018 25.029795 3.429156
18.674755 25.029795 31.769288
-3.337103 -1.913573 3.507091
-4.529366 -1.913573 31.847223
-3.337103 24.756428 3.507091
-4.529366 24.756428 31.847223
21.349897 -1.913573 3.507091
20.157634 -1.913573 31.847223
21.349897 24.756428 3.507091
20.157634 24.756428 31.847223
-2.576004 -2.573655 2.550612
-3.768267 -2.573655 30.890744
-2.576004 24.096345 2.550612
-3.768267 24.096345 30.890744
22.110996 -2.573655 2.550612
20.918733 -2.573655 30.890744
22.110996 24.096345 2.550612
20.918733 24.096345 30.890744
-2.459582 -1.413510 4.477741
-2.459582 25.256490 4.477741
22.227418 -1.413510 4.477741
22.227418 25.256490 4.477741
-1.202688 -2.533650 2.826928
-2.394950 -2.533650 31.167060
-1.202688 24.136350 2.826928
-2.394950 24.136350 31.167060
23.484312 -2.533650 2.826928
22.292050 -2.533650 31.167060
23.484312 24.136350 2.826928
22.292050 24.136350 31.167060
-1.147166 -1.853565 4.265190
-2.339429 -1.853565 32.605322
-1.147166 24.816435 4.265190
-2.339429 24.816435 32.605322
23.539834 -1.853565 4.265190
22.347571 -1.853565 32.605322
23.539834 24.816435 4.265190
22.347571 24.816435 32.605322
16.949884 -3.351086 2.352231
15.757621 -3.351085 30.692363
16.949884 23.318915 2.352231
15.757621 23.318915 30.692363
19.403818 -3.416427 2.175105
18.211555 -3.416427 30.515237
19.403818 23.253573 2.175105
18.211555 23.253573 30.515237
-3.092032 -3.107055 1.672068
-4.284295 -3.107055 30.012200
-3.092032 23.562945 1.672068
-4.284295 23.562945 30.012200
21.594968 -3.107055 1.672068
20.402705 -3.107055 30.012200
21.594968 23.562945 1.672068
20.402705 23.562945 30.012200
-2.868078 -0.726758 5.150819
-2.868078 25.943243 5.150819
21.818922 -0.726758 5.150819
21.818922 25.943243 5.150819
6.902899 -2.546985 0.694333
5.710636 -2.546985 29.034465
6.902899 24.123015 0.694333
5.710636 24.123015 29.034465
5.505783 -2.526983 0.807694
4.313520 -2.526982 29.147826
5.505783 24.143018 0.807694
4.313520 24.143018 29.147826
4.670949 -1.640205 0.113361
3.478686 -1.640205 28.453492
4.670949 25.029795 0.113361
3.478686 25.029795 28.453492
3.188070 -1.913573 0.035425
1.995807 -1.913573 28.375557
3.188070 24.756428 0.035425
1.995807 24.756428 28.375557
27.875070 -1.913573 0.035425
26.682807 -1.913573 28.375557
27.875070 24.756428 0.035425
26.682807 24.756428 28.375557
2.426971 -2.573655 0.991905
1.234708 -2.573655 29.332037
2.426971 24.096345 0.991905
1.234708 24.096345 29.332037
27.113971 -2.573655 0.991905
25.921708 -2.573655 29.332037
27.113971 24.096345 0.991905
25.921708 24.096345 29.332037
2.012483 -1.413510 6.149809
2.012483 25.256490 6.149809
26.699483 -1.413510 6.149809
26.699483 25.256490 6.149809
1.053655 -2.533650 0.715588
-0.138608 -2.533650 29.055720
1.053655 24.136350 0.715588
-0.138608 24.136350 29.055720
25.740655 -2.533650 0.715588
24.548392 -2.533650 29.055720
25.740655 24.136350 0.715588
24.548392 24.136350 29.055720
0.700067 -1.853565 6.362360
0.700067 24.816435 6.362360
25.387067 -1.853565 6.362360
25.387067 24.816435 6.362360
7.588083 -3.351086 1.190286
6.395820 -3.351085 29.530418
7.588083 23.318915 1.190286
6.395820 23.318915 29.530418
5.134149 -3.416427 1.367411
3.941886 -3.416427 29.707543
5.134149 23.253573 1.367411
3.941886 23.253573 29.707543
2.942999 -3.107055 1.870449
1.750736 -3.107055 30.210581
2.942999 23.562945 1.870449
1.750736 23.562945 30.210581
27.629999 -3.107055 1.870449
26.437736 -3.107055 30.210581
27.629999 23.562945 1.870449
26.437736 23.562945 30.210581
2.420979 -0.726758 5.476731
2.420979 25.943243 5.476731
27.107979 -0.726758 5.476731
27.107979 25.943243 5.476731
-0.223549 -3.104388 5.313775
-0.223549 23.565612 5.313775
24.463451 -3.104388 5.313775
24.463451 23.565612 5.313775
6.753866 22.549485 4.236850
5.561603 22.549485 32.576982
5.356750 22.529482 4.350210
4.521916 21.642705 3.655877
3.329653 21.642705 31.996009
3.039037 21.916073 3.577942
1.846774 21.916073 31.918074
27.726037 21.916073 3.577942
26.533774 21.916073 31.918074
2.277938 22.576155 4.534421
26.964938 22.576155 4.534421
2.161516 21.416010 2.607292
0.969253 21.416010 30.947424
26.848516 21.416010 2.607292
25.656253 21.416010 30.947424
0.904622 22.536150 4.258105
-0.287641 22.536150 32.598237
25.591622 22.536150 4.258105
24.399359 22.536150 32.598237
0.849100 21.856065 2.819843
-0.343163 21.856065 31.159975
25.536100 21.856065 2.819843
24.343837 21.856065 31.159975
7.439050 -3.316415 4.732802
7.439050 23.353586 4.732802
4.985117 -3.251073 4.909928
4.985117 23.418927 4.909928
2.793967 -3.560445 5.412965
2.793967 23.109555 5.412965
27.480967 -3.560445 5.412965
27.480967 23.109555 5.412965
2.570012 20.729258 1.934214
1.377749 20.729258 30.274346
27.257012 20.729258 1.934214
26.064749 20.729258 30.274346
17.486035 22.549485 6.390700
18.883151 22.529482 6.277339
19.717986 21.642705 6.971672
-3.486136 21.916073 7.049608
21.200864 21.916073 7.049608
-2.725037 22.576155 6.093128
21.961963 22.576155 6.093128
-2.310549 21.416010 0.935224
-3.502812 21.416010 29.275356
22.376451 21.416010 0.935224
21.184188 21.416010 29.275356
-1.351720 22.536150 6.369445
23.335280 22.536150 6.369445
-0.998133 21.856065 0.722673
-2.190396 21.856065 29.062805
23.688867 21.856065 0.722673
22.496604 21.856065 29.062805
16.800852 -3.316415 5.894747
16.800852 23.353586 5.894747
19.254785 -3.251073 5.717622
19.254785 23.418927 5.717622
-3.241065 -3.560445 5.214584
-3.241065 23.109555 5.214584
21.445935 -3.560445 5.214584
21.445935 23.109555 5.214584
-2.719045 20.729258 1.608302
-3.911308 20.729258 29.948434
21.967955 20.729258 1.608302
20.775692 20.729258 29.948434
11.970918 -0.229362 8.856291
11.970918 26.440638 8.856291
4.993502 20.789265 9.933216
6.390618 20.809267 9.819856
7.225453 21.696045 10.514189
8.708331 21.422678 10.592124
9.469431 20.762595 9.635645
9.585853 21.922740 11.562774
10.842747 20.802600 9.911961
10.898268 21.482685 11.350223
4.308319 -0.017336 9.437264
4.308319 26.652664 9.437264
6.762252 -0.082677 9.260138
6.762252 26.587323 9.260138
8.953402 20.229195 8.757101
9.177357 22.609493 12.235852
18.948333 20.789265 7.779366
17.551218 20.809267 7.892727
16.716383 21.696045 7.198394
15.233504 21.422678 7.120458
14.472405 20.762595 8.076938
14.057917 21.922740 13.234842
13.099089 20.802600 7.800621
12.745502 21.482685 13.447393
19.633517 -0.017336 8.275319
19.633517 26.652664 8.275319
17.179584 -0.082677 8.452444
17.179584 26.587323 8.452444
14.988434 20.229195 8.955482
14.466413 22.609493 12.561763
11.821885 20.231862 12.398808
18.799301 -0.786765 11.321883
18.799301 25.883235 11.321883
17.402185 -0.806767 11.435243
17.402185 25.863233 11.435243
16.567350 -1.693545 10.740910
16.567350 24.976455 10.740910
15.084471 -1.420178 10.662975
15.084471 25.249822 10.662975
14.323372 -0.760095 11.619454
14.323372 25.909905 11.619454
14.206950 -1.920240 9.692325
14.206950 24.749760 9.692325
12.950056 -0.800100 11.343138
12.950056 25.869900 11.343138
12.894534 -1.480185 9.904876
12.894534 25.189815 9.904876
19.484484 20.019836 11.817835
17.030551 20.085177 11.994961
14.839401 -0.226695 12.497998
14.839401 26.443305 12.497998
14.615446 -2.606993 9.019247
14.615446 24.063007 9.019247
4.844469 -0.786765 13.475733
4.844469 25.883235 13.475733
6.241585 -0.806767 13.362372
6.241585 25.863233 13.362372
7.076420 -1.693545 14.056705
7.076420 24.976455 14.056705
8.559298 -1.420178 14.134641
8.559298 25.249822 14.134641
9.320398 -0.760095 13.178161
9.320398 25.909905 13.178161
9.734886 -1.920240 8.020257
9.734886 24.749760 8.020257
10.693714 -0.800100 13.454478
10.693714 25.869900 13.454478
11.047301 -1.480185 7.807706
11.047301 25.189815 7.807706
4.159286 20.019836 12.979780
6.613219 20.085177 12.802655
8.804369 -0.226695 12.299617
8.804369 26.443305 12.299617
9.326390 -2.606993 8.693335
9.326390 24.063007 8.693335
-0.372582 -3.563112 8.856291
-0.372582 23.106888 8.856291
24.314418 -3.563112 8.856291
24.314418 23.106888 8.856291
17.337002 -2.546985 9.933216
17.337002 24.123015 9.933216
18.734118 -2.526982 9.819856
18.734118 24.143018 9.819856
19.568953 -1.640205 10.514189
19.568953 25.029795 10.514189
-3.635169 -1.913573 10.592124
-3.635169 24.756428 10.592124
21.051831 -1.913573 10.592124
21.051831 24.756428 10.592124
-2.874069 -2.573655 9.635645
-2.874069 24.096345 9.635645
21.812931 -2.573655 9.635645
21.812931 24.096345 9.635645
-2.757647 -1.413510 11.562774
-2.757647 25.256490 11.562774
21.929353 -1.413510 11.562774
21.929353 25.256490 11.562774
-1.500753 -2.533650 9.911961
-1.500753 24.136350 9.911961
23.186247 -2.533650 9.911961
23.186247 24.136350 9.911961
-1.445232 -1.853565 11.350223
-1.445232 24.816435 11.350223
23.241768 -1.853565 11.350223
23.241768 24.816435 11.350223
16.651819 -3.351086 9.437264
16.651819 23.318915 9.437264
19.105752 -3.416427 9.260138
19.105752 23.253573 9.260138
-3.390098 -3.107055 8.757101
-3.390098 23.562945 8.757101
21.296902 -3.107055 8.757101
21.296902 23.562945 8.757101
-3.166143 -0.726758 12.235852
-3.166143 25.943243 12.235852
21.520857 -0.726758 12.235852
21.520857 25.943243 12.235852
6.604833 -2.546985 7.779366
6.604833 24.123015 7.779366
5.207718 -2.526982 7.892727
5.207718 24.143018 7.892727
4.372883 -1.640205 7.198394
4.372883 25.029795 7.198394
2.890004 -1.913573 7.120458
2.890004 24.756428 7.120458
27.577004 -1.913573 7.120458
27.577004 24.756428 7.120458
2.128905 -2.573655 8.076938
2.128905 24.096345 8.076938
26.815905 -2.573655 8.076938
26.815905 24.096345 8.076938
1.714417 -1.413510 13.234842
1.714417 25.256490 13.234842
26.401417 -1.413510 13.234842
26.401417 25.256490 13.234842
0.755589 -2.533650 7.800621
0.755589 24.136350 7.800621
25.442589 -2.533650 7.800621
25.442589 24.136350 7.800621
0.402002 -1.853565 13.447393
0.402002 24.816435 13.447393
25.089002 -1.853565 13.447393
25.089002 24.816435 13.447393
7.290017 -3.351086 8.275319
7.290017 23.318915 8.275319
4.836084 -3.416427 8.452444
4.836084 23.253573 8.452444
2.644934 -3.107055 8.955482
2.644934 23.562945 8.955482
27.331934 -3.107055 8.955482
27.331934 23.562945 8.955482
2.122913 -0.726758 12.561763
2.122913 25.943243 12.561763
26.809913 -0.726758 12.561763
26.809913 25.943243 12.561763
-0.521615 -3.104388 12.398808
-0.521615 23.565612 12.398808
24.165385 -3.104388 12.398808
24.165385 23.565612 12.398808
6.455801 22.549485 11.321883
5.058685 22.529482 11.435243
4.223850 21.642705 10.740910
2.740971 21.916073 10.662975
27.427971 21.916073 10.662975
1.979872 22.576155 11.619454
26.666872 22.576155 11.619454
1.863450 21.416010 9.692325
26.550450 21.416010 9.692325
0.606556 22.536150 11.343138
25.293556 22.536150 11.343138
0.551034 21.856065 9.904876
25.238034 21.856065 9.904876
7.140984 -3.316415 11.817835
7.140984 23.353586 11.817835
4.687051 -3.251073 11.994961
4.687051 23.418927 11.994961
2.495901 -3.560445 12.497998
2.495901 23.109555 12.497998
27.182901 -3.560445 12.497998
27.182901 23.109555 12.497998
2.271946 20.729258 9.019247
26.958946 20.729258 9.019247
17.187969 22.549485 13.475733
18.585085 22.529482 13.362372
19.419920 21.642705 14.056705
-3.784202 21.916073 14.134641
20.902798 21.916073 14.134641
-3.023102 22.576155 13.178161
21.663898 22.576155 13.178161
-2.608614 21.416010 8.020257
22.078386 21.416010 8.020257
-1.649786 22.536150 13.454478
23.037214 22.536150 13.454478
-1.296199 21.856065 7.807706
23.390801 21.856065 7.807706
16.502786 -3.316415 12.979780
16.502786 23.353586 12.979780
18.956719 -3.251073 12.802655
18.956719 23.418927 12.802655
-3.539131 -3.560445 12.299617
-3.539131 23.109555 12.299617
21.147869 -3.560445 12.299617
21.147869 23.109555 12.299617
-3.017110 20.729258 8.693335
21.669890 20.729258 8.693335
11.672852 -0.229362 15.941324
11.672852 26.440638 15.941324
4.695436 20.789265 17.018249
6.092552 20.809267 16.904889
6.927387 21.696045 17.599222
8.410266 21.422678 17.677157
9.171365 20.762595 16.720678
9.287787 21.922740 18.647807
10.544681 20.802600 16.996994
10.600203 21.482685 18.435256
4.010253 -0.017336 16.522297
4.010253 26.652664 16.522297
6.464186 -0.082677 16.345171
6.464186 26.587323 16.345171
8.655336 20.229195 15.842134
8.879291 22.609493 19.320885
18.650268 20.789265 14.864399
17.253152 20.809267 14.977760
16.418317 21.696045 14.283427
14.935439 21.422678 14.205491
14.174339 20.762595 15.161971
13.759851 21.922740 20.319875
12.801023 20.802600 14.885654
12.447436 21.482685 20.532426
19.335451 -0.017336 15.360352
19.335451 26.652664 15.360352
16.881518 -0.082677 15.537477
16.881518 26.587323 15.537477
14.690368 20.229195 16.040515
14.168347 22.609493 19.646796
11.523819 20.231862 19.483841
18.501235 -0.786765 18.406916
18.501235 25.883235 18.406916
17.104119 -0.806767 18.520276
17.104119 25.863233 18.520276
16.269284 -1.693545 17.825943
16.269284 24.976455 17.825943
14.786406 -1.420178 17.748008
14.786406 25.249822 17.748008
14.025306 -0.760095 18.704487
14.025306 25.909905 18.704487
13.908884 -1.920240 16.777358
13.908884 24.749760 16.777358
12.651990 -0.800100 18.428171
12.651990 25.869900 18.428171
12.596469 -1.480185 16.989909
12.596469 25.189815 16.989909
19.186418 20.019836 18.902868
16.732485 20.085177 19.079994
14.541335 -0.226695 19.583031
14.541335 26.443305 19.583031
14.317380 -2.606993 16.104280
14.317380 24.063007 16.104280
4.546404 -0.786765 20.560766
4.546404 25.883235 20.560766
5.943519 -0.806767 20.447405
5.943519 25.863233 20.447405
6.778354 -1.693545 21.141738
6.778354 24.976455 21.141738
8.261233 -1.420178 21.219674
8.261233 25.249822 21.219674
9.022332 -0.760095 20.263194
9.022332 25.909905 20.263194
9.436820 -1.920240 15.105290
9.436820 24.749760 15.105290
10.395648 -0.800100 20.539511
10.395648 25.869900 20.539511
10.749235 -1.480185 14.892739
10.749235 25.189815 14.892739
3.861220 20.019836 20.064813
6.315153 20.085177 19.887688
8.506303 -0.226695 19.384650
8.506303 26.443305 19.384650
9.028324 -2.606993 15.778368
9.028324 24.063007 15.778368
-0.670648 -3.563112 15.941324
-0.670648 23.106888 15.941324
24.016352 -3.563112 15.941324
24.016352 23.106888 15.941324
17.038936 -2.546985 17.018249
17.038936 24.123015 17.018249
18.436052 -2.526982 16.904889
18.436052 24.143018 16.904889
19.270887 -1.640205 17.599222
19.270887 25.029795 17.599222
-3.933234 -1.913573 17.677157
-3.933234 24.756428 17.677157
20.753766 -1.913573 17.677157
20.753766 24.756428 17.677157
-3.172135 -2.573655 16.720678
-3.172135 24.096345 16.720678
21.514865 -2.573655 16.720678
21.514865 24.096345 16.720678
-3.055713 -1.413510 18.647807
-3.055713 25.256490 18.647807
21.631287 -1.413510 18.647807
21.631287 25.256490 18.647807
-1.798819 -2.533650 16.996994
-1.798819 24.136350 16.996994
22.888181 -2.533650 16.996994
22.888181 24.136350 16.996994
-1.743297 -1.853565 18.435256
-1.743297 24.816435 18.435256
22.943703 -1.853565 18.435256
22.943703 24.816435 18.435256
16.353753 -3.351086 16.522297
16.353753 23.318915 16.522297
18.807686 -3.416427 16.345171
18.807686 23.253573 16.345171
-3.688164 -3.107055 15.842134
-3.688164 23.562945 15.842134
20.998836 -3.107055 15.842134
20.998836 23.562945 15.842134
-3.464209 -0.726758 19.320885
-3.464209 25.943243 19.320885
21.222791 -0.726758 19.320885
21.222791 25.943243 19.320885
6.306768 -2.546985 14.864399
6.306768 24.123015 14.864399
4.909652 -2.526982 14.977760
4.909652 24.143018 14.977760
4.074817 -1.640205 14.283427
4.074817 25.029795 14.283427
2.591939 -1.913573 14.205491
2.591939 24.756428 14.205491
27.278939 -1.913573 14.205491
27.278939 24.756428 14.205491
1.830839 -2.573655 15.161971
1.830839 24.096345 15.161971
26.517839 -2.573655 15.161971
26.517839 24.096345 15.161971
1.416351 -1.413510 20.319875
1.416351 25.256490 20.319875
26.103351 -1.413510 20.319875
26.103351 25.256490 20.319875
0.457523 -2.533650 14.885654
0.457523 24.136350 14.885654
25.144523 -2.533650 14.885654
25.144523 24.136350 14.885654
0.103936 -1.853565 20.532426
0.103936 24.816435 20.532426
24.790936 -1.853565 20.532426
24.790936 24.816435 20.532426
6.991951 -3.351086 15.360352
6.991951 23.318915 15.360352
4.538018 -3.416427 15.537477
4.538018 23.253573 15.537477
2.346868 -3.107055 16.040515
2.346868 23.562945 16.040515
27.033868 -3.107055 16.040515
27.033868 23.562945 16.040515
1.824847 -0.726758 19.646796
1.824847 25.943243 19.646796
26.511847 -0.726758 19.646796
26.511847 25.943243 19.646796
-0.819681 -3.104388 19.483841
-0.819681 23.565612 19.483841
23.867319 -3.104388 19.483841
23.867319 23.565612 19.483841
6.157735 22.549485 18.406916
4.760619 22.529482 18.520276
3.925784 21.642705 17.825943
2.442906 21.916073 17.748008
27.129906 21.916073 17.748008
1.681806 22.576155 18.704487
26.368806 22.576155 18.704487
1.565384 21.416010 16.777358
26.252384 21.416010 16.777358
0.308490 22.536150 18.428171
24.995490 22.536150 18.428171
0.252969 21.856065 16.989909
24.939969 21.856065 16.989909
6.842918 -3.316415 18.902868
6.842918 23.353586 18.902868
4.388985 -3.251073 19.079994
4.388985 23.418927 19.079994
2.197835 -3.560445 19.583031
2.197835 23.109555 19.583031
26.884835 -3.560445 19.583031
26.884835 23.109555 19.583031
1.973880 20.729258 16.104280
26.660880 20.729258 16.104280
16.889904 22.549485 20.560766
18.287019 22.529482 20.447405
19.121854 21.642705 21.141738
-4.082267 21.916073 21.219674
20.604733 21.916073 21.219674
-3.321168 22.576155 20.263194
21.365832 22.576155 20.263194
-2.906680 21.416010 15.105290
21.780320 21.416010 15.105290
-1.947852 22.536150 20.539511
22.739148 22.536150 20.539511
-1.594265 21.856065 14.892739
23.092735 21.856065 14.892739
16.204720 -3.316415 20.064813
16.204720 23.353586 20.064813
18.658653 -3.251073 19.887688
18.658653 23.418927 19.887688
-3.837197 -3.560445 19.384650
-3.837197 23.109555 19.384650
20.849803 -3.560445 19.384650
20.849803 23.109555 19.384650
-3.315176 20.729258 15.778368
21.371824 20.729258 15.778368
11.374786 -0.229362 23.026357
11.374786 26.440638 23.026357
5.589634 20.789265 -4.236850
4.397371 20.789265 24.103282
5.794487 20.809267 23.989922
7.821584 21.696045 -3.655877
6.629321 21.696045 24.684255
9.304463 21.422677 -3.577942
8.112200 21.422677 24.762190
8.873299 20.762595 23.805711
10.181984 21.922740 -2.607292
8.989721 21.922740 25.732840
11.438878 20.802600 -4.258105
10.246615 20.802600 24.082027
11.494400 21.482685 -2.819843
10.302137 21.482685 25.520289
3.712187 -0.017336 23.607330
3.712187 26.652664 23.607330
6.166120 -0.082677 23.430204
6.166120 26.587323 23.430204
8.357270 20.229195 22.927167
9.773488 22.609492 -1.934214
8.581225 22.609492 26.405918
18.352202 20.789265 21.949432
16.955086 20.809267 22.062793
16.120252 21.696045 21.368460
14.637373 21.422678 21.290524
13.876274 20.762595 22.247004
14.654049 21.922740 -0.935224
13.461786 21.922740 27.404908
12.502957 20.802600 21.970687
13.341633 21.482685 -0.722673
12.149370 21.482685 27.617459
19.037386 -0.017336 22.445385
19.037386 26.652664 22.445385
16.583452 -0.082677 22.622510
16.583452 26.587323 22.622510
14.392302 20.229195 23.125548
15.062545 22.609492 -1.608302
13.870282 22.609492 26.731829
12.418016 20.231862 -1.771258
11.225753 20.231862 26.568874
19.395432 -0.786765 -2.848183
18.203169 -0.786765 25.491949
19.395432 25.883235 -2.848183
18.203169 25.883235 25.491949
17.998316 -0.806768 -2.734823
16.806053 -0.806768 25.605309
17.998316 25.863232 -2.734823
16.806053 25.863232 25.605309
17.163482 -1.693545 -3.429156
15.971219 -1.693545 24.910976
17.163482 24.976455 -3.429156
15.971219 24.976455 24.910976
15.680603 -1.420178 -3.507091
14.488340 -1.420178 24.833041
15.680603 25.249822 -3.507091
14.488340 25.249822 24.833041
14.919504 -0.760095 -2.550612
13.727241 -0.760095 25.789520
14.919504 25.909905 -2.550612
13.727241 25.909905 25.789520
13.610819 -1.920240 23.862391
13.610819 24.749760 23.862391
13.546188 -0.800100 -2.826928
12.353925 -0.800100 25.513204
13.546188 25.869900 -2.826928
12.353925 25.869900 25.513204
13.490666 -1.480185 -4.265190
12.298403 -1.480185 24.074942
13.490666 25.189815 -4.265190
12.298403 25.189815 24.074942
20.080616 20.019835 -2.352231
18.888353 20.019835 25.987901
17.626682 20.085177 -2.175105
16.434419 20.085177 26.165027
15.435532 -0.226695 -1.672068
14.243269 -0.226695 26.668064
15.435532 26.443305 -1.672068
14.243269 26.443305 26.668064
14.019315 -2.606993 23.189313
14.019315 24.063007 23.189313
5.440601 -0.786765 -0.694333
4.248338 -0.786765 27.645799
5.440601 25.883235 -0.694333
4.248338 25.883235 27.645799
6.837717 -0.806768 -0.807694
5.645454 -0.806768 27.532438
6.837717 25.863232 -0.807694
5.645454 25.863232 27.532438
7.672551 -1.693545 -0.113361
6.480288 -1.693545 28.226771
7.672551 24.976455 -0.113361
6.480288 24.976455 28.226771
9.155430 -1.420178 -0.035425
7.963167 -1.420177 28.304707
9.155430 25.249823 -0.035425
7.963167 25.249823 28.304707
9.916529 -0.760095 -0.991905
8.724266 -0.760095 27.348227
9.916529 25.909905 -0.991905
8.724266 25.909905 27.348227
9.138754 -1.920240 22.190323
9.138754 24.749760 22.190323
11.289845 -0.800100 -0.715588
10.097582 -0.800100 27.624544
11.289845 25.869900 -0.715588
10.097582 25.869900 27.624544
10.451170 -1.480185 21.977772
10.451170 25.189815 21.977772
4.755417 20.019835 -1.190286
3.563154 20.019835 27.149846
7.209351 20.085177 -1.367411
6.017088 20.085177 26.972721
9.400501 -0.226695 -1.870449
8.208238 -0.226695 26.469683
9.400501 26.443305 -1.870449
8.208238 26.443305 26.469683
8.730258 -2.606993 22.863401
8.730258 24.063007 22.863401
-0.968714 -3.563112 23.026357
-0.968714 23.106888 23.026357
23.718286 -3.563112 23.026357
23.718286 23.106888 23.026357
17.933134 -2.546985 -4.236850
16.740871 -2.546985 24.103282
17.933134 24.123015 -4.236850
16.740871 24.123015 24.103282
18.137987 -2.526983 23.989922
18.137987 24.143017 23.989922
20.165084 -1.640205 -3.655877
18.972821 -1.640205 24.684255
20.165084 25.029795 -3.655877
18.972821 25.029795 24.684255
-3.039037 -1.913573 -3.577942
-4.231300 -1.913573 24.762190
-3.039037 24.756427 -3.577942
-4.231300 24.756427 24.762190
21.647963 -1.913573 -3.577942
20.455700 -1.913573 24.762190
21.647963 24.756427 -3.577942
20.455700 24.756427 24.762190
-3.470201 -2.573655 23.805711
-3.470201 24.096345 23.805711
21.216799 -2.573655 23.805711
21.216799 24.096345 23.805711
-2.161516 -1.413510 -2.607292
-3.353779 -1.413510 25.732840
-2.161516 25.256490 -2.607292
-3.353779 25.256490 25.732840
22.525484 -1.413510 -2.607292
21.333221 -1.413510 25.732840
22.525484 25.256490 -2.607292
21.333221 25.256490 25.732840
-0.904622 -2.533650 -4.258105
-2.096885 -2.533650 24.082027
-0.904622 24.136350 -4.258105
-2.096885 24.136350 24.082027
23.782378 -2.533650 -4.258105
22.590115 -2.533650 24.082027
23.782378 24.136350 -4.258105
22.590115 24.136350 24.082027
-0.849100 -1.853565 -2.819843
-2.041363 -1.853565 25.520289
-0.849100 24.816435 -2.819843
-2.041363 24.816435 25.520289
23.837900 -1.853565 -2.819843
22.645637 -1.853565 25.520289
23.837900 24.816435 -2.819843
22.645637 24.816435 25.520289
16.055687 -3.351086 23.607330
16.055687 23.318914 23.607330
18.509620 -3.416427 23.430204
18.509620 23.253573 23.430204
-3.986230 -3.107055 22.927167
-3.986230 23.562945 22.927167
20.700770 -3.107055 22.927167
20.700770 23.562945 22.927167
-2.570012 -0.726758 -1.934214
-3.762275 -0.726758 26.405918
-2.570012 25.943242 -1.934214
-3.762275 25.943242 26.405918
22.116988 -0.726758 -1.934214
20.924725 -0.726758 26.405918
22.116988 25.943242 -1.934214
20.924725 25.943242 26.405918
6.008702 -2.546985 21.949432
6.008702 24.123015 21.949432
4.611586 -2.526982 22.062793
4.611586 24.143018 22.062793
3.776752 -1.640205 21.368460
3.776752 25.029795 21.368460
2.293873 -1.913573 21.290524
2.293873 24.756428 21.290524
26.980873 -1.913573 21.290524
26.980873 24.756428 21.290524
1.532774 -2.573655 22.247004
1.532774 24.096345 22.247004
26.219774 -2.573655 22.247004
26.219774 24.096345 22.247004
2.310549 -1.413510 -0.935224
1.118286 -1.413510 27.404908
2.310549 25.256490 -0.935224
1.118286 25.256490 27.404908
26.997549 -1.413510 -0.935224
25.805286 -1.413510 27.404908
26.997549 25.256490 -0.935224
25.805286 25.256490 27.404908
0.159457 -2.533650 21.970687
0.159457 24.136350 21.970687
24.846457 -2.533650 21.970687
24.846457 24.136350 21.970687
0.998133 -1.853565 -0.722673
-0.194130 -1.853565 27.617459
0.998133 24.816435 -0.722673
-0.194130 24.816435 27.617459
25.685133 -1.853565 -0.722673
24.492870 -1.853565 27.617459
25.685133 24.816435 -0.722673
24.492870 24.816435 27.617459
6.693886 -3.351085 22.445385
6.693886 23.318915 22.445385
4.239952 -3.416427 22.622510
4.239952 23.253573 22.622510
2.048802 -3.107055 23.125548
2.048802 23.562945 23.125548
26.735802 -3.107055 23.125548
26.735802 23.562945 23.125548
2.719045 -0.726758 -1.608302
1.526782 -0.726758 26.731829
2.719045 25.943242 -1.608302
1.526782 25.943242 26.731829
27.406045 -0.726758 -1.608302
26.213782 -0.726758 26.731829
27.406045 25.943242 -1.608302
26.213782 25.943242 26.731829
0.074516 -3.104388 -1.771258
-1.117747 -3.104388 26.568874
0.074516 23.565612 -1.771258
-1.117747 23.565612 26.568874
24.761516 -3.104388 -1.771258
23.569253 -3.104388 26.568874
24.761516 23.565612 -1.771258
23.569253 23.565612 26.568874
7.051932 22.549485 -2.848183
5.859669 22.549485 25.491949
5.654816 22.529482 -2.734823
4.462553 22.529482 25.605309
4.819982 21.642705 -3.429156
3.627719 21.642705 24.910976
3.337103 21.916072 -3.507091
2.144840 21.916072 24.833041
28.024103 21.916072 -3.507091
26.831840 21.916072 24.833041
2.576004 22.576155 -2.550612
1.383741 22.576155 25.789520
27.263004 22.576155 -2.550612
26.070741 22.576155 25.789520
1.267319 21.416010 23.862391
25.954319 21.416010 23.862391
1.202688 22.536150 -2.826928
0.010425 22.536150 25.513204
25.889688 22.536150 -2.826928
24.697425 22.536150 25.513204
1.147166 21.856065 -4.265190
-0.045097 21.856065 24.074942
25.834166 21.856065 -4.265190
24.641903 21.856065 24.074942
7.737116 -3.316415 -2.352231
6.544853 -3.316415 25.987901
7.737116 23.353585 -2.352231
6.544853 23.353585 25.987901
5.283182 -3.251073 -2.175105
4.090919 -3.251073 26.165027
5.283182 23.418927 -2.175105
4.090919 23.418927 26.165027
3.092032 -3.560445 -1.672068
1.899769 -3.560445 26.668064
3.092032 23.109555 -1.672068
1.899769 23.109555 26.668064
27.779032 -3.560445 -1.672068
26.586769 -3.560445 26.668064
27.779032 23.109555 -1.672068
26.586769 23.109555 26.668064
1.675815 20.729257 23.189313
26.362815 20.729257 23.189313
17.784101 22.549485 -0.694333
16.591838 22.549485 27.645799
19.181217 22.529482 -0.807694
17.988954 22.529482 27.532438
20.016051 21.642705 -0.113361
18.823788 21.642705 28.226771
-3.188070 21.916073 -0.035425
-4.380333 21.916073 28.304707
21.498930 21.916073 -0.035425
20.306667 21.916073 28.304707
-2.426971 22.576155 -0.991905
-3.619234 22.576155 27.348227
22.260029 22.576155 -0.991905
21.067766 22.576155 27.348227
-3.204746 21.416010 22.190323
21.482254 21.416010 22.190323
-1.053655 22.536150 -0.715588
-2.245918 22.536150 27.624544
23.633345 22.536150 -0.715588
22.441082 22.536150 27.624544
-1.892330 21.856065 21.977772
22.794670 21.856065 21.977772
17.098917 -3.316415 -1.190286
15.906654 -3.316415 27.149846
17.098917 23.353585 -1.190286
15.906654 23.353585 27.149846
19.552851 -3.251073 -1.367411
18.360588 -3.251073 26.972721
19.552851 23.418927 -1.367411
18.360588 23.418927 26.972721
-2.942999 -3.560445 -1.870449
-4.135262 -3.560445 26.469683
-2.942999 23.109555 -1.870449
-4.135262 23.109555 26.469683
21.744001 -3.560445 -1.870449
20.551738 -3.560445 26.469683
21.744001 23.109555 -1.870449
20.551738 23.109555 26.469683
-3.613242 20.729258 22.863401
21.073758 20.729258 22.863401
LINES 3970 11910
2 0 94
2 0 111
2 0 1077
2 0 1099
2 1 95
2 1 112
2 1 1078
2 1 1100
2 2 6
2 2 220
2 2 2435
2 3 7
2 3 221
2 3 2436
2 4 8
2 4 222
2 4 2437
2 5 9
2 5 223
2 5 2438
2 6 10
2 6 2439
2 7 11
2 7 2440
2 8 12
2 8 2441
2 9 13
2 9 2442
2 10 14
2 10 214
2 11 15
2 11 215
2 12 16
2 12 216
2 13 17
2 13 217
2 14 18
2 14 22
2 15 19
2 16 20
2 16 23
2 17 21
2 18 24
2 18 36
2 19 25
2 19 37
2 20 26
2 20 38
2 21 27
2 21 39
2 22 28
2 22 40
2 23 30
2 23 41
2 24 28
2 24 2416
2 25 29
2 25 2417
2 26 30
2 26 2418
2 27 31
2 27 2419
2 28 80
2 30 81
2 32 1066
2 33 1067
2 34 1068
2 35 1069
2 42 46
2 42 1008
2 42 2460
2 43 47
2 43 1009
2 43 2461
2 44 48
2 44 1010
2 44 2462
2 45 49
2 45 1011
2 45 2463
2 46 50
2 46 2464
2 47 51
2 47 2465
2 48 52
2 48 2466
2 49 53
2 49 2467
2 50 54
2 50 1000
2 51 55
2 51 1001
2 52 56
2 52 1002
2 53 57
2 53 1003
2 54 58
2 54 783
2 55 59
2 55 784
2 56 60
2 56 785
2 57 61
2 57 786
2 58 64
2 58 74
2 59 65
2 59 75
2 60 66
2 60 76
2 61 67
2 61 77
2 62 68
2 62 78
2 62 355
2 63 69
2 63 79
2 63 356
2 64 789
2 64 2416
2 65 790
2 65 2417
2 66 791
2 66 2418
2 67 792
2 67 2419
2 68 80
2 68 361
2 69 81
2 69 362
2 70 1088
2 71 1089
2 72 1090
2 73 1091
2 80 2492
2 80 2522
2 81 2494
2 81 2523
2 82 84
2 82 132
2 82 1124
2 83 133
2 84 85
2 84 1125
2 85 87
2 85 128
2 86 88
2 86 129
2 87 89
2 87 90
2 88 91
2 89 92
2 89 100
2 90 94
2 90 101
2 91 95
2 91 102
2 92 94
2 92 1109
2 93 95
2 96 2472
2 97 2474
2 98 2476
2 99 2477
2 103 104
2 103 430
2 103 1139
2 104 105
2 104 1140
2 105 106
2 105 428
2 106 107
2 106 392
2 107 110
2 107 117
2 108 111
2 108 118
2 108 837
2 109 112
2 109 119
2 109 838
2 110 394
2 110 1109
2 111 842
2 112 843
2 113 2508
2 114 2509
2 115 2510
2 116 2511
2 120 144
2 120 186
2 120 252
2 120 302
2 121 145
2 121 187
2 121 253
2 121 303
2 122 254
2 122 304
2 123 255
2 123 305
2 124 146
2 124 188
2 124 256
2 124 306
2 125 147
2 125 189
2 125 257
2 125 307
2 126 258
2 126 308
2 127 259
2 127 309
2 128 130
2 128 152
2 129 131
2 129 153
2 130 132
2 130 156
2 131 133
2 131 157
2 132 136
2 133 137
2 134 138
2 134 142
2 135 139
2 136 140
2 136 143
2 137 141
2 138 144
2 138 160
2 139 145
2 139 161
2 140 146
2 140 164
2 141 147
2 141 165
2 142 148
2 142 168
2 143 150
2 143 169
2 144 148
2 145 149
2 146 150
2 147 151
2 148 210
2 150 212
2 170 172
2 170 192
2 170 835
2 171 173
2 171 193
2 171 836
2 172 174
2 172 196
2 173 175
2 173 197
2 174 176
2 174 831
2 175 177
2 175 832
2 176 180
2 176 902
2 177 181
2 177 903
2 178 182
2 178 904
2 179 183
2 179 905
2 180 186
2 180 200
2 181 187
2 181 201
2 182 188
2 182 204
2 183 189
2 183 205
2 184 190
2 184 208
2 184 431
2 185 191
2 185 209
2 185 432
2 186 908
2 187 909
2 188 910
2 189 911
2 190 210
2 190 437
2 191 212
2 191 438
2 210 244
2 210 298
2 211 246
2 211 299
2 212 248
2 212 300
2 213 250
2 213 301
2 214 218
2 214 260
2 216 219
2 216 261
2 218 220
2 218 262
2 219 222
2 219 263
2 220 224
2 221 225
2 222 226
2 223 227
2 224 232
2 224 236
2 225 237
2 226 233
2 226 238
2 227 239
2 228 234
2 228 240
2 229 241
2 230 235
2 230 242
2 231 243
2 232 244
2 232 264
2 233 246
2 233 265
2 234 248
2 234 266
2 235 250
2 235 267
2 236 252
2 236 268
2 237 253
2 237 269
2 238 254
2 238 270
2 239 255
2 239 271
2 240 256
2 240 272
2 241 257
2 241 273
2 242 258
2 242 274
2 243 259
2 243 275
2 244 252
2 245 253
2 246 254
2 247 255
2 248 256
2 249 257
2 250 258
2 251 259
2 276 278
2 276 310
2 276 353
2 277 279
2 277 311
2 277 354
2 278 280
2 278 312
2 279 281
2 279 313
2 280 284
2 280 349
2 281 285
2 281 350
2 282 286
2 282 507
2 283 287
2 283 508
2 284 288
2 284 509
2 285 289
2 285 510
2 286 298
2 286 314
2 287 299
2 287 315
2 288 300
2 288 316
2 289 301
2 289 317
2 290 302
2 290 318
2 290 1012
2 291 303
2 291 319
2 291 1013
2 292 304
2 292 320
2 292 1014
2 293 305
2 293 321
2 293 1015
2 294 306
2 294 322
2 294 1016
2 295 307
2 295 323
2 295 1017
2 296 308
2 296 324
2 296 1018
2 297 309
2 297 325
2 297 1019
2 298 515
2 299 516
2 300 517
2 301 518
2 302 1032
2 303 1033
2 304 1034
2 305 1035
2 306 1036
2 307 1037
2 308 1038
2 309 1039
2 326 380
2 326 394
2 326 1279
2 326 1291
2 327 329
2 327 459
2 327 2754
2 328 330
2 328 460
2 328 2755
2 329 331
2 329 2756
2 330 332
2 330 2757
2 331 333
2 331 455
2 332 334
2 332 456
2 333 335
2 333 337
2 334 336
2 334 338
2 335 339
2 335 345
2 336 340
2 336 346
2 337 341
2 337 347
2 338 342
2 338 348
2 339 341
2 339 2744
2 340 342
2 340 2745
2 341 371
2 342 372
2 343 1273
2 344 1274
2 349 351
2 349 2768
2 350 352
2 350 2769
2 351 353
2 351 2770
2 352 354
2 352 2771
2 353 355
2 354 356
2 355 357
2 356 358
2 357 361
2 357 367
2 358 362
2 358 368
2 359 363
2 359 369
2 359 560
2 360 364
2 360 370
2 360 561
2 361 2744
2 362 2745
2 363 371
2 363 566
2 364 372
2 364 567
2 365 1285
2 366 1286
2 371 2787
2 371 2809
2 372 2788
2 372 2810
2 373 374
2 373 407
2 373 1306
2 374 375
2 374 1307
2 375 376
2 375 405
2 376 377
2 376 378
2 377 379
2 377 385
2 378 380
2 378 386
2 379 380
2 379 1297
2 381 2775
2 382 2776
2 383 2777
2 384 2778
2 387 388
2 387 635
2 387 1318
2 388 389
2 388 1319
2 389 390
2 389 633
2 390 391
2 390 597
2 391 393
2 391 399
2 392 394
2 392 400
2 393 599
2 393 1297
2 395 2797
2 396 2798
2 397 2799
2 398 2800
2 401 414
2 401 437
2 401 477
2 401 515
2 402 478
2 402 516
2 403 415
2 403 438
2 403 479
2 403 517
2 404 480
2 404 518
2 405 406
2 405 418
2 406 407
2 406 420
2 407 409
2 408 410
2 408 412
2 409 411
2 409 413
2 410 414
2 410 422
2 411 415
2 411 424
2 412 416
2 412 426
2 413 417
2 413 427
2 414 416
2 415 417
2 416 451
2 417 453
2 428 429
2 428 441
2 429 430
2 429 443
2 430 431
2 431 433
2 432 434
2 433 437
2 433 445
2 434 438
2 434 447
2 435 439
2 435 449
2 435 636
2 436 440
2 436 450
2 436 637
2 439 451
2 439 642
2 440 453
2 440 643
2 451 473
2 451 511
2 452 474
2 452 512
2 453 475
2 453 513
2 454 476
2 454 514
2 455 457
2 455 481
2 456 458
2 456 482
2 457 459
2 457 483
2 458 460
2 458 484
2 459 461
2 460 462
2 461 465
2 461 469
2 462 466
2 462 470
2 463 467
2 463 471
2 464 468
2 464 472
2 465 473
2 465 485
2 466 474
2 466 486
2 467 475
2 467 487
2 468 476
2 468 488
2 469 477
2 469 489
2 470 478
2 470 490
2 471 479
2 471 491
2 472 480
2 472 492
2 473 477
2 474 478
2 475 479
2 476 480
2 493 495
2 493 519
2 493 558
2 494 496
2 494 520
2 494 559
2 495 497
2 495 521
2 496 498
2 496 522
2 497 501
2 497 554
2 498 502
2 498 555
2 499 503
2 499 712
2 500 504
2 500 713
2 501 505
2 501 714
2 502 506
2 502 715
2 503 511
2 503 523
2 504 512
2 504 524
2 505 513
2 505 525
2 506 514
2 506 526
2 507 515
2 507 527
2 508 516
2 508 528
2 509 517
2 509 529
2 510 518
2 510 530
2 511 720
2 512 721
2 513 722
2 514 723
2 531 585
2 531 599
2 531 1409
2 531 1421
2 532 534
2 532 664
2 532 2959
2 533 535
2 533 665
2 533 2960
2 534 536
2 534 2961
2 535 537
2 535 2962
2 536 538
2 536 660
2 537 539
2 537 661
2 538 540
2 538 542
2 539 541
2 539 543
2 540 544
2 540 550
2 541 545
2 541 551
2 542 546
2 542 552
2 543 547
2 543 553
2 544 546
2 544 2949
2 545 547
2 545 2950
2 546 576
2 547 577
2 548 1403
2 549 1404
2 554 556
2 554 2973
2 555 557
2 555 2974
2 556 558
2 556 2975
2 557 559
2 557 2976
2 558 560
2 559 561
2 560 562
2 561 563
2 562 566
2 562 572
2 563 567
2 563 573
2 564 568
2 564 574
2 564 779
2 565 569
2 565 575
2 565 780
2 566 2949
2 567 2950
2 568 576
2 568 787
2 569 577
2 569 788
2 570 1415
2 571 1416
2 576 2992
2 576 3014
2 577 2993
2 577 3015
2 578 579
2 578 612
2 578 1436
2 579 580
2 579 1437
2 580 581
2 580 610
2 581 582
2 581 583
2 582 584
2 582 590
2 583 585
2 583 591
2 584 585
2 584 1427
2 586 2980
2 587 2981
2 588 2982
2 589 2983
2 592 593
2 592 897
2 592 1448
2 593 594
2 593 1449
2 594 595
2 594 895
2 595 596
2 595 841
2 596 598
2 596 604
2 597 599
2 597 605
2 598 844
2 598 1427
2 600 3002
2 601 3003
2 602 3004
2 603 3005
2 606 619
2 606 642
2 606 682
2 606 720
2 607 683
2 607 721
2 608 620
2 608 643
2 608 684
2 608 722
2 609 685
2 609 723
2 610 611
2 610 623
2 611 612
2 611 625
2 612 614
2 613 615
2 613 617
2 614 616
2 614 618
2 615 619
2 615 627
2 616 620
2 616 629
2 617 621
2 617 631
2 618 622
2 618 632
2 619 621
2 620 622
2 621 656
2 622 658
2 633 634
2 633 646
2 634 635
2 634 648
2 635 636
2 636 638
2 637 639
2 638 642
2 638 650
2 639 643
2 639 652
2 640 644
2 640 654
2 640 898
2 641 645
2 641 655
2 641 899
2 644 656
2 644 906
2 645 658
2 645 907
2 656 678
2 656 716
2 657 679
2 657 717
2 658 680
2 658 718
2 659 681
2 659 719
2 660 662
2 660 686
2 661 663
2 661 687
2 662 664
2 662 688
2 663 665
2 663 689
2 664 666
2 665 667
2 666 670
2 666 674
2 667 671
2 667 675
2 668 672
2 668 676
2 669 673
2 669 677
2 670 678
2 670 690
2 671 679
2 671 691
2 672 680
2 672 692
2 673 681
2 673 693
2 674 682
2 674 694
2 675 683
2 675 695
2 676 684
2 676 696
2 677 685
2 677 697
2 678 682
2 679 683
2 680 684
2 681 685
2 698 700
2 698 724
2 698 777
2 699 701
2 699 725
2 699 778
2 700 702
2 700 726
2 701 703
2 701 727
2 702 706
2 702 773
2 703 707
2 703 774
2 704 708
2 704 1028
2 705 709
2 705 1029
2 706 710
2 706 1030
2 707 711
2 707 1031
2 708 716
2 708 728
2 709 717
2 709 729
2 710 718
2 710 730
2 711 719
2 711 731
2 712 720
2 712 732
2 713 721
2 713 733
2 714 722
2 714 734
2 715 723
2 715 735
2 716 1040
2 717 1041
2 718 1042
2 719 1043
2 736 819
2 736 844
2 736 1544
2 736 1559
2 737 940
2 738 741
2 738 941
2 738 3170
2 739 942
2 740 742
2 740 943
2 740 3171
2 741 744
2 741 3172
2 742 746
2 742 3173
2 743 747
2 743 932
2 744 748
2 744 933
2 745 749
2 745 934
2 746 750
2 746 935
2 747 753
2 748 751
2 748 754
2 749 755
2 750 752
2 750 756
2 751 758
2 751 767
2 752 760
2 752 768
2 753 761
2 753 769
2 754 762
2 754 770
2 755 763
2 755 771
2 756 764
2 756 772
2 757 761
2 758 762
2 758 3154
2 759 763
2 760 764
2 760 3155
2 761 801
2 762 802
2 763 803
2 764 804
2 765 1534
2 766 1535
2 773 775
2 773 3187
2 774 776
2 774 3188
2 775 777
2 775 3189
2 776 778
2 776 3190
2 777 779
2 778 780
2 779 781
2 780 782
2 781 787
2 781 795
2 782 788
2 782 796
2 783 789
2 783 797
2 784 790
2 784 798
2 785 791
2 785 799
2 786 792
2 786 800
2 787 3154
2 788 3155
2 789 801
2 790 802
2 791 803
2 792 804
2 793 1552
2 794 1553
2 801 3218
2 801 3258
2 802 3219
2 802 3259
2 803 3220
2 803 3260
2 804 3221
2 804 3261
2 805 807
2 805 863
2 805 1584
2 806 808
2 806 864
2 806 1585
2 807 809
2 807 1586
2 808 810
2 808 1587
2 809 811
2 809 860
2 810 812
2 810 861
2 811 813
2 812 814
2 812 815
2 813 816
2 813 828
2 814 817
2 814 829
2 815 819
2 815 830
2 816 818
2 816 1567
2 817 819
2 817 1568
2 820 3196
2 821 3197
2 822 3198
2 823 3199
2 824 3200
2 825 3201
2 826 3202
2 827 3203
2 831 833
2 831 1605
2 832 834
2 832 1606
2 833 835
2 833 1607
2 834 836
2 834 1608
2 835 837
2 836 838
2 837 839
2 838 840
2 839 842
2 839 853
2 840 843
2 840 854
2 841 844
2 841 855
2 842 1567
2 843 1568
2 845 3236
2 846 3237
2 847 3238
2 848 3239
2 849 3240
2 850 3241
2 851 3242
2 852 3243
2 856 876
2 856 906
2 856 973
2 856 1040
2 857 975
2 857 1041
2 858 878
2 858 907
2 858 977
2 858 1042
2 859 979
2 859 1043
2 861 862
2 861 883
2 862 864
2 862 885
2 863 867
2 864 868
2 865 871
2 866 869
2 866 872
2 867 873
2 868 870
2 868 874
2 869 876
2 869 887
2 870 878
2 870 889
2 871 879
2 871 891
2 872 880
2 872 892
2 873 881
2 873 893
2 874 882
2 874 894
2 875 879
2 876 880
2 877 881
2 878 882
2 879 924
2 880 925
2 881 928
2 882 929
2 895 896
2 895 912
2 896 897
2 896 914
2 897 898
2 898 900
2 899 901
2 900 906
2 900 916
2 901 907
2 901 918
2 902 908
2 902 920
2 903 909
2 903 921
2 904 910
2 904 922
2 905 911
2 905 923
2 908 924
2 909 925
2 910 928
2 911 929
2 924 964
2 924 1032
2 925 965
2 925 1033
2 926 966
2 926 1034
2 927 967
2 927 1035
2 928 968
2 928 1036
2 929 969
2 929 1037
2 930 970
2 930 1038
2 931 971
2 931 1039
2 932 936
2 932 980
2 933 937
2 933 981
2 934 938
2 934 982
2 935 939
2 935 983
2 936 940
2 936 984
2 937 941
2 937 985
2 938 942
2 938 986
2 939 943
2 939 987
2 940 944
2 941 945
2 942 946
2 943 947
2 944 952
2 945 953
2 945 960
2 946 954
2 947 955
2 947 961
2 948 956
2 949 957
2 949 962
2 950 958
2 951 959
2 951 963
2 952 964
2 952 988
2 953 965
2 953 989
2 954 966
2 954 990
2 955 967
2 955 991
2 956 968
2 956 992
2 957 969
2 957 993
2 958 970
2 958 994
2 959 971
2 959 995
2 960 973
2 960 996
2 961 975
2 961 997
2 962 977
2 962 998
2 963 979
2 963 999
2 964 972
2 965 973
2 966 974
2 967 975
2 968 976
2 969 977
2 970 978
2 971 979
2 1000 1004
2 1000 1044
2 1001 1005
2 1001 1045
2 1002 1006
2 1002 1046
2 1003 1007
2 1003 1047
2 1004 1008
2 1004 1048
2 1005 1009
2 1005 1049
2 1006 1010
2 1006 1050
2 1007 1011
2 1007 1051
2 1008 1016
2 1009 1017
2 1010 1018
2 1011 1019
2 1012 1020
2 1013 1021
2 1014 1022
2 1015 1023
2 1016 1024
2 1017 1025
2 1018 1026
2 1019 1027
2 1020 1032
2 1020 1052
2 1021 1033
2 1021 1053
2 1022 1034
2 1022 1054
2 1023 1035
2 1023 1055
2 1024 1036
2 1024 1056
2 1025 1037
2 1025 1057
2 1026 1038
2 1026 1058
2 1027 1039
2 1027 1059
2 1028 1040
2 1028 1060
2 1029 1041
2 1029 1061
2 1030 1042
2 1030 1062
2 1031 1043
2 1031 1063
2 1064 1122
2 1064 1137
2 1064 1753
2 1064 1775
2 1065 1123
2 1065 1138
2 1065 1754
2 1065 1776
2 1066 1068
2 1066 1219
2 1067 1069
2 1067 1220
2 1068 1070
2 1069 1071
2 1070 1072
2 1070 1216
2 1071 1073
2 1071 1217
2 1072 1074
2 1072 1076
2 1073 1075
2 1074 1077
2 1074 1085
2 1075 1078
2 1075 1086
2 1076 1079
2 1076 1087
2 1077 1079
2 1078 1080
2 1079 1109
2 1081 1742
2 1082 1743
2 1083 1744
2 1084 1745
2 1088 1090
2 1088 1712
2 1089 1091
2 1089 1713
2 1090 1092
2 1091 1093
2 1092 1094
2 1092 1708
2 1093 1095
2 1093 1709
2 1094 1096
2 1094 1557
2 1095 1097
2 1095 1558
2 1096 1099
2 1096 1106
2 1097 1100
2 1097 1107
2 1098 1101
2 1098 1108
2 1098 1288
2 1099 1560
2 1100 1561
2 1101 1109
2 1101 1291
2 1102 1764
2 1103 1765
2 1104 1766
2 1105 1767
2 1110 1112
2 1110 1152
2 1110 1800
2 1111 1153
2 1112 1113
2 1112 1801
2 1113 1115
2 1113 1148
2 1114 1116
2 1114 1149
2 1115 1117
2 1115 1118
2 1116 1119
2 1117 1120
2 1117 1126
2 1118 1122
2 1118 1127
2 1119 1123
2 1119 1128
2 1120 1122
2 1120 1785
2 1121 1123
2 1129 1130
2 1129 1345
2 1129 1815
2 1130 1131
2 1130 1816
2 1131 1132
2 1131 1343
2 1132 1133
2 1132 1315
2 1133 1136
2 1133 1141
2 1134 1137
2 1134 1142
2 1134 1597
2 1135 1138
2 1135 1143
2 1135 1598
2 1136 1317
2 1136 1785
2 1137 1602
2 1138 1603
2 1144 1164
2 1144 1198
2 1144 1235
2 1144 1260
2 1145 1165
2 1145 1199
2 1145 1236
2 1145 1261
2 1146 1166
2 1146 1200
2 1146 1237
2 1146 1262
2 1147 1167
2 1147 1201
2 1147 1238
2 1147 1263
2 1148 1150
2 1148 1172
2 1149 1151
2 1149 1173
2 1150 1152
2 1150 1174
2 1151 1153
2 1151 1175
2 1152 1156
2 1153 1157
2 1154 1158
2 1154 1162
2 1155 1159
2 1156 1160
2 1156 1163
2 1157 1161
2 1158 1164
2 1158 1176
2 1159 1165
2 1159 1177
2 1160 1166
2 1160 1178
2 1161 1167
2 1161 1179
2 1162 1168
2 1162 1180
2 1163 1170
2 1163 1181
2 1164 1168
2 1165 1169
2 1166 1170
2 1167 1171
2 1168 1214
2 1170 1215
2 1182 1184
2 1182 1204
2 1182 1595
2 1183 1185
2 1183 1205
2 1183 1596
2 1184 1186
2 1184 1206
2 1185 1187
2 1185 1207
2 1186 1188
2 1186 1591
2 1187 1189
2 1187 1592
2 1188 1192
2 1188 1652
2 1189 1193
2 1189 1653
2 1190 1194
2 1190 1654
2 1191 1195
2 1191 1655
2 1192 1198
2 1192 1208
2 1193 1199
2 1193 1209
2 1194 1200
2 1194 1210
2 1195 1201
2 1195 1211
2 1196 1202
2 1196 1212
2 1196 1346
2 1197 1203
2 1197 1213
2 1197 1347
2 1198 1658
2 1199 1659
2 1200 1660
2 1201 1661
2 1202 1214
2 1202 1352
2 1203 1215
2 1203 1353
2 1214 1231
2 1214 1258
2 1215 1233
2 1215 1259
2 1216 1218
2 1216 1239
2 1218 1219
2 1218 1240
2 1219 1221
2 1220 1222
2 1221 1225
2 1221 1227
2 1222 1228
2 1223 1226
2 1223 1229
2 1224 1230
2 1225 1231
2 1225 1241
2 1226 1233
2 1226 1242
2 1227 1235
2 1227 1243
2 1228 1236
2 1228 1244
2 1229 1237
2 1229 1245
2 1230 1238
2 1230 1246
2 1231 1235
2 1232 1236
2 1233 1237
2 1234 1238
2 1247 1248
2 1247 1264
2 1247 1287
2 1248 1249
2 1248 1265
2 1249 1251
2 1249 1285
2 1250 1252
2 1250 1390
2 1251 1253
2 1251 1391
2 1252 1258
2 1252 1266
2 1253 1259
2 1253 1267
2 1254 1260
2 1254 1268
2 1254 1714
2 1255 1261
2 1255 1269
2 1255 1715
2 1256 1262
2 1256 1270
2 1256 1716
2 1257 1263
2 1257 1271
2 1257 1717
2 1258 1394
2 1259 1395
2 1260 1724
2 1261 1725
2 1262 1726
2 1263 1727
2 1272 1305
2 1272 1317
2 1272 1955
2 1272 1967
2 1273 1274
2 1273 1366
2 1274 1275
2 1275 1276
2 1275 1364
2 1276 1277
2 1276 1278
2 1277 1279
2 1277 1283
2 1278 1280
2 1278 1284
2 1279 1280
2 1280 1297
2 1281 1949
2 1282 1950
2 1285 1286
2 1286 1287
2 1287 1288
2 1288 1289
2 1289 1291
2 1289 1295
2 1290 1292
2 1290 1296
2 1290 1418
2 1292 1297
2 1292 1421
2 1293 1961
2 1294 1962
2 1298 1299
2 1298 1326
2 1298 1982
2 1299 1300
2 1299 1983
2 1300 1301
2 1300 1324
2 1301 1302
2 1301 1303
2 1302 1304
2 1302 1308
2 1303 1305
2 1303 1309
2 1304 1305
2 1304 1973
2 1310 1311
2 1310 1475
2 1310 1994
2 1311 1312
2 1311 1995
2 1312 1313
2 1312 1473
2 1313 1314
2 1313 1445
2 1314 1316
2 1314 1320
2 1315 1317
2 1315 1321
2 1316 1447
2 1316 1973
2 1322 1333
2 1322 1352
2 1322 1375
2 1322 1394
2 1323 1334
2 1323 1353
2 1323 1376
2 1323 1395
2 1324 1325
2 1324 1337
2 1325 1326
2 1325 1338
2 1326 1328
2 1327 1329
2 1327 1331
2 1328 1330
2 1328 1332
2 1329 1333
2 1329 1339
2 1330 1334
2 1330 1340
2 1331 1335
2 1331 1341
2 1332 1336
2 1332 1342
2 1333 1335
2 1334 1336
2 1335 1362
2 1336 1363
2 1343 1344
2 1343 1356
2 1344 1345
2 1344 1357
2 1345 1346
2 1346 1348
2 1347 1349
2 1348 1352
2 1348 1358
2 1349 1353
2 1349 1359
2 1350 1354
2 1350 1360
2 1350 1476
2 1351 1355
2 1351 1361
2 1351 1477
2 1354 1362
2 1354 1482
2 1355 1363
2 1355 1483
2 1362 1373
2 1362 1392
2 1363 1374
2 1363 1393
2 1364 1365
2 1364 1377
2 1365 1366
2 1365 1378
2 1366 1367
2 1367 1369
2 1367 1371
2 1368 1370
2 1368 1372
2 1369 1373
2 1369 1379
2 1370 1374
2 1370 1380
2 1371 1375
2 1371 1381
2 1372 1376
2 1372 1382
2 1373 1375
2 1374 1376
2 1383 1384
2 1383 1396
2 1383 1417
2 1384 1385
2 1384 1397
2 1385 1387
2 1385 1415
2 1386 1388
2 1386 1520
2 1387 1389
2 1387 1521
2 1388 1392
2 1388 1398
2 1389 1393
2 1389 1399
2 1390 1394
2 1390 1400
2 1391 1395
2 1391 1401
2 1392 1524
2 1393 1525
2 1402 1435
2 1402 1447
2 1402 2085
2 1402 2097
2 1403 1404
2 1403 1496
2 1404 1405
2 1405 1406
2 1405 1494
2 1406 1407
2 1406 1408
2 1407 1409
2 1407 1413
2 1408 1410
2 1408 1414
2 1409 1410
2 1410 1427
2 1411 2079
2 1412 2080
2 1415 1416
2 1416 1417
2 1417 1418
2 1418 1419
2 1419 1421
2 1419 1425
2 1420 1422
2 1420 1426
2 1420 1555
2 1422 1427
2 1422 1559
2 1423 2091
2 1424 2092
2 1428 1429
2 1428 1456
2 1428 2112
2 1429 1430
2 1429 2113
2 1430 1431
2 1430 1454
2 1431 1432
2 1431 1433
2 1432 1434
2 1432 1438
2 1433 1435
2 1433 1439
2 1434 1435
2 1434 2103
2 1440 1441
2 1440 1647
2 1440 2124
2 1441 1442
2 1441 2125
2 1442 1443
2 1442 1645
2 1443 1444
2 1443 1601
2 1444 1446
2 1444 1450
2 1445 1447
2 1445 1451
2 1446 1604
2 1446 2103
2 1452 1463
2 1452 1482
2 1452 1505
2 1452 1524
2 1453 1464
2 1453 1483
2 1453 1506
2 1453 1525
2 1454 1455
2 1454 1467
2 1455 1456
2 1455 1468
2 1456 1458
2 1457 1459
2 1457 1461
2 1458 1460
2 1458 1462
2 1459 1463
2 1459 1469
2 1460 1464
2 1460 1470
2 1461 1465
2 1461 1471
2 1462 1466
2 1462 1472
2 1463 1465
2 1464 1466
2 1465 1492
2 1466 1493
2 1473 1474
2 1473 1486
2 1474 1475
2 1474 1487
2 1475 1476
2 1476 1478
2 1477 1479
2 1478 1482
2 1478 1488
2 1479 1483
2 1479 1489
2 1480 1484
2 1480 1490
2 1480 1648
2 1481 1485
2 1481 1491
2 1481 1649
2 1484 1492
2 1484 1656
2 1485 1493
2 1485 1657
2 1492 1503
2 1492 1522
2 1493 1504
2 1493 1523
2 1494 1495
2 1494 1507
2 1495 1496
2 1495 1508
2 1496 1497
2 1497 1499
2 1497 1501
2 1498 1500
2 1498 1502
2 1499 1503
2 1499 1509
2 1500 1504
2 1500 1510
2 1501 1505
2 1501 1511
2 1502 1506
2 1502 1512
2 1503 1505
2 1504 1506
2 1513 1514
2 1513 1526
2 1513 1554
2 1514 1515
2 1514 1527
2 1515 1517
2 1515 1552
2 1516 1518
2 1516 1722
2 1517 1519
2 1517 1723
2 1518 1522
2 1518 1528
2 1519 1523
2 1519 1529
2 1520 1524
2 1520 1530
2 1521 1525
2 1521 1531
2 1522 1728
2 1523 1729
2 1532 1583
2 1532 1604
2 1532 2220
2 1532 2235
2 1533 1678
2 1534 1535
2 1534 1679
2 1535 1537
2 1536 1538
2 1536 1674
2 1537 1539
2 1537 1675
2 1538 1541
2 1539 1540
2 1539 1542
2 1540 1544
2 1540 1549
2 1541 1545
2 1541 1550
2 1542 1546
2 1542 1551
2 1543 1545
2 1544 1546
2 1545 1567
2 1546 1568
2 1547 2210
2 1548 2211
2 1552 1553
2 1553 1554
2 1554 1555
2 1555 1556
2 1556 1559
2 1556 1564
2 1557 1560
2 1557 1565
2 1558 1561
2 1558 1566
2 1560 1567
2 1561 1568
2 1562 2228
2 1563 2229
2 1569 1571
2 1569 1617
2 1569 2260
2 1570 1572
2 1570 1618
2 1570 2261
2 1571 1573
2 1571 2262
2 1572 1574
2 1572 2263
2 1573 1575
2 1573 1614
2 1574 1576
2 1574 1615
2 1575 1577
2 1576 1578
2 1576 1579
2 1577 1580
2 1577 1588
2 1578 1581
2 1578 1589
2 1579 1583
2 1579 1590
2 1580 1582
2 1580 2243
2 1581 1583
2 1581 2244
2 1591 1593
2 1591 2281
2 1592 1594
2 1592 2282
2 1593 1595
2 1593 2283
2 1594 1596
2 1594 2284
2 1595 1597
2 1596 1598
2 1597 1599
2 1598 1600
2 1599 1602
2 1599 1609
2 1600 1603
2 1600 1610
2 1601 1604
2 1601 1611
2 1602 2243
2 1603 2244
2 1612 1630
2 1612 1656
2 1612 1695
2 1612 1728
2 1613 1632
2 1613 1657
2 1613 1697
2 1613 1729
2 1615 1616
2 1615 1637
2 1616 1618
2 1616 1638
2 1617 1621
2 1618 1622
2 1619 1625
2 1620 1623
2 1620 1626
2 1621 1627
2 1622 1624
2 1622 1628
2 1623 1630
2 1623 1639
2 1624 1632
2 1624 1640
2 1625 1633
2 1625 1641
2 1626 1634
2 1626 1642
2 1627 1635
2 1627 1643
2 1628 1636
2 1628 1644
2 1629 1633
2 1630 1634
2 1631 1635
2 1632 1636
2 1633 1670
2 1634 1671
2 1635 1672
2 1636 1673
2 1645 1646
2 1645 1662
2 1646 1647
2 1646 1663
2 1647 1648
2 1648 1650
2 1649 1651
2 1650 1656
2 1650 1664
2 1651 1657
2 1651 1665
2 1652 1658
2 1652 1666
2 1653 1659
2 1653 1667
2 1654 1660
2 1654 1668
2 1655 1661
2 1655 1669
2 1658 1670
2 1659 1671
2 1660 1672
2 1661 1673
2 1670 1690
2 1670 1724
2 1671 1691
2 1671 1725
2 1672 1692
2 1672 1726
2 1673 1693
2 1673 1727
2 1674 1676
2 1674 1698
2 1675 1677
2 1675 1699
2 1676 1678
2 1676 1700
2 1677 1679
2 1677 1701
2 1678 1680
2 1679 1681
2 1680 1684
2 1681 1685
2 1681 1688
2 1682 1686
2 1683 1687
2 1683 1689
2 1684 1690
2 1684 1702
2 1685 1691
2 1685 1703
2 1686 1692
2 1686 1704
2 1687 1693
2 1687 1705
2 1688 1695
2 1688 1706
2 1689 1697
2 1689 1707
2 1690 1694
2 1691 1695
2 1692 1696
2 1693 1697
2 1708 1710
2 1708 1730
2 1709 1711
2 1709 1731
2 1710 1712
2 1710 1732
2 1711 1713
2 1711 1733
2 1712 1716
2 1713 1717
2 1714 1718
2 1715 1719
2 1716 1720
2 1717 1721
2 1718 1724
2 1718 1734
2 1719 1725
2 1719 1735
2 1720 1726
2 1720 1736
2 1721 1727
2 1721 1737
2 1722 1728
2 1722 1738
2 1723 1729
2 1723 1739
2 1740 1798
2 1740 1813
2 1740 2431
2 1740 2457
2 1741 1799
2 1741 1814
2 1741 2432
2 1741 2458
2 1742 1744
2 1742 1895
2 1743 1745
2 1743 1896
2 1744 1746
2 1745 1747
2 1746 1748
2 1746 1892
2 1747 1749
2 1747 1893
2 1748 1750
2 1748 1752
2 1749 1751
2 1750 1753
2 1750 1761
2 1751 1754
2 1751 1762
2 1752 1755
2 1752 1763
2 1753 1755
2 1754 1756
2 1755 1785
2 1757 2420
2 1758 2421
2 1759 2422
2 1760 2423
2 1764 1766
2 1764 2388
2 1765 1767
2 1765 2389
2 1766 1768
2 1767 1769
2 1768 1770
2 1768 2384
2 1769 1771
2 1769 2385
2 1770 1772
2 1770 2233
2 1771 1773
2 1771 2234
2 1772 1775
2 1772 1782
2 1773 1776
2 1773 1783
2 1774 1777
2 1774 1784
2 1774 1964
2 1775 2236
2 1776 2237
2 1777 1785
2 1777 1967
2 1778 2446
2 1779 2447
2 1780 2448
2 1781 2449
2 1786 1788
2 1786 1828
2 1786 2500
2 1787 1829
2 1788 1789
2 1788 2501
2 1789 1791
2 1789 1824
2 1790 1792
2 1790 1825
2 1791 1793
2 1791 1794
2 1792 1795
2 1793 1796
2 1793 1802
2 1794 1798
2 1794 1803
2 1795 1799
2 1795 1804
2 1796 1798
2 1796 2471
2 1797 1799
2 1805 1806
2 1805 2021
2 1805 2528
2 1806 1807
2 1806 2529
2 1807 1808
2 1807 2019
2 1808 1809
2 1808 1991
2 1809 1812
2 1809 1817
2 1810 1813
2 1810 1818
2 1810 2273
2 1811 1814
2 1811 1819
2 1811 2274
2 1812 1993
2 1812 2471
2 1813 2278
2 1814 2279
2 1820 1840
2 1820 1874
2 1820 1911
2 1820 1936
2 1821 1841
2 1821 1875
2 1821 1912
2 1821 1937
2 1822 1842
2 1822 1876
2 1822 1913
2 1822 1938
2 1823 1843
2 1823 1877
2 1823 1914
2 1823 1939
2 1824 1826
2 1824 1848
2 1825 1827
2 1825 1849
2 1826 1828
2 1826 1850
2 1827 1829
2 1827 1851
2 1828 1832
2 1829 1833
2 1830 1834
2 1830 1838
2 1831 1835
2 1832 1836
2 1832 1839
2 1833 1837
2 1834 1840
2 1834 1852
2 1835 1841
2 1835 1853
2 1836 1842
2 1836 1854
2 1837 1843
2 1837 1855
2 1838 1844
2 1838 1856
2 1839 1846
2 1839 1857
2 1840 1844
2 1841 1845
2 1842 1846
2 1843 1847
2 1844 1890
2 1846 1891
2 1858 1860
2 1858 1880
2 1858 2271
2 1859 1861
2 1859 1881
2 1859 2272
2 1860 1862
2 1860 1882
2 1861 1863
2 1861 1883
2 1862 1864
2 1862 2267
2 1863 1865
2 1863 2268
2 1864 1868
2 1864 2328
2 1865 1869
2 1865 2329
2 1866 1870
2 1866 2330
2 1867 1871
2 1867 2331
2 1868 1874
2 1868 1884
2 1869 1875
2 1869 1885
2 1870 1876
2 1870 1886
2 1871 1877
2 1871 1887
2 1872 1878
2 1872 1888
2 1872 2022
2 1873 1879
2 1873 1889
2 1873 2023
2 1874 2334
2 1875 2335
2 1876 2336
2 1877 2337
2 1878 1890
2 1878 2028
2 1879 1891
2 1879 2029
2 1890 1907
2 1890 1934
2 1891 1909
2 1891 1935
2 1892 1894
2 1892 1915
2 1894 1895
2 1894 1916
2 1895 1897
2 1896 1898
2 1897 1901
2 1897 1903
2 1898 1904
2 1899 1902
2 1899 1905
2 1900 1906
2 1901 1907
2 1901 1917
2 1902 1909
2 1902 1918
2 1903 1911
2 1903 1919
2 1904 1912
2 1904 1920
2 1905 1913
2 1905 1921
2 1906 1914
2 1906 1922
2 1907 1911
2 1908 1912
2 1909 1913
2 1910 1914
2 1923 1924
2 1923 1940
2 1923 1963
2 1924 1925
2 1924 1941
2 1925 1927
2 1925 1961
2 1926 1928
2 1926 2066
2 1927 1929
2 1927 2067
2 1928 1934
2 1928 1942
2 1929 1935
2 1929 1943
2 1930 1936
2 1930 1944
2 1930 2390
2 1931 1937
2 1931 1945
2 1931 2391
2 1932 1938
2 1932 1946
2 1932 2392
2 1933 1939
2 1933 1947
2 1933 2393
2 1934 2070
2 1935 2071
2 1936 2400
2 1937 2401
2 1938 2402
2 1939 2403
2 1948 1981
2 1948 1993
2 1948 2752
2 1948 2766
2 1949 1950
2 1949 2042
2 1950 1951
2 1951 1952
2 1951 2040
2 1952 1953
2 1952 1954
2 1953 1955
2 1953 1959
2 1954 1956
2 1954 1960
2 1955 1956
2 1956 1973
2 1957 2746
2 1958 2747
2 1961 1962
2 1962 1963
2 1963 1964
2 1964 1965
2 1965 1967
2 1965 1971
2 1966 1968
2 1966 1972
2 1966 2094
2 1968 1973
2 1968 2097
2 1969 2760
2 1970 2761
2 1974 1975
2 1974 2002
2 1974 2791
2 1975 1976
2 1975 2792
2 1976 1977
2 1976 2000
2 1977 1978
2 1977 1979
2 1978 1980
2 1978 1984
2 1979 1981
2 1979 1985
2 1980 1981
2 1980 2774
2 1986 1987
2 1986 2151
2 1986 2813
2 1987 1988
2 1987 2814
2 1988 1989
2 1988 2149
2 1989 1990
2 1989 2121
2 1990 1992
2 1990 1996
2 1991 1993
2 1991 1997
2 1992 2123
2 1992 2774
2 1998 2009
2 1998 2028
2 1998 2051
2 1998 2070
2 1999 2010
2 1999 2029
2 1999 2052
2 1999 2071
2 2000 2001
2 2000 2013
2 2001 2002
2 2001 2014
2 2002 2004
2 2003 2005
2 2003 2007
2 2004 2006
2 2004 2008
2 2005 2009
2 2005 2015
2 2006 2010
2 2006 2016
2 2007 2011
2 2007 2017
2 2008 2012
2 2008 2018
2 2009 2011
2 2010 2012
2 2011 2038
2 2012 2039
2 2019 2020
2 2019 2032
2 2020 2021
2 2020 2033
2 2021 2022
2 2022 2024
2 2023 2025
2 2024 2028
2 2024 2034
2 2025 2029
2 2025 2035
2 2026 2030
2 2026 2036
2 2026 2152
2 2027 2031
2 2027 2037
2 2027 2153
2 2030 2038
2 2030 2158
2 2031 2039
2 2031 2159
2 2038 2049
2 2038 2068
2 2039 2050
2 2039 2069
2 2040 2041
2 2040 2053
2 2041 2042
2 2041 2054
2 2042 2043
2 2043 2045
2 2043 2047
2 2044 2046
2 2044 2048
2 2045 2049
2 2045 2055
2 2046 2050
2 2046 2056
2 2047 2051
2 2047 2057
2 2048 2052
2 2048 2058
2 2049 2051
2 2050 2052
2 2059 2060
2 2059 2072
2 2059 2093
2 2060 2061
2 2060 2073
2 2061 2063
2 2061 2091
2 2062 2064
2 2062 2196
2 2063 2065
2 2063 2197
2 2064 2068
2 2064 2074
2 2065 2069
2 2065 2075
2 2066 2070
2 2066 2076
2 2067 2071
2 2067 2077
2 2068 2200
2 2069 2201
2 2078 2111
2 2078 2123
2 2078 2957
2 2078 2971
2 2079 2080
2 2079 2172
2 2080 2081
2 2081 2082
2 2081 2170
2 2082 2083
2 2082 2084
2 2083 2085
2 2083 2089
2 2084 2086
2 2084 2090
2 2085 2086
2 2086 2103
2 2087 2951
2 2088 2952
2 2091 2092
2 2092 2093
2 2093 2094
2 2094 2095
2 2095 2097
2 2095 2101
2 2096 2098
2 2096 2102
2 2096 2231
2 2098 2103
2 2098 2235
2 2099 2965
2 2100 2966
2 2104 2105
2 2104 2132
2 2104 2996
2 2105 2106
2 2105 2997
2 2106 2107
2 2106 2130
2 2107 2108
2 2107 2109
2 2108 2110
2 2108 2114
2 2109 2111
2 2109 2115
2 2110 2111
2 2110 2979
2 2116 2117
2 2116 2323
2 2116 3018
2 2117 2118
2 2117 3019
2 2118 2119
2 2118 2321
2 2119 2120
2 2119 2277
2 2120 2122
2 2120 2126
2 2121 2123
2 2121 2127
2 2122 2280
2 2122 2979
2 2128 2139
2 2128 2158
2 2128 2181
2 2128 2200
2 2129 2140
2 2129 2159
2 2129 2182
2 2129 2201
2 2130 2131
2 2130 2143
2 2131 2132
2 2131 2144
2 2132 2134
2 2133 2135
2 2133 2137
2 2134 2136
2 2134 2138
2 2135 2139
2 2135 2145
2 2136 2140
2 2136 2146
2 2137 2141
2 2137 2147
2 2138 2142
2 2138 2148
2 2139 2141
2 2140 2142
2 2141 2168
2 2142 2169
2 2149 2150
2 2149 2162
2 2150 2151
2 2150 2163
2 2151 2152
2 2152 2154
2 2153 2155
2 2154 2158
2 2154 2164
2 2155 2159
2 2155 2165
2 2156 2160
2 2156 2166
2 2156 2324
2 2157 2161
2 2157 2167
2 2157 2325
2 2160 2168
2 2160 2332
2 2161 2169
2 2161 2333
2 2168 2179
2 2168 2198
2 2169 2180
2 2169 2199
2 2170 2171
2 2170 2183
2 2171 2172
2 2171 2184
2 2172 2173
2 2173 2175
2 2173 2177
2 2174 2176
2 2174 2178
2 2175 2179
2 2175 2185
2 2176 2180
2 2176 2186
2 2177 2181
2 2177 2187
2 2178 2182
2 2178 2188
2 2179 2181
2 2180 2182
2 2189 2190
2 2189 2202
2 2189 2230
2 2190 2191
2 2190 2203
2 2191 2193
2 2191 2228
2 2192 2194
2 2192 2398
2 2193 2195
2 2193 2399
2 2194 2198
2 2194 2204
2 2195 2199
2 2195 2205
2 2196 2200
2 2196 2206
2 2197 2201
2 2197 2207
2 2198 2404
2 2199 2405
2 2208 2259
2 2208 2280
2 2208 3167
2 2208 3184
2 2209 2354
2 2210 2211
2 2210 2355
2 2211 2213
2 2212 2214
2 2212 2350
2 2213 2215
2 2213 2351
2 2214 2217
2 2215 2216
2 2215 2218
2 2216 2220
2 2216 2225
2 2217 2221
2 2217 2226
2 2218 2222
2 2218 2227
2 2219 2221
2 2220 2222
2 2221 2243
2 2222 2244
2 2223 3157
2 2224 3158
2 2228 2229
2 2229 2230
2 2230 2231
2 2231 2232
2 2232 2235
2 2232 2240
2 2233 2236
2 2233 2241
2 2234 2237
2 2234 2242
2 2236 2243
2 2237 2244
2 2238 3177
2 2239 3178
2 2245 2247
2 2245 2293
2 2245 3226
2 2246 2248
2 2246 2294
2 2246 3227
2 2247 2249
2 2247 3228
2 2248 2250
2 2248 3229
2 2249 2251
2 2249 2290
2 2250 2252
2 2250 2291
2 2251 2253
2 2252 2254
2 2252 2255
2 2253 2256
2 2253 2264
2 2254 2257
2 2254 2265
2 2255 2259
2 2255 2266
2 2256 2258
2 2256 3194
2 2257 2259
2 2257 3195
2 2267 2269
2 2267 3264
2 2268 2270
2 2268 3265
2 2269 2271
2 2269 3266
2 2270 2272
2 2270 3267
2 2271 2273
2 2272 2274
2 2273 2275
2 2274 2276
2 2275 2278
2 2275 2285
2 2276 2279
2 2276 2286
2 2277 2280
2 2277 2287
2 2278 3194
2 2279 3195
2 2288 2306
2 2288 2332
2 2288 2371
2 2288 2404
2 2289 2308
2 2289 2333
2 2289 2373
2 2289 2405
2 2291 2292
2 2291 2313
2 2292 2294
2 2292 2314
2 2293 2297
2 2294 2298
2 2295 2301
2 2296 2299
2 2296 2302
2 2297 2303
2 2298 2300
2 2298 2304
2 2299 2306
2 2299 2315
2 2300 2308
2 2300 2316
2 2301 2309
2 2301 2317
2 2302 2310
2 2302 2318
2 2303 2311
2 2303 2319
2 2304 2312
2 2304 2320
2 2305 2309
2 2306 2310
2 2307 2311
2 2308 2312
2 2309 2346
2 2310 2347
2 2311 2348
2 2312 2349
2 2321 2322
2 2321 2338
2 2322 2323
2 2322 2339
2 2323 2324
2 2324 2326
2 2325 2327
2 2326 2332
2 2326 2340
2 2327 2333
2 2327 2341
2 2328 2334
2 2328 2342
2 2329 2335
2 2329 2343
2 2330 2336
2 2330 2344
2 2331 2337
2 2331 2345
2 2334 2346
2 2335 2347
2 2336 2348
2 2337 2349
2 2346 2366
2 2346 2400
2 2347 2367
2 2347 2401
2 2348 2368
2 2348 2402
2 2349 2369
2 2349 2403
2 2350 2352
2 2350 2374
2 2351 2353
2 2351 2375
2 2352 2354
2 2352 2376
2 2353 2355
2 2353 2377
2 2354 2356
2 2355 2357
2 2356 2360
2 2357 2361
2 2357 2364
2 2358 2362
2 2359 2363
2 2359 2365
2 2360 2366
2 2360 2378
2 2361 2367
2 2361 2379
2 2362 2368
2 2362 2380
2 2363 2369
2 2363 2381
2 2364 2371
2 2364 2382
2 2365 2373
2 2365 2383
2 2366 2370
2 2367 2371
2 2368 2372
2 2369 2373
2 2384 2386
2 2384 2406
2 2385 2387
2 2385 2407
2 2386 2388
2 2386 2408
2 2387 2389
2 2387 2409
2 2388 2392
2 2389 2393
2 2390 2394
2 2391 2395
2 2392 2396
2 2393 2397
2 2394 2400
2 2394 2410
2 2395 2401
2 2395 2411
2 2396 2402
2 2396 2412
2 2397 2403
2 2397 2413
2 2398 2404
2 2398 2414
2 2399 2405
2 2399 2415
2 2416 2496
2 2416 2524
2 2417 2497
2 2417 2525
2 2418 2498
2 2418 2526
2 2419 2499
2 2419 2527
2 2420 2422
2 2420 2683
2 2421 2423
2 2421 2684
2 2422 2424
2 2423 2425
2 2424 2426
2 2424 2680
2 2425 2427
2 2425 2681
2 2426 2428
2 2426 2430
2 2427 2429
2 2428 2431
2 2428 2443
2 2429 2432
2 2429 2444
2 2430 2433
2 2430 2445
2 2431 2433
2 2432 2434
2 2433 2471
2 2446 2448
2 2446 3444
2 2447 2449
2 2447 3445
2 2448 2450
2 2449 2451
2 2450 2452
2 2450 3440
2 2451 2453
2 2451 3441
2 2452 2454
2 2452 3182
2 2453 2455
2 2453 3183
2 2454 2457
2 2454 2468
2 2455 2458
2 2455 2469
2 2456 2459
2 2456 2470
2 2456 2763
2 2457 3185
2 2458 3186
2 2459 2471
2 2459 2766
2 2472 2476
2 2472 2552
2 2473 2553
2 2474 2477
2 2474 2554
2 2475 2555
2 2476 2478
2 2477 2480
2 2478 2482
2 2478 2544
2 2479 2483
2 2479 2545
2 2480 2484
2 2480 2546
2 2481 2485
2 2481 2547
2 2482 2486
2 2482 2488
2 2483 2489
2 2484 2487
2 2484 2490
2 2485 2491
2 2486 2492
2 2486 2502
2 2487 2494
2 2487 2503
2 2488 2496
2 2488 2504
2 2489 2497
2 2489 2505
2 2490 2498
2 2490 2506
2 2491 2499
2 2491 2507
2 2492 2496
2 2493 2497
2 2494 2498
2 2495 2499
2 2508 2510
2 2508 2865
2 2509 2511
2 2509 2866
2 2510 2512
2 2511 2513
2 2512 2514
2 2512 2861
2 2513 2515
2 2513 2862
2 2514 2516
2 2514 2807
2 2515 2517
2 2515 2808
2 2516 2522
2 2516 2530
2 2517 2523
2 2517 2531
2 2518 2524
2 2518 2532
2 2518 3248
2 2519 2525
2 2519 2533
2 2519 3249
2 2520 2526
2 2520 2534
2 2520 3250
2 2521 2527
2 2521 2535
2 2521 3251
2 2522 2811
2 2523 2812
2 2524 3258
2 2525 3259
2 2526 3260
2 2527 3261
2 2536 2576
2 2536 2644
2 2537 2577
2 2537 2645
2 2538 2578
2 2538 2646
2 2538 2699
2 2538 2728
2 2539 2579
2 2539 2647
2 2539 2700
2 2539 2729
2 2540 2580
2 2540 2648
2 2541 2581
2 2541 2649
2 2542 2582
2 2542 2650
2 2542 2701
2 2542 2730
2 2543 2583
2 2543 2651
2 2543 2702
2 2543 2731
2 2544 2548
2 2544 2592
2 2545 2549
2 2545 2593
2 2546 2550
2 2546 2594
2 2547 2551
2 2547 2595
2 2548 2552
2 2548 2596
2 2549 2553
2 2549 2597
2 2550 2554
2 2550 2598
2 2551 2555
2 2551 2599
2 2552 2560
2 2553 2561
2 2554 2562
2 2555 2563
2 2556 2564
2 2556 2572
2 2557 2565
2 2558 2566
2 2558 2573
2 2559 2567
2 2560 2568
2 2560 2574
2 2561 2569
2 2562 2570
2 2562 2575
2 2563 2571
2 2564 2576
2 2564 2600
2 2565 2577
2 2565 2601
2 2566 2578
2 2566 2602
2 2567 2579
2 2567 2603
2 2568 2580
2 2568 2604
2 2569 2581
2 2569 2605
2 2570 2582
2 2570 2606
2 2571 2583
2 2571 2607
2 2572 2584
2 2572 2608
2 2573 2586
2 2573 2609
2 2574 2588
2 2574 2610
2 2575 2590
2 2575 2611
2 2576 2584
2 2577 2585
2 2578 2586
2 2579 2587
2 2580 2588
2 2581 2589
2 2582 2590
2 2583 2591
2 2584 2676
2 2586 2677
2 2588 2678
2 2590 2679
2 2612 2616
2 2612 2656
2 2612 3244
2 2613 2617
2 2613 2657
2 2613 3245
2 2614 2618
2 2614 2658
2 2614 3246
2 2615 2619
2 2615 2659
2 2615 3247
2 2616 2620
2 2616 2660
2 2617 2621
2 2617 2661
2 2618 2622
2 2618 2662
2 2619 2623
2 2619 2663
2 2620 2624
2 2620 3236
2 2621 2625
2 2621 3237
2 2622 2626
2 2622 3238
2 2623 2627
2 2623 3239
2 2624 2632
2 2624 3354
2 2625 2633
2 2625 3355
2 2626 2634
2 2626 3356
2 2627 2635
2 2627 3357
2 2628 2636
2 2628 3358
2 2629 2637
2 2629 3359
2 2630 2638
2 2630 3360
2 2631 2639
2 2631 3361
2 2632 2644
2 2632 2664
2 2633 2645
2 2633 2665
2 2634 2646
2 2634 2666
2 2635 2647
2 2635 2667
2 2636 2648
2 2636 2668
2 2637 2649
2 2637 2669
2 2638 2650
2 2638 2670
2 2639 2651
2 2639 2671
2 2640 2652
2 2640 2672
2 2640 2867
2 2641 2653
2 2641 2673
2 2641 2868
2 2642 2654
2 2642 2674
2 2642 2869
2 2643 2655
2 2643 2675
2 2643 2870
2 2644 3366
2 2645 3367
2 2646 3368
2 2647 3369
2 2648 3370
2 2649 3371
2 2650 3372
2 2651 3373
2 2652 2676
2 2652 2879
2 2653 2677
2 2653 2880
2 2654 2678
2 2654 2881
2 2655 2679
2 2655 2882
2 2677 2695
2 2677 2726
2 2679 2697
2 2679 2727
2 2680 2682
2 2680 2704
2 2682 2683
2 2682 2706
2 2683 2685
2 2684 2686
2 2685 2689
2 2685 2691
2 2686 2692
2 2687 2690
2 2687 2693
2 2688 2694
2 2689 2695
2 2689 2708
2 2690 2697
2 2690 2710
2 2691 2699
2 2691 2711
2 2692 2700
2 2692 2712
2 2693 2701
2 2693 2713
2 2694 2702
2 2694 2714
2 2695 2699
2 2696 2700
2 2697 2701
2 2698 2702
2 2715 2716
2 2715 2733
2 2715 2762
2 2716 2717
2 2716 2735
2 2717 2719
2 2717 2760
2 2718 2720
2 2718 2933
2 2719 2721
2 2719 2934
2 2720 2726
2 2720 2737
2 2721 2727
2 2721 2739
2 2722 2728
2 2722 2740
2 2722 3446
2 2723 2729
2 2723 2741
2 2723 3447
2 2724 2730
2 2724 2742
2 2724 3448
2 2725 2731
2 2725 2743
2 2725 3449
2 2726 2937
2 2727 2938
2 2728 3456
2 2729 3457
2 2730 3458
2 2731 3459
2 2744 2789
2 2744 2811
2 2745 2790
2 2745 2812
2 2746 2747
2 2746 2905
2 2747 2748
2 2748 2749
2 2748 2903
2 2749 2750
2 2749 2751
2 2750 2752
2 2750 2758
2 2751 2753
2 2751 2759
2 2752 2753
2 2753 2774
2 2760 2761
2 2761 2762
2 2762 2763
2 2763 2764
2 2764 2766
2 2764 2772
2 2765 2767
2 2765 2773
2 2765 2968
2 2767 2774
2 2767 2971
2 2775 2777
2 2775 2827
2 2776 2778
2 2776 2828
2 2777 2779
2 2778 2780
2 2779 2781
2 2779 2823
2 2780 2782
2 2780 2824
2 2781 2783
2 2781 2785
2 2782 2784
2 2782 2786
2 2783 2787
2 2783 2793
2 2784 2788
2 2784 2794
2 2785 2789
2 2785 2795
2 2786 2790
2 2786 2796
2 2787 2789
2 2788 2790
2 2797 2799
2 2797 3070
2 2798 2800
2 2798 3071
2 2799 2801
2 2800 2802
2 2801 2803
2 2801 3066
2 2802 2804
2 2802 3067
2 2803 2805
2 2803 3012
2 2804 2806
2 2804 3013
2 2805 2809
2 2805 2815
2 2806 2810
2 2806 2816
2 2807 2811
2 2807 2817
2 2808 2812
2 2808 2818
2 2809 3016
2 2810 3017
2 2819 2841
2 2819 2879
2 2820 2842
2 2820 2880
2 2820 2914
2 2820 2937
2 2821 2843
2 2821 2881
2 2822 2844
2 2822 2882
2 2822 2915
2 2822 2938
2 2823 2825
2 2823 2849
2 2824 2826
2 2824 2850
2 2825 2827
2 2825 2851
2 2826 2828
2 2826 2852
2 2827 2831
2 2828 2832
2 2829 2833
2 2829 2837
2 2830 2834
2 2830 2838
2 2831 2835
2 2831 2839
2 2832 2836
2 2832 2840
2 2833 2841
2 2833 2853
2 2834 2842
2 2834 2854
2 2835 2843
2 2835 2855
2 2836 2844
2 2836 2856
2 2837 2845
2 2837 2857
2 2838 2846
2 2838 2858
2 2839 2847
2 2839 2859
2 2840 2848
2 2840 2860
2 2841 2845
2 2842 2846
2 2843 2847
2 2844 2848
2 2845 2899
2 2846 2900
2 2847 2901
2 2848 2902
2 2861 2863
2 2861 2887
2 2862 2864
2 2862 2888
2 2863 2865
2 2863 2889
2 2864 2866
2 2864 2890
2 2865 2867
2 2866 2868
2 2867 2871
2 2868 2872
2 2869 2873
2 2870 2874
2 2871 2879
2 2871 2891
2 2872 2880
2 2872 2892
2 2873 2881
2 2873 2893
2 2874 2882
2 2874 2894
2 2875 2883
2 2875 2895
2 2875 3072
2 2876 2884
2 2876 2896
2 2876 3073
2 2877 2885
2 2877 2897
2 2877 3074
2 2878 2886
2 2878 2898
2 2878 3075
2 2883 2899
2 2883 3084
2 2884 2900
2 2884 3085
2 2885 2901
2 2885 3086
2 2886 2902
2 2886 3087
2 2900 2912
2 2900 2935
2 2902 2913
2 2902 2936
2 2903 2904
2 2903 2917
2 2904 2905
2 2904 2919
2 2905 2906
2 2906 2908
2 2906 2910
2 2907 2909
2 2907 2911
2 2908 2912
2 2908 2921
2 2909 2913
2 2909 2923
2 2910 2914
2 2910 2924
2 2911 2915
2 2911 2925
2 2912 2914
2 2913 2915
2 2926 2927
2 2926 2940
2 2926 2967
2 2927 2928
2 2927 2942
2 2928 2930
2 2928 2965
2 2929 2931
2 2929 3138
2 2930 2932
2 2930 3139
2 2931 2935
2 2931 2944
2 2932 2936
2 2932 2946
2 2933 2937
2 2933 2947
2 2934 2938
2 2934 2948
2 2935 3142
2 2936 3143
2 2949 2994
2 2949 3016
2 2950 2995
2 2950 3017
2 2951 2952
2 2951 3110
2 2952 2953
2 2953 2954
2 2953 3108
2 2954 2955
2 2954 2956
2 2955 2957
2 2955 2963
2 2956 2958
2 2956 2964
2 2957 2958
2 2958 2979
2 2965 2966
2 2966 2967
2 2967 2968
2 2968 2969
2 2969 2971
2 2969 2977
2 2970 2972
2 2970 2978
2 2970 3180
2 2972 2979
2 2972 3184
2 2980 2982
2 2980 3032
2 2981 2983
2 2981 3033
2 2982 2984
2 2983 2985
2 2984 2986
2 2984 3028
2 2985 2987
2 2985 3029
2 2986 2988
2 2986 2990
2 2987 2989
2 2987 2991
2 2988 2992
2 2988 2998
2 2989 2993
2 2989 2999
2 2990 2994
2 2990 3000
2 2991 2995
2 2991 3001
2 2992 2994
2 2993 2995
2 3002 3004
2 3002 3344
2 3003 3005
2 3003 3345
2 3004 3006
2 3005 3007
2 3006 3008
2 3006 3340
2 3007 3009
2 3007 3341
2 3008 3010
2 3008 3256
2 3009 3011
2 3009 3257
2 3010 3014
2 3010 3020
2 3011 3015
2 3011 3021
2 3012 3016
2 3012 3022
2 3013 3017
2 3013 3023
2 3014 3262
2 3015 3263
2 3024 3046
2 3024 3084
2 3025 3047
2 3025 3085
2 3025 3119
2 3025 3142
2 3026 3048
2 3026 3086
2 3027 3049
2 3027 3087
2 3027 3120
2 3027 3143
2 3028 3030
2 3028 3054
2 3029 3031
2 3029 3055
2 3030 3032
2 3030 3056
2 3031 3033
2 3031 3057
2 3032 3036
2 3033 3037
2 3034 3038
2 3034 3042
2 3035 3039
2 3035 3043
2 3036 3040
2 3036 3044
2 3037 3041
2 3037 3045
2 3038 3046
2 3038 3058
2 3039 3047
2 3039 3059
2 3040 3048
2 3040 3060
2 3041 3049
2 3041 3061
2 3042 3050
2 3042 3062
2 3043 3051
2 3043 3063
2 3044 3052
2 3044 3064
2 3045 3053
2 3045 3065
2 3046 3050
2 3047 3051
2 3048 3052
2 3049 3053
2 3050 3104
2 3051 3105
2 3052 3106
2 3053 3107
2 3066 3068
2 3066 3092
2 3067 3069
2 3067 3093
2 3068 3070
2 3068 3094
2 3069 3071
2 3069 3095
2 3070 3072
2 3071 3073
2 3072 3076
2 3073 3077
2 3074 3078
2 3075 3079
2 3076 3084
2 3076 3096
2 3077 3085
2 3077 3097
2 3078 3086
2 3078 3098
2 3079 3087
2 3079 3099
2 3080 3088
2 3080 3100
2 3080 3346
2 3081 3089
2 3081 3101
2 3081 3347
2 3082 3090
2 3082 3102
2 3082 3348
2 3083 3091
2 3083 3103
2 3083 3349
2 3088 3104
2 3088 3362
2 3089 3105
2 3089 3363
2 3090 3106
2 3090 3364
2 3091 3107
2 3091 3365
2 3105 3117
2 3105 3140
2 3107 3118
2 3107 3141
2 3108 3109
2 3108 3122
2 3109 3110
2 3109 3124
2 3110 3111
2 3111 3113
2 3111 3115
2 3112 3114
2 3112 3116
2 3113 3117
2 3113 3126
2 3114 3118
2 3114 3128
2 3115 3119
2 3115 3129
2 3116 3120
2 3116 3130
2 3117 3119
2 3118 3120
2 3131 3132
2 3131 3145
2 3131 3179
2 3132 3133
2 3132 3147
2 3133 3135
2 3133 3177
2 3134 3136
2 3134 3454
2 3135 3137
2 3135 3455
2 3136 3140
2 3136 3149
2 3137 3141
2 3137 3151
2 3138 3142
2 3138 3152
2 3139 3143
2 3139 3153
2 3140 3460
2 3141 3461
2 3154 3223
2 3154 3262
2 3155 3225
2 3155 3263
2 3156 3402
2 3157 3158
2 3157 3403
2 3158 3160
2 3159 3161
2 3159 3398
2 3160 3162
2 3160 3399
2 3161 3164
2 3162 3163
2 3162 3165
2 3163 3167
2 3163 3174
2 3164 3168
2 3164 3175
2 3165 3169
2 3165 3176
2 3166 3168
2 3167 3169
2 3168 3194
2 3169 3195
2 3177 3178
2 3178 3179
2 3179 3180
2 3180 3181
2 3181 3184
2 3181 3191
2 3182 3185
2 3182 3192
2 3183 3186
2 3183 3193
2 3185 3194
2 3186 3195
2 3196 3200
2 3196 3284
2 3197 3201
2 3197 3285
2 3198 3202
2 3198 3286
2 3199 3203
2 3199 3287
2 3200 3204
2 3201 3205
2 3202 3206
2 3203 3207
2 3204 3208
2 3204 3278
2 3205 3209
2 3205 3279
2 3206 3210
2 3206 3280
2 3207 3211
2 3207 3281
2 3208 3212
2 3209 3213
2 3209 3216
2 3210 3214
2 3211 3215
2 3211 3217
2 3212 3218
2 3212 3230
2 3213 3219
2 3213 3231
2 3214 3220
2 3214 3232
2 3215 3221
2 3215 3233
2 3216 3223
2 3216 3234
2 3217 3225
2 3217 3235
2 3218 3222
2 3219 3223
2 3220 3224
2 3221 3225
2 3236 3240
2 3237 3241
2 3238 3242
2 3239 3243
2 3240 3244
2 3241 3245
2 3242 3246
2 3243 3247
2 3244 3248
2 3245 3249
2 3246 3250
2 3247 3251
2 3248 3252
2 3249 3253
2 3250 3254
2 3251 3255
2 3252 3258
2 3252 3268
2 3253 3259
2 3253 3269
2 3254 3260
2 3254 3270
2 3255 3261
2 3255 3271
2 3256 3262
2 3256 3272
2 3257 3263
2 3257 3273
2 3274 3309
2 3274 3362
2 3275 3311
2 3275 3363
2 3275 3419
2 3275 3460
2 3276 3313
2 3276 3364
2 3277 3315
2 3277 3365
2 3277 3421
2 3277 3461
2 3279 3282
2 3279 3324
2 3281 3283
2 3281 3325
2 3282 3285
2 3282 3326
2 3283 3287
2 3283 3327
2 3284 3292
2 3285 3293
2 3286 3294
2 3287 3295
2 3288 3300
2 3289 3296
2 3289 3301
2 3290 3302
2 3291 3297
2 3291 3303
2 3292 3304
2 3293 3298
2 3293 3305
2 3294 3306
2 3295 3299
2 3295 3307
2 3296 3309
2 3296 3328
2 3297 3311
2 3297 3329
2 3298 3313
2 3298 3330
2 3299 3315
2 3299 3331
2 3300 3316
2 3300 3332
2 3301 3317
2 3301 3333
2 3302 3318
2 3302 3334
2 3303 3319
2 3303 3335
2 3304 3320
2 3304 3336
2 3305 3321
2 3305 3337
2 3306 3322
2 3306 3338
2 3307 3323
2 3307 3339
2 3308 3316
2 3309 3317
2 3310 3318
2 3311 3319
2 3312 3320
2 3313 3321
2 3314 3322
2 3315 3323
2 3316 3390
2 3317 3391
2 3318 3392
2 3319 3393
2 3320 3394
2 3321 3395
2 3322 3396
2 3323 3397
2 3340 3342
2 3340 3374
2 3341 3343
2 3341 3375
2 3342 3344
2 3342 3376
2 3343 3345
2 3343 3377
2 3344 3346
2 3345 3347
2 3346 3350
2 3347 3351
2 3348 3352
2 3349 3353
2 3350 3362
2 3350 3378
2 3351 3363
2 3351 3379
2 3352 3364
2 3352 3380
2 3353 3365
2 3353 3381
2 3354 3366
2 3354 3382
2 3355 3367
2 3355 3383
2 3356 3368
2 3356 3384
2 3357 3369
2 3357 3385
2 3358 3370
2 3358 3386
2 3359 3371
2 3359 3387
2 3360 3372
2 3360 3388
2 3361 3373
2 3361 3389
2 3366 3390
2 3367 3391
2 3368 3392
2 3369 3393
2 3370 3394
2 3371 3395
2 3372 3396
2 3373 3397
2 3392 3414
2 3392 3456
2 3393 3415
2 3393 3457
2 3396 3416
2 3396 3458
2 3397 3417
2 3397 3459
2 3398 3400
2 3398 3424
2 3399 3401
2 3399 3425
2 3400 3402
2 3400 3428
2 3401 3403
2 3401 3429
2 3402 3404
2 3403 3405
2 3404 3408
2 3405 3409
2 3405 3412
2 3406 3410
2 3407 3411
2 3407 3413
2 3408 3414
2 3408 3432
2 3409 3415
2 3409 3433
2 3410 3416
2 3410 3436
2 3411 3417
2 3411 3437
2 3412 3419
2 3412 3438
2 3413 3421
2 3413 3439
2 3414 3418
2 3415 3419
2 3416 3420
2 3417 3421
2 3440 3442
2 3440 3464
2 3441 3443
2 3441 3465
2 3442 3444
2 3442 3468
2 3443 3445
2 3443 3469
2 3444 3448
2 3445 3449
2 3446 3450
2 3447 3451
2 3448 3452
2 3449 3453
2 3450 3456
2 3450 3472
2 3451 3457
2 3451 3473
2 3452 3458
2 3452 3476
2 3453 3459
2 3453 3477
2 3454 3460
2 3454 3478
2 3455 3461
2 3455 3479
