# vtk DataFile Version 1.0
Cube
ASCII

DATASET POLYDATA
POINTS 4140 float
6.406457 0.134229 10.584543
6.406457 34.116229 10.584543
6.261353 15.277288 11.681313
6.417501 14.593570 12.291289
6.900045 1.452731 10.090955
6.900045 35.434731 10.090955
6.961722 16.452725 11.601115
8.495500 0.000000 12.743250
8.495500 33.982000 12.743250
0.134229 10.584543 6.406457
34.116229 10.584543 6.406457
15.277288 10.729647 5.309687
14.593570 10.573499 4.699711
14.593570 10.573499 38.681711
16.452725 10.029278 5.389885
0.000000 8.495500 4.247750
0.000000 8.495500 38.229750
33.982000 8.495500 4.247750
33.982000 8.495500 38.229750
10.584543 16.856771 10.584543
10.729647 1.713712 11.681313
10.729647 35.695712 11.681313
10.573499 2.397430 12.291289
10.573499 36.379430 12.291289
10.029278 0.538275 11.601115
10.029278 34.520275 11.601115
16.856771 6.406457 6.406457
1.713712 6.261353 5.309687
35.695712 6.261353 5.309687
2.397430 6.417501 4.699711
2.397430 6.417501 38.681711
36.379430 6.417501 4.699711
36.379430 6.417501 38.681711
15.538270 6.900045 6.900045
15.635118 7.793772 7.233069
14.904505 6.894948 6.177928
15.225635 6.327448 7.603472
0.538275 6.961722 5.389885
34.520275 6.961722 5.389885
6.406457 16.856771 6.406457
6.261353 1.713712 5.309687
6.261353 35.695712 5.309687
6.417501 2.397430 4.699711
6.417501 2.397430 38.681711
6.417501 36.379430 4.699711
6.417501 36.379430 38.681711
6.961722 0.538275 5.389885
6.961722 34.520275 5.389885
8.495500 0.000000 4.247750
8.495500 0.000000 38.229750
8.495500 33.982000 4.247750
8.495500 33.982000 38.229750
16.856771 10.584543 10.584543
1.713712 10.729647 11.681313
35.695712 10.729647 11.681313
2.397430 10.573499 12.291289
36.379430 10.573499 12.291289
0.538275 10.029278 11.601115
34.520275 10.029278 11.601115
0.000000 8.495500 12.743250
33.982000 8.495500 12.743250
10.584543 0.134229 6.406457
10.584543 34.116229 6.406457
10.729647 15.277288 5.309687
10.573499 14.593570 4.699711
10.573499 14.593570 38.681711
10.090955 1.452731 6.900045
10.090955 35.434731 6.900045
9.197228 1.355882 7.233069
9.197228 35.337882 7.233069
10.096052 2.086495 6.177928
10.096052 36.068495 6.177928
10.663552 1.765365 7.603472
10.663552 35.747365 7.603472
10.029278 16.452725 5.389885
0.134229 6.406457 10.584543
34.116229 6.406457 10.584543
15.277288 6.261353 11.681313
14.593570 6.417501 12.291289
1.452731 6.900045 10.090955
35.434731 6.900045 10.090955
1.355882 7.793772 9.757931
35.337882 7.793772 9.757931
2.086495 6.894948 10.813072
36.068495 6.894948 10.813072
1.765365 6.327448 9.387527
35.747365 6.327448 9.387527
16.452725 6.961722 11.601115
10.584543 6.406457 0.134229
10.584543 6.406457 34.116229
11.681313 6.261353 15.277288
12.291289 6.417501 14.593570
10.090955 6.900045 1.452731
10.090955 6.900045 35.434731
11.601115 6.961722 16.452725
12.743250 8.495500 0.000000
12.743250 8.495500 33.982000
6.406457 6.406457 16.856771
6.261353 5.309687 1.713712
6.261353 5.309688 35.695712
6.417501 4.699711 2.397430
6.417501 4.699711 36.379430
6.417501 38.681711 2.397430
6.417501 38.681711 36.379430
6.961722 5.389885 0.538275
6.961722 5.389885 34.520275
8.495500 4.247750 0.000000
8.495500 4.247750 33.982000
8.495500 38.229750 0.000000
8.495500 38.229750 33.982000
6.406457 10.584543 0.134229
6.406457 10.584543 34.116229
5.309688 10.729647 15.277288
4.699711 10.573499 14.593570
38.681711 10.573499 14.593570
5.389885 10.029278 16.452725
4.247750 8.495500 0.000000
4.247750 8.495500 33.982000
38.229750 8.495500 0.000000
38.229750 8.495500 33.982000
10.584543 10.584543 16.856771
10.729647 11.681313 1.713712
10.729647 11.681313 35.695712
10.573499 12.291289 2.397430
10.573499 12.291289 36.379430
10.090955 10.090955 15.538270
9.197228 9.757931 15.635118
10.096052 10.813072 14.904505
10.663552 9.387528 15.225635
10.029278 11.601115 0.538275
10.029278 11.601115 34.520275
8.495500 12.743250 0.000000
8.495500 12.743250 33.982000
11.681313 10.729647 1.713712
11.681313 10.729647 35.695712
12.291289 10.573499 2.397430
12.291289 10.573499 36.379430
11.601115 10.029278 0.538275
11.601115 10.029278 34.520275
10.729647 5.309688 15.277288
10.573499 4.699711 14.593570
10.573499 38.681711 14.593570
9.197228 7.233069 1.355882
9.197228 7.233069 35.337882
10.096052 6.177928 2.086495
10.096052 6.177928 36.068495
10.663552 7.603472 1.765365
10.663552 7.603472 35.747365
10.029278 5.389885 16.452725
5.309687 6.261353 1.713712
5.309688 6.261353 35.695712
4.699711 6.417501 2.397430
4.699711 6.417501 36.379430
38.681711 6.417501 2.397430
38.681711 6.417501 36.379430
5.389885 6.961722 0.538275
5.389885 6.961722 34.520275
6.261353 11.681313 15.277288
6.417501 12.291289 14.593570
6.961722 11.601115 16.452725
15.277288 11.681313 6.261353
14.593570 12.291289 6.417501
16.452725 11.601115 6.961722
0.000000 12.743250 8.495500
33.982000 12.743250 8.495500
15.277288 5.309688 10.729647
14.593570 4.699711 10.573499
14.593570 38.681711 10.573499
16.452725 5.389885 10.029278
0.000000 4.247750 8.495500
0.000000 38.229750 8.495500
33.982000 4.247750 8.495500
33.982000 38.229750 8.495500
5.309687 1.713712 6.261353
5.309688 35.695712 6.261353
4.699711 2.397430 6.417501
4.699711 36.379430 6.417501
38.681711 2.397430 6.417501
38.681711 36.379430 6.417501
5.389885 0.538275 6.961722
5.389885 34.520275 6.961722
4.247750 0.000000 8.495500
4.247750 33.982000 8.495500
38.229750 0.000000 8.495500
38.229750 33.982000 8.495500
1.713712 11.681313 10.729647
35.695712 11.681313 10.729647
2.397430 12.291289 10.573499
36.379430 12.291289 10.573499
0.538275 11.601115 10.029278
34.520275 11.601115 10.029278
11.681313 15.277288 6.261353
12.291289 14.593570 6.417501
11.601115 16.452725 6.961722
12.743250 0.000000 8.495500
12.743250 33.982000 8.495500
1.713712 5.309687 6.261353
35.695712 5.309687 6.261353
2.397430 4.699711 6.417501
2.397430 38.681711 6.417501
36.379430 4.699711 6.417501
36.379430 38.681711 6.417501
0.538275 5.389885 6.961722
34.520275 5.389885 6.961722
5.309688 15.277288 10.729647
4.699711 14.593570 10.573499
38.681711 14.593570 10.573499
7.233069 1.355882 9.197228
7.233069 35.337882 9.197228
6.177928 2.086495 10.096052
6.177928 36.068495 10.096052
7.603472 1.765365 10.663552
7.603472 35.747365 10.663552
5.389885 16.452725 10.029278
11.681313 1.713712 10.729647
11.681313 35.695712 10.729647
12.291289 2.397430 10.573499
12.291289 36.379430 10.573499
11.601115 0.538275 10.029278
11.601115 34.520275 10.029278
14.901957 8.629729 2.089043
14.901957 8.629729 36.071043
14.756853 6.781788 3.185812
14.756853 6.781788 37.167812
14.913001 6.098070 3.795789
14.913001 6.098070 37.777789
15.457222 7.957225 3.105615
15.457222 7.957225 37.087615
8.629729 2.089043 14.901957
8.629729 36.071043 14.901957
6.781788 2.234147 13.805187
6.781788 36.216147 13.805187
6.098070 2.077999 13.195211
6.098070 36.059999 13.195211
7.957225 1.533778 13.885385
7.957225 35.515778 13.885385
2.089043 8.361271 2.089043
2.089043 8.361271 36.071043
36.071043 8.361271 2.089043
36.071043 8.361271 36.071043
2.234147 10.209212 3.185812
2.234147 10.209212 37.167812
36.216147 10.209212 3.185812
36.216147 10.209212 37.167812
2.077999 10.892930 3.795789
2.077999 10.892930 37.777789
36.059999 10.892930 3.795789
36.059999 10.892930 37.777789
1.533778 9.033775 3.105615
1.533778 9.033775 37.087615
35.515778 9.033775 3.105615
35.515778 9.033775 37.087615
8.361271 14.901957 14.901957
10.209212 14.756853 13.805187
10.892930 14.913001 13.195211
7.042770 15.395545 15.395545
7.139618 16.289272 15.728569
6.409005 15.390448 14.673428
6.730135 14.822948 16.098972
9.033775 15.457222 13.885385
14.901957 8.361271 14.901957
14.756853 10.209212 13.805187
14.913001 10.892930 13.195211
15.395545 7.042770 15.395545
16.289272 7.139618 15.728569
15.390448 6.409005 14.673428
14.822948 6.730135 16.098972
15.457222 9.033775 13.885385
8.361271 2.089043 2.089043
8.361271 2.089043 36.071043
8.361271 36.071043 2.089043
8.361271 36.071043 36.071043
10.209212 2.234147 3.185812
10.209212 2.234147 37.167812
10.209212 36.216147 3.185812
10.209212 36.216147 37.167812
10.892930 2.077999 3.795789
10.892930 2.077999 37.777789
10.892930 36.059999 3.795789
10.892930 36.059999 37.777789
7.042769 1.595455 1.595455
7.042770 1.595455 35.577455
7.042770 35.577455 1.595455
7.042770 35.577455 35.577455
9.033775 1.533778 3.105615
9.033775 1.533778 37.087615
9.033775 35.515778 3.105615
9.033775 35.515778 37.087615
2.089043 8.629729 14.901957
36.071043 8.629729 14.901957
2.234147 6.781788 13.805187
36.216147 6.781788 13.805187
2.077999 6.098070 13.195211
36.059999 6.098070 13.195211
1.533778 7.957225 13.885385
35.515778 7.957225 13.885385
8.629729 14.901957 2.089043
8.629729 14.901957 36.071043
6.781788 14.756853 3.185812
6.781788 14.756853 37.167812
6.098070 14.913001 3.795789
6.098070 14.913001 37.777789
9.948230 15.395545 1.595455
9.948230 15.395545 35.577455
7.957225 15.457222 3.105615
7.957225 15.457222 37.087615
2.089043 14.901957 8.629729
36.071043 14.901957 8.629729
3.185813 14.756853 6.781788
37.167812 14.756853 6.781788
3.795789 14.913001 6.098070
37.777789 14.913001 6.098070
3.105615 15.457222 7.957225
37.087615 15.457222 7.957225
14.901957 14.901957 8.361271
14.756853 13.805187 10.209212
14.913001 13.195211 10.892930
15.457222 13.885385 9.033775
14.901957 2.089043 8.629729
14.901957 36.071043 8.629729
13.805187 2.234147 6.781788
13.805187 36.216147 6.781788
13.195211 2.077999 6.098070
13.195211 36.059999 6.098070
15.395545 1.595455 9.948230
15.395545 35.577455 9.948230
13.885385 1.533778 7.957225
13.885385 35.515778 7.957225
2.089043 2.089043 8.361271
2.089043 36.071043 8.361271
36.071043 2.089043 8.361271
36.071043 36.071043 8.361271
2.234147 3.185813 10.209212
2.234147 37.167812 10.209212
36.216147 3.185813 10.209212
36.216147 37.167812 10.209212
2.077999 3.795789 10.892930
2.077999 37.777789 10.892930
36.059999 3.795789 10.892930
36.059999 37.777789 10.892930
1.595455 1.595455 7.042769
1.595455 35.577455 7.042769
35.577455 1.595455 7.042769
35.577455 35.577455 7.042769
0.701728 1.262431 7.139618
0.701728 35.244431 7.139618
34.683728 1.262431 7.139618
34.683728 35.244431 7.139618
1.600552 2.317572 6.409005
1.600552 36.299572 6.409005
35.582552 2.317572 6.409005
35.582552 36.299572 6.409005
2.168052 0.892028 6.730135
2.168052 34.874028 6.730135
36.150052 0.892028 6.730135
36.150052 34.874028 6.730135
1.533778 3.105615 9.033775
1.533778 37.087615 9.033775
35.515778 3.105615 9.033775
35.515778 37.087615 9.033775
3.185813 2.234147 10.209212
3.185813 36.216147 10.209212
37.167812 2.234147 10.209212
37.167812 36.216147 10.209212
3.795789 2.077999 10.892930
3.795789 36.059999 10.892930
37.777789 2.077999 10.892930
37.777789 36.059999 10.892930
3.105615 1.533778 9.033775
3.105615 35.515778 9.033775
37.087615 1.533778 9.033775
37.087615 35.515778 9.033775
2.234147 13.805187 6.781788
36.216147 13.805187 6.781788
2.077999 13.195211 6.098070
36.059999 13.195211 6.098070
1.533778 13.885385 7.957225
35.515778 13.885385 7.957225
13.805187 14.756853 10.209212
13.195211 14.913001 10.892930
13.885385 15.457222 9.033775
14.756853 3.185813 6.781788
14.756853 37.167812 6.781788
14.913001 3.795789 6.098070
14.913001 37.777789 6.098070
16.289272 1.262431 9.851382
16.289272 35.244431 9.851382
15.390448 2.317572 10.581995
15.390448 36.299572 10.581995
14.822948 0.892028 10.260865
14.822948 34.874028 10.260865
15.457222 3.105615 7.957225
15.457222 37.087615 7.957225
6.781788 3.185813 14.756853
6.781788 37.167812 14.756853
6.098070 3.795789 14.913001
6.098070 37.777789 14.913001
7.957225 3.105615 15.457222
7.957225 37.087615 15.457222
6.781788 13.805187 2.234147
6.781788 13.805187 36.216147
6.098070 13.195211 2.077999
6.098070 13.195211 36.059999
9.851382 15.728569 0.701728
9.851382 15.728569 34.683728
10.581995 14.673428 1.600552
10.581995 14.673428 35.582552
10.260865 16.098972 2.168052
10.260865 16.098973 36.150052
7.957225 13.885385 1.533778
7.957225 13.885385 35.515778
13.805187 10.209212 14.756853
13.195211 10.892930 14.913001
13.885385 9.033775 15.457222
10.209212 3.185812 2.234147
10.209212 3.185813 36.216147
10.209212 37.167812 2.234147
10.209212 37.167812 36.216147
10.892930 3.795789 2.077999
10.892930 3.795789 36.059999
10.892930 37.777789 2.077999
10.892930 37.777789 36.059999
7.139618 1.262431 0.701728
7.139618 1.262431 34.683728
7.139618 35.244431 0.701728
7.139618 35.244431 34.683728
6.409005 2.317572 1.600552
6.409005 2.317572 35.582552
6.409005 36.299572 1.600552
6.409005 36.299572 35.582552
6.730135 0.892028 2.168052
6.730135 0.892028 36.150052
6.730135 34.874028 2.168052
6.730135 34.874028 36.150052
9.033775 3.105615 1.533778
9.033775 3.105615 35.515778
9.033775 37.087615 1.533778
9.033775 37.087615 35.515778
3.185813 6.781788 14.756853
37.167812 6.781788 14.756853
3.795789 6.098070 14.913001
37.777789 6.098070 14.913001
3.105615 7.957225 15.457222
37.087615 7.957225 15.457222
10.209212 13.805187 14.756853
10.892930 13.195211 14.913001
9.033775 13.885385 15.457222
13.805187 6.781788 2.234147
13.805187 6.781788 36.216147
13.195211 6.098070 2.077999
13.195211 6.098070 36.059999
13.885385 7.957225 1.533778
13.885385 7.957225 35.515778
3.185813 10.209212 2.234147
3.185813 10.209212 36.216147
37.167812 10.209212 2.234147
37.167812 10.209212 36.216147
3.795789 10.892930 2.077999
3.795789 10.892930 36.059999
37.777789 10.892930 2.077999
37.777789 10.892930 36.059999
3.105615 9.033775 1.533778
3.105615 9.033775 35.515778
37.087615 9.033775 1.533778
37.087615 9.033775 35.515778
9.928893 1.602694 15.388306
9.928893 35.584694 15.388306
10.838412 2.390335 15.590125
10.838412 36.372335 15.590125
10.097592 0.411415 15.590125
10.097592 34.393415 15.590125
10.098194 15.557607 10.098194
10.885835 14.648088 9.896375
8.906915 15.388908 9.896375
1.602694 15.388306 9.928893
35.584694 15.388306 9.928893
0.653803 14.843052 10.468002
34.635803 14.843052 10.468002
2.147948 16.337197 10.468002
36.129948 16.337197 10.468002
15.388306 15.388306 7.062107
14.843052 16.337197 6.522998
16.337197 14.843052 6.522998
1.602694 9.928893 15.388306
35.584694 9.928893 15.388306
0.411415 10.097592 15.590125
34.393415 10.097592 15.590125
2.390335 10.838412 15.590125
36.372335 10.838412 15.590125
6.892806 15.557607 6.892806
8.084085 15.388908 7.094625
6.105165 14.648088 7.094625
6.892806 10.098194 1.433393
6.892806 10.098194 35.415393
7.841697 10.643448 1.972502
7.841697 10.643448 35.954502
6.347552 9.149303 1.972502
6.347552 9.149303 35.954502
6.892806 6.892806 15.557607
6.347552 7.841697 15.018498
7.841697 6.347552 15.018498
15.388306 9.928893 1.602694
15.388306 9.928893 35.584694
14.600665 10.838412 1.400875
14.600665 10.838412 35.382875
16.579585 10.097592 1.400875
16.579585 10.097592 35.382875
15.557607 10.098194 10.098194
15.388908 8.906915 9.896375
14.648088 10.885835 9.896375
1.602694 7.062107 1.602694
1.602694 7.062107 35.584694
35.584694 7.062107 1.602694
35.584694 7.062107 35.584694
2.390335 6.152588 1.400875
2.390335 6.152588 35.382875
36.372335 6.152588 1.400875
36.372335 6.152588 35.382875
0.411415 6.893408 1.400875
0.411415 6.893408 35.382875
34.393415 6.893408 1.400875
34.393415 6.893408 35.382875
1.433393 10.098194 6.892806
35.415393 10.098194 6.892806
2.342912 10.885835 7.094625
36.324912 10.885835 7.094625
1.602092 8.906915 7.094625
35.584092 8.906915 7.094625
6.406457 0.134229 27.575543
6.406457 34.116229 27.575543
6.261353 15.277288 28.672313
6.417501 14.593570 -4.699711
6.417501 14.593570 29.282289
6.900045 1.452731 27.081955
6.900045 35.434731 27.081955
6.961722 16.452725 28.592115
8.495500 -0.000000 -4.247750
8.495500 0.000000 29.734250
8.495500 33.982000 -4.247750
8.495500 33.982000 29.734250
0.134229 10.584543 23.397457
34.116229 10.584543 23.397457
15.277288 10.729647 22.300687
14.593570 10.573499 21.690711
16.452725 10.029278 22.380885
0.000000 8.495500 21.238750
33.982000 8.495500 21.238750
10.584543 16.856771 27.575543
10.729647 1.713712 28.672313
10.729647 35.695712 28.672313
10.573499 2.397430 -4.699711
10.573499 2.397430 29.282289
10.573499 36.379430 -4.699711
10.573499 36.379430 29.282289
10.029278 0.538275 28.592115
10.029278 34.520275 28.592115
16.856771 6.406457 23.397457
1.713712 6.261353 22.300687
35.695712 6.261353 22.300687
2.397430 6.417501 21.690711
36.379430 6.417501 21.690711
15.538270 6.900045 23.891045
15.635118 7.793772 24.224069
14.904505 6.894948 23.168928
15.225635 6.327448 24.594472
0.538275 6.961722 22.380885
34.520275 6.961722 22.380885
6.406457 16.856771 23.397457
6.261353 1.713712 22.300687
6.261353 35.695712 22.300687
6.417501 2.397430 21.690711
6.417501 36.379430 21.690711
6.961722 0.538275 22.380885
6.961722 34.520275 22.380885
8.495500 0.000000 21.238750
8.495500 33.982000 21.238750
16.856771 10.584543 27.575543
1.713712 10.729647 28.672313
35.695712 10.729647 28.672313
2.397430 10.573499 -4.699711
2.397430 10.573499 29.282289
36.379430 10.573499 -4.699711
36.379430 10.573499 29.282289
0.538275 10.029278 28.592115
34.520275 10.029278 28.592115
0.000000 8.495500 -4.247750
0.000000 8.495500 29.734250
33.982000 8.495500 -4.247750
33.982000 8.495500 29.734250
10.584543 0.134229 23.397457
10.584543 34.116229 23.397457
10.729647 15.277288 22.300687
10.573499 14.593570 21.690711
10.090955 1.452731 23.891045
10.090955 35.434731 23.891045
9.197228 1.355882 24.224069
9.197228 35.337882 24.224069
10.096052 2.086495 23.168928
10.096052 36.068495 23.168928
10.663552 1.765365 24.594472
10.663552 35.747365 24.594472
10.029278 16.452725 22.380885
0.134229 6.406457 27.575543
34.116229 6.406457 27.575543
15.277288 6.261353 28.672313
14.593570 6.417501 -4.699711
14.593570 6.417501 29.282289
1.452731 6.900045 27.081955
35.434731 6.900045 27.081955
1.355882 7.793772 26.748931
35.337882 7.793772 26.748931
2.086495 6.894948 27.804072
36.068495 6.894948 27.804072
1.765365 6.327448 26.378528
35.747365 6.327448 26.378528
16.452725 6.961722 28.592115
10.584543 6.406457 17.125229
11.681313 6.261353 -1.713712
11.681313 6.261353 32.268288
12.291289 6.417501 -2.397430
12.291289 6.417501 31.584570
10.090955 6.900045 18.443730
11.601115 6.961722 -0.538275
11.601115 6.961722 33.443725
12.743250 8.495500 16.991000
6.406457 6.406457 -0.134229
6.406457 6.406457 33.847771
6.261353 5.309688 18.704712
6.417501 4.699711 19.388430
6.417501 38.681711 19.388430
6.961722 5.389885 17.529275
8.495500 4.247750 16.991000
8.495500 38.229750 16.991000
6.406457 10.584543 17.125229
5.309688 10.729647 -1.713712
5.309688 10.729647 32.268288
4.699711 10.573499 -2.397430
4.699711 10.573499 31.584570
38.681711 10.573499 -2.397430
38.681711 10.573499 31.584570
5.389885 10.029278 -0.538275
5.389885 10.029278 33.443725
4.247750 8.495500 16.991000
38.229750 8.495500 16.991000
10.584543 10.584543 -0.134229
10.584543 10.584543 33.847771
10.729647 11.681313 18.704712
10.573499 12.291289 19.388430
10.090955 10.090955 -1.452731
10.090955 10.090955 32.529269
9.197228 9.757931 -1.355882
9.197228 9.757931 32.626118
10.096052 10.813072 -2.086495
10.096052 10.813072 31.895505
10.663552 9.387527 -1.765365
10.663552 9.387527 32.216635
10.029278 11.601115 17.529275
8.495500 12.743250 16.991000
11.681313 10.729647 18.704712
12.291289 10.573499 19.388430
11.601115 10.029278 17.529275
10.729647 5.309687 -1.713712
10.729647 5.309688 32.268288
10.573499 4.699711 -2.397430
10.573499 4.699711 31.584570
10.573499 38.681711 -2.397430
10.573499 38.681711 31.584570
9.197228 7.233069 18.346882
10.096052 6.177928 19.077495
10.663552 7.603472 18.756365
10.029278 5.389885 -0.538275
10.029278 5.389885 33.443725
5.309688 6.261353 18.704712
4.699711 6.417501 19.388430
38.681711 6.417501 19.388430
5.389885 6.961722 17.529275
6.261353 11.681313 -1.713712
6.261353 11.681313 32.268288
6.417501 12.291289 -2.397430
6.417501 12.291289 31.584570
6.961722 11.601115 -0.538275
6.961722 11.601115 33.443725
15.277288 11.681313 23.252353
14.593570 12.291289 23.408501
16.452725 11.601115 23.952722
0.000000 12.743250 25.486500
33.982000 12.743250 25.486500
15.277288 5.309688 27.720647
14.593570 4.699711 27.564499
14.593570 38.681711 27.564499
16.452725 5.389885 27.020278
0.000000 4.247750 25.486500
0.000000 38.229750 25.486500
33.982000 4.247750 25.486500
33.982000 38.229750 25.486500
5.309688 1.713712 23.252353
5.309688 35.695712 23.252353
4.699711 2.397430 23.408501
4.699711 36.379430 23.408501
38.681711 2.397430 23.408501
38.681711 36.379430 23.408501
5.389885 0.538275 23.952722
5.389885 34.520275 23.952722
4.247750 0.000000 25.486500
4.247750 33.982000 25.486500
38.229750 0.000000 25.486500
38.229750 33.982000 25.486500
1.713712 11.681313 27.720647
35.695712 11.681313 27.720647
2.397430 12.291289 27.564499
36.379430 12.291289 27.564499
0.538275 11.601115 27.020278
34.520275 11.601115 27.020278
11.681313 15.277288 23.252353
12.291289 14.593570 23.408501
11.601115 16.452725 23.952722
12.743250 0.000000 25.486500
12.743250 33.982000 25.486500
1.713712 5.309688 23.252353
35.695712 5.309688 23.252353
2.397430 4.699711 23.408501
2.397430 38.681711 23.408501
36.379430 4.699711 23.408501
36.379430 38.681711 23.408501
0.538275 5.389885 23.952722
34.520275 5.389885 23.952722
5.309688 15.277288 27.720647
4.699711 14.593570 27.564499
38.681711 14.593570 27.564499
7.233069 1.355882 26.188228
7.233069 35.337882 26.188228
6.177928 2.086495 27.087052
6.177928 36.068495 27.087052
7.603472 1.765365 27.654552
7.603473 35.747365 27.654552
5.389885 16.452725 27.020278
11.681313 1.713712 27.720647
11.681313 35.695712 27.720647
12.291289 2.397430 27.564499
12.291289 36.379430 27.564499
11.601115 0.538275 27.020278
11.601115 34.520275 27.020278
14.901957 8.629729 19.080043
14.756853 6.781788 20.176813
14.913001 6.098070 20.786789
15.457222 7.957225 20.096615
8.629729 2.089043 -2.089043
8.629729 2.089043 31.892957
8.629729 36.071043 -2.089043
8.629729 36.071043 31.892957
6.781788 2.234147 -3.185813
6.781788 2.234147 30.796187
6.781788 36.216147 -3.185813
6.781788 36.216147 30.796187
6.098070 2.077999 -3.795789
6.098070 2.077999 30.186211
6.098070 36.059999 -3.795789
6.098070 36.059999 30.186211
7.957225 1.533778 -3.105615
7.957225 1.533778 30.876385
7.957225 35.515778 -3.105615
7.957225 35.515778 30.876385
2.089043 8.361271 19.080043
36.071043 8.361271 19.080043
2.234147 10.209212 20.176813
36.216147 10.209212 20.176813
2.077999 10.892930 20.786789
36.059999 10.892930 20.786789
1.533778 9.033775 20.096615
35.515778 9.033775 20.096615
8.361271 14.901957 -2.089043
8.361271 14.901957 31.892957
10.209212 14.756853 -3.185813
10.209212 14.756853 30.796187
10.892930 14.913001 -3.795789
10.892930 14.913001 30.186211
7.042770 15.395545 -1.595455
7.042770 15.395545 32.386545
7.139618 16.289272 -1.262431
7.139618 16.289272 32.719569
6.409005 15.390448 -2.317572
6.409005 15.390448 31.664428
6.730135 14.822948 -0.892028
6.730135 14.822948 33.089972
9.033775 15.457222 -3.105615
9.033775 15.457222 30.876385
14.901957 8.361271 -2.089043
14.901957 8.361271 31.892957
14.756853 10.209212 -3.185813
14.756853 10.209212 30.796187
14.913001 10.892930 -3.795789
14.913001 10.892930 30.186211
15.395545 7.042769 -1.595455
15.395545 7.042770 32.386545
16.289272 7.139618 -1.262431
16.289272 7.139618 32.719569
15.390448 6.409005 -2.317572
15.390448 6.409005 31.664428
14.822948 6.730135 -0.892028
14.822948 6.730135 33.089972
15.457222 9.033775 -3.105615
15.457222 9.033775 30.876385
8.361271 2.089043 19.080043
8.361271 36.071043 19.080043
10.209212 2.234147 20.176813
10.209212 36.216147 20.176813
10.892930 2.077999 20.786789
10.892930 36.059999 20.786789
7.042770 1.595455 18.586455
7.042770 35.577455 18.586455
9.033775 1.533778 20.096615
9.033775 35.515778 20.096615
2.089043 8.629729 -2.089043
2.089043 8.629729 31.892957
36.071043 8.629729 -2.089043
36.071043 8.629729 31.892957
2.234147 6.781788 -3.185813
2.234147 6.781788 30.796187
36.216147 6.781788 -3.185813
36.216147 6.781788 30.796187
2.077999 6.098070 -3.795789
2.077999 6.098070 30.186211
36.059999 6.098070 -3.795789
36.059999 6.098070 30.186211
1.533778 7.957225 -3.105615
1.533778 7.957225 30.876385
35.515778 7.957225 -3.105615
35.515778 7.957225 30.876385
8.629729 14.901957 19.080043
6.781788 14.756853 20.176813
6.098070 14.913001 20.786789
9.948230 15.395545 18.586455
7.957225 15.457222 20.096615
2.089043 14.901957 25.620729
36.071043 14.901957 25.620729
3.185813 14.756853 23.772788
37.167812 14.756853 23.772788
3.795789 14.913001 23.089070
37.777789 14.913001 23.089070
3.105615 15.457222 24.948225
37.087615 15.457222 24.948225
14.901957 14.901957 25.352271
14.756853 13.805187 27.200212
14.913001 13.195211 27.883930
15.457222 13.885385 26.024775
14.901957 2.089043 25.620729
14.901957 36.071043 25.620729
13.805187 2.234147 23.772788
13.805187 36.216147 23.772788
13.195211 2.077999 23.089070
13.195211 36.059999 23.089070
15.395545 1.595455 26.939230
15.395545 35.577455 26.939230
13.885385 1.533778 24.948225
13.885385 35.515778 24.948225
2.089043 2.089043 25.352271
2.089043 36.071043 25.352271
36.071043 2.089043 25.352271
36.071043 36.071043 25.352271
2.234147 3.185813 27.200212
2.234147 37.167812 27.200212
36.216147 3.185813 27.200212
36.216147 37.167812 27.200212
2.077999 3.795789 27.883930
2.077999 37.777789 27.883930
36.059999 3.795789 27.883930
36.059999 37.777789 27.883930
1.595455 1.595455 24.033769
1.595455 35.577455 24.033769
35.577455 1.595455 24.033769
35.577455 35.577455 24.033769
0.701728 1.262431 24.130618
0.701728 35.244431 24.130618
34.683728 1.262431 24.130618
34.683728 35.244431 24.130618
1.600552 2.317572 23.400005
1.600552 36.299572 23.400005
35.582552 2.317572 23.400005
35.582552 36.299572 23.400005
2.168052 0.892028 23.721135
2.168052 34.874028 23.721135
36.150052 0.892028 23.721135
36.150052 34.874028 23.721135
1.533778 3.105615 26.024775
1.533778 37.087615 26.024775
35.515778 3.105615 26.024775
35.515778 37.087615 26.024775
3.185813 2.234147 27.200212
3.185813 36.216147 27.200212
37.167812 2.234147 27.200212
37.167812 36.216147 27.200212
3.795789 2.077999 27.883930
3.795789 36.059999 27.883930
37.777789 2.077999 27.883930
37.777789 36.059999 27.883930
3.105615 1.533778 26.024775
3.105615 35.515778 26.024775
37.087615 1.533778 26.024775
37.087615 35.515778 26.024775
2.234147 13.805187 23.772788
36.216147 13.805187 23.772788
2.077999 13.195211 23.089070
36.059999 13.195211 23.089070
1.533778 13.885385 24.948225
35.515778 13.885385 24.948225
13.805187 14.756853 27.200212
13.195211 14.913001 27.883930
13.885385 15.457222 26.024775
14.756853 3.185813 23.772788
14.756853 37.167812 23.772788
14.913001 3.795789 23.089070
14.913001 37.777789 23.089070
16.289272 1.262431 26.842382
16.289272 35.244431 26.842382
15.390448 2.317572 27.572995
15.390448 36.299572 27.572995
14.822948 0.892028 27.251865
14.822948 34.874028 27.251865
15.457222 3.105615 24.948225
15.457222 37.087615 24.948225
6.781788 3.185812 -2.234147
6.781788 3.185813 31.747853
6.781788 37.167812 -2.234147
6.781788 37.167812 31.747853
6.098070 3.795789 -2.077999
6.098070 3.795789 31.904001
6.098070 37.777789 -2.077999
6.098070 37.777789 31.904001
7.957225 3.105615 -1.533778
7.957225 3.105615 32.448222
7.957225 37.087615 -1.533778
7.957225 37.087615 32.448222
6.781788 13.805187 19.225147
6.098070 13.195211 19.068999
9.851382 15.728569 17.692728
10.581995 14.673428 18.591552
10.260865 16.098972 19.159052
7.957225 13.885385 18.524778
13.805187 10.209212 -2.234147
13.805187 10.209212 31.747853
13.195211 10.892930 -2.077999
13.195211 10.892930 31.904001
13.885385 9.033775 -1.533778
13.885385 9.033775 32.448222
10.209212 3.185813 19.225147
10.209212 37.167812 19.225147
10.892930 3.795789 19.068999
10.892930 37.777789 19.068999
7.139618 1.262431 17.692728
7.139618 35.244431 17.692728
6.409005 2.317572 18.591552
6.409005 36.299572 18.591552
6.730135 0.892028 19.159052
6.730135 34.874028 19.159052
9.033775 3.105615 18.524778
9.033775 37.087615 18.524778
3.185812 6.781788 -2.234147
3.185813 6.781788 31.747853
37.167812 6.781788 -2.234147
37.167812 6.781788 31.747853
3.795789 6.098070 -2.077999
3.795789 6.098070 31.904001
37.777789 6.098070 -2.077999
37.777789 6.098070 31.904001
3.105615 7.957225 -1.533778
3.105615 7.957225 32.448222
37.087615 7.957225 -1.533778
37.087615 7.957225 32.448222
10.209212 13.805187 -2.234147
10.209212 13.805187 31.747853
10.892930 13.195211 -2.077999
10.892930 13.195211 31.904001
9.033775 13.885385 -1.533778
9.033775 13.885385 32.448222
13.805187 6.781788 19.225147
13.195211 6.098070 19.068999
13.885385 7.957225 18.524778
3.185813 10.209212 19.225147
37.167812 10.209212 19.225147
3.795789 10.892930 19.068999
37.777789 10.892930 19.068999
3.105615 9.033775 18.524778
37.087615 9.033775 18.524778
9.928893 1.602694 -1.602694
9.928893 1.602694 32.379306
9.928893 35.584694 -1.602694
9.928893 35.584694 32.379306
10.838412 2.390335 -1.400875
10.838412 2.390335 32.581125
10.838412 36.372335 -1.400875
10.838412 36.372335 32.581125
10.097592 0.411415 -1.400875
10.097592 0.411415 32.581125
10.097592 34.393415 -1.400875
10.097592 34.393415 32.581125
10.098194 15.557607 27.089194
10.885835 14.648088 26.887375
8.906915 15.388908 26.887375
1.602694 15.388306 26.919893
35.584694 15.388306 26.919893
0.653803 14.843052 27.459002
34.635803 14.843052 27.459002
2.147948 16.337197 27.459002
36.129948 16.337197 27.459002
15.388306 15.388306 24.053107
14.843052 16.337197 23.513998
16.337197 14.843052 23.513998
1.602694 9.928893 -1.602694
1.602694 9.928893 32.379306
35.584694 9.928893 -1.602694
35.584694 9.928893 32.379306
0.411415 10.097592 -1.400875
0.411415 10.097592 32.581125
34.393415 10.097592 -1.400875
34.393415 10.097592 32.581125
2.390335 10.838412 -1.400875
2.390335 10.838412 32.581125
36.372335 10.838412 -1.400875
36.372335 10.838412 32.581125
6.892806 15.557607 23.883806
8.084085 15.388908 24.085625
6.105165 14.648088 24.085625
6.892806 10.098194 18.424393
7.841697 10.643448 18.963502
6.347552 9.149303 18.963502
6.892806 6.892806 -1.433393
6.892806 6.892806 32.548607
6.347552 7.841697 -1.972502
6.347552 7.841697 32.009498
7.841697 6.347552 -1.972502
7.841697 6.347552 32.009498
15.388306 9.928893 18.593694
14.600665 10.838412 18.391875
16.579585 10.097592 18.391875
15.557607 10.098194 27.089194
15.388908 8.906915 26.887375
14.648088 10.885835 26.887375
1.602694 7.062107 18.593694
35.584694 7.062107 18.593694
2.390335 6.152588 18.391875
36.372335 6.152588 18.391875
0.411415 6.893408 18.391875
34.393415 6.893408 18.391875
1.433393 10.098194 23.883806
35.415393 10.098194 23.883806
2.342912 10.885835 24.085625
36.324912 10.885835 24.085625
1.602092 8.906915 24.085625
35.584092 8.906915 24.085625
6.406457 17.125229 10.584543
6.261353 -1.713712 11.681313
6.261353 32.268288 11.681313
6.417501 -2.397430 12.291289
6.417501 31.584570 12.291289
6.900045 18.443730 10.090955
6.961722 -0.538275 11.601115
6.961722 33.443725 11.601115
8.495500 16.991000 12.743250
0.134229 27.575543 6.406457
34.116229 27.575543 6.406457
15.277288 27.720647 5.309687
14.593570 27.564499 4.699711
14.593570 27.564499 38.681711
16.452725 27.020278 5.389885
0.000000 25.486500 4.247750
0.000000 25.486500 38.229750
33.982000 25.486500 4.247750
33.982000 25.486500 38.229750
10.584543 -0.134229 10.584543
10.584543 33.847771 10.584543
10.729647 18.704712 11.681313
10.573499 19.388430 12.291289
10.029278 17.529275 11.601115
16.856771 23.397457 6.406457
1.713712 23.252353 5.309687
35.695712 23.252353 5.309687
2.397430 23.408501 4.699711
2.397430 23.408501 38.681711
36.379430 23.408501 4.699711
36.379430 23.408501 38.681711
15.538270 23.891045 6.900045
15.635118 24.784772 7.233069
14.904505 23.885948 6.177928
15.225635 23.318448 7.603472
0.538275 23.952722 5.389885
34.520275 23.952722 5.389885
6.406457 -0.134229 6.406457
6.406457 33.847771 6.406457
6.261353 18.704712 5.309687
6.417501 19.388430 4.699711
6.417501 19.388430 38.681711
6.961722 17.529275 5.389885
8.495500 16.991000 4.247750
8.495500 16.991000 38.229750
16.856771 27.575543 10.584543
1.713712 27.720647 11.681313
35.695712 27.720647 11.681313
2.397430 27.564499 12.291289
36.379430 27.564499 12.291289
0.538275 27.020278 11.601115
34.520275 27.020278 11.601115
0.000000 25.486500 12.743250
33.982000 25.486500 12.743250
10.584543 17.125229 6.406457
10.729647 -1.713712 5.309687
10.729647 32.268288 5.309687
10.573499 -2.397430 4.699711
10.573499 -2.397430 38.681711
10.573499 31.584570 4.699711
10.573499 31.584570 38.681711
10.090955 18.443730 6.900045
9.197228 18.346882 7.233069
10.096052 19.077495 6.177928
10.663552 18.756365 7.603472
10.029278 -0.538275 5.389885
10.029278 33.443725 5.389885
0.134229 23.397457 10.584543
34.116229 23.397457 10.584543
15.277288 23.252353 11.681313
14.593570 23.408501 12.291289
1.452731 23.891045 10.090955
35.434731 23.891045 10.090955
1.355882 24.784772 9.757931
35.337882 24.784772 9.757931
2.086495 23.885948 10.813072
36.068495 23.885948 10.813072
1.765365 23.318448 9.387527
35.747365 23.318448 9.387527
16.452725 23.952722 11.601115
10.584543 23.397457 0.134229
10.584543 23.397457 34.116229
11.681313 23.252353 15.277288
12.291289 23.408501 14.593570
10.090955 23.891045 1.452731
10.090955 23.891045 35.434731
11.601115 23.952722 16.452725
12.743250 25.486500 0.000000
12.743250 25.486500 33.982000
6.406457 23.397457 16.856771
6.261353 22.300687 1.713712
6.261353 22.300688 35.695712
6.417501 21.690711 2.397430
6.417501 21.690711 36.379430
6.961722 22.380885 0.538275
6.961722 22.380885 34.520275
8.495500 21.238750 0.000000
8.495500 21.238750 33.982000
6.406457 27.575543 0.134229
6.406457 27.575543 34.116229
5.309688 27.720647 15.277288
4.699711 27.564499 14.593570
38.681711 27.564499 14.593570
5.389885 27.020278 16.452725
4.247750 25.486500 0.000000
4.247750 25.486500 33.982000
38.229750 25.486500 0.000000
38.229750 25.486500 33.982000
10.584543 27.575543 16.856771
10.729647 28.672313 1.713712
10.729647 28.672313 35.695712
10.573499 -4.699711 2.397430
10.573499 -4.699711 36.379430
10.573499 29.282289 2.397430
10.573499 29.282289 36.379430
10.090955 27.081955 15.538270
9.197228 26.748931 15.635118
10.096052 27.804072 14.904505
10.663552 26.378528 15.225635
10.029278 28.592115 0.538275
10.029278 28.592115 34.520275
8.495500 -4.247750 0.000000
8.495500 -4.247750 33.982000
8.495500 29.734250 0.000000
8.495500 29.734250 33.982000
11.681313 27.720647 1.713712
11.681313 27.720647 35.695712
12.291289 27.564499 2.397430
12.291289 27.564499 36.379430
11.601115 27.020278 0.538275
11.601115 27.020278 34.520275
10.729647 22.300687 15.277288
10.573499 21.690711 14.593570
9.197228 24.224069 1.355882
9.197228 24.224069 35.337882
10.096052 23.168928 2.086495
10.096052 23.168928 36.068495
10.663552 24.594472 1.765365
10.663552 24.594472 35.747365
10.029278 22.380885 16.452725
5.309688 23.252353 1.713712
5.309688 23.252353 35.695712
4.699711 23.408501 2.397430
4.699711 23.408501 36.379430
38.681711 23.408501 2.397430
38.681711 23.408501 36.379430
5.389885 23.952722 0.538275
5.389885 23.952722 34.520275
6.261353 28.672313 15.277288
6.417501 -4.699711 14.593570
6.417501 29.282289 14.593570
6.961722 28.592115 16.452725
15.277288 28.672313 6.261353
14.593570 -4.699711 6.417501
14.593570 29.282289 6.417501
16.452725 28.592115 6.961722
0.000000 -4.247750 8.495500
0.000000 29.734250 8.495500
33.982000 -4.247750 8.495500
33.982000 29.734250 8.495500
15.277288 22.300687 10.729647
14.593570 21.690711 10.573499
16.452725 22.380885 10.029278
0.000000 21.238750 8.495500
33.982000 21.238750 8.495500
5.309688 18.704712 6.261353
4.699711 19.388430 6.417501
38.681711 19.388430 6.417501
5.389885 17.529275 6.961722
4.247750 16.991000 8.495500
38.229750 16.991000 8.495500
1.713712 28.672313 10.729647
35.695712 28.672313 10.729647
2.397430 -4.699711 10.573499
2.397430 29.282289 10.573499
36.379430 -4.699711 10.573499
36.379430 29.282289 10.573499
0.538275 28.592115 10.029278
34.520275 28.592115 10.029278
11.681313 -1.713712 6.261353
11.681313 32.268288 6.261353
12.291289 -2.397430 6.417501
12.291289 31.584570 6.417501
11.601115 -0.538275 6.961722
11.601115 33.443725 6.961722
12.743250 16.991000 8.495500
1.713712 22.300687 6.261353
35.695712 22.300687 6.261353
2.397430 21.690711 6.417501
36.379430 21.690711 6.417501
0.538275 22.380885 6.961722
34.520275 22.380885 6.961722
5.309688 -1.713712 10.729647
5.309688 32.268288 10.729647
4.699711 -2.397430 10.573499
4.699711 31.584570 10.573499
38.681711 -2.397430 10.573499
38.681711 31.584570 10.573499
7.233069 18.346882 9.197228
6.177928 19.077495 10.096052
7.603472 18.756365 10.663552
5.389885 -0.538275 10.029278
5.389885 33.443725 10.029278
11.681313 18.704712 10.729647
12.291289 19.388430 10.573499
11.601115 17.529275 10.029278
14.901957 25.620729 2.089043
14.901957 25.620729 36.071043
14.756853 23.772788 3.185812
14.756853 23.772788 37.167812
14.913001 23.089070 3.795789
14.913001 23.089070 37.777789
15.457222 24.948225 3.105615
15.457222 24.948225 37.087615
8.629729 19.080043 14.901957
6.781788 19.225147 13.805187
6.098070 19.068999 13.195211
7.957225 18.524778 13.885385
2.089043 25.352271 2.089043
2.089043 25.352271 36.071043
36.071043 25.352271 2.089043
36.071043 25.352271 36.071043
2.234147 27.200212 3.185812
2.234147 27.200212 37.167812
36.216147 27.200212 3.185812
36.216147 27.200212 37.167812
2.077999 27.883930 3.795789
2.077999 27.883930 37.777789
36.059999 27.883930 3.795789
36.059999 27.883930 37.777789
1.533778 26.024775 3.105615
1.533778 26.024775 37.087615
35.515778 26.024775 3.105615
35.515778 26.024775 37.087615
8.361271 -2.089043 14.901957
8.361271 31.892957 14.901957
10.209212 -2.234147 13.805187
10.209212 31.747853 13.805187
10.892930 -2.077999 13.195211
10.892930 31.904001 13.195211
7.042770 -1.595455 15.395545
7.042770 32.386545 15.395545
7.139618 -0.701728 15.728569
7.139618 33.280272 15.728569
6.409005 -1.600552 14.673428
6.409005 32.381448 14.673428
6.730135 -2.168052 16.098972
6.730135 31.813948 16.098972
9.033775 -1.533778 13.885385
9.033775 32.448222 13.885385
14.901957 25.352271 14.901957
14.756853 27.200212 13.805187
14.913001 27.883930 13.195211
15.395545 24.033769 15.395545
16.289272 24.130618 15.728569
15.390448 23.400005 14.673428
14.822948 23.721135 16.098972
15.457222 26.024775 13.885385
8.361271 19.080043 2.089043
8.361271 19.080043 36.071043
10.209212 19.225147 3.185812
10.209212 19.225147 37.167812
10.892930 19.068999 3.795789
10.892930 19.068999 37.777789
7.042770 18.586455 1.595455
7.042770 18.586455 35.577455
9.033775 18.524778 3.105615
9.033775 18.524778 37.087615
2.089043 25.620729 14.901957
36.071043 25.620729 14.901957
2.234147 23.772788 13.805187
36.216147 23.772788 13.805187
2.077999 23.089070 13.195211
36.059999 23.089070 13.195211
1.533778 24.948225 13.885385
35.515778 24.948225 13.885385
8.629729 -2.089043 2.089043
8.629729 -2.089043 36.071043
8.629729 31.892957 2.089043
8.629729 31.892957 36.071043
6.781788 -2.234147 3.185812
6.781788 -2.234147 37.167812
6.781788 31.747853 3.185812
6.781788 31.747853 37.167812
6.098070 -2.077999 3.795789
6.098070 -2.077999 37.777789
6.098070 31.904001 3.795789
6.098070 31.904001 37.777789
9.948230 -1.595455 1.595455
9.948230 -1.595455 35.577455
9.948230 32.386545 1.595455
9.948230 32.386545 35.577455
7.957225 -1.533778 3.105615
7.957225 -1.533778 37.087615
7.957225 32.448222 3.105615
7.957225 32.448222 37.087615
2.089043 -2.089043 8.629729
2.089043 31.892957 8.629729
36.071043 -2.089043 8.629729
36.071043 31.892957 8.629729
3.185812 -2.234147 6.781788
3.185813 31.747853 6.781788
37.167812 -2.234147 6.781788
37.167812 31.747853 6.781788
3.795789 -2.077999 6.098070
3.795789 31.904001 6.098070
37.777789 -2.077999 6.098070
37.777789 31.904001 6.098070
3.105615 -1.533778 7.957225
3.105615 32.448222 7.957225
37.087615 -1.533778 7.957225
37.087615 32.448222 7.957225
14.901957 -2.089043 8.361271
14.901957 31.892957 8.361271
14.756853 -3.185813 10.209212
14.756853 30.796187 10.209212
14.913001 -3.795789 10.892930
14.913001 30.186211 10.892930
15.457222 -3.105615 9.033775
15.457222 30.876385 9.033775
14.901957 19.080043 8.629729
13.805187 19.225147 6.781788
13.195211 19.068999 6.098070
15.395545 18.586455 9.948230
13.885385 18.524778 7.957225
2.089043 19.080043 8.361271
36.071043 19.080043 8.361271
2.234147 20.176813 10.209212
36.216147 20.176813 10.209212
2.077999 20.786789 10.892930
36.059999 20.786789 10.892930
1.595455 18.586455 7.042769
35.577455 18.586455 7.042769
0.701728 18.253431 7.139618
34.683728 18.253431 7.139618
1.600552 19.308572 6.409005
35.582552 19.308572 6.409005
2.168052 17.883028 6.730135
36.150052 17.883028 6.730135
1.533778 20.096615 9.033775
35.515778 20.096615 9.033775
3.185813 19.225147 10.209212
37.167812 19.225147 10.209212
3.795789 19.068999 10.892930
37.777789 19.068999 10.892930
3.105615 18.524778 9.033775
37.087615 18.524778 9.033775
2.234147 -3.185813 6.781788
2.234147 30.796187 6.781788
36.216147 -3.185813 6.781788
36.216147 30.796187 6.781788
2.077999 -3.795789 6.098070
2.077999 30.186211 6.098070
36.059999 -3.795789 6.098070
36.059999 30.186211 6.098070
1.533778 -3.105615 7.957225
1.533778 30.876385 7.957225
35.515778 -3.105615 7.957225
35.515778 30.876385 7.957225
13.805187 -2.234147 10.209212
13.805187 31.747853 10.209212
13.195211 -2.077999 10.892930
13.195211 31.904001 10.892930
13.885385 -1.533778 9.033775
13.885385 32.448222 9.033775
14.756853 20.176813 6.781788
14.913001 20.786789 6.098070
16.289272 18.253431 9.851382
15.390448 19.308572 10.581995
14.822948 17.883028 10.260865
15.457222 20.096615 7.957225
6.781788 20.176813 14.756853
6.098070 20.786789 14.913001
7.957225 20.096615 15.457222
6.781788 -3.185813 2.234147
6.781788 -3.185813 36.216147
6.781788 30.796187 2.234147
6.781788 30.796187 36.216147
6.098070 -3.795789 2.077999
6.098070 -3.795789 36.059999
6.098070 30.186211 2.077999
6.098070 30.186211 36.059999
9.851382 -1.262431 0.701728
9.851382 -1.262431 34.683728
9.851382 32.719569 0.701728
9.851382 32.719569 34.683728
10.581995 -2.317572 1.600552
10.581995 -2.317572 35.582552
10.581995 31.664428 1.600552
10.581995 31.664428 35.582552
10.260865 -0.892028 2.168052
10.260865 -0.892028 36.150052
10.260865 33.089972 2.168052
10.260865 33.089972 36.150052
7.957225 -3.105615 1.533778
7.957225 -3.105615 35.515778
7.957225 30.876385 1.533778
7.957225 30.876385 35.515778
13.805187 27.200212 14.756853
13.195211 27.883930 14.913001
13.885385 26.024775 15.457222
10.209212 20.176813 2.234147
10.209212 20.176813 36.216147
10.892930 20.786789 2.077999
10.892930 20.786789 36.059999
7.139618 18.253431 0.701728
7.139618 18.253431 34.683728
6.409005 19.308572 1.600552
6.409005 19.308572 35.582552
6.730135 17.883028 2.168052
6.730135 17.883028 36.150052
9.033775 20.096615 1.533778
9.033775 20.096615 35.515778
3.185813 23.772788 14.756853
37.167812 23.772788 14.756853
3.795789 23.089070 14.913001
37.777789 23.089070 14.913001
3.105615 24.948225 15.457222
37.087615 24.948225 15.457222
10.209212 -3.185813 14.756853
10.209212 30.796187 14.756853
10.892930 -3.795789 14.913001
10.892930 30.186211 14.913001
9.033775 -3.105615 15.457222
9.033775 30.876385 15.457222
13.805187 23.772788 2.234147
13.805187 23.772788 36.216147
13.195211 23.089070 2.077999
13.195211 23.089070 36.059999
13.885385 24.948225 1.533778
13.885385 24.948225 35.515778
3.185813 27.200212 2.234147
3.185813 27.200212 36.216147
37.167812 27.200212 2.234147
37.167812 27.200212 36.216147
3.795789 27.883930 2.077999
3.795789 27.883930 36.059999
37.777789 27.883930 2.077999
37.777789 27.883930 36.059999
3.105615 26.024775 1.533778
3.105615 26.024775 35.515778
37.087615 26.024775 1.533778
37.087615 26.024775 35.515778
9.928893 18.593694 15.388306
10.838412 19.381335 15.590125
10.097592 17.402415 15.590125
10.098194 -1.433393 10.098194
10.098194 32.548607 10.098194
10.885835 -2.342912 9.896375
10.885835 31.639088 9.896375
8.906915 -1.602092 9.896375
8.906915 32.379908 9.896375
1.602694 -1.602694 9.928893
1.602694 32.379306 9.928893
35.584694 -1.602694 9.928893
35.584694 32.379306 9.928893
0.653803 -2.147948 10.468002
0.653803 31.834052 10.468002
34.635803 -2.147948 10.468002
34.635803 31.834052 10.468002
2.147948 -0.653803 10.468002
2.147948 33.328197 10.468002
36.129948 -0.653803 10.468002
36.129948 33.328197 10.468002
15.388306 -1.602694 7.062107
15.388306 32.379306 7.062107
14.843052 -0.653803 6.522998
14.843052 33.328197 6.522998
16.337197 -2.147948 6.522998
16.337197 31.834052 6.522998
1.602694 26.919893 15.388306
35.584694 26.919893 15.388306
0.411415 27.088592 15.590125
34.393415 27.088592 15.590125
2.390335 27.829412 15.590125
36.372335 27.829412 15.590125
6.892806 -1.433393 6.892806
6.892806 32.548607 6.892806
8.084085 -1.602092 7.094625
8.084085 32.379908 7.094625
6.105165 -2.342912 7.094625
6.105165 31.639088 7.094625
6.892806 27.089194 1.433393
6.892806 27.089194 35.415393
7.841697 27.634448 1.972502
7.841697 27.634448 35.954502
6.347552 26.140303 1.972502
6.347552 26.140303 35.954502
6.892806 23.883806 15.557607
6.347552 24.832697 15.018498
7.841697 23.338552 15.018498
15.388306 26.919893 1.602694
15.388306 26.919893 35.584694
14.600665 27.829412 1.400875
14.600665 27.829412 35.382875
16.579585 27.088592 1.400875
16.579585 27.088592 35.382875
15.557607 27.089194 10.098194
15.388908 25.897915 9.896375
14.648088 27.876835 9.896375
1.602694 24.053107 1.602694
1.602694 24.053107 35.584694
35.584694 24.053107 1.602694
35.584694 24.053107 35.584694
2.390335 23.143588 1.400875
2.390335 23.143588 35.382875
36.372335 23.143588 1.400875
36.372335 23.143588 35.382875
0.411415 23.884408 1.400875
0.411415 23.884408 35.382875
34.393415 23.884408 1.400875
34.393415 23.884408 35.382875
1.433393 27.089194 6.892806
35.415393 27.089194 6.892806
2.342912 27.876835 7.094625
36.324912 27.876835 7.094625
1.602092 25.897915 7.094625
35.584092 25.897915 7.094625
6.406457 17.125229 27.575543
6.261353 -1.713712 28.672313
6.261353 32.268288 28.672313
6.417501 -2.397430 -4.699711
6.417501 -2.397430 29.282289
6.417501 31.584570 -4.699711
6.417501 31.584570 29.282289
6.900045 18.443730 27.081955
6.961722 -0.538275 28.592115
6.961722 33.443725 28.592115
8.495500 16.991000 -4.247750
8.495500 16.991000 29.734250
0.134229 27.575543 23.397457
34.116229 27.575543 23.397457
15.277288 27.720647 22.300687
14.593570 27.564499 21.690711
16.452725 27.020278 22.380885
0.000000 25.486500 21.238750
33.982000 25.486500 21.238750
10.584543 -0.134229 27.575543
10.584543 33.847771 27.575543
10.729647 18.704712 28.672313
10.573499 19.388430 -4.699711
10.573499 19.388430 29.282289
10.029278 17.529275 28.592115
16.856771 23.397457 23.397457
1.713712 23.252353 22.300687
35.695712 23.252353 22.300687
2.397430 23.408501 21.690711
36.379430 23.408501 21.690711
15.538270 23.891045 23.891045
15.635118 24.784772 24.224069
14.904505 23.885948 23.168928
15.225635 23.318448 24.594472
0.538275 23.952722 22.380885
34.520275 23.952722 22.380885
6.406457 -0.134229 23.397457
6.406457 33.847771 23.397457
6.261353 18.704712 22.300687
6.417501 19.388430 21.690711
6.961722 17.529275 22.380885
8.495500 16.991000 21.238750
16.856771 27.575543 27.575543
1.713712 27.720647 28.672313
35.695712 27.720647 28.672313
2.397430 27.564499 -4.699711
2.397430 27.564499 29.282289
36.379430 27.564499 -4.699711
36.379430 27.564499 29.282289
0.538275 27.020278 28.592115
34.520275 27.020278 28.592115
0.000000 25.486500 -4.247750
0.000000 25.486500 29.734250
33.982000 25.486500 -4.247750
33.982000 25.486500 29.734250
10.584543 17.125229 23.397457
10.729647 -1.713712 22.300687
10.729647 32.268288 22.300687
10.573499 -2.397430 21.690711
10.573499 31.584570 21.690711
10.090955 18.443730 23.891045
9.197228 18.346882 24.224069
10.096052 19.077495 23.168928
10.663552 18.756365 24.594472
10.029278 -0.538275 22.380885
10.029278 33.443725 22.380885
0.134229 23.397457 27.575543
34.116229 23.397457 27.575543
15.277288 23.252353 28.672313
14.593570 23.408501 -4.699711
14.593570 23.408501 29.282289
1.452731 23.891045 27.081955
35.434731 23.891045 27.081955
1.355882 24.784772 26.748931
35.337882 24.784772 26.748931
2.086495 23.885948 27.804072
36.068495 23.885948 27.804072
1.765365 23.318448 26.378528
35.747365 23.318448 26.378528
16.452725 23.952722 28.592115
10.584543 23.397457 17.125229
11.681313 23.252353 -1.713712
11.681313 23.252353 32.268288
12.291289 23.408501 -2.397430
12.291289 23.408501 31.584570
10.090955 23.891045 18.443730
11.601115 23.952722 -0.538275
11.601115 23.952722 33.443725
12.743250 25.486500 16.991000
6.406457 23.397457 -0.134229
6.406457 23.397457 33.847771
6.261353 22.300687 18.704712
6.417501 21.690711 19.388430
6.961722 22.380885 17.529275
8.495500 21.238750 16.991000
6.406457 27.575543 17.125229
5.309688 27.720647 -1.713712
5.309688 27.720647 32.268288
4.699711 27.564499 -2.397430
4.699711 27.564499 31.584570
38.681711 27.564499 -2.397430
38.681711 27.564499 31.584570
5.389885 27.020278 -0.538275
5.389885 27.020278 33.443725
4.247750 25.486500 16.991000
38.229750 25.486500 16.991000
10.584543 27.575543 -0.134229
10.584543 27.575543 33.847771
10.729647 28.672313 18.704712
10.573499 -4.699711 19.388430
10.573499 29.282289 19.388430
10.090955 27.081955 -1.452731
10.090955 27.081955 32.529269
9.197228 26.748931 -1.355882
9.197228 26.748931 32.626118
10.096052 27.804072 -2.086495
10.096052 27.804072 31.895505
10.663552 26.378528 -1.765365
10.663552 26.378528 32.216635
10.029278 28.592115 17.529275
8.495500 -4.247750 16.991000
8.495500 29.734250 16.991000
11.681313 27.720647 18.704712
12.291289 27.564499 19.388430
11.601115 27.020278 17.529275
10.729647 22.300687 -1.713712
10.729647 22.300687 32.268288
10.573499 21.690711 -2.397430
10.573499 21.690711 31.584570
9.197228 24.224069 18.346882
10.096052 23.168928 19.077495
10.663552 24.594472 18.756365
10.029278 22.380885 -0.538275
10.029278 22.380885 33.443725
5.309688 23.252353 18.704712
4.699711 23.408501 19.388430
38.681711 23.408501 19.388430
5.389885 23.952722 17.529275
6.261353 28.672313 -1.713712
6.261353 28.672313 32.268288
6.417501 -4.699711 -2.397430
6.417501 -4.699711 31.584570
6.417501 29.282289 -2.397430
6.417501 29.282289 31.584570
6.961722 28.592115 -0.538275
6.961722 28.592115 33.443725
15.277288 28.672313 23.252353
14.593570 -4.699711 23.408501
14.593570 29.282289 23.408501
16.452725 28.592115 23.952722
0.000000 -4.247750 25.486500
0.000000 29.734250 25.486500
33.982000 -4.247750 25.486500
33.982000 29.734250 25.486500
15.277288 22.300687 27.720647
14.593570 21.690711 27.564499
16.452725 22.380885 27.020278
0.000000 21.238750 25.486500
33.982000 21.238750 25.486500
5.309688 18.704712 23.252353
4.699711 19.388430 23.408501
38.681711 19.388430 23.408501
5.389885 17.529275 23.952722
4.247750 16.991000 25.486500
38.229750 16.991000 25.486500
1.713712 28.672313 27.720647
35.695712 28.672313 27.720647
2.397430 -4.699711 27.564499
2.397430 29.282289 27.564499
36.379430 -4.699711 27.564499
36.379430 29.282289 27.564499
0.538275 28.592115 27.020278
34.520275 28.592115 27.020278
11.681313 -1.713712 23.252353
11.681313 32.268288 23.252353
12.291289 -2.397430 23.408501
12.291289 31.584570 23.408501
11.601115 -0.538275 23.952722
11.601115 33.443725 23.952722
12.743250 16.991000 25.486500
1.713712 22.300687 23.252353
35.695712 22.300687 23.252353
2.397430 21.690711 23.408501
36.379430 21.690711 23.408501
0.538275 22.380885 23.952722
34.520275 22.380885 23.952722
5.309688 -1.713712 27.720647
5.309688 32.268288 27.720647
4.699711 -2.397430 27.564499
4.699711 31.584570 27.564499
38.681711 -2.397430 27.564499
38.681711 31.584570 27.564499
7.233069 18.346882 26.188228
6.177928 19.077495 27.087052
7.603472 18.756365 27.654552
5.389885 -0.538275 27.020278
5.389885 33.443725 27.020278
11.681313 18.704712 27.720647
12.291289 19.388430 27.564499
11.601115 17.529275 27.020278
14.901957 25.620729 19.080043
14.756853 23.772788 20.176813
14.913001 23.089070 20.786789
15.457222 24.948225 20.096615
8.629729 19.080043 -2.089043
8.629729 19.080043 31.892957
6.781788 19.225147 -3.185813
6.781788 19.225147 30.796187
6.098070 19.068999 -3.795789
6.098070 19.068999 30.186211
7.957225 18.524778 -3.105615
7.957225 18.524778 30.876385
2.089043 25.352271 19.080043
36.071043 25.352271 19.080043
2.234147 27.200212 20.176813
36.216147 27.200212 20.176813
2.077999 27.883930 20.786789
36.059999 27.883930 20.786789
1.533778 26.024775 20.096615
35.515778 26.024775 20.096615
8.361271 -2.089043 -2.089043
8.361271 -2.089043 31.892957
8.361271 31.892957 -2.089043
8.361271 31.892957 31.892957
10.209212 -2.234147 -3.185813
10.209212 -2.234147 30.796187
10.209212 31.747853 -3.185813
10.209212 31.747853 30.796187
10.892930 -2.077999 -3.795789
10.892930 -2.077999 30.186211
10.892930 31.904001 -3.795789
10.892930 31.904001 30.186211
7.042769 -1.595455 -1.595455
7.042770 -1.595455 32.386545
7.042770 32.386545 -1.595455
7.042770 32.386545 32.386545
7.139618 -0.701728 -1.262431
7.139618 -0.701728 32.719569
7.139618 33.280272 -1.262431
7.139618 33.280272 32.719569
6.409005 -1.600552 -2.317572
6.409005 -1.600552 31.664428
6.409005 32.381448 -2.317572
6.409005 32.381448 31.664428
6.730135 -2.168052 -0.892028
6.730135 -2.168052 33.089972
6.730135 31.813948 -0.892028
6.730135 31.813948 33.089972
9.033775 -1.533778 -3.105615
9.033775 -1.533778 30.876385
9.033775 32.448222 -3.105615
9.033775 32.448222 30.876385
14.901957 25.352271 -2.089043
14.901957 25.352271 31.892957
14.756853 27.200212 -3.185813
14.756853 27.200212 30.796187
14.913001 27.883930 -3.795789
14.913001 27.883930 30.186211
15.395545 24.033769 -1.595455
15.395545 24.033770 32.386545
16.289272 24.130618 -1.262431
16.289272 24.130618 32.719569
15.390448 23.400005 -2.317572
15.390448 23.400005 31.664428
14.822948 23.721135 -0.892028
14.822948 23.721135 33.089972
15.457222 26.024775 -3.105615
15.457222 26.024775 30.876385
8.361271 19.080043 19.080043
10.209212 19.225147 20.176813
10.892930 19.068999 20.786789
7.042770 18.586455 18.586455
9.033775 18.524778 20.096615
2.089043 25.620729 -2.089043
2.089043 25.620729 31.892957
36.071043 25.620729 -2.089043
36.071043 25.620729 31.892957
2.234147 23.772788 -3.185813
2.234147 23.772788 30.796187
36.216147 23.772788 -3.185813
36.216147 23.772788 30.796187
2.077999 23.089070 -3.795789
2.077999 23.089070 30.186211
36.059999 23.089070 -3.795789
36.059999 23.089070 30.186211
1.533778 24.948225 -3.105615
1.533778 24.948225 30.876385
35.515778 24.948225 -3.105615
35.515778 24.948225 30.876385
8.629729 -2.089043 19.080043
8.629729 31.892957 19.080043
6.781788 -2.234147 20.176813
6.781788 31.747853 20.176813
6.098070 -2.077999 20.786789
6.098070 31.904001 20.786789
9.948230 -1.595455 18.586455
9.948230 32.386545 18.586455
7.957225 -1.533778 20.096615
7.957225 32.448222 20.096615
2.089043 -2.089043 25.620729
2.089043 31.892957 25.620729
36.071043 -2.089043 25.620729
36.071043 31.892957 25.620729
3.185813 -2.234147 23.772788
3.185813 31.747853 23.772788
37.167812 -2.234147 23.772788
37.167812 31.747853 23.772788
3.795789 -2.077999 23.089070
3.795789 31.904001 23.089070
37.777789 -2.077999 23.089070
37.777789 31.904001 23.089070
3.105615 -1.533778 24.948225
3.105615 32.448222 24.948225
37.087615 -1.533778 24.948225
37.087615 32.448222 24.948225
14.901957 -2.089043 25.352271
14.901957 31.892957 25.352271
14.756853 -3.185813 27.200212
14.756853 30.796187 27.200212
14.913001 -3.795789 27.883930
14.913001 30.186211 27.883930
15.457222 -3.105615 26.024775
15.457222 30.876385 26.024775
14.901957 19.080043 25.620729
13.805187 19.225147 23.772788
13.195211 19.068999 23.089070
15.395545 18.586455 26.939230
13.885385 18.524778 24.948225
2.089043 19.080043 25.352271
36.071043 19.080043 25.352271
2.234147 20.176813 27.200212
36.216147 20.176813 27.200212
2.077999 20.786789 27.883930
36.059999 20.786789 27.883930
1.595455 18.586455 24.033769
35.577455 18.586455 24.033769
0.701728 18.253431 24.130618
34.683728 18.253431 24.130618
1.600552 19.308572 23.400005
35.582552 19.308572 23.400005
2.168052 17.883028 23.721135
36.150052 17.883028 23.721135
1.533778 20.096615 26.024775
35.515778 20.096615 26.024775
3.185813 19.225147 27.200212
37.167812 19.225147 27.200212
3.795789 19.068999 27.883930
37.777789 19.068999 27.883930
3.105615 18.524778 26.024775
37.087615 18.524778 26.024775
2.234147 -3.185813 23.772788
2.234147 30.796187 23.772788
36.216147 -3.185813 23.772788
36.216147 30.796187 23.772788
2.077999 -3.795789 23.089070
2.077999 30.186211 23.089070
36.059999 -3.795789 23.089070
36.059999 30.186211 23.089070
1.533778 -3.105615 24.948225
1.533778 30.876385 24.948225
35.515778 -3.105615 24.948225
35.515778 30.876385 24.948225
13.805187 -2.234147 27.200212
13.805187 31.747853 27.200212
13.195211 -2.077999 27.883930
13.195211 31.904001 27.883930
13.885385 -1.533778 26.024775
13.885385 32.448222 26.024775
14.756853 20.176813 23.772788
14.913001 20.786789 23.089070
16.289272 18.253431 26.842382
15.390448 19.308572 27.572995
14.822948 17.883028 27.251865
15.457222 20.096615 24.948225
6.781788 20.176813 -2.234147
6.781788 20.176813 31.747853
6.098070 20.786789 -2.077999
6.098070 20.786789 31.904001
7.957225 20.096615 -1.533778
7.957225 20.096615 32.448222
6.781788 -3.185813 19.225147
6.781788 30.796187 19.225147
6.098070 -3.795789 19.068999
6.098070 30.186211 19.068999
9.851382 -1.262431 17.692728
9.851382 32.719569 17.692728
10.581995 -2.317572 18.591552
10.581995 31.664428 18.591552
10.260865 -0.892028 19.159052
10.260865 33.089972 19.159052
7.957225 -3.105615 18.524778
7.957225 30.876385 18.524778
13.805187 27.200212 -2.234147
13.805187 27.200212 31.747853
13.195211 27.883930 -2.077999
13.195211 27.883930 31.904001
13.885385 26.024775 -1.533778
13.885385 26.024775 32.448222
10.209212 20.176813 19.225147
10.892930 20.786789 19.068999
7.139618 18.253431 17.692728
6.409005 19.308572 18.591552
6.730135 17.883028 19.159052
9.033775 20.096615 18.524778
3.185813 23.772788 -2.234147
3.185813 23.772788 31.747853
37.167812 23.772788 -2.234147
37.167812 23.772788 31.747853
3.795789 23.089070 -2.077999
3.795789 23.089070 31.904001
37.777789 23.089070 -2.077999
37.777789 23.089070 31.904001
3.105615 24.948225 -1.533778
3.105615 24.948225 32.448222
37.087615 24.948225 -1.533778
37.087615 24.948225 32.448222
10.209212 -3.185813 -2.234147
10.209212 -3.185813 31.747853
10.209212 30.796187 -2.234147
10.209212 30.796187 31.747853
10.892930 -3.795789 -2.077999
10.892930 -3.795789 31.904001
10.892930 30.186211 -2.077999
10.892930 30.186211 31.904001
9.033775 -3.105615 -1.533778
9.033775 -3.105615 32.448222
9.033775 30.876385 -1.533778
9.033775 30.876385 32.448222
13.805187 23.772788 19.225147
13.195211 23.089070 19.068999
13.885385 24.948225 18.524778
3.185813 27.200212 19.225147
37.167812 27.200212 19.225147
3.795789 27.883930 19.068999
37.777789 27.883930 19.068999
3.105615 26.024775 18.524778
37.087615 26.024775 18.524778
9.928893 18.593694 -1.602694
9.928893 18.593694 32.379306
10.838412 19.381335 -1.400875
10.838412 19.381335 32.581125
10.097592 17.402415 -1.400875
10.097592 17.402415 32.581125
10.098194 -1.433393 27.089194
10.098194 32.548607 27.089194
10.885835 -2.342912 26.887375
10.885835 31.639088 26.887375
8.906915 -1.602092 26.887375
8.906915 32.379908 26.887375
1.602694 -1.602694 26.919893
1.602694 32.379306 26.919893
35.584694 -1.602694 26.919893
35.584694 32.379306 26.919893
0.653803 -2.147948 27.459002
0.653803 31.834052 27.459002
34.635803 -2.147948 27.459002
34.635803 31.834052 27.459002
2.147948 -0.653803 27.459002
2.147948 33.328197 27.459002
36.129948 -0.653803 27.459002
36.129948 33.328197 27.459002
15.388306 -1.602694 24.053107
15.388306 32.379306 24.053107
14.843052 -0.653803 23.513998
14.843052 33.328197 23.513998
16.337197 -2.147948 23.513998
16.337197 31.834052 23.513998
1.602694 26.919893 -1.602694
1.602694 26.919893 32.379306
35.584694 26.919893 -1.602694
35.584694 26.919893 32.379306
0.411415 27.088592 -1.400875
0.411415 27.088592 32.581125
34.393415 27.088592 -1.400875
34.393415 27.088592 32.581125
2.390335 27.829412 -1.400875
2.390335 27.829412 32.581125
36.372335 27.829412 -1.400875
36.372335 27.829412 32.581125
6.892806 -1.433393 23.883806
6.892806 32.548607 23.883806
8.084085 -1.602092 24.085625
8.084085 32.379908 24.085625
6.105165 -2.342912 24.085625
6.105165 31.639088 24.085625
6.892806 27.089194 18.424393
7.841697 27.634448 18.963502
6.347552 26.140303 18.963502
6.892806 23.883806 -1.433393
6.892806 23.883806 32.548607
6.347552 24.832697 -1.972502
6.347552 24.832697 32.009498
7.841697 23.338552 -1.972502
7.841697 23.338552 32.009498
15.388306 26.919893 18.593694
14.600665 27.829412 18.391875
16.579585 27.088592 18.391875
15.557607 27.089194 27.089194
15.388908 25.897915 26.887375
14.648088 27.876835 26.887375
1.602694 24.053107 18.593694
35.584694 24.053107 18.593694
2.390335 23.143588 18.391875
36.372335 23.143588 18.391875
0.411415 23.884408 18.391875
34.393415 23.884408 18.391875
1.433393 27.089194 23.883806
35.415393 27.089194 23.883806
2.342912 27.876835 24.085625
36.324912 27.876835 24.085625
1.602092 25.897915 24.085625
35.584092 25.897915 24.085625
23.397457 0.134229 10.584543
23.397457 34.116229 10.584543
23.252353 15.277288 11.681313
23.408501 14.593570 12.291289
23.891045 1.452731 10.090955
23.891045 35.434731 10.090955
23.952722 16.452725 11.601115
25.486500 0.000000 12.743250
25.486500 33.982000 12.743250
17.125229 10.584543 6.406457
-1.713712 10.729647 5.309687
32.268288 10.729647 5.309687
-2.397430 10.573499 4.699711
-2.397430 10.573499 38.681711
31.584570 10.573499 4.699711
31.584570 10.573499 38.681711
-0.538275 10.029278 5.389885
33.443725 10.029278 5.389885
16.991000 8.495500 4.247750
16.991000 8.495500 38.229750
27.575543 16.856771 10.584543
27.720647 1.713712 11.681313
27.720647 35.695712 11.681313
27.564499 2.397430 12.291289
27.564499 36.379430 12.291289
27.020278 0.538275 11.601115
27.020278 34.520275 11.601115
-0.134229 6.406457 6.406457
33.847771 6.406457 6.406457
18.704712 6.261353 5.309687
19.388430 6.417501 4.699711
19.388430 6.417501 38.681711
-1.452731 6.900045 6.900045
32.529269 6.900045 6.900045
-1.355882 7.793772 7.233069
32.626118 7.793772 7.233069
-2.086495 6.894948 6.177928
31.895505 6.894948 6.177928
-1.765365 6.327448 7.603472
32.216635 6.327448 7.603472
17.529275 6.961722 5.389885
23.397457 16.856771 6.406457
23.252353 1.713712 5.309687
23.252353 35.695712 5.309687
23.408501 2.397430 4.699711
23.408501 2.397430 38.681711
23.408501 36.379430 4.699711
23.408501 36.379430 38.681711
23.952722 0.538275 5.389885
23.952722 34.520275 5.389885
25.486500 0.000000 4.247750
25.486500 0.000000 38.229750
25.486500 33.982000 4.247750
25.486500 33.982000 38.229750
-0.134229 10.584543 10.584543
33.847771 10.584543 10.584543
18.704712 10.729647 11.681313
19.388430 10.573499 12.291289
17.529275 10.029278 11.601115
16.991000 8.495500 12.743250
27.575543 0.134229 6.406457
27.575543 34.116229 6.406457
27.720647 15.277288 5.309687
27.564499 14.593570 4.699711
27.564499 14.593570 38.681711
27.081955 1.452731 6.900045
27.081955 35.434731 6.900045
26.188228 1.355882 7.233069
26.188228 35.337882 7.233069
27.087052 2.086495 6.177928
27.087052 36.068495 6.177928
27.654552 1.765365 7.603472
27.654552 35.747365 7.603472
27.020278 16.452725 5.389885
17.125229 6.406457 10.584543
-1.713712 6.261353 11.681313
32.268288 6.261353 11.681313
-2.397430 6.417501 12.291289
31.584570 6.417501 12.291289
18.443730 6.900045 10.090955
18.346882 7.793772 9.757931
19.077495 6.894948 10.813072
18.756365 6.327448 9.387527
-0.538275 6.961722 11.601115
33.443725 6.961722 11.601115
27.575543 6.406457 0.134229
27.575543 6.406457 34.116229
28.672313 6.261353 15.277288
-4.699711 6.417501 14.593570
29.282289 6.417501 14.593570
27.081955 6.900045 1.452731
27.081955 6.900045 35.434731
28.592115 6.961722 16.452725
-4.247750 8.495500 0.000000
-4.247750 8.495500 33.982000
29.734250 8.495500 0.000000
29.734250 8.495500 33.982000
23.397457 6.406457 16.856771
23.252353 5.309687 1.713712
23.252353 5.309688 35.695712
23.408501 4.699711 2.397430
23.408501 4.699711 36.379430
23.408501 38.681711 2.397430
23.408501 38.681711 36.379430
23.952722 5.389885 0.538275
23.952722 5.389885 34.520275
25.486500 4.247750 0.000000
25.486500 4.247750 33.982000
25.486500 38.229750 0.000000
25.486500 38.229750 33.982000
23.397457 10.584543 0.134229
23.397457 10.584543 34.116229
22.300687 10.729647 15.277288
21.690711 10.573499 14.593570
22.380885 10.029278 16.452725
21.238750 8.495500 0.000000
21.238750 8.495500 33.982000
27.575543 10.584543 16.856771
27.720647 11.681313 1.713712
27.720647 11.681313 35.695712
27.564499 12.291289 2.397430
27.564499 12.291289 36.379430
27.081955 10.090955 15.538270
26.188228 9.757931 15.635118
27.087052 10.813072 14.904505
27.654552 9.387528 15.225635
27.020278 11.601115 0.538275
27.020278 11.601115 34.520275
25.486500 12.743250 0.000000
25.486500 12.743250 33.982000
28.672313 10.729647 1.713712
28.672313 10.729647 35.695712
-4.699711 10.573499 2.397430
-4.699711 10.573499 36.379430
29.282289 10.573499 2.397430
29.282289 10.573499 36.379430
28.592115 10.029278 0.538275
28.592115 10.029278 34.520275
27.720647 5.309688 15.277288
27.564499 4.699711 14.593570
27.564499 38.681711 14.593570
26.188228 7.233069 1.355882
26.188228 7.233069 35.337882
27.087052 6.177928 2.086495
27.087052 6.177928 36.068495
27.654552 7.603472 1.765365
27.654552 7.603472 35.747365
27.020278 5.389885 16.452725
22.300687 6.261353 1.713712
22.300688 6.261353 35.695712
21.690711 6.417501 2.397430
21.690711 6.417501 36.379430
22.380885 6.961722 0.538275
22.380885 6.961722 34.520275
23.252353 11.681313 15.277288
23.408501 12.291289 14.593570
23.952722 11.601115 16.452725
-1.713712 11.681313 6.261353
32.268288 11.681313 6.261353
-2.397430 12.291289 6.417501
31.584570 12.291289 6.417501
-0.538275 11.601115 6.961722
33.443725 11.601115 6.961722
16.991000 12.743250 8.495500
-1.713712 5.309688 10.729647
32.268288 5.309688 10.729647
-2.397430 4.699711 10.573499
-2.397430 38.681711 10.573499
31.584570 4.699711 10.573499
31.584570 38.681711 10.573499
-0.538275 5.389885 10.029278
33.443725 5.389885 10.029278
16.991000 4.247750 8.495500
16.991000 38.229750 8.495500
22.300687 1.713712 6.261353
22.300688 35.695712 6.261353
21.690711 2.397430 6.417501
21.690711 36.379430 6.417501
22.380885 0.538275 6.961722
22.380885 34.520275 6.961722
21.238750 0.000000 8.495500
21.238750 33.982000 8.495500
18.704712 11.681313 10.729647
19.388430 12.291289 10.573499
17.529275 11.601115 10.029278
28.672313 15.277288 6.261353
-4.699711 14.593570 6.417501
29.282289 14.593570 6.417501
28.592115 16.452725 6.961722
-4.247750 0.000000 8.495500
-4.247750 33.982000 8.495500
29.734250 0.000000 8.495500
29.734250 33.982000 8.495500
18.704712 5.309687 6.261353
19.388430 4.699711 6.417501
19.388430 38.681711 6.417501
17.529275 5.389885 6.961722
22.300687 15.277288 10.729647
21.690711 14.593570 10.573499
24.224069 1.355882 9.197228
24.224069 35.337882 9.197228
23.168928 2.086495 10.096052
23.168928 36.068495 10.096052
24.594472 1.765365 10.663552
24.594472 35.747365 10.663552
22.380885 16.452725 10.029278
28.672313 1.713712 10.729647
28.672313 35.695712 10.729647
-4.699711 2.397430 10.573499
-4.699711 36.379430 10.573499
29.282289 2.397430 10.573499
29.282289 36.379430 10.573499
28.592115 0.538275 10.029278
28.592115 34.520275 10.029278
-2.089043 8.629729 2.089043
-2.089043 8.629729 36.071043
31.892957 8.629729 2.089043
31.892957 8.629729 36.071043
-2.234147 6.781788 3.185812
-2.234147 6.781788 37.167812
31.747853 6.781788 3.185812
31.747853 6.781788 37.167812
-2.077999 6.098070 3.795789
-2.077999 6.098070 37.777789
31.904001 6.098070 3.795789
31.904001 6.098070 37.777789
-1.533778 7.957225 3.105615
-1.533778 7.957225 37.087615
32.448222 7.957225 3.105615
32.448222 7.957225 37.087615
25.620729 2.089043 14.901957
25.620729 36.071043 14.901957
23.772788 2.234147 13.805187
23.772788 36.216147 13.805187
23.089070 2.077999 13.195211
23.089070 36.059999 13.195211
24.948225 1.533778 13.885385
24.948225 35.515778 13.885385
19.080043 8.361271 2.089043
19.080043 8.361271 36.071043
19.225147 10.209212 3.185812
19.225147 10.209212 37.167812
19.068999 10.892930 3.795789
19.068999 10.892930 37.777789
18.524778 9.033775 3.105615
18.524778 9.033775 37.087615
25.352271 14.901957 14.901957
27.200212 14.756853 13.805187
27.883930 14.913001 13.195211
24.033769 15.395545 15.395545
24.130618 16.289272 15.728569
23.400005 15.390448 14.673428
23.721135 14.822948 16.098972
26.024775 15.457222 13.885385
-2.089043 8.361271 14.901957
31.892957 8.361271 14.901957
-2.234147 10.209212 13.805187
31.747853 10.209212 13.805187
-2.077999 10.892930 13.195211
31.904001 10.892930 13.195211
-1.595455 7.042770 15.395545
32.386545 7.042770 15.395545
-0.701728 7.139618 15.728569
33.280272 7.139618 15.728569
-1.600552 6.409005 14.673428
32.381448 6.409005 14.673428
-2.168052 6.730135 16.098972
31.813948 6.730135 16.098972
-1.533778 9.033775 13.885385
32.448222 9.033775 13.885385
25.352271 2.089043 2.089043
25.352271 2.089043 36.071043
25.352271 36.071043 2.089043
25.352271 36.071043 36.071043
27.200212 2.234147 3.185812
27.200212 2.234147 37.167812
27.200212 36.216147 3.185812
27.200212 36.216147 37.167812
27.883930 2.077999 3.795789
27.883930 2.077999 37.777789
27.883930 36.059999 3.795789
27.883930 36.059999 37.777789
24.033769 1.595455 1.595455
24.033770 1.595455 35.577455
24.033770 35.577455 1.595455
24.033770 35.577455 35.577455
26.024775 1.533778 3.105615
26.024775 1.533778 37.087615
26.024775 35.515778 3.105615
26.024775 35.515778 37.087615
19.080043 8.629729 14.901957
19.225147 6.781788 13.805187
19.068999 6.098070 13.195211
18.524778 7.957225 13.885385
25.620729 14.901957 2.089043
25.620729 14.901957 36.071043
23.772788 14.756853 3.185812
23.772788 14.756853 37.167812
23.089070 14.913001 3.795789
23.089070 14.913001 37.777789
26.939230 15.395545 1.595455
26.939230 15.395545 35.577455
24.948225 15.457222 3.105615
24.948225 15.457222 37.087615
19.080043 14.901957 8.629729
20.176813 14.756853 6.781788
20.786789 14.913001 6.098070
20.096615 15.457222 7.957225
-2.089043 14.901957 8.361271
31.892957 14.901957 8.361271
-2.234147 13.805187 10.209212
31.747853 13.805187 10.209212
-2.077999 13.195211 10.892930
31.904001 13.195211 10.892930
-1.533778 13.885385 9.033775
32.448222 13.885385 9.033775
-2.089043 2.089043 8.629729
-2.089043 36.071043 8.629729
31.892957 2.089043 8.629729
31.892957 36.071043 8.629729
-3.185813 2.234147 6.781788
-3.185813 36.216147 6.781788
30.796187 2.234147 6.781788
30.796187 36.216147 6.781788
-3.795789 2.077999 6.098070
-3.795789 36.059999 6.098070
30.186211 2.077999 6.098070
30.186211 36.059999 6.098070
-1.595455 1.595455 9.948230
-1.595455 35.577455 9.948230
32.386545 1.595455 9.948230
32.386545 35.577455 9.948230
-3.105615 1.533778 7.957225
-3.105615 35.515778 7.957225
30.876385 1.533778 7.957225
30.876385 35.515778 7.957225
19.080043 2.089043 8.361271
19.080043 36.071043 8.361271
19.225147 3.185813 10.209212
19.225147 37.167812 10.209212
19.068999 3.795789 10.892930
19.068999 37.777789 10.892930
18.586455 1.595455 7.042769
18.586455 35.577455 7.042769
17.692728 1.262431 7.139618
17.692728 35.244431 7.139618
18.591552 2.317572 6.409005
18.591552 36.299572 6.409005
19.159052 0.892028 6.730135
19.159052 34.874028 6.730135
18.524778 3.105615 9.033775
18.524778 37.087615 9.033775
20.176813 2.234147 10.209212
20.176813 36.216147 10.209212
20.786789 2.077999 10.892930
20.786789 36.059999 10.892930
20.096615 1.533778 9.033775
20.096615 35.515778 9.033775
19.225147 13.805187 6.781788
19.068999 13.195211 6.098070
18.524778 13.885385 7.957225
-3.185813 14.756853 10.209212
30.796187 14.756853 10.209212
-3.795789 14.913001 10.892930
30.186211 14.913001 10.892930
-3.105615 15.457222 9.033775
30.876385 15.457222 9.033775
-2.234147 3.185813 6.781788
-2.234147 37.167812 6.781788
31.747853 3.185813 6.781788
31.747853 37.167812 6.781788
-2.077999 3.795789 6.098070
-2.077999 37.777789 6.098070
31.904001 3.795789 6.098070
31.904001 37.777789 6.098070
-0.701728 1.262431 9.851382
-0.701728 35.244431 9.851382
33.280272 1.262431 9.851382
33.280272 35.244431 9.851382
-1.600552 2.317572 10.581995
-1.600552 36.299572 10.581995
32.381448 2.317572 10.581995
32.381448 36.299572 10.581995
-2.168052 0.892028 10.260865
-2.168052 34.874028 10.260865
31.813948 0.892028 10.260865
31.813948 34.874028 10.260865
-1.533778 3.105615 7.957225
-1.533778 37.087615 7.957225
32.448222 3.105615 7.957225
32.448222 37.087615 7.957225
23.772788 3.185813 14.756853
23.772788 37.167812 14.756853
23.089070 3.795789 14.913001
23.089070 37.777789 14.913001
24.948225 3.105615 15.457222
24.948225 37.087615 15.457222
23.772788 13.805187 2.234147
23.772788 13.805187 36.216147
23.089070 13.195211 2.077999
23.089070 13.195211 36.059999
26.842382 15.728569 0.701728
26.842382 15.728569 34.683728
27.572995 14.673428 1.600552
27.572995 14.673428 35.582552
27.251865 16.098972 2.168052
27.251865 16.098973 36.150052
24.948225 13.885385 1.533778
24.948225 13.885385 35.515778
-3.185813 10.209212 14.756853
30.796187 10.209212 14.756853
-3.795789 10.892930 14.913001
30.186211 10.892930 14.913001
-3.105615 9.033775 15.457222
30.876385 9.033775 15.457222
27.200212 3.185812 2.234147
27.200212 3.185813 36.216147
27.200212 37.167812 2.234147
27.200212 37.167812 36.216147
27.883930 3.795789 2.077999
27.883930 3.795789 36.059999
27.883930 37.777789 2.077999
27.883930 37.777789 36.059999
24.130618 1.262431 0.701728
24.130618 1.262431 34.683728
24.130618 35.244431 0.701728
24.130618 35.244431 34.683728
23.400005 2.317572 1.600552
23.400005 2.317572 35.582552
23.400005 36.299572 1.600552
23.400005 36.299572 35.582552
23.721135 0.892028 2.168052
23.721135 0.892028 36.150052
23.721135 34.874028 2.168052
23.721135 34.874028 36.150052
26.024775 3.105615 1.533778
26.024775 3.105615 35.515778
26.024775 37.087615 1.533778
26.024775 37.087615 35.515778
20.176813 6.781788 14.756853
20.786789 6.098070 14.913001
20.096615 7.957225 15.457222
27.200212 13.805187 14.756853
27.883930 13.195211 14.913001
26.024775 13.885385 15.457222
-3.185813 6.781788 2.234147
-3.185813 6.781788 36.216147
30.796187 6.781788 2.234147
30.796187 6.781788 36.216147
-3.795789 6.098070 2.077999
-3.795789 6.098070 36.059999
30.186211 6.098070 2.077999
30.186211 6.098070 36.059999
-3.105615 7.957225 1.533778
-3.105615 7.957225 35.515778
30.876385 7.957225 1.533778
30.876385 7.957225 35.515778
20.176813 10.209212 2.234147
20.176813 10.209212 36.216147
20.786789 10.892930 2.077999
20.786789 10.892930 36.059999
20.096615 9.033775 1.533778
20.096615 9.033775 35.515778
26.919893 1.602694 15.388306
26.919893 35.584694 15.388306
27.829412 2.390335 15.590125
27.829412 36.372335 15.590125
27.088592 0.411415 15.590125
27.088592 34.393415 15.590125
27.089194 15.557607 10.098194
27.876835 14.648088 9.896375
25.897915 15.388908 9.896375
18.593694 15.388306 9.928893
17.644803 14.843052 10.468002
19.138948 16.337197 10.468002
-1.602694 15.388306 7.062107
32.379306 15.388306 7.062107
-2.147948 16.337197 6.522998
31.834052 16.337197 6.522998
-0.653803 14.843052 6.522998
33.328197 14.843052 6.522998
18.593694 9.928893 15.388306
17.402415 10.097592 15.590125
19.381335 10.838412 15.590125
23.883806 15.557607 6.892806
25.075085 15.388908 7.094625
23.096165 14.648088 7.094625
23.883806 10.098194 1.433393
23.883806 10.098194 35.415393
24.832697 10.643448 1.972502
24.832697 10.643448 35.954502
23.338552 9.149303 1.972502
23.338552 9.149303 35.954502
23.883806 6.892806 15.557607
23.338552 7.841697 15.018498
24.832697 6.347552 15.018498
-1.602694 9.928893 1.602694
-1.602694 9.928893 35.584694
32.379306 9.928893 1.602694
32.379306 9.928893 35.584694
-2.390335 10.838412 1.400875
-2.390335 10.838412 35.382875
31.591665 10.838412 1.400875
31.591665 10.838412 35.382875
-0.411415 10.097592 1.400875
-0.411415 10.097592 35.382875
33.570585 10.097592 1.400875
33.570585 10.097592 35.382875
-1.433393 10.098194 10.098194
32.548607 10.098194 10.098194
-1.602092 8.906915 9.896375
32.379908 8.906915 9.896375
-2.342912 10.885835 9.896375
31.639088 10.885835 9.896375
18.593694 7.062107 1.602694
18.593694 7.062107 35.584694
19.381335 6.152588 1.400875
19.381335 6.152588 35.382875
17.402415 6.893408 1.400875
17.402415 6.893408 35.382875
18.424393 10.098194 6.892806
19.333912 10.885835 7.094625
18.593092 8.906915 7.094625
23.397457 0.134229 27.575543
23.397457 34.116229 27.575543
23.252353 15.277288 28.672313
23.408501 14.593570 -4.699711
23.408501 14.593570 29.282289
23.891045 1.452731 27.081955
23.891045 35.434731 27.081955
23.952722 16.452725 28.592115
25.486500 -0.000000 -4.247750
25.486500 0.000000 29.734250
25.486500 33.982000 -4.247750
25.486500 33.982000 29.734250
17.125229 10.584543 23.397457
-1.713712 10.729647 22.300687
32.268288 10.729647 22.300687
-2.397430 10.573499 21.690711
31.584570 10.573499 21.690711
-0.538275 10.029278 22.380885
33.443725 10.029278 22.380885
16.991000 8.495500 21.238750
27.575543 16.856771 27.575543
27.720647 1.713712 28.672313
27.720647 35.695712 28.672313
27.564499 2.397430 -4.699711
27.564499 2.397430 29.282289
27.564499 36.379430 -4.699711
27.564499 36.379430 29.282289
27.020278 0.538275 28.592115
27.020278 34.520275 28.592115
-0.134229 6.406457 23.397457
33.847771 6.406457 23.397457
18.704712 6.261353 22.300687
19.388430 6.417501 21.690711
-1.452731 6.900045 23.891045
32.529269 6.900045 23.891045
-1.355882 7.793772 24.224069
32.626118 7.793772 24.224069
-2.086495 6.894948 23.168928
31.895505 6.894948 23.168928
-1.765365 6.327448 24.594472
32.216635 6.327448 24.594472
17.529275 6.961722 22.380885
23.397457 16.856771 23.397457
23.252353 1.713712 22.300687
23.252353 35.695712 22.300687
23.408501 2.397430 21.690711
23.408501 36.379430 21.690711
23.952722 0.538275 22.380885
23.952722 34.520275 22.380885
25.486500 0.000000 21.238750
25.486500 33.982000 21.238750
-0.134229 10.584543 27.575543
33.847771 10.584543 27.575543
18.704712 10.729647 28.672313
19.388430 10.573499 -4.699711
19.388430 10.573499 29.282289
17.529275 10.029278 28.592115
16.991000 8.495500 -4.247750
16.991000 8.495500 29.734250
27.575543 0.134229 23.397457
27.575543 34.116229 23.397457
27.720647 15.277288 22.300687
27.564499 14.593570 21.690711
27.081955 1.452731 23.891045
27.081955 35.434731 23.891045
26.188228 1.355882 24.224069
26.188228 35.337882 24.224069
27.087052 2.086495 23.168928
27.087052 36.068495 23.168928
27.654552 1.765365 24.594472
27.654552 35.747365 24.594472
27.020278 16.452725 22.380885
17.125229 6.406457 27.575543
-1.713712 6.261353 28.672313
32.268288 6.261353 28.672313
-2.397430 6.417501 -4.699711
-2.397430 6.417501 29.282289
31.584570 6.417501 -4.699711
31.584570 6.417501 29.282289
18.443730 6.900045 27.081955
18.346882 7.793772 26.748931
19.077495 6.894948 27.804072
18.756365 6.327448 26.378528
-0.538275 6.961722 28.592115
33.443725 6.961722 28.592115
27.575543 6.406457 17.125229
28.672313 6.261353 -1.713712
28.672313 6.261353 32.268288
-4.699711 6.417501 -2.397430
-4.699711 6.417501 31.584570
29.282289 6.417501 -2.397430
29.282289 6.417501 31.584570
27.081955 6.900045 18.443730
28.592115 6.961722 -0.538275
28.592115 6.961722 33.443725
-4.247750 8.495500 16.991000
29.734250 8.495500 16.991000
23.397457 6.406457 -0.134229
23.397457 6.406457 33.847771
23.252353 5.309688 18.704712
23.408501 4.699711 19.388430
23.408501 38.681711 19.388430
23.952722 5.389885 17.529275
25.486500 4.247750 16.991000
25.486500 38.229750 16.991000
23.397457 10.584543 17.125229
22.300687 10.729647 -1.713712
22.300687 10.729647 32.268288
21.690711 10.573499 -2.397430
21.690711 10.573499 31.584570
22.380885 10.029278 -0.538275
22.380885 10.029278 33.443725
21.238750 8.495500 16.991000
27.575543 10.584543 -0.134229
27.575543 10.584543 33.847771
27.720647 11.681313 18.704712
27.564499 12.291289 19.388430
27.081955 10.090955 -1.452731
27.081955 10.090955 32.529269
26.188228 9.757931 -1.355882
26.188228 9.757931 32.626118
27.087052 10.813072 -2.086495
27.087052 10.813072 31.895505
27.654552 9.387527 -1.765365
27.654552 9.387527 32.216635
27.020278 11.601115 17.529275
25.486500 12.743250 16.991000
28.672313 10.729647 18.704712
-4.699711 10.573499 19.388430
29.282289 10.573499 19.388430
28.592115 10.029278 17.529275
27.720647 5.309687 -1.713712
27.720647 5.309688 32.268288
27.564499 4.699711 -2.397430
27.564499 4.699711 31.584570
27.564499 38.681711 -2.397430
27.564499 38.681711 31.584570
26.188228 7.233069 18.346882
27.087052 6.177928 19.077495
27.654552 7.603472 18.756365
27.020278 5.389885 -0.538275
27.020278 5.389885 33.443725
22.300687 6.261353 18.704712
21.690711 6.417501 19.388430
22.380885 6.961722 17.529275
23.252353 11.681313 -1.713712
23.252353 11.681313 32.268288
23.408501 12.291289 -2.397430
23.408501 12.291289 31.584570
23.952722 11.601115 -0.538275
23.952722 11.601115 33.443725
-1.713712 11.681313 23.252353
32.268288 11.681313 23.252353
-2.397430 12.291289 23.408501
31.584570 12.291289 23.408501
-0.538275 11.601115 23.952722
33.443725 11.601115 23.952722
16.991000 12.743250 25.486500
-1.713712 5.309688 27.720647
32.268288 5.309688 27.720647
-2.397430 4.699711 27.564499
-2.397430 38.681711 27.564499
31.584570 4.699711 27.564499
31.584570 38.681711 27.564499
-0.538275 5.389885 27.020278
33.443725 5.389885 27.020278
16.991000 4.247750 25.486500
16.991000 38.229750 25.486500
22.300687 1.713712 23.252353
22.300688 35.695712 23.252353
21.690711 2.397430 23.408501
21.690711 36.379430 23.408501
22.380885 0.538275 23.952722
22.380885 34.520275 23.952722
21.238750 0.000000 25.486500
21.238750 33.982000 25.486500
18.704712 11.681313 27.720647
19.388430 12.291289 27.564499
17.529275 11.601115 27.020278
28.672313 15.277288 23.252353
-4.699711 14.593570 23.408501
29.282289 14.593570 23.408501
28.592115 16.452725 23.952722
-4.247750 0.000000 25.486500
-4.247750 33.982000 25.486500
29.734250 0.000000 25.486500
29.734250 33.982000 25.486500
18.704712 5.309688 23.252353
19.388430 4.699711 23.408501
19.388430 38.681711 23.408501
17.529275 5.389885 23.952722
22.300687 15.277288 27.720647
21.690711 14.593570 27.564499
24.224069 1.355882 26.188228
24.224069 35.337882 26.188228
23.168928 2.086495 27.087052
23.168928 36.068495 27.087052
24.594472 1.765365 27.654552
24.594472 35.747365 27.654552
22.380885 16.452725 27.020278
28.672313 1.713712 27.720647
28.672313 35.695712 27.720647
-4.699711 2.397430 27.564499
-4.699711 36.379430 27.564499
29.282289 2.397430 27.564499
29.282289 36.379430 27.564499
28.592115 0.538275 27.020278
28.592115 34.520275 27.020278
-2.089043 8.629729 19.080043
31.892957 8.629729 19.080043
-2.234147 6.781788 20.176813
31.747853 6.781788 20.176813
-2.077999 6.098070 20.786789
31.904001 6.098070 20.786789
-1.533778 7.957225 20.096615
32.448222 7.957225 20.096615
25.620729 2.089043 -2.089043
25.620729 2.089043 31.892957
25.620729 36.071043 -2.089043
25.620729 36.071043 31.892957
23.772788 2.234147 -3.185813
23.772788 2.234147 30.796187
23.772788 36.216147 -3.185813
23.772788 36.216147 30.796187
23.089070 2.077999 -3.795789
23.089070 2.077999 30.186211
23.089070 36.059999 -3.795789
23.089070 36.059999 30.186211
24.948225 1.533778 -3.105615
24.948225 1.533778 30.876385
24.948225 35.515778 -3.105615
24.948225 35.515778 30.876385
19.080043 8.361271 19.080043
19.225147 10.209212 20.176813
19.068999 10.892930 20.786789
18.524778 9.033775 20.096615
25.352271 14.901957 -2.089043
25.352271 14.901957 31.892957
27.200212 14.756853 -3.185813
27.200212 14.756853 30.796187
27.883930 14.913001 -3.795789
27.883930 14.913001 30.186211
24.033769 15.395545 -1.595455
24.033770 15.395545 32.386545
24.130618 16.289272 -1.262431
24.130618 16.289272 32.719569
23.400005 15.390448 -2.317572
23.400005 15.390448 31.664428
23.721135 14.822948 -0.892028
23.721135 14.822948 33.089972
26.024775 15.457222 -3.105615
26.024775 15.457222 30.876385
-2.089043 8.361271 -2.089043
-2.089043 8.361271 31.892957
31.892957 8.361271 -2.089043
31.892957 8.361271 31.892957
-2.234147 10.209212 -3.185813
-2.234147 10.209212 30.796187
31.747853 10.209212 -3.185813
31.747853 10.209212 30.796187
-2.077999 10.892930 -3.795789
-2.077999 10.892930 30.186211
31.904001 10.892930 -3.795789
31.904001 10.892930 30.186211
-1.595455 7.042769 -1.595455
-1.595455 7.042770 32.386545
32.386545 7.042769 -1.595455
32.386545 7.042770 32.386545
-0.701728 7.139618 -1.262431
-0.701728 7.139618 32.719569
33.280272 7.139618 -1.262431
33.280272 7.139618 32.719569
-1.600552 6.409005 -2.317572
-1.600552 6.409005 31.664428
32.381448 6.409005 -2.317572
32.381448 6.409005 31.664428
-2.168052 6.730135 -0.892028
-2.168052 6.730135 33.089972
31.813948 6.730135 -0.892028
31.813948 6.730135 33.089972
-1.533778 9.033775 -3.105615
-1.533778 9.033775 30.876385
32.448222 9.033775 -3.105615
32.448222 9.033775 30.876385
25.352271 2.089043 19.080043
25.352271 36.071043 19.080043
27.200212 2.234147 20.176813
27.200212 36.216147 20.176813
27.883930 2.077999 20.786789
27.883930 36.059999 20.786789
24.033769 1.595455 18.586455
24.033770 35.577455 18.586455
26.024775 1.533778 20.096615
26.024775 35.515778 20.096615
19.080043 8.629729 -2.089043
19.080043 8.629729 31.892957
19.225147 6.781788 -3.185813
19.225147 6.781788 30.796187
19.068999 6.098070 -3.795789
19.068999 6.098070 30.186211
18.524778 7.957225 -3.105615
18.524778 7.957225 30.876385
25.620729 14.901957 19.080043
23.772788 14.756853 20.176813
23.089070 14.913001 20.786789
26.939230 15.395545 18.586455
24.948225 15.457222 20.096615
19.080043 14.901957 25.620729
20.176813 14.756853 23.772788
20.786789 14.913001 23.089070
20.096615 15.457222 24.948225
-2.089043 14.901957 25.352271
31.892957 14.901957 25.352271
-2.234147 13.805187 27.200212
31.747853 13.805187 27.200212
-2.077999 13.195211 27.883930
31.904001 13.195211 27.883930
-1.533778 13.885385 26.024775
32.448222 13.885385 26.024775
-2.089043 2.089043 25.620729
-2.089043 36.071043 25.620729
31.892957 2.089043 25.620729
31.892957 36.071043 25.620729
-3.185813 2.234147 23.772788
-3.185812 36.216147 23.772788
30.796187 2.234147 23.772788
30.796187 36.216147 23.772788
-3.795789 2.077999 23.089070
-3.795789 36.059999 23.089070
30.186211 2.077999 23.089070
30.186211 36.059999 23.089070
-1.595455 1.595455 26.939230
-1.595455 35.577455 26.939230
32.386545 1.595455 26.939230
32.386545 35.577455 26.939230
-3.105615 1.533778 24.948225
-3.105615 35.515778 24.948225
30.876385 1.533778 24.948225
30.876385 35.515778 24.948225
19.080043 2.089043 25.352271
19.080043 36.071043 25.352271
19.225147 3.185813 27.200212
19.225147 37.167812 27.200212
19.068999 3.795789 27.883930
19.068999 37.777789 27.883930
18.586455 1.595455 24.033769
18.586455 35.577455 24.033769
17.692728 1.262431 24.130618
17.692728 35.244431 24.130618
18.591552 2.317572 23.400005
18.591552 36.299572 23.400005
19.159052 0.892028 23.721135
19.159052 34.874028 23.721135
18.524778 3.105615 26.024775
18.524778 37.087615 26.024775
20.176813 2.234147 27.200212
20.176813 36.216147 27.200212
20.786789 2.077999 27.883930
20.786789 36.059999 27.883930
20.096615 1.533778 26.024775
20.096615 35.515778 26.024775
19.225147 13.805187 23.772788
19.068999 13.195211 23.089070
18.524778 13.885385 24.948225
-3.185813 14.756853 27.200212
30.796187 14.756853 27.200212
-3.795789 14.913001 27.883930
30.186211 14.913001 27.883930
-3.105615 15.457222 26.024775
30.876385 15.457222 26.024775
-2.234147 3.185813 23.772788
-2.234147 37.167812 23.772788
31.747853 3.185813 23.772788
31.747853 37.167812 23.772788
-2.077999 3.795789 23.089070
-2.077999 37.777789 23.089070
31.904001 3.795789 23.089070
31.904001 37.777789 23.089070
-0.701728 1.262431 26.842382
-0.701728 35.244431 26.842382
33.280272 1.262431 26.842382
33.280272 35.244431 26.842382
-1.600552 2.317572 27.572995
-1.600552 36.299572 27.572995
32.381448 2.317572 27.572995
32.381448 36.299572 27.572995
-2.168052 0.892028 27.251865
-2.168052 34.874028 27.251865
31.813948 0.892028 27.251865
31.813948 34.874028 27.251865
-1.533778 3.105615 24.948225
-1.533778 37.087615 24.948225
32.448222 3.105615 24.948225
32.448222 37.087615 24.948225
23.772788 3.185812 -2.234147
23.772788 3.185813 31.747853
23.772788 37.167812 -2.234147
23.772788 37.167812 31.747853
23.089070 3.795789 -2.077999
23.089070 3.795789 31.904001
23.089070 37.777789 -2.077999
23.089070 37.777789 31.904001
24.948225 3.105615 -1.533778
24.948225 3.105615 32.448222
24.948225 37.087615 -1.533778
24.948225 37.087615 32.448222
23.772788 13.805187 19.225147
23.089070 13.195211 19.068999
26.842382 15.728569 17.692728
27.572995 14.673428 18.591552
27.251865 16.098972 19.159052
24.948225 13.885385 18.524778
-3.185813 10.209212 -2.234147
-3.185813 10.209212 31.747853
30.796187 10.209212 -2.234147
30.796187 10.209212 31.747853
-3.795789 10.892930 -2.077999
-3.795789 10.892930 31.904001
30.186211 10.892930 -2.077999
30.186211 10.892930 31.904001
-3.105615 9.033775 -1.533778
-3.105615 9.033775 32.448222
30.876385 9.033775 -1.533778
30.876385 9.033775 32.448222
27.200212 3.185813 19.225147
27.200212 37.167812 19.225147
27.883930 3.795789 19.068999
27.883930 37.777789 19.068999
24.130618 1.262431 17.692728
24.130618 35.244431 17.692728
23.400005 2.317572 18.591552
23.400005 36.299572 18.591552
23.721135 0.892028 19.159052
23.721135 34.874028 19.159052
26.024775 3.105615 18.524778
26.024775 37.087615 18.524778
20.176813 6.781788 -2.234147
20.176813 6.781788 31.747853
20.786789 6.098070 -2.077999
20.786789 6.098070 31.904001
20.096615 7.957225 -1.533778
20.096615 7.957225 32.448222
27.200212 13.805187 -2.234147
27.200212 13.805187 31.747853
27.883930 13.195211 -2.077999
27.883930 13.195211 31.904001
26.024775 13.885385 -1.533778
26.024775 13.885385 32.448222
-3.185813 6.781788 19.225147
30.796187 6.781788 19.225147
-3.795789 6.098070 19.068999
30.186211 6.098070 19.068999
-3.105615 7.957225 18.524778
30.876385 7.957225 18.524778
20.176813 10.209212 19.225147
20.786789 10.892930 19.068999
20.096615 9.033775 18.524778
26.919893 1.602694 -1.602694
26.919893 1.602694 32.379306
26.919893 35.584694 -1.602694
26.919893 35.584694 32.379306
27.829412 2.390335 -1.400875
27.829412 2.390335 32.581125
27.829412 36.372335 -1.400875
27.829412 36.372335 32.581125
27.088592 0.411415 -1.400875
27.088592 0.411415 32.581125
27.088592 34.393415 -1.400875
27.088592 34.393415 32.581125
27.089194 15.557607 27.089194
27.876835 14.648088 26.887375
25.897915 15.388908 26.887375
18.593694 15.388306 26.919893
17.644803 14.843052 27.459002
19.138948 16.337197 27.459002
-1.602694 15.388306 24.053107
32.379306 15.388306 24.053107
-2.147948 16.337197 23.513998
31.834052 16.337197 23.513998
-0.653803 14.843052 23.513998
33.328197 14.843052 23.513998
18.593694 9.928893 -1.602694
18.593694 9.928893 32.379306
17.402415 10.097592 -1.400875
17.402415 10.097592 32.581125
19.381335 10.838412 -1.400875
19.381335 10.838412 32.581125
23.883806 15.557607 23.883806
25.075085 15.388908 24.085625
23.096165 14.648088 24.085625
23.883806 10.098194 18.424393
24.832697 10.643448 18.963502
23.338552 9.149303 18.963502
23.883806 6.892806 -1.433393
23.883806 6.892806 32.548607
23.338552 7.841697 -1.972502
23.338552 7.841697 32.009498
24.832697 6.347552 -1.972502
24.832697 6.347552 32.009498
-1.602694 9.928893 18.593694
32.379306 9.928893 18.593694
-2.390335 10.838412 18.391875
31.591665 10.838412 18.391875
-0.411415 10.097592 18.391875
33.570585 10.097592 18.391875
-1.433393 10.098194 27.089194
32.548607 10.098194 27.089194
-1.602092 8.906915 26.887375
32.379908 8.906915 26.887375
-2.342912 10.885835 26.887375
31.639088 10.885835 26.887375
18.593694 7.062107 18.593694
19.381335 6.152588 18.391875
17.402415 6.893408 18.391875
18.424393 10.098194 23.883806
19.333912 10.885835 24.085625
18.593092 8.906915 24.085625
23.397457 17.125229 10.584543
23.252353 -1.713712 11.681313
23.252353 32.268288 11.681313
23.408501 -2.397430 12.291289
23.408501 31.584570 12.291289
23.891045 18.443730 10.090955
23.952722 -0.538275 11.601115
23.952722 33.443725 11.601115
25.486500 16.991000 12.743250
17.125229 27.575543 6.406457
-1.713712 27.720647 5.309687
32.268288 27.720647 5.309687
-2.397430 27.564499 4.699711
-2.397430 27.564499 38.681711
31.584570 27.564499 4.699711
31.584570 27.564499 38.681711
-0.538275 27.020278 5.389885
33.443725 27.020278 5.389885
16.991000 25.486500 4.247750
16.991000 25.486500 38.229750
27.575543 -0.134229 10.584543
27.575543 33.847771 10.584543
27.720647 18.704712 11.681313
27.564499 19.388430 12.291289
27.020278 17.529275 11.601115
-0.134229 23.397457 6.406457
33.847771 23.397457 6.406457
18.704712 23.252353 5.309687
19.388430 23.408501 4.699711
19.388430 23.408501 38.681711
-1.452731 23.891045 6.900045
32.529269 23.891045 6.900045
-1.355882 24.784772 7.233069
32.626118 24.784772 7.233069
-2.086495 23.885948 6.177928
31.895505 23.885948 6.177928
-1.765365 23.318448 7.603472
32.216635 23.318448 7.603472
17.529275 23.952722 5.389885
23.397457 -0.134229 6.406457
23.397457 33.847771 6.406457
23.252353 18.704712 5.309687
23.408501 19.388430 4.699711
23.408501 19.388430 38.681711
23.952722 17.529275 5.389885
25.486500 16.991000 4.247750
25.486500 16.991000 38.229750
-0.134229 27.575543 10.584543
33.847771 27.575543 10.584543
18.704712 27.720647 11.681313
19.388430 27.564499 12.291289
17.529275 27.020278 11.601115
16.991000 25.486500 12.743250
27.575543 17.125229 6.406457
27.720647 -1.713712 5.309687
27.720647 32.268288 5.309687
27.564499 -2.397430 4.699711
27.564499 -2.397430 38.681711
27.564499 31.584570 4.699711
27.564499 31.584570 38.681711
27.081955 18.443730 6.900045
26.188228 18.346882 7.233069
27.087052 19.077495 6.177928
27.654552 18.756365 7.603472
27.020278 -0.538275 5.389885
27.020278 33.443725 5.389885
17.125229 23.397457 10.584543
-1.713712 23.252353 11.681313
32.268288 23.252353 11.681313
-2.397430 23.408501 12.291289
31.584570 23.408501 12.291289
18.443730 23.891045 10.090955
18.346882 24.784772 9.757931
19.077495 23.885948 10.813072
18.756365 23.318448 9.387527
-0.538275 23.952722 11.601115
33.443725 23.952722 11.601115
27.575543 23.397457 0.134229
27.575543 23.397457 34.116229
28.672313 23.252353 15.277288
-4.699711 23.408501 14.593570
29.282289 23.408501 14.593570
27.081955 23.891045 1.452731
27.081955 23.891045 35.434731
28.592115 23.952722 16.452725
-4.247750 25.486500 0.000000
-4.247750 25.486500 33.982000
29.734250 25.486500 0.000000
29.734250 25.486500 33.982000
23.397457 23.397457 16.856771
23.252353 22.300687 1.713712
23.252353 22.300688 35.695712
23.408501 21.690711 2.397430
23.408501 21.690711 36.379430
23.952722 22.380885 0.538275
23.952722 22.380885 34.520275
25.486500 21.238750 0.000000
25.486500 21.238750 33.982000
23.397457 27.575543 0.134229
23.397457 27.575543 34.116229
22.300687 27.720647 15.277288
21.690711 27.564499 14.593570
22.380885 27.020278 16.452725
21.238750 25.486500 0.000000
21.238750 25.486500 33.982000
27.575543 27.575543 16.856771
27.720647 28.672313 1.713712
27.720647 28.672313 35.695712
27.564499 -4.699711 2.397430
27.564499 -4.699711 36.379430
27.564499 29.282289 2.397430
27.564499 29.282289 36.379430
27.081955 27.081955 15.538270
26.188228 26.748931 15.635118
27.087052 27.804072 14.904505
27.654552 26.378528 15.225635
27.020278 28.592115 0.538275
27.020278 28.592115 34.520275
25.486500 -4.247750 0.000000
25.486500 -4.247750 33.982000
25.486500 29.734250 0.000000
25.486500 29.734250 33.982000
28.672313 27.720647 1.713712
28.672313 27.720647 35.695712
-4.699711 27.564499 2.397430
-4.699711 27.564499 36.379430
29.282289 27.564499 2.397430
29.282289 27.564499 36.379430
28.592115 27.020278 0.538275
28.592115 27.020278 34.520275
27.720647 22.300687 15.277288
27.564499 21.690711 14.593570
26.188228 24.224069 1.355882
26.188228 24.224069 35.337882
27.087052 23.168928 2.086495
27.087052 23.168928 36.068495
27.654552 24.594472 1.765365
27.654552 24.594472 35.747365
27.020278 22.380885 16.452725
22.300687 23.252353 1.713712
22.300688 23.252353 35.695712
21.690711 23.408501 2.397430
21.690711 23.408501 36.379430
22.380885 23.952722 0.538275
22.380885 23.952722 34.520275
23.252353 28.672313 15.277288
23.408501 -4.699711 14.593570
23.408501 29.282289 14.593570
23.952722 28.592115 16.452725
-1.713712 28.672313 6.261353
32.268288 28.672313 6.261353
-2.397430 -4.699711 6.417501
-2.397430 29.282289 6.417501
31.584570 -4.699711 6.417501
31.584570 29.282289 6.417501
-0.538275 28.592115 6.961722
33.443725 28.592115 6.961722
16.991000 -4.247750 8.495500
16.991000 29.734250 8.495500
-1.713712 22.300687 10.729647
32.268288 22.300687 10.729647
-2.397430 21.690711 10.573499
31.584570 21.690711 10.573499
-0.538275 22.380885 10.029278
33.443725 22.380885 10.029278
16.991000 21.238750 8.495500
22.300687 18.704712 6.261353
21.690711 19.388430 6.417501
22.380885 17.529275 6.961722
21.238750 16.991000 8.495500
18.704712 28.672313 10.729647
19.388430 -4.699711 10.573499
19.388430 29.282289 10.573499
17.529275 28.592115 10.029278
28.672313 -1.713712 6.261353
28.672313 32.268288 6.261353
-4.699711 -2.397430 6.417501
-4.699711 31.584570 6.417501
29.282289 -2.397430 6.417501
29.282289 31.584570 6.417501
28.592115 -0.538275 6.961722
28.592115 33.443725 6.961722
-4.247750 16.991000 8.495500
29.734250 16.991000 8.495500
18.704712 22.300687 6.261353
19.388430 21.690711 6.417501
17.529275 22.380885 6.961722
22.300687 -1.713712 10.729647
22.300687 32.268288 10.729647
21.690711 -2.397430 10.573499
21.690711 31.584570 10.573499
24.224069 18.346882 9.197228
23.168928 19.077495 10.096052
24.594472 18.756365 10.663552
22.380885 -0.538275 10.029278
22.380885 33.443725 10.029278
28.672313 18.704712 10.729647
-4.699711 19.388430 10.573499
29.282289 19.388430 10.573499
28.592115 17.529275 10.029278
-2.089043 25.620729 2.089043
-2.089043 25.620729 36.071043
31.892957 25.620729 2.089043
31.892957 25.620729 36.071043
-2.234147 23.772788 3.185812
-2.234147 23.772788 37.167812
31.747853 23.772788 3.185812
31.747853 23.772788 37.167812
-2.077999 23.089070 3.795789
-2.077999 23.089070 37.777789
31.904001 23.089070 3.795789
31.904001 23.089070 37.777789
-1.533778 24.948225 3.105615
-1.533778 24.948225 37.087615
32.448222 24.948225 3.105615
32.448222 24.948225 37.087615
25.620729 19.080043 14.901957
23.772788 19.225147 13.805187
23.089070 19.068999 13.195211
24.948225 18.524778 13.885385
19.080043 25.352271 2.089043
19.080043 25.352271 36.071043
19.225147 27.200212 3.185812
19.225147 27.200212 37.167812
19.068999 27.883930 3.795789
19.068999 27.883930 37.777789
18.524778 26.024775 3.105615
18.524778 26.024775 37.087615
25.352271 -2.089043 14.901957
25.352271 31.892957 14.901957
27.200212 -2.234147 13.805187
27.200212 31.747853 13.805187
27.883930 -2.077999 13.195211
27.883930 31.904001 13.195211
24.033769 -1.595455 15.395545
24.033770 32.386545 15.395545
24.130618 -0.701728 15.728569
24.130618 33.280272 15.728569
23.400005 -1.600552 14.673428
23.400005 32.381448 14.673428
23.721135 -2.168052 16.098972
23.721135 31.813948 16.098972
26.024775 -1.533778 13.885385
26.024775 32.448222 13.885385
-2.089043 25.352271 14.901957
31.892957 25.352271 14.901957
-2.234147 27.200212 13.805187
31.747853 27.200212 13.805187
-2.077999 27.883930 13.195211
31.904001 27.883930 13.195211
-1.595455 24.033769 15.395545
32.386545 24.033769 15.395545
-0.701728 24.130618 15.728569
33.280272 24.130618 15.728569
-1.600552 23.400005 14.673428
32.381448 23.400005 14.673428
-2.168052 23.721135 16.098972
31.813948 23.721135 16.098972
-1.533778 26.024775 13.885385
32.448222 26.024775 13.885385
25.352271 19.080043 2.089043
25.352271 19.080043 36.071043
27.200212 19.225147 3.185812
27.200212 19.225147 37.167812
27.883930 19.068999 3.795789
27.883930 19.068999 37.777789
24.033769 18.586455 1.595455
24.033770 18.586455 35.577455
26.024775 18.524778 3.105615
26.024775 18.524778 37.087615
19.080043 25.620729 14.901957
19.225147 23.772788 13.805187
19.068999 23.089070 13.195211
18.524778 24.948225 13.885385
25.620729 -2.089043 2.089043
25.620729 -2.089043 36.071043
25.620729 31.892957 2.089043
25.620729 31.892957 36.071043
23.772788 -2.234147 3.185812
23.772788 -2.234147 37.167812
23.772788 31.747853 3.185812
23.772788 31.747853 37.167812
23.089070 -2.077999 3.795789
23.089070 -2.077999 37.777789
23.089070 31.904001 3.795789
23.089070 31.904001 37.777789
26.939230 -1.595455 1.595455
26.939230 -1.595455 35.577455
26.939230 32.386545 1.595455
26.939231 32.386545 35.577455
24.948225 -1.533778 3.105615
24.948225 -1.533778 37.087615
24.948225 32.448222 3.105615
24.948225 32.448222 37.087615
19.080043 -2.089043 8.629729
19.080043 31.892957 8.629729
20.176813 -2.234147 6.781788
20.176813 31.747853 6.781788
20.786789 -2.077999 6.098070
20.786789 31.904001 6.098070
20.096615 -1.533778 7.957225
20.096615 32.448222 7.957225
-2.089043 -2.089043 8.361271
-2.089043 31.892957 8.361271
31.892957 -2.089043 8.361271
31.892957 31.892957 8.361271
-2.234147 -3.185813 10.209212
-2.234147 30.796187 10.209212
31.747853 -3.185813 10.209212
31.747853 30.796187 10.209212
-2.077999 -3.795789 10.892930
-2.077999 30.186211 10.892930
31.904001 -3.795789 10.892930
31.904001 30.186211 10.892930
-1.533778 -3.105615 9.033775
-1.533778 30.876385 9.033775
32.448222 -3.105615 9.033775
32.448222 30.876385 9.033775
-2.089043 19.080043 8.629729
31.892957 19.080043 8.629729
-3.185813 19.225147 6.781788
30.796187 19.225147 6.781788
-3.795789 19.068999 6.098070
30.186211 19.068999 6.098070
-1.595455 18.586455 9.948230
32.386545 18.586455 9.948230
-3.105615 18.524778 7.957225
30.876385 18.524778 7.957225
19.080043 19.080043 8.361271
19.225147 20.176813 10.209212
19.068999 20.786789 10.892930
18.586455 18.586455 7.042769
17.692728 18.253431 7.139618
18.591552 19.308572 6.409005
19.159052 17.883028 6.730135
18.524778 20.096615 9.033775
20.176813 19.225147 10.209212
20.786789 19.068999 10.892930
20.096615 18.524778 9.033775
19.225147 -3.185813 6.781788
19.225147 30.796187 6.781788
19.068999 -3.795789 6.098070
19.068999 30.186211 6.098070
18.524778 -3.105615 7.957225
18.524778 30.876385 7.957225
-3.185813 -2.234147 10.209212
-3.185813 31.747853 10.209212
30.796187 -2.234147 10.209212
30.796187 31.747853 10.209212
-3.795789 -2.077999 10.892930
-3.795789 31.904001 10.892930
30.186211 -2.077999 10.892930
30.186211 31.904001 10.892930
-3.105615 -1.533778 9.033775
-3.105615 32.448222 9.033775
30.876385 -1.533778 9.033775
30.876385 32.448222 9.033775
-2.234147 20.176813 6.781788
31.747853 20.176813 6.781788
-2.077999 20.786789 6.098070
31.904001 20.786789 6.098070
-0.701728 18.253431 9.851382
33.280272 18.253431 9.851382
-1.600552 19.308572 10.581995
32.381448 19.308572 10.581995
-2.168052 17.883028 10.260865
31.813948 17.883028 10.260865
-1.533778 20.096615 7.957225
32.448222 20.096615 7.957225
23.772788 20.176813 14.756853
23.089070 20.786789 14.913001
24.948225 20.096615 15.457222
23.772788 -3.185813 2.234147
23.772788 -3.185813 36.216147
23.772788 30.796187 2.234147
23.772788 30.796187 36.216147
23.089070 -3.795789 2.077999
23.089070 -3.795789 36.059999
23.089070 30.186211 2.077999
23.089070 30.186211 36.059999
26.842382 -1.262431 0.701728
26.842382 -1.262431 34.683728
26.842382 32.719569 0.701728
26.842382 32.719569 34.683728
27.572995 -2.317572 1.600552
27.572995 -2.317572 35.582552
27.572995 31.664428 1.600552
27.572995 31.664428 35.582552
27.251865 -0.892028 2.168052
27.251865 -0.892028 36.150052
27.251865 33.089972 2.168052
27.251865 33.089972 36.150052
24.948225 -3.105615 1.533778
24.948225 -3.105615 35.515778
24.948225 30.876385 1.533778
24.948225 30.876385 35.515778
-3.185813 27.200212 14.756853
30.796187 27.200212 14.756853
-3.795789 27.883930 14.913001
30.186211 27.883930 14.913001
-3.105615 26.024775 15.457222
30.876385 26.024775 15.457222
27.200212 20.176813 2.234147
27.200212 20.176813 36.216147
27.883930 20.786789 2.077999
27.883930 20.786789 36.059999
24.130618 18.253431 0.701728
24.130618 18.253431 34.683728
23.400005 19.308572 1.600552
23.400005 19.308572 35.582552
23.721135 17.883028 2.168052
23.721135 17.883028 36.150052
26.024775 20.096615 1.533778
26.024775 20.096615 35.515778
20.176813 23.772788 14.756853
20.786789 23.089070 14.913001
20.096615 24.948225 15.457222
27.200212 -3.185813 14.756853
27.200212 30.796187 14.756853
27.883930 -3.795789 14.913001
27.883930 30.186211 14.913001
26.024775 -3.105615 15.457222
26.024775 30.876385 15.457222
-3.185813 23.772788 2.234147
-3.185812 23.772788 36.216147
30.796187 23.772788 2.234147
30.796187 23.772788 36.216147
-3.795789 23.089070 2.077999
-3.795789 23.089070 36.059999
30.186211 23.089070 2.077999
30.186211 23.089070 36.059999
-3.105615 24.948225 1.533778
-3.105615 24.948225 35.515778
30.876385 24.948225 1.533778
30.876385 24.948225 35.515778
20.176813 27.200212 2.234147
20.176813 27.200212 36.216147
20.786789 27.883930 2.077999
20.786789 27.883930 36.059999
20.096615 26.024775 1.533778
20.096615 26.024775 35.515778
26.919893 18.593694 15.388306
27.829412 19.381335 15.590125
27.088592 17.402415 15.590125
27.089194 -1.433393 10.098194
27.089194 32.548607 10.098194
27.876835 -2.342912 9.896375
27.876835 31.639088 9.896375
25.897915 -1.602092 9.896375
25.897915 32.379908 9.896375
18.593694 -1.602694 9.928893
18.593694 32.379306 9.928893
17.644803 -2.147948 10.468002
17.644803 31.834052 10.468002
19.138948 -0.653803 10.468002
19.138948 33.328197 10.468002
-1.602694 -1.602694 7.062107
-1.602694 32.379306 7.062107
32.379306 -1.602694 7.062107
32.379306 32.379306 7.062107
-2.147948 -0.653803 6.522998
-2.147948 33.328197 6.522998
31.834052 -0.653803 6.522998
31.834052 33.328197 6.522998
-0.653803 -2.147948 6.522998
-0.653803 31.834052 6.522998
33.328197 -2.147948 6.522998
33.328197 31.834052 6.522998
18.593694 26.919893 15.388306
17.402415 27.088592 15.590125
19.381335 27.829412 15.590125
23.883806 -1.433393 6.892806
23.883806 32.548607 6.892806
25.075085 -1.602092 7.094625
25.075085 32.379908 7.094625
23.096165 -2.342912 7.094625
23.096165 31.639088 7.094625
23.883806 27.089194 1.433393
23.883806 27.089194 35.415393
24.832697 27.634448 1.972502
24.832697 27.634448 35.954502
23.338552 26.140303 1.972502
23.338552 26.140303 35.954502
23.883806 23.883806 15.557607
23.338552 24.832697 15.018498
24.832697 23.338552 15.018498
-1.602694 26.919893 1.602694
-1.602694 26.919893 35.584694
32.379306 26.919893 1.602694
32.379306 26.919893 35.584694
-2.390335 27.829412 1.400875
-2.390335 27.829412 35.382875
31.591665 27.829412 1.400875
31.591665 27.829412 35.382875
-0.411415 27.088592 1.400875
-0.411415 27.088592 35.382875
33.570585 27.088592 1.400875
33.570585 27.088592 35.382875
-1.433393 27.089194 10.098194
32.548607 27.089194 10.098194
-1.602092 25.897915 9.896375
32.379908 25.897915 9.896375
-2.342912 27.876835 9.896375
31.639088 27.876835 9.896375
18.593694 24.053107 1.602694
18.593694 24.053107 35.584694
19.381335 23.143588 1.400875
19.381335 23.143588 35.382875
17.402415 23.884408 1.400875
17.402415 23.884408 35.382875
18.424393 27.089194 6.892806
19.333912 27.876835 7.094625
18.593092 25.897915 7.094625
23.397457 17.125229 27.575543
23.252353 -1.713712 28.672313
23.252353 32.268288 28.672313
23.408501 -2.397430 -4.699711
23.408501 -2.397430 29.282289
23.408501 31.584570 -4.699711
23.408501 31.584570 29.282289
23.891045 18.443730 27.081955
23.952722 -0.538275 28.592115
23.952722 33.443725 28.592115
25.486500 16.991000 -4.247750
25.486500 16.991000 29.734250
17.125229 27.575543 23.397457
-1.713712 27.720647 22.300687
32.268288 27.720647 22.300687
-2.397430 27.564499 21.690711
31.584570 27.564499 21.690711
-0.538275 27.020278 22.380885
33.443725 27.020278 22.380885
16.991000 25.486500 21.238750
27.575543 -0.134229 27.575543
27.575543 33.847771 27.575543
27.720647 18.704712 28.672313
27.564499 19.388430 -4.699711
27.564499 19.388430 29.282289
27.020278 17.529275 28.592115
-0.134229 23.397457 23.397457
33.847771 23.397457 23.397457
18.704712 23.252353 22.300687
19.388430 23.408501 21.690711
-1.452730 23.891045 23.891045
32.529269 23.891045 23.891045
-1.355882 24.784772 24.224069
32.626118 24.784772 24.224069
-2.086495 23.885948 23.168928
31.895505 23.885948 23.168928
-1.765365 23.318448 24.594472
32.216635 23.318448 24.594472
17.529275 23.952722 22.380885
23.397457 -0.134229 23.397457
23.397457 33.847771 23.397457
23.252353 18.704712 22.300687
23.408501 19.388430 21.690711
23.952722 17.529275 22.380885
25.486500 16.991000 21.238750
-0.134229 27.575543 27.575543
33.847771 27.575543 27.575543
18.704712 27.720647 28.672313
19.388430 27.564499 -4.699711
19.388430 27.564499 29.282289
17.529275 27.020278 28.592115
16.991000 25.486500 -4.247750
16.991000 25.486500 29.734250
27.575543 17.125229 23.397457
27.720647 -1.713712 22.300687
27.720647 32.268288 22.300687
27.564499 -2.397430 21.690711
27.564499 31.584570 21.690711
27.081955 18.443730 23.891045
26.188228 18.346882 24.224069
27.087052 19.077495 23.168928
27.654552 18.756365 24.594472
27.020278 -0.538275 22.380885
27.020278 33.443725 22.380885
17.125229 23.397457 27.575543
-1.713712 23.252353 28.672313
32.268288 23.252353 28.672313
-2.397430 23.408501 -4.699711
-2.397430 23.408501 29.282289
31.584570 23.408501 -4.699711
31.584570 23.408501 29.282289
18.443730 23.891045 27.081955
18.346882 24.784772 26.748931
19.077495 23.885948 27.804072
18.756365 23.318448 26.378528
-0.538275 23.952722 28.592115
33.443725 23.952722 28.592115
27.575543 23.397457 17.125229
28.672313 23.252353 -1.713712
28.672313 23.252353 32.268288
-4.699711 23.408501 -2.397430
-4.699711 23.408501 31.584570
29.282289 23.408501 -2.397430
29.282289 23.408501 31.584570
27.081955 23.891045 18.443730
28.592115 23.952722 -0.538275
28.592115 23.952722 33.443725
-4.247750 25.486500 16.991000
29.734250 25.486500 16.991000
23.397457 23.397457 -0.134229
23.397457 23.397457 33.847771
23.252353 22.300687 18.704712
23.408501 21.690711 19.388430
23.952722 22.380885 17.529275
25.486500 21.238750 16.991000
23.397457 27.575543 17.125229
22.300687 27.720647 -1.713712
22.300687 27.720647 32.268288
21.690711 27.564499 -2.397430
21.690711 27.564499 31.584570
22.380885 27.020278 -0.538275
22.380885 27.020278 33.443725
21.238750 25.486500 16.991000
27.575543 27.575543 -0.134229
27.575543 27.575543 33.847771
27.720647 28.672313 18.704712
27.564499 -4.699711 19.388430
27.564499 29.282289 19.388430
27.081955 27.081955 -1.452731
27.081955 27.081955 32.529269
26.188228 26.748931 -1.355882
26.188228 26.748931 32.626118
27.087052 27.804072 -2.086495
27.087052 27.804072 31.895505
27.654552 26.378528 -1.765365
27.654552 26.378528 32.216635
27.020278 28.592115 17.529275
25.486500 -4.247750 16.991000
25.486500 29.734250 16.991000
28.672313 27.720647 18.704712
-4.699711 27.564499 19.388430
29.282289 27.564499 19.388430
28.592115 27.020278 17.529275
27.720647 22.300687 -1.713712
27.720647 22.300687 32.268288
27.564499 21.690711 -2.397430
27.564499 21.690711 31.584570
26.188228 24.224069 18.346882
27.087052 23.168928 19.077495
27.654552 24.594472 18.756365
27.020278 22.380885 -0.538275
27.020278 22.380885 33.443725
22.300687 23.252353 18.704712
21.690711 23.408501 19.388430
22.380885 23.952722 17.529275
23.252353 28.672313 -1.713712
23.252353 28.672313 32.268288
23.408501 -4.699711 -2.397430
23.408501 -4.699711 31.584570
23.408501 29.282289 -2.397430
23.408501 29.282289 31.584570
23.952722 28.592115 -0.538275
23.952722 28.592115 33.443725
-1.713712 28.672313 23.252353
32.268288 28.672313 23.252353
-2.397430 -4.699711 23.408501
-2.397430 29.282289 23.408501
31.584570 -4.699711 23.408501
31.584570 29.282289 23.408501
-0.538275 28.592115 23.952722
33.443725 28.592115 23.952722
16.991000 -4.247750 25.486500
16.991000 29.734250 25.486500
-1.713712 22.300687 27.720647
32.268288 22.300687 27.720647
-2.397430 21.690711 27.564499
31.584570 21.690711 27.564499
-0.538275 22.380885 27.020278
33.443725 22.380885 27.020278
16.991000 21.238750 25.486500
22.300687 18.704712 23.252353
21.690711 19.388430 23.408501
22.380885 17.529275 23.952722
21.238750 16.991000 25.486500
18.704712 28.672313 27.720647
19.388430 -4.699711 27.564499
19.388430 29.282289 27.564499
17.529275 28.592115 27.020278
28.672313 -1.713712 23.252353
28.672313 32.268288 23.252353
-4.699711 -2.397430 23.408501
-4.699711 31.584570 23.408501
29.282289 -2.397430 23.408501
29.282289 31.584570 23.408501
28.592115 -0.538275 23.952722
28.592115 33.443725 23.952722
-4.247750 16.991000 25.486500
29.734250 16.991000 25.486500
18.704712 22.300687 23.252353
19.388430 21.690711 23.408501
17.529275 22.380885 23.952722
22.300687 -1.713712 27.720647
22.300687 32.268288 27.720647
21.690711 -2.397430 27.564499
21.690711 31.584570 27.564499
24.224069 18.346882 26.188228
23.168928 19.077495 27.087052
24.594472 18.756365 27.654552
22.380885 -0.538275 27.020278
22.380885 33.443725 27.020278
28.672313 18.704712 27.720647
-4.699711 19.388430 27.564499
29.282289 19.388430 27.564499
28.592115 17.529275 27.020278
-2.089043 25.620729 19.080043
31.892957 25.620729 19.080043
-2.234147 23.772788 20.176813
31.747853 23.772788 20.176813
-2.077999 23.089070 20.786789
31.904001 23.089070 20.786789
-1.533778 24.948225 20.096615
32.448222 24.948225 20.096615
25.620729 19.080043 -2.089043
25.620729 19.080043 31.892957
23.772788 19.225147 -3.185813
23.772788 19.225147 30.796187
23.089070 19.068999 -3.795789
23.089070 19.068999 30.186211
24.948225 18.524778 -3.105615
24.948225 18.524778 30.876385
19.080043 25.352271 19.080043
19.225147 27.200212 20.176813
19.068999 27.883930 20.786789
18.524778 26.024775 20.096615
25.352271 -2.089043 -2.089043
25.352271 -2.089043 31.892957
25.352271 31.892957 -2.089043
25.352271 31.892957 31.892957
27.200212 -2.234147 -3.185813
27.200212 -2.234147 30.796187
27.200212 31.747853 -3.185813
27.200212 31.747853 30.796187
27.883930 -2.077999 -3.795789
27.883930 -2.077999 30.186211
27.883930 31.904001 -3.795789
27.883930 31.904001 30.186211
24.033769 -1.595455 -1.595455
24.033770 -1.595455 32.386545
24.033770 32.386545 -1.595455
24.033770 32.386545 32.386545
24.130618 -0.701728 -1.262431
24.130618 -0.701728 32.719569
24.130618 33.280272 -1.262431
24.130618 33.280272 32.719569
23.400005 -1.600552 -2.317572
23.400005 -1.600552 31.664428
23.400005 32.381448 -2.317572
23.400005 32.381448 31.664428
23.721135 -2.168052 -0.892028
23.721135 -2.168052 33.089972
23.721135 31.813948 -0.892028
23.721135 31.813948 33.089972
26.024775 -1.533778 -3.105615
26.024775 -1.533778 30.876385
26.024775 32.448222 -3.105615
26.024775 32.448222 30.876385
-2.089043 25.352271 -2.089043
-2.089043 25.352271 31.892957
31.892957 25.352271 -2.089043
31.892957 25.352271 31.892957
-2.234147 27.200212 -3.185813
-2.234147 27.200212 30.796187
31.747853 27.200212 -3.185813
31.747853 27.200212 30.796187
-2.077999 27.883930 -3.795789
-2.077999 27.883930 30.186211
31.904001 27.883930 -3.795789
31.904001 27.883930 30.186211
-1.595455 24.033769 -1.595455
-1.595455 24.033770 32.386545
32.386545 24.033769 -1.595455
32.386545 24.033770 32.386545
-0.701728 24.130618 -1.262431
-0.701728 24.130618 32.719569
33.280272 24.130618 -1.262431
33.280272 24.130618 32.719569
-1.600552 23.400005 -2.317572
-1.600552 23.400005 31.664428
32.381448 23.400005 -2.317572
32.381448 23.400005 31.664428
-2.168052 23.721135 -0.892028
-2.168052 23.721135 33.089972
31.813948 23.721135 -0.892028
31.813948 23.721135 33.089972
-1.533778 26.024775 -3.105615
-1.533778 26.024775 30.876385
32.448222 26.024775 -3.105615
32.448222 26.024775 30.876385
25.352271 19.080043 19.080043
27.200212 19.225147 20.176813
27.883930 19.068999 20.786789
24.033769 18.586455 18.586455
26.024775 18.524778 20.096615
19.080043 25.620729 -2.089043
19.080043 25.620729 31.892957
19.225147 23.772788 -3.185813
19.225147 23.772788 30.796187
19.068999 23.089070 -3.795789
19.068999 23.089070 30.186211
18.524778 24.948225 -3.105615
18.524778 24.948225 30.876385
25.620729 -2.089043 19.080043
25.620729 31.892957 19.080043
23.772788 -2.234147 20.176813
23.772788 31.747853 20.176813
23.089070 -2.077999 20.786789
23.089070 31.904001 20.786789
26.939230 -1.595455 18.586455
26.939230 32.386545 18.586455
24.948225 -1.533778 20.096615
24.948225 32.448222 20.096615
19.080043 -2.089043 25.620729
19.080043 31.892957 25.620729
20.176813 -2.234147 23.772788
20.176813 31.747853 23.772788
20.786789 -2.077999 23.089070
20.786789 31.904001 23.089070
20.096615 -1.533778 24.948225
20.096615 32.448222 24.948225
-2.089043 -2.089043 25.352271
-2.089043 31.892957 25.352271
31.892957 -2.089043 25.352271
31.892957 31.892957 25.352271
-2.234147 -3.185813 27.200212
-2.234147 30.796187 27.200212
31.747853 -3.185813 27.200212
31.747853 30.796187 27.200212
-2.077999 -3.795789 27.883930
-2.077999 30.186211 27.883930
31.904001 -3.795789 27.883930
31.904001 30.186211 27.883930
-1.533778 -3.105615 26.024775
-1.533778 30.876385 26.024775
32.448222 -3.105615 26.024775
32.448222 30.876385 26.024775
-2.089043 19.080043 25.620729
31.892957 19.080043 25.620729
-3.185813 19.225147 23.772788
30.796187 19.225147 23.772788
-3.795789 19.068999 23.089070
30.186211 19.068999 23.089070
-1.595455 18.586455 26.939230
32.386545 18.586455 26.939230
-3.105615 18.524778 24.948225
30.876385 18.524778 24.948225
19.080043 19.080043 25.352271
19.225147 20.176813 27.200212
19.068999 20.786789 27.883930
18.586455 18.586455 24.033769
17.692728 18.253431 24.130618
18.591552 19.308572 23.400005
19.159052 17.883028 23.721135
18.524778 20.096615 26.024775
20.176813 19.225147 27.200212
20.786789 19.068999 27.883930
20.096615 18.524778 26.024775
19.225147 -3.185813 23.772788
19.225147 30.796187 23.772788
19.068999 -3.795789 23.089070
19.068999 30.186211 23.089070
18.524778 -3.105615 24.948225
18.524778 30.876385 24.948225
-3.185813 -2.234147 27.200212
-3.185813 31.747853 27.200212
30.796187 -2.234147 27.200212
30.796187 31.747853 27.200212
-3.795789 -2.077999 27.883930
-3.795789 31.904001 27.883930
30.186211 -2.077999 27.883930
30.186211 31.904001 27.883930
-3.105615 -1.533778 26.024775
-3.105615 32.448222 26.024775
30.876385 -1.533778 26.024775
30.876385 32.448222 26.024775
-2.234147 20.176813 23.772788
31.747853 20.176813 23.772788
-2.077999 20.786789 23.089070
31.904001 20.786789 23.089070
-0.701728 18.253431 26.842382
33.280272 18.253431 26.842382
-1.600552 19.308572 27.572995
32.381448 19.308572 27.572995
-2.168052 17.883028 27.251865
31.813948 17.883028 27.251865
-1.533778 20.096615 24.948225
32.448222 20.096615 24.948225
23.772788 20.176813 -2.234147
23.772788 20.176813 31.747853
23.089070 20.786789 -2.077999
23.089070 20.786789 31.904001
24.948225 20.096615 -1.533778
24.948225 20.096615 32.448222
23.772788 -3.185813 19.225147
23.772788 30.796187 19.225147
23.089070 -3.795789 19.068999
23.089070 30.186211 19.068999
26.842382 -1.262431 17.692728
26.842382 32.719569 17.692728
27.572995 -2.317572 18.591552
27.572995 31.664428 18.591552
27.251865 -0.892028 19.159052
27.251865 33.089972 19.159052
24.948225 -3.105615 18.524778
24.948225 30.876385 18.524778
-3.185813 27.200212 -2.234147
-3.185813 27.200212 31.747853
30.796187 27.200212 -2.234147
30.796187 27.200212 31.747853
-3.795789 27.883930 -2.077999
-3.795789 27.883930 31.904001
30.186211 27.883930 -2.077999
30.186211 27.883930 31.904001
-3.105615 26.024775 -1.533778
-3.105615 26.024775 32.448222
30.876385 26.024775 -1.533778
30.876385 26.024775 32.448222
27.200212 20.176813 19.225147
27.883930 20.786789 19.068999
24.130618 18.253431 17.692728
23.400005 19.308572 18.591552
23.721135 17.883028 19.159052
26.024775 20.096615 18.524778
20.176813 23.772788 -2.234147
20.176813 23.772788 31.747853
20.786789 23.089070 -2.077999
20.786789 23.089070 31.904001
20.096615 24.948225 -1.533778
20.096615 24.948225 32.448222
27.200212 -3.185813 -2.234147
27.200212 -3.185813 31.747853
27.200212 30.796187 -2.234147
27.200212 30.796187 31.747853
27.883930 -3.795789 -2.077999
27.883930 -3.795789 31.904001
27.883930 30.186211 -2.077999
27.883930 30.186211 31.904001
26.024775 -3.105615 -1.533778
26.024775 -3.105615 32.448222
26.024775 30.876385 -1.533778
26.024775 30.876385 32.448222
-3.185813 23.772788 19.225147
30.796187 23.772788 19.225147
-3.795789 23.089070 19.068999
30.186211 23.089070 19.068999
-3.105615 24.948225 18.524778
30.876385 24.948225 18.524778
20.176813 27.200212 19.225147
20.786789 27.883930 19.068999
20.096615 26.024775 18.524778
26.919893 18.593694 -1.602694
26.919893 18.593694 32.379306
27.829412 19.381335 -1.400875
27.829412 19.381335 32.581125
27.088592 17.402415 -1.400875
27.088592 17.402415 32.581125
27.089194 -1.433393 27.089194
27.089194 32.548607 27.089194
27.876835 -2.342912 26.887375
27.876835 31.639088 26.887375
25.897915 -1.602092 26.887375
25.897915 32.379908 26.887375
18.593694 -1.602694 26.919893
18.593694 32.379306 26.919893
17.644803 -2.147948 27.459002
17.644803 31.834052 27.459002
19.138948 -0.653803 27.459002
19.138948 33.328197 27.459002
-1.602694 -1.602694 24.053107
-1.602694 32.379306 24.053107
32.379306 -1.602694 24.053107
32.379306 32.379306 24.053107
-2.147948 -0.653803 23.513998
-2.147948 33.328197 23.513998
31.834052 -0.653803 23.513998
31.834052 33.328197 23.513998
-0.653803 -2.147948 23.513998
-0.653803 31.834052 23.513998
33.328197 -2.147948 23.513998
33.328197 31.834052 23.513998
18.593694 26.919893 -1.602694
18.593694 26.919893 32.379306
17.402415 27.088592 -1.400875
17.402415 27.088592 32.581125
19.381335 27.829412 -1.400875
19.381335 27.829412 32.581125
23.883806 -1.433393 23.883806
23.883806 32.548607 23.883806
25.075085 -1.602092 24.085625
25.075085 32.379908 24.085625
23.096165 -2.342912 24.085625
23.096165 31.639088 24.085625
23.883806 27.089194 18.424393
24.832697 27.634448 18.963502
23.338552 26.140303 18.963502
23.883806 23.883806 -1.433393
23.883806 23.883806 32.548607
23.338552 24.832697 -1.972502
23.338552 24.832697 32.009498
24.832697 23.338552 -1.972502
24.832697 23.338552 32.009498
-1.602694 26.919893 18.593694
32.379306 26.919893 18.593694
-2.390335 27.829412 18.391875
31.591665 27.829412 18.391875
-0.411415 27.088592 18.391875
33.570585 27.088592 18.391875
-1.433393 27.089194 27.089194
32.548607 27.089194 27.089194
-1.602092 25.897915 26.887375
32.379908 25.897915 26.887375
-2.342912 27.876835 26.887375
31.639088 27.876835 26.887375
18.593694 24.053107 18.593694
19.381335 23.143588 18.391875
17.402415 23.884408 18.391875
18.424393 27.089194 23.883806
19.333912 27.876835 24.085625
18.593092 25.897915 24.085625
LINES 4500 13500
2 0 4
2 0 1055
2 0 1250
2 1 5
2 1 1056
2 1 1251
2 2 3
2 2 6
2 2 204
2 4 207
2 4 209
2 4 211
2 5 208
2 5 210
2 5 212
2 6 1049
2 6 1057
2 7 24
2 7 234
2 7 1055
2 7 1297
2 8 25
2 8 235
2 8 1056
2 8 1298
2 9 522
2 9 2095
2 9 2240
2 10 523
2 10 2096
2 10 2241
2 11 12
2 11 14
2 11 160
2 14 2088
2 14 2097
2 15 37
2 15 248
2 15 2095
2 15 2305
2 16 249
2 16 2306
2 17 38
2 17 250
2 17 2096
2 17 2307
2 18 251
2 18 2308
2 19 471
2 19 1072
2 19 1254
2 20 22
2 20 24
2 20 214
2 21 23
2 21 25
2 21 215
2 24 1068
2 25 1069
2 26 33
2 26 2119
2 26 2275
2 27 29
2 27 37
2 27 196
2 28 31
2 28 38
2 28 197
2 33 34
2 33 35
2 33 36
2 37 2106
2 38 2107
2 39 489
2 39 1091
2 39 1217
2 40 42
2 40 46
2 40 173
2 41 44
2 41 47
2 41 174
2 46 48
2 46 1086
2 47 50
2 47 1087
2 48 284
2 48 1114
2 48 1341
2 49 285
2 49 1342
2 50 286
2 50 1115
2 50 1343
2 51 287
2 51 1344
2 52 507
2 52 2137
2 52 2263
2 53 55
2 53 57
2 53 185
2 54 56
2 54 58
2 54 186
2 57 59
2 57 2133
2 58 60
2 58 2134
2 59 294
2 59 2162
2 59 2347
2 60 295
2 60 2163
2 60 2348
2 61 66
2 61 1114
2 61 1232
2 62 67
2 62 1115
2 62 1233
2 63 64
2 63 74
2 63 191
2 66 68
2 66 70
2 66 72
2 67 69
2 67 71
2 67 73
2 74 1092
2 74 1103
2 75 79
2 75 2162
2 75 2249
2 76 80
2 76 2163
2 76 2250
2 77 78
2 77 87
2 77 165
2 79 81
2 79 83
2 79 85
2 80 82
2 80 84
2 80 86
2 87 2138
2 87 2153
2 88 92
2 88 622
2 88 670
2 89 93
2 89 623
2 89 671
2 90 91
2 90 94
2 90 139
2 92 142
2 92 144
2 92 146
2 93 143
2 93 145
2 93 147
2 94 616
2 94 624
2 95 137
2 95 451
2 95 622
2 95 942
2 96 138
2 96 452
2 96 623
2 96 943
2 97 498
2 97 630
2 97 675
2 98 100
2 98 104
2 98 149
2 99 101
2 99 105
2 99 150
2 104 106
2 104 625
2 105 107
2 105 626
2 106 434
2 106 670
2 106 928
2 107 435
2 107 671
2 107 929
2 108 436
2 108 930
2 109 437
2 109 931
2 110 492
2 110 640
2 110 680
2 111 493
2 111 641
2 111 681
2 112 113
2 112 115
2 112 157
2 115 633
2 115 642
2 116 155
2 116 461
2 116 640
2 116 964
2 117 156
2 117 462
2 117 641
2 117 965
2 118 463
2 118 966
2 119 464
2 119 967
2 120 125
2 120 656
2 120 660
2 121 123
2 121 129
2 121 133
2 122 124
2 122 130
2 122 134
2 125 126
2 125 127
2 125 128
2 129 131
2 129 644
2 130 132
2 130 645
2 131 409
2 131 680
2 131 972
2 132 410
2 132 681
2 132 973
2 133 135
2 133 137
2 134 136
2 134 138
2 137 644
2 138 645
2 139 140
2 139 148
2 148 616
2 148 631
2 149 151
2 149 155
2 150 152
2 150 156
2 155 625
2 156 626
2 157 158
2 157 159
2 159 633
2 159 657
2 160 161
2 160 162
2 162 2088
2 162 2242
2 163 189
2 163 376
2 163 2240
2 163 2393
2 164 190
2 164 377
2 164 2241
2 164 2394
2 165 166
2 165 168
2 168 2153
2 168 2251
2 169 202
2 169 356
2 169 2249
2 169 2466
2 170 357
2 170 2467
2 171 203
2 171 358
2 171 2250
2 171 2468
2 172 359
2 172 2469
2 173 175
2 173 179
2 174 176
2 174 180
2 179 181
2 179 1086
2 180 182
2 180 1087
2 181 368
2 181 1250
2 181 1357
2 182 369
2 182 1251
2 182 1358
2 183 370
2 183 1359
2 184 371
2 184 1360
2 185 187
2 185 189
2 186 188
2 186 190
2 189 2133
2 190 2134
2 191 192
2 191 193
2 193 1103
2 193 1234
2 194 218
2 194 326
2 194 1232
2 194 1412
2 195 219
2 195 327
2 195 1233
2 195 1413
2 196 198
2 196 202
2 197 200
2 197 203
2 202 2106
2 203 2107
2 204 205
2 204 213
2 213 1049
2 213 1218
2 214 216
2 214 218
2 215 217
2 215 219
2 218 1068
2 219 1069
2 220 226
2 220 451
2 220 501
2 221 227
2 221 452
2 221 502
2 222 224
2 222 226
2 222 447
2 223 225
2 223 227
2 223 448
2 226 2097
2 227 2098
2 228 234
2 228 397
2 228 465
2 229 235
2 229 398
2 229 466
2 230 232
2 230 234
2 230 393
2 231 233
2 231 235
2 231 394
2 236 248
2 236 461
2 236 510
2 237 249
2 237 462
2 237 511
2 238 250
2 238 463
2 238 512
2 239 251
2 239 464
2 239 513
2 240 244
2 240 248
2 240 453
2 241 245
2 241 249
2 241 454
2 242 246
2 242 250
2 242 455
2 243 247
2 243 251
2 243 456
2 252 255
2 252 259
2 252 446
2 253 254
2 253 259
2 253 444
2 255 256
2 255 257
2 255 258
2 259 1057
2 260 263
2 260 267
2 260 413
2 261 262
2 261 267
2 261 411
2 263 264
2 263 265
2 263 266
2 267 2138
2 268 280
2 268 284
2 268 434
2 269 281
2 269 285
2 269 435
2 270 282
2 270 286
2 270 436
2 271 283
2 271 287
2 271 437
2 272 276
2 272 284
2 272 414
2 273 277
2 273 285
2 273 415
2 274 278
2 274 286
2 274 416
2 275 279
2 275 287
2 275 417
2 280 422
2 280 426
2 280 430
2 281 423
2 281 427
2 281 431
2 282 424
2 282 428
2 282 432
2 283 425
2 283 429
2 283 433
2 288 294
2 288 442
2 288 483
2 289 295
2 289 443
2 289 484
2 290 292
2 290 294
2 290 438
2 291 293
2 291 295
2 291 439
2 296 302
2 296 304
2 296 409
2 297 303
2 297 305
2 297 410
2 298 300
2 298 304
2 298 399
2 299 301
2 299 305
2 299 400
2 302 403
2 302 405
2 302 407
2 303 404
2 303 406
2 303 408
2 304 1092
2 305 1093
2 306 312
2 306 376
2 306 474
2 307 313
2 307 377
2 307 475
2 308 310
2 308 312
2 308 372
2 309 311
2 309 313
2 309 373
2 312 1218
2 313 1219
2 314 317
2 314 380
2 314 480
2 315 316
2 315 317
2 315 378
2 317 2242
2 318 324
2 318 326
2 318 391
2 319 325
2 319 327
2 319 392
2 320 322
2 320 326
2 320 381
2 321 323
2 321 327
2 321 382
2 324 385
2 324 387
2 324 389
2 325 386
2 325 388
2 325 390
2 328 340
2 328 356
2 328 368
2 329 341
2 329 357
2 329 369
2 330 342
2 330 358
2 330 370
2 331 343
2 331 359
2 331 371
2 332 336
2 332 356
2 332 360
2 333 337
2 333 357
2 333 361
2 334 338
2 334 358
2 334 362
2 335 339
2 335 359
2 335 363
2 340 344
2 340 348
2 340 352
2 341 345
2 341 349
2 341 353
2 342 346
2 342 350
2 342 354
2 343 347
2 343 351
2 343 355
2 360 364
2 360 368
2 361 365
2 361 369
2 362 366
2 362 370
2 363 367
2 363 371
2 372 374
2 372 376
2 373 375
2 373 377
2 378 379
2 378 380
2 380 1234
2 381 383
2 381 391
2 382 384
2 382 392
2 391 2251
2 392 2252
2 393 395
2 393 397
2 394 396
2 394 398
2 397 631
2 398 632
2 399 401
2 399 409
2 400 402
2 400 410
2 411 412
2 411 413
2 413 624
2 414 418
2 414 434
2 415 419
2 415 435
2 416 420
2 416 436
2 417 421
2 417 437
2 438 440
2 438 442
2 439 441
2 439 443
2 442 642
2 443 643
2 444 445
2 444 446
2 446 657
2 447 449
2 447 451
2 448 450
2 448 452
2 453 457
2 453 461
2 454 458
2 454 462
2 455 459
2 455 463
2 456 460
2 456 464
2 465 467
2 465 469
2 466 468
2 466 470
2 471 472
2 471 473
2 474 476
2 474 478
2 475 477
2 475 479
2 480 481
2 480 482
2 483 485
2 483 487
2 484 486
2 484 488
2 489 490
2 489 491
2 492 494
2 492 496
2 493 495
2 493 497
2 498 499
2 498 500
2 501 503
2 501 505
2 502 504
2 502 506
2 507 508
2 507 509
2 510 514
2 510 518
2 511 515
2 511 519
2 512 516
2 512 520
2 513 517
2 513 521
2 522 524
2 522 526
2 523 525
2 523 527
2 528 533
2 528 1575
2 528 1762
2 529 534
2 529 1576
2 529 1763
2 530 532
2 530 535
2 530 726
2 533 729
2 533 731
2 533 733
2 534 730
2 534 732
2 534 734
2 535 1567
2 535 1578
2 536 758
2 536 1815
2 537 554
2 537 759
2 537 1575
2 537 1816
2 538 760
2 538 1817
2 539 555
2 539 761
2 539 1576
2 539 1818
2 540 1043
2 540 2619
2 540 2757
2 541 1044
2 541 2620
2 541 2758
2 542 543
2 542 544
2 542 682
2 544 2614
2 544 2621
2 545 565
2 545 768
2 545 2619
2 545 2816
2 546 566
2 546 769
2 546 2620
2 546 2817
2 547 995
2 547 1591
2 547 1766
2 548 551
2 548 554
2 548 736
2 549 553
2 549 555
2 549 737
2 554 1586
2 555 1587
2 556 561
2 556 2643
2 556 2792
2 557 559
2 557 565
2 557 718
2 558 560
2 558 566
2 558 719
2 561 562
2 561 563
2 561 564
2 565 2631
2 566 2632
2 567 1019
2 567 1607
2 567 1729
2 568 570
2 568 572
2 568 695
2 569 571
2 569 573
2 569 696
2 572 574
2 572 1603
2 573 575
2 573 1604
2 574 810
2 574 1631
2 574 1864
2 575 811
2 575 1632
2 575 1865
2 576 1034
2 576 2658
2 576 2780
2 577 580
2 577 583
2 577 707
2 578 582
2 578 584
2 578 708
2 583 586
2 583 2653
2 584 588
2 584 2654
2 585 824
2 585 2882
2 586 825
2 586 2685
2 586 2883
2 587 826
2 587 2884
2 588 827
2 588 2686
2 588 2885
2 589 593
2 589 1631
2 589 1744
2 590 594
2 590 1632
2 590 1745
2 591 592
2 591 601
2 591 713
2 593 595
2 593 597
2 593 599
2 594 596
2 594 598
2 594 600
2 601 1608
2 601 1622
2 602 607
2 602 2685
2 602 2766
2 603 608
2 603 2686
2 603 2767
2 604 606
2 604 615
2 604 687
2 607 609
2 607 611
2 607 613
2 608 610
2 608 612
2 608 614
2 615 2660
2 615 2674
2 616 621
2 617 619
2 617 622
2 617 661
2 618 620
2 618 623
2 618 662
2 621 667
2 621 668
2 621 669
2 624 660
2 624 976
2 625 1025
2 626 1026
2 627 628
2 627 630
2 627 672
2 630 631
2 631 954
2 632 955
2 633 1022
2 634 636
2 634 640
2 634 676
2 635 637
2 635 641
2 635 677
2 642 675
2 642 981
2 643 982
2 644 648
2 645 649
2 646 647
2 646 656
2 646 658
2 648 650
2 648 652
2 648 654
2 649 651
2 649 653
2 649 655
2 656 657
2 657 937
2 658 659
2 658 660
2 661 663
2 661 670
2 662 664
2 662 671
2 672 673
2 672 675
2 676 678
2 676 680
2 677 679
2 677 681
2 682 683
2 682 684
2 684 2614
2 684 2759
2 685 711
2 685 903
2 685 2757
2 685 2919
2 686 712
2 686 904
2 686 2758
2 686 2920
2 687 688
2 687 690
2 690 2674
2 690 2768
2 691 724
2 691 883
2 691 2766
2 691 2992
2 692 884
2 692 2993
2 693 725
2 693 885
2 693 2767
2 693 2994
2 694 886
2 694 2995
2 695 697
2 695 701
2 696 698
2 696 702
2 701 703
2 701 1603
2 702 704
2 702 1604
2 703 895
2 703 1762
2 703 1878
2 704 896
2 704 1763
2 704 1879
2 705 897
2 705 1880
2 706 898
2 706 1881
2 707 709
2 707 711
2 708 710
2 708 712
2 711 2653
2 712 2654
2 713 714
2 713 715
2 715 1622
2 715 1746
2 716 740
2 716 853
2 716 1744
2 716 1933
2 717 741
2 717 854
2 717 1745
2 717 1934
2 718 720
2 718 724
2 719 722
2 719 725
2 724 2631
2 725 2632
2 726 727
2 726 735
2 735 1567
2 735 1730
2 736 738
2 736 740
2 737 739
2 737 741
2 740 1586
2 741 1587
2 742 745
2 742 976
2 742 1031
2 743 744
2 743 745
2 743 974
2 745 2621
2 746 758
2 746 928
2 746 983
2 747 759
2 747 929
2 747 984
2 748 760
2 748 930
2 748 985
2 749 761
2 749 931
2 749 986
2 750 754
2 750 758
2 750 920
2 751 755
2 751 759
2 751 921
2 752 756
2 752 760
2 752 922
2 753 757
2 753 761
2 753 923
2 762 768
2 762 981
2 762 1037
2 763 769
2 763 982
2 763 1038
2 764 766
2 764 768
2 764 977
2 765 767
2 765 769
2 765 978
2 770 776
2 770 784
2 770 972
2 771 777
2 771 785
2 771 973
2 772 774
2 772 784
2 772 968
2 773 775
2 773 785
2 773 969
2 776 778
2 776 780
2 776 782
2 777 779
2 777 781
2 777 783
2 784 1577
2 785 1578
2 786 792
2 786 800
2 786 942
2 787 793
2 787 801
2 787 943
2 788 790
2 788 800
2 788 938
2 789 791
2 789 801
2 789 939
2 792 794
2 792 796
2 792 798
2 793 795
2 793 797
2 793 799
2 800 2659
2 801 2660
2 802 808
2 802 810
2 802 954
2 803 809
2 803 811
2 803 955
2 804 806
2 804 810
2 804 944
2 805 807
2 805 811
2 805 945
2 808 948
2 808 950
2 808 952
2 809 949
2 809 951
2 809 953
2 812 824
2 812 964
2 812 1007
2 813 825
2 813 965
2 813 1008
2 814 826
2 814 966
2 814 1009
2 815 827
2 815 967
2 815 1010
2 816 820
2 816 824
2 816 956
2 817 821
2 817 825
2 817 957
2 818 822
2 818 826
2 818 958
2 819 823
2 819 827
2 819 959
2 828 831
2 828 832
2 828 937
2 829 830
2 829 832
2 829 932
2 831 934
2 831 935
2 831 936
2 832 1608
2 833 839
2 833 903
2 833 998
2 834 840
2 834 904
2 834 999
2 835 837
2 835 839
2 835 899
2 836 838
2 836 840
2 836 900
2 839 1730
2 840 1731
2 841 844
2 841 907
2 841 1004
2 842 843
2 842 844
2 842 905
2 844 2759
2 845 851
2 845 853
2 845 918
2 846 852
2 846 854
2 846 919
2 847 849
2 847 853
2 847 908
2 848 850
2 848 854
2 848 909
2 851 912
2 851 914
2 851 916
2 852 913
2 852 915
2 852 917
2 855 867
2 855 883
2 855 895
2 856 868
2 856 884
2 856 896
2 857 869
2 857 885
2 857 897
2 858 870
2 858 886
2 858 898
2 859 863
2 859 883
2 859 887
2 860 864
2 860 884
2 860 888
2 861 865
2 861 885
2 861 889
2 862 866
2 862 886
2 862 890
2 867 871
2 867 875
2 867 879
2 868 872
2 868 876
2 868 880
2 869 873
2 869 877
2 869 881
2 870 874
2 870 878
2 870 882
2 887 891
2 887 895
2 888 892
2 888 896
2 889 893
2 889 897
2 890 894
2 890 898
2 899 901
2 899 903
2 900 902
2 900 904
2 905 906
2 905 907
2 907 1746
2 908 910
2 908 918
2 909 911
2 909 919
2 918 2768
2 919 2769
2 920 924
2 920 928
2 921 925
2 921 929
2 922 926
2 922 930
2 923 927
2 923 931
2 932 933
2 932 937
2 938 940
2 938 942
2 939 941
2 939 943
2 944 946
2 944 954
2 945 947
2 945 955
2 956 960
2 956 964
2 957 961
2 957 965
2 958 962
2 958 966
2 959 963
2 959 967
2 968 970
2 968 972
2 969 971
2 969 973
2 974 975
2 974 976
2 977 979
2 977 981
2 978 980
2 978 982
2 983 987
2 983 991
2 984 988
2 984 992
2 985 989
2 985 993
2 986 990
2 986 994
2 995 996
2 995 997
2 998 1000
2 998 1002
2 999 1001
2 999 1003
2 1004 1005
2 1004 1006
2 1007 1011
2 1007 1015
2 1008 1012
2 1008 1016
2 1009 1013
2 1009 1017
2 1010 1014
2 1010 1018
2 1019 1020
2 1019 1021
2 1022 1023
2 1022 1024
2 1025 1027
2 1025 1029
2 1026 1028
2 1026 1030
2 1031 1032
2 1031 1033
2 1034 1035
2 1034 1036
2 1037 1039
2 1037 1041
2 1038 1040
2 1038 1042
2 1043 1045
2 1043 1047
2 1044 1046
2 1044 1048
2 1049 1054
2 1050 1052
2 1050 1055
2 1050 1241
2 1051 1053
2 1051 1056
2 1051 1242
2 1054 1247
2 1054 1248
2 1054 1249
2 1057 1072
2 1057 1266
2 1058 1561
2 1058 3135
2 1058 3274
2 1059 1562
2 1059 3136
2 1059 3275
2 1060 1061
2 1060 1063
2 1060 1201
2 1063 3128
2 1063 3137
2 1064 1084
2 1064 1279
2 1064 3135
2 1064 3331
2 1065 1280
2 1065 3332
2 1066 1085
2 1066 1281
2 1066 3136
2 1066 3333
2 1067 1282
2 1067 3334
2 1068 1495
2 1069 1496
2 1070 1071
2 1070 1072
2 1070 1252
2 1073 1080
2 1073 3157
2 1073 3305
2 1074 1076
2 1074 1084
2 1074 1235
2 1075 1078
2 1075 1085
2 1075 1236
2 1080 1081
2 1080 1082
2 1080 1083
2 1084 3144
2 1085 3145
2 1086 1525
2 1087 1526
2 1088 1089
2 1088 1091
2 1088 1214
2 1091 1092
2 1092 1315
2 1093 1316
2 1094 1546
2 1094 3170
2 1094 3292
2 1095 1097
2 1095 1099
2 1095 1220
2 1096 1098
2 1096 1100
2 1096 1221
2 1099 1101
2 1099 3166
2 1100 1102
2 1100 3167
2 1101 1323
2 1101 3194
2 1101 3377
2 1102 1324
2 1102 3195
2 1102 3378
2 1103 1110
2 1104 1106
2 1104 1114
2 1104 1228
2 1105 1108
2 1105 1115
2 1105 1229
2 1110 1111
2 1110 1112
2 1110 1113
2 1116 1120
2 1116 3194
2 1116 3282
2 1117 1121
2 1117 3195
2 1117 3283
2 1118 1119
2 1118 1128
2 1118 1209
2 1120 1122
2 1120 1124
2 1120 1126
2 1121 1123
2 1121 1125
2 1121 1127
2 1128 3171
2 1128 3185
2 1129 1133
2 1129 1653
2 1129 1699
2 1130 1134
2 1130 1654
2 1130 1700
2 1131 1132
2 1131 1135
2 1131 1180
2 1133 1182
2 1133 1184
2 1133 1186
2 1134 1183
2 1134 1185
2 1134 1187
2 1135 1647
2 1135 1655
2 1136 1178
2 1136 1478
2 1136 1653
2 1136 1963
2 1137 1179
2 1137 1479
2 1137 1654
2 1137 1964
2 1138 1537
2 1138 1660
2 1138 1704
2 1139 1141
2 1139 1143
2 1139 1189
2 1140 1142
2 1140 1144
2 1140 1190
2 1143 1145
2 1143 1656
2 1144 1146
2 1144 1657
2 1145 1460
2 1145 1699
2 1145 1945
2 1146 1461
2 1146 1700
2 1146 1946
2 1147 1531
2 1147 1669
2 1147 1711
2 1148 1532
2 1148 1670
2 1148 1712
2 1149 1150
2 1149 1152
2 1149 1197
2 1152 1662
2 1152 1671
2 1153 1195
2 1153 1488
2 1153 1669
2 1153 1979
2 1154 1196
2 1154 1489
2 1154 1670
2 1154 1980
2 1155 1490
2 1155 1981
2 1156 1491
2 1156 1982
2 1157 1164
2 1157 1686
2 1157 1691
2 1158 1162
2 1158 1168
2 1158 1174
2 1159 1163
2 1159 1169
2 1159 1175
2 1164 1165
2 1164 1166
2 1164 1167
2 1168 1172
2 1168 1673
2 1169 1173
2 1169 1674
2 1170 1443
2 1170 1991
2 1171 1444
2 1171 1992
2 1172 1445
2 1172 1711
2 1172 1993
2 1173 1446
2 1173 1712
2 1173 1994
2 1174 1176
2 1174 1178
2 1175 1177
2 1175 1179
2 1178 1673
2 1179 1674
2 1180 1181
2 1180 1188
2 1188 1647
2 1188 1661
2 1189 1191
2 1189 1195
2 1190 1192
2 1190 1196
2 1195 1656
2 1196 1657
2 1197 1199
2 1197 1200
2 1200 1662
2 1200 1688
2 1201 1203
2 1201 1204
2 1204 3128
2 1204 3277
2 1205 1404
2 1205 3433
2 1206 1226
2 1206 1405
2 1206 3274
2 1206 3434
2 1207 1406
2 1207 3435
2 1208 1227
2 1208 1407
2 1208 3275
2 1208 3436
2 1209 1210
2 1209 1211
2 1211 3185
2 1211 3284
2 1212 1239
2 1212 1388
2 1212 3282
2 1212 3486
2 1213 1240
2 1213 1389
2 1213 3283
2 1213 3487
2 1214 1215
2 1214 1217
2 1217 1218
2 1218 1394
2 1219 1395
2 1220 1223
2 1220 1226
2 1221 1225
2 1221 1227
2 1226 3166
2 1227 3167
2 1228 1230
2 1228 1232
2 1229 1231
2 1229 1233
2 1234 1254
2 1234 1373
2 1235 1237
2 1235 1239
2 1236 1238
2 1236 1240
2 1239 3144
2 1240 3145
2 1241 1243
2 1241 1250
2 1242 1244
2 1242 1251
2 1252 1253
2 1252 1254
2 1255 1261
2 1255 1478
2 1255 1540
2 1256 1262
2 1256 1479
2 1256 1541
2 1257 1259
2 1257 1261
2 1257 1474
2 1258 1260
2 1258 1262
2 1258 1475
2 1261 3137
2 1262 3138
2 1263 1266
2 1263 1422
2 1263 1492
2 1264 1265
2 1264 1266
2 1264 1420
2 1267 1279
2 1267 1488
2 1267 1549
2 1268 1280
2 1268 1489
2 1268 1550
2 1269 1281
2 1269 1490
2 1269 1551
2 1270 1282
2 1270 1491
2 1270 1552
2 1271 1275
2 1271 1279
2 1271 1480
2 1272 1276
2 1272 1280
2 1272 1481
2 1273 1277
2 1273 1281
2 1273 1482
2 1274 1278
2 1274 1282
2 1274 1483
2 1283 1289
2 1283 1297
2 1283 1472
2 1284 1290
2 1284 1298
2 1284 1473
2 1285 1287
2 1285 1297
2 1285 1468
2 1286 1288
2 1286 1298
2 1286 1469
2 1289 1291
2 1289 1293
2 1289 1295
2 1290 1292
2 1290 1294
2 1290 1296
2 1299 1302
2 1299 1306
2 1299 1449
2 1300 1301
2 1300 1306
2 1300 1447
2 1302 1303
2 1302 1304
2 1302 1305
2 1306 3171
2 1307 1313
2 1307 1315
2 1307 1460
2 1308 1314
2 1308 1316
2 1308 1461
2 1309 1311
2 1309 1315
2 1309 1450
2 1310 1312
2 1310 1316
2 1310 1451
2 1313 1454
2 1313 1456
2 1313 1458
2 1314 1455
2 1314 1457
2 1314 1459
2 1317 1323
2 1317 1466
2 1317 1519
2 1318 1324
2 1318 1467
2 1318 1520
2 1319 1321
2 1319 1323
2 1319 1462
2 1320 1322
2 1320 1324
2 1320 1463
2 1325 1337
2 1325 1341
2 1325 1443
2 1326 1338
2 1326 1342
2 1326 1444
2 1327 1339
2 1327 1343
2 1327 1445
2 1328 1340
2 1328 1344
2 1328 1446
2 1329 1333
2 1329 1341
2 1329 1423
2 1330 1334
2 1330 1342
2 1330 1424
2 1331 1335
2 1331 1343
2 1331 1425
2 1332 1336
2 1332 1344
2 1332 1426
2 1337 1431
2 1337 1435
2 1337 1439
2 1338 1432
2 1338 1436
2 1338 1440
2 1339 1433
2 1339 1437
2 1339 1441
2 1340 1434
2 1340 1438
2 1340 1442
2 1345 1357
2 1345 1404
2 1345 1501
2 1346 1358
2 1346 1405
2 1346 1502
2 1347 1359
2 1347 1406
2 1347 1503
2 1348 1360
2 1348 1407
2 1348 1504
2 1349 1353
2 1349 1357
2 1349 1396
2 1350 1354
2 1350 1358
2 1350 1397
2 1351 1355
2 1351 1359
2 1351 1398
2 1352 1356
2 1352 1360
2 1352 1399
2 1361 1367
2 1361 1412
2 1361 1513
2 1362 1368
2 1362 1413
2 1362 1514
2 1363 1365
2 1363 1367
2 1363 1408
2 1364 1366
2 1364 1368
2 1364 1409
2 1367 3276
2 1368 3277
2 1369 1372
2 1369 1373
2 1369 1419
2 1370 1371
2 1370 1373
2 1370 1414
2 1372 1416
2 1372 1417
2 1372 1418
2 1374 1380
2 1374 1388
2 1374 1394
2 1375 1381
2 1375 1389
2 1375 1395
2 1376 1378
2 1376 1388
2 1376 1390
2 1377 1379
2 1377 1389
2 1377 1391
2 1380 1382
2 1380 1384
2 1380 1386
2 1381 1383
2 1381 1385
2 1381 1387
2 1390 1392
2 1390 1394
2 1391 1393
2 1391 1395
2 1396 1400
2 1396 1404
2 1397 1401
2 1397 1405
2 1398 1402
2 1398 1406
2 1399 1403
2 1399 1407
2 1408 1410
2 1408 1412
2 1409 1411
2 1409 1413
2 1414 1415
2 1414 1419
2 1419 3284
2 1420 1421
2 1420 1422
2 1422 1661
2 1423 1427
2 1423 1443
2 1424 1428
2 1424 1444
2 1425 1429
2 1425 1445
2 1426 1430
2 1426 1446
2 1447 1448
2 1447 1449
2 1449 1655
2 1450 1452
2 1450 1460
2 1451 1453
2 1451 1461
2 1462 1464
2 1462 1466
2 1463 1465
2 1463 1467
2 1466 1671
2 1467 1672
2 1468 1470
2 1468 1472
2 1469 1471
2 1469 1473
2 1472 1687
2 1473 1688
2 1474 1476
2 1474 1478
2 1475 1477
2 1475 1479
2 1480 1484
2 1480 1488
2 1481 1485
2 1481 1489
2 1482 1486
2 1482 1490
2 1483 1487
2 1483 1491
2 1492 1493
2 1492 1494
2 1495 1497
2 1495 1499
2 1496 1498
2 1496 1500
2 1501 1505
2 1501 1509
2 1502 1506
2 1502 1510
2 1503 1507
2 1503 1511
2 1504 1508
2 1504 1512
2 1513 1515
2 1513 1517
2 1514 1516
2 1514 1518
2 1519 1521
2 1519 1523
2 1520 1522
2 1520 1524
2 1525 1527
2 1525 1529
2 1526 1528
2 1526 1530
2 1531 1533
2 1531 1535
2 1532 1534
2 1532 1536
2 1537 1538
2 1537 1539
2 1540 1542
2 1540 1544
2 1541 1543
2 1541 1545
2 1546 1547
2 1546 1548
2 1549 1553
2 1549 1557
2 1550 1554
2 1550 1558
2 1551 1555
2 1551 1559
2 1552 1556
2 1552 1560
2 1561 1563
2 1561 1565
2 1562 1564
2 1562 1566
2 1567 1574
2 1568 1571
2 1568 1575
2 1568 1753
2 1569 1573
2 1569 1576
2 1569 1754
2 1574 1759
2 1574 1760
2 1574 1761
2 1577 1777
2 1578 1591
2 1578 1778
2 1579 2073
2 1579 3649
2 1579 3781
2 1580 2074
2 1580 3650
2 1580 3782
2 1581 1582
2 1581 1583
2 1581 1713
2 1583 3644
2 1583 3651
2 1584 1601
2 1584 1785
2 1584 3649
2 1584 3832
2 1585 1602
2 1585 1786
2 1585 3650
2 1585 3833
2 1586 2010
2 1587 2011
2 1588 1590
2 1588 1591
2 1588 1764
2 1592 1597
2 1592 3670
2 1592 3812
2 1593 1595
2 1593 1601
2 1593 1747
2 1594 1596
2 1594 1602
2 1594 1748
2 1597 1598
2 1597 1599
2 1597 1600
2 1601 3658
2 1602 3659
2 1603 2046
2 1604 2047
2 1605 1606
2 1605 1607
2 1605 1726
2 1607 1608
2 1608 1839
2 1609 2064
2 1609 3682
2 1609 3799
2 1610 1613
2 1610 1616
2 1610 1732
2 1611 1615
2 1611 1617
2 1611 1733
2 1616 1619
2 1616 3677
2 1617 1621
2 1617 3678
2 1618 1852
2 1618 3906
2 1619 1853
2 1619 3707
2 1619 3907
2 1620 1854
2 1620 3908
2 1621 1855
2 1621 3708
2 1621 3909
2 1622 1627
2 1623 1625
2 1623 1631
2 1623 1740
2 1624 1626
2 1624 1632
2 1624 1741
2 1627 1628
2 1627 1629
2 1627 1630
2 1633 1638
2 1633 3707
2 1633 3789
2 1634 1639
2 1634 3708
2 1634 3790
2 1635 1637
2 1635 1646
2 1635 1721
2 1638 1640
2 1638 1642
2 1638 1644
2 1639 1641
2 1639 1643
2 1639 1645
2 1646 3684
2 1646 3696
2 1647 1652
2 1648 1650
2 1648 1653
2 1648 1692
2 1649 1651
2 1649 1654
2 1649 1693
2 1652 1696
2 1652 1697
2 1652 1698
2 1655 1691
2 1655 1997
2 1656 2055
2 1657 2056
2 1658 1659
2 1658 1660
2 1658 1701
2 1660 1661
2 1661 1970
2 1662 2052
2 1663 1665
2 1663 1669
2 1663 1705
2 1664 1666
2 1664 1670
2 1664 1706
2 1671 1704
2 1671 2002
2 1672 2003
2 1673 1678
2 1674 1679
2 1675 1677
2 1675 1686
2 1675 1689
2 1678 1680
2 1678 1682
2 1678 1684
2 1679 1681
2 1679 1683
2 1679 1685
2 1686 1688
2 1687 1957
2 1688 1958
2 1689 1690
2 1689 1691
2 1692 1694
2 1692 1699
2 1693 1695
2 1693 1700
2 1701 1702
2 1701 1704
2 1705 1709
2 1705 1711
2 1706 1710
2 1706 1712
2 1713 1715
2 1713 1716
2 1716 3644
2 1716 3784
2 1717 1925
2 1717 3953
2 1718 1738
2 1718 1926
2 1718 3781
2 1718 3954
2 1719 1927
2 1719 3955
2 1720 1739
2 1720 1928
2 1720 3782
2 1720 3956
2 1721 1722
2 1721 1723
2 1723 3696
2 1723 3791
2 1724 1751
2 1724 1909
2 1724 3789
2 1724 4006
2 1725 1752
2 1725 1910
2 1725 3790
2 1725 4007
2 1726 1727
2 1726 1729
2 1729 1730
2 1730 1915
2 1731 1916
2 1732 1735
2 1732 1738
2 1733 1737
2 1733 1739
2 1738 3677
2 1739 3678
2 1740 1742
2 1740 1744
2 1741 1743
2 1741 1745
2 1746 1766
2 1746 1894
2 1747 1749
2 1747 1751
2 1748 1750
2 1748 1752
2 1751 3658
2 1752 3659
2 1753 1755
2 1753 1762
2 1754 1756
2 1754 1763
2 1764 1765
2 1764 1766
2 1767 1770
2 1767 1997
2 1767 2061
2 1768 1769
2 1768 1770
2 1768 1995
2 1770 3651
2 1771 1777
2 1771 1945
2 1771 2004
2 1772 1778
2 1772 1946
2 1772 2005
2 1773 1775
2 1773 1777
2 1773 1941
2 1774 1776
2 1774 1778
2 1774 1942
2 1779 1785
2 1779 2002
2 1779 2067
2 1780 1786
2 1780 2003
2 1780 2068
2 1781 1783
2 1781 1785
2 1781 1998
2 1782 1784
2 1782 1786
2 1782 1999
2 1787 1799
2 1787 1815
2 1787 1991
2 1788 1800
2 1788 1816
2 1788 1992
2 1789 1801
2 1789 1817
2 1789 1993
2 1790 1802
2 1790 1818
2 1790 1994
2 1791 1795
2 1791 1815
2 1791 1983
2 1792 1796
2 1792 1816
2 1792 1984
2 1793 1797
2 1793 1817
2 1793 1985
2 1794 1798
2 1794 1818
2 1794 1986
2 1799 1803
2 1799 1807
2 1799 1811
2 1800 1804
2 1800 1808
2 1800 1812
2 1801 1805
2 1801 1809
2 1801 1813
2 1802 1806
2 1802 1810
2 1802 1814
2 1819 1825
2 1819 1833
2 1819 1963
2 1820 1826
2 1820 1834
2 1820 1964
2 1821 1823
2 1821 1833
2 1821 1959
2 1822 1824
2 1822 1834
2 1822 1960
2 1825 1827
2 1825 1829
2 1825 1831
2 1826 1828
2 1826 1830
2 1826 1832
2 1833 3683
2 1834 3684
2 1835 1838
2 1835 1839
2 1835 1970
2 1836 1837
2 1836 1839
2 1836 1965
2 1838 1967
2 1838 1968
2 1838 1969
2 1840 1852
2 1840 1979
2 1840 2034
2 1841 1853
2 1841 1980
2 1841 2035
2 1842 1854
2 1842 1981
2 1842 2036
2 1843 1855
2 1843 1982
2 1843 2037
2 1844 1848
2 1844 1852
2 1844 1971
2 1845 1849
2 1845 1853
2 1845 1972
2 1846 1850
2 1846 1854
2 1846 1973
2 1847 1851
2 1847 1855
2 1847 1974
2 1856 1862
2 1856 1864
2 1856 1957
2 1857 1863
2 1857 1865
2 1857 1958
2 1858 1860
2 1858 1864
2 1858 1947
2 1859 1861
2 1859 1865
2 1859 1948
2 1862 1951
2 1862 1953
2 1862 1955
2 1863 1952
2 1863 1954
2 1863 1956
2 1866 1878
2 1866 1925
2 1866 2016
2 1867 1879
2 1867 1926
2 1867 2017
2 1868 1880
2 1868 1927
2 1868 2018
2 1869 1881
2 1869 1928
2 1869 2019
2 1870 1874
2 1870 1878
2 1870 1917
2 1871 1875
2 1871 1879
2 1871 1918
2 1872 1876
2 1872 1880
2 1872 1919
2 1873 1877
2 1873 1881
2 1873 1920
2 1882 1888
2 1882 1933
2 1882 2028
2 1883 1889
2 1883 1934
2 1883 2029
2 1884 1886
2 1884 1888
2 1884 1929
2 1885 1887
2 1885 1889
2 1885 1930
2 1888 3783
2 1889 3784
2 1890 1893
2 1890 1894
2 1890 1940
2 1891 1892
2 1891 1894
2 1891 1935
2 1893 1937
2 1893 1938
2 1893 1939
2 1895 1901
2 1895 1909
2 1895 1915
2 1896 1902
2 1896 1910
2 1896 1916
2 1897 1899
2 1897 1909
2 1897 1911
2 1898 1900
2 1898 1910
2 1898 1912
2 1901 1903
2 1901 1905
2 1901 1907
2 1902 1904
2 1902 1906
2 1902 1908
2 1911 1913
2 1911 1915
2 1912 1914
2 1912 1916
2 1917 1921
2 1917 1925
2 1918 1922
2 1918 1926
2 1919 1923
2 1919 1927
2 1920 1924
2 1920 1928
2 1929 1931
2 1929 1933
2 1930 1932
2 1930 1934
2 1935 1936
2 1935 1940
2 1940 3791
2 1941 1943
2 1941 1945
2 1942 1944
2 1942 1946
2 1947 1949
2 1947 1957
2 1948 1950
2 1948 1958
2 1959 1961
2 1959 1963
2 1960 1962
2 1960 1964
2 1965 1966
2 1965 1970
2 1971 1975
2 1971 1979
2 1972 1976
2 1972 1980
2 1973 1977
2 1973 1981
2 1974 1978
2 1974 1982
2 1983 1987
2 1983 1991
2 1984 1988
2 1984 1992
2 1985 1989
2 1985 1993
2 1986 1990
2 1986 1994
2 1995 1996
2 1995 1997
2 1998 2000
2 1998 2002
2 1999 2001
2 1999 2003
2 2004 2006
2 2004 2008
2 2005 2007
2 2005 2009
2 2010 2012
2 2010 2014
2 2011 2013
2 2011 2015
2 2016 2020
2 2016 2024
2 2017 2021
2 2017 2025
2 2018 2022
2 2018 2026
2 2019 2023
2 2019 2027
2 2028 2030
2 2028 2032
2 2029 2031
2 2029 2033
2 2034 2038
2 2034 2042
2 2035 2039
2 2035 2043
2 2036 2040
2 2036 2044
2 2037 2041
2 2037 2045
2 2046 2048
2 2046 2050
2 2047 2049
2 2047 2051
2 2052 2053
2 2052 2054
2 2055 2057
2 2055 2059
2 2056 2058
2 2056 2060
2 2061 2062
2 2061 2063
2 2064 2065
2 2064 2066
2 2067 2069
2 2067 2071
2 2068 2070
2 2068 2072
2 2073 2075
2 2073 2077
2 2074 2076
2 2074 2078
2 2079 2083
2 2079 3125
2 2079 3313
2 2080 2084
2 2080 3126
2 2080 3314
2 2081 2082
2 2081 2085
2 2081 2276
2 2083 2278
2 2083 2280
2 2083 2282
2 2084 2279
2 2084 2281
2 2084 2283
2 2085 3119
2 2085 3127
2 2086 2104
2 2086 2315
2 2086 3125
2 2086 3361
2 2087 2105
2 2087 2316
2 2087 3126
2 2087 3362
2 2088 2599
2 2089 2091
2 2089 2095
2 2089 2236
2 2090 2093
2 2090 2096
2 2090 2237
2 2097 2119
2 2097 2323
2 2098 2324
2 2099 2548
2 2099 3143
2 2099 3318
2 2100 2102
2 2100 2104
2 2100 2285
2 2101 2103
2 2101 2105
2 2101 2286
2 2104 3139
2 2105 3140
2 2106 2111
2 2107 2112
2 2108 2109
2 2108 2119
2 2108 2272
2 2111 2113
2 2111 2115
2 2111 2117
2 2112 2114
2 2112 2116
2 2112 2118
2 2120 2563
2 2120 3163
2 2120 3287
2 2121 2123
2 2121 2127
2 2121 2253
2 2122 2125
2 2122 2128
2 2122 2254
2 2127 2129
2 2127 3158
2 2128 2131
2 2128 3159
2 2129 2365
2 2129 3183
2 2129 3409
2 2130 2366
2 2130 3410
2 2131 2367
2 2131 3184
2 2131 3411
2 2132 2368
2 2132 3412
2 2133 2587
2 2134 2588
2 2135 2136
2 2135 2137
2 2135 2261
2 2137 2138
2 2138 2372
2 2139 2144
2 2139 3183
2 2139 3299
2 2140 2145
2 2140 3184
2 2140 3300
2 2141 2142
2 2141 2152
2 2141 2264
2 2144 2146
2 2144 2148
2 2144 2150
2 2145 2147
2 2145 2149
2 2145 2151
2 2152 3164
2 2152 3172
2 2153 2158
2 2154 2156
2 2154 2162
2 2154 2243
2 2155 2157
2 2155 2163
2 2155 2244
2 2158 2159
2 2158 2160
2 2158 2161
2 2164 2169
2 2164 2695
2 2164 2742
2 2165 2170
2 2165 2696
2 2165 2743
2 2166 2168
2 2166 2171
2 2166 2217
2 2169 2220
2 2169 2222
2 2169 2224
2 2170 2221
2 2170 2223
2 2170 2225
2 2171 2687
2 2171 2698
2 2172 2532
2 2172 3022
2 2173 2533
2 2173 3023
2 2174 2215
2 2174 2534
2 2174 2695
2 2174 3024
2 2175 2216
2 2175 2535
2 2175 2696
2 2175 3025
2 2176 2572
2 2176 2704
2 2176 2746
2 2177 2179
2 2177 2183
2 2177 2227
2 2178 2180
2 2178 2184
2 2178 2228
2 2183 2185
2 2183 2699
2 2184 2186
2 2184 2700
2 2185 2514
2 2185 2742
2 2185 3004
2 2186 2515
2 2186 2743
2 2186 3005
2 2187 2516
2 2187 3006
2 2188 2517
2 2188 3007
2 2189 2566
2 2189 2712
2 2189 2751
2 2190 2567
2 2190 2713
2 2190 2752
2 2191 2192
2 2191 2193
2 2191 2233
2 2193 2707
2 2193 2714
2 2194 2231
2 2194 2540
2 2194 2712
2 2194 3042
2 2195 2232
2 2195 2541
2 2195 2713
2 2195 3043
2 2196 2201
2 2196 2727
2 2196 2732
2 2197 2199
2 2197 2205
2 2197 2209
2 2198 2200
2 2198 2206
2 2198 2210
2 2201 2202
2 2201 2203
2 2201 2204
2 2205 2207
2 2205 2715
2 2206 2208
2 2206 2716
2 2207 2486
2 2207 2751
2 2207 3048
2 2208 2487
2 2208 2752
2 2208 3049
2 2209 2213
2 2209 2215
2 2210 2214
2 2210 2216
2 2215 2715
2 2216 2716
2 2217 2218
2 2217 2226
2 2226 2687
2 2226 2705
2 2227 2229
2 2227 2231
2 2228 2230
2 2228 2232
2 2231 2699
2 2232 2700
2 2233 2234
2 2233 2235
2 2235 2707
2 2235 2728
2 2236 2238
2 2236 2240
2 2237 2239
2 2237 2241
2 2242 2263
2 2242 2439
2 2243 2245
2 2243 2249
2 2244 2247
2 2244 2250
2 2251 2275
2 2251 2429
2 2252 2430
2 2253 2255
2 2253 2257
2 2254 2256
2 2254 2258
2 2257 2259
2 2257 3158
2 2258 2260
2 2258 3159
2 2259 2435
2 2259 3313
2 2259 3419
2 2260 2436
2 2260 3314
2 2260 3420
2 2261 2262
2 2261 2263
2 2264 2266
2 2264 2267
2 2267 3172
2 2267 3302
2 2268 2411
2 2268 3472
2 2269 2412
2 2269 3473
2 2270 2291
2 2270 2413
2 2270 3299
2 2270 3474
2 2271 2292
2 2271 2414
2 2271 3300
2 2271 3475
2 2272 2273
2 2272 2275
2 2276 2277
2 2276 2284
2 2284 3119
2 2284 3288
2 2285 2289
2 2285 2291
2 2286 2290
2 2286 2292
2 2291 3139
2 2292 3140
2 2293 2305
2 2293 2532
2 2293 2575
2 2294 2306
2 2294 2533
2 2294 2576
2 2295 2307
2 2295 2534
2 2295 2577
2 2296 2308
2 2296 2535
2 2296 2578
2 2297 2301
2 2297 2305
2 2297 2524
2 2298 2302
2 2298 2306
2 2298 2525
2 2299 2303
2 2299 2307
2 2299 2526
2 2300 2304
2 2300 2308
2 2300 2527
2 2309 2315
2 2309 2474
2 2309 2542
2 2310 2316
2 2310 2475
2 2310 2543
2 2311 2313
2 2311 2315
2 2311 2470
2 2312 2314
2 2312 2316
2 2312 2471
2 2317 2323
2 2317 2540
2 2317 2593
2 2318 2324
2 2318 2541
2 2318 2594
2 2319 2321
2 2319 2323
2 2319 2536
2 2320 2322
2 2320 2324
2 2320 2537
2 2325 2328
2 2325 2332
2 2325 2523
2 2326 2327
2 2326 2332
2 2326 2521
2 2328 2329
2 2328 2330
2 2328 2331
2 2332 3127
2 2333 2339
2 2333 2347
2 2333 2492
2 2334 2340
2 2334 2348
2 2334 2493
2 2335 2337
2 2335 2347
2 2335 2488
2 2336 2338
2 2336 2348
2 2336 2489
2 2339 2341
2 2339 2343
2 2339 2345
2 2340 2342
2 2340 2344
2 2340 2346
2 2349 2361
2 2349 2365
2 2349 2514
2 2350 2362
2 2350 2366
2 2350 2515
2 2351 2363
2 2351 2367
2 2351 2516
2 2352 2364
2 2352 2368
2 2352 2517
2 2353 2357
2 2353 2365
2 2353 2494
2 2354 2358
2 2354 2366
2 2354 2495
2 2355 2359
2 2355 2367
2 2355 2496
2 2356 2360
2 2356 2368
2 2356 2497
2 2361 2502
2 2361 2506
2 2361 2510
2 2362 2503
2 2362 2507
2 2362 2511
2 2363 2504
2 2363 2508
2 2363 2512
2 2364 2505
2 2364 2509
2 2364 2513
2 2369 2372
2 2369 2520
2 2369 2560
2 2370 2371
2 2370 2372
2 2370 2518
2 2373 2379
2 2373 2381
2 2373 2486
2 2374 2380
2 2374 2382
2 2374 2487
2 2375 2377
2 2375 2381
2 2375 2476
2 2376 2378
2 2376 2382
2 2376 2477
2 2379 2480
2 2379 2482
2 2379 2484
2 2380 2481
2 2380 2483
2 2380 2485
2 2381 3164
2 2382 3165
2 2383 2386
2 2383 2439
2 2383 2551
2 2384 2385
2 2384 2386
2 2384 2437
2 2386 3288
2 2387 2393
2 2387 2444
2 2387 2554
2 2388 2394
2 2388 2445
2 2388 2555
2 2389 2391
2 2389 2393
2 2389 2440
2 2390 2392
2 2390 2394
2 2390 2441
2 2395 2407
2 2395 2411
2 2395 2466
2 2396 2408
2 2396 2412
2 2396 2467
2 2397 2409
2 2397 2413
2 2397 2468
2 2398 2410
2 2398 2414
2 2398 2469
2 2399 2403
2 2399 2411
2 2399 2446
2 2400 2404
2 2400 2412
2 2400 2447
2 2401 2405
2 2401 2413
2 2401 2448
2 2402 2406
2 2402 2414
2 2402 2449
2 2407 2454
2 2407 2458
2 2407 2462
2 2408 2455
2 2408 2459
2 2408 2463
2 2409 2456
2 2409 2460
2 2409 2464
2 2410 2457
2 2410 2461
2 2410 2465
2 2415 2421
2 2415 2429
2 2415 2435
2 2416 2422
2 2416 2430
2 2416 2436
2 2417 2419
2 2417 2429
2 2417 2431
2 2418 2420
2 2418 2430
2 2418 2432
2 2421 2423
2 2421 2425
2 2421 2427
2 2422 2424
2 2422 2426
2 2422 2428
2 2431 2433
2 2431 2435
2 2432 2434
2 2432 2436
2 2437 2438
2 2437 2439
2 2440 2442
2 2440 2444
2 2441 2443
2 2441 2445
2 2444 3301
2 2445 3302
2 2446 2450
2 2446 2466
2 2447 2451
2 2447 2467
2 2448 2452
2 2448 2468
2 2449 2453
2 2449 2469
2 2470 2472
2 2470 2474
2 2471 2473
2 2471 2475
2 2474 2705
2 2475 2706
2 2476 2478
2 2476 2486
2 2477 2479
2 2477 2487
2 2488 2490
2 2488 2492
2 2489 2491
2 2489 2493
2 2492 2697
2 2493 2698
2 2494 2498
2 2494 2514
2 2495 2499
2 2495 2515
2 2496 2500
2 2496 2516
2 2497 2501
2 2497 2517
2 2518 2519
2 2518 2520
2 2520 2714
2 2521 2522
2 2521 2523
2 2523 2728
2 2524 2528
2 2524 2532
2 2525 2529
2 2525 2533
2 2526 2530
2 2526 2534
2 2527 2531
2 2527 2535
2 2536 2538
2 2536 2540
2 2537 2539
2 2537 2541
2 2542 2544
2 2542 2546
2 2543 2545
2 2543 2547
2 2548 2549
2 2548 2550
2 2551 2552
2 2551 2553
2 2554 2556
2 2554 2558
2 2555 2557
2 2555 2559
2 2560 2561
2 2560 2562
2 2563 2564
2 2563 2565
2 2566 2568
2 2566 2570
2 2567 2569
2 2567 2571
2 2572 2573
2 2572 2574
2 2575 2579
2 2575 2583
2 2576 2580
2 2576 2584
2 2577 2581
2 2577 2585
2 2578 2582
2 2578 2586
2 2587 2589
2 2587 2591
2 2588 2590
2 2588 2592
2 2593 2595
2 2593 2597
2 2594 2596
2 2594 2598
2 2599 2600
2 2599 2601
2 2602 2607
2 2602 3640
2 2602 3820
2 2603 2608
2 2603 3641
2 2603 3821
2 2604 2606
2 2604 2609
2 2604 2793
2 2607 2795
2 2607 2797
2 2607 2799
2 2608 2796
2 2608 2798
2 2608 2800
2 2609 3632
2 2609 3643
2 2610 2830
2 2610 3874
2 2611 2629
2 2611 2831
2 2611 3640
2 2611 3875
2 2612 2832
2 2612 3876
2 2613 2630
2 2613 2833
2 2613 3641
2 2613 3877
2 2614 3116
2 2615 2617
2 2615 2619
2 2615 2753
2 2616 2618
2 2616 2620
2 2616 2754
2 2621 2643
2 2621 2837
2 2622 3071
2 2622 3657
2 2622 3825
2 2623 2626
2 2623 2629
2 2623 2802
2 2624 2628
2 2624 2630
2 2624 2803
2 2629 3652
2 2630 3653
2 2631 2635
2 2632 2636
2 2633 2634
2 2633 2643
2 2633 2789
2 2635 2637
2 2635 2639
2 2635 2641
2 2636 2638
2 2636 2640
2 2636 2642
2 2644 3089
2 2644 3675
2 2644 3794
2 2645 2647
2 2645 2649
2 2645 2770
2 2646 2648
2 2646 2650
2 2646 2771
2 2649 2651
2 2649 3671
2 2650 2652
2 2650 3672
2 2651 2894
2 2651 3694
2 2651 3931
2 2652 2895
2 2652 3695
2 2652 3932
2 2653 3107
2 2654 3108
2 2655 2657
2 2655 2658
2 2655 2778
2 2658 2660
2 2659 2902
2 2660 2903
2 2661 2665
2 2661 3694
2 2661 3806
2 2662 2666
2 2662 3695
2 2662 3807
2 2663 2664
2 2663 2673
2 2663 2781
2 2665 2667
2 2665 2669
2 2665 2671
2 2666 2668
2 2666 2670
2 2666 2672
2 2673 3676
2 2673 3685
2 2674 2681
2 2675 2678
2 2675 2685
2 2675 2760
2 2676 2680
2 2676 2686
2 2676 2761
2 2681 2682
2 2681 2683
2 2681 2684
2 2687 2694
2 2688 2692
2 2688 2695
2 2688 2733
2 2689 2693
2 2689 2696
2 2689 2734
2 2694 2739
2 2694 2740
2 2694 2741
2 2697 3054
2 2698 2732
2 2698 3055
2 2699 3095
2 2700 3096
2 2701 2702
2 2701 2704
2 2701 2744
2 2704 2705
2 2705 3036
2 2706 3037
2 2707 3092
2 2708 2710
2 2708 2712
2 2708 2747
2 2709 2711
2 2709 2713
2 2709 2748
2 2714 2746
2 2714 3058
2 2715 2719
2 2716 2720
2 2717 2718
2 2717 2727
2 2717 2729
2 2719 2721
2 2719 2723
2 2719 2725
2 2720 2722
2 2720 2724
2 2720 2726
2 2727 2728
2 2728 3013
2 2729 2731
2 2729 2732
2 2733 2735
2 2733 2742
2 2734 2736
2 2734 2743
2 2744 2745
2 2744 2746
2 2747 2749
2 2747 2751
2 2748 2750
2 2748 2752
2 2753 2755
2 2753 2757
2 2754 2756
2 2754 2758
2 2759 2780
2 2759 2965
2 2760 2762
2 2760 2766
2 2761 2764
2 2761 2767
2 2768 2792
2 2768 2955
2 2769 2956
2 2770 2772
2 2770 2774
2 2771 2773
2 2771 2775
2 2774 2776
2 2774 3671
2 2775 2777
2 2775 3672
2 2776 2961
2 2776 3820
2 2776 3939
2 2777 2962
2 2777 3821
2 2777 3940
2 2778 2779
2 2778 2780
2 2781 2783
2 2781 2784
2 2784 3685
2 2784 3809
2 2785 2937
2 2785 3992
2 2786 2938
2 2786 3993
2 2787 2808
2 2787 2939
2 2787 3806
2 2787 3994
2 2788 2809
2 2788 2940
2 2788 3807
2 2788 3995
2 2789 2790
2 2789 2792
2 2793 2794
2 2793 2801
2 2801 3632
2 2801 3795
2 2802 2806
2 2802 2808
2 2803 2807
2 2803 2809
2 2808 3652
2 2809 3653
2 2810 2816
2 2810 3054
2 2810 3101
2 2811 2817
2 2811 3055
2 2811 3102
2 2812 2814
2 2812 2816
2 2812 3050
2 2813 2815
2 2813 2817
2 2813 3051
2 2818 2830
2 2818 3004
2 2818 3059
2 2819 2831
2 2819 3005
2 2819 3060
2 2820 2832
2 2820 3006
2 2820 3061
2 2821 2833
2 2821 3007
2 2821 3062
2 2822 2826
2 2822 2830
2 2822 2996
2 2823 2827
2 2823 2831
2 2823 2997
2 2824 2828
2 2824 2832
2 2824 2998
2 2825 2829
2 2825 2833
2 2825 2999
2 2834 2837
2 2834 3058
2 2834 3113
2 2835 2836
2 2835 2837
2 2835 3056
2 2838 2844
2 2838 2852
2 2838 3048
2 2839 2845
2 2839 2853
2 2839 3049
2 2840 2842
2 2840 2852
2 2840 3044
2 2841 2843
2 2841 2853
2 2841 3045
2 2844 2846
2 2844 2848
2 2844 2850
2 2845 2847
2 2845 2849
2 2845 2851
2 2852 3642
2 2853 3643
2 2854 2866
2 2854 2882
2 2854 3022
2 2855 2867
2 2855 2883
2 2855 3023
2 2856 2868
2 2856 2884
2 2856 3024
2 2857 2869
2 2857 2885
2 2857 3025
2 2858 2862
2 2858 2882
2 2858 3014
2 2859 2863
2 2859 2883
2 2859 3015
2 2860 2864
2 2860 2884
2 2860 3016
2 2861 2865
2 2861 2885
2 2861 3017
2 2866 2870
2 2866 2874
2 2866 2878
2 2867 2871
2 2867 2875
2 2867 2879
2 2868 2872
2 2868 2876
2 2868 2880
2 2869 2873
2 2869 2877
2 2869 2881
2 2886 2892
2 2886 2894
2 2886 3036
2 2887 2893
2 2887 2895
2 2887 3037
2 2888 2890
2 2888 2894
2 2888 3026
2 2889 2891
2 2889 2895
2 2889 3027
2 2892 3030
2 2892 3032
2 2892 3034
2 2893 3031
2 2893 3033
2 2893 3035
2 2896 2902
2 2896 3042
2 2896 3083
2 2897 2903
2 2897 3043
2 2897 3084
2 2898 2900
2 2898 2902
2 2898 3038
2 2899 2901
2 2899 2903
2 2899 3039
2 2904 2907
2 2904 2908
2 2904 3013
2 2905 2906
2 2905 2908
2 2905 3008
2 2907 3010
2 2907 3011
2 2907 3012
2 2908 3676
2 2909 2912
2 2909 2965
2 2909 3074
2 2910 2911
2 2910 2912
2 2910 2963
2 2912 3795
2 2913 2919
2 2913 2970
2 2913 3077
2 2914 2920
2 2914 2971
2 2914 3078
2 2915 2917
2 2915 2919
2 2915 2966
2 2916 2918
2 2916 2920
2 2916 2967
2 2921 2933
2 2921 2937
2 2921 2992
2 2922 2934
2 2922 2938
2 2922 2993
2 2923 2935
2 2923 2939
2 2923 2994
2 2924 2936
2 2924 2940
2 2924 2995
2 2925 2929
2 2925 2937
2 2925 2972
2 2926 2930
2 2926 2938
2 2926 2973
2 2927 2931
2 2927 2939
2 2927 2974
2 2928 2932
2 2928 2940
2 2928 2975
2 2933 2980
2 2933 2984
2 2933 2988
2 2934 2981
2 2934 2985
2 2934 2989
2 2935 2982
2 2935 2986
2 2935 2990
2 2936 2983
2 2936 2987
2 2936 2991
2 2941 2947
2 2941 2955
2 2941 2961
2 2942 2948
2 2942 2956
2 2942 2962
2 2943 2945
2 2943 2955
2 2943 2957
2 2944 2946
2 2944 2956
2 2944 2958
2 2947 2949
2 2947 2951
2 2947 2953
2 2948 2950
2 2948 2952
2 2948 2954
2 2957 2959
2 2957 2961
2 2958 2960
2 2958 2962
2 2963 2964
2 2963 2965
2 2966 2968
2 2966 2970
2 2967 2969
2 2967 2971
2 2970 3808
2 2971 3809
2 2972 2976
2 2972 2992
2 2973 2977
2 2973 2993
2 2974 2978
2 2974 2994
2 2975 2979
2 2975 2995
2 2996 3000
2 2996 3004
2 2997 3001
2 2997 3005
2 2998 3002
2 2998 3006
2 2999 3003
2 2999 3007
2 3008 3009
2 3008 3013
2 3014 3018
2 3014 3022
2 3015 3019
2 3015 3023
2 3016 3020
2 3016 3024
2 3017 3021
2 3017 3025
2 3026 3028
2 3026 3036
2 3027 3029
2 3027 3037
2 3038 3040
2 3038 3042
2 3039 3041
2 3039 3043
2 3044 3046
2 3044 3048
2 3045 3047
2 3045 3049
2 3050 3052
2 3050 3054
2 3051 3053
2 3051 3055
2 3056 3057
2 3056 3058
2 3059 3063
2 3059 3067
2 3060 3064
2 3060 3068
2 3061 3065
2 3061 3069
2 3062 3066
2 3062 3070
2 3071 3072
2 3071 3073
2 3074 3075
2 3074 3076
2 3077 3079
2 3077 3081
2 3078 3080
2 3078 3082
2 3083 3085
2 3083 3087
2 3084 3086
2 3084 3088
2 3089 3090
2 3089 3091
2 3092 3093
2 3092 3094
2 3095 3097
2 3095 3099
2 3096 3098
2 3096 3100
2 3101 3103
2 3101 3105
2 3102 3104
2 3102 3106
2 3107 3109
2 3107 3111
2 3108 3110
2 3108 3112
2 3113 3114
2 3113 3115
2 3116 3117
2 3116 3118
2 3119 3124
2 3120 3122
2 3120 3125
2 3120 3306
2 3121 3123
2 3121 3126
2 3121 3307
2 3124 3310
2 3124 3311
2 3124 3312
2 3127 3143
2 3127 3338
2 3128 3629
2 3129 3131
2 3129 3135
2 3129 3268
2 3130 3133
2 3130 3136
2 3130 3269
2 3137 3157
2 3137 3345
2 3138 3346
2 3139 3563
2 3140 3564
2 3141 3142
2 3141 3143
2 3141 3315
2 3144 3149
2 3145 3150
2 3146 3147
2 3146 3157
2 3146 3303
2 3149 3151
2 3149 3153
2 3149 3155
2 3150 3152
2 3150 3154
2 3150 3156
2 3158 3590
2 3159 3591
2 3160 3161
2 3160 3163
2 3160 3285
2 3163 3164
2 3164 3387
2 3165 3388
2 3166 3617
2 3167 3618
2 3168 3169
2 3168 3170
2 3168 3289
2 3170 3171
2 3171 3392
2 3172 3179
2 3173 3175
2 3173 3183
2 3173 3293
2 3174 3177
2 3174 3184
2 3174 3294
2 3179 3180
2 3179 3181
2 3179 3182
2 3185 3190
2 3186 3188
2 3186 3194
2 3186 3278
2 3187 3189
2 3187 3195
2 3187 3279
2 3190 3191
2 3190 3192
2 3190 3193
2 3196 3201
2 3196 3717
2 3196 3762
2 3197 3202
2 3197 3718
2 3197 3763
2 3198 3200
2 3198 3203
2 3198 3249
2 3201 3251
2 3201 3253
2 3201 3255
2 3202 3252
2 3202 3254
2 3202 3256
2 3203 3709
2 3203 3720
2 3204 3550
2 3204 4034
2 3205 3551
2 3205 4035
2 3206 3247
2 3206 3552
2 3206 3717
2 3206 4036
2 3207 3248
2 3207 3553
2 3207 3718
2 3207 4037
2 3208 3602
2 3208 3725
2 3208 3766
2 3209 3211
2 3209 3213
2 3209 3258
2 3210 3212
2 3210 3214
2 3210 3259
2 3213 3215
2 3213 3721
2 3214 3216
2 3214 3722
2 3215 3531
2 3215 3762
2 3215 4012
2 3216 3532
2 3216 3763
2 3216 4013
2 3217 3596
2 3217 3732
2 3217 3773
2 3218 3597
2 3218 3733
2 3218 3774
2 3219 3220
2 3219 3221
2 3219 3264
2 3221 3727
2 3221 3734
2 3222 3262
2 3222 3558
2 3222 3732
2 3222 4048
2 3223 3263
2 3223 3559
2 3223 3733
2 3223 4049
2 3224 3231
2 3224 3748
2 3224 3754
2 3225 3229
2 3225 3235
2 3225 3241
2 3226 3230
2 3226 3236
2 3226 3242
2 3231 3232
2 3231 3233
2 3231 3234
2 3235 3239
2 3235 3735
2 3236 3240
2 3236 3736
2 3237 3511
2 3237 4058
2 3238 3512
2 3238 4059
2 3239 3513
2 3239 3773
2 3239 4060
2 3240 3514
2 3240 3774
2 3240 4061
2 3241 3245
2 3241 3247
2 3242 3246
2 3242 3248
2 3247 3735
2 3248 3736
2 3249 3250
2 3249 3257
2 3257 3709
2 3257 3726
2 3258 3260
2 3258 3262
2 3259 3261
2 3259 3263
2 3262 3721
2 3263 3722
2 3264 3266
2 3264 3267
2 3267 3727
2 3267 3750
2 3268 3271
2 3268 3274
2 3269 3273
2 3269 3275
2 3276 3462
2 3277 3292
2 3277 3463
2 3278 3280
2 3278 3282
2 3279 3281
2 3279 3283
2 3284 3305
2 3284 3454
2 3285 3286
2 3285 3287
2 3287 3288
2 3288 3457
2 3289 3291
2 3289 3292
2 3293 3297
2 3293 3299
2 3294 3298
2 3294 3300
2 3301 3445
2 3302 3318
2 3302 3446
2 3303 3304
2 3303 3305
2 3306 3308
2 3306 3313
2 3307 3309
2 3307 3314
2 3315 3317
2 3315 3318
2 3319 3331
2 3319 3550
2 3319 3605
2 3320 3332
2 3320 3551
2 3320 3606
2 3321 3333
2 3321 3552
2 3321 3607
2 3322 3334
2 3322 3553
2 3322 3608
2 3323 3327
2 3323 3331
2 3323 3542
2 3324 3328
2 3324 3332
2 3324 3543
2 3325 3329
2 3325 3333
2 3325 3544
2 3326 3330
2 3326 3334
2 3326 3545
2 3335 3338
2 3335 3490
2 3335 3560
2 3336 3337
2 3336 3338
2 3336 3488
2 3339 3345
2 3339 3558
2 3339 3623
2 3340 3346
2 3340 3559
2 3340 3624
2 3341 3343
2 3341 3345
2 3341 3554
2 3342 3344
2 3342 3346
2 3342 3555
2 3347 3353
2 3347 3361
2 3347 3540
2 3348 3354
2 3348 3362
2 3348 3541
2 3349 3351
2 3349 3361
2 3349 3536
2 3350 3352
2 3350 3362
2 3350 3537
2 3353 3355
2 3353 3357
2 3353 3359
2 3354 3356
2 3354 3358
2 3354 3360
2 3363 3369
2 3363 3377
2 3363 3519
2 3364 3370
2 3364 3378
2 3364 3520
2 3365 3367
2 3365 3377
2 3365 3515
2 3366 3368
2 3366 3378
2 3366 3516
2 3369 3371
2 3369 3373
2 3369 3375
2 3370 3372
2 3370 3374
2 3370 3376
2 3379 3385
2 3379 3387
2 3379 3531
2 3380 3386
2 3380 3388
2 3380 3532
2 3381 3383
2 3381 3387
2 3381 3521
2 3382 3384
2 3382 3388
2 3382 3522
2 3385 3525
2 3385 3527
2 3385 3529
2 3386 3526
2 3386 3528
2 3386 3530
2 3389 3392
2 3389 3535
2 3389 3587
2 3390 3391
2 3390 3392
2 3390 3533
2 3393 3405
2 3393 3409
2 3393 3511
2 3394 3406
2 3394 3410
2 3394 3512
2 3395 3407
2 3395 3411
2 3395 3513
2 3396 3408
2 3396 3412
2 3396 3514
2 3397 3401
2 3397 3409
2 3397 3491
2 3398 3402
2 3398 3410
2 3398 3492
2 3399 3403
2 3399 3411
2 3399 3493
2 3400 3404
2 3400 3412
2 3400 3494
2 3405 3499
2 3405 3503
2 3405 3507
2 3406 3500
2 3406 3504
2 3406 3508
2 3407 3501
2 3407 3505
2 3407 3509
2 3408 3502
2 3408 3506
2 3408 3510
2 3413 3419
2 3413 3462
2 3413 3569
2 3414 3420
2 3414 3463
2 3414 3570
2 3415 3417
2 3415 3419
2 3415 3458
2 3416 3418
2 3416 3420
2 3416 3459
2 3421 3433
2 3421 3472
2 3421 3575
2 3422 3434
2 3422 3473
2 3422 3576
2 3423 3435
2 3423 3474
2 3423 3577
2 3424 3436
2 3424 3475
2 3424 3578
2 3425 3429
2 3425 3433
2 3425 3464
2 3426 3430
2 3426 3434
2 3426 3465
2 3427 3431
2 3427 3435
2 3427 3466
2 3428 3432
2 3428 3436
2 3428 3467
2 3437 3443
2 3437 3445
2 3437 3486
2 3438 3444
2 3438 3446
2 3438 3487
2 3439 3441
2 3439 3445
2 3439 3476
2 3440 3442
2 3440 3446
2 3440 3477
2 3443 3480
2 3443 3482
2 3443 3484
2 3444 3481
2 3444 3483
2 3444 3485
2 3447 3450
2 3447 3454
2 3447 3457
2 3448 3449
2 3448 3454
2 3448 3455
2 3450 3451
2 3450 3452
2 3450 3453
2 3455 3456
2 3455 3457
2 3458 3460
2 3458 3462
2 3459 3461
2 3459 3463
2 3464 3468
2 3464 3472
2 3465 3469
2 3465 3473
2 3466 3470
2 3466 3474
2 3467 3471
2 3467 3475
2 3476 3478
2 3476 3486
2 3477 3479
2 3477 3487
2 3488 3489
2 3488 3490
2 3490 3726
2 3491 3495
2 3491 3511
2 3492 3496
2 3492 3512
2 3493 3497
2 3493 3513
2 3494 3498
2 3494 3514
2 3515 3517
2 3515 3519
2 3516 3518
2 3516 3520
2 3519 3719
2 3520 3720
2 3521 3523
2 3521 3531
2 3522 3524
2 3522 3532
2 3533 3534
2 3533 3535
2 3535 3734
2 3536 3538
2 3536 3540
2 3537 3539
2 3537 3541
2 3540 3749
2 3541 3750
2 3542 3546
2 3542 3550
2 3543 3547
2 3543 3551
2 3544 3548
2 3544 3552
2 3545 3549
2 3545 3553
2 3554 3556
2 3554 3558
2 3555 3557
2 3555 3559
2 3560 3561
2 3560 3562
2 3563 3565
2 3563 3567
2 3564 3566
2 3564 3568
2 3569 3571
2 3569 3573
2 3570 3572
2 3570 3574
2 3575 3579
2 3575 3583
2 3576 3580
2 3576 3584
2 3577 3581
2 3577 3585
2 3578 3582
2 3578 3586
2 3587 3588
2 3587 3589
2 3590 3592
2 3590 3594
2 3591 3593
2 3591 3595
2 3596 3598
2 3596 3600
2 3597 3599
2 3597 3601
2 3602 3603
2 3602 3604
2 3605 3609
2 3605 3613
2 3606 3610
2 3606 3614
2 3607 3611
2 3607 3615
2 3608 3612
2 3608 3616
2 3617 3619
2 3617 3621
2 3618 3620
2 3618 3622
2 3623 3625
2 3623 3627
2 3624 3626
2 3624 3628
2 3629 3630
2 3629 3631
2 3632 3639
2 3633 3636
2 3633 3640
2 3633 3813
2 3634 3638
2 3634 3641
2 3634 3814
2 3639 3817
2 3639 3818
2 3639 3819
2 3642 3840
2 3643 3657
2 3643 3841
2 3644 4137
2 3645 3647
2 3645 3649
2 3645 3775
2 3646 3648
2 3646 3650
2 3646 3776
2 3651 3670
2 3651 3845
2 3652 4077
2 3653 4078
2 3654 3656
2 3654 3657
2 3654 3822
2 3658 3662
2 3659 3663
2 3660 3661
2 3660 3670
2 3660 3810
2 3662 3664
2 3662 3666
2 3662 3668
2 3663 3665
2 3663 3667
2 3663 3669
2 3671 4107
2 3672 4108
2 3673 3674
2 3673 3675
2 3673 3792
2 3675 3676
2 3676 3914
2 3677 4128
2 3678 4129
2 3679 3681
2 3679 3682
2 3679 3796
2 3682 3684
2 3683 3921
2 3684 3922
2 3685 3690
2 3686 3688
2 3686 3694
2 3686 3800
2 3687 3689
2 3687 3695
2 3687 3801
2 3690 3691
2 3690 3692
2 3690 3693
2 3696 3703
2 3697 3700
2 3697 3707
2 3697 3785
2 3698 3702
2 3698 3708
2 3698 3786
2 3703 3704
2 3703 3705
2 3703 3706
2 3709 3716
2 3710 3714
2 3710 3717
2 3710 3755
2 3711 3715
2 3711 3718
2 3711 3756
2 3716 3759
2 3716 3760
2 3716 3761
2 3719 4066
2 3720 3754
2 3720 4067
2 3721 4116
2 3722 4117
2 3723 3724
2 3723 3725
2 3723 3764
2 3725 3726
2 3726 4043
2 3727 4113
2 3728 3730
2 3728 3732
2 3728 3767
2 3729 3731
2 3729 3733
2 3729 3768
2 3734 3766
2 3734 4070
2 3735 3740
2 3736 3741
2 3737 3739
2 3737 3748
2 3737 3751
2 3740 3742
2 3740 3744
2 3740 3746
2 3741 3743
2 3741 3745
2 3741 3747
2 3748 3750
2 3749 4024
2 3750 4025
2 3751 3753
2 3751 3754
2 3755 3757
2 3755 3762
2 3756 3758
2 3756 3763
2 3764 3765
2 3764 3766
2 3767 3771
2 3767 3773
2 3768 3772
2 3768 3774
2 3775 3778
2 3775 3781
2 3776 3780
2 3776 3782
2 3783 3982
2 3784 3799
2 3784 3983
2 3785 3787
2 3785 3789
2 3786 3788
2 3786 3790
2 3791 3812
2 3791 3974
2 3792 3793
2 3792 3794
2 3794 3795
2 3795 3977
2 3796 3798
2 3796 3799
2 3800 3804
2 3800 3806
2 3801 3805
2 3801 3807
2 3808 3965
2 3809 3825
2 3809 3966
2 3810 3811
2 3810 3812
2 3813 3815
2 3813 3820
2 3814 3816
2 3814 3821
2 3822 3824
2 3822 3825
2 3826 3832
2 3826 4066
2 3826 4122
2 3827 3833
2 3827 4067
2 3827 4123
2 3828 3830
2 3828 3832
2 3828 4062
2 3829 3831
2 3829 3833
2 3829 4063
2 3834 3840
2 3834 4012
2 3834 4071
2 3835 3841
2 3835 4013
2 3835 4072
2 3836 3838
2 3836 3840
2 3836 4008
2 3837 3839
2 3837 3841
2 3837 4009
2 3842 3845
2 3842 4070
2 3842 4134
2 3843 3844
2 3843 3845
2 3843 4068
2 3846 3858
2 3846 3874
2 3846 4058
2 3847 3859
2 3847 3875
2 3847 4059
2 3848 3860
2 3848 3876
2 3848 4060
2 3849 3861
2 3849 3877
2 3849 4061
2 3850 3854
2 3850 3874
2 3850 4050
2 3851 3855
2 3851 3875
2 3851 4051
2 3852 3856
2 3852 3876
2 3852 4052
2 3853 3857
2 3853 3877
2 3853 4053
2 3858 3862
2 3858 3866
2 3858 3870
2 3859 3863
2 3859 3867
2 3859 3871
2 3860 3864
2 3860 3868
2 3860 3872
2 3861 3865
2 3861 3869
2 3861 3873
2 3878 3890
2 3878 3906
2 3878 4034
2 3879 3891
2 3879 3907
2 3879 4035
2 3880 3892
2 3880 3908
2 3880 4036
2 3881 3893
2 3881 3909
2 3881 4037
2 3882 3886
2 3882 3906
2 3882 4026
2 3883 3887
2 3883 3907
2 3883 4027
2 3884 3888
2 3884 3908
2 3884 4028
2 3885 3889
2 3885 3909
2 3885 4029
2 3890 3894
2 3890 3898
2 3890 3902
2 3891 3895
2 3891 3899
2 3891 3903
2 3892 3896
2 3892 3900
2 3892 3904
2 3893 3897
2 3893 3901
2 3893 3905
2 3910 3913
2 3910 3914
2 3910 4043
2 3911 3912
2 3911 3914
2 3911 4038
2 3913 4040
2 3913 4041
2 3913 4042
2 3915 3921
2 3915 4048
2 3915 4101
2 3916 3922
2 3916 4049
2 3916 4102
2 3917 3919
2 3917 3921
2 3917 4044
2 3918 3920
2 3918 3922
2 3918 4045
2 3923 3929
2 3923 3931
2 3923 4024
2 3924 3930
2 3924 3932
2 3924 4025
2 3925 3927
2 3925 3931
2 3925 4014
2 3926 3928
2 3926 3932
2 3926 4015
2 3929 4018
2 3929 4020
2 3929 4022
2 3930 4019
2 3930 4021
2 3930 4023
2 3933 3939
2 3933 3982
2 3933 4083
2 3934 3940
2 3934 3983
2 3934 4084
2 3935 3937
2 3935 3939
2 3935 3978
2 3936 3938
2 3936 3940
2 3936 3979
2 3941 3953
2 3941 3992
2 3941 4089
2 3942 3954
2 3942 3993
2 3942 4090
2 3943 3955
2 3943 3994
2 3943 4091
2 3944 3956
2 3944 3995
2 3944 4092
2 3945 3949
2 3945 3953
2 3945 3984
2 3946 3950
2 3946 3954
2 3946 3985
2 3947 3951
2 3947 3955
2 3947 3986
2 3948 3952
2 3948 3956
2 3948 3987
2 3957 3963
2 3957 3965
2 3957 4006
2 3958 3964
2 3958 3966
2 3958 4007
2 3959 3961
2 3959 3965
2 3959 3996
2 3960 3962
2 3960 3966
2 3960 3997
2 3963 4000
2 3963 4002
2 3963 4004
2 3964 4001
2 3964 4003
2 3964 4005
2 3967 3970
2 3967 3974
2 3967 3977
2 3968 3969
2 3968 3974
2 3968 3975
2 3970 3971
2 3970 3972
2 3970 3973
2 3975 3976
2 3975 3977
2 3978 3980
2 3978 3982
2 3979 3981
2 3979 3983
2 3984 3988
2 3984 3992
2 3985 3989
2 3985 3993
2 3986 3990
2 3986 3994
2 3987 3991
2 3987 3995
2 3996 3998
2 3996 4006
2 3997 3999
2 3997 4007
2 4008 4010
2 4008 4012
2 4009 4011
2 4009 4013
2 4014 4016
2 4014 4024
2 4015 4017
2 4015 4025
2 4026 4030
2 4026 4034
2 4027 4031
2 4027 4035
2 4028 4032
2 4028 4036
2 4029 4033
2 4029 4037
2 4038 4039
2 4038 4043
2 4044 4046
2 4044 4048
2 4045 4047
2 4045 4049
2 4050 4054
2 4050 4058
2 4051 4055
2 4051 4059
2 4052 4056
2 4052 4060
2 4053 4057
2 4053 4061
2 4062 4064
2 4062 4066
2 4063 4065
2 4063 4067
2 4068 4069
2 4068 4070
2 4071 4073
2 4071 4075
2 4072 4074
2 4072 4076
2 4077 4079
2 4077 4081
2 4078 4080
2 4078 4082
2 4083 4085
2 4083 4087
2 4084 4086
2 4084 4088
2 4089 4093
2 4089 4097
2 4090 4094
2 4090 4098
2 4091 4095
2 4091 4099
2 4092 4096
2 4092 4100
2 4101 4103
2 4101 4105
2 4102 4104
2 4102 4106
2 4107 4109
2 4107 4111
2 4108 4110
2 4108 4112
2 4113 4114
2 4113 4115
2 4116 4118
2 4116 4120
2 4117 4119
2 4117 4121
2 4122 4124
2 4122 4126
2 4123 4125
2 4123 4127
2 4128 4130
2 4128 4132
2 4129 4131
2 4129 4133
2 4134 4135
2 4134 4136
2 4137 4138
2 4137 4139
