# vtk DataFile Version 1.0
Cube
ASCII

DATASET POLYDATA
POINTS 3960 float
6.406457 0.134229 10.584543
6.406457 34.116229 10.584543
6.261353 15.277288 11.681313
6.417501 14.593570 12.291289
6.961722 16.452725 11.601115
8.495500 0.000000 12.743250
8.495500 33.982000 12.743250
0.134229 10.584543 6.406457
34.116229 10.584543 6.406457
15.277288 10.729647 5.309687
14.593570 10.573499 4.699711
14.593570 10.573499 38.681711
16.452725 10.029278 5.389885
0.000000 8.495500 4.247750
0.000000 8.495500 38.229750
33.982000 8.495500 4.247750
33.982000 8.495500 38.229750
10.584543 16.856771 10.584543
10.729647 1.713712 11.681313
10.729647 35.695712 11.681313
10.573499 2.397430 12.291289
10.573499 36.379430 12.291289
10.029278 0.538275 11.601115
10.029278 34.520275 11.601115
16.856771 6.406457 6.406457
1.713712 6.261353 5.309687
35.695712 6.261353 5.309687
2.397430 6.417501 4.699711
2.397430 6.417501 38.681711
36.379430 6.417501 4.699711
36.379430 6.417501 38.681711
0.538275 6.961722 5.389885
34.520275 6.961722 5.389885
6.406457 16.856771 6.406457
6.261353 1.713712 5.309687
6.261353 35.695712 5.309687
6.417501 2.397430 4.699711
6.417501 2.397430 38.681711
6.417501 36.379430 4.699711
6.417501 36.379430 38.681711
6.961722 0.538275 5.389885
6.961722 34.520275 5.389885
8.495500 0.000000 4.247750
8.495500 0.000000 38.229750
8.495500 33.982000 4.247750
8.495500 33.982000 38.229750
16.856771 10.584543 10.584543
1.713712 10.729647 11.681313
35.695712 10.729647 11.681313
2.397430 10.573499 12.291289
36.379430 10.573499 12.291289
0.538275 10.029278 11.601115
34.520275 10.029278 11.601115
0.000000 8.495500 12.743250
33.982000 8.495500 12.743250
10.584543 0.134229 6.406457
10.584543 34.116229 6.406457
10.729647 15.277288 5.309687
10.573499 14.593570 4.699711
10.573499 14.593570 38.681711
10.029278 16.452725 5.389885
0.134229 6.406457 10.584543
34.116229 6.406457 10.584543
15.277288 6.261353 11.681313
14.593570 6.417501 12.291289
16.452725 6.961722 11.601115
10.584543 6.406457 0.134229
10.584543 6.406457 34.116229
11.681313 6.261353 15.277288
12.291289 6.417501 14.593570
11.601115 6.961722 16.452725
12.743250 8.495500 0.000000
12.743250 8.495500 33.982000
6.406457 6.406457 16.856771
6.261353 5.309687 1.713712
6.261353 5.309688 35.695712
6.417501 4.699711 2.397430
6.417501 4.699711 36.379430
6.417501 38.681711 2.397430
6.417501 38.681711 36.379430
6.961722 5.389885 0.538275
6.961722 5.389885 34.520275
8.495500 4.247750 0.000000
8.495500 4.247750 33.982000
8.495500 38.229750 0.000000
8.495500 38.229750 33.982000
6.406457 10.584543 0.134229
6.406457 10.584543 34.116229
5.309688 10.729647 15.277288
4.699711 10.573499 14.593570
38.681711 10.573499 14.593570
5.389885 10.029278 16.452725
4.247750 8.495500 0.000000
4.247750 8.495500 33.982000
38.229750 8.495500 0.000000
38.229750 8.495500 33.982000
10.584543 10.584543 16.856771
10.729647 11.681313 1.713712
10.729647 11.681313 35.695712
10.573499 12.291289 2.397430
10.573499 12.291289 36.379430
10.029278 11.601115 0.538275
10.029278 11.601115 34.520275
8.495500 12.743250 0.000000
8.495500 12.743250 33.982000
11.681313 10.729647 1.713712
11.681313 10.729647 35.695712
12.291289 10.573499 2.397430
12.291289 10.573499 36.379430
11.601115 10.029278 0.538275
11.601115 10.029278 34.520275
10.729647 5.309688 15.277288
10.573499 4.699711 14.593570
10.573499 38.681711 14.593570
10.029278 5.389885 16.452725
5.309687 6.261353 1.713712
5.309688 6.261353 35.695712
4.699711 6.417501 2.397430
4.699711 6.417501 36.379430
38.681711 6.417501 2.397430
38.681711 6.417501 36.379430
5.389885 6.961722 0.538275
5.389885 6.961722 34.520275
6.261353 11.681313 15.277288
6.417501 12.291289 14.593570
6.961722 11.601115 16.452725
15.277288 11.681313 6.261353
14.593570 12.291289 6.417501
16.452725 11.601115 6.961722
0.000000 12.743250 8.495500
33.982000 12.743250 8.495500
15.277288 5.309688 10.729647
14.593570 4.699711 10.573499
14.593570 38.681711 10.573499
16.452725 5.389885 10.029278
0.000000 4.247750 8.495500
0.000000 38.229750 8.495500
33.982000 4.247750 8.495500
33.982000 38.229750 8.495500
5.309687 1.713712 6.261353
5.309688 35.695712 6.261353
4.699711 2.397430 6.417501
4.699711 36.379430 6.417501
38.681711 2.397430 6.417501
38.681711 36.379430 6.417501
5.389885 0.538275 6.961722
5.389885 34.520275 6.961722
4.247750 0.000000 8.495500
4.247750 33.982000 8.495500
38.229750 0.000000 8.495500
38.229750 33.982000 8.495500
1.713712 11.681313 10.729647
35.695712 11.681313 10.729647
2.397430 12.291289 10.573499
36.379430 12.291289 10.573499
0.538275 11.601115 10.029278
34.520275 11.601115 10.029278
11.681313 15.277288 6.261353
12.291289 14.593570 6.417501
11.601115 16.452725 6.961722
12.743250 0.000000 8.495500
12.743250 33.982000 8.495500
1.713712 5.309687 6.261353
35.695712 5.309687 6.261353
2.397430 4.699711 6.417501
2.397430 38.681711 6.417501
36.379430 4.699711 6.417501
36.379430 38.681711 6.417501
0.538275 5.389885 6.961722
34.520275 5.389885 6.961722
5.309688 15.277288 10.729647
4.699711 14.593570 10.573499
38.681711 14.593570 10.573499
5.389885 16.452725 10.029278
11.681313 1.713712 10.729647
11.681313 35.695712 10.729647
12.291289 2.397430 10.573499
12.291289 36.379430 10.573499
11.601115 0.538275 10.029278
11.601115 34.520275 10.029278
14.901957 8.629729 2.089043
14.901957 8.629729 36.071043
14.756853 6.781788 3.185812
14.756853 6.781788 37.167812
14.913001 6.098070 3.795789
14.913001 6.098070 37.777789
15.457222 7.957225 3.105615
15.457222 7.957225 37.087615
8.629729 2.089043 14.901957
8.629729 36.071043 14.901957
6.781788 2.234147 13.805187
6.781788 36.216147 13.805187
6.098070 2.077999 13.195211
6.098070 36.059999 13.195211
7.957225 1.533778 13.885385
7.957225 35.515778 13.885385
2.089043 8.361271 2.089043
2.089043 8.361271 36.071043
36.071043 8.361271 2.089043
36.071043 8.361271 36.071043
2.234147 10.209212 3.185812
2.234147 10.209212 37.167812
36.216147 10.209212 3.185812
36.216147 10.209212 37.167812
2.077999 10.892930 3.795789
2.077999 10.892930 37.777789
36.059999 10.892930 3.795789
36.059999 10.892930 37.777789
1.533778 9.033775 3.105615
1.533778 9.033775 37.087615
35.515778 9.033775 3.105615
35.515778 9.033775 37.087615
8.361271 14.901957 14.901957
10.209212 14.756853 13.805187
10.892930 14.913001 13.195211
9.033775 15.457222 13.885385
14.901957 8.361271 14.901957
14.756853 10.209212 13.805187
14.913001 10.892930 13.195211
15.457222 9.033775 13.885385
8.361271 2.089043 2.089043
8.361271 2.089043 36.071043
8.361271 36.071043 2.089043
8.361271 36.071043 36.071043
10.209212 2.234147 3.185812
10.209212 2.234147 37.167812
10.209212 36.216147 3.185812
10.209212 36.216147 37.167812
10.892930 2.077999 3.795789
10.892930 2.077999 37.777789
10.892930 36.059999 3.795789
10.892930 36.059999 37.777789
9.033775 1.533778 3.105615
9.033775 1.533778 37.087615
9.033775 35.515778 3.105615
9.033775 35.515778 37.087615
2.089043 8.629729 14.901957
36.071043 8.629729 14.901957
2.234147 6.781788 13.805187
36.216147 6.781788 13.805187
2.077999 6.098070 13.195211
36.059999 6.098070 13.195211
1.533778 7.957225 13.885385
35.515778 7.957225 13.885385
8.629729 14.901957 2.089043
8.629729 14.901957 36.071043
6.781788 14.756853 3.185812
6.781788 14.756853 37.167812
6.098070 14.913001 3.795789
6.098070 14.913001 37.777789
7.957225 15.457222 3.105615
7.957225 15.457222 37.087615
2.089043 14.901957 8.629729
36.071043 14.901957 8.629729
3.185813 14.756853 6.781788
37.167812 14.756853 6.781788
3.795789 14.913001 6.098070
37.777789 14.913001 6.098070
3.105615 15.457222 7.957225
37.087615 15.457222 7.957225
14.901957 14.901957 8.361271
14.756853 13.805187 10.209212
14.913001 13.195211 10.892930
15.457222 13.885385 9.033775
14.901957 2.089043 8.629729
14.901957 36.071043 8.629729
13.805187 2.234147 6.781788
13.805187 36.216147 6.781788
13.195211 2.077999 6.098070
13.195211 36.059999 6.098070
13.885385 1.533778 7.957225
13.885385 35.515778 7.957225
2.089043 2.089043 8.361271
2.089043 36.071043 8.361271
36.071043 2.089043 8.361271
36.071043 36.071043 8.361271
2.234147 3.185813 10.209212
2.234147 37.167812 10.209212
36.216147 3.185813 10.209212
36.216147 37.167812 10.209212
2.077999 3.795789 10.892930
2.077999 37.777789 10.892930
36.059999 3.795789 10.892930
36.059999 37.777789 10.892930
1.533778 3.105615 9.033775
1.533778 37.087615 9.033775
35.515778 3.105615 9.033775
35.515778 37.087615 9.033775
3.185813 2.234147 10.209212
3.185813 36.216147 10.209212
37.167812 2.234147 10.209212
37.167812 36.216147 10.209212
3.795789 2.077999 10.892930
3.795789 36.059999 10.892930
37.777789 2.077999 10.892930
37.777789 36.059999 10.892930
3.105615 1.533778 9.033775
3.105615 35.515778 9.033775
37.087615 1.533778 9.033775
37.087615 35.515778 9.033775
2.234147 13.805187 6.781788
36.216147 13.805187 6.781788
2.077999 13.195211 6.098070
36.059999 13.195211 6.098070
1.533778 13.885385 7.957225
35.515778 13.885385 7.957225
13.805187 14.756853 10.209212
13.195211 14.913001 10.892930
13.885385 15.457222 9.033775
14.756853 3.185813 6.781788
14.756853 37.167812 6.781788
14.913001 3.795789 6.098070
14.913001 37.777789 6.098070
15.457222 3.105615 7.957225
15.457222 37.087615 7.957225
6.781788 3.185813 14.756853
6.781788 37.167812 14.756853
6.098070 3.795789 14.913001
6.098070 37.777789 14.913001
7.957225 3.105615 15.457222
7.957225 37.087615 15.457222
6.781788 13.805187 2.234147
6.781788 13.805187 36.216147
6.098070 13.195211 2.077999
6.098070 13.195211 36.059999
7.957225 13.885385 1.533778
7.957225 13.885385 35.515778
13.805187 10.209212 14.756853
13.195211 10.892930 14.913001
13.885385 9.033775 15.457222
10.209212 3.185812 2.234147
10.209212 3.185813 36.216147
10.209212 37.167812 2.234147
10.209212 37.167812 36.216147
10.892930 3.795789 2.077999
10.892930 3.795789 36.059999
10.892930 37.777789 2.077999
10.892930 37.777789 36.059999
9.033775 3.105615 1.533778
9.033775 3.105615 35.515778
9.033775 37.087615 1.533778
9.033775 37.087615 35.515778
3.185813 6.781788 14.756853
37.167812 6.781788 14.756853
3.795789 6.098070 14.913001
37.777789 6.098070 14.913001
3.105615 7.957225 15.457222
37.087615 7.957225 15.457222
10.209212 13.805187 14.756853
10.892930 13.195211 14.913001
9.033775 13.885385 15.457222
13.805187 6.781788 2.234147
13.805187 6.781788 36.216147
13.195211 6.098070 2.077999
13.195211 6.098070 36.059999
13.885385 7.957225 1.533778
13.885385 7.957225 35.515778
3.185813 10.209212 2.234147
3.185813 10.209212 36.216147
37.167812 10.209212 2.234147
37.167812 10.209212 36.216147
3.795789 10.892930 2.077999
3.795789 10.892930 36.059999
37.777789 10.892930 2.077999
37.777789 10.892930 36.059999
3.105615 9.033775 1.533778
3.105615 9.033775 35.515778
37.087615 9.033775 1.533778
37.087615 9.033775 35.515778
7.062107 1.602694 1.602694
7.062107 1.602694 35.584694
7.062107 35.584694 1.602694
7.062107 35.584694 35.584694
6.893408 0.411415 1.400875
6.893408 0.411415 35.382875
6.893408 34.393415 1.400875
6.893408 34.393415 35.382875
6.152588 2.390335 1.400875
6.152588 2.390335 35.382875
6.152588 36.372335 1.400875
6.152588 36.372335 35.382875
1.433393 10.098194 6.892806
35.415393 10.098194 6.892806
2.342912 10.885835 7.094625
36.324912 10.885835 7.094625
1.602092 8.906915 7.094625
35.584092 8.906915 7.094625
1.602694 1.602694 7.062107
1.602694 35.584694 7.062107
35.584694 1.602694 7.062107
35.584694 35.584694 7.062107
2.147948 0.653803 6.522998
2.147948 34.635803 6.522998
36.129948 0.653803 6.522998
36.129948 34.635803 6.522998
0.653803 2.147948 6.522998
0.653803 36.129948 6.522998
34.635803 2.147948 6.522998
34.635803 36.129948 6.522998
1.602694 7.062107 1.602694
1.602694 7.062107 35.584694
35.584694 7.062107 1.602694
35.584694 7.062107 35.584694
2.390335 6.152588 1.400875
2.390335 6.152588 35.382875
36.372335 6.152588 1.400875
36.372335 6.152588 35.382875
0.411415 6.893408 1.400875
0.411415 6.893408 35.382875
34.393415 6.893408 1.400875
34.393415 6.893408 35.382875
15.557607 6.892806 6.892806
14.648088 6.105165 7.094625
15.388908 8.084085 7.094625
7.062107 15.388306 15.388306
6.152588 14.600665 15.590125
6.893408 16.579585 15.590125
10.098194 6.892806 1.433393
10.098194 6.892806 35.415393
9.149303 6.347552 1.972502
9.149303 6.347552 35.954502
10.643448 7.841697 1.972502
10.643448 7.841697 35.954502
15.557607 10.098194 10.098194
15.388908 8.906915 9.896375
14.648088 10.885835 9.896375
15.388306 15.388306 7.062107
14.843052 16.337197 6.522998
16.337197 14.843052 6.522998
6.892806 15.557607 6.892806
8.084085 15.388908 7.094625
6.105165 14.648088 7.094625
15.388306 7.062107 15.388306
16.579585 6.893408 15.590125
14.600665 6.152588 15.590125
6.892806 10.098194 1.433393
6.892806 10.098194 35.415393
7.841697 10.643448 1.972502
7.841697 10.643448 35.954502
6.347552 9.149303 1.972502
6.347552 9.149303 35.954502
9.928893 15.388306 1.602694
9.928893 15.388306 35.584694
10.097592 16.579585 1.400875
10.097592 16.579585 35.382875
10.838412 14.600665 1.400875
10.838412 14.600665 35.382875
9.928893 1.602694 15.388306
9.928893 35.584694 15.388306
10.838412 2.390335 15.590125
10.838412 36.372335 15.590125
10.097592 0.411415 15.590125
10.097592 34.393415 15.590125
6.892806 6.892806 15.557607
6.347552 7.841697 15.018498
7.841697 6.347552 15.018498
1.602694 15.388306 9.928893
35.584694 15.388306 9.928893
0.653803 14.843052 10.468002
34.635803 14.843052 10.468002
2.147948 16.337197 10.468002
36.129948 16.337197 10.468002
1.433393 6.892806 10.098194
35.415393 6.892806 10.098194
1.602092 8.084085 9.896375
35.584092 8.084085 9.896375
2.342912 6.105165 9.896375
36.324912 6.105165 9.896375
15.388306 9.928893 1.602694
15.388306 9.928893 35.584694
14.600665 10.838412 1.400875
14.600665 10.838412 35.382875
16.579585 10.097592 1.400875
16.579585 10.097592 35.382875
10.098194 1.433393 6.892806
10.098194 35.415393 6.892806
8.906915 1.602092 7.094625
8.906915 35.584092 7.094625
10.885835 2.342912 7.094625
10.885835 36.324912 7.094625
1.602694 9.928893 15.388306
35.584694 9.928893 15.388306
0.411415 10.097592 15.590125
34.393415 10.097592 15.590125
2.390335 10.838412 15.590125
36.372335 10.838412 15.590125
6.892806 1.433393 10.098194
6.892806 35.415393 10.098194
6.105165 2.342912 9.896375
6.105165 36.324912 9.896375
8.084085 1.602092 9.896375
8.084085 35.584092 9.896375
10.098194 15.557607 10.098194
10.885835 14.648088 9.896375
8.906915 15.388908 9.896375
15.388306 1.602694 9.928893
15.388306 35.584694 9.928893
16.337197 2.147948 10.468002
16.337197 36.129948 10.468002
14.843052 0.653803 10.468002
14.843052 34.635803 10.468002
10.098194 10.098194 15.557607
10.643448 9.149303 15.018498
9.149303 10.643448 15.018498
6.406457 0.134229 27.575543
6.406457 34.116229 27.575543
6.261353 15.277288 28.672313
6.417501 14.593570 -4.699711
6.417501 14.593570 29.282289
6.961722 16.452725 28.592115
8.495500 -0.000000 -4.247750
8.495500 0.000000 29.734250
8.495500 33.982000 -4.247750
8.495500 33.982000 29.734250
0.134229 10.584543 23.397457
34.116229 10.584543 23.397457
15.277288 10.729647 22.300687
14.593570 10.573499 21.690711
16.452725 10.029278 22.380885
0.000000 8.495500 21.238750
33.982000 8.495500 21.238750
10.584543 16.856771 27.575543
10.729647 1.713712 28.672313
10.729647 35.695712 28.672313
10.573499 2.397430 -4.699711
10.573499 2.397430 29.282289
10.573499 36.379430 -4.699711
10.573499 36.379430 29.282289
10.029278 0.538275 28.592115
10.029278 34.520275 28.592115
16.856771 6.406457 23.397457
1.713712 6.261353 22.300687
35.695712 6.261353 22.300687
2.397430 6.417501 21.690711
36.379430 6.417501 21.690711
0.538275 6.961722 22.380885
34.520275 6.961722 22.380885
6.406457 16.856771 23.397457
6.261353 1.713712 22.300687
6.261353 35.695712 22.300687
6.417501 2.397430 21.690711
6.417501 36.379430 21.690711
6.961722 0.538275 22.380885
6.961722 34.520275 22.380885
8.495500 0.000000 21.238750
8.495500 33.982000 21.238750
16.856771 10.584543 27.575543
1.713712 10.729647 28.672313
35.695712 10.729647 28.672313
2.397430 10.573499 -4.699711
2.397430 10.573499 29.282289
36.379430 10.573499 -4.699711
36.379430 10.573499 29.282289
0.538275 10.029278 28.592115
34.520275 10.029278 28.592115
0.000000 8.495500 -4.247750
0.000000 8.495500 29.734250
33.982000 8.495500 -4.247750
33.982000 8.495500 29.734250
10.584543 0.134229 23.397457
10.584543 34.116229 23.397457
10.729647 15.277288 22.300687
10.573499 14.593570 21.690711
10.029278 16.452725 22.380885
0.134229 6.406457 27.575543
34.116229 6.406457 27.575543
15.277288 6.261353 28.672313
14.593570 6.417501 -4.699711
14.593570 6.417501 29.282289
16.452725 6.961722 28.592115
10.584543 6.406457 17.125229
11.681313 6.261353 -1.713712
11.681313 6.261353 32.268288
12.291289 6.417501 -2.397430
12.291289 6.417501 31.584570
11.601115 6.961722 -0.538275
11.601115 6.961722 33.443725
12.743250 8.495500 16.991000
6.406457 6.406457 -0.134229
6.406457 6.406457 33.847771
6.261353 5.309688 18.704712
6.417501 4.699711 19.388430
6.417501 38.681711 19.388430
6.961722 5.389885 17.529275
8.495500 4.247750 16.991000
8.495500 38.229750 16.991000
6.406457 10.584543 17.125229
5.309688 10.729647 -1.713712
5.309688 10.729647 32.268288
4.699711 10.573499 -2.397430
4.699711 10.573499 31.584570
38.681711 10.573499 -2.397430
38.681711 10.573499 31.584570
5.389885 10.029278 -0.538275
5.389885 10.029278 33.443725
4.247750 8.495500 16.991000
38.229750 8.495500 16.991000
10.584543 10.584543 -0.134229
10.584543 10.584543 33.847771
10.729647 11.681313 18.704712
10.573499 12.291289 19.388430
10.029278 11.601115 17.529275
8.495500 12.743250 16.991000
11.681313 10.729647 18.704712
12.291289 10.573499 19.388430
11.601115 10.029278 17.529275
10.729647 5.309687 -1.713712
10.729647 5.309688 32.268288
10.573499 4.699711 -2.397430
10.573499 4.699711 31.584570
10.573499 38.681711 -2.397430
10.573499 38.681711 31.584570
10.029278 5.389885 -0.538275
10.029278 5.389885 33.443725
5.309688 6.261353 18.704712
4.699711 6.417501 19.388430
38.681711 6.417501 19.388430
5.389885 6.961722 17.529275
6.261353 11.681313 -1.713712
6.261353 11.681313 32.268288
6.417501 12.291289 -2.397430
6.417501 12.291289 31.584570
6.961722 11.601115 -0.538275
6.961722 11.601115 33.443725
15.277288 11.681313 23.252353
14.593570 12.291289 23.408501
16.452725 11.601115 23.952722
0.000000 12.743250 25.486500
33.982000 12.743250 25.486500
15.277288 5.309688 27.720647
14.593570 4.699711 27.564499
14.593570 38.681711 27.564499
16.452725 5.389885 27.020278
0.000000 4.247750 25.486500
0.000000 38.229750 25.486500
33.982000 4.247750 25.486500
33.982000 38.229750 25.486500
5.309688 1.713712 23.252353
5.309688 35.695712 23.252353
4.699711 2.397430 23.408501
4.699711 36.379430 23.408501
38.681711 2.397430 23.408501
38.681711 36.379430 23.408501
5.389885 0.538275 23.952722
5.389885 34.520275 23.952722
4.247750 0.000000 25.486500
4.247750 33.982000 25.486500
38.229750 0.000000 25.486500
38.229750 33.982000 25.486500
1.713712 11.681313 27.720647
35.695712 11.681313 27.720647
2.397430 12.291289 27.564499
36.379430 12.291289 27.564499
0.538275 11.601115 27.020278
34.520275 11.601115 27.020278
11.681313 15.277288 23.252353
12.291289 14.593570 23.408501
11.601115 16.452725 23.952722
12.743250 0.000000 25.486500
12.743250 33.982000 25.486500
1.713712 5.309688 23.252353
35.695712 5.309688 23.252353
2.397430 4.699711 23.408501
2.397430 38.681711 23.408501
36.379430 4.699711 23.408501
36.379430 38.681711 23.408501
0.538275 5.389885 23.952722
34.520275 5.389885 23.952722
5.309688 15.277288 27.720647
4.699711 14.593570 27.564499
38.681711 14.593570 27.564499
5.389885 16.452725 27.020278
11.681313 1.713712 27.720647
11.681313 35.695712 27.720647
12.291289 2.397430 27.564499
12.291289 36.379430 27.564499
11.601115 0.538275 27.020278
11.601115 34.520275 27.020278
14.901957 8.629729 19.080043
14.756853 6.781788 20.176813
14.913001 6.098070 20.786789
15.457222 7.957225 20.096615
8.629729 2.089043 -2.089043
8.629729 2.089043 31.892957
8.629729 36.071043 -2.089043
8.629729 36.071043 31.892957
6.781788 2.234147 -3.185813
6.781788 2.234147 30.796187
6.781788 36.216147 -3.185813
6.781788 36.216147 30.796187
6.098070 2.077999 -3.795789
6.098070 2.077999 30.186211
6.098070 36.059999 -3.795789
6.098070 36.059999 30.186211
7.957225 1.533778 -3.105615
7.957225 1.533778 30.876385
7.957225 35.515778 -3.105615
7.957225 35.515778 30.876385
2.089043 8.361271 19.080043
36.071043 8.361271 19.080043
2.234147 10.209212 20.176813
36.216147 10.209212 20.176813
2.077999 10.892930 20.786789
36.059999 10.892930 20.786789
1.533778 9.033775 20.096615
35.515778 9.033775 20.096615
8.361271 14.901957 -2.089043
8.361271 14.901957 31.892957
10.209212 14.756853 -3.185813
10.209212 14.756853 30.796187
10.892930 14.913001 -3.795789
10.892930 14.913001 30.186211
9.033775 15.457222 -3.105615
9.033775 15.457222 30.876385
14.901957 8.361271 -2.089043
14.901957 8.361271 31.892957
14.756853 10.209212 -3.185813
14.756853 10.209212 30.796187
14.913001 10.892930 -3.795789
14.913001 10.892930 30.186211
15.457222 9.033775 -3.105615
15.457222 9.033775 30.876385
8.361271 2.089043 19.080043
8.361271 36.071043 19.080043
10.209212 2.234147 20.176813
10.209212 36.216147 20.176813
10.892930 2.077999 20.786789
10.892930 36.059999 20.786789
9.033775 1.533778 20.096615
9.033775 35.515778 20.096615
2.089043 8.629729 -2.089043
2.089043 8.629729 31.892957
36.071043 8.629729 -2.089043
36.071043 8.629729 31.892957
2.234147 6.781788 -3.185813
2.234147 6.781788 30.796187
36.216147 6.781788 -3.185813
36.216147 6.781788 30.796187
2.077999 6.098070 -3.795789
2.077999 6.098070 30.186211
36.059999 6.098070 -3.795789
36.059999 6.098070 30.186211
1.533778 7.957225 -3.105615
1.533778 7.957225 30.876385
35.515778 7.957225 -3.105615
35.515778 7.957225 30.876385
8.629729 14.901957 19.080043
6.781788 14.756853 20.176813
6.098070 14.913001 20.786789
7.957225 15.457222 20.096615
2.089043 14.901957 25.620729
36.071043 14.901957 25.620729
3.185813 14.756853 23.772788
37.167812 14.756853 23.772788
3.795789 14.913001 23.089070
37.777789 14.913001 23.089070
3.105615 15.457222 24.948225
37.087615 15.457222 24.948225
14.901957 14.901957 25.352271
14.756853 13.805187 27.200212
14.913001 13.195211 27.883930
15.457222 13.885385 26.024775
14.901957 2.089043 25.620729
14.901957 36.071043 25.620729
13.805187 2.234147 23.772788
13.805187 36.216147 23.772788
13.195211 2.077999 23.089070
13.195211 36.059999 23.089070
13.885385 1.533778 24.948225
13.885385 35.515778 24.948225
2.089043 2.089043 25.352271
2.089043 36.071043 25.352271
36.071043 2.089043 25.352271
36.071043 36.071043 25.352271
2.234147 3.185813 27.200212
2.234147 37.167812 27.200212
36.216147 3.185813 27.200212
36.216147 37.167812 27.200212
2.077999 3.795789 27.883930
2.077999 37.777789 27.883930
36.059999 3.795789 27.883930
36.059999 37.777789 27.883930
1.533778 3.105615 26.024775
1.533778 37.087615 26.024775
35.515778 3.105615 26.024775
35.515778 37.087615 26.024775
3.185813 2.234147 27.200212
3.185813 36.216147 27.200212
37.167812 2.234147 27.200212
37.167812 36.216147 27.200212
3.795789 2.077999 27.883930
3.795789 36.059999 27.883930
37.777789 2.077999 27.883930
37.777789 36.059999 27.883930
3.105615 1.533778 26.024775
3.105615 35.515778 26.024775
37.087615 1.533778 26.024775
37.087615 35.515778 26.024775
2.234147 13.805187 23.772788
36.216147 13.805187 23.772788
2.077999 13.195211 23.089070
36.059999 13.195211 23.089070
1.533778 13.885385 24.948225
35.515778 13.885385 24.948225
13.805187 14.756853 27.200212
13.195211 14.913001 27.883930
13.885385 15.457222 26.024775
14.756853 3.185813 23.772788
14.756853 37.167812 23.772788
14.913001 3.795789 23.089070
14.913001 37.777789 23.089070
15.457222 3.105615 24.948225
15.457222 37.087615 24.948225
6.781788 3.185812 -2.234147
6.781788 3.185813 31.747853
6.781788 37.167812 -2.234147
6.781788 37.167812 31.747853
6.098070 3.795789 -2.077999
6.098070 3.795789 31.904001
6.098070 37.777789 -2.077999
6.098070 37.777789 31.904001
7.957225 3.105615 -1.533778
7.957225 3.105615 32.448222
7.957225 37.087615 -1.533778
7.957225 37.087615 32.448222
6.781788 13.805187 19.225147
6.098070 13.195211 19.068999
7.957225 13.885385 18.524778
13.805187 10.209212 -2.234147
13.805187 10.209212 31.747853
13.195211 10.892930 -2.077999
13.195211 10.892930 31.904001
13.885385 9.033775 -1.533778
13.885385 9.033775 32.448222
10.209212 3.185813 19.225147
10.209212 37.167812 19.225147
10.892930 3.795789 19.068999
10.892930 37.777789 19.068999
9.033775 3.105615 18.524778
9.033775 37.087615 18.524778
3.185812 6.781788 -2.234147
3.185813 6.781788 31.747853
37.167812 6.781788 -2.234147
37.167812 6.781788 31.747853
3.795789 6.098070 -2.077999
3.795789 6.098070 31.904001
37.777789 6.098070 -2.077999
37.777789 6.098070 31.904001
3.105615 7.957225 -1.533778
3.105615 7.957225 32.448222
37.087615 7.957225 -1.533778
37.087615 7.957225 32.448222
10.209212 13.805187 -2.234147
10.209212 13.805187 31.747853
10.892930 13.195211 -2.077999
10.892930 13.195211 31.904001
9.033775 13.885385 -1.533778
9.033775 13.885385 32.448222
13.805187 6.781788 19.225147
13.195211 6.098070 19.068999
13.885385 7.957225 18.524778
3.185813 10.209212 19.225147
37.167812 10.209212 19.225147
3.795789 10.892930 19.068999
37.777789 10.892930 19.068999
3.105615 9.033775 18.524778
37.087615 9.033775 18.524778
7.062107 1.602694 18.593694
7.062107 35.584694 18.593694
6.893408 0.411415 18.391875
6.893408 34.393415 18.391875
6.152588 2.390335 18.391875
6.152588 36.372335 18.391875
1.433393 10.098194 23.883806
35.415393 10.098194 23.883806
2.342912 10.885835 24.085625
36.324912 10.885835 24.085625
1.602092 8.906915 24.085625
35.584092 8.906915 24.085625
1.602694 1.602694 24.053107
1.602694 35.584694 24.053107
35.584694 1.602694 24.053107
35.584694 35.584694 24.053107
2.147948 0.653803 23.513998
2.147948 34.635803 23.513998
36.129948 0.653803 23.513998
36.129948 34.635803 23.513998
0.653803 2.147948 23.513998
0.653803 36.129948 23.513998
34.635803 2.147948 23.513998
34.635803 36.129948 23.513998
1.602694 7.062107 18.593694
35.584694 7.062107 18.593694
2.390335 6.152588 18.391875
36.372335 6.152588 18.391875
0.411415 6.893408 18.391875
34.393415 6.893408 18.391875
15.557607 6.892806 23.883806
14.648088 6.105165 24.085625
15.388908 8.084085 24.085625
7.062107 15.388306 -1.602694
7.062107 15.388306 32.379306
6.152588 14.600665 -1.400875
6.152588 14.600665 32.581125
6.893408 16.579585 -1.400875
6.893408 16.579585 32.581125
10.098194 6.892806 18.424393
9.149303 6.347552 18.963502
10.643448 7.841697 18.963502
15.557607 10.098194 27.089194
15.388908 8.906915 26.887375
14.648088 10.885835 26.887375
15.388306 15.388306 24.053107
14.843052 16.337197 23.513998
16.337197 14.843052 23.513998
6.892806 15.557607 23.883806
8.084085 15.388908 24.085625
6.105165 14.648088 24.085625
15.388306 7.062107 -1.602694
15.388306 7.062107 32.379306
16.579585 6.893408 -1.400875
16.579585 6.893408 32.581125
14.600665 6.152588 -1.400875
14.600665 6.152588 32.581125
6.892806 10.098194 18.424393
7.841697 10.643448 18.963502
6.347552 9.149303 18.963502
9.928893 15.388306 18.593694
10.097592 16.579585 18.391875
10.838412 14.600665 18.391875
9.928893 1.602694 -1.602694
9.928893 1.602694 32.379306
9.928893 35.584694 -1.602694
9.928893 35.584694 32.379306
10.838412 2.390335 -1.400875
10.838412 2.390335 32.581125
10.838412 36.372335 -1.400875
10.838412 36.372335 32.581125
10.097592 0.411415 -1.400875
10.097592 0.411415 32.581125
10.097592 34.393415 -1.400875
10.097592 34.393415 32.581125
6.892806 6.892806 -1.433393
6.892806 6.892806 32.548607
6.347552 7.841697 -1.972502
6.347552 7.841697 32.009498
7.841697 6.347552 -1.972502
7.841697 6.347552 32.009498
1.602694 15.388306 26.919893
35.584694 15.388306 26.919893
0.653803 14.843052 27.459002
34.635803 14.843052 27.459002
2.147948 16.337197 27.459002
36.129948 16.337197 27.459002
1.433393 6.892806 27.089194
35.415393 6.892806 27.089194
1.602092 8.084085 26.887375
35.584092 8.084085 26.887375
2.342912 6.105165 26.887375
36.324912 6.105165 26.887375
15.388306 9.928893 18.593694
14.600665 10.838412 18.391875
16.579585 10.097592 18.391875
10.098194 1.433393 23.883806
10.098194 35.415393 23.883806
8.906915 1.602092 24.085625
8.906915 35.584092 24.085625
10.885835 2.342912 24.085625
10.885835 36.324912 24.085625
1.602694 9.928893 -1.602694
1.602694 9.928893 32.379306
35.584694 9.928893 -1.602694
35.584694 9.928893 32.379306
0.411415 10.097592 -1.400875
0.411415 10.097592 32.581125
34.393415 10.097592 -1.400875
34.393415 10.097592 32.581125
2.390335 10.838412 -1.400875
2.390335 10.838412 32.581125
36.372335 10.838412 -1.400875
36.372335 10.838412 32.581125
6.892806 1.433393 27.089194
6.892806 35.415393 27.089194
6.105165 2.342912 26.887375
6.105165 36.324912 26.887375
8.084085 1.602092 26.887375
8.084085 35.584092 26.887375
10.098194 15.557607 27.089194
10.885835 14.648088 26.887375
8.906915 15.388908 26.887375
15.388306 1.602694 26.919893
15.388306 35.584694 26.919893
16.337197 2.147948 27.459002
16.337197 36.129948 27.459002
14.843052 0.653803 27.459002
14.843052 34.635803 27.459002
10.098194 10.098194 -1.433393
10.098194 10.098194 32.548607
10.643448 9.149303 -1.972502
10.643448 9.149303 32.009498
9.149303 10.643448 -1.972502
9.149303 10.643448 32.009498
6.406457 17.125229 10.584543
6.261353 -1.713712 11.681313
6.261353 32.268288 11.681313
6.417501 -2.397430 12.291289
6.417501 31.584570 12.291289
6.961722 -0.538275 11.601115
6.961722 33.443725 11.601115
8.495500 16.991000 12.743250
0.134229 27.575543 6.406457
34.116229 27.575543 6.406457
15.277288 27.720647 5.309687
14.593570 27.564499 4.699711
14.593570 27.564499 38.681711
16.452725 27.020278 5.389885
0.000000 25.486500 4.247750
0.000000 25.486500 38.229750
33.982000 25.486500 4.247750
33.982000 25.486500 38.229750
10.584543 -0.134229 10.584543
10.584543 33.847771 10.584543
10.729647 18.704712 11.681313
10.573499 19.388430 12.291289
10.029278 17.529275 11.601115
16.856771 23.397457 6.406457
1.713712 23.252353 5.309687
35.695712 23.252353 5.309687
2.397430 23.408501 4.699711
2.397430 23.408501 38.681711
36.379430 23.408501 4.699711
36.379430 23.408501 38.681711
0.538275 23.952722 5.389885
34.520275 23.952722 5.389885
6.406457 -0.134229 6.406457
6.406457 33.847771 6.406457
6.261353 18.704712 5.309687
6.417501 19.388430 4.699711
6.417501 19.388430 38.681711
6.961722 17.529275 5.389885
8.495500 16.991000 4.247750
8.495500 16.991000 38.229750
16.856771 27.575543 10.584543
1.713712 27.720647 11.681313
35.695712 27.720647 11.681313
2.397430 27.564499 12.291289
36.379430 27.564499 12.291289
0.538275 27.020278 11.601115
34.520275 27.020278 11.601115
0.000000 25.486500 12.743250
33.982000 25.486500 12.743250
10.584543 17.125229 6.406457
10.729647 -1.713712 5.309687
10.729647 32.268288 5.309687
10.573499 -2.397430 4.699711
10.573499 -2.397430 38.681711
10.573499 31.584570 4.699711
10.573499 31.584570 38.681711
10.029278 -0.538275 5.389885
10.029278 33.443725 5.389885
0.134229 23.397457 10.584543
34.116229 23.397457 10.584543
15.277288 23.252353 11.681313
14.593570 23.408501 12.291289
16.452725 23.952722 11.601115
10.584543 23.397457 0.134229
10.584543 23.397457 34.116229
11.681313 23.252353 15.277288
12.291289 23.408501 14.593570
11.601115 23.952722 16.452725
12.743250 25.486500 0.000000
12.743250 25.486500 33.982000
6.406457 23.397457 16.856771
6.261353 22.300687 1.713712
6.261353 22.300688 35.695712
6.417501 21.690711 2.397430
6.417501 21.690711 36.379430
6.961722 22.380885 0.538275
6.961722 22.380885 34.520275
8.495500 21.238750 0.000000
8.495500 21.238750 33.982000
6.406457 27.575543 0.134229
6.406457 27.575543 34.116229
5.309688 27.720647 15.277288
4.699711 27.564499 14.593570
38.681711 27.564499 14.593570
5.389885 27.020278 16.452725
4.247750 25.486500 0.000000
4.247750 25.486500 33.982000
38.229750 25.486500 0.000000
38.229750 25.486500 33.982000
10.584543 27.575543 16.856771
10.729647 28.672313 1.713712
10.729647 28.672313 35.695712
10.573499 -4.699711 2.397430
10.573499 -4.699711 36.379430
10.573499 29.282289 2.397430
10.573499 29.282289 36.379430
10.029278 28.592115 0.538275
10.029278 28.592115 34.520275
8.495500 -4.247750 0.000000
8.495500 -4.247750 33.982000
8.495500 29.734250 0.000000
8.495500 29.734250 33.982000
11.681313 27.720647 1.713712
11.681313 27.720647 35.695712
12.291289 27.564499 2.397430
12.291289 27.564499 36.379430
11.601115 27.020278 0.538275
11.601115 27.020278 34.520275
10.729647 22.300687 15.277288
10.573499 21.690711 14.593570
10.029278 22.380885 16.452725
5.309688 23.252353 1.713712
5.309688 23.252353 35.695712
4.699711 23.408501 2.397430
4.699711 23.408501 36.379430
38.681711 23.408501 2.397430
38.681711 23.408501 36.379430
5.389885 23.952722 0.538275
5.389885 23.952722 34.520275
6.261353 28.672313 15.277288
6.417501 -4.699711 14.593570
6.417501 29.282289 14.593570
6.961722 28.592115 16.452725
15.277288 28.672313 6.261353
14.593570 -4.699711 6.417501
14.593570 29.282289 6.417501
16.452725 28.592115 6.961722
0.000000 -4.247750 8.495500
0.000000 29.734250 8.495500
33.982000 -4.247750 8.495500
33.982000 29.734250 8.495500
15.277288 22.300687 10.729647
14.593570 21.690711 10.573499
16.452725 22.380885 10.029278
0.000000 21.238750 8.495500
33.982000 21.238750 8.495500
5.309688 18.704712 6.261353
4.699711 19.388430 6.417501
38.681711 19.388430 6.417501
5.389885 17.529275 6.961722
4.247750 16.991000 8.495500
38.229750 16.991000 8.495500
1.713712 28.672313 10.729647
35.695712 28.672313 10.729647
2.397430 -4.699711 10.573499
2.397430 29.282289 10.573499
36.379430 -4.699711 10.573499
36.379430 29.282289 10.573499
0.538275 28.592115 10.029278
34.520275 28.592115 10.029278
11.681313 -1.713712 6.261353
11.681313 32.268288 6.261353
12.291289 -2.397430 6.417501
12.291289 31.584570 6.417501
11.601115 -0.538275 6.961722
11.601115 33.443725 6.961722
12.743250 16.991000 8.495500
1.713712 22.300687 6.261353
35.695712 22.300687 6.261353
2.397430 21.690711 6.417501
36.379430 21.690711 6.417501
0.538275 22.380885 6.961722
34.520275 22.380885 6.961722
5.309688 -1.713712 10.729647
5.309688 32.268288 10.729647
4.699711 -2.397430 10.573499
4.699711 31.584570 10.573499
38.681711 -2.397430 10.573499
38.681711 31.584570 10.573499
5.389885 -0.538275 10.029278
5.389885 33.443725 10.029278
11.681313 18.704712 10.729647
12.291289 19.388430 10.573499
11.601115 17.529275 10.029278
14.901957 25.620729 2.089043
14.901957 25.620729 36.071043
14.756853 23.772788 3.185812
14.756853 23.772788 37.167812
14.913001 23.089070 3.795789
14.913001 23.089070 37.777789
15.457222 24.948225 3.105615
15.457222 24.948225 37.087615
8.629729 19.080043 14.901957
6.781788 19.225147 13.805187
6.098070 19.068999 13.195211
7.957225 18.524778 13.885385
2.089043 25.352271 2.089043
2.089043 25.352271 36.071043
36.071043 25.352271 2.089043
36.071043 25.352271 36.071043
2.234147 27.200212 3.185812
2.234147 27.200212 37.167812
36.216147 27.200212 3.185812
36.216147 27.200212 37.167812
2.077999 27.883930 3.795789
2.077999 27.883930 37.777789
36.059999 27.883930 3.795789
36.059999 27.883930 37.777789
1.533778 26.024775 3.105615
1.533778 26.024775 37.087615
35.515778 26.024775 3.105615
35.515778 26.024775 37.087615
8.361271 -2.089043 14.901957
8.361271 31.892957 14.901957
10.209212 -2.234147 13.805187
10.209212 31.747853 13.805187
10.892930 -2.077999 13.195211
10.892930 31.904001 13.195211
9.033775 -1.533778 13.885385
9.033775 32.448222 13.885385
14.901957 25.352271 14.901957
14.756853 27.200212 13.805187
14.913001 27.883930 13.195211
15.457222 26.024775 13.885385
8.361271 19.080043 2.089043
8.361271 19.080043 36.071043
10.209212 19.225147 3.185812
10.209212 19.225147 37.167812
10.892930 19.068999 3.795789
10.892930 19.068999 37.777789
9.033775 18.524778 3.105615
9.033775 18.524778 37.087615
2.089043 25.620729 14.901957
36.071043 25.620729 14.901957
2.234147 23.772788 13.805187
36.216147 23.772788 13.805187
2.077999 23.089070 13.195211
36.059999 23.089070 13.195211
1.533778 24.948225 13.885385
35.515778 24.948225 13.885385
8.629729 -2.089043 2.089043
8.629729 -2.089043 36.071043
8.629729 31.892957 2.089043
8.629729 31.892957 36.071043
6.781788 -2.234147 3.185812
6.781788 -2.234147 37.167812
6.781788 31.747853 3.185812
6.781788 31.747853 37.167812
6.098070 -2.077999 3.795789
6.098070 -2.077999 37.777789
6.098070 31.904001 3.795789
6.098070 31.904001 37.777789
7.957225 -1.533778 3.105615
7.957225 -1.533778 37.087615
7.957225 32.448222 3.105615
7.957225 32.448222 37.087615
2.089043 -2.089043 8.629729
2.089043 31.892957 8.629729
36.071043 -2.089043 8.629729
36.071043 31.892957 8.629729
3.185812 -2.234147 6.781788
3.185813 31.747853 6.781788
37.167812 -2.234147 6.781788
37.167812 31.747853 6.781788
3.795789 -2.077999 6.098070
3.795789 31.904001 6.098070
37.777789 -2.077999 6.098070
37.777789 31.904001 6.098070
3.105615 -1.533778 7.957225
3.105615 32.448222 7.957225
37.087615 -1.533778 7.957225
37.087615 32.448222 7.957225
14.901957 -2.089043 8.361271
14.901957 31.892957 8.361271
14.756853 -3.185813 10.209212
14.756853 30.796187 10.209212
14.913001 -3.795789 10.892930
14.913001 30.186211 10.892930
15.457222 -3.105615 9.033775
15.457222 30.876385 9.033775
14.901957 19.080043 8.629729
13.805187 19.225147 6.781788
13.195211 19.068999 6.098070
13.885385 18.524778 7.957225
2.089043 19.080043 8.361271
36.071043 19.080043 8.361271
2.234147 20.176813 10.209212
36.216147 20.176813 10.209212
2.077999 20.786789 10.892930
36.059999 20.786789 10.892930
1.533778 20.096615 9.033775
35.515778 20.096615 9.033775
3.185813 19.225147 10.209212
37.167812 19.225147 10.209212
3.795789 19.068999 10.892930
37.777789 19.068999 10.892930
3.105615 18.524778 9.033775
37.087615 18.524778 9.033775
2.234147 -3.185813 6.781788
2.234147 30.796187 6.781788
36.216147 -3.185813 6.781788
36.216147 30.796187 6.781788
2.077999 -3.795789 6.098070
2.077999 30.186211 6.098070
36.059999 -3.795789 6.098070
36.059999 30.186211 6.098070
1.533778 -3.105615 7.957225
1.533778 30.876385 7.957225
35.515778 -3.105615 7.957225
35.515778 30.876385 7.957225
13.805187 -2.234147 10.209212
13.805187 31.747853 10.209212
13.195211 -2.077999 10.892930
13.195211 31.904001 10.892930
13.885385 -1.533778 9.033775
13.885385 32.448222 9.033775
14.756853 20.176813 6.781788
14.913001 20.786789 6.098070
15.457222 20.096615 7.957225
6.781788 20.176813 14.756853
6.098070 20.786789 14.913001
7.957225 20.096615 15.457222
6.781788 -3.185813 2.234147
6.781788 -3.185813 36.216147
6.781788 30.796187 2.234147
6.781788 30.796187 36.216147
6.098070 -3.795789 2.077999
6.098070 -3.795789 36.059999
6.098070 30.186211 2.077999
6.098070 30.186211 36.059999
7.957225 -3.105615 1.533778
7.957225 -3.105615 35.515778
7.957225 30.876385 1.533778
7.957225 30.876385 35.515778
13.805187 27.200212 14.756853
13.195211 27.883930 14.913001
13.885385 26.024775 15.457222
10.209212 20.176813 2.234147
10.209212 20.176813 36.216147
10.892930 20.786789 2.077999
10.892930 20.786789 36.059999
9.033775 20.096615 1.533778
9.033775 20.096615 35.515778
3.185813 23.772788 14.756853
37.167812 23.772788 14.756853
3.795789 23.089070 14.913001
37.777789 23.089070 14.913001
3.105615 24.948225 15.457222
37.087615 24.948225 15.457222
10.209212 -3.185813 14.756853
10.209212 30.796187 14.756853
10.892930 -3.795789 14.913001
10.892930 30.186211 14.913001
9.033775 -3.105615 15.457222
9.033775 30.876385 15.457222
13.805187 23.772788 2.234147
13.805187 23.772788 36.216147
13.195211 23.089070 2.077999
13.195211 23.089070 36.059999
13.885385 24.948225 1.533778
13.885385 24.948225 35.515778
3.185813 27.200212 2.234147
3.185813 27.200212 36.216147
37.167812 27.200212 2.234147
37.167812 27.200212 36.216147
3.795789 27.883930 2.077999
3.795789 27.883930 36.059999
37.777789 27.883930 2.077999
37.777789 27.883930 36.059999
3.105615 26.024775 1.533778
3.105615 26.024775 35.515778
37.087615 26.024775 1.533778
37.087615 26.024775 35.515778
7.062107 18.593694 1.602694
7.062107 18.593694 35.584694
6.893408 17.402415 1.400875
6.893408 17.402415 35.382875
6.152588 19.381335 1.400875
6.152588 19.381335 35.382875
1.433393 27.089194 6.892806
35.415393 27.089194 6.892806
2.342912 27.876835 7.094625
36.324912 27.876835 7.094625
1.602092 25.897915 7.094625
35.584092 25.897915 7.094625
1.602694 18.593694 7.062107
35.584694 18.593694 7.062107
2.147948 17.644803 6.522998
36.129948 17.644803 6.522998
0.653803 19.138948 6.522998
34.635803 19.138948 6.522998
1.602694 24.053107 1.602694
1.602694 24.053107 35.584694
35.584694 24.053107 1.602694
35.584694 24.053107 35.584694
2.390335 23.143588 1.400875
2.390335 23.143588 35.382875
36.372335 23.143588 1.400875
36.372335 23.143588 35.382875
0.411415 23.884408 1.400875
0.411415 23.884408 35.382875
34.393415 23.884408 1.400875
34.393415 23.884408 35.382875
15.557607 23.883806 6.892806
14.648088 23.096165 7.094625
15.388908 25.075085 7.094625
7.062107 -1.602694 15.388306
7.062107 32.379306 15.388306
6.152588 -2.390335 15.590125
6.152588 31.591665 15.590125
6.893408 -0.411415 15.590125
6.893408 33.570585 15.590125
10.098194 23.883806 1.433393
10.098194 23.883806 35.415393
9.149303 23.338552 1.972502
9.149303 23.338552 35.954502
10.643448 24.832697 1.972502
10.643448 24.832697 35.954502
15.557607 27.089194 10.098194
15.388908 25.897915 9.896375
14.648088 27.876835 9.896375
15.388306 -1.602694 7.062107
15.388306 32.379306 7.062107
14.843052 -0.653803 6.522998
14.843052 33.328197 6.522998
16.337197 -2.147948 6.522998
16.337197 31.834052 6.522998
6.892806 -1.433393 6.892806
6.892806 32.548607 6.892806
8.084085 -1.602092 7.094625
8.084085 32.379908 7.094625
6.105165 -2.342912 7.094625
6.105165 31.639088 7.094625
15.388306 24.053107 15.388306
16.579585 23.884408 15.590125
14.600665 23.143588 15.590125
6.892806 27.089194 1.433393
6.892806 27.089194 35.415393
7.841697 27.634448 1.972502
7.841697 27.634448 35.954502
6.347552 26.140303 1.972502
6.347552 26.140303 35.954502
9.928893 -1.602694 1.602694
9.928893 -1.602694 35.584694
9.928893 32.379306 1.602694
9.928893 32.379306 35.584694
10.097592 -0.411415 1.400875
10.097592 -0.411415 35.382875
10.097592 33.570585 1.400875
10.097592 33.570585 35.382875
10.838412 -2.390335 1.400875
10.838412 -2.390335 35.382875
10.838412 31.591665 1.400875
10.838412 31.591665 35.382875
9.928893 18.593694 15.388306
10.838412 19.381335 15.590125
10.097592 17.402415 15.590125
6.892806 23.883806 15.557607
6.347552 24.832697 15.018498
7.841697 23.338552 15.018498
1.602694 -1.602694 9.928893
1.602694 32.379306 9.928893
35.584694 -1.602694 9.928893
35.584694 32.379306 9.928893
0.653803 -2.147948 10.468002
0.653803 31.834052 10.468002
34.635803 -2.147948 10.468002
34.635803 31.834052 10.468002
2.147948 -0.653803 10.468002
2.147948 33.328197 10.468002
36.129948 -0.653803 10.468002
36.129948 33.328197 10.468002
1.433393 23.883806 10.098194
35.415393 23.883806 10.098194
1.602092 25.075085 9.896375
35.584092 25.075085 9.896375
2.342912 23.096165 9.896375
36.324912 23.096165 9.896375
15.388306 26.919893 1.602694
15.388306 26.919893 35.584694
14.600665 27.829412 1.400875
14.600665 27.829412 35.382875
16.579585 27.088592 1.400875
16.579585 27.088592 35.382875
10.098194 18.424393 6.892806
8.906915 18.593092 7.094625
10.885835 19.333912 7.094625
1.602694 26.919893 15.388306
35.584694 26.919893 15.388306
0.411415 27.088592 15.590125
34.393415 27.088592 15.590125
2.390335 27.829412 15.590125
36.372335 27.829412 15.590125
6.892806 18.424393 10.098194
6.105165 19.333912 9.896375
8.084085 18.593092 9.896375
10.098194 -1.433393 10.098194
10.098194 32.548607 10.098194
10.885835 -2.342912 9.896375
10.885835 31.639088 9.896375
8.906915 -1.602092 9.896375
8.906915 32.379908 9.896375
15.388306 18.593694 9.928893
16.337197 19.138948 10.468002
14.843052 17.644803 10.468002
10.098194 27.089194 15.557607
10.643448 26.140303 15.018498
9.149303 27.634448 15.018498
6.406457 17.125229 27.575543
6.261353 -1.713712 28.672313
6.261353 32.268288 28.672313
6.417501 -2.397430 -4.699711
6.417501 -2.397430 29.282289
6.417501 31.584570 -4.699711
6.417501 31.584570 29.282289
6.961722 -0.538275 28.592115
6.961722 33.443725 28.592115
8.495500 16.991000 -4.247750
8.495500 16.991000 29.734250
0.134229 27.575543 23.397457
34.116229 27.575543 23.397457
15.277288 27.720647 22.300687
14.593570 27.564499 21.690711
16.452725 27.020278 22.380885
0.000000 25.486500 21.238750
33.982000 25.486500 21.238750
10.584543 -0.134229 27.575543
10.584543 33.847771 27.575543
10.729647 18.704712 28.672313
10.573499 19.388430 -4.699711
10.573499 19.388430 29.282289
10.029278 17.529275 28.592115
16.856771 23.397457 23.397457
1.713712 23.252353 22.300687
35.695712 23.252353 22.300687
2.397430 23.408501 21.690711
36.379430 23.408501 21.690711
0.538275 23.952722 22.380885
34.520275 23.952722 22.380885
6.406457 -0.134229 23.397457
6.406457 33.847771 23.397457
6.261353 18.704712 22.300687
6.417501 19.388430 21.690711
6.961722 17.529275 22.380885
8.495500 16.991000 21.238750
16.856771 27.575543 27.575543
1.713712 27.720647 28.672313
35.695712 27.720647 28.672313
2.397430 27.564499 -4.699711
2.397430 27.564499 29.282289
36.379430 27.564499 -4.699711
36.379430 27.564499 29.282289
0.538275 27.020278 28.592115
34.520275 27.020278 28.592115
0.000000 25.486500 -4.247750
0.000000 25.486500 29.734250
33.982000 25.486500 -4.247750
33.982000 25.486500 29.734250
10.584543 17.125229 23.397457
10.729647 -1.713712 22.300687
10.729647 32.268288 22.300687
10.573499 -2.397430 21.690711
10.573499 31.584570 21.690711
10.029278 -0.538275 22.380885
10.029278 33.443725 22.380885
0.134229 23.397457 27.575543
34.116229 23.397457 27.575543
15.277288 23.252353 28.672313
14.593570 23.408501 -4.699711
14.593570 23.408501 29.282289
16.452725 23.952722 28.592115
10.584543 23.397457 17.125229
11.681313 23.252353 -1.713712
11.681313 23.252353 32.268288
12.291289 23.408501 -2.397430
12.291289 23.408501 31.584570
11.601115 23.952722 -0.538275
11.601115 23.952722 33.443725
12.743250 25.486500 16.991000
6.406457 23.397457 -0.134229
6.406457 23.397457 33.847771
6.261353 22.300687 18.704712
6.417501 21.690711 19.388430
6.961722 22.380885 17.529275
8.495500 21.238750 16.991000
6.406457 27.575543 17.125229
5.309688 27.720647 -1.713712
5.309688 27.720647 32.268288
4.699711 27.564499 -2.397430
4.699711 27.564499 31.584570
38.681711 27.564499 -2.397430
38.681711 27.564499 31.584570
5.389885 27.020278 -0.538275
5.389885 27.020278 33.443725
4.247750 25.486500 16.991000
38.229750 25.486500 16.991000
10.584543 27.575543 -0.134229
10.584543 27.575543 33.847771
10.729647 28.672313 18.704712
10.573499 -4.699711 19.388430
10.573499 29.282289 19.388430
10.029278 28.592115 17.529275
8.495500 -4.247750 16.991000
8.495500 29.734250 16.991000
11.681313 27.720647 18.704712
12.291289 27.564499 19.388430
11.601115 27.020278 17.529275
10.729647 22.300687 -1.713712
10.729647 22.300687 32.268288
10.573499 21.690711 -2.397430
10.573499 21.690711 31.584570
10.029278 22.380885 -0.538275
10.029278 22.380885 33.443725
5.309688 23.252353 18.704712
4.699711 23.408501 19.388430
38.681711 23.408501 19.388430
5.389885 23.952722 17.529275
6.261353 28.672313 -1.713712
6.261353 28.672313 32.268288
6.417501 -4.699711 -2.397430
6.417501 -4.699711 31.584570
6.417501 29.282289 -2.397430
6.417501 29.282289 31.584570
6.961722 28.592115 -0.538275
6.961722 28.592115 33.443725
15.277288 28.672313 23.252353
14.593570 -4.699711 23.408501
14.593570 29.282289 23.408501
16.452725 28.592115 23.952722
0.000000 -4.247750 25.486500
0.000000 29.734250 25.486500
33.982000 -4.247750 25.486500
33.982000 29.734250 25.486500
15.277288 22.300687 27.720647
14.593570 21.690711 27.564499
16.452725 22.380885 27.020278
0.000000 21.238750 25.486500
33.982000 21.238750 25.486500
5.309688 18.704712 23.252353
4.699711 19.388430 23.408501
38.681711 19.388430 23.408501
5.389885 17.529275 23.952722
4.247750 16.991000 25.486500
38.229750 16.991000 25.486500
1.713712 28.672313 27.720647
35.695712 28.672313 27.720647
2.397430 -4.699711 27.564499
2.397430 29.282289 27.564499
36.379430 -4.699711 27.564499
36.379430 29.282289 27.564499
0.538275 28.592115 27.020278
34.520275 28.592115 27.020278
11.681313 -1.713712 23.252353
11.681313 32.268288 23.252353
12.291289 -2.397430 23.408501
12.291289 31.584570 23.408501
11.601115 -0.538275 23.952722
11.601115 33.443725 23.952722
12.743250 16.991000 25.486500
1.713712 22.300687 23.252353
35.695712 22.300687 23.252353
2.397430 21.690711 23.408501
36.379430 21.690711 23.408501
0.538275 22.380885 23.952722
34.520275 22.380885 23.952722
5.309688 -1.713712 27.720647
5.309688 32.268288 27.720647
4.699711 -2.397430 27.564499
4.699711 31.584570 27.564499
38.681711 -2.397430 27.564499
38.681711 31.584570 27.564499
5.389885 -0.538275 27.020278
5.389885 33.443725 27.020278
11.681313 18.704712 27.720647
12.291289 19.388430 27.564499
11.601115 17.529275 27.020278
14.901957 25.620729 19.080043
14.756853 23.772788 20.176813
14.913001 23.089070 20.786789
15.457222 24.948225 20.096615
8.629729 19.080043 -2.089043
8.629729 19.080043 31.892957
6.781788 19.225147 -3.185813
6.781788 19.225147 30.796187
6.098070 19.068999 -3.795789
6.098070 19.068999 30.186211
7.957225 18.524778 -3.105615
7.957225 18.524778 30.876385
2.089043 25.352271 19.080043
36.071043 25.352271 19.080043
2.234147 27.200212 20.176813
36.216147 27.200212 20.176813
2.077999 27.883930 20.786789
36.059999 27.883930 20.786789
1.533778 26.024775 20.096615
35.515778 26.024775 20.096615
8.361271 -2.089043 -2.089043
8.361271 -2.089043 31.892957
8.361271 31.892957 -2.089043
8.361271 31.892957 31.892957
10.209212 -2.234147 -3.185813
10.209212 -2.234147 30.796187
10.209212 31.747853 -3.185813
10.209212 31.747853 30.796187
10.892930 -2.077999 -3.795789
10.892930 -2.077999 30.186211
10.892930 31.904001 -3.795789
10.892930 31.904001 30.186211
9.033775 -1.533778 -3.105615
9.033775 -1.533778 30.876385
9.033775 32.448222 -3.105615
9.033775 32.448222 30.876385
14.901957 25.352271 -2.089043
14.901957 25.352271 31.892957
14.756853 27.200212 -3.185813
14.756853 27.200212 30.796187
14.913001 27.883930 -3.795789
14.913001 27.883930 30.186211
15.457222 26.024775 -3.105615
15.457222 26.024775 30.876385
8.361271 19.080043 19.080043
10.209212 19.225147 20.176813
10.892930 19.068999 20.786789
9.033775 18.524778 20.096615
2.089043 25.620729 -2.089043
2.089043 25.620729 31.892957
36.071043 25.620729 -2.089043
36.071043 25.620729 31.892957
2.234147 23.772788 -3.185813
2.234147 23.772788 30.796187
36.216147 23.772788 -3.185813
36.216147 23.772788 30.796187
2.077999 23.089070 -3.795789
2.077999 23.089070 30.186211
36.059999 23.089070 -3.795789
36.059999 23.089070 30.186211
1.533778 24.948225 -3.105615
1.533778 24.948225 30.876385
35.515778 24.948225 -3.105615
35.515778 24.948225 30.876385
8.629729 -2.089043 19.080043
8.629729 31.892957 19.080043
6.781788 -2.234147 20.176813
6.781788 31.747853 20.176813
6.098070 -2.077999 20.786789
6.098070 31.904001 20.786789
7.957225 -1.533778 20.096615
7.957225 32.448222 20.096615
2.089043 -2.089043 25.620729
2.089043 31.892957 25.620729
36.071043 -2.089043 25.620729
36.071043 31.892957 25.620729
3.185813 -2.234147 23.772788
3.185813 31.747853 23.772788
37.167812 -2.234147 23.772788
37.167812 31.747853 23.772788
3.795789 -2.077999 23.089070
3.795789 31.904001 23.089070
37.777789 -2.077999 23.089070
37.777789 31.904001 23.089070
3.105615 -1.533778 24.948225
3.105615 32.448222 24.948225
37.087615 -1.533778 24.948225
37.087615 32.448222 24.948225
14.901957 -2.089043 25.352271
14.901957 31.892957 25.352271
14.756853 -3.185813 27.200212
14.756853 30.796187 27.200212
14.913001 -3.795789 27.883930
14.913001 30.186211 27.883930
15.457222 -3.105615 26.024775
15.457222 30.876385 26.024775
14.901957 19.080043 25.620729
13.805187 19.225147 23.772788
13.195211 19.068999 23.089070
13.885385 18.524778 24.948225
2.089043 19.080043 25.352271
36.071043 19.080043 25.352271
2.234147 20.176813 27.200212
36.216147 20.176813 27.200212
2.077999 20.786789 27.883930
36.059999 20.786789 27.883930
1.533778 20.096615 26.024775
35.515778 20.096615 26.024775
3.185813 19.225147 27.200212
37.167812 19.225147 27.200212
3.795789 19.068999 27.883930
37.777789 19.068999 27.883930
3.105615 18.524778 26.024775
37.087615 18.524778 26.024775
2.234147 -3.185813 23.772788
2.234147 30.796187 23.772788
36.216147 -3.185813 23.772788
36.216147 30.796187 23.772788
2.077999 -3.795789 23.089070
2.077999 30.186211 23.089070
36.059999 -3.795789 23.089070
36.059999 30.186211 23.089070
1.533778 -3.105615 24.948225
1.533778 30.876385 24.948225
35.515778 -3.105615 24.948225
35.515778 30.876385 24.948225
13.805187 -2.234147 27.200212
13.805187 31.747853 27.200212
13.195211 -2.077999 27.883930
13.195211 31.904001 27.883930
13.885385 -1.533778 26.024775
13.885385 32.448222 26.024775
14.756853 20.176813 23.772788
14.913001 20.786789 23.089070
15.457222 20.096615 24.948225
6.781788 20.176813 -2.234147
6.781788 20.176813 31.747853
6.098070 20.786789 -2.077999
6.098070 20.786789 31.904001
7.957225 20.096615 -1.533778
7.957225 20.096615 32.448222
6.781788 -3.185813 19.225147
6.781788 30.796187 19.225147
6.098070 -3.795789 19.068999
6.098070 30.186211 19.068999
7.957225 -3.105615 18.524778
7.957225 30.876385 18.524778
13.805187 27.200212 -2.234147
13.805187 27.200212 31.747853
13.195211 27.883930 -2.077999
13.195211 27.883930 31.904001
13.885385 26.024775 -1.533778
13.885385 26.024775 32.448222
10.209212 20.176813 19.225147
10.892930 20.786789 19.068999
9.033775 20.096615 18.524778
3.185813 23.772788 -2.234147
3.185813 23.772788 31.747853
37.167812 23.772788 -2.234147
37.167812 23.772788 31.747853
3.795789 23.089070 -2.077999
3.795789 23.089070 31.904001
37.777789 23.089070 -2.077999
37.777789 23.089070 31.904001
3.105615 24.948225 -1.533778
3.105615 24.948225 32.448222
37.087615 24.948225 -1.533778
37.087615 24.948225 32.448222
10.209212 -3.185813 -2.234147
10.209212 -3.185813 31.747853
10.209212 30.796187 -2.234147
10.209212 30.796187 31.747853
10.892930 -3.795789 -2.077999
10.892930 -3.795789 31.904001
10.892930 30.186211 -2.077999
10.892930 30.186211 31.904001
9.033775 -3.105615 -1.533778
9.033775 -3.105615 32.448222
9.033775 30.876385 -1.533778
9.033775 30.876385 32.448222
13.805187 23.772788 19.225147
13.195211 23.089070 19.068999
13.885385 24.948225 18.524778
3.185813 27.200212 19.225147
37.167812 27.200212 19.225147
3.795789 27.883930 19.068999
37.777789 27.883930 19.068999
3.105615 26.024775 18.524778
37.087615 26.024775 18.524778
7.062107 18.593694 18.593694
6.893408 17.402415 18.391875
6.152588 19.381335 18.391875
1.433393 27.089194 23.883806
35.415393 27.089194 23.883806
2.342912 27.876835 24.085625
36.324912 27.876835 24.085625
1.602092 25.897915 24.085625
35.584092 25.897915 24.085625
1.602694 18.593694 24.053107
35.584694 18.593694 24.053107
2.147948 17.644803 23.513998
36.129948 17.644803 23.513998
0.653803 19.138948 23.513998
34.635803 19.138948 23.513998
1.602694 24.053107 18.593694
35.584694 24.053107 18.593694
2.390335 23.143588 18.391875
36.372335 23.143588 18.391875
0.411415 23.884408 18.391875
34.393415 23.884408 18.391875
15.557607 23.883806 23.883806
14.648088 23.096165 24.085625
15.388908 25.075085 24.085625
7.062107 -1.602694 -1.602694
7.062107 -1.602694 32.379306
7.062107 32.379306 -1.602694
7.062107 32.379306 32.379306
6.152588 -2.390335 -1.400875
6.152588 -2.390335 32.581125
6.152588 31.591665 -1.400875
6.152588 31.591665 32.581125
6.893408 -0.411415 -1.400875
6.893408 -0.411415 32.581125
6.893408 33.570585 -1.400875
6.893408 33.570585 32.581125
10.098194 23.883806 18.424393
9.149303 23.338552 18.963502
10.643448 24.832697 18.963502
15.557607 27.089194 27.089194
15.388908 25.897915 26.887375
14.648088 27.876835 26.887375
15.388306 -1.602694 24.053107
15.388306 32.379306 24.053107
14.843052 -0.653803 23.513998
14.843052 33.328197 23.513998
16.337197 -2.147948 23.513998
16.337197 31.834052 23.513998
6.892806 -1.433393 23.883806
6.892806 32.548607 23.883806
8.084085 -1.602092 24.085625
8.084085 32.379908 24.085625
6.105165 -2.342912 24.085625
6.105165 31.639088 24.085625
15.388306 24.053107 -1.602694
15.388306 24.053107 32.379306
16.579585 23.884408 -1.400875
16.579585 23.884408 32.581125
14.600665 23.143588 -1.400875
14.600665 23.143588 32.581125
6.892806 27.089194 18.424393
7.841697 27.634448 18.963502
6.347552 26.140303 18.963502
9.928893 -1.602694 18.593694
9.928893 32.379306 18.593694
10.097592 -0.411415 18.391875
10.097592 33.570585 18.391875
10.838412 -2.390335 18.391875
10.838412 31.591665 18.391875
9.928893 18.593694 -1.602694
9.928893 18.593694 32.379306
10.838412 19.381335 -1.400875
10.838412 19.381335 32.581125
10.097592 17.402415 -1.400875
10.097592 17.402415 32.581125
6.892806 23.883806 -1.433393
6.892806 23.883806 32.548607
6.347552 24.832697 -1.972502
6.347552 24.832697 32.009498
7.841697 23.338552 -1.972502
7.841697 23.338552 32.009498
1.602694 -1.602694 26.919893
1.602694 32.379306 26.919893
35.584694 -1.602694 26.919893
35.584694 32.379306 26.919893
0.653803 -2.147948 27.459002
0.653803 31.834052 27.459002
34.635803 -2.147948 27.459002
34.635803 31.834052 27.459002
2.147948 -0.653803 27.459002
2.147948 33.328197 27.459002
36.129948 -0.653803 27.459002
36.129948 33.328197 27.459002
1.433393 23.883806 27.089194
35.415393 23.883806 27.089194
1.602092 25.075085 26.887375
35.584092 25.075085 26.887375
2.342912 23.096165 26.887375
36.324912 23.096165 26.887375
15.388306 26.919893 18.593694
14.600665 27.829412 18.391875
16.579585 27.088592 18.391875
10.098194 18.424393 23.883806
8.906915 18.593092 24.085625
10.885835 19.333912 24.085625
1.602694 26.919893 -1.602694
1.602694 26.919893 32.379306
35.584694 26.919893 -1.602694
35.584694 26.919893 32.379306
0.411415 27.088592 -1.400875
0.411415 27.088592 32.581125
34.393415 27.088592 -1.400875
34.393415 27.088592 32.581125
2.390335 27.829412 -1.400875
2.390335 27.829412 32.581125
36.372335 27.829412 -1.400875
36.372335 27.829412 32.581125
6.892806 18.424393 27.089194
6.105165 19.333912 26.887375
8.084085 18.593092 26.887375
10.098194 -1.433393 27.089194
10.098194 32.548607 27.089194
10.885835 -2.342912 26.887375
10.885835 31.639088 26.887375
8.906915 -1.602092 26.887375
8.906915 32.379908 26.887375
15.388306 18.593694 26.919893
16.337197 19.138948 27.459002
14.843052 17.644803 27.459002
10.098194 27.089194 -1.433393
10.098194 27.089194 32.548607
10.643448 26.140303 -1.972502
10.643448 26.140303 32.009498
9.149303 27.634448 -1.972502
9.149303 27.634448 32.009498
23.397457 0.134229 10.584543
23.397457 34.116229 10.584543
23.252353 15.277288 11.681313
23.408501 14.593570 12.291289
23.952722 16.452725 11.601115
25.486500 0.000000 12.743250
25.486500 33.982000 12.743250
17.125229 10.584543 6.406457
-1.713712 10.729647 5.309687
32.268288 10.729647 5.309687
-2.397430 10.573499 4.699711
-2.397430 10.573499 38.681711
31.584570 10.573499 4.699711
31.584570 10.573499 38.681711
-0.538275 10.029278 5.389885
33.443725 10.029278 5.389885
16.991000 8.495500 4.247750
16.991000 8.495500 38.229750
27.575543 16.856771 10.584543
27.720647 1.713712 11.681313
27.720647 35.695712 11.681313
27.564499 2.397430 12.291289
27.564499 36.379430 12.291289
27.020278 0.538275 11.601115
27.020278 34.520275 11.601115
-0.134229 6.406457 6.406457
33.847771 6.406457 6.406457
18.704712 6.261353 5.309687
19.388430 6.417501 4.699711
19.388430 6.417501 38.681711
17.529275 6.961722 5.389885
23.397457 16.856771 6.406457
23.252353 1.713712 5.309687
23.252353 35.695712 5.309687
23.408501 2.397430 4.699711
23.408501 2.397430 38.681711
23.408501 36.379430 4.699711
23.408501 36.379430 38.681711
23.952722 0.538275 5.389885
23.952722 34.520275 5.389885
25.486500 0.000000 4.247750
25.486500 0.000000 38.229750
25.486500 33.982000 4.247750
25.486500 33.982000 38.229750
-0.134229 10.584543 10.584543
33.847771 10.584543 10.584543
18.704712 10.729647 11.681313
19.388430 10.573499 12.291289
17.529275 10.029278 11.601115
16.991000 8.495500 12.743250
27.575543 0.134229 6.406457
27.575543 34.116229 6.406457
27.720647 15.277288 5.309687
27.564499 14.593570 4.699711
27.564499 14.593570 38.681711
27.020278 16.452725 5.389885
17.125229 6.406457 10.584543
-1.713712 6.261353 11.681313
32.268288 6.261353 11.681313
-2.397430 6.417501 12.291289
31.584570 6.417501 12.291289
-0.538275 6.961722 11.601115
33.443725 6.961722 11.601115
27.575543 6.406457 0.134229
27.575543 6.406457 34.116229
28.672313 6.261353 15.277288
-4.699711 6.417501 14.593570
29.282289 6.417501 14.593570
28.592115 6.961722 16.452725
-4.247750 8.495500 0.000000
-4.247750 8.495500 33.982000
29.734250 8.495500 0.000000
29.734250 8.495500 33.982000
23.397457 6.406457 16.856771
23.252353 5.309687 1.713712
23.252353 5.309688 35.695712
23.408501 4.699711 2.397430
23.408501 4.699711 36.379430
23.408501 38.681711 2.397430
23.408501 38.681711 36.379430
23.952722 5.389885 0.538275
23.952722 5.389885 34.520275
25.486500 4.247750 0.000000
25.486500 4.247750 33.982000
25.486500 38.229750 0.000000
25.486500 38.229750 33.982000
23.397457 10.584543 0.134229
23.397457 10.584543 34.116229
22.300687 10.729647 15.277288
21.690711 10.573499 14.593570
22.380885 10.029278 16.452725
21.238750 8.495500 0.000000
21.238750 8.495500 33.982000
27.575543 10.584543 16.856771
27.720647 11.681313 1.713712
27.720647 11.681313 35.695712
27.564499 12.291289 2.397430
27.564499 12.291289 36.379430
27.020278 11.601115 0.538275
27.020278 11.601115 34.520275
25.486500 12.743250 0.000000
25.486500 12.743250 33.982000
28.672313 10.729647 1.713712
28.672313 10.729647 35.695712
-4.699711 10.573499 2.397430
-4.699711 10.573499 36.379430
29.282289 10.573499 2.397430
29.282289 10.573499 36.379430
28.592115 10.029278 0.538275
28.592115 10.029278 34.520275
27.720647 5.309688 15.277288
27.564499 4.699711 14.593570
27.564499 38.681711 14.593570
27.020278 5.389885 16.452725
22.300687 6.261353 1.713712
22.300688 6.261353 35.695712
21.690711 6.417501 2.397430
21.690711 6.417501 36.379430
22.380885 6.961722 0.538275
22.380885 6.961722 34.520275
23.252353 11.681313 15.277288
23.408501 12.291289 14.593570
23.952722 11.601115 16.452725
-1.713712 11.681313 6.261353
32.268288 11.681313 6.261353
-2.397430 12.291289 6.417501
31.584570 12.291289 6.417501
-0.538275 11.601115 6.961722
33.443725 11.601115 6.961722
16.991000 12.743250 8.495500
-1.713712 5.309688 10.729647
32.268288 5.309688 10.729647
-2.397430 4.699711 10.573499
-2.397430 38.681711 10.573499
31.584570 4.699711 10.573499
31.584570 38.681711 10.573499
-0.538275 5.389885 10.029278
33.443725 5.389885 10.029278
16.991000 4.247750 8.495500
16.991000 38.229750 8.495500
22.300687 1.713712 6.261353
22.300688 35.695712 6.261353
21.690711 2.397430 6.417501
21.690711 36.379430 6.417501
22.380885 0.538275 6.961722
22.380885 34.520275 6.961722
21.238750 0.000000 8.495500
21.238750 33.982000 8.495500
18.704712 11.681313 10.729647
19.388430 12.291289 10.573499
17.529275 11.601115 10.029278
28.672313 15.277288 6.261353
-4.699711 14.593570 6.417501
29.282289 14.593570 6.417501
28.592115 16.452725 6.961722
-4.247750 0.000000 8.495500
-4.247750 33.982000 8.495500
29.734250 0.000000 8.495500
29.734250 33.982000 8.495500
18.704712 5.309687 6.261353
19.388430 4.699711 6.417501
19.388430 38.681711 6.417501
17.529275 5.389885 6.961722
22.300687 15.277288 10.729647
21.690711 14.593570 10.573499
22.380885 16.452725 10.029278
28.672313 1.713712 10.729647
28.672313 35.695712 10.729647
-4.699711 2.397430 10.573499
-4.699711 36.379430 10.573499
29.282289 2.397430 10.573499
29.282289 36.379430 10.573499
28.592115 0.538275 10.029278
28.592115 34.520275 10.029278
-2.089043 8.629729 2.089043
-2.089043 8.629729 36.071043
31.892957 8.629729 2.089043
31.892957 8.629729 36.071043
-2.234147 6.781788 3.185812
-2.234147 6.781788 37.167812
31.747853 6.781788 3.185812
31.747853 6.781788 37.167812
-2.077999 6.098070 3.795789
-2.077999 6.098070 37.777789
31.904001 6.098070 3.795789
31.904001 6.098070 37.777789
-1.533778 7.957225 3.105615
-1.533778 7.957225 37.087615
32.448222 7.957225 3.105615
32.448222 7.957225 37.087615
25.620729 2.089043 14.901957
25.620729 36.071043 14.901957
23.772788 2.234147 13.805187
23.772788 36.216147 13.805187
23.089070 2.077999 13.195211
23.089070 36.059999 13.195211
24.948225 1.533778 13.885385
24.948225 35.515778 13.885385
19.080043 8.361271 2.089043
19.080043 8.361271 36.071043
19.225147 10.209212 3.185812
19.225147 10.209212 37.167812
19.068999 10.892930 3.795789
19.068999 10.892930 37.777789
18.524778 9.033775 3.105615
18.524778 9.033775 37.087615
25.352271 14.901957 14.901957
27.200212 14.756853 13.805187
27.883930 14.913001 13.195211
26.024775 15.457222 13.885385
-2.089043 8.361271 14.901957
31.892957 8.361271 14.901957
-2.234147 10.209212 13.805187
31.747853 10.209212 13.805187
-2.077999 10.892930 13.195211
31.904001 10.892930 13.195211
-1.533778 9.033775 13.885385
32.448222 9.033775 13.885385
25.352271 2.089043 2.089043
25.352271 2.089043 36.071043
25.352271 36.071043 2.089043
25.352271 36.071043 36.071043
27.200212 2.234147 3.185812
27.200212 2.234147 37.167812
27.200212 36.216147 3.185812
27.200212 36.216147 37.167812
27.883930 2.077999 3.795789
27.883930 2.077999 37.777789
27.883930 36.059999 3.795789
27.883930 36.059999 37.777789
26.024775 1.533778 3.105615
26.024775 1.533778 37.087615
26.024775 35.515778 3.105615
26.024775 35.515778 37.087615
19.080043 8.629729 14.901957
19.225147 6.781788 13.805187
19.068999 6.098070 13.195211
18.524778 7.957225 13.885385
25.620729 14.901957 2.089043
25.620729 14.901957 36.071043
23.772788 14.756853 3.185812
23.772788 14.756853 37.167812
23.089070 14.913001 3.795789
23.089070 14.913001 37.777789
24.948225 15.457222 3.105615
24.948225 15.457222 37.087615
19.080043 14.901957 8.629729
20.176813 14.756853 6.781788
20.786789 14.913001 6.098070
20.096615 15.457222 7.957225
-2.089043 14.901957 8.361271
31.892957 14.901957 8.361271
-2.234147 13.805187 10.209212
31.747853 13.805187 10.209212
-2.077999 13.195211 10.892930
31.904001 13.195211 10.892930
-1.533778 13.885385 9.033775
32.448222 13.885385 9.033775
-2.089043 2.089043 8.629729
-2.089043 36.071043 8.629729
31.892957 2.089043 8.629729
31.892957 36.071043 8.629729
-3.185813 2.234147 6.781788
-3.185813 36.216147 6.781788
30.796187 2.234147 6.781788
30.796187 36.216147 6.781788
-3.795789 2.077999 6.098070
-3.795789 36.059999 6.098070
30.186211 2.077999 6.098070
30.186211 36.059999 6.098070
-3.105615 1.533778 7.957225
-3.105615 35.515778 7.957225
30.876385 1.533778 7.957225
30.876385 35.515778 7.957225
19.080043 2.089043 8.361271
19.080043 36.071043 8.361271
19.225147 3.185813 10.209212
19.225147 37.167812 10.209212
19.068999 3.795789 10.892930
19.068999 37.777789 10.892930
18.524778 3.105615 9.033775
18.524778 37.087615 9.033775
20.176813 2.234147 10.209212
20.176813 36.216147 10.209212
20.786789 2.077999 10.892930
20.786789 36.059999 10.892930
20.096615 1.533778 9.033775
20.096615 35.515778 9.033775
19.225147 13.805187 6.781788
19.068999 13.195211 6.098070
18.524778 13.885385 7.957225
-3.185813 14.756853 10.209212
30.796187 14.756853 10.209212
-3.795789 14.913001 10.892930
30.186211 14.913001 10.892930
-3.105615 15.457222 9.033775
30.876385 15.457222 9.033775
-2.234147 3.185813 6.781788
-2.234147 37.167812 6.781788
31.747853 3.185813 6.781788
31.747853 37.167812 6.781788
-2.077999 3.795789 6.098070
-2.077999 37.777789 6.098070
31.904001 3.795789 6.098070
31.904001 37.777789 6.098070
-1.533778 3.105615 7.957225
-1.533778 37.087615 7.957225
32.448222 3.105615 7.957225
32.448222 37.087615 7.957225
23.772788 3.185813 14.756853
23.772788 37.167812 14.756853
23.089070 3.795789 14.913001
23.089070 37.777789 14.913001
24.948225 3.105615 15.457222
24.948225 37.087615 15.457222
23.772788 13.805187 2.234147
23.772788 13.805187 36.216147
23.089070 13.195211 2.077999
23.089070 13.195211 36.059999
24.948225 13.885385 1.533778
24.948225 13.885385 35.515778
-3.185813 10.209212 14.756853
30.796187 10.209212 14.756853
-3.795789 10.892930 14.913001
30.186211 10.892930 14.913001
-3.105615 9.033775 15.457222
30.876385 9.033775 15.457222
27.200212 3.185812 2.234147
27.200212 3.185813 36.216147
27.200212 37.167812 2.234147
27.200212 37.167812 36.216147
27.883930 3.795789 2.077999
27.883930 3.795789 36.059999
27.883930 37.777789 2.077999
27.883930 37.777789 36.059999
26.024775 3.105615 1.533778
26.024775 3.105615 35.515778
26.024775 37.087615 1.533778
26.024775 37.087615 35.515778
20.176813 6.781788 14.756853
20.786789 6.098070 14.913001
20.096615 7.957225 15.457222
27.200212 13.805187 14.756853
27.883930 13.195211 14.913001
26.024775 13.885385 15.457222
-3.185813 6.781788 2.234147
-3.185813 6.781788 36.216147
30.796187 6.781788 2.234147
30.796187 6.781788 36.216147
-3.795789 6.098070 2.077999
-3.795789 6.098070 36.059999
30.186211 6.098070 2.077999
30.186211 6.098070 36.059999
-3.105615 7.957225 1.533778
-3.105615 7.957225 35.515778
30.876385 7.957225 1.533778
30.876385 7.957225 35.515778
20.176813 10.209212 2.234147
20.176813 10.209212 36.216147
20.786789 10.892930 2.077999
20.786789 10.892930 36.059999
20.096615 9.033775 1.533778
20.096615 9.033775 35.515778
24.053107 1.602694 1.602694
24.053107 1.602694 35.584694
24.053107 35.584694 1.602694
24.053107 35.584694 35.584694
23.884408 0.411415 1.400875
23.884408 0.411415 35.382875
23.884408 34.393415 1.400875
23.884408 34.393415 35.382875
23.143588 2.390335 1.400875
23.143588 2.390335 35.382875
23.143588 36.372335 1.400875
23.143588 36.372335 35.382875
18.424393 10.098194 6.892806
19.333912 10.885835 7.094625
18.593092 8.906915 7.094625
18.593694 1.602694 7.062107
18.593694 35.584694 7.062107
19.138948 0.653803 6.522998
19.138948 34.635803 6.522998
17.644803 2.147948 6.522998
17.644803 36.129948 6.522998
18.593694 7.062107 1.602694
18.593694 7.062107 35.584694
19.381335 6.152588 1.400875
19.381335 6.152588 35.382875
17.402415 6.893408 1.400875
17.402415 6.893408 35.382875
-1.433393 6.892806 6.892806
32.548607 6.892806 6.892806
-2.342912 6.105165 7.094625
31.639088 6.105165 7.094625
-1.602092 8.084085 7.094625
32.379908 8.084085 7.094625
24.053107 15.388306 15.388306
23.143588 14.600665 15.590125
23.884408 16.579585 15.590125
27.089194 6.892806 1.433393
27.089194 6.892806 35.415393
26.140303 6.347552 1.972502
26.140303 6.347552 35.954502
27.634448 7.841697 1.972502
27.634448 7.841697 35.954502
-1.433393 10.098194 10.098194
32.548607 10.098194 10.098194
-1.602092 8.906915 9.896375
32.379908 8.906915 9.896375
-2.342912 10.885835 9.896375
31.639088 10.885835 9.896375
-1.602694 15.388306 7.062107
32.379306 15.388306 7.062107
-2.147948 16.337197 6.522998
31.834052 16.337197 6.522998
-0.653803 14.843052 6.522998
33.328197 14.843052 6.522998
23.883806 15.557607 6.892806
25.075085 15.388908 7.094625
23.096165 14.648088 7.094625
-1.602694 7.062107 15.388306
32.379306 7.062107 15.388306
-0.411415 6.893408 15.590125
33.570585 6.893408 15.590125
-2.390335 6.152588 15.590125
31.591665 6.152588 15.590125
23.883806 10.098194 1.433393
23.883806 10.098194 35.415393
24.832697 10.643448 1.972502
24.832697 10.643448 35.954502
23.338552 9.149303 1.972502
23.338552 9.149303 35.954502
26.919893 15.388306 1.602694
26.919893 15.388306 35.584694
27.088592 16.579585 1.400875
27.088592 16.579585 35.382875
27.829412 14.600665 1.400875
27.829412 14.600665 35.382875
26.919893 1.602694 15.388306
26.919893 35.584694 15.388306
27.829412 2.390335 15.590125
27.829412 36.372335 15.590125
27.088592 0.411415 15.590125
27.088592 34.393415 15.590125
23.883806 6.892806 15.557607
23.338552 7.841697 15.018498
24.832697 6.347552 15.018498
18.593694 15.388306 9.928893
17.644803 14.843052 10.468002
19.138948 16.337197 10.468002
18.424393 6.892806 10.098194
18.593092 8.084085 9.896375
19.333912 6.105165 9.896375
-1.602694 9.928893 1.602694
-1.602694 9.928893 35.584694
32.379306 9.928893 1.602694
32.379306 9.928893 35.584694
-2.390335 10.838412 1.400875
-2.390335 10.838412 35.382875
31.591665 10.838412 1.400875
31.591665 10.838412 35.382875
-0.411415 10.097592 1.400875
-0.411415 10.097592 35.382875
33.570585 10.097592 1.400875
33.570585 10.097592 35.382875
27.089194 1.433393 6.892806
27.089194 35.415393 6.892806
25.897915 1.602092 7.094625
25.897915 35.584092 7.094625
27.876835 2.342912 7.094625
27.876835 36.324912 7.094625
18.593694 9.928893 15.388306
17.402415 10.097592 15.590125
19.381335 10.838412 15.590125
23.883806 1.433393 10.098194
23.883806 35.415393 10.098194
23.096165 2.342912 9.896375
23.096165 36.324912 9.896375
25.075085 1.602092 9.896375
25.075085 35.584092 9.896375
27.089194 15.557607 10.098194
27.876835 14.648088 9.896375
25.897915 15.388908 9.896375
-1.602694 1.602694 9.928893
-1.602694 35.584694 9.928893
32.379306 1.602694 9.928893
32.379306 35.584694 9.928893
-0.653803 2.147948 10.468002
-0.653803 36.129948 10.468002
33.328197 2.147948 10.468002
33.328197 36.129948 10.468002
-2.147948 0.653803 10.468002
-2.147948 34.635803 10.468002
31.834052 0.653803 10.468002
31.834052 34.635803 10.468002
27.089194 10.098194 15.557607
27.634448 9.149303 15.018498
26.140303 10.643448 15.018498
23.397457 0.134229 27.575543
23.397457 34.116229 27.575543
23.252353 15.277288 28.672313
23.408501 14.593570 -4.699711
23.408501 14.593570 29.282289
23.952722 16.452725 28.592115
25.486500 -0.000000 -4.247750
25.486500 0.000000 29.734250
25.486500 33.982000 -4.247750
25.486500 33.982000 29.734250
17.125229 10.584543 23.397457
-1.713712 10.729647 22.300687
32.268288 10.729647 22.300687
-2.397430 10.573499 21.690711
31.584570 10.573499 21.690711
-0.538275 10.029278 22.380885
33.443725 10.029278 22.380885
16.991000 8.495500 21.238750
27.575543 16.856771 27.575543
27.720647 1.713712 28.672313
27.720647 35.695712 28.672313
27.564499 2.397430 -4.699711
27.564499 2.397430 29.282289
27.564499 36.379430 -4.699711
27.564499 36.379430 29.282289
27.020278 0.538275 28.592115
27.020278 34.520275 28.592115
-0.134229 6.406457 23.397457
33.847771 6.406457 23.397457
18.704712 6.261353 22.300687
19.388430 6.417501 21.690711
17.529275 6.961722 22.380885
23.397457 16.856771 23.397457
23.252353 1.713712 22.300687
23.252353 35.695712 22.300687
23.408501 2.397430 21.690711
23.408501 36.379430 21.690711
23.952722 0.538275 22.380885
23.952722 34.520275 22.380885
25.486500 0.000000 21.238750
25.486500 33.982000 21.238750
-0.134229 10.584543 27.575543
33.847771 10.584543 27.575543
18.704712 10.729647 28.672313
19.388430 10.573499 -4.699711
19.388430 10.573499 29.282289
17.529275 10.029278 28.592115
16.991000 8.495500 -4.247750
16.991000 8.495500 29.734250
27.575543 0.134229 23.397457
27.575543 34.116229 23.397457
27.720647 15.277288 22.300687
27.564499 14.593570 21.690711
27.020278 16.452725 22.380885
17.125229 6.406457 27.575543
-1.713712 6.261353 28.672313
32.268288 6.261353 28.672313
-2.397430 6.417501 -4.699711
-2.397430 6.417501 29.282289
31.584570 6.417501 -4.699711
31.584570 6.417501 29.282289
-0.538275 6.961722 28.592115
33.443725 6.961722 28.592115
27.575543 6.406457 17.125229
28.672313 6.261353 -1.713712
28.672313 6.261353 32.268288
-4.699711 6.417501 -2.397430
-4.699711 6.417501 31.584570
29.282289 6.417501 -2.397430
29.282289 6.417501 31.584570
28.592115 6.961722 -0.538275
28.592115 6.961722 33.443725
-4.247750 8.495500 16.991000
29.734250 8.495500 16.991000
23.397457 6.406457 -0.134229
23.397457 6.406457 33.847771
23.252353 5.309688 18.704712
23.408501 4.699711 19.388430
23.408501 38.681711 19.388430
23.952722 5.389885 17.529275
25.486500 4.247750 16.991000
25.486500 38.229750 16.991000
23.397457 10.584543 17.125229
22.300687 10.729647 -1.713712
22.300687 10.729647 32.268288
21.690711 10.573499 -2.397430
21.690711 10.573499 31.584570
22.380885 10.029278 -0.538275
22.380885 10.029278 33.443725
21.238750 8.495500 16.991000
27.575543 10.584543 -0.134229
27.575543 10.584543 33.847771
27.720647 11.681313 18.704712
27.564499 12.291289 19.388430
27.020278 11.601115 17.529275
25.486500 12.743250 16.991000
28.672313 10.729647 18.704712
-4.699711 10.573499 19.388430
29.282289 10.573499 19.388430
28.592115 10.029278 17.529275
27.720647 5.309687 -1.713712
27.720647 5.309688 32.268288
27.564499 4.699711 -2.397430
27.564499 4.699711 31.584570
27.564499 38.681711 -2.397430
27.564499 38.681711 31.584570
27.020278 5.389885 -0.538275
27.020278 5.389885 33.443725
22.300687 6.261353 18.704712
21.690711 6.417501 19.388430
22.380885 6.961722 17.529275
23.252353 11.681313 -1.713712
23.252353 11.681313 32.268288
23.408501 12.291289 -2.397430
23.408501 12.291289 31.584570
23.952722 11.601115 -0.538275
23.952722 11.601115 33.443725
-1.713712 11.681313 23.252353
32.268288 11.681313 23.252353
-2.397430 12.291289 23.408501
31.584570 12.291289 23.408501
-0.538275 11.601115 23.952722
33.443725 11.601115 23.952722
16.991000 12.743250 25.486500
-1.713712 5.309688 27.720647
32.268288 5.309688 27.720647
-2.397430 4.699711 27.564499
-2.397430 38.681711 27.564499
31.584570 4.699711 27.564499
31.584570 38.681711 27.564499
-0.538275 5.389885 27.020278
33.443725 5.389885 27.020278
16.991000 4.247750 25.486500
16.991000 38.229750 25.486500
22.300687 1.713712 23.252353
22.300688 35.695712 23.252353
21.690711 2.397430 23.408501
21.690711 36.379430 23.408501
22.380885 0.538275 23.952722
22.380885 34.520275 23.952722
21.238750 0.000000 25.486500
21.238750 33.982000 25.486500
18.704712 11.681313 27.720647
19.388430 12.291289 27.564499
17.529275 11.601115 27.020278
28.672313 15.277288 23.252353
-4.699711 14.593570 23.408501
29.282289 14.593570 23.408501
28.592115 16.452725 23.952722
-4.247750 0.000000 25.486500
-4.247750 33.982000 25.486500
29.734250 0.000000 25.486500
29.734250 33.982000 25.486500
18.704712 5.309688 23.252353
19.388430 4.699711 23.408501
19.388430 38.681711 23.408501
17.529275 5.389885 23.952722
22.300687 15.277288 27.720647
21.690711 14.593570 27.564499
22.380885 16.452725 27.020278
28.672313 1.713712 27.720647
28.672313 35.695712 27.720647
-4.699711 2.397430 27.564499
-4.699711 36.379430 27.564499
29.282289 2.397430 27.564499
29.282289 36.379430 27.564499
28.592115 0.538275 27.020278
28.592115 34.520275 27.020278
-2.089043 8.629729 19.080043
31.892957 8.629729 19.080043
-2.234147 6.781788 20.176813
31.747853 6.781788 20.176813
-2.077999 6.098070 20.786789
31.904001 6.098070 20.786789
-1.533778 7.957225 20.096615
32.448222 7.957225 20.096615
25.620729 2.089043 -2.089043
25.620729 2.089043 31.892957
25.620729 36.071043 -2.089043
25.620729 36.071043 31.892957
23.772788 2.234147 -3.185813
23.772788 2.234147 30.796187
23.772788 36.216147 -3.185813
23.772788 36.216147 30.796187
23.089070 2.077999 -3.795789
23.089070 2.077999 30.186211
23.089070 36.059999 -3.795789
23.089070 36.059999 30.186211
24.948225 1.533778 -3.105615
24.948225 1.533778 30.876385
24.948225 35.515778 -3.105615
24.948225 35.515778 30.876385
19.080043 8.361271 19.080043
19.225147 10.209212 20.176813
19.068999 10.892930 20.786789
18.524778 9.033775 20.096615
25.352271 14.901957 -2.089043
25.352271 14.901957 31.892957
27.200212 14.756853 -3.185813
27.200212 14.756853 30.796187
27.883930 14.913001 -3.795789
27.883930 14.913001 30.186211
26.024775 15.457222 -3.105615
26.024775 15.457222 30.876385
-2.089043 8.361271 -2.089043
-2.089043 8.361271 31.892957
31.892957 8.361271 -2.089043
31.892957 8.361271 31.892957
-2.234147 10.209212 -3.185813
-2.234147 10.209212 30.796187
31.747853 10.209212 -3.185813
31.747853 10.209212 30.796187
-2.077999 10.892930 -3.795789
-2.077999 10.892930 30.186211
31.904001 10.892930 -3.795789
31.904001 10.892930 30.186211
-1.533778 9.033775 -3.105615
-1.533778 9.033775 30.876385
32.448222 9.033775 -3.105615
32.448222 9.033775 30.876385
25.352271 2.089043 19.080043
25.352271 36.071043 19.080043
27.200212 2.234147 20.176813
27.200212 36.216147 20.176813
27.883930 2.077999 20.786789
27.883930 36.059999 20.786789
26.024775 1.533778 20.096615
26.024775 35.515778 20.096615
19.080043 8.629729 -2.089043
19.080043 8.629729 31.892957
19.225147 6.781788 -3.185813
19.225147 6.781788 30.796187
19.068999 6.098070 -3.795789
19.068999 6.098070 30.186211
18.524778 7.957225 -3.105615
18.524778 7.957225 30.876385
25.620729 14.901957 19.080043
23.772788 14.756853 20.176813
23.089070 14.913001 20.786789
24.948225 15.457222 20.096615
19.080043 14.901957 25.620729
20.176813 14.756853 23.772788
20.786789 14.913001 23.089070
20.096615 15.457222 24.948225
-2.089043 14.901957 25.352271
31.892957 14.901957 25.352271
-2.234147 13.805187 27.200212
31.747853 13.805187 27.200212
-2.077999 13.195211 27.883930
31.904001 13.195211 27.883930
-1.533778 13.885385 26.024775
32.448222 13.885385 26.024775
-2.089043 2.089043 25.620729
-2.089043 36.071043 25.620729
31.892957 2.089043 25.620729
31.892957 36.071043 25.620729
-3.185813 2.234147 23.772788
-3.185812 36.216147 23.772788
30.796187 2.234147 23.772788
30.796187 36.216147 23.772788
-3.795789 2.077999 23.089070
-3.795789 36.059999 23.089070
30.186211 2.077999 23.089070
30.186211 36.059999 23.089070
-3.105615 1.533778 24.948225
-3.105615 35.515778 24.948225
30.876385 1.533778 24.948225
30.876385 35.515778 24.948225
19.080043 2.089043 25.352271
19.080043 36.071043 25.352271
19.225147 3.185813 27.200212
19.225147 37.167812 27.200212
19.068999 3.795789 27.883930
19.068999 37.777789 27.883930
18.524778 3.105615 26.024775
18.524778 37.087615 26.024775
20.176813 2.234147 27.200212
20.176813 36.216147 27.200212
20.786789 2.077999 27.883930
20.786789 36.059999 27.883930
20.096615 1.533778 26.024775
20.096615 35.515778 26.024775
19.225147 13.805187 23.772788
19.068999 13.195211 23.089070
18.524778 13.885385 24.948225
-3.185813 14.756853 27.200212
30.796187 14.756853 27.200212
-3.795789 14.913001 27.883930
30.186211 14.913001 27.883930
-3.105615 15.457222 26.024775
30.876385 15.457222 26.024775
-2.234147 3.185813 23.772788
-2.234147 37.167812 23.772788
31.747853 3.185813 23.772788
31.747853 37.167812 23.772788
-2.077999 3.795789 23.089070
-2.077999 37.777789 23.089070
31.904001 3.795789 23.089070
31.904001 37.777789 23.089070
-1.533778 3.105615 24.948225
-1.533778 37.087615 24.948225
32.448222 3.105615 24.948225
32.448222 37.087615 24.948225
23.772788 3.185812 -2.234147
23.772788 3.185813 31.747853
23.772788 37.167812 -2.234147
23.772788 37.167812 31.747853
23.089070 3.795789 -2.077999
23.089070 3.795789 31.904001
23.089070 37.777789 -2.077999
23.089070 37.777789 31.904001
24.948225 3.105615 -1.533778
24.948225 3.105615 32.448222
24.948225 37.087615 -1.533778
24.948225 37.087615 32.448222
23.772788 13.805187 19.225147
23.089070 13.195211 19.068999
24.948225 13.885385 18.524778
-3.185813 10.209212 -2.234147
-3.185813 10.209212 31.747853
30.796187 10.209212 -2.234147
30.796187 10.209212 31.747853
-3.795789 10.892930 -2.077999
-3.795789 10.892930 31.904001
30.186211 10.892930 -2.077999
30.186211 10.892930 31.904001
-3.105615 9.033775 -1.533778
-3.105615 9.033775 32.448222
30.876385 9.033775 -1.533778
30.876385 9.033775 32.448222
27.200212 3.185813 19.225147
27.200212 37.167812 19.225147
27.883930 3.795789 19.068999
27.883930 37.777789 19.068999
26.024775 3.105615 18.524778
26.024775 37.087615 18.524778
20.176813 6.781788 -2.234147
20.176813 6.781788 31.747853
20.786789 6.098070 -2.077999
20.786789 6.098070 31.904001
20.096615 7.957225 -1.533778
20.096615 7.957225 32.448222
27.200212 13.805187 -2.234147
27.200212 13.805187 31.747853
27.883930 13.195211 -2.077999
27.883930 13.195211 31.904001
26.024775 13.885385 -1.533778
26.024775 13.885385 32.448222
-3.185813 6.781788 19.225147
30.796187 6.781788 19.225147
-3.795789 6.098070 19.068999
30.186211 6.098070 19.068999
-3.105615 7.957225 18.524778
30.876385 7.957225 18.524778
20.176813 10.209212 19.225147
20.786789 10.892930 19.068999
20.096615 9.033775 18.524778
24.053107 1.602694 18.593694
24.053107 35.584694 18.593694
23.884408 0.411415 18.391875
23.884408 34.393415 18.391875
23.143588 2.390335 18.391875
23.143588 36.372335 18.391875
18.424393 10.098194 23.883806
19.333912 10.885835 24.085625
18.593092 8.906915 24.085625
18.593694 1.602694 24.053107
18.593694 35.584694 24.053107
19.138948 0.653803 23.513998
19.138948 34.635803 23.513998
17.644803 2.147948 23.513998
17.644803 36.129948 23.513998
18.593694 7.062107 18.593694
19.381335 6.152588 18.391875
17.402415 6.893408 18.391875
-1.433393 6.892806 23.883806
32.548607 6.892806 23.883806
-2.342912 6.105165 24.085625
31.639088 6.105165 24.085625
-1.602092 8.084085 24.085625
32.379908 8.084085 24.085625
24.053107 15.388306 -1.602694
24.053107 15.388306 32.379306
23.143588 14.600665 -1.400875
23.143588 14.600665 32.581125
23.884408 16.579585 -1.400875
23.884408 16.579585 32.581125
27.089194 6.892806 18.424393
26.140303 6.347552 18.963502
27.634448 7.841697 18.963502
-1.433393 10.098194 27.089194
32.548607 10.098194 27.089194
-1.602092 8.906915 26.887375
32.379908 8.906915 26.887375
-2.342912 10.885835 26.887375
31.639088 10.885835 26.887375
-1.602694 15.388306 24.053107
32.379306 15.388306 24.053107
-2.147948 16.337197 23.513998
31.834052 16.337197 23.513998
-0.653803 14.843052 23.513998
33.328197 14.843052 23.513998
23.883806 15.557607 23.883806
25.075085 15.388908 24.085625
23.096165 14.648088 24.085625
-1.602694 7.062107 -1.602694
-1.602694 7.062107 32.379306
32.379306 7.062107 -1.602694
32.379306 7.062107 32.379306
-0.411415 6.893408 -1.400875
-0.411415 6.893408 32.581125
33.570585 6.893408 -1.400875
33.570585 6.893408 32.581125
-2.390335 6.152588 -1.400875
-2.390335 6.152588 32.581125
31.591665 6.152588 -1.400875
31.591665 6.152588 32.581125
23.883806 10.098194 18.424393
24.832697 10.643448 18.963502
23.338552 9.149303 18.963502
26.919893 15.388306 18.593694
27.088592 16.579585 18.391875
27.829412 14.600665 18.391875
26.919893 1.602694 -1.602694
26.919893 1.602694 32.379306
26.919893 35.584694 -1.602694
26.919893 35.584694 32.379306
27.829412 2.390335 -1.400875
27.829412 2.390335 32.581125
27.829412 36.372335 -1.400875
27.829412 36.372335 32.581125
27.088592 0.411415 -1.400875
27.088592 0.411415 32.581125
27.088592 34.393415 -1.400875
27.088592 34.393415 32.581125
23.883806 6.892806 -1.433393
23.883806 6.892806 32.548607
23.338552 7.841697 -1.972502
23.338552 7.841697 32.009498
24.832697 6.347552 -1.972502
24.832697 6.347552 32.009498
18.593694 15.388306 26.919893
17.644803 14.843052 27.459002
19.138948 16.337197 27.459002
18.424393 6.892806 27.089194
18.593092 8.084085 26.887375
19.333912 6.105165 26.887375
-1.602694 9.928893 18.593694
32.379306 9.928893 18.593694
-2.390335 10.838412 18.391875
31.591665 10.838412 18.391875
-0.411415 10.097592 18.391875
33.570585 10.097592 18.391875
27.089194 1.433393 23.883806
27.089194 35.415393 23.883806
25.897915 1.602092 24.085625
25.897915 35.584092 24.085625
27.876835 2.342912 24.085625
27.876835 36.324912 24.085625
18.593694 9.928893 -1.602694
18.593694 9.928893 32.379306
17.402415 10.097592 -1.400875
17.402415 10.097592 32.581125
19.381335 10.838412 -1.400875
19.381335 10.838412 32.581125
23.883806 1.433393 27.089194
23.883806 35.415393 27.089194
23.096165 2.342912 26.887375
23.096165 36.324912 26.887375
25.075085 1.602092 26.887375
25.075085 35.584092 26.887375
27.089194 15.557607 27.089194
27.876835 14.648088 26.887375
25.897915 15.388908 26.887375
-1.602694 1.602694 26.919893
-1.602694 35.584694 26.919893
32.379306 1.602694 26.919893
32.379306 35.584694 26.919893
-0.653803 2.147948 27.459002
-0.653803 36.129948 27.459002
33.328197 2.147948 27.459002
33.328197 36.129948 27.459002
-2.147948 0.653803 27.459002
-2.147948 34.635803 27.459002
31.834052 0.653803 27.459002
31.834052 34.635803 27.459002
27.089194 10.098194 -1.433393
27.089194 10.098194 32.548607
27.634448 9.149303 -1.972502
27.634448 9.149303 32.009498
26.140303 10.643448 -1.972502
26.140303 10.643448 32.009498
23.397457 17.125229 10.584543
23.252353 -1.713712 11.681313
23.252353 32.268288 11.681313
23.408501 -2.397430 12.291289
23.408501 31.584570 12.291289
23.952722 -0.538275 11.601115
23.952722 33.443725 11.601115
25.486500 16.991000 12.743250
17.125229 27.575543 6.406457
-1.713712 27.720647 5.309687
32.268288 27.720647 5.309687
-2.397430 27.564499 4.699711
-2.397430 27.564499 38.681711
31.584570 27.564499 4.699711
31.584570 27.564499 38.681711
-0.538275 27.020278 5.389885
33.443725 27.020278 5.389885
16.991000 25.486500 4.247750
16.991000 25.486500 38.229750
27.575543 -0.134229 10.584543
27.575543 33.847771 10.584543
27.720647 18.704712 11.681313
27.564499 19.388430 12.291289
27.020278 17.529275 11.601115
-0.134229 23.397457 6.406457
33.847771 23.397457 6.406457
18.704712 23.252353 5.309687
19.388430 23.408501 4.699711
19.388430 23.408501 38.681711
17.529275 23.952722 5.389885
23.397457 -0.134229 6.406457
23.397457 33.847771 6.406457
23.252353 18.704712 5.309687
23.408501 19.388430 4.699711
23.408501 19.388430 38.681711
23.952722 17.529275 5.389885
25.486500 16.991000 4.247750
25.486500 16.991000 38.229750
-0.134229 27.575543 10.584543
33.847771 27.575543 10.584543
18.704712 27.720647 11.681313
19.388430 27.564499 12.291289
17.529275 27.020278 11.601115
16.991000 25.486500 12.743250
27.575543 17.125229 6.406457
27.720647 -1.713712 5.309687
27.720647 32.268288 5.309687
27.564499 -2.397430 4.699711
27.564499 -2.397430 38.681711
27.564499 31.584570 4.699711
27.564499 31.584570 38.681711
27.020278 -0.538275 5.389885
27.020278 33.443725 5.389885
17.125229 23.397457 10.584543
-1.713712 23.252353 11.681313
32.268288 23.252353 11.681313
-2.397430 23.408501 12.291289
31.584570 23.408501 12.291289
-0.538275 23.952722 11.601115
33.443725 23.952722 11.601115
27.575543 23.397457 0.134229
27.575543 23.397457 34.116229
28.672313 23.252353 15.277288
-4.699711 23.408501 14.593570
29.282289 23.408501 14.593570
28.592115 23.952722 16.452725
-4.247750 25.486500 0.000000
-4.247750 25.486500 33.982000
29.734250 25.486500 0.000000
29.734250 25.486500 33.982000
23.397457 23.397457 16.856771
23.252353 22.300687 1.713712
23.252353 22.300688 35.695712
23.408501 21.690711 2.397430
23.408501 21.690711 36.379430
23.952722 22.380885 0.538275
23.952722 22.380885 34.520275
25.486500 21.238750 0.000000
25.486500 21.238750 33.982000
23.397457 27.575543 0.134229
23.397457 27.575543 34.116229
22.300687 27.720647 15.277288
21.690711 27.564499 14.593570
22.380885 27.020278 16.452725
21.238750 25.486500 0.000000
21.238750 25.486500 33.982000
27.575543 27.575543 16.856771
27.720647 28.672313 1.713712
27.720647 28.672313 35.695712
27.564499 -4.699711 2.397430
27.564499 -4.699711 36.379430
27.564499 29.282289 2.397430
27.564499 29.282289 36.379430
27.020278 28.592115 0.538275
27.020278 28.592115 34.520275
25.486500 -4.247750 0.000000
25.486500 -4.247750 33.982000
25.486500 29.734250 0.000000
25.486500 29.734250 33.982000
28.672313 27.720647 1.713712
28.672313 27.720647 35.695712
-4.699711 27.564499 2.397430
-4.699711 27.564499 36.379430
29.282289 27.564499 2.397430
29.282289 27.564499 36.379430
28.592115 27.020278 0.538275
28.592115 27.020278 34.520275
27.720647 22.300687 15.277288
27.564499 21.690711 14.593570
27.020278 22.380885 16.452725
22.300687 23.252353 1.713712
22.300688 23.252353 35.695712
21.690711 23.408501 2.397430
21.690711 23.408501 36.379430
22.380885 23.952722 0.538275
22.380885 23.952722 34.520275
23.252353 28.672313 15.277288
23.408501 -4.699711 14.593570
23.408501 29.282289 14.593570
23.952722 28.592115 16.452725
-1.713712 28.672313 6.261353
32.268288 28.672313 6.261353
-2.397430 -4.699711 6.417501
-2.397430 29.282289 6.417501
31.584570 -4.699711 6.417501
31.584570 29.282289 6.417501
-0.538275 28.592115 6.961722
33.443725 28.592115 6.961722
16.991000 -4.247750 8.495500
16.991000 29.734250 8.495500
-1.713712 22.300687 10.729647
32.268288 22.300687 10.729647
-2.397430 21.690711 10.573499
31.584570 21.690711 10.573499
-0.538275 22.380885 10.029278
33.443725 22.380885 10.029278
16.991000 21.238750 8.495500
22.300687 18.704712 6.261353
21.690711 19.388430 6.417501
22.380885 17.529275 6.961722
21.238750 16.991000 8.495500
18.704712 28.672313 10.729647
19.388430 -4.699711 10.573499
19.388430 29.282289 10.573499
17.529275 28.592115 10.029278
28.672313 -1.713712 6.261353
28.672313 32.268288 6.261353
-4.699711 -2.397430 6.417501
-4.699711 31.584570 6.417501
29.282289 -2.397430 6.417501
29.282289 31.584570 6.417501
28.592115 -0.538275 6.961722
28.592115 33.443725 6.961722
-4.247750 16.991000 8.495500
29.734250 16.991000 8.495500
18.704712 22.300687 6.261353
19.388430 21.690711 6.417501
17.529275 22.380885 6.961722
22.300687 -1.713712 10.729647
22.300687 32.268288 10.729647
21.690711 -2.397430 10.573499
21.690711 31.584570 10.573499
22.380885 -0.538275 10.029278
22.380885 33.443725 10.029278
28.672313 18.704712 10.729647
-4.699711 19.388430 10.573499
29.282289 19.388430 10.573499
28.592115 17.529275 10.029278
-2.089043 25.620729 2.089043
-2.089043 25.620729 36.071043
31.892957 25.620729 2.089043
31.892957 25.620729 36.071043
-2.234147 23.772788 3.185812
-2.234147 23.772788 37.167812
31.747853 23.772788 3.185812
31.747853 23.772788 37.167812
-2.077999 23.089070 3.795789
-2.077999 23.089070 37.777789
31.904001 23.089070 3.795789
31.904001 23.089070 37.777789
-1.533778 24.948225 3.105615
-1.533778 24.948225 37.087615
32.448222 24.948225 3.105615
32.448222 24.948225 37.087615
25.620729 19.080043 14.901957
23.772788 19.225147 13.805187
23.089070 19.068999 13.195211
24.948225 18.524778 13.885385
19.080043 25.352271 2.089043
19.080043 25.352271 36.071043
19.225147 27.200212 3.185812
19.225147 27.200212 37.167812
19.068999 27.883930 3.795789
19.068999 27.883930 37.777789
18.524778 26.024775 3.105615
18.524778 26.024775 37.087615
25.352271 -2.089043 14.901957
25.352271 31.892957 14.901957
27.200212 -2.234147 13.805187
27.200212 31.747853 13.805187
27.883930 -2.077999 13.195211
27.883930 31.904001 13.195211
26.024775 -1.533778 13.885385
26.024775 32.448222 13.885385
-2.089043 25.352271 14.901957
31.892957 25.352271 14.901957
-2.234147 27.200212 13.805187
31.747853 27.200212 13.805187
-2.077999 27.883930 13.195211
31.904001 27.883930 13.195211
-1.533778 26.024775 13.885385
32.448222 26.024775 13.885385
25.352271 19.080043 2.089043
25.352271 19.080043 36.071043
27.200212 19.225147 3.185812
27.200212 19.225147 37.167812
27.883930 19.068999 3.795789
27.883930 19.068999 37.777789
26.024775 18.524778 3.105615
26.024775 18.524778 37.087615
19.080043 25.620729 14.901957
19.225147 23.772788 13.805187
19.068999 23.089070 13.195211
18.524778 24.948225 13.885385
25.620729 -2.089043 2.089043
25.620729 -2.089043 36.071043
25.620729 31.892957 2.089043
25.620729 31.892957 36.071043
23.772788 -2.234147 3.185812
23.772788 -2.234147 37.167812
23.772788 31.747853 3.185812
23.772788 31.747853 37.167812
23.089070 -2.077999 3.795789
23.089070 -2.077999 37.777789
23.089070 31.904001 3.795789
23.089070 31.904001 37.777789
24.948225 -1.533778 3.105615
24.948225 -1.533778 37.087615
24.948225 32.448222 3.105615
24.948225 32.448222 37.087615
19.080043 -2.089043 8.629729
19.080043 31.892957 8.629729
20.176813 -2.234147 6.781788
20.176813 31.747853 6.781788
20.786789 -2.077999 6.098070
20.786789 31.904001 6.098070
20.096615 -1.533778 7.957225
20.096615 32.448222 7.957225
-2.089043 -2.089043 8.361271
-2.089043 31.892957 8.361271
31.892957 -2.089043 8.361271
31.892957 31.892957 8.361271
-2.234147 -3.185813 10.209212
-2.234147 30.796187 10.209212
31.747853 -3.185813 10.209212
31.747853 30.796187 10.209212
-2.077999 -3.795789 10.892930
-2.077999 30.186211 10.892930
31.904001 -3.795789 10.892930
31.904001 30.186211 10.892930
-1.533778 -3.105615 9.033775
-1.533778 30.876385 9.033775
32.448222 -3.105615 9.033775
32.448222 30.876385 9.033775
-2.089043 19.080043 8.629729
31.892957 19.080043 8.629729
-3.185813 19.225147 6.781788
30.796187 19.225147 6.781788
-3.795789 19.068999 6.098070
30.186211 19.068999 6.098070
-3.105615 18.524778 7.957225
30.876385 18.524778 7.957225
19.080043 19.080043 8.361271
19.225147 20.176813 10.209212
19.068999 20.786789 10.892930
18.524778 20.096615 9.033775
20.176813 19.225147 10.209212
20.786789 19.068999 10.892930
20.096615 18.524778 9.033775
19.225147 -3.185813 6.781788
19.225147 30.796187 6.781788
19.068999 -3.795789 6.098070
19.068999 30.186211 6.098070
18.524778 -3.105615 7.957225
18.524778 30.876385 7.957225
-3.185813 -2.234147 10.209212
-3.185813 31.747853 10.209212
30.796187 -2.234147 10.209212
30.796187 31.747853 10.209212
-3.795789 -2.077999 10.892930
-3.795789 31.904001 10.892930
30.186211 -2.077999 10.892930
30.186211 31.904001 10.892930
-3.105615 -1.533778 9.033775
-3.105615 32.448222 9.033775
30.876385 -1.533778 9.033775
30.876385 32.448222 9.033775
-2.234147 20.176813 6.781788
31.747853 20.176813 6.781788
-2.077999 20.786789 6.098070
31.904001 20.786789 6.098070
-1.533778 20.096615 7.957225
32.448222 20.096615 7.957225
23.772788 20.176813 14.756853
23.089070 20.786789 14.913001
24.948225 20.096615 15.457222
23.772788 -3.185813 2.234147
23.772788 -3.185813 36.216147
23.772788 30.796187 2.234147
23.772788 30.796187 36.216147
23.089070 -3.795789 2.077999
23.089070 -3.795789 36.059999
23.089070 30.186211 2.077999
23.089070 30.186211 36.059999
24.948225 -3.105615 1.533778
24.948225 -3.105615 35.515778
24.948225 30.876385 1.533778
24.948225 30.876385 35.515778
-3.185813 27.200212 14.756853
30.796187 27.200212 14.756853
-3.795789 27.883930 14.913001
30.186211 27.883930 14.913001
-3.105615 26.024775 15.457222
30.876385 26.024775 15.457222
27.200212 20.176813 2.234147
27.200212 20.176813 36.216147
27.883930 20.786789 2.077999
27.883930 20.786789 36.059999
26.024775 20.096615 1.533778
26.024775 20.096615 35.515778
20.176813 23.772788 14.756853
20.786789 23.089070 14.913001
20.096615 24.948225 15.457222
27.200212 -3.185813 14.756853
27.200212 30.796187 14.756853
27.883930 -3.795789 14.913001
27.883930 30.186211 14.913001
26.024775 -3.105615 15.457222
26.024775 30.876385 15.457222
-3.185813 23.772788 2.234147
-3.185812 23.772788 36.216147
30.796187 23.772788 2.234147
30.796187 23.772788 36.216147
-3.795789 23.089070 2.077999
-3.795789 23.089070 36.059999
30.186211 23.089070 2.077999
30.186211 23.089070 36.059999
-3.105615 24.948225 1.533778
-3.105615 24.948225 35.515778
30.876385 24.948225 1.533778
30.876385 24.948225 35.515778
20.176813 27.200212 2.234147
20.176813 27.200212 36.216147
20.786789 27.883930 2.077999
20.786789 27.883930 36.059999
20.096615 26.024775 1.533778
20.096615 26.024775 35.515778
24.053107 18.593694 1.602694
24.053107 18.593694 35.584694
23.884408 17.402415 1.400875
23.884408 17.402415 35.382875
23.143588 19.381335 1.400875
23.143588 19.381335 35.382875
18.424393 27.089194 6.892806
19.333912 27.876835 7.094625
18.593092 25.897915 7.094625
18.593694 18.593694 7.062107
19.138948 17.644803 6.522998
17.644803 19.138948 6.522998
18.593694 24.053107 1.602694
18.593694 24.053107 35.584694
19.381335 23.143588 1.400875
19.381335 23.143588 35.382875
17.402415 23.884408 1.400875
17.402415 23.884408 35.382875
-1.433393 23.883806 6.892806
32.548607 23.883806 6.892806
-2.342912 23.096165 7.094625
31.639088 23.096165 7.094625
-1.602092 25.075085 7.094625
32.379908 25.075085 7.094625
24.053107 -1.602694 15.388306
24.053107 32.379306 15.388306
23.143588 -2.390335 15.590125
23.143588 31.591665 15.590125
23.884408 -0.411415 15.590125
23.884408 33.570585 15.590125
27.089194 23.883806 1.433393
27.089194 23.883806 35.415393
26.140303 23.338552 1.972502
26.140303 23.338552 35.954502
27.634448 24.832697 1.972502
27.634448 24.832697 35.954502
-1.433393 27.089194 10.098194
32.548607 27.089194 10.098194
-1.602092 25.897915 9.896375
32.379908 25.897915 9.896375
-2.342912 27.876835 9.896375
31.639088 27.876835 9.896375
-1.602694 -1.602694 7.062107
-1.602694 32.379306 7.062107
32.379306 -1.602694 7.062107
32.379306 32.379306 7.062107
-2.147948 -0.653803 6.522998
-2.147948 33.328197 6.522998
31.834052 -0.653803 6.522998
31.834052 33.328197 6.522998
-0.653803 -2.147948 6.522998
-0.653803 31.834052 6.522998
33.328197 -2.147948 6.522998
33.328197 31.834052 6.522998
23.883806 -1.433393 6.892806
23.883806 32.548607 6.892806
25.075085 -1.602092 7.094625
25.075085 32.379908 7.094625
23.096165 -2.342912 7.094625
23.096165 31.639088 7.094625
-1.602694 24.053107 15.388306
32.379306 24.053107 15.388306
-0.411415 23.884408 15.590125
33.570585 23.884408 15.590125
-2.390335 23.143588 15.590125
31.591665 23.143588 15.590125
23.883806 27.089194 1.433393
23.883806 27.089194 35.415393
24.832697 27.634448 1.972502
24.832697 27.634448 35.954502
23.338552 26.140303 1.972502
23.338552 26.140303 35.954502
26.919893 -1.602694 1.602694
26.919893 -1.602694 35.584694
26.919893 32.379306 1.602694
26.919893 32.379306 35.584694
27.088592 -0.411415 1.400875
27.088592 -0.411415 35.382875
27.088592 33.570585 1.400875
27.088592 33.570585 35.382875
27.829412 -2.390335 1.400875
27.829412 -2.390335 35.382875
27.829412 31.591665 1.400875
27.829412 31.591665 35.382875
26.919893 18.593694 15.388306
27.829412 19.381335 15.590125
27.088592 17.402415 15.590125
23.883806 23.883806 15.557607
23.338552 24.832697 15.018498
24.832697 23.338552 15.018498
18.593694 -1.602694 9.928893
18.593694 32.379306 9.928893
17.644803 -2.147948 10.468002
17.644803 31.834052 10.468002
19.138948 -0.653803 10.468002
19.138948 33.328197 10.468002
18.424393 23.883806 10.098194
18.593092 25.075085 9.896375
19.333912 23.096165 9.896375
-1.602694 26.919893 1.602694
-1.602694 26.919893 35.584694
32.379306 26.919893 1.602694
32.379306 26.919893 35.584694
-2.390335 27.829412 1.400875
-2.390335 27.829412 35.382875
31.591665 27.829412 1.400875
31.591665 27.829412 35.382875
-0.411415 27.088592 1.400875
-0.411415 27.088592 35.382875
33.570585 27.088592 1.400875
33.570585 27.088592 35.382875
27.089194 18.424393 6.892806
25.897915 18.593092 7.094625
27.876835 19.333912 7.094625
18.593694 26.919893 15.388306
17.402415 27.088592 15.590125
19.381335 27.829412 15.590125
23.883806 18.424393 10.098194
23.096165 19.333912 9.896375
25.075085 18.593092 9.896375
27.089194 -1.433393 10.098194
27.089194 32.548607 10.098194
27.876835 -2.342912 9.896375
27.876835 31.639088 9.896375
25.897915 -1.602092 9.896375
25.897915 32.379908 9.896375
-1.602694 18.593694 9.928893
32.379306 18.593694 9.928893
-0.653803 19.138948 10.468002
33.328197 19.138948 10.468002
-2.147948 17.644803 10.468002
31.834052 17.644803 10.468002
27.089194 27.089194 15.557607
27.634448 26.140303 15.018498
26.140303 27.634448 15.018498
23.397457 17.125229 27.575543
23.252353 -1.713712 28.672313
23.252353 32.268288 28.672313
23.408501 -2.397430 -4.699711
23.408501 -2.397430 29.282289
23.408501 31.584570 -4.699711
23.408501 31.584570 29.282289
23.952722 -0.538275 28.592115
23.952722 33.443725 28.592115
25.486500 16.991000 -4.247750
25.486500 16.991000 29.734250
17.125229 27.575543 23.397457
-1.713712 27.720647 22.300687
32.268288 27.720647 22.300687
-2.397430 27.564499 21.690711
31.584570 27.564499 21.690711
-0.538275 27.020278 22.380885
33.443725 27.020278 22.380885
16.991000 25.486500 21.238750
27.575543 -0.134229 27.575543
27.575543 33.847771 27.575543
27.720647 18.704712 28.672313
27.564499 19.388430 -4.699711
27.564499 19.388430 29.282289
27.020278 17.529275 28.592115
-0.134229 23.397457 23.397457
33.847771 23.397457 23.397457
18.704712 23.252353 22.300687
19.388430 23.408501 21.690711
17.529275 23.952722 22.380885
23.397457 -0.134229 23.397457
23.397457 33.847771 23.397457
23.252353 18.704712 22.300687
23.408501 19.388430 21.690711
23.952722 17.529275 22.380885
25.486500 16.991000 21.238750
-0.134229 27.575543 27.575543
33.847771 27.575543 27.575543
18.704712 27.720647 28.672313
19.388430 27.564499 -4.699711
19.388430 27.564499 29.282289
17.529275 27.020278 28.592115
16.991000 25.486500 -4.247750
16.991000 25.486500 29.734250
27.575543 17.125229 23.397457
27.720647 -1.713712 22.300687
27.720647 32.268288 22.300687
27.564499 -2.397430 21.690711
27.564499 31.584570 21.690711
27.020278 -0.538275 22.380885
27.020278 33.443725 22.380885
17.125229 23.397457 27.575543
-1.713712 23.252353 28.672313
32.268288 23.252353 28.672313
-2.397430 23.408501 -4.699711
-2.397430 23.408501 29.282289
31.584570 23.408501 -4.699711
31.584570 23.408501 29.282289
-0.538275 23.952722 28.592115
33.443725 23.952722 28.592115
27.575543 23.397457 17.125229
28.672313 23.252353 -1.713712
28.672313 23.252353 32.268288
-4.699711 23.408501 -2.397430
-4.699711 23.408501 31.584570
29.282289 23.408501 -2.397430
29.282289 23.408501 31.584570
28.592115 23.952722 -0.538275
28.592115 23.952722 33.443725
-4.247750 25.486500 16.991000
29.734250 25.486500 16.991000
23.397457 23.397457 -0.134229
23.397457 23.397457 33.847771
23.252353 22.300687 18.704712
23.408501 21.690711 19.388430
23.952722 22.380885 17.529275
25.486500 21.238750 16.991000
23.397457 27.575543 17.125229
22.300687 27.720647 -1.713712
22.300687 27.720647 32.268288
21.690711 27.564499 -2.397430
21.690711 27.564499 31.584570
22.380885 27.020278 -0.538275
22.380885 27.020278 33.443725
21.238750 25.486500 16.991000
27.575543 27.575543 -0.134229
27.575543 27.575543 33.847771
27.720647 28.672313 18.704712
27.564499 -4.699711 19.388430
27.564499 29.282289 19.388430
27.020278 28.592115 17.529275
25.486500 -4.247750 16.991000
25.486500 29.734250 16.991000
28.672313 27.720647 18.704712
-4.699711 27.564499 19.388430
29.282289 27.564499 19.388430
28.592115 27.020278 17.529275
27.720647 22.300687 -1.713712
27.720647 22.300687 32.268288
27.564499 21.690711 -2.397430
27.564499 21.690711 31.584570
27.020278 22.380885 -0.538275
27.020278 22.380885 33.443725
22.300687 23.252353 18.704712
21.690711 23.408501 19.388430
22.380885 23.952722 17.529275
23.252353 28.672313 -1.713712
23.252353 28.672313 32.268288
23.408501 -4.699711 -2.397430
23.408501 -4.699711 31.584570
23.408501 29.282289 -2.397430
23.408501 29.282289 31.584570
23.952722 28.592115 -0.538275
23.952722 28.592115 33.443725
-1.713712 28.672313 23.252353
32.268288 28.672313 23.252353
-2.397430 -4.699711 23.408501
-2.397430 29.282289 23.408501
31.584570 -4.699711 23.408501
31.584570 29.282289 23.408501
-0.538275 28.592115 23.952722
33.443725 28.592115 23.952722
16.991000 -4.247750 25.486500
16.991000 29.734250 25.486500
-1.713712 22.300687 27.720647
32.268288 22.300687 27.720647
-2.397430 21.690711 27.564499
31.584570 21.690711 27.564499
-0.538275 22.380885 27.020278
33.443725 22.380885 27.020278
16.991000 21.238750 25.486500
22.300687 18.704712 23.252353
21.690711 19.388430 23.408501
22.380885 17.529275 23.952722
21.238750 16.991000 25.486500
18.704712 28.672313 27.720647
19.388430 -4.699711 27.564499
19.388430 29.282289 27.564499
17.529275 28.592115 27.020278
28.672313 -1.713712 23.252353
28.672313 32.268288 23.252353
-4.699711 -2.397430 23.408501
-4.699711 31.584570 23.408501
29.282289 -2.397430 23.408501
29.282289 31.584570 23.408501
28.592115 -0.538275 23.952722
28.592115 33.443725 23.952722
-4.247750 16.991000 25.486500
29.734250 16.991000 25.486500
18.704712 22.300687 23.252353
19.388430 21.690711 23.408501
17.529275 22.380885 23.952722
22.300687 -1.713712 27.720647
22.300687 32.268288 27.720647
21.690711 -2.397430 27.564499
21.690711 31.584570 27.564499
22.380885 -0.538275 27.020278
22.380885 33.443725 27.020278
28.672313 18.704712 27.720647
-4.699711 19.388430 27.564499
29.282289 19.388430 27.564499
28.592115 17.529275 27.020278
-2.089043 25.620729 19.080043
31.892957 25.620729 19.080043
-2.234147 23.772788 20.176813
31.747853 23.772788 20.176813
-2.077999 23.089070 20.786789
31.904001 23.089070 20.786789
-1.533778 24.948225 20.096615
32.448222 24.948225 20.096615
25.620729 19.080043 -2.089043
25.620729 19.080043 31.892957
23.772788 19.225147 -3.185813
23.772788 19.225147 30.796187
23.089070 19.068999 -3.795789
23.089070 19.068999 30.186211
24.948225 18.524778 -3.105615
24.948225 18.524778 30.876385
19.080043 25.352271 19.080043
19.225147 27.200212 20.176813
19.068999 27.883930 20.786789
18.524778 26.024775 20.096615
25.352271 -2.089043 -2.089043
25.352271 -2.089043 31.892957
25.352271 31.892957 -2.089043
25.352271 31.892957 31.892957
27.200212 -2.234147 -3.185813
27.200212 -2.234147 30.796187
27.200212 31.747853 -3.185813
27.200212 31.747853 30.796187
27.883930 -2.077999 -3.795789
27.883930 -2.077999 30.186211
27.883930 31.904001 -3.795789
27.883930 31.904001 30.186211
26.024775 -1.533778 -3.105615
26.024775 -1.533778 30.876385
26.024775 32.448222 -3.105615
26.024775 32.448222 30.876385
-2.089043 25.352271 -2.089043
-2.089043 25.352271 31.892957
31.892957 25.352271 -2.089043
31.892957 25.352271 31.892957
-2.234147 27.200212 -3.185813
-2.234147 27.200212 30.796187
31.747853 27.200212 -3.185813
31.747853 27.200212 30.796187
-2.077999 27.883930 -3.795789
-2.077999 27.883930 30.186211
31.904001 27.883930 -3.795789
31.904001 27.883930 30.186211
-1.533778 26.024775 -3.105615
-1.533778 26.024775 30.876385
32.448222 26.024775 -3.105615
32.448222 26.024775 30.876385
25.352271 19.080043 19.080043
27.200212 19.225147 20.176813
27.883930 19.068999 20.786789
26.024775 18.524778 20.096615
19.080043 25.620729 -2.089043
19.080043 25.620729 31.892957
19.225147 23.772788 -3.185813
19.225147 23.772788 30.796187
19.068999 23.089070 -3.795789
19.068999 23.089070 30.186211
18.524778 24.948225 -3.105615
18.524778 24.948225 30.876385
25.620729 -2.089043 19.080043
25.620729 31.892957 19.080043
23.772788 -2.234147 20.176813
23.772788 31.747853 20.176813
23.089070 -2.077999 20.786789
23.089070 31.904001 20.786789
24.948225 -1.533778 20.096615
24.948225 32.448222 20.096615
19.080043 -2.089043 25.620729
19.080043 31.892957 25.620729
20.176813 -2.234147 23.772788
20.176813 31.747853 23.772788
20.786789 -2.077999 23.089070
20.786789 31.904001 23.089070
20.096615 -1.533778 24.948225
20.096615 32.448222 24.948225
-2.089043 -2.089043 25.352271
-2.089043 31.892957 25.352271
31.892957 -2.089043 25.352271
31.892957 31.892957 25.352271
-2.234147 -3.185813 27.200212
-2.234147 30.796187 27.200212
31.747853 -3.185813 27.200212
31.747853 30.796187 27.200212
-2.077999 -3.795789 27.883930
-2.077999 30.186211 27.883930
31.904001 -3.795789 27.883930
31.904001 30.186211 27.883930
-1.533778 -3.105615 26.024775
-1.533778 30.876385 26.024775
32.448222 -3.105615 26.024775
32.448222 30.876385 26.024775
-2.089043 19.080043 25.620729
31.892957 19.080043 25.620729
-3.185813 19.225147 23.772788
30.796187 19.225147 23.772788
-3.795789 19.068999 23.089070
30.186211 19.068999 23.089070
-3.105615 18.524778 24.948225
30.876385 18.524778 24.948225
19.080043 19.080043 25.352271
19.225147 20.176813 27.200212
19.068999 20.786789 27.883930
18.524778 20.096615 26.024775
20.176813 19.225147 27.200212
20.786789 19.068999 27.883930
20.096615 18.524778 26.024775
19.225147 -3.185813 23.772788
19.225147 30.796187 23.772788
19.068999 -3.795789 23.089070
19.068999 30.186211 23.089070
18.524778 -3.105615 24.948225
18.524778 30.876385 24.948225
-3.185813 -2.234147 27.200212
-3.185813 31.747853 27.200212
30.796187 -2.234147 27.200212
30.796187 31.747853 27.200212
-3.795789 -2.077999 27.883930
-3.795789 31.904001 27.883930
30.186211 -2.077999 27.883930
30.186211 31.904001 27.883930
-3.105615 -1.533778 26.024775
-3.105615 32.448222 26.024775
30.876385 -1.533778 26.024775
30.876385 32.448222 26.024775
-2.234147 20.176813 23.772788
31.747853 20.176813 23.772788
-2.077999 20.786789 23.089070
31.904001 20.786789 23.089070
-1.533778 20.096615 24.948225
32.448222 20.096615 24.948225
23.772788 20.176813 -2.234147
23.772788 20.176813 31.747853
23.089070 20.786789 -2.077999
23.089070 20.786789 31.904001
24.948225 20.096615 -1.533778
24.948225 20.096615 32.448222
23.772788 -3.185813 19.225147
23.772788 30.796187 19.225147
23.089070 -3.795789 19.068999
23.089070 30.186211 19.068999
24.948225 -3.105615 18.524778
24.948225 30.876385 18.524778
-3.185813 27.200212 -2.234147
-3.185813 27.200212 31.747853
30.796187 27.200212 -2.234147
30.796187 27.200212 31.747853
-3.795789 27.883930 -2.077999
-3.795789 27.883930 31.904001
30.186211 27.883930 -2.077999
30.186211 27.883930 31.904001
-3.105615 26.024775 -1.533778
-3.105615 26.024775 32.448222
30.876385 26.024775 -1.533778
30.876385 26.024775 32.448222
27.200212 20.176813 19.225147
27.883930 20.786789 19.068999
26.024775 20.096615 18.524778
20.176813 23.772788 -2.234147
20.176813 23.772788 31.747853
20.786789 23.089070 -2.077999
20.786789 23.089070 31.904001
20.096615 24.948225 -1.533778
20.096615 24.948225 32.448222
27.200212 -3.185813 -2.234147
27.200212 -3.185813 31.747853
27.200212 30.796187 -2.234147
27.200212 30.796187 31.747853
27.883930 -3.795789 -2.077999
27.883930 -3.795789 31.904001
27.883930 30.186211 -2.077999
27.883930 30.186211 31.904001
26.024775 -3.105615 -1.533778
26.024775 -3.105615 32.448222
26.024775 30.876385 -1.533778
26.024775 30.876385 32.448222
-3.185813 23.772788 19.225147
30.796187 23.772788 19.225147
-3.795789 23.089070 19.068999
30.186211 23.089070 19.068999
-3.105615 24.948225 18.524778
30.876385 24.948225 18.524778
20.176813 27.200212 19.225147
20.786789 27.883930 19.068999
20.096615 26.024775 18.524778
24.053107 18.593694 18.593694
23.884408 17.402415 18.391875
23.143588 19.381335 18.391875
18.424393 27.089194 23.883806
19.333912 27.876835 24.085625
18.593092 25.897915 24.085625
18.593694 18.593694 24.053107
19.138948 17.644803 23.513998
17.644803 19.138948 23.513998
18.593694 24.053107 18.593694
19.381335 23.143588 18.391875
17.402415 23.884408 18.391875
-1.433393 23.883806 23.883806
32.548607 23.883806 23.883806
-2.342912 23.096165 24.085625
31.639088 23.096165 24.085625
-1.602092 25.075085 24.085625
32.379908 25.075085 24.085625
24.053107 -1.602694 -1.602694
24.053107 -1.602694 32.379306
24.053107 32.379306 -1.602694
24.053107 32.379306 32.379306
23.143588 -2.390335 -1.400875
23.143588 -2.390335 32.581125
23.143588 31.591665 -1.400875
23.143588 31.591665 32.581125
23.884408 -0.411415 -1.400875
23.884408 -0.411415 32.581125
23.884408 33.570585 -1.400875
23.884408 33.570585 32.581125
27.089194 23.883806 18.424393
26.140303 23.338552 18.963502
27.634448 24.832697 18.963502
-1.433393 27.089194 27.089194
32.548607 27.089194 27.089194
-1.602092 25.897915 26.887375
32.379908 25.897915 26.887375
-2.342912 27.876835 26.887375
31.639088 27.876835 26.887375
-1.602694 -1.602694 24.053107
-1.602694 32.379306 24.053107
32.379306 -1.602694 24.053107
32.379306 32.379306 24.053107
-2.147948 -0.653803 23.513998
-2.147948 33.328197 23.513998
31.834052 -0.653803 23.513998
31.834052 33.328197 23.513998
-0.653803 -2.147948 23.513998
-0.653803 31.834052 23.513998
33.328197 -2.147948 23.513998
33.328197 31.834052 23.513998
23.883806 -1.433393 23.883806
23.883806 32.548607 23.883806
25.075085 -1.602092 24.085625
25.075085 32.379908 24.085625
23.096165 -2.342912 24.085625
23.096165 31.639088 24.085625
-1.602694 24.053107 -1.602694
-1.602694 24.053107 32.379306
32.379306 24.053107 -1.602694
32.379306 24.053107 32.379306
-0.411415 23.884408 -1.400875
-0.411415 23.884408 32.581125
33.570585 23.884408 -1.400875
33.570585 23.884408 32.581125
-2.390335 23.143588 -1.400875
-2.390335 23.143588 32.581125
31.591665 23.143588 -1.400875
31.591665 23.143588 32.581125
23.883806 27.089194 18.424393
24.832697 27.634448 18.963502
23.338552 26.140303 18.963502
26.919893 -1.602694 18.593694
26.919893 32.379306 18.593694
27.088592 -0.411415 18.391875
27.088592 33.570585 18.391875
27.829412 -2.390335 18.391875
27.829412 31.591665 18.391875
26.919893 18.593694 -1.602694
26.919893 18.593694 32.379306
27.829412 19.381335 -1.400875
27.829412 19.381335 32.581125
27.088592 17.402415 -1.400875
27.088592 17.402415 32.581125
23.883806 23.883806 -1.433393
23.883806 23.883806 32.548607
23.338552 24.832697 -1.972502
23.338552 24.832697 32.009498
24.832697 23.338552 -1.972502
24.832697 23.338552 32.009498
18.593694 -1.602694 26.919893
18.593694 32.379306 26.919893
17.644803 -2.147948 27.459002
17.644803 31.834052 27.459002
19.138948 -0.653803 27.459002
19.138948 33.328197 27.459002
18.424393 23.883806 27.089194
18.593092 25.075085 26.887375
19.333912 23.096165 26.887375
-1.602694 26.919893 18.593694
32.379306 26.919893 18.593694
-2.390335 27.829412 18.391875
31.591665 27.829412 18.391875
-0.411415 27.088592 18.391875
33.570585 27.088592 18.391875
27.089194 18.424393 23.883806
25.897915 18.593092 24.085625
27.876835 19.333912 24.085625
18.593694 26.919893 -1.602694
18.593694 26.919893 32.379306
17.402415 27.088592 -1.400875
17.402415 27.088592 32.581125
19.381335 27.829412 -1.400875
19.381335 27.829412 32.581125
23.883806 18.424393 27.089194
23.096165 19.333912 26.887375
25.075085 18.593092 26.887375
27.089194 -1.433393 27.089194
27.089194 32.548607 27.089194
27.876835 -2.342912 26.887375
27.876835 31.639088 26.887375
25.897915 -1.602092 26.887375
25.897915 32.379908 26.887375
-1.602694 18.593694 26.919893
32.379306 18.593694 26.919893
-0.653803 19.138948 27.459002
33.328197 19.138948 27.459002
-2.147948 17.644803 27.459002
31.834052 17.644803 27.459002
27.089194 27.089194 -1.433393
27.089194 27.089194 32.548607
27.634448 26.140303 -1.972502
27.634448 26.140303 32.009498
26.140303 27.634448 -1.972502
26.140303 27.634448 32.009498
LINES 4320 12960
2 0 486
2 0 1007
2 0 1171
2 1 487
2 1 1008
2 1 1172
2 2 3
2 2 4
2 2 170
2 4 1002
2 4 1009
2 5 22
2 5 194
2 5 1007
2 5 1210
2 6 23
2 6 195
2 6 1008
2 6 1211
2 7 381
2 7 2006
2 7 2119
2 8 382
2 8 2007
2 8 2120
2 9 10
2 9 12
2 9 126
2 12 1999
2 12 2008
2 13 31
2 13 208
2 13 2006
2 13 2178
2 14 209
2 14 2179
2 15 32
2 15 210
2 15 2007
2 15 2180
2 16 211
2 16 2181
2 17 492
2 17 1024
2 17 1175
2 18 20
2 18 22
2 18 174
2 19 21
2 19 23
2 19 175
2 22 1020
2 23 1021
2 24 411
2 24 2022
2 24 2154
2 25 27
2 25 31
2 25 162
2 26 29
2 26 32
2 26 163
2 31 2017
2 32 2018
2 33 429
2 33 1039
2 33 1141
2 34 36
2 34 40
2 34 139
2 35 38
2 35 41
2 35 140
2 40 42
2 40 1034
2 41 44
2 41 1035
2 42 232
2 42 1058
2 42 1244
2 43 233
2 43 1245
2 44 234
2 44 1059
2 44 1246
2 45 235
2 45 1247
2 46 423
2 46 2040
2 46 2142
2 47 49
2 47 51
2 47 151
2 48 50
2 48 52
2 48 152
2 51 53
2 51 2036
2 52 54
2 52 2037
2 53 242
2 53 2053
2 53 2208
2 54 243
2 54 2054
2 54 2209
2 55 474
2 55 1058
2 55 1156
2 56 475
2 56 1059
2 56 1157
2 57 58
2 57 60
2 57 157
2 60 1040
2 60 1051
2 61 462
2 61 2053
2 61 2128
2 62 463
2 62 2054
2 62 2129
2 63 64
2 63 65
2 63 131
2 65 2041
2 65 2048
2 66 417
2 66 575
2 66 612
2 67 418
2 67 576
2 67 613
2 68 69
2 68 70
2 68 111
2 70 570
2 70 577
2 71 109
2 71 355
2 71 575
2 71 832
2 72 110
2 72 356
2 72 576
2 72 833
2 73 453
2 73 583
2 73 617
2 74 76
2 74 80
2 74 115
2 75 77
2 75 81
2 75 116
2 80 82
2 80 578
2 81 83
2 81 579
2 82 338
2 82 612
2 82 821
2 83 339
2 83 613
2 83 822
2 84 340
2 84 823
2 85 341
2 85 824
2 86 435
2 86 593
2 86 622
2 87 436
2 87 594
2 87 623
2 88 89
2 88 91
2 88 123
2 91 586
2 91 595
2 92 121
2 92 365
2 92 593
2 92 848
2 93 122
2 93 366
2 93 594
2 93 849
2 94 367
2 94 850
2 95 368
2 95 851
2 96 501
2 96 601
2 96 605
2 97 99
2 97 101
2 97 105
2 98 100
2 98 102
2 98 106
2 101 103
2 101 597
2 102 104
2 102 598
2 103 325
2 103 622
2 103 856
2 104 326
2 104 623
2 104 857
2 105 107
2 105 109
2 106 108
2 106 110
2 109 597
2 110 598
2 111 112
2 111 114
2 114 570
2 114 584
2 115 117
2 115 121
2 116 118
2 116 122
2 121 578
2 122 579
2 123 124
2 123 125
2 125 586
2 125 602
2 126 127
2 126 128
2 128 1999
2 128 2121
2 129 155
2 129 304
2 129 2119
2 129 2248
2 130 156
2 130 305
2 130 2120
2 130 2249
2 131 132
2 131 134
2 134 2048
2 134 2130
2 135 168
2 135 284
2 135 2128
2 135 2297
2 136 285
2 136 2298
2 137 169
2 137 286
2 137 2129
2 137 2299
2 138 287
2 138 2300
2 139 141
2 139 145
2 140 142
2 140 146
2 145 147
2 145 1034
2 146 148
2 146 1035
2 147 296
2 147 1171
2 147 1260
2 148 297
2 148 1172
2 148 1261
2 149 298
2 149 1262
2 150 299
2 150 1263
2 151 153
2 151 155
2 152 154
2 152 156
2 155 2036
2 156 2037
2 157 158
2 157 159
2 159 1051
2 159 1158
2 160 178
2 160 270
2 160 1156
2 160 1306
2 161 179
2 161 271
2 161 1157
2 161 1307
2 162 164
2 162 168
2 163 166
2 163 169
2 168 2017
2 169 2018
2 170 171
2 170 173
2 173 1002
2 173 1142
2 174 176
2 174 178
2 175 177
2 175 179
2 178 1020
2 179 1021
2 180 186
2 180 355
2 180 468
2 181 187
2 181 356
2 181 469
2 182 184
2 182 186
2 182 351
2 183 185
2 183 187
2 183 352
2 186 2008
2 187 2009
2 188 194
2 188 319
2 188 447
2 189 195
2 189 320
2 189 448
2 190 192
2 190 194
2 190 315
2 191 193
2 191 195
2 191 316
2 196 208
2 196 365
2 196 399
2 197 209
2 197 366
2 197 400
2 198 210
2 198 367
2 198 401
2 199 211
2 199 368
2 199 402
2 200 204
2 200 208
2 200 357
2 201 205
2 201 209
2 201 358
2 202 206
2 202 210
2 202 359
2 203 207
2 203 211
2 203 360
2 212 215
2 212 350
2 212 414
2 213 214
2 213 215
2 213 348
2 215 1009
2 216 219
2 216 329
2 216 432
2 217 218
2 217 219
2 217 327
2 219 2041
2 220 232
2 220 338
2 220 369
2 221 233
2 221 339
2 221 370
2 222 234
2 222 340
2 222 371
2 223 235
2 223 341
2 223 372
2 224 228
2 224 232
2 224 330
2 225 229
2 225 233
2 225 331
2 226 230
2 226 234
2 226 332
2 227 231
2 227 235
2 227 333
2 236 242
2 236 346
2 236 480
2 237 243
2 237 347
2 237 481
2 238 240
2 238 242
2 238 342
2 239 241
2 239 243
2 239 343
2 244 250
2 244 325
2 244 441
2 245 251
2 245 326
2 245 442
2 246 248
2 246 250
2 246 321
2 247 249
2 247 251
2 247 322
2 250 1040
2 251 1041
2 252 258
2 252 304
2 252 456
2 253 259
2 253 305
2 253 457
2 254 256
2 254 258
2 254 300
2 255 257
2 255 259
2 255 301
2 258 1142
2 259 1143
2 260 263
2 260 308
2 260 426
2 261 262
2 261 263
2 261 306
2 263 2121
2 264 270
2 264 313
2 264 495
2 265 271
2 265 314
2 265 496
2 266 268
2 266 270
2 266 309
2 267 269
2 267 271
2 267 310
2 272 284
2 272 296
2 272 387
2 273 285
2 273 297
2 273 388
2 274 286
2 274 298
2 274 389
2 275 287
2 275 299
2 275 390
2 276 280
2 276 284
2 276 288
2 277 281
2 277 285
2 277 289
2 278 282
2 278 286
2 278 290
2 279 283
2 279 287
2 279 291
2 288 292
2 288 296
2 289 293
2 289 297
2 290 294
2 290 298
2 291 295
2 291 299
2 300 302
2 300 304
2 301 303
2 301 305
2 306 307
2 306 308
2 308 1158
2 309 311
2 309 313
2 310 312
2 310 314
2 313 2130
2 314 2131
2 315 317
2 315 319
2 316 318
2 316 320
2 319 584
2 320 585
2 321 323
2 321 325
2 322 324
2 322 326
2 327 328
2 327 329
2 329 577
2 330 334
2 330 338
2 331 335
2 331 339
2 332 336
2 332 340
2 333 337
2 333 341
2 342 344
2 342 346
2 343 345
2 343 347
2 346 595
2 347 596
2 348 349
2 348 350
2 350 602
2 351 353
2 351 355
2 352 354
2 352 356
2 357 361
2 357 365
2 358 362
2 358 366
2 359 363
2 359 367
2 360 364
2 360 368
2 369 373
2 369 377
2 370 374
2 370 378
2 371 375
2 371 379
2 372 376
2 372 380
2 381 383
2 381 385
2 382 384
2 382 386
2 387 391
2 387 395
2 388 392
2 388 396
2 389 393
2 389 397
2 390 394
2 390 398
2 399 403
2 399 407
2 400 404
2 400 408
2 401 405
2 401 409
2 402 406
2 402 410
2 411 412
2 411 413
2 414 415
2 414 416
2 417 419
2 417 421
2 418 420
2 418 422
2 423 424
2 423 425
2 426 427
2 426 428
2 429 430
2 429 431
2 432 433
2 432 434
2 435 437
2 435 439
2 436 438
2 436 440
2 441 443
2 441 445
2 442 444
2 442 446
2 447 449
2 447 451
2 448 450
2 448 452
2 453 454
2 453 455
2 456 458
2 456 460
2 457 459
2 457 461
2 462 464
2 462 466
2 463 465
2 463 467
2 468 470
2 468 472
2 469 471
2 469 473
2 474 476
2 474 478
2 475 477
2 475 479
2 480 482
2 480 484
2 481 483
2 481 485
2 486 488
2 486 490
2 487 489
2 487 491
2 492 493
2 492 494
2 495 497
2 495 499
2 496 498
2 496 500
2 501 502
2 501 503
2 504 981
2 504 1507
2 504 1663
2 505 982
2 505 1508
2 505 1664
2 506 508
2 506 509
2 506 668
2 509 1500
2 509 1510
2 510 694
2 510 1700
2 511 528
2 511 695
2 511 1507
2 511 1701
2 512 696
2 512 1702
2 513 529
2 513 697
2 513 1508
2 513 1703
2 514 873
2 514 2505
2 514 2611
2 515 874
2 515 2506
2 515 2612
2 516 517
2 516 518
2 516 624
2 518 2500
2 518 2507
2 519 535
2 519 704
2 519 2505
2 519 2664
2 520 536
2 520 705
2 520 2506
2 520 2665
2 521 987
2 521 1523
2 521 1667
2 522 525
2 522 528
2 522 672
2 523 527
2 523 529
2 523 673
2 528 1518
2 529 1519
2 530 897
2 530 2521
2 530 2646
2 531 533
2 531 535
2 531 660
2 532 534
2 532 536
2 532 661
2 535 2517
2 536 2518
2 537 915
2 537 1535
2 537 1633
2 538 540
2 538 542
2 538 637
2 539 541
2 539 543
2 539 638
2 542 544
2 542 1531
2 543 545
2 543 1532
2 544 728
2 544 1555
2 544 1738
2 545 729
2 545 1556
2 545 1739
2 546 909
2 546 2536
2 546 2634
2 547 550
2 547 553
2 547 649
2 548 552
2 548 554
2 548 650
2 553 556
2 553 2531
2 554 558
2 554 2532
2 555 742
2 555 2706
2 556 743
2 556 2551
2 556 2707
2 557 744
2 557 2708
2 558 745
2 558 2552
2 558 2709
2 559 963
2 559 1555
2 559 1648
2 560 964
2 560 1556
2 560 1649
2 561 562
2 561 563
2 561 655
2 563 1536
2 563 1550
2 564 954
2 564 2551
2 564 2620
2 565 955
2 565 2552
2 565 2621
2 566 568
2 566 569
2 566 629
2 569 2538
2 569 2544
2 570 906
2 571 573
2 571 575
2 571 606
2 572 574
2 572 576
2 572 607
2 577 605
2 577 860
2 578 942
2 579 943
2 580 581
2 580 583
2 580 614
2 583 584
2 584 838
2 585 839
2 586 924
2 587 589
2 587 593
2 587 618
2 588 590
2 588 594
2 588 619
2 595 617
2 595 865
2 596 866
2 597 996
2 598 997
2 599 600
2 599 601
2 599 603
2 601 602
2 602 827
2 603 604
2 603 605
2 606 608
2 606 612
2 607 609
2 607 613
2 614 615
2 614 617
2 618 620
2 618 622
2 619 621
2 619 623
2 624 625
2 624 626
2 626 2500
2 626 2613
2 627 653
2 627 802
2 627 2611
2 627 2740
2 628 654
2 628 803
2 628 2612
2 628 2741
2 629 630
2 629 632
2 632 2544
2 632 2622
2 633 666
2 633 782
2 633 2620
2 633 2789
2 634 783
2 634 2790
2 635 667
2 635 784
2 635 2621
2 635 2791
2 636 785
2 636 2792
2 637 639
2 637 643
2 638 640
2 638 644
2 643 645
2 643 1531
2 644 646
2 644 1532
2 645 794
2 645 1663
2 645 1752
2 646 795
2 646 1664
2 646 1753
2 647 796
2 647 1754
2 648 797
2 648 1755
2 649 651
2 649 653
2 650 652
2 650 654
2 653 2531
2 654 2532
2 655 656
2 655 657
2 657 1550
2 657 1650
2 658 676
2 658 768
2 658 1648
2 658 1798
2 659 677
2 659 769
2 659 1649
2 659 1799
2 660 662
2 660 666
2 661 664
2 661 667
2 666 2517
2 667 2518
2 668 669
2 668 671
2 671 1500
2 671 1634
2 672 674
2 672 676
2 673 675
2 673 677
2 676 1518
2 677 1519
2 678 681
2 678 860
2 678 960
2 679 680
2 679 681
2 679 858
2 681 2507
2 682 694
2 682 821
2 682 930
2 683 695
2 683 822
2 683 931
2 684 696
2 684 823
2 684 932
2 685 697
2 685 824
2 685 933
2 686 690
2 686 694
2 686 813
2 687 691
2 687 695
2 687 814
2 688 692
2 688 696
2 688 815
2 689 693
2 689 697
2 689 816
2 698 704
2 698 865
2 698 891
2 699 705
2 699 866
2 699 892
2 700 702
2 700 704
2 700 861
2 701 703
2 701 705
2 701 862
2 706 712
2 706 856
2 706 900
2 707 713
2 707 857
2 707 901
2 708 710
2 708 712
2 708 852
2 709 711
2 709 713
2 709 853
2 712 1509
2 713 1510
2 714 720
2 714 832
2 714 918
2 715 721
2 715 833
2 715 919
2 716 718
2 716 720
2 716 828
2 717 719
2 717 721
2 717 829
2 720 2537
2 721 2538
2 722 728
2 722 838
2 722 867
2 723 729
2 723 839
2 723 868
2 724 726
2 724 728
2 724 834
2 725 727
2 725 729
2 725 835
2 730 742
2 730 848
2 730 969
2 731 743
2 731 849
2 731 970
2 732 744
2 732 850
2 732 971
2 733 745
2 733 851
2 733 972
2 734 738
2 734 742
2 734 840
2 735 739
2 735 743
2 735 841
2 736 740
2 736 744
2 736 842
2 737 741
2 737 745
2 737 843
2 746 749
2 746 827
2 746 927
2 747 748
2 747 749
2 747 825
2 749 1536
2 750 756
2 750 802
2 750 948
2 751 757
2 751 803
2 751 949
2 752 754
2 752 756
2 752 798
2 753 755
2 753 757
2 753 799
2 756 1634
2 757 1635
2 758 761
2 758 806
2 758 912
2 759 760
2 759 761
2 759 804
2 761 2613
2 762 768
2 762 811
2 762 990
2 763 769
2 763 812
2 763 991
2 764 766
2 764 768
2 764 807
2 765 767
2 765 769
2 765 808
2 770 782
2 770 794
2 770 879
2 771 783
2 771 795
2 771 880
2 772 784
2 772 796
2 772 881
2 773 785
2 773 797
2 773 882
2 774 778
2 774 782
2 774 786
2 775 779
2 775 783
2 775 787
2 776 780
2 776 784
2 776 788
2 777 781
2 777 785
2 777 789
2 786 790
2 786 794
2 787 791
2 787 795
2 788 792
2 788 796
2 789 793
2 789 797
2 798 800
2 798 802
2 799 801
2 799 803
2 804 805
2 804 806
2 806 1650
2 807 809
2 807 811
2 808 810
2 808 812
2 811 2622
2 812 2623
2 813 817
2 813 821
2 814 818
2 814 822
2 815 819
2 815 823
2 816 820
2 816 824
2 825 826
2 825 827
2 828 830
2 828 832
2 829 831
2 829 833
2 834 836
2 834 838
2 835 837
2 835 839
2 840 844
2 840 848
2 841 845
2 841 849
2 842 846
2 842 850
2 843 847
2 843 851
2 852 854
2 852 856
2 853 855
2 853 857
2 858 859
2 858 860
2 861 863
2 861 865
2 862 864
2 862 866
2 867 869
2 867 871
2 868 870
2 868 872
2 873 875
2 873 877
2 874 876
2 874 878
2 879 883
2 879 887
2 880 884
2 880 888
2 881 885
2 881 889
2 882 886
2 882 890
2 891 893
2 891 895
2 892 894
2 892 896
2 897 898
2 897 899
2 900 902
2 900 904
2 901 903
2 901 905
2 906 907
2 906 908
2 909 910
2 909 911
2 912 913
2 912 914
2 915 916
2 915 917
2 918 920
2 918 922
2 919 921
2 919 923
2 924 925
2 924 926
2 927 928
2 927 929
2 930 934
2 930 938
2 931 935
2 931 939
2 932 936
2 932 940
2 933 937
2 933 941
2 942 944
2 942 946
2 943 945
2 943 947
2 948 950
2 948 952
2 949 951
2 949 953
2 954 956
2 954 958
2 955 957
2 955 959
2 960 961
2 960 962
2 963 965
2 963 967
2 964 966
2 964 968
2 969 973
2 969 977
2 970 974
2 970 978
2 971 975
2 971 979
2 972 976
2 972 980
2 981 983
2 981 985
2 982 984
2 982 986
2 987 988
2 987 989
2 990 992
2 990 994
2 991 993
2 991 995
2 996 998
2 996 1000
2 997 999
2 997 1001
2 1002 1485
2 1003 1005
2 1003 1007
2 1003 1165
2 1004 1006
2 1004 1008
2 1004 1166
2 1009 1024
2 1009 1187
2 1010 1371
2 1010 2997
2 1010 3108
2 1011 1372
2 1011 2998
2 1011 3109
2 1012 1013
2 1012 1015
2 1012 1125
2 1015 2990
2 1015 2999
2 1016 1032
2 1016 1200
2 1016 2997
2 1016 3162
2 1017 1201
2 1017 3163
2 1018 1033
2 1018 1202
2 1018 2998
2 1018 3164
2 1019 1203
2 1019 3165
2 1020 1488
2 1021 1489
2 1022 1023
2 1022 1024
2 1022 1173
2 1025 1395
2 1025 3011
2 1025 3139
2 1026 1028
2 1026 1032
2 1026 1159
2 1027 1030
2 1027 1033
2 1027 1160
2 1032 3006
2 1033 3007
2 1034 1419
2 1035 1420
2 1036 1037
2 1036 1039
2 1036 1138
2 1039 1040
2 1040 1222
2 1041 1223
2 1042 1410
2 1042 3024
2 1042 3126
2 1043 1045
2 1043 1047
2 1043 1144
2 1044 1046
2 1044 1048
2 1044 1145
2 1047 1049
2 1047 3020
2 1048 1050
2 1048 3021
2 1049 1230
2 1049 3040
2 1049 3192
2 1050 1231
2 1050 3041
2 1050 3193
2 1051 1476
2 1052 1054
2 1052 1058
2 1052 1152
2 1053 1056
2 1053 1059
2 1053 1153
2 1060 1464
2 1060 3040
2 1060 3116
2 1061 1465
2 1061 3041
2 1061 3117
2 1062 1063
2 1062 1064
2 1062 1133
2 1064 3025
2 1064 3035
2 1065 1404
2 1065 1568
2 1065 1603
2 1066 1405
2 1066 1569
2 1066 1604
2 1067 1068
2 1067 1069
2 1067 1110
2 1069 1563
2 1069 1570
2 1070 1108
2 1070 1351
2 1070 1568
2 1070 1819
2 1071 1109
2 1071 1352
2 1071 1569
2 1071 1820
2 1072 1449
2 1072 1575
2 1072 1608
2 1073 1075
2 1073 1077
2 1073 1113
2 1074 1076
2 1074 1078
2 1074 1114
2 1077 1079
2 1077 1571
2 1078 1080
2 1078 1572
2 1079 1333
2 1079 1603
2 1079 1807
2 1080 1334
2 1080 1604
2 1080 1808
2 1081 1428
2 1081 1584
2 1081 1615
2 1082 1429
2 1082 1585
2 1082 1616
2 1083 1084
2 1083 1086
2 1083 1121
2 1086 1577
2 1086 1586
2 1087 1119
2 1087 1361
2 1087 1584
2 1087 1832
2 1088 1120
2 1088 1362
2 1088 1585
2 1088 1833
2 1089 1363
2 1089 1834
2 1090 1364
2 1090 1835
2 1091 1497
2 1091 1593
2 1091 1598
2 1092 1096
2 1092 1098
2 1092 1104
2 1093 1097
2 1093 1099
2 1093 1105
2 1098 1102
2 1098 1588
2 1099 1103
2 1099 1589
2 1100 1322
2 1100 1844
2 1101 1323
2 1101 1845
2 1102 1324
2 1102 1615
2 1102 1846
2 1103 1325
2 1103 1616
2 1103 1847
2 1104 1106
2 1104 1108
2 1105 1107
2 1105 1109
2 1108 1588
2 1109 1589
2 1110 1111
2 1110 1112
2 1112 1563
2 1112 1576
2 1113 1115
2 1113 1119
2 1114 1116
2 1114 1120
2 1119 1571
2 1120 1572
2 1121 1123
2 1121 1124
2 1124 1577
2 1124 1595
2 1125 1127
2 1125 1128
2 1128 2990
2 1128 3111
2 1129 1298
2 1129 3242
2 1130 1150
2 1130 1299
2 1130 3108
2 1130 3243
2 1131 1300
2 1131 3244
2 1132 1151
2 1132 1301
2 1132 3109
2 1132 3245
2 1133 1134
2 1133 1135
2 1135 3035
2 1135 3118
2 1136 1163
2 1136 1282
2 1136 3116
2 1136 3283
2 1137 1164
2 1137 1283
2 1137 3117
2 1137 3284
2 1138 1139
2 1138 1141
2 1141 1142
2 1142 1288
2 1143 1289
2 1144 1147
2 1144 1150
2 1145 1149
2 1145 1151
2 1150 3020
2 1151 3021
2 1152 1154
2 1152 1156
2 1153 1155
2 1153 1157
2 1158 1175
2 1158 1275
2 1159 1161
2 1159 1163
2 1160 1162
2 1160 1164
2 1163 3006
2 1164 3007
2 1165 1167
2 1165 1171
2 1166 1168
2 1166 1172
2 1173 1174
2 1173 1175
2 1176 1182
2 1176 1351
2 1176 1470
2 1177 1183
2 1177 1352
2 1177 1471
2 1178 1180
2 1178 1182
2 1178 1347
2 1179 1181
2 1179 1183
2 1179 1348
2 1182 2999
2 1183 3000
2 1184 1187
2 1184 1313
2 1184 1446
2 1185 1186
2 1185 1187
2 1185 1311
2 1188 1200
2 1188 1361
2 1188 1383
2 1189 1201
2 1189 1362
2 1189 1384
2 1190 1202
2 1190 1363
2 1190 1385
2 1191 1203
2 1191 1364
2 1191 1386
2 1192 1196
2 1192 1200
2 1192 1353
2 1193 1197
2 1193 1201
2 1193 1354
2 1194 1198
2 1194 1202
2 1194 1355
2 1195 1199
2 1195 1203
2 1195 1356
2 1204 1210
2 1204 1345
2 1204 1398
2 1205 1211
2 1205 1346
2 1205 1399
2 1206 1208
2 1206 1210
2 1206 1341
2 1207 1209
2 1207 1211
2 1207 1342
2 1212 1215
2 1212 1328
2 1212 1425
2 1213 1214
2 1213 1215
2 1213 1326
2 1215 3025
2 1216 1222
2 1216 1333
2 1216 1365
2 1217 1223
2 1217 1334
2 1217 1366
2 1218 1220
2 1218 1222
2 1218 1329
2 1219 1221
2 1219 1223
2 1219 1330
2 1224 1230
2 1224 1339
2 1224 1479
2 1225 1231
2 1225 1340
2 1225 1480
2 1226 1228
2 1226 1230
2 1226 1335
2 1227 1229
2 1227 1231
2 1227 1336
2 1232 1244
2 1232 1322
2 1232 1434
2 1233 1245
2 1233 1323
2 1233 1435
2 1234 1246
2 1234 1324
2 1234 1436
2 1235 1247
2 1235 1325
2 1235 1437
2 1236 1240
2 1236 1244
2 1236 1314
2 1237 1241
2 1237 1245
2 1237 1315
2 1238 1242
2 1238 1246
2 1238 1316
2 1239 1243
2 1239 1247
2 1239 1317
2 1248 1260
2 1248 1298
2 1248 1452
2 1249 1261
2 1249 1299
2 1249 1453
2 1250 1262
2 1250 1300
2 1250 1454
2 1251 1263
2 1251 1301
2 1251 1455
2 1252 1256
2 1252 1260
2 1252 1290
2 1253 1257
2 1253 1261
2 1253 1291
2 1254 1258
2 1254 1262
2 1254 1292
2 1255 1259
2 1255 1263
2 1255 1293
2 1264 1270
2 1264 1306
2 1264 1413
2 1265 1271
2 1265 1307
2 1265 1414
2 1266 1268
2 1266 1270
2 1266 1302
2 1267 1269
2 1267 1271
2 1267 1303
2 1270 3110
2 1271 3111
2 1272 1275
2 1272 1310
2 1272 1494
2 1273 1274
2 1273 1275
2 1273 1308
2 1276 1282
2 1276 1288
2 1276 1377
2 1277 1283
2 1277 1289
2 1277 1378
2 1278 1280
2 1278 1282
2 1278 1284
2 1279 1281
2 1279 1283
2 1279 1285
2 1284 1286
2 1284 1288
2 1285 1287
2 1285 1289
2 1290 1294
2 1290 1298
2 1291 1295
2 1291 1299
2 1292 1296
2 1292 1300
2 1293 1297
2 1293 1301
2 1302 1304
2 1302 1306
2 1303 1305
2 1303 1307
2 1308 1309
2 1308 1310
2 1310 3118
2 1311 1312
2 1311 1313
2 1313 1576
2 1314 1318
2 1314 1322
2 1315 1319
2 1315 1323
2 1316 1320
2 1316 1324
2 1317 1321
2 1317 1325
2 1326 1327
2 1326 1328
2 1328 1570
2 1329 1331
2 1329 1333
2 1330 1332
2 1330 1334
2 1335 1337
2 1335 1339
2 1336 1338
2 1336 1340
2 1339 1586
2 1340 1587
2 1341 1343
2 1341 1345
2 1342 1344
2 1342 1346
2 1345 1594
2 1346 1595
2 1347 1349
2 1347 1351
2 1348 1350
2 1348 1352
2 1353 1357
2 1353 1361
2 1354 1358
2 1354 1362
2 1355 1359
2 1355 1363
2 1356 1360
2 1356 1364
2 1365 1367
2 1365 1369
2 1366 1368
2 1366 1370
2 1371 1373
2 1371 1375
2 1372 1374
2 1372 1376
2 1377 1379
2 1377 1381
2 1378 1380
2 1378 1382
2 1383 1387
2 1383 1391
2 1384 1388
2 1384 1392
2 1385 1389
2 1385 1393
2 1386 1390
2 1386 1394
2 1395 1396
2 1395 1397
2 1398 1400
2 1398 1402
2 1399 1401
2 1399 1403
2 1404 1406
2 1404 1408
2 1405 1407
2 1405 1409
2 1410 1411
2 1410 1412
2 1413 1415
2 1413 1417
2 1414 1416
2 1414 1418
2 1419 1421
2 1419 1423
2 1420 1422
2 1420 1424
2 1425 1426
2 1425 1427
2 1428 1430
2 1428 1432
2 1429 1431
2 1429 1433
2 1434 1438
2 1434 1442
2 1435 1439
2 1435 1443
2 1436 1440
2 1436 1444
2 1437 1441
2 1437 1445
2 1446 1447
2 1446 1448
2 1449 1450
2 1449 1451
2 1452 1456
2 1452 1460
2 1453 1457
2 1453 1461
2 1454 1458
2 1454 1462
2 1455 1459
2 1455 1463
2 1464 1466
2 1464 1468
2 1465 1467
2 1465 1469
2 1470 1472
2 1470 1474
2 1471 1473
2 1471 1475
2 1476 1477
2 1476 1478
2 1479 1481
2 1479 1483
2 1480 1482
2 1480 1484
2 1485 1486
2 1485 1487
2 1488 1490
2 1488 1492
2 1489 1491
2 1489 1493
2 1494 1495
2 1494 1496
2 1497 1498
2 1497 1499
2 1500 1974
2 1501 1504
2 1501 1507
2 1501 1657
2 1502 1506
2 1502 1508
2 1502 1658
2 1509 1678
2 1510 1523
2 1510 1679
2 1511 1860
2 1511 3490
2 1511 3594
2 1512 1861
2 1512 3491
2 1512 3595
2 1513 1514
2 1513 1515
2 1513 1617
2 1515 3485
2 1515 3492
2 1516 1529
2 1516 1686
2 1516 3490
2 1516 3642
2 1517 1530
2 1517 1687
2 1517 3491
2 1517 3643
2 1518 1977
2 1519 1978
2 1520 1522
2 1520 1523
2 1520 1665
2 1524 1878
2 1524 3503
2 1524 3625
2 1525 1527
2 1525 1529
2 1525 1651
2 1526 1528
2 1526 1530
2 1526 1652
2 1529 3499
2 1530 3500
2 1531 1905
2 1532 1906
2 1533 1534
2 1533 1535
2 1533 1630
2 1535 1536
2 1536 1715
2 1537 1896
2 1537 3515
2 1537 3612
2 1538 1541
2 1538 1544
2 1538 1636
2 1539 1543
2 1539 1545
2 1539 1637
2 1544 1547
2 1544 3510
2 1545 1549
2 1545 3511
2 1546 1728
2 1546 3684
2 1547 1729
2 1547 3532
2 1547 3685
2 1548 1730
2 1548 3686
2 1549 1731
2 1549 3533
2 1549 3687
2 1550 1959
2 1551 1553
2 1551 1555
2 1551 1644
2 1552 1554
2 1552 1556
2 1552 1645
2 1557 1950
2 1557 3532
2 1557 3602
2 1558 1951
2 1558 3533
2 1558 3603
2 1559 1561
2 1559 1562
2 1559 1625
2 1562 3517
2 1562 3525
2 1563 1893
2 1564 1566
2 1564 1568
2 1564 1599
2 1565 1567
2 1565 1569
2 1565 1600
2 1570 1598
2 1570 1850
2 1571 1932
2 1572 1933
2 1573 1574
2 1573 1575
2 1573 1605
2 1575 1576
2 1576 1823
2 1577 1917
2 1578 1580
2 1578 1584
2 1578 1609
2 1579 1581
2 1579 1585
2 1579 1610
2 1586 1608
2 1586 1855
2 1587 1856
2 1588 1986
2 1589 1987
2 1590 1592
2 1590 1593
2 1590 1596
2 1593 1595
2 1594 1813
2 1595 1814
2 1596 1597
2 1596 1598
2 1599 1601
2 1599 1603
2 1600 1602
2 1600 1604
2 1605 1606
2 1605 1608
2 1609 1613
2 1609 1615
2 1610 1614
2 1610 1616
2 1617 1619
2 1617 1620
2 1620 3485
2 1620 3597
2 1621 1790
2 1621 3728
2 1622 1642
2 1622 1791
2 1622 3594
2 1622 3729
2 1623 1792
2 1623 3730
2 1624 1643
2 1624 1793
2 1624 3595
2 1624 3731
2 1625 1626
2 1625 1627
2 1627 3525
2 1627 3604
2 1628 1655
2 1628 1774
2 1628 3602
2 1628 3769
2 1629 1656
2 1629 1775
2 1629 3603
2 1629 3770
2 1630 1631
2 1630 1633
2 1633 1634
2 1634 1780
2 1635 1781
2 1636 1639
2 1636 1642
2 1637 1641
2 1637 1643
2 1642 3510
2 1643 3511
2 1644 1646
2 1644 1648
2 1645 1647
2 1645 1649
2 1650 1667
2 1650 1767
2 1651 1653
2 1651 1655
2 1652 1654
2 1652 1656
2 1655 3499
2 1656 3500
2 1657 1659
2 1657 1663
2 1658 1660
2 1658 1664
2 1665 1666
2 1665 1667
2 1668 1671
2 1668 1850
2 1668 1956
2 1669 1670
2 1669 1671
2 1669 1848
2 1671 3492
2 1672 1678
2 1672 1807
2 1672 1926
2 1673 1679
2 1673 1808
2 1673 1927
2 1674 1676
2 1674 1678
2 1674 1803
2 1675 1677
2 1675 1679
2 1675 1804
2 1680 1686
2 1680 1855
2 1680 1872
2 1681 1687
2 1681 1856
2 1681 1873
2 1682 1684
2 1682 1686
2 1682 1851
2 1683 1685
2 1683 1687
2 1683 1852
2 1688 1700
2 1688 1844
2 1688 1881
2 1689 1701
2 1689 1845
2 1689 1882
2 1690 1702
2 1690 1846
2 1690 1883
2 1691 1703
2 1691 1847
2 1691 1884
2 1692 1696
2 1692 1700
2 1692 1836
2 1693 1697
2 1693 1701
2 1693 1837
2 1694 1698
2 1694 1702
2 1694 1838
2 1695 1699
2 1695 1703
2 1695 1839
2 1704 1710
2 1704 1819
2 1704 1911
2 1705 1711
2 1705 1820
2 1705 1912
2 1706 1708
2 1706 1710
2 1706 1815
2 1707 1709
2 1707 1711
2 1707 1816
2 1710 3516
2 1711 3517
2 1712 1715
2 1712 1823
2 1712 1857
2 1713 1714
2 1713 1715
2 1713 1821
2 1716 1728
2 1716 1832
2 1716 1962
2 1717 1729
2 1717 1833
2 1717 1963
2 1718 1730
2 1718 1834
2 1718 1964
2 1719 1731
2 1719 1835
2 1719 1965
2 1720 1724
2 1720 1728
2 1720 1824
2 1721 1725
2 1721 1729
2 1721 1825
2 1722 1726
2 1722 1730
2 1722 1826
2 1723 1727
2 1723 1731
2 1723 1827
2 1732 1738
2 1732 1813
2 1732 1920
2 1733 1739
2 1733 1814
2 1733 1921
2 1734 1736
2 1734 1738
2 1734 1809
2 1735 1737
2 1735 1739
2 1735 1810
2 1740 1752
2 1740 1790
2 1740 1938
2 1741 1753
2 1741 1791
2 1741 1939
2 1742 1754
2 1742 1792
2 1742 1940
2 1743 1755
2 1743 1793
2 1743 1941
2 1744 1748
2 1744 1752
2 1744 1782
2 1745 1749
2 1745 1753
2 1745 1783
2 1746 1750
2 1746 1754
2 1746 1784
2 1747 1751
2 1747 1755
2 1747 1785
2 1756 1762
2 1756 1798
2 1756 1899
2 1757 1763
2 1757 1799
2 1757 1900
2 1758 1760
2 1758 1762
2 1758 1794
2 1759 1761
2 1759 1763
2 1759 1795
2 1762 3596
2 1763 3597
2 1764 1767
2 1764 1802
2 1764 1983
2 1765 1766
2 1765 1767
2 1765 1800
2 1768 1774
2 1768 1780
2 1768 1866
2 1769 1775
2 1769 1781
2 1769 1867
2 1770 1772
2 1770 1774
2 1770 1776
2 1771 1773
2 1771 1775
2 1771 1777
2 1776 1778
2 1776 1780
2 1777 1779
2 1777 1781
2 1782 1786
2 1782 1790
2 1783 1787
2 1783 1791
2 1784 1788
2 1784 1792
2 1785 1789
2 1785 1793
2 1794 1796
2 1794 1798
2 1795 1797
2 1795 1799
2 1800 1801
2 1800 1802
2 1802 3604
2 1803 1805
2 1803 1807
2 1804 1806
2 1804 1808
2 1809 1811
2 1809 1813
2 1810 1812
2 1810 1814
2 1815 1817
2 1815 1819
2 1816 1818
2 1816 1820
2 1821 1822
2 1821 1823
2 1824 1828
2 1824 1832
2 1825 1829
2 1825 1833
2 1826 1830
2 1826 1834
2 1827 1831
2 1827 1835
2 1836 1840
2 1836 1844
2 1837 1841
2 1837 1845
2 1838 1842
2 1838 1846
2 1839 1843
2 1839 1847
2 1848 1849
2 1848 1850
2 1851 1853
2 1851 1855
2 1852 1854
2 1852 1856
2 1857 1858
2 1857 1859
2 1860 1862
2 1860 1864
2 1861 1863
2 1861 1865
2 1866 1868
2 1866 1870
2 1867 1869
2 1867 1871
2 1872 1874
2 1872 1876
2 1873 1875
2 1873 1877
2 1878 1879
2 1878 1880
2 1881 1885
2 1881 1889
2 1882 1886
2 1882 1890
2 1883 1887
2 1883 1891
2 1884 1888
2 1884 1892
2 1893 1894
2 1893 1895
2 1896 1897
2 1896 1898
2 1899 1901
2 1899 1903
2 1900 1902
2 1900 1904
2 1905 1907
2 1905 1909
2 1906 1908
2 1906 1910
2 1911 1913
2 1911 1915
2 1912 1914
2 1912 1916
2 1917 1918
2 1917 1919
2 1920 1922
2 1920 1924
2 1921 1923
2 1921 1925
2 1926 1928
2 1926 1930
2 1927 1929
2 1927 1931
2 1932 1934
2 1932 1936
2 1933 1935
2 1933 1937
2 1938 1942
2 1938 1946
2 1939 1943
2 1939 1947
2 1940 1944
2 1940 1948
2 1941 1945
2 1941 1949
2 1950 1952
2 1950 1954
2 1951 1953
2 1951 1955
2 1956 1957
2 1956 1958
2 1959 1960
2 1959 1961
2 1962 1966
2 1962 1970
2 1963 1967
2 1963 1971
2 1964 1968
2 1964 1972
2 1965 1969
2 1965 1973
2 1974 1975
2 1974 1976
2 1977 1979
2 1977 1981
2 1978 1980
2 1978 1982
2 1983 1984
2 1983 1985
2 1986 1988
2 1986 1990
2 1987 1989
2 1987 1991
2 1992 2466
2 1992 2987
2 1992 3144
2 1993 2467
2 1993 2988
2 1993 3145
2 1994 1995
2 1994 1996
2 1994 2155
2 1996 2982
2 1996 2989
2 1997 2015
2 1997 2188
2 1997 2987
2 1997 3184
2 1998 2016
2 1998 2189
2 1998 2988
2 1998 3185
2 1999 2367
2 2000 2002
2 2000 2006
2 2000 2115
2 2001 2004
2 2001 2007
2 2001 2116
2 2008 2022
2 2008 2196
2 2009 2197
2 2010 2472
2 2010 3005
2 2010 3149
2 2011 2013
2 2011 2015
2 2011 2158
2 2012 2014
2 2012 2016
2 2012 2159
2 2015 3001
2 2016 3002
2 2017 2382
2 2018 2383
2 2019 2020
2 2019 2022
2 2019 2151
2 2023 2409
2 2023 3017
2 2023 3121
2 2024 2026
2 2024 2030
2 2024 2132
2 2025 2028
2 2025 2031
2 2025 2133
2 2030 2032
2 2030 3012
2 2031 2034
2 2031 3013
2 2032 2222
2 2032 3033
2 2032 3218
2 2033 2223
2 2033 3219
2 2034 2224
2 2034 3034
2 2034 3220
2 2035 2225
2 2035 3221
2 2036 2397
2 2037 2398
2 2038 2039
2 2038 2040
2 2038 2140
2 2040 2041
2 2041 2229
2 2042 2457
2 2042 3033
2 2042 3133
2 2043 2458
2 2043 3034
2 2043 3134
2 2044 2045
2 2044 2047
2 2044 2143
2 2047 3018
2 2047 3026
2 2048 2442
2 2049 2051
2 2049 2053
2 2049 2122
2 2050 2052
2 2050 2054
2 2050 2123
2 2055 2391
2 2055 2560
2 2055 2596
2 2056 2392
2 2056 2561
2 2056 2597
2 2057 2059
2 2057 2060
2 2057 2102
2 2060 2553
2 2060 2563
2 2061 2345
2 2061 2816
2 2062 2346
2 2062 2817
2 2063 2100
2 2063 2347
2 2063 2560
2 2063 2818
2 2064 2101
2 2064 2348
2 2064 2561
2 2064 2819
2 2065 2436
2 2065 2569
2 2065 2600
2 2066 2068
2 2066 2072
2 2066 2106
2 2067 2069
2 2067 2073
2 2067 2107
2 2072 2074
2 2072 2564
2 2073 2075
2 2073 2565
2 2074 2327
2 2074 2596
2 2074 2801
2 2075 2328
2 2075 2597
2 2075 2802
2 2076 2329
2 2076 2803
2 2077 2330
2 2077 2804
2 2078 2418
2 2078 2577
2 2078 2605
2 2079 2419
2 2079 2578
2 2079 2606
2 2080 2081
2 2080 2082
2 2080 2112
2 2082 2572
2 2082 2579
2 2083 2110
2 2083 2353
2 2083 2577
2 2083 2830
2 2084 2111
2 2084 2354
2 2084 2578
2 2084 2831
2 2085 2487
2 2085 2584
2 2085 2589
2 2086 2088
2 2086 2090
2 2086 2094
2 2087 2089
2 2087 2091
2 2087 2095
2 2090 2092
2 2090 2580
2 2091 2093
2 2091 2581
2 2092 2311
2 2092 2605
2 2092 2836
2 2093 2312
2 2093 2606
2 2093 2837
2 2094 2098
2 2094 2100
2 2095 2099
2 2095 2101
2 2100 2580
2 2101 2581
2 2102 2103
2 2102 2105
2 2105 2553
2 2105 2570
2 2106 2108
2 2106 2110
2 2107 2109
2 2107 2111
2 2110 2564
2 2111 2565
2 2112 2113
2 2112 2114
2 2114 2572
2 2114 2585
2 2115 2117
2 2115 2119
2 2116 2118
2 2116 2120
2 2121 2142
2 2121 2282
2 2122 2124
2 2122 2128
2 2123 2126
2 2123 2129
2 2130 2154
2 2130 2272
2 2131 2273
2 2132 2134
2 2132 2136
2 2133 2135
2 2133 2137
2 2136 2138
2 2136 3012
2 2137 2139
2 2137 3013
2 2138 2278
2 2138 3144
2 2138 3228
2 2139 2279
2 2139 3145
2 2139 3229
2 2140 2141
2 2140 2142
2 2143 2145
2 2143 2146
2 2146 3026
2 2146 3136
2 2147 2262
2 2147 3275
2 2148 2263
2 2148 3276
2 2149 2164
2 2149 2264
2 2149 3133
2 2149 3277
2 2150 2165
2 2150 2265
2 2150 3134
2 2150 3278
2 2151 2152
2 2151 2154
2 2155 2156
2 2155 2157
2 2157 2982
2 2157 3122
2 2158 2162
2 2158 2164
2 2159 2163
2 2159 2165
2 2164 3001
2 2165 3002
2 2166 2178
2 2166 2345
2 2166 2445
2 2167 2179
2 2167 2346
2 2167 2446
2 2168 2180
2 2168 2347
2 2168 2447
2 2169 2181
2 2169 2348
2 2169 2448
2 2170 2174
2 2170 2178
2 2170 2337
2 2171 2175
2 2171 2179
2 2171 2338
2 2172 2176
2 2172 2180
2 2172 2339
2 2173 2177
2 2173 2181
2 2173 2340
2 2182 2188
2 2182 2305
2 2182 2430
2 2183 2189
2 2183 2306
2 2183 2431
2 2184 2186
2 2184 2188
2 2184 2301
2 2185 2187
2 2185 2189
2 2185 2302
2 2190 2196
2 2190 2353
2 2190 2376
2 2191 2197
2 2191 2354
2 2191 2377
2 2192 2194
2 2192 2196
2 2192 2349
2 2193 2195
2 2193 2197
2 2193 2350
2 2198 2201
2 2198 2336
2 2198 2388
2 2199 2200
2 2199 2201
2 2199 2334
2 2201 2989
2 2202 2208
2 2202 2317
2 2202 2412
2 2203 2209
2 2203 2318
2 2203 2413
2 2204 2206
2 2204 2208
2 2204 2313
2 2205 2207
2 2205 2209
2 2205 2314
2 2210 2222
2 2210 2327
2 2210 2355
2 2211 2223
2 2211 2328
2 2211 2356
2 2212 2224
2 2212 2329
2 2212 2357
2 2213 2225
2 2213 2330
2 2213 2358
2 2214 2218
2 2214 2222
2 2214 2319
2 2215 2219
2 2215 2223
2 2215 2320
2 2216 2220
2 2216 2224
2 2216 2321
2 2217 2221
2 2217 2225
2 2217 2322
2 2226 2229
2 2226 2333
2 2226 2463
2 2227 2228
2 2227 2229
2 2227 2331
2 2230 2236
2 2230 2311
2 2230 2424
2 2231 2237
2 2231 2312
2 2231 2425
2 2232 2234
2 2232 2236
2 2232 2307
2 2233 2235
2 2233 2237
2 2233 2308
2 2236 3018
2 2237 3019
2 2238 2241
2 2238 2282
2 2238 2439
2 2239 2240
2 2239 2241
2 2239 2280
2 2241 3122
2 2242 2248
2 2242 2287
2 2242 2403
2 2243 2249
2 2243 2288
2 2243 2404
2 2244 2246
2 2244 2248
2 2244 2283
2 2245 2247
2 2245 2249
2 2245 2284
2 2250 2262
2 2250 2297
2 2250 2475
2 2251 2263
2 2251 2298
2 2251 2476
2 2252 2264
2 2252 2299
2 2252 2477
2 2253 2265
2 2253 2300
2 2253 2478
2 2254 2258
2 2254 2262
2 2254 2289
2 2255 2259
2 2255 2263
2 2255 2290
2 2256 2260
2 2256 2264
2 2256 2291
2 2257 2261
2 2257 2265
2 2257 2292
2 2266 2272
2 2266 2278
2 2266 2370
2 2267 2273
2 2267 2279
2 2267 2371
2 2268 2270
2 2268 2272
2 2268 2274
2 2269 2271
2 2269 2273
2 2269 2275
2 2274 2276
2 2274 2278
2 2275 2277
2 2275 2279
2 2280 2281
2 2280 2282
2 2283 2285
2 2283 2287
2 2284 2286
2 2284 2288
2 2287 3135
2 2288 3136
2 2289 2293
2 2289 2297
2 2290 2294
2 2290 2298
2 2291 2295
2 2291 2299
2 2292 2296
2 2292 2300
2 2301 2303
2 2301 2305
2 2302 2304
2 2302 2306
2 2305 2570
2 2306 2571
2 2307 2309
2 2307 2311
2 2308 2310
2 2308 2312
2 2313 2315
2 2313 2317
2 2314 2316
2 2314 2318
2 2317 2562
2 2318 2563
2 2319 2323
2 2319 2327
2 2320 2324
2 2320 2328
2 2321 2325
2 2321 2329
2 2322 2326
2 2322 2330
2 2331 2332
2 2331 2333
2 2333 2579
2 2334 2335
2 2334 2336
2 2336 2585
2 2337 2341
2 2337 2345
2 2338 2342
2 2338 2346
2 2339 2343
2 2339 2347
2 2340 2344
2 2340 2348
2 2349 2351
2 2349 2353
2 2350 2352
2 2350 2354
2 2355 2359
2 2355 2363
2 2356 2360
2 2356 2364
2 2357 2361
2 2357 2365
2 2358 2362
2 2358 2366
2 2367 2368
2 2367 2369
2 2370 2372
2 2370 2374
2 2371 2373
2 2371 2375
2 2376 2378
2 2376 2380
2 2377 2379
2 2377 2381
2 2382 2384
2 2382 2386
2 2383 2385
2 2383 2387
2 2388 2389
2 2388 2390
2 2391 2393
2 2391 2395
2 2392 2394
2 2392 2396
2 2397 2399
2 2397 2401
2 2398 2400
2 2398 2402
2 2403 2405
2 2403 2407
2 2404 2406
2 2404 2408
2 2409 2410
2 2409 2411
2 2412 2414
2 2412 2416
2 2413 2415
2 2413 2417
2 2418 2420
2 2418 2422
2 2419 2421
2 2419 2423
2 2424 2426
2 2424 2428
2 2425 2427
2 2425 2429
2 2430 2432
2 2430 2434
2 2431 2433
2 2431 2435
2 2436 2437
2 2436 2438
2 2439 2440
2 2439 2441
2 2442 2443
2 2442 2444
2 2445 2449
2 2445 2453
2 2446 2450
2 2446 2454
2 2447 2451
2 2447 2455
2 2448 2452
2 2448 2456
2 2457 2459
2 2457 2461
2 2458 2460
2 2458 2462
2 2463 2464
2 2463 2465
2 2466 2468
2 2466 2470
2 2467 2469
2 2467 2471
2 2472 2473
2 2472 2474
2 2475 2479
2 2475 2483
2 2476 2480
2 2476 2484
2 2477 2481
2 2477 2485
2 2478 2482
2 2478 2486
2 2487 2488
2 2487 2489
2 2490 2955
2 2490 3481
2 2490 3630
2 2491 2956
2 2491 3482
2 2491 3631
2 2492 2494
2 2492 2495
2 2492 2647
2 2495 3474
2 2495 3484
2 2496 2678
2 2496 3668
2 2497 2515
2 2497 2679
2 2497 3481
2 2497 3669
2 2498 2680
2 2498 3670
2 2499 2516
2 2499 2681
2 2499 3482
2 2499 3671
2 2500 2853
2 2501 2503
2 2501 2505
2 2501 2607
2 2502 2504
2 2502 2506
2 2502 2608
2 2507 2521
2 2507 2685
2 2508 2961
2 2508 3498
2 2508 3635
2 2509 2512
2 2509 2515
2 2509 2650
2 2510 2514
2 2510 2516
2 2510 2651
2 2515 3493
2 2516 3494
2 2517 2865
2 2518 2866
2 2519 2520
2 2519 2521
2 2519 2643
2 2522 2892
2 2522 3508
2 2522 3607
2 2523 2525
2 2523 2527
2 2523 2624
2 2524 2526
2 2524 2528
2 2524 2625
2 2527 2529
2 2527 3504
2 2528 2530
2 2528 3505
2 2529 2716
2 2529 3523
2 2529 3706
2 2530 2717
2 2530 3524
2 2530 3707
2 2531 2880
2 2532 2881
2 2533 2535
2 2533 2536
2 2533 2632
2 2536 2538
2 2537 2724
2 2538 2725
2 2539 2943
2 2539 3523
2 2539 3619
2 2540 2944
2 2540 3524
2 2540 3620
2 2541 2542
2 2541 2543
2 2541 2635
2 2543 3509
2 2543 3518
2 2544 2934
2 2545 2548
2 2545 2551
2 2545 2614
2 2546 2550
2 2546 2552
2 2546 2615
2 2553 2877
2 2554 2558
2 2554 2560
2 2554 2590
2 2555 2559
2 2555 2561
2 2555 2591
2 2562 2842
2 2563 2589
2 2563 2843
2 2564 2925
2 2565 2926
2 2566 2567
2 2566 2569
2 2566 2598
2 2569 2570
2 2570 2824
2 2571 2825
2 2572 2907
2 2573 2575
2 2573 2577
2 2573 2601
2 2574 2576
2 2574 2578
2 2574 2602
2 2579 2600
2 2579 2846
2 2580 2976
2 2581 2977
2 2582 2583
2 2582 2584
2 2582 2586
2 2584 2585
2 2585 2807
2 2586 2588
2 2586 2589
2 2590 2592
2 2590 2596
2 2591 2593
2 2591 2597
2 2598 2599
2 2598 2600
2 2601 2603
2 2601 2605
2 2602 2604
2 2602 2606
2 2607 2609
2 2607 2611
2 2608 2610
2 2608 2612
2 2613 2634
2 2613 2774
2 2614 2616
2 2614 2620
2 2615 2618
2 2615 2621
2 2622 2646
2 2622 2764
2 2623 2765
2 2624 2626
2 2624 2628
2 2625 2627
2 2625 2629
2 2628 2630
2 2628 3504
2 2629 2631
2 2629 3505
2 2630 2770
2 2630 3630
2 2630 3714
2 2631 2771
2 2631 3631
2 2631 3715
2 2632 2633
2 2632 2634
2 2635 2637
2 2635 2638
2 2638 3518
2 2638 3622
2 2639 2754
2 2639 3761
2 2640 2755
2 2640 3762
2 2641 2656
2 2641 2756
2 2641 3619
2 2641 3763
2 2642 2657
2 2642 2757
2 2642 3620
2 2642 3764
2 2643 2644
2 2643 2646
2 2647 2648
2 2647 2649
2 2649 3474
2 2649 3608
2 2650 2654
2 2650 2656
2 2651 2655
2 2651 2657
2 2656 3493
2 2657 3494
2 2658 2664
2 2658 2842
2 2658 2937
2 2659 2665
2 2659 2843
2 2659 2938
2 2660 2662
2 2660 2664
2 2660 2838
2 2661 2663
2 2661 2665
2 2661 2839
2 2666 2678
2 2666 2801
2 2666 2913
2 2667 2679
2 2667 2802
2 2667 2914
2 2668 2680
2 2668 2803
2 2668 2915
2 2669 2681
2 2669 2804
2 2669 2916
2 2670 2674
2 2670 2678
2 2670 2793
2 2671 2675
2 2671 2679
2 2671 2794
2 2672 2676
2 2672 2680
2 2672 2795
2 2673 2677
2 2673 2681
2 2673 2796
2 2682 2685
2 2682 2846
2 2682 2862
2 2683 2684
2 2683 2685
2 2683 2844
2 2686 2692
2 2686 2836
2 2686 2871
2 2687 2693
2 2687 2837
2 2687 2872
2 2688 2690
2 2688 2692
2 2688 2832
2 2689 2691
2 2689 2693
2 2689 2833
2 2692 3483
2 2693 3484
2 2694 2706
2 2694 2816
2 2694 2895
2 2695 2707
2 2695 2817
2 2695 2896
2 2696 2708
2 2696 2818
2 2696 2897
2 2697 2709
2 2697 2819
2 2697 2898
2 2698 2702
2 2698 2706
2 2698 2808
2 2699 2703
2 2699 2707
2 2699 2809
2 2700 2704
2 2700 2708
2 2700 2810
2 2701 2705
2 2701 2709
2 2701 2811
2 2710 2716
2 2710 2824
2 2710 2847
2 2711 2717
2 2711 2825
2 2711 2848
2 2712 2714
2 2712 2716
2 2712 2820
2 2713 2715
2 2713 2717
2 2713 2821
2 2718 2724
2 2718 2830
2 2718 2949
2 2719 2725
2 2719 2831
2 2719 2950
2 2720 2722
2 2720 2724
2 2720 2826
2 2721 2723
2 2721 2725
2 2721 2827
2 2726 2729
2 2726 2807
2 2726 2910
2 2727 2728
2 2727 2729
2 2727 2805
2 2729 3509
2 2730 2733
2 2730 2774
2 2730 2931
2 2731 2732
2 2731 2733
2 2731 2772
2 2733 3608
2 2734 2740
2 2734 2779
2 2734 2886
2 2735 2741
2 2735 2780
2 2735 2887
2 2736 2738
2 2736 2740
2 2736 2775
2 2737 2739
2 2737 2741
2 2737 2776
2 2742 2754
2 2742 2789
2 2742 2964
2 2743 2755
2 2743 2790
2 2743 2965
2 2744 2756
2 2744 2791
2 2744 2966
2 2745 2757
2 2745 2792
2 2745 2967
2 2746 2750
2 2746 2754
2 2746 2781
2 2747 2751
2 2747 2755
2 2747 2782
2 2748 2752
2 2748 2756
2 2748 2783
2 2749 2753
2 2749 2757
2 2749 2784
2 2758 2764
2 2758 2770
2 2758 2856
2 2759 2765
2 2759 2771
2 2759 2857
2 2760 2762
2 2760 2764
2 2760 2766
2 2761 2763
2 2761 2765
2 2761 2767
2 2766 2768
2 2766 2770
2 2767 2769
2 2767 2771
2 2772 2773
2 2772 2774
2 2775 2777
2 2775 2779
2 2776 2778
2 2776 2780
2 2779 3621
2 2780 3622
2 2781 2785
2 2781 2789
2 2782 2786
2 2782 2790
2 2783 2787
2 2783 2791
2 2784 2788
2 2784 2792
2 2793 2797
2 2793 2801
2 2794 2798
2 2794 2802
2 2795 2799
2 2795 2803
2 2796 2800
2 2796 2804
2 2805 2806
2 2805 2807
2 2808 2812
2 2808 2816
2 2809 2813
2 2809 2817
2 2810 2814
2 2810 2818
2 2811 2815
2 2811 2819
2 2820 2822
2 2820 2824
2 2821 2823
2 2821 2825
2 2826 2828
2 2826 2830
2 2827 2829
2 2827 2831
2 2832 2834
2 2832 2836
2 2833 2835
2 2833 2837
2 2838 2840
2 2838 2842
2 2839 2841
2 2839 2843
2 2844 2845
2 2844 2846
2 2847 2849
2 2847 2851
2 2848 2850
2 2848 2852
2 2853 2854
2 2853 2855
2 2856 2858
2 2856 2860
2 2857 2859
2 2857 2861
2 2862 2863
2 2862 2864
2 2865 2867
2 2865 2869
2 2866 2868
2 2866 2870
2 2871 2873
2 2871 2875
2 2872 2874
2 2872 2876
2 2877 2878
2 2877 2879
2 2880 2882
2 2880 2884
2 2881 2883
2 2881 2885
2 2886 2888
2 2886 2890
2 2887 2889
2 2887 2891
2 2892 2893
2 2892 2894
2 2895 2899
2 2895 2903
2 2896 2900
2 2896 2904
2 2897 2901
2 2897 2905
2 2898 2902
2 2898 2906
2 2907 2908
2 2907 2909
2 2910 2911
2 2910 2912
2 2913 2917
2 2913 2921
2 2914 2918
2 2914 2922
2 2915 2919
2 2915 2923
2 2916 2920
2 2916 2924
2 2925 2927
2 2925 2929
2 2926 2928
2 2926 2930
2 2931 2932
2 2931 2933
2 2934 2935
2 2934 2936
2 2937 2939
2 2937 2941
2 2938 2940
2 2938 2942
2 2943 2945
2 2943 2947
2 2944 2946
2 2944 2948
2 2949 2951
2 2949 2953
2 2950 2952
2 2950 2954
2 2955 2957
2 2955 2959
2 2956 2958
2 2956 2960
2 2961 2962
2 2961 2963
2 2964 2968
2 2964 2972
2 2965 2969
2 2965 2973
2 2966 2970
2 2966 2974
2 2967 2971
2 2967 2975
2 2976 2978
2 2976 2980
2 2977 2979
2 2977 2981
2 2982 3456
2 2983 2985
2 2983 2987
2 2983 3140
2 2984 2986
2 2984 2988
2 2984 3141
2 2989 3005
2 2989 3169
2 2990 3345
2 2991 2993
2 2991 2997
2 2991 3102
2 2992 2995
2 2992 2998
2 2992 3103
2 2999 3011
2 2999 3176
2 3000 3177
2 3001 3459
2 3002 3460
2 3003 3004
2 3003 3005
2 3003 3146
2 3006 3357
2 3007 3358
2 3008 3009
2 3008 3011
2 3008 3137
2 3012 3393
2 3013 3394
2 3014 3015
2 3014 3017
2 3014 3119
2 3017 3018
2 3018 3200
2 3019 3201
2 3020 3375
2 3021 3376
2 3022 3023
2 3022 3024
2 3022 3123
2 3024 3025
2 3025 3205
2 3026 3450
2 3027 3029
2 3027 3033
2 3027 3127
2 3028 3031
2 3028 3034
2 3028 3128
2 3035 3435
2 3036 3038
2 3036 3040
2 3036 3112
2 3037 3039
2 3037 3041
2 3037 3113
2 3042 3369
2 3042 3541
2 3042 3575
2 3043 3370
2 3043 3542
2 3043 3576
2 3044 3046
2 3044 3047
2 3044 3089
2 3047 3534
2 3047 3544
2 3048 3329
2 3048 3791
2 3049 3330
2 3049 3792
2 3050 3087
2 3050 3331
2 3050 3541
2 3050 3793
2 3051 3088
2 3051 3332
2 3051 3542
2 3051 3794
2 3052 3426
2 3052 3549
2 3052 3579
2 3053 3055
2 3053 3057
2 3053 3092
2 3054 3056
2 3054 3058
2 3054 3093
2 3057 3059
2 3057 3545
2 3058 3060
2 3058 3546
2 3059 3310
2 3059 3575
2 3059 3775
2 3060 3311
2 3060 3576
2 3060 3776
2 3061 3405
2 3061 3556
2 3061 3586
2 3062 3406
2 3062 3557
2 3062 3587
2 3063 3064
2 3063 3065
2 3063 3098
2 3065 3551
2 3065 3558
2 3066 3096
2 3066 3337
2 3066 3556
2 3066 3802
2 3067 3097
2 3067 3338
2 3067 3557
2 3067 3803
2 3068 3471
2 3068 3564
2 3068 3570
2 3069 3073
2 3069 3075
2 3069 3081
2 3070 3074
2 3070 3076
2 3070 3082
2 3075 3079
2 3075 3559
2 3076 3080
2 3076 3560
2 3077 3296
2 3077 3812
2 3078 3297
2 3078 3813
2 3079 3298
2 3079 3586
2 3079 3814
2 3080 3299
2 3080 3587
2 3080 3815
2 3081 3085
2 3081 3087
2 3082 3086
2 3082 3088
2 3087 3559
2 3088 3560
2 3089 3090
2 3089 3091
2 3091 3534
2 3091 3550
2 3092 3094
2 3092 3096
2 3093 3095
2 3093 3097
2 3096 3545
2 3097 3546
2 3098 3100
2 3098 3101
2 3101 3551
2 3101 3566
2 3102 3105
2 3102 3108
2 3103 3107
2 3103 3109
2 3110 3265
2 3111 3126
2 3111 3266
2 3112 3114
2 3112 3116
2 3113 3115
2 3113 3117
2 3118 3139
2 3118 3257
2 3119 3120
2 3119 3121
2 3121 3122
2 3122 3260
2 3123 3125
2 3123 3126
2 3127 3131
2 3127 3133
2 3128 3132
2 3128 3134
2 3135 3252
2 3136 3149
2 3136 3253
2 3137 3138
2 3137 3139
2 3140 3142
2 3140 3144
2 3141 3143
2 3141 3145
2 3146 3148
2 3146 3149
2 3150 3162
2 3150 3329
2 3150 3438
2 3151 3163
2 3151 3330
2 3151 3439
2 3152 3164
2 3152 3331
2 3152 3440
2 3153 3165
2 3153 3332
2 3153 3441
2 3154 3158
2 3154 3162
2 3154 3321
2 3155 3159
2 3155 3163
2 3155 3322
2 3156 3160
2 3156 3164
2 3156 3323
2 3157 3161
2 3157 3165
2 3157 3324
2 3166 3169
2 3166 3287
2 3166 3423
2 3167 3168
2 3167 3169
2 3167 3285
2 3170 3176
2 3170 3337
2 3170 3351
2 3171 3177
2 3171 3338
2 3171 3352
2 3172 3174
2 3172 3176
2 3172 3333
2 3173 3175
2 3173 3177
2 3173 3334
2 3178 3184
2 3178 3319
2 3178 3363
2 3179 3185
2 3179 3320
2 3179 3364
2 3180 3182
2 3180 3184
2 3180 3315
2 3181 3183
2 3181 3185
2 3181 3316
2 3186 3192
2 3186 3304
2 3186 3399
2 3187 3193
2 3187 3305
2 3187 3400
2 3188 3190
2 3188 3192
2 3188 3300
2 3189 3191
2 3189 3193
2 3189 3301
2 3194 3200
2 3194 3310
2 3194 3339
2 3195 3201
2 3195 3311
2 3195 3340
2 3196 3198
2 3196 3200
2 3196 3306
2 3197 3199
2 3197 3201
2 3197 3307
2 3202 3205
2 3202 3314
2 3202 3453
2 3203 3204
2 3203 3205
2 3203 3312
2 3206 3218
2 3206 3296
2 3206 3411
2 3207 3219
2 3207 3297
2 3207 3412
2 3208 3220
2 3208 3298
2 3208 3413
2 3209 3221
2 3209 3299
2 3209 3414
2 3210 3214
2 3210 3218
2 3210 3288
2 3211 3215
2 3211 3219
2 3211 3289
2 3212 3216
2 3212 3220
2 3212 3290
2 3213 3217
2 3213 3221
2 3213 3291
2 3222 3228
2 3222 3265
2 3222 3429
2 3223 3229
2 3223 3266
2 3223 3430
2 3224 3226
2 3224 3228
2 3224 3261
2 3225 3227
2 3225 3229
2 3225 3262
2 3230 3242
2 3230 3275
2 3230 3381
2 3231 3243
2 3231 3276
2 3231 3382
2 3232 3244
2 3232 3277
2 3232 3383
2 3233 3245
2 3233 3278
2 3233 3384
2 3234 3238
2 3234 3242
2 3234 3267
2 3235 3239
2 3235 3243
2 3235 3268
2 3236 3240
2 3236 3244
2 3236 3269
2 3237 3241
2 3237 3245
2 3237 3270
2 3246 3252
2 3246 3283
2 3246 3465
2 3247 3253
2 3247 3284
2 3247 3466
2 3248 3250
2 3248 3252
2 3248 3279
2 3249 3251
2 3249 3253
2 3249 3280
2 3254 3257
2 3254 3260
2 3254 3348
2 3255 3256
2 3255 3257
2 3255 3258
2 3258 3259
2 3258 3260
2 3261 3263
2 3261 3265
2 3262 3264
2 3262 3266
2 3267 3271
2 3267 3275
2 3268 3272
2 3268 3276
2 3269 3273
2 3269 3277
2 3270 3274
2 3270 3278
2 3279 3281
2 3279 3283
2 3280 3282
2 3280 3284
2 3285 3286
2 3285 3287
2 3287 3550
2 3288 3292
2 3288 3296
2 3289 3293
2 3289 3297
2 3290 3294
2 3290 3298
2 3291 3295
2 3291 3299
2 3300 3302
2 3300 3304
2 3301 3303
2 3301 3305
2 3304 3543
2 3305 3544
2 3306 3308
2 3306 3310
2 3307 3309
2 3307 3311
2 3312 3313
2 3312 3314
2 3314 3558
2 3315 3317
2 3315 3319
2 3316 3318
2 3316 3320
2 3319 3565
2 3320 3566
2 3321 3325
2 3321 3329
2 3322 3326
2 3322 3330
2 3323 3327
2 3323 3331
2 3324 3328
2 3324 3332
2 3333 3335
2 3333 3337
2 3334 3336
2 3334 3338
2 3339 3341
2 3339 3343
2 3340 3342
2 3340 3344
2 3345 3346
2 3345 3347
2 3348 3349
2 3348 3350
2 3351 3353
2 3351 3355
2 3352 3354
2 3352 3356
2 3357 3359
2 3357 3361
2 3358 3360
2 3358 3362
2 3363 3365
2 3363 3367
2 3364 3366
2 3364 3368
2 3369 3371
2 3369 3373
2 3370 3372
2 3370 3374
2 3375 3377
2 3375 3379
2 3376 3378
2 3376 3380
2 3381 3385
2 3381 3389
2 3382 3386
2 3382 3390
2 3383 3387
2 3383 3391
2 3384 3388
2 3384 3392
2 3393 3395
2 3393 3397
2 3394 3396
2 3394 3398
2 3399 3401
2 3399 3403
2 3400 3402
2 3400 3404
2 3405 3407
2 3405 3409
2 3406 3408
2 3406 3410
2 3411 3415
2 3411 3419
2 3412 3416
2 3412 3420
2 3413 3417
2 3413 3421
2 3414 3418
2 3414 3422
2 3423 3424
2 3423 3425
2 3426 3427
2 3426 3428
2 3429 3431
2 3429 3433
2 3430 3432
2 3430 3434
2 3435 3436
2 3435 3437
2 3438 3442
2 3438 3446
2 3439 3443
2 3439 3447
2 3440 3444
2 3440 3448
2 3441 3445
2 3441 3449
2 3450 3451
2 3450 3452
2 3453 3454
2 3453 3455
2 3456 3457
2 3456 3458
2 3459 3461
2 3459 3463
2 3460 3462
2 3460 3464
2 3465 3467
2 3465 3469
2 3466 3468
2 3466 3470
2 3471 3472
2 3471 3473
2 3474 3939
2 3475 3478
2 3475 3481
2 3475 3626
2 3476 3480
2 3476 3482
2 3476 3627
2 3483 3650
2 3484 3498
2 3484 3651
2 3485 3828
2 3486 3488
2 3486 3490
2 3486 3588
2 3487 3489
2 3487 3491
2 3487 3589
2 3492 3503
2 3492 3655
2 3493 3942
2 3494 3943
2 3495 3497
2 3495 3498
2 3495 3632
2 3499 3837
2 3500 3838
2 3501 3502
2 3501 3503
2 3501 3623
2 3504 3876
2 3505 3877
2 3506 3507
2 3506 3508
2 3506 3605
2 3508 3509
2 3509 3691
2 3510 3858
2 3511 3859
2 3512 3514
2 3512 3515
2 3512 3609
2 3515 3517
2 3516 3698
2 3517 3699
2 3518 3930
2 3519 3521
2 3519 3523
2 3519 3613
2 3520 3522
2 3520 3524
2 3520 3614
2 3525 3921
2 3526 3529
2 3526 3532
2 3526 3598
2 3527 3531
2 3527 3533
2 3527 3599
2 3534 3855
2 3535 3539
2 3535 3541
2 3535 3571
2 3536 3540
2 3536 3542
2 3536 3572
2 3543 3820
2 3544 3570
2 3544 3821
2 3545 3909
2 3546 3910
2 3547 3548
2 3547 3549
2 3547 3577
2 3549 3550
2 3550 3797
2 3551 3894
2 3552 3554
2 3552 3556
2 3552 3580
2 3553 3555
2 3553 3557
2 3553 3581
2 3558 3579
2 3558 3824
2 3559 3954
2 3560 3955
2 3561 3563
2 3561 3564
2 3561 3567
2 3564 3566
2 3565 3781
2 3566 3782
2 3567 3569
2 3567 3570
2 3571 3573
2 3571 3575
2 3572 3574
2 3572 3576
2 3577 3578
2 3577 3579
2 3580 3584
2 3580 3586
2 3581 3585
2 3581 3587
2 3588 3591
2 3588 3594
2 3589 3593
2 3589 3595
2 3596 3751
2 3597 3612
2 3597 3752
2 3598 3600
2 3598 3602
2 3599 3601
2 3599 3603
2 3604 3625
2 3604 3743
2 3605 3606
2 3605 3607
2 3607 3608
2 3608 3746
2 3609 3611
2 3609 3612
2 3613 3617
2 3613 3619
2 3614 3618
2 3614 3620
2 3621 3738
2 3622 3635
2 3622 3739
2 3623 3624
2 3623 3625
2 3626 3628
2 3626 3630
2 3627 3629
2 3627 3631
2 3632 3634
2 3632 3635
2 3636 3642
2 3636 3820
2 3636 3924
2 3637 3643
2 3637 3821
2 3637 3925
2 3638 3640
2 3638 3642
2 3638 3816
2 3639 3641
2 3639 3643
2 3639 3817
2 3644 3650
2 3644 3775
2 3644 3903
2 3645 3651
2 3645 3776
2 3645 3904
2 3646 3648
2 3646 3650
2 3646 3771
2 3647 3649
2 3647 3651
2 3647 3772
2 3652 3655
2 3652 3824
2 3652 3834
2 3653 3654
2 3653 3655
2 3653 3822
2 3656 3668
2 3656 3812
2 3656 3843
2 3657 3669
2 3657 3813
2 3657 3844
2 3658 3670
2 3658 3814
2 3658 3845
2 3659 3671
2 3659 3815
2 3659 3846
2 3660 3664
2 3660 3668
2 3660 3804
2 3661 3665
2 3661 3669
2 3661 3805
2 3662 3666
2 3662 3670
2 3662 3806
2 3663 3667
2 3663 3671
2 3663 3807
2 3672 3684
2 3672 3791
2 3672 3882
2 3673 3685
2 3673 3792
2 3673 3883
2 3674 3686
2 3674 3793
2 3674 3884
2 3675 3687
2 3675 3794
2 3675 3885
2 3676 3680
2 3676 3684
2 3676 3783
2 3677 3681
2 3677 3685
2 3677 3784
2 3678 3682
2 3678 3686
2 3678 3785
2 3679 3683
2 3679 3687
2 3679 3786
2 3688 3691
2 3688 3797
2 3688 3825
2 3689 3690
2 3689 3691
2 3689 3795
2 3692 3698
2 3692 3802
2 3692 3933
2 3693 3699
2 3693 3803
2 3693 3934
2 3694 3696
2 3694 3698
2 3694 3798
2 3695 3697
2 3695 3699
2 3695 3799
2 3700 3706
2 3700 3781
2 3700 3897
2 3701 3707
2 3701 3782
2 3701 3898
2 3702 3704
2 3702 3706
2 3702 3777
2 3703 3705
2 3703 3707
2 3703 3778
2 3708 3714
2 3708 3751
2 3708 3915
2 3709 3715
2 3709 3752
2 3709 3916
2 3710 3712
2 3710 3714
2 3710 3747
2 3711 3713
2 3711 3715
2 3711 3748
2 3716 3728
2 3716 3761
2 3716 3864
2 3717 3729
2 3717 3762
2 3717 3865
2 3718 3730
2 3718 3763
2 3718 3866
2 3719 3731
2 3719 3764
2 3719 3867
2 3720 3724
2 3720 3728
2 3720 3753
2 3721 3725
2 3721 3729
2 3721 3754
2 3722 3726
2 3722 3730
2 3722 3755
2 3723 3727
2 3723 3731
2 3723 3756
2 3732 3738
2 3732 3769
2 3732 3948
2 3733 3739
2 3733 3770
2 3733 3949
2 3734 3736
2 3734 3738
2 3734 3765
2 3735 3737
2 3735 3739
2 3735 3766
2 3740 3743
2 3740 3746
2 3740 3831
2 3741 3742
2 3741 3743
2 3741 3744
2 3744 3745
2 3744 3746
2 3747 3749
2 3747 3751
2 3748 3750
2 3748 3752
2 3753 3757
2 3753 3761
2 3754 3758
2 3754 3762
2 3755 3759
2 3755 3763
2 3756 3760
2 3756 3764
2 3765 3767
2 3765 3769
2 3766 3768
2 3766 3770
2 3771 3773
2 3771 3775
2 3772 3774
2 3772 3776
2 3777 3779
2 3777 3781
2 3778 3780
2 3778 3782
2 3783 3787
2 3783 3791
2 3784 3788
2 3784 3792
2 3785 3789
2 3785 3793
2 3786 3790
2 3786 3794
2 3795 3796
2 3795 3797
2 3798 3800
2 3798 3802
2 3799 3801
2 3799 3803
2 3804 3808
2 3804 3812
2 3805 3809
2 3805 3813
2 3806 3810
2 3806 3814
2 3807 3811
2 3807 3815
2 3816 3818
2 3816 3820
2 3817 3819
2 3817 3821
2 3822 3823
2 3822 3824
2 3825 3826
2 3825 3827
2 3828 3829
2 3828 3830
2 3831 3832
2 3831 3833
2 3834 3835
2 3834 3836
2 3837 3839
2 3837 3841
2 3838 3840
2 3838 3842
2 3843 3847
2 3843 3851
2 3844 3848
2 3844 3852
2 3845 3849
2 3845 3853
2 3846 3850
2 3846 3854
2 3855 3856
2 3855 3857
2 3858 3860
2 3858 3862
2 3859 3861
2 3859 3863
2 3864 3868
2 3864 3872
2 3865 3869
2 3865 3873
2 3866 3870
2 3866 3874
2 3867 3871
2 3867 3875
2 3876 3878
2 3876 3880
2 3877 3879
2 3877 3881
2 3882 3886
2 3882 3890
2 3883 3887
2 3883 3891
2 3884 3888
2 3884 3892
2 3885 3889
2 3885 3893
2 3894 3895
2 3894 3896
2 3897 3899
2 3897 3901
2 3898 3900
2 3898 3902
2 3903 3905
2 3903 3907
2 3904 3906
2 3904 3908
2 3909 3911
2 3909 3913
2 3910 3912
2 3910 3914
2 3915 3917
2 3915 3919
2 3916 3918
2 3916 3920
2 3921 3922
2 3921 3923
2 3924 3926
2 3924 3928
2 3925 3927
2 3925 3929
2 3930 3931
2 3930 3932
2 3933 3935
2 3933 3937
2 3934 3936
2 3934 3938
2 3939 3940
2 3939 3941
2 3942 3944
2 3942 3946
2 3943 3945
2 3943 3947
2 3948 3950
2 3948 3952
2 3949 3951
2 3949 3953
2 3954 3956
2 3954 3958
2 3955 3957
2 3955 3959
