# vtk DataFile Version 1.0
Cube
ASCII

DATASET POLYDATA
POINTS 4062 float
6.406457 0.134229 10.584543
6.406457 34.116229 10.584543
6.261353 15.277288 11.681313
6.417501 14.593570 12.291289
6.961722 16.452725 11.601115
8.495500 0.000000 12.743250
8.495500 33.982000 12.743250
0.134229 10.584543 6.406457
34.116229 10.584543 6.406457
15.277288 10.729647 5.309687
14.593570 10.573499 4.699711
14.593570 10.573499 38.681711
16.452725 10.029278 5.389885
0.000000 8.495500 4.247750
0.000000 8.495500 38.229750
33.982000 8.495500 4.247750
33.982000 8.495500 38.229750
10.584543 16.856771 10.584543
10.729647 1.713712 11.681313
10.729647 35.695712 11.681313
10.573499 2.397430 12.291289
10.573499 36.379430 12.291289
10.029278 0.538275 11.601115
10.029278 34.520275 11.601115
16.856771 6.406457 6.406457
1.713712 6.261353 5.309687
35.695712 6.261353 5.309687
2.397430 6.417501 4.699711
2.397430 6.417501 38.681711
36.379430 6.417501 4.699711
36.379430 6.417501 38.681711
0.538275 6.961722 5.389885
34.520275 6.961722 5.389885
6.406457 16.856771 6.406457
6.261353 1.713712 5.309687
6.261353 35.695712 5.309687
6.417501 2.397430 4.699711
6.417501 2.397430 38.681711
6.417501 36.379430 4.699711
6.417501 36.379430 38.681711
6.961722 0.538275 5.389885
6.961722 34.520275 5.389885
8.495500 0.000000 4.247750
8.495500 0.000000 38.229750
8.495500 33.982000 4.247750
8.495500 33.982000 38.229750
16.856771 10.584543 10.584543
1.713712 10.729647 11.681313
35.695712 10.729647 11.681313
2.397430 10.573499 12.291289
36.379430 10.573499 12.291289
0.538275 10.029278 11.601115
34.520275 10.029278 11.601115
0.000000 8.495500 12.743250
33.982000 8.495500 12.743250
10.584543 0.134229 6.406457
10.584543 34.116229 6.406457
10.729647 15.277288 5.309687
10.573499 14.593570 4.699711
10.573499 14.593570 38.681711
10.029278 16.452725 5.389885
0.134229 6.406457 10.584543
34.116229 6.406457 10.584543
15.277288 6.261353 11.681313
14.593570 6.417501 12.291289
16.452725 6.961722 11.601115
10.584543 6.406457 0.134229
10.584543 6.406457 34.116229
11.681313 6.261353 15.277288
12.291289 6.417501 14.593570
11.601115 6.961722 16.452725
12.743250 8.495500 0.000000
12.743250 8.495500 33.982000
6.406457 6.406457 16.856771
6.261353 5.309687 1.713712
6.261353 5.309688 35.695712
6.417501 4.699711 2.397430
6.417501 4.699711 36.379430
6.417501 38.681711 2.397430
6.417501 38.681711 36.379430
6.900045 6.900045 15.538270
7.793772 7.233069 15.635118
6.894948 6.177928 14.904505
6.327448 7.603472 15.225635
6.961722 5.389885 0.538275
6.961722 5.389885 34.520275
8.495500 4.247750 0.000000
8.495500 4.247750 33.982000
8.495500 38.229750 0.000000
8.495500 38.229750 33.982000
6.406457 10.584543 0.134229
6.406457 10.584543 34.116229
5.309688 10.729647 15.277288
4.699711 10.573499 14.593570
38.681711 10.573499 14.593570
5.389885 10.029278 16.452725
4.247750 8.495500 0.000000
4.247750 8.495500 33.982000
38.229750 8.495500 0.000000
38.229750 8.495500 33.982000
10.584543 10.584543 16.856771
10.729647 11.681313 1.713712
10.729647 11.681313 35.695712
10.573499 12.291289 2.397430
10.573499 12.291289 36.379430
10.029278 11.601115 0.538275
10.029278 11.601115 34.520275
8.495500 12.743250 0.000000
8.495500 12.743250 33.982000
11.681313 10.729647 1.713712
11.681313 10.729647 35.695712
12.291289 10.573499 2.397430
12.291289 10.573499 36.379430
11.601115 10.029278 0.538275
11.601115 10.029278 34.520275
10.729647 5.309688 15.277288
10.573499 4.699711 14.593570
10.573499 38.681711 14.593570
10.029278 5.389885 16.452725
5.309687 6.261353 1.713712
5.309688 6.261353 35.695712
4.699711 6.417501 2.397430
4.699711 6.417501 36.379430
38.681711 6.417501 2.397430
38.681711 6.417501 36.379430
5.389885 6.961722 0.538275
5.389885 6.961722 34.520275
6.261353 11.681313 15.277288
6.417501 12.291289 14.593570
6.961722 11.601115 16.452725
15.277288 11.681313 6.261353
14.593570 12.291289 6.417501
16.452725 11.601115 6.961722
0.000000 12.743250 8.495500
33.982000 12.743250 8.495500
15.277288 5.309688 10.729647
14.593570 4.699711 10.573499
14.593570 38.681711 10.573499
16.452725 5.389885 10.029278
0.000000 4.247750 8.495500
0.000000 38.229750 8.495500
33.982000 4.247750 8.495500
33.982000 38.229750 8.495500
5.309687 1.713712 6.261353
5.309688 35.695712 6.261353
4.699711 2.397430 6.417501
4.699711 36.379430 6.417501
38.681711 2.397430 6.417501
38.681711 36.379430 6.417501
5.389885 0.538275 6.961722
5.389885 34.520275 6.961722
4.247750 0.000000 8.495500
4.247750 33.982000 8.495500
38.229750 0.000000 8.495500
38.229750 33.982000 8.495500
1.713712 11.681313 10.729647
35.695712 11.681313 10.729647
2.397430 12.291289 10.573499
36.379430 12.291289 10.573499
0.538275 11.601115 10.029278
34.520275 11.601115 10.029278
11.681313 15.277288 6.261353
12.291289 14.593570 6.417501
11.601115 16.452725 6.961722
12.743250 0.000000 8.495500
12.743250 33.982000 8.495500
1.713712 5.309687 6.261353
35.695712 5.309687 6.261353
2.397430 4.699711 6.417501
2.397430 38.681711 6.417501
36.379430 4.699711 6.417501
36.379430 38.681711 6.417501
0.538275 5.389885 6.961722
34.520275 5.389885 6.961722
5.309688 15.277288 10.729647
4.699711 14.593570 10.573499
38.681711 14.593570 10.573499
5.389885 16.452725 10.029278
11.681313 1.713712 10.729647
11.681313 35.695712 10.729647
12.291289 2.397430 10.573499
12.291289 36.379430 10.573499
11.601115 0.538275 10.029278
11.601115 34.520275 10.029278
14.901957 8.629729 2.089043
14.901957 8.629729 36.071043
14.756853 6.781788 3.185812
14.756853 6.781788 37.167812
14.913001 6.098070 3.795789
14.913001 6.098070 37.777789
15.457222 7.957225 3.105615
15.457222 7.957225 37.087615
8.629729 2.089043 14.901957
8.629729 36.071043 14.901957
6.781788 2.234147 13.805187
6.781788 36.216147 13.805187
6.098070 2.077999 13.195211
6.098070 36.059999 13.195211
9.948230 1.595455 15.395545
9.948230 35.577455 15.395545
7.957225 1.533778 13.885385
7.957225 35.515778 13.885385
2.089043 8.361271 2.089043
2.089043 8.361271 36.071043
36.071043 8.361271 2.089043
36.071043 8.361271 36.071043
2.234147 10.209212 3.185812
2.234147 10.209212 37.167812
36.216147 10.209212 3.185812
36.216147 10.209212 37.167812
2.077999 10.892930 3.795789
2.077999 10.892930 37.777789
36.059999 10.892930 3.795789
36.059999 10.892930 37.777789
1.533778 9.033775 3.105615
1.533778 9.033775 37.087615
35.515778 9.033775 3.105615
35.515778 9.033775 37.087615
8.361271 14.901957 14.901957
10.209212 14.756853 13.805187
10.892930 14.913001 13.195211
7.042770 15.395545 15.395545
7.139618 16.289272 15.728569
6.409005 15.390448 14.673428
6.730135 14.822948 16.098972
9.033775 15.457222 13.885385
14.901957 8.361271 14.901957
14.756853 10.209212 13.805187
14.913001 10.892930 13.195211
15.395545 7.042770 15.395545
16.289272 7.139618 15.728569
15.390448 6.409005 14.673428
14.822948 6.730135 16.098972
15.457222 9.033775 13.885385
8.361271 2.089043 2.089043
8.361271 2.089043 36.071043
8.361271 36.071043 2.089043
8.361271 36.071043 36.071043
10.209212 2.234147 3.185812
10.209212 2.234147 37.167812
10.209212 36.216147 3.185812
10.209212 36.216147 37.167812
10.892930 2.077999 3.795789
10.892930 2.077999 37.777789
10.892930 36.059999 3.795789
10.892930 36.059999 37.777789
7.042769 1.595455 1.595455
7.042770 1.595455 35.577455
7.042770 35.577455 1.595455
7.042770 35.577455 35.577455
9.033775 1.533778 3.105615
9.033775 1.533778 37.087615
9.033775 35.515778 3.105615
9.033775 35.515778 37.087615
2.089043 8.629729 14.901957
36.071043 8.629729 14.901957
2.234147 6.781788 13.805187
36.216147 6.781788 13.805187
2.077999 6.098070 13.195211
36.059999 6.098070 13.195211
1.533778 7.957225 13.885385
35.515778 7.957225 13.885385
8.629729 14.901957 2.089043
8.629729 14.901957 36.071043
6.781788 14.756853 3.185812
6.781788 14.756853 37.167812
6.098070 14.913001 3.795789
6.098070 14.913001 37.777789
7.957225 15.457222 3.105615
7.957225 15.457222 37.087615
2.089043 14.901957 8.629729
36.071043 14.901957 8.629729
3.185813 14.756853 6.781788
37.167812 14.756853 6.781788
3.795789 14.913001 6.098070
37.777789 14.913001 6.098070
3.105615 15.457222 7.957225
37.087615 15.457222 7.957225
14.901957 14.901957 8.361271
14.756853 13.805187 10.209212
14.913001 13.195211 10.892930
15.457222 13.885385 9.033775
14.901957 2.089043 8.629729
14.901957 36.071043 8.629729
13.805187 2.234147 6.781788
13.805187 36.216147 6.781788
13.195211 2.077999 6.098070
13.195211 36.059999 6.098070
15.395545 1.595455 9.948230
15.395545 35.577455 9.948230
13.885385 1.533778 7.957225
13.885385 35.515778 7.957225
2.089043 2.089043 8.361271
2.089043 36.071043 8.361271
36.071043 2.089043 8.361271
36.071043 36.071043 8.361271
2.234147 3.185813 10.209212
2.234147 37.167812 10.209212
36.216147 3.185813 10.209212
36.216147 37.167812 10.209212
2.077999 3.795789 10.892930
2.077999 37.777789 10.892930
36.059999 3.795789 10.892930
36.059999 37.777789 10.892930
1.533778 3.105615 9.033775
1.533778 37.087615 9.033775
35.515778 3.105615 9.033775
35.515778 37.087615 9.033775
3.185813 2.234147 10.209212
3.185813 36.216147 10.209212
37.167812 2.234147 10.209212
37.167812 36.216147 10.209212
3.795789 2.077999 10.892930
3.795789 36.059999 10.892930
37.777789 2.077999 10.892930
37.777789 36.059999 10.892930
3.105615 1.533778 9.033775
3.105615 35.515778 9.033775
37.087615 1.533778 9.033775
37.087615 35.515778 9.033775
2.234147 13.805187 6.781788
36.216147 13.805187 6.781788
2.077999 13.195211 6.098070
36.059999 13.195211 6.098070
1.533778 13.885385 7.957225
35.515778 13.885385 7.957225
13.805187 14.756853 10.209212
13.195211 14.913001 10.892930
13.885385 15.457222 9.033775
14.756853 3.185813 6.781788
14.756853 37.167812 6.781788
14.913001 3.795789 6.098070
14.913001 37.777789 6.098070
16.289272 1.262431 9.851382
16.289272 35.244431 9.851382
15.390448 2.317572 10.581995
15.390448 36.299572 10.581995
14.822948 0.892028 10.260865
14.822948 34.874028 10.260865
15.457222 3.105615 7.957225
15.457222 37.087615 7.957225
6.781788 3.185813 14.756853
6.781788 37.167812 14.756853
6.098070 3.795789 14.913001
6.098070 37.777789 14.913001
9.851382 1.262431 16.289272
9.851382 35.244431 16.289272
10.581995 2.317572 15.390448
10.581995 36.299572 15.390448
10.260865 0.892028 14.822948
10.260865 34.874028 14.822948
7.957225 3.105615 15.457222
7.957225 37.087615 15.457222
6.781788 13.805187 2.234147
6.781788 13.805187 36.216147
6.098070 13.195211 2.077999
6.098070 13.195211 36.059999
7.957225 13.885385 1.533778
7.957225 13.885385 35.515778
13.805187 10.209212 14.756853
13.195211 10.892930 14.913001
13.885385 9.033775 15.457222
10.209212 3.185812 2.234147
10.209212 3.185813 36.216147
10.209212 37.167812 2.234147
10.209212 37.167812 36.216147
10.892930 3.795789 2.077999
10.892930 3.795789 36.059999
10.892930 37.777789 2.077999
10.892930 37.777789 36.059999
7.139618 1.262431 0.701728
7.139618 1.262431 34.683728
7.139618 35.244431 0.701728
7.139618 35.244431 34.683728
6.409005 2.317572 1.600552
6.409005 2.317572 35.582552
6.409005 36.299572 1.600552
6.409005 36.299572 35.582552
6.730135 0.892028 2.168052
6.730135 0.892028 36.150052
6.730135 34.874028 2.168052
6.730135 34.874028 36.150052
9.033775 3.105615 1.533778
9.033775 3.105615 35.515778
9.033775 37.087615 1.533778
9.033775 37.087615 35.515778
3.185813 6.781788 14.756853
37.167812 6.781788 14.756853
3.795789 6.098070 14.913001
37.777789 6.098070 14.913001
3.105615 7.957225 15.457222
37.087615 7.957225 15.457222
10.209212 13.805187 14.756853
10.892930 13.195211 14.913001
9.033775 13.885385 15.457222
13.805187 6.781788 2.234147
13.805187 6.781788 36.216147
13.195211 6.098070 2.077999
13.195211 6.098070 36.059999
13.885385 7.957225 1.533778
13.885385 7.957225 35.515778
3.185813 10.209212 2.234147
3.185813 10.209212 36.216147
37.167812 10.209212 2.234147
37.167812 10.209212 36.216147
3.795789 10.892930 2.077999
3.795789 10.892930 36.059999
37.777789 10.892930 2.077999
37.777789 10.892930 36.059999
3.105615 9.033775 1.533778
3.105615 9.033775 35.515778
37.087615 9.033775 1.533778
37.087615 9.033775 35.515778
15.557607 6.892806 6.892806
14.648088 6.105165 7.094625
15.388908 8.084085 7.094625
10.098194 15.557607 10.098194
10.885835 14.648088 9.896375
8.906915 15.388908 9.896375
1.602694 1.602694 7.062107
1.602694 35.584694 7.062107
35.584694 1.602694 7.062107
35.584694 35.584694 7.062107
2.147948 0.653803 6.522998
2.147948 34.635803 6.522998
36.129948 0.653803 6.522998
36.129948 34.635803 6.522998
0.653803 2.147948 6.522998
0.653803 36.129948 6.522998
34.635803 2.147948 6.522998
34.635803 36.129948 6.522998
6.892806 15.557607 6.892806
8.084085 15.388908 7.094625
6.105165 14.648088 7.094625
10.098194 1.433393 6.892806
10.098194 35.415393 6.892806
8.906915 1.602092 7.094625
8.906915 35.584092 7.094625
10.885835 2.342912 7.094625
10.885835 36.324912 7.094625
1.433393 6.892806 10.098194
35.415393 6.892806 10.098194
1.602092 8.084085 9.896375
35.584092 8.084085 9.896375
2.342912 6.105165 9.896375
36.324912 6.105165 9.896375
9.928893 15.388306 1.602694
9.928893 15.388306 35.584694
10.097592 16.579585 1.400875
10.097592 16.579585 35.382875
10.838412 14.600665 1.400875
10.838412 14.600665 35.382875
15.388306 9.928893 1.602694
15.388306 9.928893 35.584694
14.600665 10.838412 1.400875
14.600665 10.838412 35.382875
16.579585 10.097592 1.400875
16.579585 10.097592 35.382875
1.602694 15.388306 9.928893
35.584694 15.388306 9.928893
0.653803 14.843052 10.468002
34.635803 14.843052 10.468002
2.147948 16.337197 10.468002
36.129948 16.337197 10.468002
1.602694 7.062107 1.602694
1.602694 7.062107 35.584694
35.584694 7.062107 1.602694
35.584694 7.062107 35.584694
2.390335 6.152588 1.400875
2.390335 6.152588 35.382875
36.372335 6.152588 1.400875
36.372335 6.152588 35.382875
0.411415 6.893408 1.400875
0.411415 6.893408 35.382875
34.393415 6.893408 1.400875
34.393415 6.893408 35.382875
10.098194 6.892806 1.433393
10.098194 6.892806 35.415393
9.149303 6.347552 1.972502
9.149303 6.347552 35.954502
10.643448 7.841697 1.972502
10.643448 7.841697 35.954502
1.433393 10.098194 6.892806
35.415393 10.098194 6.892806
2.342912 10.885835 7.094625
36.324912 10.885835 7.094625
1.602092 8.906915 7.094625
35.584092 8.906915 7.094625
1.602694 9.928893 15.388306
35.584694 9.928893 15.388306
0.411415 10.097592 15.590125
34.393415 10.097592 15.590125
2.390335 10.838412 15.590125
36.372335 10.838412 15.590125
15.557607 10.098194 10.098194
15.388908 8.906915 9.896375
14.648088 10.885835 9.896375
6.892806 1.433393 10.098194
6.892806 35.415393 10.098194
6.105165 2.342912 9.896375
6.105165 36.324912 9.896375
8.084085 1.602092 9.896375
8.084085 35.584092 9.896375
10.098194 10.098194 15.557607
10.643448 9.149303 15.018498
9.149303 10.643448 15.018498
6.892806 10.098194 1.433393
6.892806 10.098194 35.415393
7.841697 10.643448 1.972502
7.841697 10.643448 35.954502
6.347552 9.149303 1.972502
6.347552 9.149303 35.954502
15.388306 15.388306 7.062107
14.843052 16.337197 6.522998
16.337197 14.843052 6.522998
6.406457 0.134229 27.575543
6.406457 34.116229 27.575543
6.261353 15.277288 28.672313
6.417501 14.593570 -4.699711
6.417501 14.593570 29.282289
6.961722 16.452725 28.592115
8.495500 -0.000000 -4.247750
8.495500 0.000000 29.734250
8.495500 33.982000 -4.247750
8.495500 33.982000 29.734250
0.134229 10.584543 23.397457
34.116229 10.584543 23.397457
15.277288 10.729647 22.300687
14.593570 10.573499 21.690711
16.452725 10.029278 22.380885
0.000000 8.495500 21.238750
33.982000 8.495500 21.238750
10.584543 16.856771 27.575543
10.729647 1.713712 28.672313
10.729647 35.695712 28.672313
10.573499 2.397430 -4.699711
10.573499 2.397430 29.282289
10.573499 36.379430 -4.699711
10.573499 36.379430 29.282289
10.029278 0.538275 28.592115
10.029278 34.520275 28.592115
16.856771 6.406457 23.397457
1.713712 6.261353 22.300687
35.695712 6.261353 22.300687
2.397430 6.417501 21.690711
36.379430 6.417501 21.690711
0.538275 6.961722 22.380885
34.520275 6.961722 22.380885
6.406457 16.856771 23.397457
6.261353 1.713712 22.300687
6.261353 35.695712 22.300687
6.417501 2.397430 21.690711
6.417501 36.379430 21.690711
6.961722 0.538275 22.380885
6.961722 34.520275 22.380885
8.495500 0.000000 21.238750
8.495500 33.982000 21.238750
16.856771 10.584543 27.575543
1.713712 10.729647 28.672313
35.695712 10.729647 28.672313
2.397430 10.573499 -4.699711
2.397430 10.573499 29.282289
36.379430 10.573499 -4.699711
36.379430 10.573499 29.282289
0.538275 10.029278 28.592115
34.520275 10.029278 28.592115
0.000000 8.495500 -4.247750
0.000000 8.495500 29.734250
33.982000 8.495500 -4.247750
33.982000 8.495500 29.734250
10.584543 0.134229 23.397457
10.584543 34.116229 23.397457
10.729647 15.277288 22.300687
10.573499 14.593570 21.690711
10.029278 16.452725 22.380885
0.134229 6.406457 27.575543
34.116229 6.406457 27.575543
15.277288 6.261353 28.672313
14.593570 6.417501 -4.699711
14.593570 6.417501 29.282289
16.452725 6.961722 28.592115
10.584543 6.406457 17.125229
11.681313 6.261353 -1.713712
11.681313 6.261353 32.268288
12.291289 6.417501 -2.397430
12.291289 6.417501 31.584570
11.601115 6.961722 -0.538275
11.601115 6.961722 33.443725
12.743250 8.495500 16.991000
6.406457 6.406457 -0.134229
6.406457 6.406457 33.847771
6.261353 5.309688 18.704712
6.417501 4.699711 19.388430
6.417501 38.681711 19.388430
6.900045 6.900045 -1.452731
6.900045 6.900045 32.529269
7.793772 7.233069 -1.355882
7.793772 7.233069 32.626118
6.894948 6.177928 -2.086495
6.894948 6.177928 31.895505
6.327448 7.603472 -1.765365
6.327448 7.603472 32.216635
6.961722 5.389885 17.529275
8.495500 4.247750 16.991000
8.495500 38.229750 16.991000
6.406457 10.584543 17.125229
5.309688 10.729647 -1.713712
5.309688 10.729647 32.268288
4.699711 10.573499 -2.397430
4.699711 10.573499 31.584570
38.681711 10.573499 -2.397430
38.681711 10.573499 31.584570
5.389885 10.029278 -0.538275
5.389885 10.029278 33.443725
4.247750 8.495500 16.991000
38.229750 8.495500 16.991000
10.584543 10.584543 -0.134229
10.584543 10.584543 33.847771
10.729647 11.681313 18.704712
10.573499 12.291289 19.388430
10.029278 11.601115 17.529275
8.495500 12.743250 16.991000
11.681313 10.729647 18.704712
12.291289 10.573499 19.388430
11.601115 10.029278 17.529275
10.729647 5.309687 -1.713712
10.729647 5.309688 32.268288
10.573499 4.699711 -2.397430
10.573499 4.699711 31.584570
10.573499 38.681711 -2.397430
10.573499 38.681711 31.584570
10.029278 5.389885 -0.538275
10.029278 5.389885 33.443725
5.309688 6.261353 18.704712
4.699711 6.417501 19.388430
38.681711 6.417501 19.388430
5.389885 6.961722 17.529275
6.261353 11.681313 -1.713712
6.261353 11.681313 32.268288
6.417501 12.291289 -2.397430
6.417501 12.291289 31.584570
6.961722 11.601115 -0.538275
6.961722 11.601115 33.443725
15.277288 11.681313 23.252353
14.593570 12.291289 23.408501
16.452725 11.601115 23.952722
0.000000 12.743250 25.486500
33.982000 12.743250 25.486500
15.277288 5.309688 27.720647
14.593570 4.699711 27.564499
14.593570 38.681711 27.564499
16.452725 5.389885 27.020278
0.000000 4.247750 25.486500
0.000000 38.229750 25.486500
33.982000 4.247750 25.486500
33.982000 38.229750 25.486500
5.309688 1.713712 23.252353
5.309688 35.695712 23.252353
4.699711 2.397430 23.408501
4.699711 36.379430 23.408501
38.681711 2.397430 23.408501
38.681711 36.379430 23.408501
5.389885 0.538275 23.952722
5.389885 34.520275 23.952722
4.247750 0.000000 25.486500
4.247750 33.982000 25.486500
38.229750 0.000000 25.486500
38.229750 33.982000 25.486500
1.713712 11.681313 27.720647
35.695712 11.681313 27.720647
2.397430 12.291289 27.564499
36.379430 12.291289 27.564499
0.538275 11.601115 27.020278
34.520275 11.601115 27.020278
11.681313 15.277288 23.252353
12.291289 14.593570 23.408501
11.601115 16.452725 23.952722
12.743250 0.000000 25.486500
12.743250 33.982000 25.486500
1.713712 5.309688 23.252353
35.695712 5.309688 23.252353
2.397430 4.699711 23.408501
2.397430 38.681711 23.408501
36.379430 4.699711 23.408501
36.379430 38.681711 23.408501
0.538275 5.389885 23.952722
34.520275 5.389885 23.952722
5.309688 15.277288 27.720647
4.699711 14.593570 27.564499
38.681711 14.593570 27.564499
5.389885 16.452725 27.020278
11.681313 1.713712 27.720647
11.681313 35.695712 27.720647
12.291289 2.397430 27.564499
12.291289 36.379430 27.564499
11.601115 0.538275 27.020278
11.601115 34.520275 27.020278
14.901957 8.629729 19.080043
14.756853 6.781788 20.176813
14.913001 6.098070 20.786789
15.457222 7.957225 20.096615
8.629729 2.089043 -2.089043
8.629729 2.089043 31.892957
8.629729 36.071043 -2.089043
8.629729 36.071043 31.892957
6.781788 2.234147 -3.185813
6.781788 2.234147 30.796187
6.781788 36.216147 -3.185813
6.781788 36.216147 30.796187
6.098070 2.077999 -3.795789
6.098070 2.077999 30.186211
6.098070 36.059999 -3.795789
6.098070 36.059999 30.186211
9.948230 1.595455 -1.595455
9.948230 1.595455 32.386545
9.948230 35.577455 -1.595455
9.948230 35.577455 32.386545
7.957225 1.533778 -3.105615
7.957225 1.533778 30.876385
7.957225 35.515778 -3.105615
7.957225 35.515778 30.876385
2.089043 8.361271 19.080043
36.071043 8.361271 19.080043
2.234147 10.209212 20.176813
36.216147 10.209212 20.176813
2.077999 10.892930 20.786789
36.059999 10.892930 20.786789
1.533778 9.033775 20.096615
35.515778 9.033775 20.096615
8.361271 14.901957 -2.089043
8.361271 14.901957 31.892957
10.209212 14.756853 -3.185813
10.209212 14.756853 30.796187
10.892930 14.913001 -3.795789
10.892930 14.913001 30.186211
7.042770 15.395545 -1.595455
7.042770 15.395545 32.386545
7.139618 16.289272 -1.262431
7.139618 16.289272 32.719569
6.409005 15.390448 -2.317572
6.409005 15.390448 31.664428
6.730135 14.822948 -0.892028
6.730135 14.822948 33.089972
9.033775 15.457222 -3.105615
9.033775 15.457222 30.876385
14.901957 8.361271 -2.089043
14.901957 8.361271 31.892957
14.756853 10.209212 -3.185813
14.756853 10.209212 30.796187
14.913001 10.892930 -3.795789
14.913001 10.892930 30.186211
15.395545 7.042769 -1.595455
15.395545 7.042770 32.386545
16.289272 7.139618 -1.262431
16.289272 7.139618 32.719569
15.390448 6.409005 -2.317572
15.390448 6.409005 31.664428
14.822948 6.730135 -0.892028
14.822948 6.730135 33.089972
15.457222 9.033775 -3.105615
15.457222 9.033775 30.876385
8.361271 2.089043 19.080043
8.361271 36.071043 19.080043
10.209212 2.234147 20.176813
10.209212 36.216147 20.176813
10.892930 2.077999 20.786789
10.892930 36.059999 20.786789
7.042770 1.595455 18.586455
7.042770 35.577455 18.586455
9.033775 1.533778 20.096615
9.033775 35.515778 20.096615
2.089043 8.629729 -2.089043
2.089043 8.629729 31.892957
36.071043 8.629729 -2.089043
36.071043 8.629729 31.892957
2.234147 6.781788 -3.185813
2.234147 6.781788 30.796187
36.216147 6.781788 -3.185813
36.216147 6.781788 30.796187
2.077999 6.098070 -3.795789
2.077999 6.098070 30.186211
36.059999 6.098070 -3.795789
36.059999 6.098070 30.186211
1.533778 7.957225 -3.105615
1.533778 7.957225 30.876385
35.515778 7.957225 -3.105615
35.515778 7.957225 30.876385
8.629729 14.901957 19.080043
6.781788 14.756853 20.176813
6.098070 14.913001 20.786789
7.957225 15.457222 20.096615
2.089043 14.901957 25.620729
36.071043 14.901957 25.620729
3.185813 14.756853 23.772788
37.167812 14.756853 23.772788
3.795789 14.913001 23.089070
37.777789 14.913001 23.089070
3.105615 15.457222 24.948225
37.087615 15.457222 24.948225
14.901957 14.901957 25.352271
14.756853 13.805187 27.200212
14.913001 13.195211 27.883930
15.457222 13.885385 26.024775
14.901957 2.089043 25.620729
14.901957 36.071043 25.620729
13.805187 2.234147 23.772788
13.805187 36.216147 23.772788
13.195211 2.077999 23.089070
13.195211 36.059999 23.089070
15.395545 1.595455 26.939230
15.395545 35.577455 26.939230
13.885385 1.533778 24.948225
13.885385 35.515778 24.948225
2.089043 2.089043 25.352271
2.089043 36.071043 25.352271
36.071043 2.089043 25.352271
36.071043 36.071043 25.352271
2.234147 3.185813 27.200212
2.234147 37.167812 27.200212
36.216147 3.185813 27.200212
36.216147 37.167812 27.200212
2.077999 3.795789 27.883930
2.077999 37.777789 27.883930
36.059999 3.795789 27.883930
36.059999 37.777789 27.883930
1.533778 3.105615 26.024775
1.533778 37.087615 26.024775
35.515778 3.105615 26.024775
35.515778 37.087615 26.024775
3.185813 2.234147 27.200212
3.185813 36.216147 27.200212
37.167812 2.234147 27.200212
37.167812 36.216147 27.200212
3.795789 2.077999 27.883930
3.795789 36.059999 27.883930
37.777789 2.077999 27.883930
37.777789 36.059999 27.883930
3.105615 1.533778 26.024775
3.105615 35.515778 26.024775
37.087615 1.533778 26.024775
37.087615 35.515778 26.024775
2.234147 13.805187 23.772788
36.216147 13.805187 23.772788
2.077999 13.195211 23.089070
36.059999 13.195211 23.089070
1.533778 13.885385 24.948225
35.515778 13.885385 24.948225
13.805187 14.756853 27.200212
13.195211 14.913001 27.883930
13.885385 15.457222 26.024775
14.756853 3.185813 23.772788
14.756853 37.167812 23.772788
14.913001 3.795789 23.089070
14.913001 37.777789 23.089070
16.289272 1.262431 26.842382
16.289272 35.244431 26.842382
15.390448 2.317572 27.572995
15.390448 36.299572 27.572995
14.822948 0.892028 27.251865
14.822948 34.874028 27.251865
15.457222 3.105615 24.948225
15.457222 37.087615 24.948225
6.781788 3.185812 -2.234147
6.781788 3.185813 31.747853
6.781788 37.167812 -2.234147
6.781788 37.167812 31.747853
6.098070 3.795789 -2.077999
6.098070 3.795789 31.904001
6.098070 37.777789 -2.077999
6.098070 37.777789 31.904001
9.851382 1.262431 -0.701728
9.851382 1.262431 33.280272
9.851382 35.244431 -0.701728
9.851382 35.244431 33.280272
10.581995 2.317572 -1.600552
10.581995 2.317572 32.381448
10.581995 36.299572 -1.600552
10.581995 36.299572 32.381448
10.260865 0.892027 -2.168052
10.260865 0.892028 31.813948
10.260865 34.874028 -2.168052
10.260865 34.874028 31.813948
7.957225 3.105615 -1.533778
7.957225 3.105615 32.448222
7.957225 37.087615 -1.533778
7.957225 37.087615 32.448222
6.781788 13.805187 19.225147
6.098070 13.195211 19.068999
7.957225 13.885385 18.524778
13.805187 10.209212 -2.234147
13.805187 10.209212 31.747853
13.195211 10.892930 -2.077999
13.195211 10.892930 31.904001
13.885385 9.033775 -1.533778
13.885385 9.033775 32.448222
10.209212 3.185813 19.225147
10.209212 37.167812 19.225147
10.892930 3.795789 19.068999
10.892930 37.777789 19.068999
7.139618 1.262431 17.692728
7.139618 35.244431 17.692728
6.409005 2.317572 18.591552
6.409005 36.299572 18.591552
6.730135 0.892028 19.159052
6.730135 34.874028 19.159052
9.033775 3.105615 18.524778
9.033775 37.087615 18.524778
3.185812 6.781788 -2.234147
3.185813 6.781788 31.747853
37.167812 6.781788 -2.234147
37.167812 6.781788 31.747853
3.795789 6.098070 -2.077999
3.795789 6.098070 31.904001
37.777789 6.098070 -2.077999
37.777789 6.098070 31.904001
3.105615 7.957225 -1.533778
3.105615 7.957225 32.448222
37.087615 7.957225 -1.533778
37.087615 7.957225 32.448222
10.209212 13.805187 -2.234147
10.209212 13.805187 31.747853
10.892930 13.195211 -2.077999
10.892930 13.195211 31.904001
9.033775 13.885385 -1.533778
9.033775 13.885385 32.448222
13.805187 6.781788 19.225147
13.195211 6.098070 19.068999
13.885385 7.957225 18.524778
3.185813 10.209212 19.225147
37.167812 10.209212 19.225147
3.795789 10.892930 19.068999
37.777789 10.892930 19.068999
3.105615 9.033775 18.524778
37.087615 9.033775 18.524778
15.557607 6.892806 23.883806
14.648088 6.105165 24.085625
15.388908 8.084085 24.085625
10.098194 15.557607 27.089194
10.885835 14.648088 26.887375
8.906915 15.388908 26.887375
1.602694 1.602694 24.053107
1.602694 35.584694 24.053107
35.584694 1.602694 24.053107
35.584694 35.584694 24.053107
2.147948 0.653803 23.513998
2.147948 34.635803 23.513998
36.129948 0.653803 23.513998
36.129948 34.635803 23.513998
0.653803 2.147948 23.513998
0.653803 36.129948 23.513998
34.635803 2.147948 23.513998
34.635803 36.129948 23.513998
6.892806 15.557607 23.883806
8.084085 15.388908 24.085625
6.105165 14.648088 24.085625
10.098194 1.433393 23.883806
10.098194 35.415393 23.883806
8.906915 1.602092 24.085625
8.906915 35.584092 24.085625
10.885835 2.342912 24.085625
10.885835 36.324912 24.085625
1.433393 6.892806 27.089194
35.415393 6.892806 27.089194
1.602092 8.084085 26.887375
35.584092 8.084085 26.887375
2.342912 6.105165 26.887375
36.324912 6.105165 26.887375
9.928893 15.388306 18.593694
10.097592 16.579585 18.391875
10.838412 14.600665 18.391875
15.388306 9.928893 18.593694
14.600665 10.838412 18.391875
16.579585 10.097592 18.391875
1.602694 15.388306 26.919893
35.584694 15.388306 26.919893
0.653803 14.843052 27.459002
34.635803 14.843052 27.459002
2.147948 16.337197 27.459002
36.129948 16.337197 27.459002
1.602694 7.062107 18.593694
35.584694 7.062107 18.593694
2.390335 6.152588 18.391875
36.372335 6.152588 18.391875
0.411415 6.893408 18.391875
34.393415 6.893408 18.391875
10.098194 6.892806 18.424393
9.149303 6.347552 18.963502
10.643448 7.841697 18.963502
1.433393 10.098194 23.883806
35.415393 10.098194 23.883806
2.342912 10.885835 24.085625
36.324912 10.885835 24.085625
1.602092 8.906915 24.085625
35.584092 8.906915 24.085625
1.602694 9.928893 -1.602694
1.602694 9.928893 32.379306
35.584694 9.928893 -1.602694
35.584694 9.928893 32.379306
0.411415 10.097592 -1.400875
0.411415 10.097592 32.581125
34.393415 10.097592 -1.400875
34.393415 10.097592 32.581125
2.390335 10.838412 -1.400875
2.390335 10.838412 32.581125
36.372335 10.838412 -1.400875
36.372335 10.838412 32.581125
15.557607 10.098194 27.089194
15.388908 8.906915 26.887375
14.648088 10.885835 26.887375
6.892806 1.433393 27.089194
6.892806 35.415393 27.089194
6.105165 2.342912 26.887375
6.105165 36.324912 26.887375
8.084085 1.602092 26.887375
8.084085 35.584092 26.887375
10.098194 10.098194 -1.433393
10.098194 10.098194 32.548607
10.643448 9.149303 -1.972502
10.643448 9.149303 32.009498
9.149303 10.643448 -1.972502
9.149303 10.643448 32.009498
6.892806 10.098194 18.424393
7.841697 10.643448 18.963502
6.347552 9.149303 18.963502
15.388306 15.388306 24.053107
14.843052 16.337197 23.513998
16.337197 14.843052 23.513998
6.406457 17.125229 10.584543
6.261353 -1.713712 11.681313
6.261353 32.268288 11.681313
6.417501 -2.397430 12.291289
6.417501 31.584570 12.291289
6.961722 -0.538275 11.601115
6.961722 33.443725 11.601115
8.495500 16.991000 12.743250
0.134229 27.575543 6.406457
34.116229 27.575543 6.406457
15.277288 27.720647 5.309687
14.593570 27.564499 4.699711
14.593570 27.564499 38.681711
16.452725 27.020278 5.389885
0.000000 25.486500 4.247750
0.000000 25.486500 38.229750
33.982000 25.486500 4.247750
33.982000 25.486500 38.229750
10.584543 -0.134229 10.584543
10.584543 33.847771 10.584543
10.729647 18.704712 11.681313
10.573499 19.388430 12.291289
10.029278 17.529275 11.601115
16.856771 23.397457 6.406457
1.713712 23.252353 5.309687
35.695712 23.252353 5.309687
2.397430 23.408501 4.699711
2.397430 23.408501 38.681711
36.379430 23.408501 4.699711
36.379430 23.408501 38.681711
0.538275 23.952722 5.389885
34.520275 23.952722 5.389885
6.406457 -0.134229 6.406457
6.406457 33.847771 6.406457
6.261353 18.704712 5.309687
6.417501 19.388430 4.699711
6.417501 19.388430 38.681711
6.961722 17.529275 5.389885
8.495500 16.991000 4.247750
8.495500 16.991000 38.229750
16.856771 27.575543 10.584543
1.713712 27.720647 11.681313
35.695712 27.720647 11.681313
2.397430 27.564499 12.291289
36.379430 27.564499 12.291289
0.538275 27.020278 11.601115
34.520275 27.020278 11.601115
0.000000 25.486500 12.743250
33.982000 25.486500 12.743250
10.584543 17.125229 6.406457
10.729647 -1.713712 5.309687
10.729647 32.268288 5.309687
10.573499 -2.397430 4.699711
10.573499 -2.397430 38.681711
10.573499 31.584570 4.699711
10.573499 31.584570 38.681711
10.029278 -0.538275 5.389885
10.029278 33.443725 5.389885
0.134229 23.397457 10.584543
34.116229 23.397457 10.584543
15.277288 23.252353 11.681313
14.593570 23.408501 12.291289
16.452725 23.952722 11.601115
10.584543 23.397457 0.134229
10.584543 23.397457 34.116229
11.681313 23.252353 15.277288
12.291289 23.408501 14.593570
11.601115 23.952722 16.452725
12.743250 25.486500 0.000000
12.743250 25.486500 33.982000
6.406457 23.397457 16.856771
6.261353 22.300687 1.713712
6.261353 22.300688 35.695712
6.417501 21.690711 2.397430
6.417501 21.690711 36.379430
6.900045 23.891045 15.538270
7.793772 24.224069 15.635118
6.894948 23.168928 14.904505
6.327448 24.594472 15.225635
6.961722 22.380885 0.538275
6.961722 22.380885 34.520275
8.495500 21.238750 0.000000
8.495500 21.238750 33.982000
6.406457 27.575543 0.134229
6.406457 27.575543 34.116229
5.309688 27.720647 15.277288
4.699711 27.564499 14.593570
38.681711 27.564499 14.593570
5.389885 27.020278 16.452725
4.247750 25.486500 0.000000
4.247750 25.486500 33.982000
38.229750 25.486500 0.000000
38.229750 25.486500 33.982000
10.584543 27.575543 16.856771
10.729647 28.672313 1.713712
10.729647 28.672313 35.695712
10.573499 -4.699711 2.397430
10.573499 -4.699711 36.379430
10.573499 29.282289 2.397430
10.573499 29.282289 36.379430
10.029278 28.592115 0.538275
10.029278 28.592115 34.520275
8.495500 -4.247750 0.000000
8.495500 -4.247750 33.982000
8.495500 29.734250 0.000000
8.495500 29.734250 33.982000
11.681313 27.720647 1.713712
11.681313 27.720647 35.695712
12.291289 27.564499 2.397430
12.291289 27.564499 36.379430
11.601115 27.020278 0.538275
11.601115 27.020278 34.520275
10.729647 22.300687 15.277288
10.573499 21.690711 14.593570
10.029278 22.380885 16.452725
5.309688 23.252353 1.713712
5.309688 23.252353 35.695712
4.699711 23.408501 2.397430
4.699711 23.408501 36.379430
38.681711 23.408501 2.397430
38.681711 23.408501 36.379430
5.389885 23.952722 0.538275
5.389885 23.952722 34.520275
6.261353 28.672313 15.277288
6.417501 -4.699711 14.593570
6.417501 29.282289 14.593570
6.961722 28.592115 16.452725
15.277288 28.672313 6.261353
14.593570 -4.699711 6.417501
14.593570 29.282289 6.417501
16.452725 28.592115 6.961722
0.000000 -4.247750 8.495500
0.000000 29.734250 8.495500
33.982000 -4.247750 8.495500
33.982000 29.734250 8.495500
15.277288 22.300687 10.729647
14.593570 21.690711 10.573499
16.452725 22.380885 10.029278
0.000000 21.238750 8.495500
33.982000 21.238750 8.495500
5.309688 18.704712 6.261353
4.699711 19.388430 6.417501
38.681711 19.388430 6.417501
5.389885 17.529275 6.961722
4.247750 16.991000 8.495500
38.229750 16.991000 8.495500
1.713712 28.672313 10.729647
35.695712 28.672313 10.729647
2.397430 -4.699711 10.573499
2.397430 29.282289 10.573499
36.379430 -4.699711 10.573499
36.379430 29.282289 10.573499
0.538275 28.592115 10.029278
34.520275 28.592115 10.029278
11.681313 -1.713712 6.261353
11.681313 32.268288 6.261353
12.291289 -2.397430 6.417501
12.291289 31.584570 6.417501
11.601115 -0.538275 6.961722
11.601115 33.443725 6.961722
12.743250 16.991000 8.495500
1.713712 22.300687 6.261353
35.695712 22.300687 6.261353
2.397430 21.690711 6.417501
36.379430 21.690711 6.417501
0.538275 22.380885 6.961722
34.520275 22.380885 6.961722
5.309688 -1.713712 10.729647
5.309688 32.268288 10.729647
4.699711 -2.397430 10.573499
4.699711 31.584570 10.573499
38.681711 -2.397430 10.573499
38.681711 31.584570 10.573499
5.389885 -0.538275 10.029278
5.389885 33.443725 10.029278
11.681313 18.704712 10.729647
12.291289 19.388430 10.573499
11.601115 17.529275 10.029278
14.901957 25.620729 2.089043
14.901957 25.620729 36.071043
14.756853 23.772788 3.185812
14.756853 23.772788 37.167812
14.913001 23.089070 3.795789
14.913001 23.089070 37.777789
15.457222 24.948225 3.105615
15.457222 24.948225 37.087615
8.629729 19.080043 14.901957
6.781788 19.225147 13.805187
6.098070 19.068999 13.195211
9.948230 18.586455 15.395545
7.957225 18.524778 13.885385
2.089043 25.352271 2.089043
2.089043 25.352271 36.071043
36.071043 25.352271 2.089043
36.071043 25.352271 36.071043
2.234147 27.200212 3.185812
2.234147 27.200212 37.167812
36.216147 27.200212 3.185812
36.216147 27.200212 37.167812
2.077999 27.883930 3.795789
2.077999 27.883930 37.777789
36.059999 27.883930 3.795789
36.059999 27.883930 37.777789
1.533778 26.024775 3.105615
1.533778 26.024775 37.087615
35.515778 26.024775 3.105615
35.515778 26.024775 37.087615
8.361271 -2.089043 14.901957
8.361271 31.892957 14.901957
10.209212 -2.234147 13.805187
10.209212 31.747853 13.805187
10.892930 -2.077999 13.195211
10.892930 31.904001 13.195211
7.042770 -1.595455 15.395545
7.042770 32.386545 15.395545
7.139618 -0.701728 15.728569
7.139618 33.280272 15.728569
6.409005 -1.600552 14.673428
6.409005 32.381448 14.673428
6.730135 -2.168052 16.098972
6.730135 31.813948 16.098972
9.033775 -1.533778 13.885385
9.033775 32.448222 13.885385
14.901957 25.352271 14.901957
14.756853 27.200212 13.805187
14.913001 27.883930 13.195211
15.395545 24.033769 15.395545
16.289272 24.130618 15.728569
15.390448 23.400005 14.673428
14.822948 23.721135 16.098972
15.457222 26.024775 13.885385
8.361271 19.080043 2.089043
8.361271 19.080043 36.071043
10.209212 19.225147 3.185812
10.209212 19.225147 37.167812
10.892930 19.068999 3.795789
10.892930 19.068999 37.777789
7.042770 18.586455 1.595455
7.042770 18.586455 35.577455
9.033775 18.524778 3.105615
9.033775 18.524778 37.087615
2.089043 25.620729 14.901957
36.071043 25.620729 14.901957
2.234147 23.772788 13.805187
36.216147 23.772788 13.805187
2.077999 23.089070 13.195211
36.059999 23.089070 13.195211
1.533778 24.948225 13.885385
35.515778 24.948225 13.885385
8.629729 -2.089043 2.089043
8.629729 -2.089043 36.071043
8.629729 31.892957 2.089043
8.629729 31.892957 36.071043
6.781788 -2.234147 3.185812
6.781788 -2.234147 37.167812
6.781788 31.747853 3.185812
6.781788 31.747853 37.167812
6.098070 -2.077999 3.795789
6.098070 -2.077999 37.777789
6.098070 31.904001 3.795789
6.098070 31.904001 37.777789
7.957225 -1.533778 3.105615
7.957225 -1.533778 37.087615
7.957225 32.448222 3.105615
7.957225 32.448222 37.087615
2.089043 -2.089043 8.629729
2.089043 31.892957 8.629729
36.071043 -2.089043 8.629729
36.071043 31.892957 8.629729
3.185812 -2.234147 6.781788
3.185813 31.747853 6.781788
37.167812 -2.234147 6.781788
37.167812 31.747853 6.781788
3.795789 -2.077999 6.098070
3.795789 31.904001 6.098070
37.777789 -2.077999 6.098070
37.777789 31.904001 6.098070
3.105615 -1.533778 7.957225
3.105615 32.448222 7.957225
37.087615 -1.533778 7.957225
37.087615 32.448222 7.957225
14.901957 -2.089043 8.361271
14.901957 31.892957 8.361271
14.756853 -3.185813 10.209212
14.756853 30.796187 10.209212
14.913001 -3.795789 10.892930
14.913001 30.186211 10.892930
15.457222 -3.105615 9.033775
15.457222 30.876385 9.033775
14.901957 19.080043 8.629729
13.805187 19.225147 6.781788
13.195211 19.068999 6.098070
15.395545 18.586455 9.948230
13.885385 18.524778 7.957225
2.089043 19.080043 8.361271
36.071043 19.080043 8.361271
2.234147 20.176813 10.209212
36.216147 20.176813 10.209212
2.077999 20.786789 10.892930
36.059999 20.786789 10.892930
1.533778 20.096615 9.033775
35.515778 20.096615 9.033775
3.185813 19.225147 10.209212
37.167812 19.225147 10.209212
3.795789 19.068999 10.892930
37.777789 19.068999 10.892930
3.105615 18.524778 9.033775
37.087615 18.524778 9.033775
2.234147 -3.185813 6.781788
2.234147 30.796187 6.781788
36.216147 -3.185813 6.781788
36.216147 30.796187 6.781788
2.077999 -3.795789 6.098070
2.077999 30.186211 6.098070
36.059999 -3.795789 6.098070
36.059999 30.186211 6.098070
1.533778 -3.105615 7.957225
1.533778 30.876385 7.957225
35.515778 -3.105615 7.957225
35.515778 30.876385 7.957225
13.805187 -2.234147 10.209212
13.805187 31.747853 10.209212
13.195211 -2.077999 10.892930
13.195211 31.904001 10.892930
13.885385 -1.533778 9.033775
13.885385 32.448222 9.033775
14.756853 20.176813 6.781788
14.913001 20.786789 6.098070
16.289272 18.253431 9.851382
15.390448 19.308572 10.581995
14.822948 17.883028 10.260865
15.457222 20.096615 7.957225
6.781788 20.176813 14.756853
6.098070 20.786789 14.913001
9.851382 18.253431 16.289272
10.581995 19.308572 15.390448
10.260865 17.883028 14.822948
7.957225 20.096615 15.457222
6.781788 -3.185813 2.234147
6.781788 -3.185813 36.216147
6.781788 30.796187 2.234147
6.781788 30.796187 36.216147
6.098070 -3.795789 2.077999
6.098070 -3.795789 36.059999
6.098070 30.186211 2.077999
6.098070 30.186211 36.059999
7.957225 -3.105615 1.533778
7.957225 -3.105615 35.515778
7.957225 30.876385 1.533778
7.957225 30.876385 35.515778
13.805187 27.200212 14.756853
13.195211 27.883930 14.913001
13.885385 26.024775 15.457222
10.209212 20.176813 2.234147
10.209212 20.176813 36.216147
10.892930 20.786789 2.077999
10.892930 20.786789 36.059999
7.139618 18.253431 0.701728
7.139618 18.253431 34.683728
6.409005 19.308572 1.600552
6.409005 19.308572 35.582552
6.730135 17.883028 2.168052
6.730135 17.883028 36.150052
9.033775 20.096615 1.533778
9.033775 20.096615 35.515778
3.185813 23.772788 14.756853
37.167812 23.772788 14.756853
3.795789 23.089070 14.913001
37.777789 23.089070 14.913001
3.105615 24.948225 15.457222
37.087615 24.948225 15.457222
10.209212 -3.185813 14.756853
10.209212 30.796187 14.756853
10.892930 -3.795789 14.913001
10.892930 30.186211 14.913001
9.033775 -3.105615 15.457222
9.033775 30.876385 15.457222
13.805187 23.772788 2.234147
13.805187 23.772788 36.216147
13.195211 23.089070 2.077999
13.195211 23.089070 36.059999
13.885385 24.948225 1.533778
13.885385 24.948225 35.515778
3.185813 27.200212 2.234147
3.185813 27.200212 36.216147
37.167812 27.200212 2.234147
37.167812 27.200212 36.216147
3.795789 27.883930 2.077999
3.795789 27.883930 36.059999
37.777789 27.883930 2.077999
37.777789 27.883930 36.059999
3.105615 26.024775 1.533778
3.105615 26.024775 35.515778
37.087615 26.024775 1.533778
37.087615 26.024775 35.515778
15.557607 23.883806 6.892806
14.648088 23.096165 7.094625
15.388908 25.075085 7.094625
10.098194 -1.433393 10.098194
10.098194 32.548607 10.098194
10.885835 -2.342912 9.896375
10.885835 31.639088 9.896375
8.906915 -1.602092 9.896375
8.906915 32.379908 9.896375
1.602694 18.593694 7.062107
35.584694 18.593694 7.062107
2.147948 17.644803 6.522998
36.129948 17.644803 6.522998
0.653803 19.138948 6.522998
34.635803 19.138948 6.522998
6.892806 -1.433393 6.892806
6.892806 32.548607 6.892806
8.084085 -1.602092 7.094625
8.084085 32.379908 7.094625
6.105165 -2.342912 7.094625
6.105165 31.639088 7.094625
10.098194 18.424393 6.892806
8.906915 18.593092 7.094625
10.885835 19.333912 7.094625
1.433393 23.883806 10.098194
35.415393 23.883806 10.098194
1.602092 25.075085 9.896375
35.584092 25.075085 9.896375
2.342912 23.096165 9.896375
36.324912 23.096165 9.896375
9.928893 -1.602694 1.602694
9.928893 -1.602694 35.584694
9.928893 32.379306 1.602694
9.928893 32.379306 35.584694
10.097592 -0.411415 1.400875
10.097592 -0.411415 35.382875
10.097592 33.570585 1.400875
10.097592 33.570585 35.382875
10.838412 -2.390335 1.400875
10.838412 -2.390335 35.382875
10.838412 31.591665 1.400875
10.838412 31.591665 35.382875
15.388306 26.919893 1.602694
15.388306 26.919893 35.584694
14.600665 27.829412 1.400875
14.600665 27.829412 35.382875
16.579585 27.088592 1.400875
16.579585 27.088592 35.382875
1.602694 -1.602694 9.928893
1.602694 32.379306 9.928893
35.584694 -1.602694 9.928893
35.584694 32.379306 9.928893
0.653803 -2.147948 10.468002
0.653803 31.834052 10.468002
34.635803 -2.147948 10.468002
34.635803 31.834052 10.468002
2.147948 -0.653803 10.468002
2.147948 33.328197 10.468002
36.129948 -0.653803 10.468002
36.129948 33.328197 10.468002
1.602694 24.053107 1.602694
1.602694 24.053107 35.584694
35.584694 24.053107 1.602694
35.584694 24.053107 35.584694
2.390335 23.143588 1.400875
2.390335 23.143588 35.382875
36.372335 23.143588 1.400875
36.372335 23.143588 35.382875
0.411415 23.884408 1.400875
0.411415 23.884408 35.382875
34.393415 23.884408 1.400875
34.393415 23.884408 35.382875
10.098194 23.883806 1.433393
10.098194 23.883806 35.415393
9.149303 23.338552 1.972502
9.149303 23.338552 35.954502
10.643448 24.832697 1.972502
10.643448 24.832697 35.954502
1.433393 27.089194 6.892806
35.415393 27.089194 6.892806
2.342912 27.876835 7.094625
36.324912 27.876835 7.094625
1.602092 25.897915 7.094625
35.584092 25.897915 7.094625
1.602694 26.919893 15.388306
35.584694 26.919893 15.388306
0.411415 27.088592 15.590125
34.393415 27.088592 15.590125
2.390335 27.829412 15.590125
36.372335 27.829412 15.590125
15.557607 27.089194 10.098194
15.388908 25.897915 9.896375
14.648088 27.876835 9.896375
6.892806 18.424393 10.098194
6.105165 19.333912 9.896375
8.084085 18.593092 9.896375
10.098194 27.089194 15.557607
10.643448 26.140303 15.018498
9.149303 27.634448 15.018498
6.892806 27.089194 1.433393
6.892806 27.089194 35.415393
7.841697 27.634448 1.972502
7.841697 27.634448 35.954502
6.347552 26.140303 1.972502
6.347552 26.140303 35.954502
15.388306 -1.602694 7.062107
15.388306 32.379306 7.062107
14.843052 -0.653803 6.522998
14.843052 33.328197 6.522998
16.337197 -2.147948 6.522998
16.337197 31.834052 6.522998
6.406457 17.125229 27.575543
6.261353 -1.713712 28.672313
6.261353 32.268288 28.672313
6.417501 -2.397430 -4.699711
6.417501 -2.397430 29.282289
6.417501 31.584570 -4.699711
6.417501 31.584570 29.282289
6.961722 -0.538275 28.592115
6.961722 33.443725 28.592115
8.495500 16.991000 -4.247750
8.495500 16.991000 29.734250
0.134229 27.575543 23.397457
34.116229 27.575543 23.397457
15.277288 27.720647 22.300687
14.593570 27.564499 21.690711
16.452725 27.020278 22.380885
0.000000 25.486500 21.238750
33.982000 25.486500 21.238750
10.584543 -0.134229 27.575543
10.584543 33.847771 27.575543
10.729647 18.704712 28.672313
10.573499 19.388430 -4.699711
10.573499 19.388430 29.282289
10.029278 17.529275 28.592115
16.856771 23.397457 23.397457
1.713712 23.252353 22.300687
35.695712 23.252353 22.300687
2.397430 23.408501 21.690711
36.379430 23.408501 21.690711
0.538275 23.952722 22.380885
34.520275 23.952722 22.380885
6.406457 -0.134229 23.397457
6.406457 33.847771 23.397457
6.261353 18.704712 22.300687
6.417501 19.388430 21.690711
6.961722 17.529275 22.380885
8.495500 16.991000 21.238750
16.856771 27.575543 27.575543
1.713712 27.720647 28.672313
35.695712 27.720647 28.672313
2.397430 27.564499 -4.699711
2.397430 27.564499 29.282289
36.379430 27.564499 -4.699711
36.379430 27.564499 29.282289
0.538275 27.020278 28.592115
34.520275 27.020278 28.592115
0.000000 25.486500 -4.247750
0.000000 25.486500 29.734250
33.982000 25.486500 -4.247750
33.982000 25.486500 29.734250
10.584543 17.125229 23.397457
10.729647 -1.713712 22.300687
10.729647 32.268288 22.300687
10.573499 -2.397430 21.690711
10.573499 31.584570 21.690711
10.029278 -0.538275 22.380885
10.029278 33.443725 22.380885
0.134229 23.397457 27.575543
34.116229 23.397457 27.575543
15.277288 23.252353 28.672313
14.593570 23.408501 -4.699711
14.593570 23.408501 29.282289
16.452725 23.952722 28.592115
10.584543 23.397457 17.125229
11.681313 23.252353 -1.713712
11.681313 23.252353 32.268288
12.291289 23.408501 -2.397430
12.291289 23.408501 31.584570
11.601115 23.952722 -0.538275
11.601115 23.952722 33.443725
12.743250 25.486500 16.991000
6.406457 23.397457 -0.134229
6.406457 23.397457 33.847771
6.261353 22.300687 18.704712
6.417501 21.690711 19.388430
6.900045 23.891045 -1.452731
6.900045 23.891045 32.529269
7.793772 24.224069 -1.355882
7.793772 24.224069 32.626118
6.894948 23.168928 -2.086495
6.894948 23.168928 31.895505
6.327448 24.594472 -1.765365
6.327448 24.594472 32.216635
6.961722 22.380885 17.529275
8.495500 21.238750 16.991000
6.406457 27.575543 17.125229
5.309688 27.720647 -1.713712
5.309688 27.720647 32.268288
4.699711 27.564499 -2.397430
4.699711 27.564499 31.584570
38.681711 27.564499 -2.397430
38.681711 27.564499 31.584570
5.389885 27.020278 -0.538275
5.389885 27.020278 33.443725
4.247750 25.486500 16.991000
38.229750 25.486500 16.991000
10.584543 27.575543 -0.134229
10.584543 27.575543 33.847771
10.729647 28.672313 18.704712
10.573499 -4.699711 19.388430
10.573499 29.282289 19.388430
10.029278 28.592115 17.529275
8.495500 -4.247750 16.991000
8.495500 29.734250 16.991000
11.681313 27.720647 18.704712
12.291289 27.564499 19.388430
11.601115 27.020278 17.529275
10.729647 22.300687 -1.713712
10.729647 22.300687 32.268288
10.573499 21.690711 -2.397430
10.573499 21.690711 31.584570
10.029278 22.380885 -0.538275
10.029278 22.380885 33.443725
5.309688 23.252353 18.704712
4.699711 23.408501 19.388430
38.681711 23.408501 19.388430
5.389885 23.952722 17.529275
6.261353 28.672313 -1.713712
6.261353 28.672313 32.268288
6.417501 -4.699711 -2.397430
6.417501 -4.699711 31.584570
6.417501 29.282289 -2.397430
6.417501 29.282289 31.584570
6.961722 28.592115 -0.538275
6.961722 28.592115 33.443725
15.277288 28.672313 23.252353
14.593570 -4.699711 23.408501
14.593570 29.282289 23.408501
16.452725 28.592115 23.952722
0.000000 -4.247750 25.486500
0.000000 29.734250 25.486500
33.982000 -4.247750 25.486500
33.982000 29.734250 25.486500
15.277288 22.300687 27.720647
14.593570 21.690711 27.564499
16.452725 22.380885 27.020278
0.000000 21.238750 25.486500
33.982000 21.238750 25.486500
5.309688 18.704712 23.252353
4.699711 19.388430 23.408501
38.681711 19.388430 23.408501
5.389885 17.529275 23.952722
4.247750 16.991000 25.486500
38.229750 16.991000 25.486500
1.713712 28.672313 27.720647
35.695712 28.672313 27.720647
2.397430 -4.699711 27.564499
2.397430 29.282289 27.564499
36.379430 -4.699711 27.564499
36.379430 29.282289 27.564499
0.538275 28.592115 27.020278
34.520275 28.592115 27.020278
11.681313 -1.713712 23.252353
11.681313 32.268288 23.252353
12.291289 -2.397430 23.408501
12.291289 31.584570 23.408501
11.601115 -0.538275 23.952722
11.601115 33.443725 23.952722
12.743250 16.991000 25.486500
1.713712 22.300687 23.252353
35.695712 22.300687 23.252353
2.397430 21.690711 23.408501
36.379430 21.690711 23.408501
0.538275 22.380885 23.952722
34.520275 22.380885 23.952722
5.309688 -1.713712 27.720647
5.309688 32.268288 27.720647
4.699711 -2.397430 27.564499
4.699711 31.584570 27.564499
38.681711 -2.397430 27.564499
38.681711 31.584570 27.564499
5.389885 -0.538275 27.020278
5.389885 33.443725 27.020278
11.681313 18.704712 27.720647
12.291289 19.388430 27.564499
11.601115 17.529275 27.020278
14.901957 25.620729 19.080043
14.756853 23.772788 20.176813
14.913001 23.089070 20.786789
15.457222 24.948225 20.096615
8.629729 19.080043 -2.089043
8.629729 19.080043 31.892957
6.781788 19.225147 -3.185813
6.781788 19.225147 30.796187
6.098070 19.068999 -3.795789
6.098070 19.068999 30.186211
9.948230 18.586455 -1.595455
9.948230 18.586455 32.386545
7.957225 18.524778 -3.105615
7.957225 18.524778 30.876385
2.089043 25.352271 19.080043
36.071043 25.352271 19.080043
2.234147 27.200212 20.176813
36.216147 27.200212 20.176813
2.077999 27.883930 20.786789
36.059999 27.883930 20.786789
1.533778 26.024775 20.096615
35.515778 26.024775 20.096615
8.361271 -2.089043 -2.089043
8.361271 -2.089043 31.892957
8.361271 31.892957 -2.089043
8.361271 31.892957 31.892957
10.209212 -2.234147 -3.185813
10.209212 -2.234147 30.796187
10.209212 31.747853 -3.185813
10.209212 31.747853 30.796187
10.892930 -2.077999 -3.795789
10.892930 -2.077999 30.186211
10.892930 31.904001 -3.795789
10.892930 31.904001 30.186211
7.042769 -1.595455 -1.595455
7.042770 -1.595455 32.386545
7.042770 32.386545 -1.595455
7.042770 32.386545 32.386545
7.139618 -0.701728 -1.262431
7.139618 -0.701728 32.719569
7.139618 33.280272 -1.262431
7.139618 33.280272 32.719569
6.409005 -1.600552 -2.317572
6.409005 -1.600552 31.664428
6.409005 32.381448 -2.317572
6.409005 32.381448 31.664428
6.730135 -2.168052 -0.892028
6.730135 -2.168052 33.089972
6.730135 31.813948 -0.892028
6.730135 31.813948 33.089972
9.033775 -1.533778 -3.105615
9.033775 -1.533778 30.876385
9.033775 32.448222 -3.105615
9.033775 32.448222 30.876385
14.901957 25.352271 -2.089043
14.901957 25.352271 31.892957
14.756853 27.200212 -3.185813
14.756853 27.200212 30.796187
14.913001 27.883930 -3.795789
14.913001 27.883930 30.186211
15.395545 24.033769 -1.595455
15.395545 24.033770 32.386545
16.289272 24.130618 -1.262431
16.289272 24.130618 32.719569
15.390448 23.400005 -2.317572
15.390448 23.400005 31.664428
14.822948 23.721135 -0.892028
14.822948 23.721135 33.089972
15.457222 26.024775 -3.105615
15.457222 26.024775 30.876385
8.361271 19.080043 19.080043
10.209212 19.225147 20.176813
10.892930 19.068999 20.786789
7.042770 18.586455 18.586455
9.033775 18.524778 20.096615
2.089043 25.620729 -2.089043
2.089043 25.620729 31.892957
36.071043 25.620729 -2.089043
36.071043 25.620729 31.892957
2.234147 23.772788 -3.185813
2.234147 23.772788 30.796187
36.216147 23.772788 -3.185813
36.216147 23.772788 30.796187
2.077999 23.089070 -3.795789
2.077999 23.089070 30.186211
36.059999 23.089070 -3.795789
36.059999 23.089070 30.186211
1.533778 24.948225 -3.105615
1.533778 24.948225 30.876385
35.515778 24.948225 -3.105615
35.515778 24.948225 30.876385
8.629729 -2.089043 19.080043
8.629729 31.892957 19.080043
6.781788 -2.234147 20.176813
6.781788 31.747853 20.176813
6.098070 -2.077999 20.786789
6.098070 31.904001 20.786789
7.957225 -1.533778 20.096615
7.957225 32.448222 20.096615
2.089043 -2.089043 25.620729
2.089043 31.892957 25.620729
36.071043 -2.089043 25.620729
36.071043 31.892957 25.620729
3.185813 -2.234147 23.772788
3.185813 31.747853 23.772788
37.167812 -2.234147 23.772788
37.167812 31.747853 23.772788
3.795789 -2.077999 23.089070
3.795789 31.904001 23.089070
37.777789 -2.077999 23.089070
37.777789 31.904001 23.089070
3.105615 -1.533778 24.948225
3.105615 32.448222 24.948225
37.087615 -1.533778 24.948225
37.087615 32.448222 24.948225
14.901957 -2.089043 25.352271
14.901957 31.892957 25.352271
14.756853 -3.185813 27.200212
14.756853 30.796187 27.200212
14.913001 -3.795789 27.883930
14.913001 30.186211 27.883930
15.457222 -3.105615 26.024775
15.457222 30.876385 26.024775
14.901957 19.080043 25.620729
13.805187 19.225147 23.772788
13.195211 19.068999 23.089070
15.395545 18.586455 26.939230
13.885385 18.524778 24.948225
2.089043 19.080043 25.352271
36.071043 19.080043 25.352271
2.234147 20.176813 27.200212
36.216147 20.176813 27.200212
2.077999 20.786789 27.883930
36.059999 20.786789 27.883930
1.533778 20.096615 26.024775
35.515778 20.096615 26.024775
3.185813 19.225147 27.200212
37.167812 19.225147 27.200212
3.795789 19.068999 27.883930
37.777789 19.068999 27.883930
3.105615 18.524778 26.024775
37.087615 18.524778 26.024775
2.234147 -3.185813 23.772788
2.234147 30.796187 23.772788
36.216147 -3.185813 23.772788
36.216147 30.796187 23.772788
2.077999 -3.795789 23.089070
2.077999 30.186211 23.089070
36.059999 -3.795789 23.089070
36.059999 30.186211 23.089070
1.533778 -3.105615 24.948225
1.533778 30.876385 24.948225
35.515778 -3.105615 24.948225
35.515778 30.876385 24.948225
13.805187 -2.234147 27.200212
13.805187 31.747853 27.200212
13.195211 -2.077999 27.883930
13.195211 31.904001 27.883930
13.885385 -1.533778 26.024775
13.885385 32.448222 26.024775
14.756853 20.176813 23.772788
14.913001 20.786789 23.089070
16.289272 18.253431 26.842382
15.390448 19.308572 27.572995
14.822948 17.883028 27.251865
15.457222 20.096615 24.948225
6.781788 20.176813 -2.234147
6.781788 20.176813 31.747853
6.098070 20.786789 -2.077999
6.098070 20.786789 31.904001
9.851382 18.253431 -0.701728
9.851382 18.253431 33.280272
10.581995 19.308572 -1.600552
10.581995 19.308572 32.381448
10.260865 17.883028 -2.168052
10.260865 17.883028 31.813948
7.957225 20.096615 -1.533778
7.957225 20.096615 32.448222
6.781788 -3.185813 19.225147
6.781788 30.796187 19.225147
6.098070 -3.795789 19.068999
6.098070 30.186211 19.068999
7.957225 -3.105615 18.524778
7.957225 30.876385 18.524778
13.805187 27.200212 -2.234147
13.805187 27.200212 31.747853
13.195211 27.883930 -2.077999
13.195211 27.883930 31.904001
13.885385 26.024775 -1.533778
13.885385 26.024775 32.448222
10.209212 20.176813 19.225147
10.892930 20.786789 19.068999
7.139618 18.253431 17.692728
6.409005 19.308572 18.591552
6.730135 17.883028 19.159052
9.033775 20.096615 18.524778
3.185813 23.772788 -2.234147
3.185813 23.772788 31.747853
37.167812 23.772788 -2.234147
37.167812 23.772788 31.747853
3.795789 23.089070 -2.077999
3.795789 23.089070 31.904001
37.777789 23.089070 -2.077999
37.777789 23.089070 31.904001
3.105615 24.948225 -1.533778
3.105615 24.948225 32.448222
37.087615 24.948225 -1.533778
37.087615 24.948225 32.448222
10.209212 -3.185813 -2.234147
10.209212 -3.185813 31.747853
10.209212 30.796187 -2.234147
10.209212 30.796187 31.747853
10.892930 -3.795789 -2.077999
10.892930 -3.795789 31.904001
10.892930 30.186211 -2.077999
10.892930 30.186211 31.904001
9.033775 -3.105615 -1.533778
9.033775 -3.105615 32.448222
9.033775 30.876385 -1.533778
9.033775 30.876385 32.448222
13.805187 23.772788 19.225147
13.195211 23.089070 19.068999
13.885385 24.948225 18.524778
3.185813 27.200212 19.225147
37.167812 27.200212 19.225147
3.795789 27.883930 19.068999
37.777789 27.883930 19.068999
3.105615 26.024775 18.524778
37.087615 26.024775 18.524778
15.557607 23.883806 23.883806
14.648088 23.096165 24.085625
15.388908 25.075085 24.085625
10.098194 -1.433393 27.089194
10.098194 32.548607 27.089194
10.885835 -2.342912 26.887375
10.885835 31.639088 26.887375
8.906915 -1.602092 26.887375
8.906915 32.379908 26.887375
1.602694 18.593694 24.053107
35.584694 18.593694 24.053107
2.147948 17.644803 23.513998
36.129948 17.644803 23.513998
0.653803 19.138948 23.513998
34.635803 19.138948 23.513998
6.892806 -1.433393 23.883806
6.892806 32.548607 23.883806
8.084085 -1.602092 24.085625
8.084085 32.379908 24.085625
6.105165 -2.342912 24.085625
6.105165 31.639088 24.085625
10.098194 18.424393 23.883806
8.906915 18.593092 24.085625
10.885835 19.333912 24.085625
1.433393 23.883806 27.089194
35.415393 23.883806 27.089194
1.602092 25.075085 26.887375
35.584092 25.075085 26.887375
2.342912 23.096165 26.887375
36.324912 23.096165 26.887375
9.928893 -1.602694 18.593694
9.928893 32.379306 18.593694
10.097592 -0.411415 18.391875
10.097592 33.570585 18.391875
10.838412 -2.390335 18.391875
10.838412 31.591665 18.391875
15.388306 26.919893 18.593694
14.600665 27.829412 18.391875
16.579585 27.088592 18.391875
1.602694 -1.602694 26.919893
1.602694 32.379306 26.919893
35.584694 -1.602694 26.919893
35.584694 32.379306 26.919893
0.653803 -2.147948 27.459002
0.653803 31.834052 27.459002
34.635803 -2.147948 27.459002
34.635803 31.834052 27.459002
2.147948 -0.653803 27.459002
2.147948 33.328197 27.459002
36.129948 -0.653803 27.459002
36.129948 33.328197 27.459002
1.602694 24.053107 18.593694
35.584694 24.053107 18.593694
2.390335 23.143588 18.391875
36.372335 23.143588 18.391875
0.411415 23.884408 18.391875
34.393415 23.884408 18.391875
10.098194 23.883806 18.424393
9.149303 23.338552 18.963502
10.643448 24.832697 18.963502
1.433393 27.089194 23.883806
35.415393 27.089194 23.883806
2.342912 27.876835 24.085625
36.324912 27.876835 24.085625
1.602092 25.897915 24.085625
35.584092 25.897915 24.085625
1.602694 26.919893 -1.602694
1.602694 26.919893 32.379306
35.584694 26.919893 -1.602694
35.584694 26.919893 32.379306
0.411415 27.088592 -1.400875
0.411415 27.088592 32.581125
34.393415 27.088592 -1.400875
34.393415 27.088592 32.581125
2.390335 27.829412 -1.400875
2.390335 27.829412 32.581125
36.372335 27.829412 -1.400875
36.372335 27.829412 32.581125
15.557607 27.089194 27.089194
15.388908 25.897915 26.887375
14.648088 27.876835 26.887375
6.892806 18.424393 27.089194
6.105165 19.333912 26.887375
8.084085 18.593092 26.887375
10.098194 27.089194 -1.433393
10.098194 27.089194 32.548607
10.643448 26.140303 -1.972502
10.643448 26.140303 32.009498
9.149303 27.634448 -1.972502
9.149303 27.634448 32.009498
6.892806 27.089194 18.424393
7.841697 27.634448 18.963502
6.347552 26.140303 18.963502
15.388306 -1.602694 24.053107
15.388306 32.379306 24.053107
14.843052 -0.653803 23.513998
14.843052 33.328197 23.513998
16.337197 -2.147948 23.513998
16.337197 31.834052 23.513998
23.397457 0.134229 10.584543
23.397457 34.116229 10.584543
23.252353 15.277288 11.681313
23.408501 14.593570 12.291289
23.952722 16.452725 11.601115
25.486500 0.000000 12.743250
25.486500 33.982000 12.743250
17.125229 10.584543 6.406457
-1.713712 10.729647 5.309687
32.268288 10.729647 5.309687
-2.397430 10.573499 4.699711
-2.397430 10.573499 38.681711
31.584570 10.573499 4.699711
31.584570 10.573499 38.681711
-0.538275 10.029278 5.389885
33.443725 10.029278 5.389885
16.991000 8.495500 4.247750
16.991000 8.495500 38.229750
27.575543 16.856771 10.584543
27.720647 1.713712 11.681313
27.720647 35.695712 11.681313
27.564499 2.397430 12.291289
27.564499 36.379430 12.291289
27.020278 0.538275 11.601115
27.020278 34.520275 11.601115
-0.134229 6.406457 6.406457
33.847771 6.406457 6.406457
18.704712 6.261353 5.309687
19.388430 6.417501 4.699711
19.388430 6.417501 38.681711
17.529275 6.961722 5.389885
23.397457 16.856771 6.406457
23.252353 1.713712 5.309687
23.252353 35.695712 5.309687
23.408501 2.397430 4.699711
23.408501 2.397430 38.681711
23.408501 36.379430 4.699711
23.408501 36.379430 38.681711
23.952722 0.538275 5.389885
23.952722 34.520275 5.389885
25.486500 0.000000 4.247750
25.486500 0.000000 38.229750
25.486500 33.982000 4.247750
25.486500 33.982000 38.229750
-0.134229 10.584543 10.584543
33.847771 10.584543 10.584543
18.704712 10.729647 11.681313
19.388430 10.573499 12.291289
17.529275 10.029278 11.601115
16.991000 8.495500 12.743250
27.575543 0.134229 6.406457
27.575543 34.116229 6.406457
27.720647 15.277288 5.309687
27.564499 14.593570 4.699711
27.564499 14.593570 38.681711
27.020278 16.452725 5.389885
17.125229 6.406457 10.584543
-1.713712 6.261353 11.681313
32.268288 6.261353 11.681313
-2.397430 6.417501 12.291289
31.584570 6.417501 12.291289
-0.538275 6.961722 11.601115
33.443725 6.961722 11.601115
27.575543 6.406457 0.134229
27.575543 6.406457 34.116229
28.672313 6.261353 15.277288
-4.699711 6.417501 14.593570
29.282289 6.417501 14.593570
28.592115 6.961722 16.452725
-4.247750 8.495500 0.000000
-4.247750 8.495500 33.982000
29.734250 8.495500 0.000000
29.734250 8.495500 33.982000
23.397457 6.406457 16.856771
23.252353 5.309687 1.713712
23.252353 5.309688 35.695712
23.408501 4.699711 2.397430
23.408501 4.699711 36.379430
23.408501 38.681711 2.397430
23.408501 38.681711 36.379430
23.891045 6.900045 15.538270
24.784772 7.233069 15.635118
23.885948 6.177928 14.904505
23.318448 7.603472 15.225635
23.952722 5.389885 0.538275
23.952722 5.389885 34.520275
25.486500 4.247750 0.000000
25.486500 4.247750 33.982000
25.486500 38.229750 0.000000
25.486500 38.229750 33.982000
23.397457 10.584543 0.134229
23.397457 10.584543 34.116229
22.300687 10.729647 15.277288
21.690711 10.573499 14.593570
22.380885 10.029278 16.452725
21.238750 8.495500 0.000000
21.238750 8.495500 33.982000
27.575543 10.584543 16.856771
27.720647 11.681313 1.713712
27.720647 11.681313 35.695712
27.564499 12.291289 2.397430
27.564499 12.291289 36.379430
27.020278 11.601115 0.538275
27.020278 11.601115 34.520275
25.486500 12.743250 0.000000
25.486500 12.743250 33.982000
28.672313 10.729647 1.713712
28.672313 10.729647 35.695712
-4.699711 10.573499 2.397430
-4.699711 10.573499 36.379430
29.282289 10.573499 2.397430
29.282289 10.573499 36.379430
28.592115 10.029278 0.538275
28.592115 10.029278 34.520275
27.720647 5.309688 15.277288
27.564499 4.699711 14.593570
27.564499 38.681711 14.593570
27.020278 5.389885 16.452725
22.300687 6.261353 1.713712
22.300688 6.261353 35.695712
21.690711 6.417501 2.397430
21.690711 6.417501 36.379430
22.380885 6.961722 0.538275
22.380885 6.961722 34.520275
23.252353 11.681313 15.277288
23.408501 12.291289 14.593570
23.952722 11.601115 16.452725
-1.713712 11.681313 6.261353
32.268288 11.681313 6.261353
-2.397430 12.291289 6.417501
31.584570 12.291289 6.417501
-0.538275 11.601115 6.961722
33.443725 11.601115 6.961722
16.991000 12.743250 8.495500
-1.713712 5.309688 10.729647
32.268288 5.309688 10.729647
-2.397430 4.699711 10.573499
-2.397430 38.681711 10.573499
31.584570 4.699711 10.573499
31.584570 38.681711 10.573499
-0.538275 5.389885 10.029278
33.443725 5.389885 10.029278
16.991000 4.247750 8.495500
16.991000 38.229750 8.495500
22.300687 1.713712 6.261353
22.300688 35.695712 6.261353
21.690711 2.397430 6.417501
21.690711 36.379430 6.417501
22.380885 0.538275 6.961722
22.380885 34.520275 6.961722
21.238750 0.000000 8.495500
21.238750 33.982000 8.495500
18.704712 11.681313 10.729647
19.388430 12.291289 10.573499
17.529275 11.601115 10.029278
28.672313 15.277288 6.261353
-4.699711 14.593570 6.417501
29.282289 14.593570 6.417501
28.592115 16.452725 6.961722
-4.247750 0.000000 8.495500
-4.247750 33.982000 8.495500
29.734250 0.000000 8.495500
29.734250 33.982000 8.495500
18.704712 5.309687 6.261353
19.388430 4.699711 6.417501
19.388430 38.681711 6.417501
17.529275 5.389885 6.961722
22.300687 15.277288 10.729647
21.690711 14.593570 10.573499
22.380885 16.452725 10.029278
28.672313 1.713712 10.729647
28.672313 35.695712 10.729647
-4.699711 2.397430 10.573499
-4.699711 36.379430 10.573499
29.282289 2.397430 10.573499
29.282289 36.379430 10.573499
28.592115 0.538275 10.029278
28.592115 34.520275 10.029278
-2.089043 8.629729 2.089043
-2.089043 8.629729 36.071043
31.892957 8.629729 2.089043
31.892957 8.629729 36.071043
-2.234147 6.781788 3.185812
-2.234147 6.781788 37.167812
31.747853 6.781788 3.185812
31.747853 6.781788 37.167812
-2.077999 6.098070 3.795789
-2.077999 6.098070 37.777789
31.904001 6.098070 3.795789
31.904001 6.098070 37.777789
-1.533778 7.957225 3.105615
-1.533778 7.957225 37.087615
32.448222 7.957225 3.105615
32.448222 7.957225 37.087615
25.620729 2.089043 14.901957
25.620729 36.071043 14.901957
23.772788 2.234147 13.805187
23.772788 36.216147 13.805187
23.089070 2.077999 13.195211
23.089070 36.059999 13.195211
26.939230 1.595455 15.395545
26.939230 35.577455 15.395545
24.948225 1.533778 13.885385
24.948225 35.515778 13.885385
19.080043 8.361271 2.089043
19.080043 8.361271 36.071043
19.225147 10.209212 3.185812
19.225147 10.209212 37.167812
19.068999 10.892930 3.795789
19.068999 10.892930 37.777789
18.524778 9.033775 3.105615
18.524778 9.033775 37.087615
25.352271 14.901957 14.901957
27.200212 14.756853 13.805187
27.883930 14.913001 13.195211
24.033769 15.395545 15.395545
24.130618 16.289272 15.728569
23.400005 15.390448 14.673428
23.721135 14.822948 16.098972
26.024775 15.457222 13.885385
-2.089043 8.361271 14.901957
31.892957 8.361271 14.901957
-2.234147 10.209212 13.805187
31.747853 10.209212 13.805187
-2.077999 10.892930 13.195211
31.904001 10.892930 13.195211
-1.595455 7.042770 15.395545
32.386545 7.042770 15.395545
-0.701728 7.139618 15.728569
33.280272 7.139618 15.728569
-1.600552 6.409005 14.673428
32.381448 6.409005 14.673428
-2.168052 6.730135 16.098972
31.813948 6.730135 16.098972
-1.533778 9.033775 13.885385
32.448222 9.033775 13.885385
25.352271 2.089043 2.089043
25.352271 2.089043 36.071043
25.352271 36.071043 2.089043
25.352271 36.071043 36.071043
27.200212 2.234147 3.185812
27.200212 2.234147 37.167812
27.200212 36.216147 3.185812
27.200212 36.216147 37.167812
27.883930 2.077999 3.795789
27.883930 2.077999 37.777789
27.883930 36.059999 3.795789
27.883930 36.059999 37.777789
24.033769 1.595455 1.595455
24.033770 1.595455 35.577455
24.033770 35.577455 1.595455
24.033770 35.577455 35.577455
26.024775 1.533778 3.105615
26.024775 1.533778 37.087615
26.024775 35.515778 3.105615
26.024775 35.515778 37.087615
19.080043 8.629729 14.901957
19.225147 6.781788 13.805187
19.068999 6.098070 13.195211
18.524778 7.957225 13.885385
25.620729 14.901957 2.089043
25.620729 14.901957 36.071043
23.772788 14.756853 3.185812
23.772788 14.756853 37.167812
23.089070 14.913001 3.795789
23.089070 14.913001 37.777789
24.948225 15.457222 3.105615
24.948225 15.457222 37.087615
19.080043 14.901957 8.629729
20.176813 14.756853 6.781788
20.786789 14.913001 6.098070
20.096615 15.457222 7.957225
-2.089043 14.901957 8.361271
31.892957 14.901957 8.361271
-2.234147 13.805187 10.209212
31.747853 13.805187 10.209212
-2.077999 13.195211 10.892930
31.904001 13.195211 10.892930
-1.533778 13.885385 9.033775
32.448222 13.885385 9.033775
-2.089043 2.089043 8.629729
-2.089043 36.071043 8.629729
31.892957 2.089043 8.629729
31.892957 36.071043 8.629729
-3.185813 2.234147 6.781788
-3.185813 36.216147 6.781788
30.796187 2.234147 6.781788
30.796187 36.216147 6.781788
-3.795789 2.077999 6.098070
-3.795789 36.059999 6.098070
30.186211 2.077999 6.098070
30.186211 36.059999 6.098070
-1.595455 1.595455 9.948230
-1.595455 35.577455 9.948230
32.386545 1.595455 9.948230
32.386545 35.577455 9.948230
-3.105615 1.533778 7.957225
-3.105615 35.515778 7.957225
30.876385 1.533778 7.957225
30.876385 35.515778 7.957225
19.080043 2.089043 8.361271
19.080043 36.071043 8.361271
19.225147 3.185813 10.209212
19.225147 37.167812 10.209212
19.068999 3.795789 10.892930
19.068999 37.777789 10.892930
18.524778 3.105615 9.033775
18.524778 37.087615 9.033775
20.176813 2.234147 10.209212
20.176813 36.216147 10.209212
20.786789 2.077999 10.892930
20.786789 36.059999 10.892930
20.096615 1.533778 9.033775
20.096615 35.515778 9.033775
19.225147 13.805187 6.781788
19.068999 13.195211 6.098070
18.524778 13.885385 7.957225
-3.185813 14.756853 10.209212
30.796187 14.756853 10.209212
-3.795789 14.913001 10.892930
30.186211 14.913001 10.892930
-3.105615 15.457222 9.033775
30.876385 15.457222 9.033775
-2.234147 3.185813 6.781788
-2.234147 37.167812 6.781788
31.747853 3.185813 6.781788
31.747853 37.167812 6.781788
-2.077999 3.795789 6.098070
-2.077999 37.777789 6.098070
31.904001 3.795789 6.098070
31.904001 37.777789 6.098070
-0.701728 1.262431 9.851382
-0.701728 35.244431 9.851382
33.280272 1.262431 9.851382
33.280272 35.244431 9.851382
-1.600552 2.317572 10.581995
-1.600552 36.299572 10.581995
32.381448 2.317572 10.581995
32.381448 36.299572 10.581995
-2.168052 0.892028 10.260865
-2.168052 34.874028 10.260865
31.813948 0.892028 10.260865
31.813948 34.874028 10.260865
-1.533778 3.105615 7.957225
-1.533778 37.087615 7.957225
32.448222 3.105615 7.957225
32.448222 37.087615 7.957225
23.772788 3.185813 14.756853
23.772788 37.167812 14.756853
23.089070 3.795789 14.913001
23.089070 37.777789 14.913001
26.842382 1.262431 16.289272
26.842382 35.244431 16.289272
27.572995 2.317572 15.390448
27.572995 36.299572 15.390448
27.251865 0.892028 14.822948
27.251865 34.874028 14.822948
24.948225 3.105615 15.457222
24.948225 37.087615 15.457222
23.772788 13.805187 2.234147
23.772788 13.805187 36.216147
23.089070 13.195211 2.077999
23.089070 13.195211 36.059999
24.948225 13.885385 1.533778
24.948225 13.885385 35.515778
-3.185813 10.209212 14.756853
30.796187 10.209212 14.756853
-3.795789 10.892930 14.913001
30.186211 10.892930 14.913001
-3.105615 9.033775 15.457222
30.876385 9.033775 15.457222
27.200212 3.185812 2.234147
27.200212 3.185813 36.216147
27.200212 37.167812 2.234147
27.200212 37.167812 36.216147
27.883930 3.795789 2.077999
27.883930 3.795789 36.059999
27.883930 37.777789 2.077999
27.883930 37.777789 36.059999
24.130618 1.262431 0.701728
24.130618 1.262431 34.683728
24.130618 35.244431 0.701728
24.130618 35.244431 34.683728
23.400005 2.317572 1.600552
23.400005 2.317572 35.582552
23.400005 36.299572 1.600552
23.400005 36.299572 35.582552
23.721135 0.892028 2.168052
23.721135 0.892028 36.150052
23.721135 34.874028 2.168052
23.721135 34.874028 36.150052
26.024775 3.105615 1.533778
26.024775 3.105615 35.515778
26.024775 37.087615 1.533778
26.024775 37.087615 35.515778
20.176813 6.781788 14.756853
20.786789 6.098070 14.913001
20.096615 7.957225 15.457222
27.200212 13.805187 14.756853
27.883930 13.195211 14.913001
26.024775 13.885385 15.457222
-3.185813 6.781788 2.234147
-3.185813 6.781788 36.216147
30.796187 6.781788 2.234147
30.796187 6.781788 36.216147
-3.795789 6.098070 2.077999
-3.795789 6.098070 36.059999
30.186211 6.098070 2.077999
30.186211 6.098070 36.059999
-3.105615 7.957225 1.533778
-3.105615 7.957225 35.515778
30.876385 7.957225 1.533778
30.876385 7.957225 35.515778
20.176813 10.209212 2.234147
20.176813 10.209212 36.216147
20.786789 10.892930 2.077999
20.786789 10.892930 36.059999
20.096615 9.033775 1.533778
20.096615 9.033775 35.515778
-1.433393 6.892806 6.892806
32.548607 6.892806 6.892806
-2.342912 6.105165 7.094625
31.639088 6.105165 7.094625
-1.602092 8.084085 7.094625
32.379908 8.084085 7.094625
27.089194 15.557607 10.098194
27.876835 14.648088 9.896375
25.897915 15.388908 9.896375
18.593694 1.602694 7.062107
18.593694 35.584694 7.062107
19.138948 0.653803 6.522998
19.138948 34.635803 6.522998
17.644803 2.147948 6.522998
17.644803 36.129948 6.522998
23.883806 15.557607 6.892806
25.075085 15.388908 7.094625
23.096165 14.648088 7.094625
27.089194 1.433393 6.892806
27.089194 35.415393 6.892806
25.897915 1.602092 7.094625
25.897915 35.584092 7.094625
27.876835 2.342912 7.094625
27.876835 36.324912 7.094625
18.424393 6.892806 10.098194
18.593092 8.084085 9.896375
19.333912 6.105165 9.896375
26.919893 15.388306 1.602694
26.919893 15.388306 35.584694
27.088592 16.579585 1.400875
27.088592 16.579585 35.382875
27.829412 14.600665 1.400875
27.829412 14.600665 35.382875
-1.602694 9.928893 1.602694
-1.602694 9.928893 35.584694
32.379306 9.928893 1.602694
32.379306 9.928893 35.584694
-2.390335 10.838412 1.400875
-2.390335 10.838412 35.382875
31.591665 10.838412 1.400875
31.591665 10.838412 35.382875
-0.411415 10.097592 1.400875
-0.411415 10.097592 35.382875
33.570585 10.097592 1.400875
33.570585 10.097592 35.382875
18.593694 15.388306 9.928893
17.644803 14.843052 10.468002
19.138948 16.337197 10.468002
18.593694 7.062107 1.602694
18.593694 7.062107 35.584694
19.381335 6.152588 1.400875
19.381335 6.152588 35.382875
17.402415 6.893408 1.400875
17.402415 6.893408 35.382875
27.089194 6.892806 1.433393
27.089194 6.892806 35.415393
26.140303 6.347552 1.972502
26.140303 6.347552 35.954502
27.634448 7.841697 1.972502
27.634448 7.841697 35.954502
18.424393 10.098194 6.892806
19.333912 10.885835 7.094625
18.593092 8.906915 7.094625
18.593694 9.928893 15.388306
17.402415 10.097592 15.590125
19.381335 10.838412 15.590125
-1.433393 10.098194 10.098194
32.548607 10.098194 10.098194
-1.602092 8.906915 9.896375
32.379908 8.906915 9.896375
-2.342912 10.885835 9.896375
31.639088 10.885835 9.896375
23.883806 1.433393 10.098194
23.883806 35.415393 10.098194
23.096165 2.342912 9.896375
23.096165 36.324912 9.896375
25.075085 1.602092 9.896375
25.075085 35.584092 9.896375
27.089194 10.098194 15.557607
27.634448 9.149303 15.018498
26.140303 10.643448 15.018498
23.883806 10.098194 1.433393
23.883806 10.098194 35.415393
24.832697 10.643448 1.972502
24.832697 10.643448 35.954502
23.338552 9.149303 1.972502
23.338552 9.149303 35.954502
-1.602694 15.388306 7.062107
32.379306 15.388306 7.062107
-2.147948 16.337197 6.522998
31.834052 16.337197 6.522998
-0.653803 14.843052 6.522998
33.328197 14.843052 6.522998
23.397457 0.134229 27.575543
23.397457 34.116229 27.575543
23.252353 15.277288 28.672313
23.408501 14.593570 -4.699711
23.408501 14.593570 29.282289
23.952722 16.452725 28.592115
25.486500 -0.000000 -4.247750
25.486500 0.000000 29.734250
25.486500 33.982000 -4.247750
25.486500 33.982000 29.734250
17.125229 10.584543 23.397457
-1.713712 10.729647 22.300687
32.268288 10.729647 22.300687
-2.397430 10.573499 21.690711
31.584570 10.573499 21.690711
-0.538275 10.029278 22.380885
33.443725 10.029278 22.380885
16.991000 8.495500 21.238750
27.575543 16.856771 27.575543
27.720647 1.713712 28.672313
27.720647 35.695712 28.672313
27.564499 2.397430 -4.699711
27.564499 2.397430 29.282289
27.564499 36.379430 -4.699711
27.564499 36.379430 29.282289
27.020278 0.538275 28.592115
27.020278 34.520275 28.592115
-0.134229 6.406457 23.397457
33.847771 6.406457 23.397457
18.704712 6.261353 22.300687
19.388430 6.417501 21.690711
17.529275 6.961722 22.380885
23.397457 16.856771 23.397457
23.252353 1.713712 22.300687
23.252353 35.695712 22.300687
23.408501 2.397430 21.690711
23.408501 36.379430 21.690711
23.952722 0.538275 22.380885
23.952722 34.520275 22.380885
25.486500 0.000000 21.238750
25.486500 33.982000 21.238750
-0.134229 10.584543 27.575543
33.847771 10.584543 27.575543
18.704712 10.729647 28.672313
19.388430 10.573499 -4.699711
19.388430 10.573499 29.282289
17.529275 10.029278 28.592115
16.991000 8.495500 -4.247750
16.991000 8.495500 29.734250
27.575543 0.134229 23.397457
27.575543 34.116229 23.397457
27.720647 15.277288 22.300687
27.564499 14.593570 21.690711
27.020278 16.452725 22.380885
17.125229 6.406457 27.575543
-1.713712 6.261353 28.672313
32.268288 6.261353 28.672313
-2.397430 6.417501 -4.699711
-2.397430 6.417501 29.282289
31.584570 6.417501 -4.699711
31.584570 6.417501 29.282289
-0.538275 6.961722 28.592115
33.443725 6.961722 28.592115
27.575543 6.406457 17.125229
28.672313 6.261353 -1.713712
28.672313 6.261353 32.268288
-4.699711 6.417501 -2.397430
-4.699711 6.417501 31.584570
29.282289 6.417501 -2.397430
29.282289 6.417501 31.584570
28.592115 6.961722 -0.538275
28.592115 6.961722 33.443725
-4.247750 8.495500 16.991000
29.734250 8.495500 16.991000
23.397457 6.406457 -0.134229
23.397457 6.406457 33.847771
23.252353 5.309688 18.704712
23.408501 4.699711 19.388430
23.408501 38.681711 19.388430
23.891045 6.900045 -1.452731
23.891045 6.900045 32.529269
24.784772 7.233069 -1.355882
24.784772 7.233069 32.626118
23.885948 6.177928 -2.086495
23.885948 6.177928 31.895505
23.318448 7.603472 -1.765365
23.318448 7.603472 32.216635
23.952722 5.389885 17.529275
25.486500 4.247750 16.991000
25.486500 38.229750 16.991000
23.397457 10.584543 17.125229
22.300687 10.729647 -1.713712
22.300687 10.729647 32.268288
21.690711 10.573499 -2.397430
21.690711 10.573499 31.584570
22.380885 10.029278 -0.538275
22.380885 10.029278 33.443725
21.238750 8.495500 16.991000
27.575543 10.584543 -0.134229
27.575543 10.584543 33.847771
27.720647 11.681313 18.704712
27.564499 12.291289 19.388430
27.020278 11.601115 17.529275
25.486500 12.743250 16.991000
28.672313 10.729647 18.704712
-4.699711 10.573499 19.388430
29.282289 10.573499 19.388430
28.592115 10.029278 17.529275
27.720647 5.309687 -1.713712
27.720647 5.309688 32.268288
27.564499 4.699711 -2.397430
27.564499 4.699711 31.584570
27.564499 38.681711 -2.397430
27.564499 38.681711 31.584570
27.020278 5.389885 -0.538275
27.020278 5.389885 33.443725
22.300687 6.261353 18.704712
21.690711 6.417501 19.388430
22.380885 6.961722 17.529275
23.252353 11.681313 -1.713712
23.252353 11.681313 32.268288
23.408501 12.291289 -2.397430
23.408501 12.291289 31.584570
23.952722 11.601115 -0.538275
23.952722 11.601115 33.443725
-1.713712 11.681313 23.252353
32.268288 11.681313 23.252353
-2.397430 12.291289 23.408501
31.584570 12.291289 23.408501
-0.538275 11.601115 23.952722
33.443725 11.601115 23.952722
16.991000 12.743250 25.486500
-1.713712 5.309688 27.720647
32.268288 5.309688 27.720647
-2.397430 4.699711 27.564499
-2.397430 38.681711 27.564499
31.584570 4.699711 27.564499
31.584570 38.681711 27.564499
-0.538275 5.389885 27.020278
33.443725 5.389885 27.020278
16.991000 4.247750 25.486500
16.991000 38.229750 25.486500
22.300687 1.713712 23.252353
22.300688 35.695712 23.252353
21.690711 2.397430 23.408501
21.690711 36.379430 23.408501
22.380885 0.538275 23.952722
22.380885 34.520275 23.952722
21.238750 0.000000 25.486500
21.238750 33.982000 25.486500
18.704712 11.681313 27.720647
19.388430 12.291289 27.564499
17.529275 11.601115 27.020278
28.672313 15.277288 23.252353
-4.699711 14.593570 23.408501
29.282289 14.593570 23.408501
28.592115 16.452725 23.952722
-4.247750 0.000000 25.486500
-4.247750 33.982000 25.486500
29.734250 0.000000 25.486500
29.734250 33.982000 25.486500
18.704712 5.309688 23.252353
19.388430 4.699711 23.408501
19.388430 38.681711 23.408501
17.529275 5.389885 23.952722
22.300687 15.277288 27.720647
21.690711 14.593570 27.564499
22.380885 16.452725 27.020278
28.672313 1.713712 27.720647
28.672313 35.695712 27.720647
-4.699711 2.397430 27.564499
-4.699711 36.379430 27.564499
29.282289 2.397430 27.564499
29.282289 36.379430 27.564499
28.592115 0.538275 27.020278
28.592115 34.520275 27.020278
-2.089043 8.629729 19.080043
31.892957 8.629729 19.080043
-2.234147 6.781788 20.176813
31.747853 6.781788 20.176813
-2.077999 6.098070 20.786789
31.904001 6.098070 20.786789
-1.533778 7.957225 20.096615
32.448222 7.957225 20.096615
25.620729 2.089043 -2.089043
25.620729 2.089043 31.892957
25.620729 36.071043 -2.089043
25.620729 36.071043 31.892957
23.772788 2.234147 -3.185813
23.772788 2.234147 30.796187
23.772788 36.216147 -3.185813
23.772788 36.216147 30.796187
23.089070 2.077999 -3.795789
23.089070 2.077999 30.186211
23.089070 36.059999 -3.795789
23.089070 36.059999 30.186211
26.939230 1.595455 -1.595455
26.939230 1.595455 32.386545
26.939230 35.577455 -1.595455
26.939231 35.577455 32.386545
24.948225 1.533778 -3.105615
24.948225 1.533778 30.876385
24.948225 35.515778 -3.105615
24.948225 35.515778 30.876385
19.080043 8.361271 19.080043
19.225147 10.209212 20.176813
19.068999 10.892930 20.786789
18.524778 9.033775 20.096615
25.352271 14.901957 -2.089043
25.352271 14.901957 31.892957
27.200212 14.756853 -3.185813
27.200212 14.756853 30.796187
27.883930 14.913001 -3.795789
27.883930 14.913001 30.186211
24.033769 15.395545 -1.595455
24.033770 15.395545 32.386545
24.130618 16.289272 -1.262431
24.130618 16.289272 32.719569
23.400005 15.390448 -2.317572
23.400005 15.390448 31.664428
23.721135 14.822948 -0.892028
23.721135 14.822948 33.089972
26.024775 15.457222 -3.105615
26.024775 15.457222 30.876385
-2.089043 8.361271 -2.089043
-2.089043 8.361271 31.892957
31.892957 8.361271 -2.089043
31.892957 8.361271 31.892957
-2.234147 10.209212 -3.185813
-2.234147 10.209212 30.796187
31.747853 10.209212 -3.185813
31.747853 10.209212 30.796187
-2.077999 10.892930 -3.795789
-2.077999 10.892930 30.186211
31.904001 10.892930 -3.795789
31.904001 10.892930 30.186211
-1.595455 7.042769 -1.595455
-1.595455 7.042770 32.386545
32.386545 7.042769 -1.595455
32.386545 7.042770 32.386545
-0.701728 7.139618 -1.262431
-0.701728 7.139618 32.719569
33.280272 7.139618 -1.262431
33.280272 7.139618 32.719569
-1.600552 6.409005 -2.317572
-1.600552 6.409005 31.664428
32.381448 6.409005 -2.317572
32.381448 6.409005 31.664428
-2.168052 6.730135 -0.892028
-2.168052 6.730135 33.089972
31.813948 6.730135 -0.892028
31.813948 6.730135 33.089972
-1.533778 9.033775 -3.105615
-1.533778 9.033775 30.876385
32.448222 9.033775 -3.105615
32.448222 9.033775 30.876385
25.352271 2.089043 19.080043
25.352271 36.071043 19.080043
27.200212 2.234147 20.176813
27.200212 36.216147 20.176813
27.883930 2.077999 20.786789
27.883930 36.059999 20.786789
24.033769 1.595455 18.586455
24.033770 35.577455 18.586455
26.024775 1.533778 20.096615
26.024775 35.515778 20.096615
19.080043 8.629729 -2.089043
19.080043 8.629729 31.892957
19.225147 6.781788 -3.185813
19.225147 6.781788 30.796187
19.068999 6.098070 -3.795789
19.068999 6.098070 30.186211
18.524778 7.957225 -3.105615
18.524778 7.957225 30.876385
25.620729 14.901957 19.080043
23.772788 14.756853 20.176813
23.089070 14.913001 20.786789
24.948225 15.457222 20.096615
19.080043 14.901957 25.620729
20.176813 14.756853 23.772788
20.786789 14.913001 23.089070
20.096615 15.457222 24.948225
-2.089043 14.901957 25.352271
31.892957 14.901957 25.352271
-2.234147 13.805187 27.200212
31.747853 13.805187 27.200212
-2.077999 13.195211 27.883930
31.904001 13.195211 27.883930
-1.533778 13.885385 26.024775
32.448222 13.885385 26.024775
-2.089043 2.089043 25.620729
-2.089043 36.071043 25.620729
31.892957 2.089043 25.620729
31.892957 36.071043 25.620729
-3.185813 2.234147 23.772788
-3.185812 36.216147 23.772788
30.796187 2.234147 23.772788
30.796187 36.216147 23.772788
-3.795789 2.077999 23.089070
-3.795789 36.059999 23.089070
30.186211 2.077999 23.089070
30.186211 36.059999 23.089070
-1.595455 1.595455 26.939230
-1.595455 35.577455 26.939230
32.386545 1.595455 26.939230
32.386545 35.577455 26.939230
-3.105615 1.533778 24.948225
-3.105615 35.515778 24.948225
30.876385 1.533778 24.948225
30.876385 35.515778 24.948225
19.080043 2.089043 25.352271
19.080043 36.071043 25.352271
19.225147 3.185813 27.200212
19.225147 37.167812 27.200212
19.068999 3.795789 27.883930
19.068999 37.777789 27.883930
18.524778 3.105615 26.024775
18.524778 37.087615 26.024775
20.176813 2.234147 27.200212
20.176813 36.216147 27.200212
20.786789 2.077999 27.883930
20.786789 36.059999 27.883930
20.096615 1.533778 26.024775
20.096615 35.515778 26.024775
19.225147 13.805187 23.772788
19.068999 13.195211 23.089070
18.524778 13.885385 24.948225
-3.185813 14.756853 27.200212
30.796187 14.756853 27.200212
-3.795789 14.913001 27.883930
30.186211 14.913001 27.883930
-3.105615 15.457222 26.024775
30.876385 15.457222 26.024775
-2.234147 3.185813 23.772788
-2.234147 37.167812 23.772788
31.747853 3.185813 23.772788
31.747853 37.167812 23.772788
-2.077999 3.795789 23.089070
-2.077999 37.777789 23.089070
31.904001 3.795789 23.089070
31.904001 37.777789 23.089070
-0.701728 1.262431 26.842382
-0.701728 35.244431 26.842382
33.280272 1.262431 26.842382
33.280272 35.244431 26.842382
-1.600552 2.317572 27.572995
-1.600552 36.299572 27.572995
32.381448 2.317572 27.572995
32.381448 36.299572 27.572995
-2.168052 0.892028 27.251865
-2.168052 34.874028 27.251865
31.813948 0.892028 27.251865
31.813948 34.874028 27.251865
-1.533778 3.105615 24.948225
-1.533778 37.087615 24.948225
32.448222 3.105615 24.948225
32.448222 37.087615 24.948225
23.772788 3.185812 -2.234147
23.772788 3.185813 31.747853
23.772788 37.167812 -2.234147
23.772788 37.167812 31.747853
23.089070 3.795789 -2.077999
23.089070 3.795789 31.904001
23.089070 37.777789 -2.077999
23.089070 37.777789 31.904001
26.842382 1.262431 -0.701728
26.842382 1.262431 33.280272
26.842382 35.244431 -0.701728
26.842382 35.244431 33.280272
27.572995 2.317572 -1.600552
27.572995 2.317572 32.381448
27.572995 36.299572 -1.600552
27.572995 36.299572 32.381448
27.251865 0.892027 -2.168052
27.251865 0.892028 31.813948
27.251865 34.874028 -2.168052
27.251865 34.874028 31.813948
24.948225 3.105615 -1.533778
24.948225 3.105615 32.448222
24.948225 37.087615 -1.533778
24.948225 37.087615 32.448222
23.772788 13.805187 19.225147
23.089070 13.195211 19.068999
24.948225 13.885385 18.524778
-3.185813 10.209212 -2.234147
-3.185813 10.209212 31.747853
30.796187 10.209212 -2.234147
30.796187 10.209212 31.747853
-3.795789 10.892930 -2.077999
-3.795789 10.892930 31.904001
30.186211 10.892930 -2.077999
30.186211 10.892930 31.904001
-3.105615 9.033775 -1.533778
-3.105615 9.033775 32.448222
30.876385 9.033775 -1.533778
30.876385 9.033775 32.448222
27.200212 3.185813 19.225147
27.200212 37.167812 19.225147
27.883930 3.795789 19.068999
27.883930 37.777789 19.068999
24.130618 1.262431 17.692728
24.130618 35.244431 17.692728
23.400005 2.317572 18.591552
23.400005 36.299572 18.591552
23.721135 0.892028 19.159052
23.721135 34.874028 19.159052
26.024775 3.105615 18.524778
26.024775 37.087615 18.524778
20.176813 6.781788 -2.234147
20.176813 6.781788 31.747853
20.786789 6.098070 -2.077999
20.786789 6.098070 31.904001
20.096615 7.957225 -1.533778
20.096615 7.957225 32.448222
27.200212 13.805187 -2.234147
27.200212 13.805187 31.747853
27.883930 13.195211 -2.077999
27.883930 13.195211 31.904001
26.024775 13.885385 -1.533778
26.024775 13.885385 32.448222
-3.185813 6.781788 19.225147
30.796187 6.781788 19.225147
-3.795789 6.098070 19.068999
30.186211 6.098070 19.068999
-3.105615 7.957225 18.524778
30.876385 7.957225 18.524778
20.176813 10.209212 19.225147
20.786789 10.892930 19.068999
20.096615 9.033775 18.524778
-1.433393 6.892806 23.883806
32.548607 6.892806 23.883806
-2.342912 6.105165 24.085625
31.639088 6.105165 24.085625
-1.602092 8.084085 24.085625
32.379908 8.084085 24.085625
27.089194 15.557607 27.089194
27.876835 14.648088 26.887375
25.897915 15.388908 26.887375
18.593694 1.602694 24.053107
18.593694 35.584694 24.053107
19.138948 0.653803 23.513998
19.138948 34.635803 23.513998
17.644803 2.147948 23.513998
17.644803 36.129948 23.513998
23.883806 15.557607 23.883806
25.075085 15.388908 24.085625
23.096165 14.648088 24.085625
27.089194 1.433393 23.883806
27.089194 35.415393 23.883806
25.897915 1.602092 24.085625
25.897915 35.584092 24.085625
27.876835 2.342912 24.085625
27.876835 36.324912 24.085625
18.424393 6.892806 27.089194
18.593092 8.084085 26.887375
19.333912 6.105165 26.887375
26.919893 15.388306 18.593694
27.088592 16.579585 18.391875
27.829412 14.600665 18.391875
-1.602694 9.928893 18.593694
32.379306 9.928893 18.593694
-2.390335 10.838412 18.391875
31.591665 10.838412 18.391875
-0.411415 10.097592 18.391875
33.570585 10.097592 18.391875
18.593694 15.388306 26.919893
17.644803 14.843052 27.459002
19.138948 16.337197 27.459002
18.593694 7.062107 18.593694
19.381335 6.152588 18.391875
17.402415 6.893408 18.391875
27.089194 6.892806 18.424393
26.140303 6.347552 18.963502
27.634448 7.841697 18.963502
18.424393 10.098194 23.883806
19.333912 10.885835 24.085625
18.593092 8.906915 24.085625
18.593694 9.928893 -1.602694
18.593694 9.928893 32.379306
17.402415 10.097592 -1.400875
17.402415 10.097592 32.581125
19.381335 10.838412 -1.400875
19.381335 10.838412 32.581125
-1.433393 10.098194 27.089194
32.548607 10.098194 27.089194
-1.602092 8.906915 26.887375
32.379908 8.906915 26.887375
-2.342912 10.885835 26.887375
31.639088 10.885835 26.887375
23.883806 1.433393 27.089194
23.883806 35.415393 27.089194
23.096165 2.342912 26.887375
23.096165 36.324912 26.887375
25.075085 1.602092 26.887375
25.075085 35.584092 26.887375
27.089194 10.098194 -1.433393
27.089194 10.098194 32.548607
27.634448 9.149303 -1.972502
27.634448 9.149303 32.009498
26.140303 10.643448 -1.972502
26.140303 10.643448 32.009498
23.883806 10.098194 18.424393
24.832697 10.643448 18.963502
23.338552 9.149303 18.963502
-1.602694 15.388306 24.053107
32.379306 15.388306 24.053107
-2.147948 16.337197 23.513998
31.834052 16.337197 23.513998
-0.653803 14.843052 23.513998
33.328197 14.843052 23.513998
23.397457 17.125229 10.584543
23.252353 -1.713712 11.681313
23.252353 32.268288 11.681313
23.408501 -2.397430 12.291289
23.408501 31.584570 12.291289
23.952722 -0.538275 11.601115
23.952722 33.443725 11.601115
25.486500 16.991000 12.743250
17.125229 27.575543 6.406457
-1.713712 27.720647 5.309687
32.268288 27.720647 5.309687
-2.397430 27.564499 4.699711
-2.397430 27.564499 38.681711
31.584570 27.564499 4.699711
31.584570 27.564499 38.681711
-0.538275 27.020278 5.389885
33.443725 27.020278 5.389885
16.991000 25.486500 4.247750
16.991000 25.486500 38.229750
27.575543 -0.134229 10.584543
27.575543 33.847771 10.584543
27.720647 18.704712 11.681313
27.564499 19.388430 12.291289
27.020278 17.529275 11.601115
-0.134229 23.397457 6.406457
33.847771 23.397457 6.406457
18.704712 23.252353 5.309687
19.388430 23.408501 4.699711
19.388430 23.408501 38.681711
17.529275 23.952722 5.389885
23.397457 -0.134229 6.406457
23.397457 33.847771 6.406457
23.252353 18.704712 5.309687
23.408501 19.388430 4.699711
23.408501 19.388430 38.681711
23.952722 17.529275 5.389885
25.486500 16.991000 4.247750
25.486500 16.991000 38.229750
-0.134229 27.575543 10.584543
33.847771 27.575543 10.584543
18.704712 27.720647 11.681313
19.388430 27.564499 12.291289
17.529275 27.020278 11.601115
16.991000 25.486500 12.743250
27.575543 17.125229 6.406457
27.720647 -1.713712 5.309687
27.720647 32.268288 5.309687
27.564499 -2.397430 4.699711
27.564499 -2.397430 38.681711
27.564499 31.584570 4.699711
27.564499 31.584570 38.681711
27.020278 -0.538275 5.389885
27.020278 33.443725 5.389885
17.125229 23.397457 10.584543
-1.713712 23.252353 11.681313
32.268288 23.252353 11.681313
-2.397430 23.408501 12.291289
31.584570 23.408501 12.291289
-0.538275 23.952722 11.601115
33.443725 23.952722 11.601115
27.575543 23.397457 0.134229
27.575543 23.397457 34.116229
28.672313 23.252353 15.277288
-4.699711 23.408501 14.593570
29.282289 23.408501 14.593570
28.592115 23.952722 16.452725
-4.247750 25.486500 0.000000
-4.247750 25.486500 33.982000
29.734250 25.486500 0.000000
29.734250 25.486500 33.982000
23.397457 23.397457 16.856771
23.252353 22.300687 1.713712
23.252353 22.300688 35.695712
23.408501 21.690711 2.397430
23.408501 21.690711 36.379430
23.891045 23.891045 15.538270
24.784772 24.224069 15.635118
23.885948 23.168928 14.904505
23.318448 24.594472 15.225635
23.952722 22.380885 0.538275
23.952722 22.380885 34.520275
25.486500 21.238750 0.000000
25.486500 21.238750 33.982000
23.397457 27.575543 0.134229
23.397457 27.575543 34.116229
22.300687 27.720647 15.277288
21.690711 27.564499 14.593570
22.380885 27.020278 16.452725
21.238750 25.486500 0.000000
21.238750 25.486500 33.982000
27.575543 27.575543 16.856771
27.720647 28.672313 1.713712
27.720647 28.672313 35.695712
27.564499 -4.699711 2.397430
27.564499 -4.699711 36.379430
27.564499 29.282289 2.397430
27.564499 29.282289 36.379430
27.020278 28.592115 0.538275
27.020278 28.592115 34.520275
25.486500 -4.247750 0.000000
25.486500 -4.247750 33.982000
25.486500 29.734250 0.000000
25.486500 29.734250 33.982000
28.672313 27.720647 1.713712
28.672313 27.720647 35.695712
-4.699711 27.564499 2.397430
-4.699711 27.564499 36.379430
29.282289 27.564499 2.397430
29.282289 27.564499 36.379430
28.592115 27.020278 0.538275
28.592115 27.020278 34.520275
27.720647 22.300687 15.277288
27.564499 21.690711 14.593570
27.020278 22.380885 16.452725
22.300687 23.252353 1.713712
22.300688 23.252353 35.695712
21.690711 23.408501 2.397430
21.690711 23.408501 36.379430
22.380885 23.952722 0.538275
22.380885 23.952722 34.520275
23.252353 28.672313 15.277288
23.408501 -4.699711 14.593570
23.408501 29.282289 14.593570
23.952722 28.592115 16.452725
-1.713712 28.672313 6.261353
32.268288 28.672313 6.261353
-2.397430 -4.699711 6.417501
-2.397430 29.282289 6.417501
31.584570 -4.699711 6.417501
31.584570 29.282289 6.417501
-0.538275 28.592115 6.961722
33.443725 28.592115 6.961722
16.991000 -4.247750 8.495500
16.991000 29.734250 8.495500
-1.713712 22.300687 10.729647
32.268288 22.300687 10.729647
-2.397430 21.690711 10.573499
31.584570 21.690711 10.573499
-0.538275 22.380885 10.029278
33.443725 22.380885 10.029278
16.991000 21.238750 8.495500
22.300687 18.704712 6.261353
21.690711 19.388430 6.417501
22.380885 17.529275 6.961722
21.238750 16.991000 8.495500
18.704712 28.672313 10.729647
19.388430 -4.699711 10.573499
19.388430 29.282289 10.573499
17.529275 28.592115 10.029278
28.672313 -1.713712 6.261353
28.672313 32.268288 6.261353
-4.699711 -2.397430 6.417501
-4.699711 31.584570 6.417501
29.282289 -2.397430 6.417501
29.282289 31.584570 6.417501
28.592115 -0.538275 6.961722
28.592115 33.443725 6.961722
-4.247750 16.991000 8.495500
29.734250 16.991000 8.495500
18.704712 22.300687 6.261353
19.388430 21.690711 6.417501
17.529275 22.380885 6.961722
22.300687 -1.713712 10.729647
22.300687 32.268288 10.729647
21.690711 -2.397430 10.573499
21.690711 31.584570 10.573499
22.380885 -0.538275 10.029278
22.380885 33.443725 10.029278
28.672313 18.704712 10.729647
-4.699711 19.388430 10.573499
29.282289 19.388430 10.573499
28.592115 17.529275 10.029278
-2.089043 25.620729 2.089043
-2.089043 25.620729 36.071043
31.892957 25.620729 2.089043
31.892957 25.620729 36.071043
-2.234147 23.772788 3.185812
-2.234147 23.772788 37.167812
31.747853 23.772788 3.185812
31.747853 23.772788 37.167812
-2.077999 23.089070 3.795789
-2.077999 23.089070 37.777789
31.904001 23.089070 3.795789
31.904001 23.089070 37.777789
-1.533778 24.948225 3.105615
-1.533778 24.948225 37.087615
32.448222 24.948225 3.105615
32.448222 24.948225 37.087615
25.620729 19.080043 14.901957
23.772788 19.225147 13.805187
23.089070 19.068999 13.195211
26.939230 18.586455 15.395545
24.948225 18.524778 13.885385
19.080043 25.352271 2.089043
19.080043 25.352271 36.071043
19.225147 27.200212 3.185812
19.225147 27.200212 37.167812
19.068999 27.883930 3.795789
19.068999 27.883930 37.777789
18.524778 26.024775 3.105615
18.524778 26.024775 37.087615
25.352271 -2.089043 14.901957
25.352271 31.892957 14.901957
27.200212 -2.234147 13.805187
27.200212 31.747853 13.805187
27.883930 -2.077999 13.195211
27.883930 31.904001 13.195211
24.033769 -1.595455 15.395545
24.033770 32.386545 15.395545
24.130618 -0.701728 15.728569
24.130618 33.280272 15.728569
23.400005 -1.600552 14.673428
23.400005 32.381448 14.673428
23.721135 -2.168052 16.098972
23.721135 31.813948 16.098972
26.024775 -1.533778 13.885385
26.024775 32.448222 13.885385
-2.089043 25.352271 14.901957
31.892957 25.352271 14.901957
-2.234147 27.200212 13.805187
31.747853 27.200212 13.805187
-2.077999 27.883930 13.195211
31.904001 27.883930 13.195211
-1.595455 24.033769 15.395545
32.386545 24.033769 15.395545
-0.701728 24.130618 15.728569
33.280272 24.130618 15.728569
-1.600552 23.400005 14.673428
32.381448 23.400005 14.673428
-2.168052 23.721135 16.098972
31.813948 23.721135 16.098972
-1.533778 26.024775 13.885385
32.448222 26.024775 13.885385
25.352271 19.080043 2.089043
25.352271 19.080043 36.071043
27.200212 19.225147 3.185812
27.200212 19.225147 37.167812
27.883930 19.068999 3.795789
27.883930 19.068999 37.777789
24.033769 18.586455 1.595455
24.033770 18.586455 35.577455
26.024775 18.524778 3.105615
26.024775 18.524778 37.087615
19.080043 25.620729 14.901957
19.225147 23.772788 13.805187
19.068999 23.089070 13.195211
18.524778 24.948225 13.885385
25.620729 -2.089043 2.089043
25.620729 -2.089043 36.071043
25.620729 31.892957 2.089043
25.620729 31.892957 36.071043
23.772788 -2.234147 3.185812
23.772788 -2.234147 37.167812
23.772788 31.747853 3.185812
23.772788 31.747853 37.167812
23.089070 -2.077999 3.795789
23.089070 -2.077999 37.777789
23.089070 31.904001 3.795789
23.089070 31.904001 37.777789
24.948225 -1.533778 3.105615
24.948225 -1.533778 37.087615
24.948225 32.448222 3.105615
24.948225 32.448222 37.087615
19.080043 -2.089043 8.629729
19.080043 31.892957 8.629729
20.176813 -2.234147 6.781788
20.176813 31.747853 6.781788
20.786789 -2.077999 6.098070
20.786789 31.904001 6.098070
20.096615 -1.533778 7.957225
20.096615 32.448222 7.957225
-2.089043 -2.089043 8.361271
-2.089043 31.892957 8.361271
31.892957 -2.089043 8.361271
31.892957 31.892957 8.361271
-2.234147 -3.185813 10.209212
-2.234147 30.796187 10.209212
31.747853 -3.185813 10.209212
31.747853 30.796187 10.209212
-2.077999 -3.795789 10.892930
-2.077999 30.186211 10.892930
31.904001 -3.795789 10.892930
31.904001 30.186211 10.892930
-1.533778 -3.105615 9.033775
-1.533778 30.876385 9.033775
32.448222 -3.105615 9.033775
32.448222 30.876385 9.033775
-2.089043 19.080043 8.629729
31.892957 19.080043 8.629729
-3.185813 19.225147 6.781788
30.796187 19.225147 6.781788
-3.795789 19.068999 6.098070
30.186211 19.068999 6.098070
-1.595455 18.586455 9.948230
32.386545 18.586455 9.948230
-3.105615 18.524778 7.957225
30.876385 18.524778 7.957225
19.080043 19.080043 8.361271
19.225147 20.176813 10.209212
19.068999 20.786789 10.892930
18.524778 20.096615 9.033775
20.176813 19.225147 10.209212
20.786789 19.068999 10.892930
20.096615 18.524778 9.033775
19.225147 -3.185813 6.781788
19.225147 30.796187 6.781788
19.068999 -3.795789 6.098070
19.068999 30.186211 6.098070
18.524778 -3.105615 7.957225
18.524778 30.876385 7.957225
-3.185813 -2.234147 10.209212
-3.185813 31.747853 10.209212
30.796187 -2.234147 10.209212
30.796187 31.747853 10.209212
-3.795789 -2.077999 10.892930
-3.795789 31.904001 10.892930
30.186211 -2.077999 10.892930
30.186211 31.904001 10.892930
-3.105615 -1.533778 9.033775
-3.105615 32.448222 9.033775
30.876385 -1.533778 9.033775
30.876385 32.448222 9.033775
-2.234147 20.176813 6.781788
31.747853 20.176813 6.781788
-2.077999 20.786789 6.098070
31.904001 20.786789 6.098070
-0.701728 18.253431 9.851382
33.280272 18.253431 9.851382
-1.600552 19.308572 10.581995
32.381448 19.308572 10.581995
-2.168052 17.883028 10.260865
31.813948 17.883028 10.260865
-1.533778 20.096615 7.957225
32.448222 20.096615 7.957225
23.772788 20.176813 14.756853
23.089070 20.786789 14.913001
26.842382 18.253431 16.289272
27.572995 19.308572 15.390448
27.251865 17.883028 14.822948
24.948225 20.096615 15.457222
23.772788 -3.185813 2.234147
23.772788 -3.185813 36.216147
23.772788 30.796187 2.234147
23.772788 30.796187 36.216147
23.089070 -3.795789 2.077999
23.089070 -3.795789 36.059999
23.089070 30.186211 2.077999
23.089070 30.186211 36.059999
24.948225 -3.105615 1.533778
24.948225 -3.105615 35.515778
24.948225 30.876385 1.533778
24.948225 30.876385 35.515778
-3.185813 27.200212 14.756853
30.796187 27.200212 14.756853
-3.795789 27.883930 14.913001
30.186211 27.883930 14.913001
-3.105615 26.024775 15.457222
30.876385 26.024775 15.457222
27.200212 20.176813 2.234147
27.200212 20.176813 36.216147
27.883930 20.786789 2.077999
27.883930 20.786789 36.059999
24.130618 18.253431 0.701728
24.130618 18.253431 34.683728
23.400005 19.308572 1.600552
23.400005 19.308572 35.582552
23.721135 17.883028 2.168052
23.721135 17.883028 36.150052
26.024775 20.096615 1.533778
26.024775 20.096615 35.515778
20.176813 23.772788 14.756853
20.786789 23.089070 14.913001
20.096615 24.948225 15.457222
27.200212 -3.185813 14.756853
27.200212 30.796187 14.756853
27.883930 -3.795789 14.913001
27.883930 30.186211 14.913001
26.024775 -3.105615 15.457222
26.024775 30.876385 15.457222
-3.185813 23.772788 2.234147
-3.185812 23.772788 36.216147
30.796187 23.772788 2.234147
30.796187 23.772788 36.216147
-3.795789 23.089070 2.077999
-3.795789 23.089070 36.059999
30.186211 23.089070 2.077999
30.186211 23.089070 36.059999
-3.105615 24.948225 1.533778
-3.105615 24.948225 35.515778
30.876385 24.948225 1.533778
30.876385 24.948225 35.515778
20.176813 27.200212 2.234147
20.176813 27.200212 36.216147
20.786789 27.883930 2.077999
20.786789 27.883930 36.059999
20.096615 26.024775 1.533778
20.096615 26.024775 35.515778
-1.433393 23.883806 6.892806
32.548607 23.883806 6.892806
-2.342912 23.096165 7.094625
31.639088 23.096165 7.094625
-1.602092 25.075085 7.094625
32.379908 25.075085 7.094625
27.089194 -1.433393 10.098194
27.089194 32.548607 10.098194
27.876835 -2.342912 9.896375
27.876835 31.639088 9.896375
25.897915 -1.602092 9.896375
25.897915 32.379908 9.896375
18.593694 18.593694 7.062107
19.138948 17.644803 6.522998
17.644803 19.138948 6.522998
23.883806 -1.433393 6.892806
23.883806 32.548607 6.892806
25.075085 -1.602092 7.094625
25.075085 32.379908 7.094625
23.096165 -2.342912 7.094625
23.096165 31.639088 7.094625
27.089194 18.424393 6.892806
25.897915 18.593092 7.094625
27.876835 19.333912 7.094625
18.424393 23.883806 10.098194
18.593092 25.075085 9.896375
19.333912 23.096165 9.896375
26.919893 -1.602694 1.602694
26.919893 -1.602694 35.584694
26.919893 32.379306 1.602694
26.919893 32.379306 35.584694
27.088592 -0.411415 1.400875
27.088592 -0.411415 35.382875
27.088592 33.570585 1.400875
27.088592 33.570585 35.382875
27.829412 -2.390335 1.400875
27.829412 -2.390335 35.382875
27.829412 31.591665 1.400875
27.829412 31.591665 35.382875
-1.602694 26.919893 1.602694
-1.602694 26.919893 35.584694
32.379306 26.919893 1.602694
32.379306 26.919893 35.584694
-2.390335 27.829412 1.400875
-2.390335 27.829412 35.382875
31.591665 27.829412 1.400875
31.591665 27.829412 35.382875
-0.411415 27.088592 1.400875
-0.411415 27.088592 35.382875
33.570585 27.088592 1.400875
33.570585 27.088592 35.382875
18.593694 -1.602694 9.928893
18.593694 32.379306 9.928893
17.644803 -2.147948 10.468002
17.644803 31.834052 10.468002
19.138948 -0.653803 10.468002
19.138948 33.328197 10.468002
18.593694 24.053107 1.602694
18.593694 24.053107 35.584694
19.381335 23.143588 1.400875
19.381335 23.143588 35.382875
17.402415 23.884408 1.400875
17.402415 23.884408 35.382875
27.089194 23.883806 1.433393
27.089194 23.883806 35.415393
26.140303 23.338552 1.972502
26.140303 23.338552 35.954502
27.634448 24.832697 1.972502
27.634448 24.832697 35.954502
18.424393 27.089194 6.892806
19.333912 27.876835 7.094625
18.593092 25.897915 7.094625
18.593694 26.919893 15.388306
17.402415 27.088592 15.590125
19.381335 27.829412 15.590125
-1.433393 27.089194 10.098194
32.548607 27.089194 10.098194
-1.602092 25.897915 9.896375
32.379908 25.897915 9.896375
-2.342912 27.876835 9.896375
31.639088 27.876835 9.896375
23.883806 18.424393 10.098194
23.096165 19.333912 9.896375
25.075085 18.593092 9.896375
27.089194 27.089194 15.557607
27.634448 26.140303 15.018498
26.140303 27.634448 15.018498
23.883806 27.089194 1.433393
23.883806 27.089194 35.415393
24.832697 27.634448 1.972502
24.832697 27.634448 35.954502
23.338552 26.140303 1.972502
23.338552 26.140303 35.954502
-1.602694 -1.602694 7.062107
-1.602694 32.379306 7.062107
32.379306 -1.602694 7.062107
32.379306 32.379306 7.062107
-2.147948 -0.653803 6.522998
-2.147948 33.328197 6.522998
31.834052 -0.653803 6.522998
31.834052 33.328197 6.522998
-0.653803 -2.147948 6.522998
-0.653803 31.834052 6.522998
33.328197 -2.147948 6.522998
33.328197 31.834052 6.522998
23.397457 17.125229 27.575543
23.252353 -1.713712 28.672313
23.252353 32.268288 28.672313
23.408501 -2.397430 -4.699711
23.408501 -2.397430 29.282289
23.408501 31.584570 -4.699711
23.408501 31.584570 29.282289
23.952722 -0.538275 28.592115
23.952722 33.443725 28.592115
25.486500 16.991000 -4.247750
25.486500 16.991000 29.734250
17.125229 27.575543 23.397457
-1.713712 27.720647 22.300687
32.268288 27.720647 22.300687
-2.397430 27.564499 21.690711
31.584570 27.564499 21.690711
-0.538275 27.020278 22.380885
33.443725 27.020278 22.380885
16.991000 25.486500 21.238750
27.575543 -0.134229 27.575543
27.575543 33.847771 27.575543
27.720647 18.704712 28.672313
27.564499 19.388430 -4.699711
27.564499 19.388430 29.282289
27.020278 17.529275 28.592115
-0.134229 23.397457 23.397457
33.847771 23.397457 23.397457
18.704712 23.252353 22.300687
19.388430 23.408501 21.690711
17.529275 23.952722 22.380885
23.397457 -0.134229 23.397457
23.397457 33.847771 23.397457
23.252353 18.704712 22.300687
23.408501 19.388430 21.690711
23.952722 17.529275 22.380885
25.486500 16.991000 21.238750
-0.134229 27.575543 27.575543
33.847771 27.575543 27.575543
18.704712 27.720647 28.672313
19.388430 27.564499 -4.699711
19.388430 27.564499 29.282289
17.529275 27.020278 28.592115
16.991000 25.486500 -4.247750
16.991000 25.486500 29.734250
27.575543 17.125229 23.397457
27.720647 -1.713712 22.300687
27.720647 32.268288 22.300687
27.564499 -2.397430 21.690711
27.564499 31.584570 21.690711
27.020278 -0.538275 22.380885
27.020278 33.443725 22.380885
17.125229 23.397457 27.575543
-1.713712 23.252353 28.672313
32.268288 23.252353 28.672313
-2.397430 23.408501 -4.699711
-2.397430 23.408501 29.282289
31.584570 23.408501 -4.699711
31.584570 23.408501 29.282289
-0.538275 23.952722 28.592115
33.443725 23.952722 28.592115
27.575543 23.397457 17.125229
28.672313 23.252353 -1.713712
28.672313 23.252353 32.268288
-4.699711 23.408501 -2.397430
-4.699711 23.408501 31.584570
29.282289 23.408501 -2.397430
29.282289 23.408501 31.584570
28.592115 23.952722 -0.538275
28.592115 23.952722 33.443725
-4.247750 25.486500 16.991000
29.734250 25.486500 16.991000
23.397457 23.397457 -0.134229
23.397457 23.397457 33.847771
23.252353 22.300687 18.704712
23.408501 21.690711 19.388430
23.891045 23.891045 -1.452731
23.891045 23.891045 32.529269
24.784772 24.224069 -1.355882
24.784772 24.224069 32.626118
23.885948 23.168928 -2.086495
23.885948 23.168928 31.895505
23.318448 24.594472 -1.765365
23.318448 24.594472 32.216635
23.952722 22.380885 17.529275
25.486500 21.238750 16.991000
23.397457 27.575543 17.125229
22.300687 27.720647 -1.713712
22.300687 27.720647 32.268288
21.690711 27.564499 -2.397430
21.690711 27.564499 31.584570
22.380885 27.020278 -0.538275
22.380885 27.020278 33.443725
21.238750 25.486500 16.991000
27.575543 27.575543 -0.134229
27.575543 27.575543 33.847771
27.720647 28.672313 18.704712
27.564499 -4.699711 19.388430
27.564499 29.282289 19.388430
27.020278 28.592115 17.529275
25.486500 -4.247750 16.991000
25.486500 29.734250 16.991000
28.672313 27.720647 18.704712
-4.699711 27.564499 19.388430
29.282289 27.564499 19.388430
28.592115 27.020278 17.529275
27.720647 22.300687 -1.713712
27.720647 22.300687 32.268288
27.564499 21.690711 -2.397430
27.564499 21.690711 31.584570
27.020278 22.380885 -0.538275
27.020278 22.380885 33.443725
22.300687 23.252353 18.704712
21.690711 23.408501 19.388430
22.380885 23.952722 17.529275
23.252353 28.672313 -1.713712
23.252353 28.672313 32.268288
23.408501 -4.699711 -2.397430
23.408501 -4.699711 31.584570
23.408501 29.282289 -2.397430
23.408501 29.282289 31.584570
23.952722 28.592115 -0.538275
23.952722 28.592115 33.443725
-1.713712 28.672313 23.252353
32.268288 28.672313 23.252353
-2.397430 -4.699711 23.408501
-2.397430 29.282289 23.408501
31.584570 -4.699711 23.408501
31.584570 29.282289 23.408501
-0.538275 28.592115 23.952722
33.443725 28.592115 23.952722
16.991000 -4.247750 25.486500
16.991000 29.734250 25.486500
-1.713712 22.300687 27.720647
32.268288 22.300687 27.720647
-2.397430 21.690711 27.564499
31.584570 21.690711 27.564499
-0.538275 22.380885 27.020278
33.443725 22.380885 27.020278
16.991000 21.238750 25.486500
22.300687 18.704712 23.252353
21.690711 19.388430 23.408501
22.380885 17.529275 23.952722
21.238750 16.991000 25.486500
18.704712 28.672313 27.720647
19.388430 -4.699711 27.564499
19.388430 29.282289 27.564499
17.529275 28.592115 27.020278
28.672313 -1.713712 23.252353
28.672313 32.268288 23.252353
-4.699711 -2.397430 23.408501
-4.699711 31.584570 23.408501
29.282289 -2.397430 23.408501
29.282289 31.584570 23.408501
28.592115 -0.538275 23.952722
28.592115 33.443725 23.952722
-4.247750 16.991000 25.486500
29.734250 16.991000 25.486500
18.704712 22.300687 23.252353
19.388430 21.690711 23.408501
17.529275 22.380885 23.952722
22.300687 -1.713712 27.720647
22.300687 32.268288 27.720647
21.690711 -2.397430 27.564499
21.690711 31.584570 27.564499
22.380885 -0.538275 27.020278
22.380885 33.443725 27.020278
28.672313 18.704712 27.720647
-4.699711 19.388430 27.564499
29.282289 19.388430 27.564499
28.592115 17.529275 27.020278
-2.089043 25.620729 19.080043
31.892957 25.620729 19.080043
-2.234147 23.772788 20.176813
31.747853 23.772788 20.176813
-2.077999 23.089070 20.786789
31.904001 23.089070 20.786789
-1.533778 24.948225 20.096615
32.448222 24.948225 20.096615
25.620729 19.080043 -2.089043
25.620729 19.080043 31.892957
23.772788 19.225147 -3.185813
23.772788 19.225147 30.796187
23.089070 19.068999 -3.795789
23.089070 19.068999 30.186211
26.939230 18.586455 -1.595455
26.939230 18.586455 32.386545
24.948225 18.524778 -3.105615
24.948225 18.524778 30.876385
19.080043 25.352271 19.080043
19.225147 27.200212 20.176813
19.068999 27.883930 20.786789
18.524778 26.024775 20.096615
25.352271 -2.089043 -2.089043
25.352271 -2.089043 31.892957
25.352271 31.892957 -2.089043
25.352271 31.892957 31.892957
27.200212 -2.234147 -3.185813
27.200212 -2.234147 30.796187
27.200212 31.747853 -3.185813
27.200212 31.747853 30.796187
27.883930 -2.077999 -3.795789
27.883930 -2.077999 30.186211
27.883930 31.904001 -3.795789
27.883930 31.904001 30.186211
24.033769 -1.595455 -1.595455
24.033770 -1.595455 32.386545
24.033770 32.386545 -1.595455
24.033770 32.386545 32.386545
24.130618 -0.701728 -1.262431
24.130618 -0.701728 32.719569
24.130618 33.280272 -1.262431
24.130618 33.280272 32.719569
23.400005 -1.600552 -2.317572
23.400005 -1.600552 31.664428
23.400005 32.381448 -2.317572
23.400005 32.381448 31.664428
23.721135 -2.168052 -0.892028
23.721135 -2.168052 33.089972
23.721135 31.813948 -0.892028
23.721135 31.813948 33.089972
26.024775 -1.533778 -3.105615
26.024775 -1.533778 30.876385
26.024775 32.448222 -3.105615
26.024775 32.448222 30.876385
-2.089043 25.352271 -2.089043
-2.089043 25.352271 31.892957
31.892957 25.352271 -2.089043
31.892957 25.352271 31.892957
-2.234147 27.200212 -3.185813
-2.234147 27.200212 30.796187
31.747853 27.200212 -3.185813
31.747853 27.200212 30.796187
-2.077999 27.883930 -3.795789
-2.077999 27.883930 30.186211
31.904001 27.883930 -3.795789
31.904001 27.883930 30.186211
-1.595455 24.033769 -1.595455
-1.595455 24.033770 32.386545
32.386545 24.033769 -1.595455
32.386545 24.033770 32.386545
-0.701728 24.130618 -1.262431
-0.701728 24.130618 32.719569
33.280272 24.130618 -1.262431
33.280272 24.130618 32.719569
-1.600552 23.400005 -2.317572
-1.600552 23.400005 31.664428
32.381448 23.400005 -2.317572
32.381448 23.400005 31.664428
-2.168052 23.721135 -0.892028
-2.168052 23.721135 33.089972
31.813948 23.721135 -0.892028
31.813948 23.721135 33.089972
-1.533778 26.024775 -3.105615
-1.533778 26.024775 30.876385
32.448222 26.024775 -3.105615
32.448222 26.024775 30.876385
25.352271 19.080043 19.080043
27.200212 19.225147 20.176813
27.883930 19.068999 20.786789
24.033769 18.586455 18.586455
26.024775 18.524778 20.096615
19.080043 25.620729 -2.089043
19.080043 25.620729 31.892957
19.225147 23.772788 -3.185813
19.225147 23.772788 30.796187
19.068999 23.089070 -3.795789
19.068999 23.089070 30.186211
18.524778 24.948225 -3.105615
18.524778 24.948225 30.876385
25.620729 -2.089043 19.080043
25.620729 31.892957 19.080043
23.772788 -2.234147 20.176813
23.772788 31.747853 20.176813
23.089070 -2.077999 20.786789
23.089070 31.904001 20.786789
24.948225 -1.533778 20.096615
24.948225 32.448222 20.096615
19.080043 -2.089043 25.620729
19.080043 31.892957 25.620729
20.176813 -2.234147 23.772788
20.176813 31.747853 23.772788
20.786789 -2.077999 23.089070
20.786789 31.904001 23.089070
20.096615 -1.533778 24.948225
20.096615 32.448222 24.948225
-2.089043 -2.089043 25.352271
-2.089043 31.892957 25.352271
31.892957 -2.089043 25.352271
31.892957 31.892957 25.352271
-2.234147 -3.185813 27.200212
-2.234147 30.796187 27.200212
31.747853 -3.185813 27.200212
31.747853 30.796187 27.200212
-2.077999 -3.795789 27.883930
-2.077999 30.186211 27.883930
31.904001 -3.795789 27.883930
31.904001 30.186211 27.883930
-1.533778 -3.105615 26.024775
-1.533778 30.876385 26.024775
32.448222 -3.105615 26.024775
32.448222 30.876385 26.024775
-2.089043 19.080043 25.620729
31.892957 19.080043 25.620729
-3.185813 19.225147 23.772788
30.796187 19.225147 23.772788
-3.795789 19.068999 23.089070
30.186211 19.068999 23.089070
-1.595455 18.586455 26.939230
32.386545 18.586455 26.939230
-3.105615 18.524778 24.948225
30.876385 18.524778 24.948225
19.080043 19.080043 25.352271
19.225147 20.176813 27.200212
19.068999 20.786789 27.883930
18.524778 20.096615 26.024775
20.176813 19.225147 27.200212
20.786789 19.068999 27.883930
20.096615 18.524778 26.024775
19.225147 -3.185813 23.772788
19.225147 30.796187 23.772788
19.068999 -3.795789 23.089070
19.068999 30.186211 23.089070
18.524778 -3.105615 24.948225
18.524778 30.876385 24.948225
-3.185813 -2.234147 27.200212
-3.185813 31.747853 27.200212
30.796187 -2.234147 27.200212
30.796187 31.747853 27.200212
-3.795789 -2.077999 27.883930
-3.795789 31.904001 27.883930
30.186211 -2.077999 27.883930
30.186211 31.904001 27.883930
-3.105615 -1.533778 26.024775
-3.105615 32.448222 26.024775
30.876385 -1.533778 26.024775
30.876385 32.448222 26.024775
-2.234147 20.176813 23.772788
31.747853 20.176813 23.772788
-2.077999 20.786789 23.089070
31.904001 20.786789 23.089070
-0.701728 18.253431 26.842382
33.280272 18.253431 26.842382
-1.600552 19.308572 27.572995
32.381448 19.308572 27.572995
-2.168052 17.883028 27.251865
31.813948 17.883028 27.251865
-1.533778 20.096615 24.948225
32.448222 20.096615 24.948225
23.772788 20.176813 -2.234147
23.772788 20.176813 31.747853
23.089070 20.786789 -2.077999
23.089070 20.786789 31.904001
26.842382 18.253431 -0.701728
26.842382 18.253431 33.280272
27.572995 19.308572 -1.600552
27.572995 19.308572 32.381448
27.251865 17.883028 -2.168052
27.251865 17.883028 31.813948
24.948225 20.096615 -1.533778
24.948225 20.096615 32.448222
23.772788 -3.185813 19.225147
23.772788 30.796187 19.225147
23.089070 -3.795789 19.068999
23.089070 30.186211 19.068999
24.948225 -3.105615 18.524778
24.948225 30.876385 18.524778
-3.185813 27.200212 -2.234147
-3.185813 27.200212 31.747853
30.796187 27.200212 -2.234147
30.796187 27.200212 31.747853
-3.795789 27.883930 -2.077999
-3.795789 27.883930 31.904001
30.186211 27.883930 -2.077999
30.186211 27.883930 31.904001
-3.105615 26.024775 -1.533778
-3.105615 26.024775 32.448222
30.876385 26.024775 -1.533778
30.876385 26.024775 32.448222
27.200212 20.176813 19.225147
27.883930 20.786789 19.068999
24.130618 18.253431 17.692728
23.400005 19.308572 18.591552
23.721135 17.883028 19.159052
26.024775 20.096615 18.524778
20.176813 23.772788 -2.234147
20.176813 23.772788 31.747853
20.786789 23.089070 -2.077999
20.786789 23.089070 31.904001
20.096615 24.948225 -1.533778
20.096615 24.948225 32.448222
27.200212 -3.185813 -2.234147
27.200212 -3.185813 31.747853
27.200212 30.796187 -2.234147
27.200212 30.796187 31.747853
27.883930 -3.795789 -2.077999
27.883930 -3.795789 31.904001
27.883930 30.186211 -2.077999
27.883930 30.186211 31.904001
26.024775 -3.105615 -1.533778
26.024775 -3.105615 32.448222
26.024775 30.876385 -1.533778
26.024775 30.876385 32.448222
-3.185813 23.772788 19.225147
30.796187 23.772788 19.225147
-3.795789 23.089070 19.068999
30.186211 23.089070 19.068999
-3.105615 24.948225 18.524778
30.876385 24.948225 18.524778
20.176813 27.200212 19.225147
20.786789 27.883930 19.068999
20.096615 26.024775 18.524778
-1.433393 23.883806 23.883806
32.548607 23.883806 23.883806
-2.342912 23.096165 24.085625
31.639088 23.096165 24.085625
-1.602092 25.075085 24.085625
32.379908 25.075085 24.085625
27.089194 -1.433393 27.089194
27.089194 32.548607 27.089194
27.876835 -2.342912 26.887375
27.876835 31.639088 26.887375
25.897915 -1.602092 26.887375
25.897915 32.379908 26.887375
18.593694 18.593694 24.053107
19.138948 17.644803 23.513998
17.644803 19.138948 23.513998
23.883806 -1.433393 23.883806
23.883806 32.548607 23.883806
25.075085 -1.602092 24.085625
25.075085 32.379908 24.085625
23.096165 -2.342912 24.085625
23.096165 31.639088 24.085625
27.089194 18.424393 23.883806
25.897915 18.593092 24.085625
27.876835 19.333912 24.085625
18.424393 23.883806 27.089194
18.593092 25.075085 26.887375
19.333912 23.096165 26.887375
26.919893 -1.602694 18.593694
26.919893 32.379306 18.593694
27.088592 -0.411415 18.391875
27.088592 33.570585 18.391875
27.829412 -2.390335 18.391875
27.829412 31.591665 18.391875
-1.602694 26.919893 18.593694
32.379306 26.919893 18.593694
-2.390335 27.829412 18.391875
31.591665 27.829412 18.391875
-0.411415 27.088592 18.391875
33.570585 27.088592 18.391875
18.593694 -1.602694 26.919893
18.593694 32.379306 26.919893
17.644803 -2.147948 27.459002
17.644803 31.834052 27.459002
19.138948 -0.653803 27.459002
19.138948 33.328197 27.459002
18.593694 24.053107 18.593694
19.381335 23.143588 18.391875
17.402415 23.884408 18.391875
27.089194 23.883806 18.424393
26.140303 23.338552 18.963502
27.634448 24.832697 18.963502
18.424393 27.089194 23.883806
19.333912 27.876835 24.085625
18.593092 25.897915 24.085625
18.593694 26.919893 -1.602694
18.593694 26.919893 32.379306
17.402415 27.088592 -1.400875
17.402415 27.088592 32.581125
19.381335 27.829412 -1.400875
19.381335 27.829412 32.581125
-1.433393 27.089194 27.089194
32.548607 27.089194 27.089194
-1.602092 25.897915 26.887375
32.379908 25.897915 26.887375
-2.342912 27.876835 26.887375
31.639088 27.876835 26.887375
23.883806 18.424393 27.089194
23.096165 19.333912 26.887375
25.075085 18.593092 26.887375
27.089194 27.089194 -1.433393
27.089194 27.089194 32.548607
27.634448 26.140303 -1.972502
27.634448 26.140303 32.009498
26.140303 27.634448 -1.972502
26.140303 27.634448 32.009498
23.883806 27.089194 18.424393
24.832697 27.634448 18.963502
23.338552 26.140303 18.963502
-1.602694 -1.602694 24.053107
-1.602694 32.379306 24.053107
32.379306 -1.602694 24.053107
32.379306 32.379306 24.053107
-2.147948 -0.653803 23.513998
-2.147948 33.328197 23.513998
31.834052 -0.653803 23.513998
31.834052 33.328197 23.513998
-0.653803 -2.147948 23.513998
-0.653803 31.834052 23.513998
33.328197 -2.147948 23.513998
33.328197 31.834052 23.513998
LINES 4422 13266
2 0 497
2 0 1032
2 0 1200
2 1 498
2 1 1033
2 1 1201
2 2 3
2 2 4
2 2 174
2 4 1027
2 4 1034
2 5 22
2 5 200
2 5 1032
2 5 1248
2 6 23
2 6 201
2 6 1033
2 6 1249
2 7 482
2 7 2051
2 7 2168
2 8 483
2 8 2052
2 8 2169
2 9 10
2 9 12
2 9 130
2 12 2044
2 12 2053
2 13 31
2 13 214
2 13 2051
2 13 2227
2 14 215
2 14 2228
2 15 32
2 15 216
2 15 2052
2 15 2229
2 16 217
2 16 2230
2 17 416
2 17 1049
2 17 1204
2 18 20
2 18 22
2 18 178
2 19 21
2 19 23
2 19 179
2 22 1045
2 23 1046
2 24 413
2 24 2067
2 24 2203
2 25 27
2 25 31
2 25 166
2 26 29
2 26 32
2 26 167
2 31 2062
2 32 2063
2 33 431
2 33 1064
2 33 1170
2 34 36
2 34 40
2 34 143
2 35 38
2 35 41
2 35 144
2 40 42
2 40 1059
2 41 44
2 41 1060
2 42 250
2 42 1083
2 42 1288
2 43 251
2 43 1289
2 44 252
2 44 1084
2 44 1290
2 45 253
2 45 1291
2 46 494
2 46 2085
2 46 2191
2 47 49
2 47 51
2 47 155
2 48 50
2 48 52
2 48 156
2 51 53
2 51 2081
2 52 54
2 52 2082
2 53 260
2 53 2098
2 53 2271
2 54 261
2 54 2099
2 54 2272
2 55 434
2 55 1083
2 55 1185
2 56 435
2 56 1084
2 56 1186
2 57 58
2 57 60
2 57 161
2 60 1065
2 60 1076
2 61 440
2 61 2098
2 61 2177
2 62 441
2 62 2099
2 62 2178
2 63 64
2 63 65
2 63 135
2 65 2086
2 65 2093
2 66 476
2 66 586
2 66 631
2 67 477
2 67 587
2 67 632
2 68 69
2 68 70
2 68 115
2 70 581
2 70 588
2 71 113
2 71 399
2 71 586
2 71 893
2 72 114
2 72 400
2 72 587
2 72 894
2 73 80
2 73 602
2 73 636
2 74 76
2 74 84
2 74 119
2 75 77
2 75 85
2 75 120
2 80 81
2 80 82
2 80 83
2 84 86
2 84 589
2 85 87
2 85 590
2 86 382
2 86 631
2 86 882
2 87 383
2 87 632
2 87 883
2 88 384
2 88 884
2 89 385
2 89 885
2 90 506
2 90 612
2 90 641
2 91 507
2 91 613
2 91 642
2 92 93
2 92 95
2 92 127
2 95 605
2 95 614
2 96 125
2 96 409
2 96 612
2 96 915
2 97 126
2 97 410
2 97 613
2 97 916
2 98 411
2 98 917
2 99 412
2 99 918
2 100 503
2 100 620
2 100 624
2 101 103
2 101 105
2 101 109
2 102 104
2 102 106
2 102 110
2 105 107
2 105 616
2 106 108
2 106 617
2 107 357
2 107 641
2 107 923
2 108 358
2 108 642
2 108 924
2 109 111
2 109 113
2 110 112
2 110 114
2 113 616
2 114 617
2 115 116
2 115 118
2 118 581
2 118 603
2 119 121
2 119 125
2 120 122
2 120 126
2 125 589
2 126 590
2 127 128
2 127 129
2 129 605
2 129 621
2 130 131
2 130 132
2 132 2044
2 132 2170
2 133 159
2 133 324
2 133 2168
2 133 2315
2 134 160
2 134 325
2 134 2169
2 134 2316
2 135 136
2 135 138
2 138 2093
2 138 2179
2 139 172
2 139 304
2 139 2177
2 139 2380
2 140 305
2 140 2381
2 141 173
2 141 306
2 141 2178
2 141 2382
2 142 307
2 142 2383
2 143 145
2 143 149
2 144 146
2 144 150
2 149 151
2 149 1059
2 150 152
2 150 1060
2 151 316
2 151 1200
2 151 1304
2 152 317
2 152 1201
2 152 1305
2 153 318
2 153 1306
2 154 319
2 154 1307
2 155 157
2 155 159
2 156 158
2 156 160
2 159 2081
2 160 2082
2 161 162
2 161 163
2 163 1076
2 163 1187
2 164 182
2 164 290
2 164 1185
2 164 1351
2 165 183
2 165 291
2 165 1186
2 165 1352
2 166 168
2 166 172
2 167 170
2 167 173
2 172 2062
2 173 2063
2 174 175
2 174 177
2 177 1027
2 177 1171
2 178 180
2 178 182
2 179 181
2 179 183
2 182 1045
2 183 1046
2 184 190
2 184 399
2 184 452
2 185 191
2 185 400
2 185 453
2 186 188
2 186 190
2 186 395
2 187 189
2 187 191
2 187 396
2 190 2053
2 191 2054
2 192 198
2 192 200
2 192 351
2 193 199
2 193 201
2 193 352
2 194 196
2 194 200
2 194 341
2 195 197
2 195 201
2 195 342
2 198 345
2 198 347
2 198 349
2 199 346
2 199 348
2 199 350
2 202 214
2 202 409
2 202 464
2 203 215
2 203 410
2 203 465
2 204 216
2 204 411
2 204 466
2 205 217
2 205 412
2 205 467
2 206 210
2 206 214
2 206 401
2 207 211
2 207 215
2 207 402
2 208 212
2 208 216
2 208 403
2 209 213
2 209 217
2 209 404
2 218 221
2 218 225
2 218 394
2 219 220
2 219 225
2 219 392
2 221 222
2 221 223
2 221 224
2 225 1034
2 226 229
2 226 233
2 226 361
2 227 228
2 227 233
2 227 359
2 229 230
2 229 231
2 229 232
2 233 2086
2 234 246
2 234 250
2 234 382
2 235 247
2 235 251
2 235 383
2 236 248
2 236 252
2 236 384
2 237 249
2 237 253
2 237 385
2 238 242
2 238 250
2 238 362
2 239 243
2 239 251
2 239 363
2 240 244
2 240 252
2 240 364
2 241 245
2 241 253
2 241 365
2 246 370
2 246 374
2 246 378
2 247 371
2 247 375
2 247 379
2 248 372
2 248 376
2 248 380
2 249 373
2 249 377
2 249 381
2 254 260
2 254 390
2 254 488
2 255 261
2 255 391
2 255 489
2 256 258
2 256 260
2 256 386
2 257 259
2 257 261
2 257 387
2 262 268
2 262 357
2 262 446
2 263 269
2 263 358
2 263 447
2 264 266
2 264 268
2 264 353
2 265 267
2 265 269
2 265 354
2 268 1065
2 269 1066
2 270 276
2 270 324
2 270 458
2 271 277
2 271 325
2 271 459
2 272 274
2 272 276
2 272 320
2 273 275
2 273 277
2 273 321
2 276 1171
2 277 1172
2 278 281
2 278 328
2 278 512
2 279 280
2 279 281
2 279 326
2 281 2170
2 282 288
2 282 290
2 282 339
2 283 289
2 283 291
2 283 340
2 284 286
2 284 290
2 284 329
2 285 287
2 285 291
2 285 330
2 288 333
2 288 335
2 288 337
2 289 334
2 289 336
2 289 338
2 292 304
2 292 316
2 292 419
2 293 305
2 293 317
2 293 420
2 294 306
2 294 318
2 294 421
2 295 307
2 295 319
2 295 422
2 296 300
2 296 304
2 296 308
2 297 301
2 297 305
2 297 309
2 298 302
2 298 306
2 298 310
2 299 303
2 299 307
2 299 311
2 308 312
2 308 316
2 309 313
2 309 317
2 310 314
2 310 318
2 311 315
2 311 319
2 320 322
2 320 324
2 321 323
2 321 325
2 326 327
2 326 328
2 328 1187
2 329 331
2 329 339
2 330 332
2 330 340
2 339 2179
2 340 2180
2 341 343
2 341 351
2 342 344
2 342 352
2 351 603
2 352 604
2 353 355
2 353 357
2 354 356
2 354 358
2 359 360
2 359 361
2 361 588
2 362 366
2 362 382
2 363 367
2 363 383
2 364 368
2 364 384
2 365 369
2 365 385
2 386 388
2 386 390
2 387 389
2 387 391
2 390 614
2 391 615
2 392 393
2 392 394
2 394 621
2 395 397
2 395 399
2 396 398
2 396 400
2 401 405
2 401 409
2 402 406
2 402 410
2 403 407
2 403 411
2 404 408
2 404 412
2 413 414
2 413 415
2 416 417
2 416 418
2 419 423
2 419 427
2 420 424
2 420 428
2 421 425
2 421 429
2 422 426
2 422 430
2 431 432
2 431 433
2 434 436
2 434 438
2 435 437
2 435 439
2 440 442
2 440 444
2 441 443
2 441 445
2 446 448
2 446 450
2 447 449
2 447 451
2 452 454
2 452 456
2 453 455
2 453 457
2 458 460
2 458 462
2 459 461
2 459 463
2 464 468
2 464 472
2 465 469
2 465 473
2 466 470
2 466 474
2 467 471
2 467 475
2 476 478
2 476 480
2 477 479
2 477 481
2 482 484
2 482 486
2 483 485
2 483 487
2 488 490
2 488 492
2 489 491
2 489 493
2 494 495
2 494 496
2 497 499
2 497 501
2 498 500
2 498 502
2 503 504
2 503 505
2 506 508
2 506 510
2 507 509
2 507 511
2 512 513
2 512 514
2 515 1009
2 515 1540
2 515 1704
2 516 1010
2 516 1541
2 516 1705
2 517 519
2 517 520
2 517 687
2 520 1533
2 520 1543
2 521 717
2 521 1759
2 522 539
2 522 718
2 522 1540
2 522 1760
2 523 719
2 523 1761
2 524 540
2 524 720
2 524 1541
2 524 1762
2 525 988
2 525 2564
2 525 2678
2 526 989
2 526 2565
2 526 2679
2 527 528
2 527 529
2 527 643
2 529 2559
2 529 2566
2 530 546
2 530 727
2 530 2564
2 530 2731
2 531 547
2 531 728
2 531 2565
2 531 2732
2 532 937
2 532 1556
2 532 1708
2 533 536
2 533 539
2 533 691
2 534 538
2 534 540
2 534 692
2 539 1551
2 540 1552
2 541 934
2 541 2580
2 541 2713
2 542 544
2 542 546
2 542 679
2 543 545
2 543 547
2 543 680
2 546 2576
2 547 2577
2 548 952
2 548 1568
2 548 1674
2 549 551
2 549 553
2 549 656
2 550 552
2 550 554
2 550 657
2 553 555
2 553 1564
2 554 556
2 554 1565
2 555 769
2 555 1588
2 555 1806
2 556 770
2 556 1589
2 556 1807
2 557 1006
2 557 2595
2 557 2701
2 558 561
2 558 564
2 558 668
2 559 563
2 559 565
2 559 669
2 564 567
2 564 2590
2 565 569
2 565 2591
2 566 783
2 566 2801
2 567 784
2 567 2610
2 567 2802
2 568 785
2 568 2803
2 569 786
2 569 2611
2 569 2804
2 570 955
2 570 1588
2 570 1689
2 571 956
2 571 1589
2 571 1690
2 572 573
2 572 574
2 572 674
2 574 1569
2 574 1583
2 575 961
2 575 2610
2 575 2687
2 576 962
2 576 2611
2 576 2688
2 577 579
2 577 580
2 577 648
2 580 2597
2 580 2603
2 581 985
2 582 584
2 582 586
2 582 625
2 583 585
2 583 587
2 583 626
2 588 624
2 588 927
2 589 594
2 590 595
2 591 592
2 591 602
2 591 633
2 594 596
2 594 598
2 594 600
2 595 597
2 595 599
2 595 601
2 602 603
2 603 905
2 604 906
2 605 1021
2 606 608
2 606 612
2 606 637
2 607 609
2 607 613
2 607 638
2 614 636
2 614 932
2 615 933
2 616 1015
2 617 1016
2 618 619
2 618 620
2 618 622
2 620 621
2 621 888
2 622 623
2 622 624
2 625 627
2 625 631
2 626 628
2 626 632
2 633 634
2 633 636
2 637 639
2 637 641
2 638 640
2 638 642
2 643 644
2 643 645
2 645 2559
2 645 2680
2 646 672
2 646 845
2 646 2678
2 646 2837
2 647 673
2 647 846
2 647 2679
2 647 2838
2 648 649
2 648 651
2 651 2603
2 651 2689
2 652 685
2 652 825
2 652 2687
2 652 2902
2 653 826
2 653 2903
2 654 686
2 654 827
2 654 2688
2 654 2904
2 655 828
2 655 2905
2 656 658
2 656 662
2 657 659
2 657 663
2 662 664
2 662 1564
2 663 665
2 663 1565
2 664 837
2 664 1704
2 664 1820
2 665 838
2 665 1705
2 665 1821
2 666 839
2 666 1822
2 667 840
2 667 1823
2 668 670
2 668 672
2 669 671
2 669 673
2 672 2590
2 673 2591
2 674 675
2 674 676
2 676 1583
2 676 1691
2 677 695
2 677 811
2 677 1689
2 677 1867
2 678 696
2 678 812
2 678 1690
2 678 1868
2 679 681
2 679 685
2 680 683
2 680 686
2 685 2576
2 686 2577
2 687 688
2 687 690
2 690 1533
2 690 1675
2 691 693
2 691 695
2 692 694
2 692 696
2 695 1551
2 696 1552
2 697 700
2 697 927
2 697 970
2 698 699
2 698 700
2 698 925
2 700 2566
2 701 713
2 701 717
2 701 882
2 702 714
2 702 718
2 702 883
2 703 715
2 703 719
2 703 884
2 704 716
2 704 720
2 704 885
2 705 709
2 705 717
2 705 862
2 706 710
2 706 718
2 706 863
2 707 711
2 707 719
2 707 864
2 708 712
2 708 720
2 708 865
2 713 870
2 713 874
2 713 878
2 714 871
2 714 875
2 714 879
2 715 872
2 715 876
2 715 880
2 716 873
2 716 877
2 716 881
2 721 727
2 721 932
2 721 979
2 722 728
2 722 933
2 722 980
2 723 725
2 723 727
2 723 928
2 724 726
2 724 728
2 724 929
2 729 735
2 729 743
2 729 923
2 730 736
2 730 744
2 730 924
2 731 733
2 731 743
2 731 919
2 732 734
2 732 744
2 732 920
2 735 737
2 735 739
2 735 741
2 736 738
2 736 740
2 736 742
2 743 1542
2 744 1543
2 745 751
2 745 759
2 745 893
2 746 752
2 746 760
2 746 894
2 747 749
2 747 759
2 747 889
2 748 750
2 748 760
2 748 890
2 751 753
2 751 755
2 751 757
2 752 754
2 752 756
2 752 758
2 759 2596
2 760 2597
2 761 767
2 761 769
2 761 905
2 762 768
2 762 770
2 762 906
2 763 765
2 763 769
2 763 895
2 764 766
2 764 770
2 764 896
2 767 899
2 767 901
2 767 903
2 768 900
2 768 902
2 768 904
2 771 783
2 771 915
2 771 994
2 772 784
2 772 916
2 772 995
2 773 785
2 773 917
2 773 996
2 774 786
2 774 918
2 774 997
2 775 779
2 775 783
2 775 907
2 776 780
2 776 784
2 776 908
2 777 781
2 777 785
2 777 909
2 778 782
2 778 786
2 778 910
2 787 790
2 787 888
2 787 967
2 788 789
2 788 790
2 788 886
2 790 1569
2 791 797
2 791 845
2 791 973
2 792 798
2 792 846
2 792 974
2 793 795
2 793 797
2 793 841
2 794 796
2 794 798
2 794 842
2 797 1675
2 798 1676
2 799 802
2 799 849
2 799 1024
2 800 801
2 800 802
2 800 847
2 802 2680
2 803 809
2 803 811
2 803 860
2 804 810
2 804 812
2 804 861
2 805 807
2 805 811
2 805 850
2 806 808
2 806 812
2 806 851
2 809 854
2 809 856
2 809 858
2 810 855
2 810 857
2 810 859
2 813 825
2 813 837
2 813 940
2 814 826
2 814 838
2 814 941
2 815 827
2 815 839
2 815 942
2 816 828
2 816 840
2 816 943
2 817 821
2 817 825
2 817 829
2 818 822
2 818 826
2 818 830
2 819 823
2 819 827
2 819 831
2 820 824
2 820 828
2 820 832
2 829 833
2 829 837
2 830 834
2 830 838
2 831 835
2 831 839
2 832 836
2 832 840
2 841 843
2 841 845
2 842 844
2 842 846
2 847 848
2 847 849
2 849 1691
2 850 852
2 850 860
2 851 853
2 851 861
2 860 2689
2 861 2690
2 862 866
2 862 882
2 863 867
2 863 883
2 864 868
2 864 884
2 865 869
2 865 885
2 886 887
2 886 888
2 889 891
2 889 893
2 890 892
2 890 894
2 895 897
2 895 905
2 896 898
2 896 906
2 907 911
2 907 915
2 908 912
2 908 916
2 909 913
2 909 917
2 910 914
2 910 918
2 919 921
2 919 923
2 920 922
2 920 924
2 925 926
2 925 927
2 928 930
2 928 932
2 929 931
2 929 933
2 934 935
2 934 936
2 937 938
2 937 939
2 940 944
2 940 948
2 941 945
2 941 949
2 942 946
2 942 950
2 943 947
2 943 951
2 952 953
2 952 954
2 955 957
2 955 959
2 956 958
2 956 960
2 961 963
2 961 965
2 962 964
2 962 966
2 967 968
2 967 969
2 970 971
2 970 972
2 973 975
2 973 977
2 974 976
2 974 978
2 979 981
2 979 983
2 980 982
2 980 984
2 985 986
2 985 987
2 988 990
2 988 992
2 989 991
2 989 993
2 994 998
2 994 1002
2 995 999
2 995 1003
2 996 1000
2 996 1004
2 997 1001
2 997 1005
2 1006 1007
2 1006 1008
2 1009 1011
2 1009 1013
2 1010 1012
2 1010 1014
2 1015 1017
2 1015 1019
2 1016 1018
2 1016 1020
2 1021 1022
2 1021 1023
2 1024 1025
2 1024 1026
2 1027 1515
2 1028 1030
2 1028 1032
2 1028 1194
2 1029 1031
2 1029 1033
2 1029 1195
2 1034 1049
2 1034 1217
2 1035 1500
2 1035 3074
2 1035 3189
2 1036 1501
2 1036 3075
2 1036 3190
2 1037 1038
2 1037 1040
2 1037 1154
2 1040 3067
2 1040 3076
2 1041 1057
2 1041 1230
2 1041 3074
2 1041 3243
2 1042 1231
2 1042 3244
2 1043 1058
2 1043 1232
2 1043 3075
2 1043 3245
2 1044 1233
2 1044 3246
2 1045 1425
2 1046 1426
2 1047 1048
2 1047 1049
2 1047 1202
2 1050 1422
2 1050 3088
2 1050 3220
2 1051 1053
2 1051 1057
2 1051 1188
2 1052 1055
2 1052 1058
2 1052 1189
2 1057 3083
2 1058 3084
2 1059 1437
2 1060 1438
2 1061 1062
2 1061 1064
2 1061 1167
2 1064 1065
2 1065 1266
2 1066 1267
2 1067 1512
2 1067 3101
2 1067 3207
2 1068 1070
2 1068 1072
2 1068 1173
2 1069 1071
2 1069 1073
2 1069 1174
2 1072 1074
2 1072 3097
2 1073 1075
2 1073 3098
2 1074 1274
2 1074 3117
2 1074 3290
2 1075 1275
2 1075 3118
2 1075 3291
2 1076 1443
2 1077 1079
2 1077 1083
2 1077 1181
2 1078 1081
2 1078 1084
2 1078 1182
2 1085 1446
2 1085 3117
2 1085 3197
2 1086 1447
2 1086 3118
2 1086 3198
2 1087 1088
2 1087 1089
2 1087 1162
2 1089 3102
2 1089 3112
2 1090 1494
2 1090 1601
2 1090 1644
2 1091 1495
2 1091 1602
2 1091 1645
2 1092 1093
2 1092 1094
2 1092 1139
2 1094 1596
2 1094 1603
2 1095 1137
2 1095 1408
2 1095 1601
2 1095 1897
2 1096 1138
2 1096 1409
2 1096 1602
2 1096 1898
2 1097 1102
2 1097 1616
2 1097 1649
2 1098 1100
2 1098 1106
2 1098 1142
2 1099 1101
2 1099 1107
2 1099 1143
2 1102 1103
2 1102 1104
2 1102 1105
2 1106 1108
2 1106 1604
2 1107 1109
2 1107 1605
2 1108 1390
2 1108 1644
2 1108 1885
2 1109 1391
2 1109 1645
2 1109 1886
2 1110 1521
2 1110 1625
2 1110 1656
2 1111 1522
2 1111 1626
2 1111 1657
2 1112 1113
2 1112 1115
2 1112 1150
2 1115 1618
2 1115 1627
2 1116 1148
2 1116 1418
2 1116 1625
2 1116 1913
2 1117 1149
2 1117 1419
2 1117 1626
2 1117 1914
2 1118 1420
2 1118 1915
2 1119 1421
2 1119 1916
2 1120 1518
2 1120 1634
2 1120 1639
2 1121 1125
2 1121 1127
2 1121 1133
2 1122 1126
2 1122 1128
2 1122 1134
2 1127 1131
2 1127 1629
2 1128 1132
2 1128 1630
2 1129 1373
2 1129 1925
2 1130 1374
2 1130 1926
2 1131 1375
2 1131 1656
2 1131 1927
2 1132 1376
2 1132 1657
2 1132 1928
2 1133 1135
2 1133 1137
2 1134 1136
2 1134 1138
2 1137 1629
2 1138 1630
2 1139 1140
2 1139 1141
2 1141 1596
2 1141 1617
2 1142 1144
2 1142 1148
2 1143 1145
2 1143 1149
2 1148 1604
2 1149 1605
2 1150 1152
2 1150 1153
2 1153 1618
2 1153 1636
2 1154 1156
2 1154 1157
2 1157 3067
2 1157 3192
2 1158 1343
2 1158 3342
2 1159 1179
2 1159 1344
2 1159 3189
2 1159 3343
2 1160 1345
2 1160 3344
2 1161 1180
2 1161 1346
2 1161 3190
2 1161 3345
2 1162 1163
2 1162 1164
2 1164 3112
2 1164 3199
2 1165 1192
2 1165 1327
2 1165 3197
2 1165 3391
2 1166 1193
2 1166 1328
2 1166 3198
2 1166 3392
2 1167 1168
2 1167 1170
2 1170 1171
2 1171 1333
2 1172 1334
2 1173 1176
2 1173 1179
2 1174 1178
2 1174 1180
2 1179 3097
2 1180 3098
2 1181 1183
2 1181 1185
2 1182 1184
2 1182 1186
2 1187 1204
2 1187 1320
2 1188 1190
2 1188 1192
2 1189 1191
2 1189 1193
2 1192 3083
2 1193 3084
2 1194 1196
2 1194 1200
2 1195 1197
2 1195 1201
2 1202 1203
2 1202 1204
2 1205 1211
2 1205 1408
2 1205 1464
2 1206 1212
2 1206 1409
2 1206 1465
2 1207 1209
2 1207 1211
2 1207 1404
2 1208 1210
2 1208 1212
2 1208 1405
2 1211 3076
2 1212 3077
2 1213 1216
2 1213 1217
2 1213 1364
2 1214 1215
2 1214 1217
2 1214 1359
2 1216 1361
2 1216 1362
2 1216 1363
2 1218 1230
2 1218 1418
2 1218 1482
2 1219 1231
2 1219 1419
2 1219 1483
2 1220 1232
2 1220 1420
2 1220 1484
2 1221 1233
2 1221 1421
2 1221 1485
2 1222 1226
2 1222 1230
2 1222 1410
2 1223 1227
2 1223 1231
2 1223 1411
2 1224 1228
2 1224 1232
2 1224 1412
2 1225 1229
2 1225 1233
2 1225 1413
2 1234 1240
2 1234 1248
2 1234 1402
2 1235 1241
2 1235 1249
2 1235 1403
2 1236 1238
2 1236 1248
2 1236 1398
2 1237 1239
2 1237 1249
2 1237 1399
2 1240 1242
2 1240 1244
2 1240 1246
2 1241 1243
2 1241 1245
2 1241 1247
2 1250 1253
2 1250 1257
2 1250 1379
2 1251 1252
2 1251 1257
2 1251 1377
2 1253 1254
2 1253 1255
2 1253 1256
2 1257 3102
2 1258 1264
2 1258 1266
2 1258 1390
2 1259 1265
2 1259 1267
2 1259 1391
2 1260 1262
2 1260 1266
2 1260 1380
2 1261 1263
2 1261 1267
2 1261 1381
2 1264 1384
2 1264 1386
2 1264 1388
2 1265 1385
2 1265 1387
2 1265 1389
2 1268 1274
2 1268 1396
2 1268 1506
2 1269 1275
2 1269 1397
2 1269 1507
2 1270 1272
2 1270 1274
2 1270 1392
2 1271 1273
2 1271 1275
2 1271 1393
2 1276 1288
2 1276 1373
2 1276 1452
2 1277 1289
2 1277 1374
2 1277 1453
2 1278 1290
2 1278 1375
2 1278 1454
2 1279 1291
2 1279 1376
2 1279 1455
2 1280 1284
2 1280 1288
2 1280 1365
2 1281 1285
2 1281 1289
2 1281 1366
2 1282 1286
2 1282 1290
2 1282 1367
2 1283 1287
2 1283 1291
2 1283 1368
2 1292 1304
2 1292 1343
2 1292 1470
2 1293 1305
2 1293 1344
2 1293 1471
2 1294 1306
2 1294 1345
2 1294 1472
2 1295 1307
2 1295 1346
2 1295 1473
2 1296 1300
2 1296 1304
2 1296 1335
2 1297 1301
2 1297 1305
2 1297 1336
2 1298 1302
2 1298 1306
2 1298 1337
2 1299 1303
2 1299 1307
2 1299 1338
2 1308 1314
2 1308 1351
2 1308 1527
2 1309 1315
2 1309 1352
2 1309 1528
2 1310 1312
2 1310 1314
2 1310 1347
2 1311 1313
2 1311 1315
2 1311 1348
2 1314 3191
2 1315 3192
2 1316 1319
2 1316 1320
2 1316 1358
2 1317 1318
2 1317 1320
2 1317 1353
2 1319 1355
2 1319 1356
2 1319 1357
2 1321 1327
2 1321 1333
2 1321 1431
2 1322 1328
2 1322 1334
2 1322 1432
2 1323 1325
2 1323 1327
2 1323 1329
2 1324 1326
2 1324 1328
2 1324 1330
2 1329 1331
2 1329 1333
2 1330 1332
2 1330 1334
2 1335 1339
2 1335 1343
2 1336 1340
2 1336 1344
2 1337 1341
2 1337 1345
2 1338 1342
2 1338 1346
2 1347 1349
2 1347 1351
2 1348 1350
2 1348 1352
2 1353 1354
2 1353 1358
2 1358 3199
2 1359 1360
2 1359 1364
2 1364 1617
2 1365 1369
2 1365 1373
2 1366 1370
2 1366 1374
2 1367 1371
2 1367 1375
2 1368 1372
2 1368 1376
2 1377 1378
2 1377 1379
2 1379 1603
2 1380 1382
2 1380 1390
2 1381 1383
2 1381 1391
2 1392 1394
2 1392 1396
2 1393 1395
2 1393 1397
2 1396 1627
2 1397 1628
2 1398 1400
2 1398 1402
2 1399 1401
2 1399 1403
2 1402 1635
2 1403 1636
2 1404 1406
2 1404 1408
2 1405 1407
2 1405 1409
2 1410 1414
2 1410 1418
2 1411 1415
2 1411 1419
2 1412 1416
2 1412 1420
2 1413 1417
2 1413 1421
2 1422 1423
2 1422 1424
2 1425 1427
2 1425 1429
2 1426 1428
2 1426 1430
2 1431 1433
2 1431 1435
2 1432 1434
2 1432 1436
2 1437 1439
2 1437 1441
2 1438 1440
2 1438 1442
2 1443 1444
2 1443 1445
2 1446 1448
2 1446 1450
2 1447 1449
2 1447 1451
2 1452 1456
2 1452 1460
2 1453 1457
2 1453 1461
2 1454 1458
2 1454 1462
2 1455 1459
2 1455 1463
2 1464 1466
2 1464 1468
2 1465 1467
2 1465 1469
2 1470 1474
2 1470 1478
2 1471 1475
2 1471 1479
2 1472 1476
2 1472 1480
2 1473 1477
2 1473 1481
2 1482 1486
2 1482 1490
2 1483 1487
2 1483 1491
2 1484 1488
2 1484 1492
2 1485 1489
2 1485 1493
2 1494 1496
2 1494 1498
2 1495 1497
2 1495 1499
2 1500 1502
2 1500 1504
2 1501 1503
2 1501 1505
2 1506 1508
2 1506 1510
2 1507 1509
2 1507 1511
2 1512 1513
2 1512 1514
2 1515 1516
2 1515 1517
2 1518 1519
2 1518 1520
2 1521 1523
2 1521 1525
2 1522 1524
2 1522 1526
2 1527 1529
2 1527 1531
2 1528 1530
2 1528 1532
2 1533 2019
2 1534 1537
2 1534 1540
2 1534 1698
2 1535 1539
2 1535 1541
2 1535 1699
2 1542 1721
2 1543 1556
2 1543 1722
2 1544 1998
2 1544 3577
2 1544 3689
2 1545 1999
2 1545 3578
2 1545 3690
2 1546 1547
2 1546 1548
2 1546 1658
2 1548 3572
2 1548 3579
2 1549 1562
2 1549 1729
2 1549 3577
2 1549 3737
2 1550 1563
2 1550 1730
2 1550 3578
2 1550 3738
2 1551 1941
2 1552 1942
2 1553 1555
2 1553 1556
2 1553 1706
2 1557 1938
2 1557 3590
2 1557 3720
2 1558 1560
2 1558 1562
2 1558 1692
2 1559 1561
2 1559 1563
2 1559 1693
2 1562 3586
2 1563 3587
2 1564 1953
2 1565 1954
2 1566 1567
2 1566 1568
2 1566 1671
2 1568 1569
2 1569 1783
2 1570 2016
2 1570 3602
2 1570 3707
2 1571 1574
2 1571 1577
2 1571 1677
2 1572 1576
2 1572 1578
2 1572 1678
2 1577 1580
2 1577 3597
2 1578 1582
2 1578 3598
2 1579 1796
2 1579 3813
2 1580 1797
2 1580 3619
2 1580 3814
2 1581 1798
2 1581 3815
2 1582 1799
2 1582 3620
2 1582 3816
2 1583 1959
2 1584 1586
2 1584 1588
2 1584 1685
2 1585 1587
2 1585 1589
2 1585 1686
2 1590 1962
2 1590 3619
2 1590 3697
2 1591 1963
2 1591 3620
2 1591 3698
2 1592 1594
2 1592 1595
2 1592 1666
2 1595 3604
2 1595 3612
2 1596 1995
2 1597 1599
2 1597 1601
2 1597 1640
2 1598 1600
2 1598 1602
2 1598 1641
2 1603 1639
2 1603 1931
2 1604 1608
2 1605 1609
2 1606 1607
2 1606 1616
2 1606 1646
2 1608 1610
2 1608 1612
2 1608 1614
2 1609 1611
2 1609 1613
2 1609 1615
2 1616 1617
2 1617 1904
2 1618 2028
2 1619 1621
2 1619 1625
2 1619 1650
2 1620 1622
2 1620 1626
2 1620 1651
2 1627 1649
2 1627 1936
2 1628 1937
2 1629 2022
2 1630 2023
2 1631 1633
2 1631 1634
2 1631 1637
2 1634 1636
2 1635 1891
2 1636 1892
2 1637 1638
2 1637 1639
2 1640 1642
2 1640 1644
2 1641 1643
2 1641 1645
2 1646 1647
2 1646 1649
2 1650 1654
2 1650 1656
2 1651 1655
2 1651 1657
2 1658 1660
2 1658 1661
2 1661 3572
2 1661 3692
2 1662 1859
2 1662 3858
2 1663 1683
2 1663 1860
2 1663 3689
2 1663 3859
2 1664 1861
2 1664 3860
2 1665 1684
2 1665 1862
2 1665 3690
2 1665 3861
2 1666 1667
2 1666 1668
2 1668 3612
2 1668 3699
2 1669 1696
2 1669 1843
2 1669 3697
2 1669 3907
2 1670 1697
2 1670 1844
2 1670 3698
2 1670 3908
2 1671 1672
2 1671 1674
2 1674 1675
2 1675 1849
2 1676 1850
2 1677 1680
2 1677 1683
2 1678 1682
2 1678 1684
2 1683 3597
2 1684 3598
2 1685 1687
2 1685 1689
2 1686 1688
2 1686 1690
2 1691 1708
2 1691 1836
2 1692 1694
2 1692 1696
2 1693 1695
2 1693 1697
2 1696 3586
2 1697 3587
2 1698 1700
2 1698 1704
2 1699 1701
2 1699 1705
2 1706 1707
2 1706 1708
2 1709 1712
2 1709 1931
2 1709 1974
2 1710 1711
2 1710 1712
2 1710 1929
2 1712 3579
2 1713 1719
2 1713 1721
2 1713 1885
2 1714 1720
2 1714 1722
2 1714 1886
2 1715 1717
2 1715 1721
2 1715 1875
2 1716 1718
2 1716 1722
2 1716 1876
2 1719 1879
2 1719 1881
2 1719 1883
2 1720 1880
2 1720 1882
2 1720 1884
2 1723 1729
2 1723 1936
2 1723 1989
2 1724 1730
2 1724 1937
2 1724 1990
2 1725 1727
2 1725 1729
2 1725 1932
2 1726 1728
2 1726 1730
2 1726 1933
2 1731 1743
2 1731 1759
2 1731 1925
2 1732 1744
2 1732 1760
2 1732 1926
2 1733 1745
2 1733 1761
2 1733 1927
2 1734 1746
2 1734 1762
2 1734 1928
2 1735 1739
2 1735 1759
2 1735 1917
2 1736 1740
2 1736 1760
2 1736 1918
2 1737 1741
2 1737 1761
2 1737 1919
2 1738 1742
2 1738 1762
2 1738 1920
2 1743 1747
2 1743 1751
2 1743 1755
2 1744 1748
2 1744 1752
2 1744 1756
2 1745 1749
2 1745 1753
2 1745 1757
2 1746 1750
2 1746 1754
2 1746 1758
2 1763 1769
2 1763 1777
2 1763 1897
2 1764 1770
2 1764 1778
2 1764 1898
2 1765 1767
2 1765 1777
2 1765 1893
2 1766 1768
2 1766 1778
2 1766 1894
2 1769 1771
2 1769 1773
2 1769 1775
2 1770 1772
2 1770 1774
2 1770 1776
2 1777 3603
2 1778 3604
2 1779 1782
2 1779 1783
2 1779 1904
2 1780 1781
2 1780 1783
2 1780 1899
2 1782 1901
2 1782 1902
2 1782 1903
2 1784 1796
2 1784 1913
2 1784 2004
2 1785 1797
2 1785 1914
2 1785 2005
2 1786 1798
2 1786 1915
2 1786 2006
2 1787 1799
2 1787 1916
2 1787 2007
2 1788 1792
2 1788 1796
2 1788 1905
2 1789 1793
2 1789 1797
2 1789 1906
2 1790 1794
2 1790 1798
2 1790 1907
2 1791 1795
2 1791 1799
2 1791 1908
2 1800 1806
2 1800 1891
2 1800 1968
2 1801 1807
2 1801 1892
2 1801 1969
2 1802 1804
2 1802 1806
2 1802 1887
2 1803 1805
2 1803 1807
2 1803 1888
2 1808 1820
2 1808 1859
2 1808 1977
2 1809 1821
2 1809 1860
2 1809 1978
2 1810 1822
2 1810 1861
2 1810 1979
2 1811 1823
2 1811 1862
2 1811 1980
2 1812 1816
2 1812 1820
2 1812 1851
2 1813 1817
2 1813 1821
2 1813 1852
2 1814 1818
2 1814 1822
2 1814 1853
2 1815 1819
2 1815 1823
2 1815 1854
2 1824 1830
2 1824 1867
2 1824 2031
2 1825 1831
2 1825 1868
2 1825 2032
2 1826 1828
2 1826 1830
2 1826 1863
2 1827 1829
2 1827 1831
2 1827 1864
2 1830 3691
2 1831 3692
2 1832 1835
2 1832 1836
2 1832 1874
2 1833 1834
2 1833 1836
2 1833 1869
2 1835 1871
2 1835 1872
2 1835 1873
2 1837 1843
2 1837 1849
2 1837 1947
2 1838 1844
2 1838 1850
2 1838 1948
2 1839 1841
2 1839 1843
2 1839 1845
2 1840 1842
2 1840 1844
2 1840 1846
2 1845 1847
2 1845 1849
2 1846 1848
2 1846 1850
2 1851 1855
2 1851 1859
2 1852 1856
2 1852 1860
2 1853 1857
2 1853 1861
2 1854 1858
2 1854 1862
2 1863 1865
2 1863 1867
2 1864 1866
2 1864 1868
2 1869 1870
2 1869 1874
2 1874 3699
2 1875 1877
2 1875 1885
2 1876 1878
2 1876 1886
2 1887 1889
2 1887 1891
2 1888 1890
2 1888 1892
2 1893 1895
2 1893 1897
2 1894 1896
2 1894 1898
2 1899 1900
2 1899 1904
2 1905 1909
2 1905 1913
2 1906 1910
2 1906 1914
2 1907 1911
2 1907 1915
2 1908 1912
2 1908 1916
2 1917 1921
2 1917 1925
2 1918 1922
2 1918 1926
2 1919 1923
2 1919 1927
2 1920 1924
2 1920 1928
2 1929 1930
2 1929 1931
2 1932 1934
2 1932 1936
2 1933 1935
2 1933 1937
2 1938 1939
2 1938 1940
2 1941 1943
2 1941 1945
2 1942 1944
2 1942 1946
2 1947 1949
2 1947 1951
2 1948 1950
2 1948 1952
2 1953 1955
2 1953 1957
2 1954 1956
2 1954 1958
2 1959 1960
2 1959 1961
2 1962 1964
2 1962 1966
2 1963 1965
2 1963 1967
2 1968 1970
2 1968 1972
2 1969 1971
2 1969 1973
2 1974 1975
2 1974 1976
2 1977 1981
2 1977 1985
2 1978 1982
2 1978 1986
2 1979 1983
2 1979 1987
2 1980 1984
2 1980 1988
2 1989 1991
2 1989 1993
2 1990 1992
2 1990 1994
2 1995 1996
2 1995 1997
2 1998 2000
2 1998 2002
2 1999 2001
2 1999 2003
2 2004 2008
2 2004 2012
2 2005 2009
2 2005 2013
2 2006 2010
2 2006 2014
2 2007 2011
2 2007 2015
2 2016 2017
2 2016 2018
2 2019 2020
2 2019 2021
2 2022 2024
2 2022 2026
2 2023 2025
2 2023 2027
2 2028 2029
2 2028 2030
2 2031 2033
2 2031 2035
2 2032 2034
2 2032 2036
2 2037 2528
2 2037 3064
2 2037 3225
2 2038 2529
2 2038 3065
2 2038 3226
2 2039 2040
2 2039 2041
2 2039 2204
2 2041 3059
2 2041 3066
2 2042 2060
2 2042 2239
2 2042 3064
2 2042 3274
2 2043 2061
2 2043 2240
2 2043 3065
2 2043 3275
2 2044 2516
2 2045 2047
2 2045 2051
2 2045 2164
2 2046 2049
2 2046 2052
2 2046 2165
2 2053 2067
2 2053 2247
2 2054 2248
2 2055 2462
2 2055 3082
2 2055 3230
2 2056 2058
2 2056 2060
2 2056 2207
2 2057 2059
2 2057 2061
2 2057 2208
2 2060 3078
2 2061 3079
2 2062 2456
2 2063 2457
2 2064 2065
2 2064 2067
2 2064 2200
2 2068 2471
2 2068 3094
2 2068 3202
2 2069 2071
2 2069 2075
2 2069 2181
2 2070 2073
2 2070 2076
2 2070 2182
2 2075 2077
2 2075 3089
2 2076 2079
2 2076 3090
2 2077 2289
2 2077 3110
2 2077 3318
2 2078 2290
2 2078 3319
2 2079 2291
2 2079 3111
2 2079 3320
2 2080 2292
2 2080 3321
2 2081 2522
2 2082 2523
2 2083 2084
2 2083 2085
2 2083 2189
2 2085 2086
2 2086 2296
2 2087 2474
2 2087 3110
2 2087 3214
2 2088 2475
2 2088 3111
2 2088 3215
2 2089 2090
2 2089 2092
2 2089 2192
2 2092 3095
2 2092 3103
2 2093 2480
2 2094 2096
2 2094 2098
2 2094 2171
2 2095 2097
2 2095 2099
2 2095 2172
2 2100 2510
2 2100 2619
2 2100 2663
2 2101 2511
2 2101 2620
2 2101 2664
2 2102 2104
2 2102 2105
2 2102 2151
2 2105 2612
2 2105 2622
2 2106 2446
2 2106 2941
2 2107 2447
2 2107 2942
2 2108 2149
2 2108 2448
2 2108 2619
2 2108 2943
2 2109 2150
2 2109 2449
2 2109 2620
2 2109 2944
2 2110 2117
2 2110 2636
2 2110 2667
2 2111 2113
2 2111 2121
2 2111 2155
2 2112 2114
2 2112 2122
2 2112 2156
2 2117 2118
2 2117 2119
2 2117 2120
2 2121 2123
2 2121 2623
2 2122 2124
2 2122 2624
2 2123 2428
2 2123 2663
2 2123 2926
2 2124 2429
2 2124 2664
2 2124 2927
2 2125 2430
2 2125 2928
2 2126 2431
2 2126 2929
2 2127 2537
2 2127 2644
2 2127 2672
2 2128 2538
2 2128 2645
2 2128 2673
2 2129 2130
2 2129 2131
2 2129 2161
2 2131 2639
2 2131 2646
2 2132 2159
2 2132 2454
2 2132 2644
2 2132 2961
2 2133 2160
2 2133 2455
2 2133 2645
2 2133 2962
2 2134 2534
2 2134 2651
2 2134 2656
2 2135 2137
2 2135 2139
2 2135 2143
2 2136 2138
2 2136 2140
2 2136 2144
2 2139 2141
2 2139 2647
2 2140 2142
2 2140 2648
2 2141 2400
2 2141 2672
2 2141 2967
2 2142 2401
2 2142 2673
2 2142 2968
2 2143 2147
2 2143 2149
2 2144 2148
2 2144 2150
2 2149 2647
2 2150 2648
2 2151 2152
2 2151 2154
2 2154 2612
2 2154 2637
2 2155 2157
2 2155 2159
2 2156 2158
2 2156 2160
2 2159 2623
2 2160 2624
2 2161 2162
2 2161 2163
2 2163 2639
2 2163 2652
2 2164 2166
2 2164 2168
2 2165 2167
2 2165 2169
2 2170 2191
2 2170 2353
2 2171 2173
2 2171 2177
2 2172 2175
2 2172 2178
2 2179 2203
2 2179 2343
2 2180 2344
2 2181 2183
2 2181 2185
2 2182 2184
2 2182 2186
2 2185 2187
2 2185 3089
2 2186 2188
2 2186 3090
2 2187 2349
2 2187 3225
2 2187 3328
2 2188 2350
2 2188 3226
2 2188 3329
2 2189 2190
2 2189 2191
2 2192 2194
2 2192 2195
2 2195 3103
2 2195 3217
2 2196 2333
2 2196 3377
2 2197 2334
2 2197 3378
2 2198 2213
2 2198 2335
2 2198 3214
2 2198 3379
2 2199 2214
2 2199 2336
2 2199 3215
2 2199 3380
2 2200 2201
2 2200 2203
2 2204 2205
2 2204 2206
2 2206 3059
2 2206 3203
2 2207 2211
2 2207 2213
2 2208 2212
2 2208 2214
2 2213 3078
2 2214 3079
2 2215 2227
2 2215 2446
2 2215 2489
2 2216 2228
2 2216 2447
2 2216 2490
2 2217 2229
2 2217 2448
2 2217 2491
2 2218 2230
2 2218 2449
2 2218 2492
2 2219 2223
2 2219 2227
2 2219 2438
2 2220 2224
2 2220 2228
2 2220 2439
2 2221 2225
2 2221 2229
2 2221 2440
2 2222 2226
2 2222 2230
2 2222 2441
2 2231 2237
2 2231 2239
2 2231 2394
2 2232 2238
2 2232 2240
2 2232 2395
2 2233 2235
2 2233 2239
2 2233 2384
2 2234 2236
2 2234 2240
2 2234 2385
2 2237 2388
2 2237 2390
2 2237 2392
2 2238 2389
2 2238 2391
2 2238 2393
2 2241 2247
2 2241 2454
2 2241 2504
2 2242 2248
2 2242 2455
2 2242 2505
2 2243 2245
2 2243 2247
2 2243 2450
2 2244 2246
2 2244 2248
2 2244 2451
2 2249 2252
2 2249 2256
2 2249 2437
2 2250 2251
2 2250 2256
2 2250 2435
2 2252 2253
2 2252 2254
2 2252 2255
2 2256 3066
2 2257 2263
2 2257 2271
2 2257 2406
2 2258 2264
2 2258 2272
2 2258 2407
2 2259 2261
2 2259 2271
2 2259 2402
2 2260 2262
2 2260 2272
2 2260 2403
2 2263 2265
2 2263 2267
2 2263 2269
2 2264 2266
2 2264 2268
2 2264 2270
2 2273 2285
2 2273 2289
2 2273 2428
2 2274 2286
2 2274 2290
2 2274 2429
2 2275 2287
2 2275 2291
2 2275 2430
2 2276 2288
2 2276 2292
2 2276 2431
2 2277 2281
2 2277 2289
2 2277 2408
2 2278 2282
2 2278 2290
2 2278 2409
2 2279 2283
2 2279 2291
2 2279 2410
2 2280 2284
2 2280 2292
2 2280 2411
2 2285 2416
2 2285 2420
2 2285 2424
2 2286 2417
2 2286 2421
2 2286 2425
2 2287 2418
2 2287 2422
2 2287 2426
2 2288 2419
2 2288 2423
2 2288 2427
2 2293 2296
2 2293 2434
2 2293 2519
2 2294 2295
2 2294 2296
2 2294 2432
2 2297 2303
2 2297 2400
2 2297 2483
2 2298 2304
2 2298 2401
2 2298 2484
2 2299 2301
2 2299 2303
2 2299 2396
2 2300 2302
2 2300 2304
2 2300 2397
2 2303 3095
2 2304 3096
2 2305 2308
2 2305 2353
2 2305 2501
2 2306 2307
2 2306 2308
2 2306 2351
2 2308 3203
2 2309 2315
2 2309 2358
2 2309 2543
2 2310 2316
2 2310 2359
2 2310 2544
2 2311 2313
2 2311 2315
2 2311 2354
2 2312 2314
2 2312 2316
2 2312 2355
2 2317 2329
2 2317 2333
2 2317 2380
2 2318 2330
2 2318 2334
2 2318 2381
2 2319 2331
2 2319 2335
2 2319 2382
2 2320 2332
2 2320 2336
2 2320 2383
2 2321 2325
2 2321 2333
2 2321 2360
2 2322 2326
2 2322 2334
2 2322 2361
2 2323 2327
2 2323 2335
2 2323 2362
2 2324 2328
2 2324 2336
2 2324 2363
2 2329 2368
2 2329 2372
2 2329 2376
2 2330 2369
2 2330 2373
2 2330 2377
2 2331 2370
2 2331 2374
2 2331 2378
2 2332 2371
2 2332 2375
2 2332 2379
2 2337 2343
2 2337 2349
2 2337 2465
2 2338 2344
2 2338 2350
2 2338 2466
2 2339 2341
2 2339 2343
2 2339 2345
2 2340 2342
2 2340 2344
2 2340 2346
2 2345 2347
2 2345 2349
2 2346 2348
2 2346 2350
2 2351 2352
2 2351 2353
2 2354 2356
2 2354 2358
2 2355 2357
2 2355 2359
2 2358 3216
2 2359 3217
2 2360 2364
2 2360 2380
2 2361 2365
2 2361 2381
2 2362 2366
2 2362 2382
2 2363 2367
2 2363 2383
2 2384 2386
2 2384 2394
2 2385 2387
2 2385 2395
2 2394 2637
2 2395 2638
2 2396 2398
2 2396 2400
2 2397 2399
2 2397 2401
2 2402 2404
2 2402 2406
2 2403 2405
2 2403 2407
2 2406 2621
2 2407 2622
2 2408 2412
2 2408 2428
2 2409 2413
2 2409 2429
2 2410 2414
2 2410 2430
2 2411 2415
2 2411 2431
2 2432 2433
2 2432 2434
2 2434 2646
2 2435 2436
2 2435 2437
2 2437 2652
2 2438 2442
2 2438 2446
2 2439 2443
2 2439 2447
2 2440 2444
2 2440 2448
2 2441 2445
2 2441 2449
2 2450 2452
2 2450 2454
2 2451 2453
2 2451 2455
2 2456 2458
2 2456 2460
2 2457 2459
2 2457 2461
2 2462 2463
2 2462 2464
2 2465 2467
2 2465 2469
2 2466 2468
2 2466 2470
2 2471 2472
2 2471 2473
2 2474 2476
2 2474 2478
2 2475 2477
2 2475 2479
2 2480 2481
2 2480 2482
2 2483 2485
2 2483 2487
2 2484 2486
2 2484 2488
2 2489 2493
2 2489 2497
2 2490 2494
2 2490 2498
2 2491 2495
2 2491 2499
2 2492 2496
2 2492 2500
2 2501 2502
2 2501 2503
2 2504 2506
2 2504 2508
2 2505 2507
2 2505 2509
2 2510 2512
2 2510 2514
2 2511 2513
2 2511 2515
2 2516 2517
2 2516 2518
2 2519 2520
2 2519 2521
2 2522 2524
2 2522 2526
2 2523 2525
2 2523 2527
2 2528 2530
2 2528 2532
2 2529 2531
2 2529 2533
2 2534 2535
2 2534 2536
2 2537 2539
2 2537 2541
2 2538 2540
2 2538 2542
2 2543 2545
2 2543 2547
2 2544 2546
2 2544 2548
2 2549 3038
2 2549 3568
2 2549 3725
2 2550 3039
2 2550 3569
2 2550 3726
2 2551 2553
2 2551 2554
2 2551 2714
2 2554 3561
2 2554 3571
2 2555 2749
2 2555 3781
2 2556 2574
2 2556 2750
2 2556 3568
2 2556 3782
2 2557 2751
2 2557 3783
2 2558 2575
2 2558 2752
2 2558 3569
2 2558 3784
2 2559 3023
2 2560 2562
2 2560 2564
2 2560 2674
2 2561 2563
2 2561 2565
2 2561 2675
2 2566 2580
2 2566 2756
2 2567 2984
2 2567 3585
2 2567 3730
2 2568 2571
2 2568 2574
2 2568 2717
2 2569 2573
2 2569 2575
2 2569 2718
2 2574 3580
2 2575 3581
2 2576 2978
2 2577 2979
2 2578 2579
2 2578 2580
2 2578 2710
2 2581 2993
2 2581 3595
2 2581 3702
2 2582 2584
2 2582 2586
2 2582 2691
2 2583 2585
2 2583 2587
2 2583 2692
2 2586 2588
2 2586 3591
2 2587 2589
2 2587 3592
2 2588 2813
2 2588 3610
2 2588 3836
2 2589 2814
2 2589 3611
2 2589 3837
2 2590 3032
2 2591 3033
2 2592 2594
2 2592 2595
2 2592 2699
2 2595 2597
2 2596 2821
2 2597 2822
2 2598 2996
2 2598 3610
2 2598 3714
2 2599 2997
2 2599 3611
2 2599 3715
2 2600 2601
2 2600 2602
2 2600 2702
2 2602 3596
2 2602 3605
2 2603 3002
2 2604 2607
2 2604 2610
2 2604 2681
2 2605 2609
2 2605 2611
2 2605 2682
2 2612 3020
2 2613 2617
2 2613 2619
2 2613 2657
2 2614 2618
2 2614 2620
2 2614 2658
2 2621 2973
2 2622 2656
2 2622 2974
2 2623 2628
2 2624 2629
2 2625 2626
2 2625 2636
2 2625 2665
2 2628 2630
2 2628 2632
2 2628 2634
2 2629 2631
2 2629 2633
2 2629 2635
2 2636 2637
2 2637 2955
2 2638 2956
2 2639 3050
2 2640 2642
2 2640 2644
2 2640 2668
2 2641 2643
2 2641 2645
2 2641 2669
2 2646 2667
2 2646 2977
2 2647 3044
2 2648 3045
2 2649 2650
2 2649 2651
2 2649 2653
2 2651 2652
2 2652 2932
2 2653 2655
2 2653 2656
2 2657 2659
2 2657 2663
2 2658 2660
2 2658 2664
2 2665 2666
2 2665 2667
2 2668 2670
2 2668 2672
2 2669 2671
2 2669 2673
2 2674 2676
2 2674 2678
2 2675 2677
2 2675 2679
2 2680 2701
2 2680 2875
2 2681 2683
2 2681 2687
2 2682 2685
2 2682 2688
2 2689 2713
2 2689 2865
2 2690 2866
2 2691 2693
2 2691 2695
2 2692 2694
2 2692 2696
2 2695 2697
2 2695 3591
2 2696 2698
2 2696 3592
2 2697 2871
2 2697 3725
2 2697 3844
2 2698 2872
2 2698 3726
2 2698 3845
2 2699 2700
2 2699 2701
2 2702 2704
2 2702 2705
2 2705 3605
2 2705 3717
2 2706 2855
2 2706 3893
2 2707 2856
2 2707 3894
2 2708 2723
2 2708 2857
2 2708 3714
2 2708 3895
2 2709 2724
2 2709 2858
2 2709 3715
2 2709 3896
2 2710 2711
2 2710 2713
2 2714 2715
2 2714 2716
2 2716 3561
2 2716 3703
2 2717 2721
2 2717 2723
2 2718 2722
2 2718 2724
2 2723 3580
2 2724 3581
2 2725 2731
2 2725 2973
2 2725 3008
2 2726 2732
2 2726 2974
2 2726 3009
2 2727 2729
2 2727 2731
2 2727 2969
2 2728 2730
2 2728 2732
2 2728 2970
2 2733 2745
2 2733 2749
2 2733 2926
2 2734 2746
2 2734 2750
2 2734 2927
2 2735 2747
2 2735 2751
2 2735 2928
2 2736 2748
2 2736 2752
2 2736 2929
2 2737 2741
2 2737 2749
2 2737 2906
2 2738 2742
2 2738 2750
2 2738 2907
2 2739 2743
2 2739 2751
2 2739 2908
2 2740 2744
2 2740 2752
2 2740 2909
2 2745 2914
2 2745 2918
2 2745 2922
2 2746 2915
2 2746 2919
2 2746 2923
2 2747 2916
2 2747 2920
2 2747 2924
2 2748 2917
2 2748 2921
2 2748 2925
2 2753 2756
2 2753 2977
2 2753 3017
2 2754 2755
2 2754 2756
2 2754 2975
2 2757 2763
2 2757 2771
2 2757 2967
2 2758 2764
2 2758 2772
2 2758 2968
2 2759 2761
2 2759 2771
2 2759 2963
2 2760 2762
2 2760 2772
2 2760 2964
2 2763 2765
2 2763 2767
2 2763 2769
2 2764 2766
2 2764 2768
2 2764 2770
2 2771 3570
2 2772 3571
2 2773 2785
2 2773 2801
2 2773 2941
2 2774 2786
2 2774 2802
2 2774 2942
2 2775 2787
2 2775 2803
2 2775 2943
2 2776 2788
2 2776 2804
2 2776 2944
2 2777 2781
2 2777 2801
2 2777 2933
2 2778 2782
2 2778 2802
2 2778 2934
2 2779 2783
2 2779 2803
2 2779 2935
2 2780 2784
2 2780 2804
2 2780 2936
2 2785 2789
2 2785 2793
2 2785 2797
2 2786 2790
2 2786 2794
2 2786 2798
2 2787 2791
2 2787 2795
2 2787 2799
2 2788 2792
2 2788 2796
2 2788 2800
2 2805 2811
2 2805 2813
2 2805 2955
2 2806 2812
2 2806 2814
2 2806 2956
2 2807 2809
2 2807 2813
2 2807 2945
2 2808 2810
2 2808 2814
2 2808 2946
2 2811 2949
2 2811 2951
2 2811 2953
2 2812 2950
2 2812 2952
2 2812 2954
2 2815 2821
2 2815 2961
2 2815 3026
2 2816 2822
2 2816 2962
2 2816 3027
2 2817 2819
2 2817 2821
2 2817 2957
2 2818 2820
2 2818 2822
2 2818 2958
2 2823 2826
2 2823 2932
2 2823 3005
2 2824 2825
2 2824 2826
2 2824 2930
2 2826 3596
2 2827 2830
2 2827 2875
2 2827 3014
2 2828 2829
2 2828 2830
2 2828 2873
2 2830 3703
2 2831 2837
2 2831 2880
2 2831 3053
2 2832 2838
2 2832 2881
2 2832 3054
2 2833 2835
2 2833 2837
2 2833 2876
2 2834 2836
2 2834 2838
2 2834 2877
2 2839 2851
2 2839 2855
2 2839 2902
2 2840 2852
2 2840 2856
2 2840 2903
2 2841 2853
2 2841 2857
2 2841 2904
2 2842 2854
2 2842 2858
2 2842 2905
2 2843 2847
2 2843 2855
2 2843 2882
2 2844 2848
2 2844 2856
2 2844 2883
2 2845 2849
2 2845 2857
2 2845 2884
2 2846 2850
2 2846 2858
2 2846 2885
2 2851 2890
2 2851 2894
2 2851 2898
2 2852 2891
2 2852 2895
2 2852 2899
2 2853 2892
2 2853 2896
2 2853 2900
2 2854 2893
2 2854 2897
2 2854 2901
2 2859 2865
2 2859 2871
2 2859 2987
2 2860 2866
2 2860 2872
2 2860 2988
2 2861 2863
2 2861 2865
2 2861 2867
2 2862 2864
2 2862 2866
2 2862 2868
2 2867 2869
2 2867 2871
2 2868 2870
2 2868 2872
2 2873 2874
2 2873 2875
2 2876 2878
2 2876 2880
2 2877 2879
2 2877 2881
2 2880 3716
2 2881 3717
2 2882 2886
2 2882 2902
2 2883 2887
2 2883 2903
2 2884 2888
2 2884 2904
2 2885 2889
2 2885 2905
2 2906 2910
2 2906 2926
2 2907 2911
2 2907 2927
2 2908 2912
2 2908 2928
2 2909 2913
2 2909 2929
2 2930 2931
2 2930 2932
2 2933 2937
2 2933 2941
2 2934 2938
2 2934 2942
2 2935 2939
2 2935 2943
2 2936 2940
2 2936 2944
2 2945 2947
2 2945 2955
2 2946 2948
2 2946 2956
2 2957 2959
2 2957 2961
2 2958 2960
2 2958 2962
2 2963 2965
2 2963 2967
2 2964 2966
2 2964 2968
2 2969 2971
2 2969 2973
2 2970 2972
2 2970 2974
2 2975 2976
2 2975 2977
2 2978 2980
2 2978 2982
2 2979 2981
2 2979 2983
2 2984 2985
2 2984 2986
2 2987 2989
2 2987 2991
2 2988 2990
2 2988 2992
2 2993 2994
2 2993 2995
2 2996 2998
2 2996 3000
2 2997 2999
2 2997 3001
2 3002 3003
2 3002 3004
2 3005 3006
2 3005 3007
2 3008 3010
2 3008 3012
2 3009 3011
2 3009 3013
2 3014 3015
2 3014 3016
2 3017 3018
2 3017 3019
2 3020 3021
2 3020 3022
2 3023 3024
2 3023 3025
2 3026 3028
2 3026 3030
2 3027 3029
2 3027 3031
2 3032 3034
2 3032 3036
2 3033 3035
2 3033 3037
2 3038 3040
2 3038 3042
2 3039 3041
2 3039 3043
2 3044 3046
2 3044 3048
2 3045 3047
2 3045 3049
2 3050 3051
2 3050 3052
2 3053 3055
2 3053 3057
2 3054 3056
2 3054 3058
2 3059 3537
2 3060 3062
2 3060 3064
2 3060 3221
2 3061 3063
2 3061 3065
2 3061 3222
2 3066 3082
2 3066 3251
2 3067 3525
2 3068 3070
2 3068 3074
2 3068 3183
2 3069 3072
2 3069 3075
2 3069 3184
2 3076 3088
2 3076 3258
2 3077 3259
2 3078 3462
2 3079 3463
2 3080 3081
2 3080 3082
2 3080 3227
2 3083 3456
2 3084 3457
2 3085 3086
2 3085 3088
2 3085 3218
2 3089 3471
2 3090 3472
2 3091 3092
2 3091 3094
2 3091 3200
2 3094 3095
2 3095 3300
2 3096 3301
2 3097 3531
2 3098 3532
2 3099 3100
2 3099 3101
2 3099 3204
2 3101 3102
2 3102 3305
2 3103 3477
2 3104 3106
2 3104 3110
2 3104 3208
2 3105 3108
2 3105 3111
2 3105 3209
2 3112 3480
2 3113 3115
2 3113 3117
2 3113 3193
2 3114 3116
2 3114 3118
2 3114 3194
2 3119 3519
2 3119 3628
2 3119 3670
2 3120 3520
2 3120 3629
2 3120 3671
2 3121 3123
2 3121 3124
2 3121 3170
2 3124 3621
2 3124 3631
2 3125 3446
2 3125 3935
2 3126 3447
2 3126 3936
2 3127 3168
2 3127 3448
2 3127 3628
2 3127 3937
2 3128 3169
2 3128 3449
2 3128 3629
2 3128 3938
2 3129 3134
2 3129 3644
2 3129 3674
2 3130 3132
2 3130 3138
2 3130 3173
2 3131 3133
2 3131 3139
2 3131 3174
2 3134 3135
2 3134 3136
2 3134 3137
2 3138 3140
2 3138 3632
2 3139 3141
2 3139 3633
2 3140 3427
2 3140 3670
2 3140 3919
2 3141 3428
2 3141 3671
2 3141 3920
2 3142 3543
2 3142 3651
2 3142 3681
2 3143 3544
2 3143 3652
2 3143 3682
2 3144 3145
2 3144 3146
2 3144 3179
2 3146 3646
2 3146 3653
2 3147 3177
2 3147 3454
2 3147 3651
2 3147 3949
2 3148 3178
2 3148 3455
2 3148 3652
2 3148 3950
2 3149 3540
2 3149 3659
2 3149 3665
2 3150 3154
2 3150 3156
2 3150 3162
2 3151 3155
2 3151 3157
2 3151 3163
2 3156 3160
2 3156 3654
2 3157 3161
2 3157 3655
2 3158 3407
2 3158 3959
2 3159 3408
2 3159 3960
2 3160 3409
2 3160 3681
2 3160 3961
2 3161 3410
2 3161 3682
2 3161 3962
2 3162 3166
2 3162 3168
2 3163 3167
2 3163 3169
2 3168 3654
2 3169 3655
2 3170 3171
2 3170 3172
2 3172 3621
2 3172 3645
2 3173 3175
2 3173 3177
2 3174 3176
2 3174 3178
2 3177 3632
2 3178 3633
2 3179 3181
2 3179 3182
2 3182 3646
2 3182 3661
2 3183 3186
2 3183 3189
2 3184 3188
2 3184 3190
2 3191 3367
2 3192 3207
2 3192 3368
2 3193 3195
2 3193 3197
2 3194 3196
2 3194 3198
2 3199 3220
2 3199 3359
2 3200 3201
2 3200 3202
2 3202 3203
2 3203 3362
2 3204 3206
2 3204 3207
2 3208 3212
2 3208 3214
2 3209 3213
2 3209 3215
2 3216 3354
2 3217 3230
2 3217 3355
2 3218 3219
2 3218 3220
2 3221 3223
2 3221 3225
2 3222 3224
2 3222 3226
2 3227 3229
2 3227 3230
2 3231 3243
2 3231 3446
2 3231 3495
2 3232 3244
2 3232 3447
2 3232 3496
2 3233 3245
2 3233 3448
2 3233 3497
2 3234 3246
2 3234 3449
2 3234 3498
2 3235 3239
2 3235 3243
2 3235 3438
2 3236 3240
2 3236 3244
2 3236 3439
2 3237 3241
2 3237 3245
2 3237 3440
2 3238 3242
2 3238 3246
2 3238 3441
2 3247 3250
2 3247 3251
2 3247 3398
2 3248 3249
2 3248 3251
2 3248 3393
2 3250 3395
2 3250 3396
2 3250 3397
2 3252 3258
2 3252 3454
2 3252 3513
2 3253 3259
2 3253 3455
2 3253 3514
2 3254 3256
2 3254 3258
2 3254 3450
2 3255 3257
2 3255 3259
2 3255 3451
2 3260 3266
2 3260 3274
2 3260 3436
2 3261 3267
2 3261 3275
2 3261 3437
2 3262 3264
2 3262 3274
2 3262 3432
2 3263 3265
2 3263 3275
2 3263 3433
2 3266 3268
2 3266 3270
2 3266 3272
2 3267 3269
2 3267 3271
2 3267 3273
2 3276 3282
2 3276 3290
2 3276 3415
2 3277 3283
2 3277 3291
2 3277 3416
2 3278 3280
2 3278 3290
2 3278 3411
2 3279 3281
2 3279 3291
2 3279 3412
2 3282 3284
2 3282 3286
2 3282 3288
2 3283 3285
2 3283 3287
2 3283 3289
2 3292 3298
2 3292 3300
2 3292 3427
2 3293 3299
2 3293 3301
2 3293 3428
2 3294 3296
2 3294 3300
2 3294 3417
2 3295 3297
2 3295 3301
2 3295 3418
2 3298 3421
2 3298 3423
2 3298 3425
2 3299 3422
2 3299 3424
2 3299 3426
2 3302 3305
2 3302 3431
2 3302 3528
2 3303 3304
2 3303 3305
2 3303 3429
2 3306 3318
2 3306 3407
2 3306 3483
2 3307 3319
2 3307 3408
2 3307 3484
2 3308 3320
2 3308 3409
2 3308 3485
2 3309 3321
2 3309 3410
2 3309 3486
2 3310 3314
2 3310 3318
2 3310 3399
2 3311 3315
2 3311 3319
2 3311 3400
2 3312 3316
2 3312 3320
2 3312 3401
2 3313 3317
2 3313 3321
2 3313 3402
2 3322 3328
2 3322 3367
2 3322 3507
2 3323 3329
2 3323 3368
2 3323 3508
2 3324 3326
2 3324 3328
2 3324 3363
2 3325 3327
2 3325 3329
2 3325 3364
2 3330 3342
2 3330 3377
2 3330 3549
2 3331 3343
2 3331 3378
2 3331 3550
2 3332 3344
2 3332 3379
2 3332 3551
2 3333 3345
2 3333 3380
2 3333 3552
2 3334 3338
2 3334 3342
2 3334 3369
2 3335 3339
2 3335 3343
2 3335 3370
2 3336 3340
2 3336 3344
2 3336 3371
2 3337 3341
2 3337 3345
2 3337 3372
2 3346 3352
2 3346 3354
2 3346 3391
2 3347 3353
2 3347 3355
2 3347 3392
2 3348 3350
2 3348 3354
2 3348 3381
2 3349 3351
2 3349 3355
2 3349 3382
2 3352 3385
2 3352 3387
2 3352 3389
2 3353 3386
2 3353 3388
2 3353 3390
2 3356 3359
2 3356 3362
2 3356 3468
2 3357 3358
2 3357 3359
2 3357 3360
2 3360 3361
2 3360 3362
2 3363 3365
2 3363 3367
2 3364 3366
2 3364 3368
2 3369 3373
2 3369 3377
2 3370 3374
2 3370 3378
2 3371 3375
2 3371 3379
2 3372 3376
2 3372 3380
2 3381 3383
2 3381 3391
2 3382 3384
2 3382 3392
2 3393 3394
2 3393 3398
2 3398 3645
2 3399 3403
2 3399 3407
2 3400 3404
2 3400 3408
2 3401 3405
2 3401 3409
2 3402 3406
2 3402 3410
2 3411 3413
2 3411 3415
2 3412 3414
2 3412 3416
2 3415 3630
2 3416 3631
2 3417 3419
2 3417 3427
2 3418 3420
2 3418 3428
2 3429 3430
2 3429 3431
2 3431 3653
2 3432 3434
2 3432 3436
2 3433 3435
2 3433 3437
2 3436 3660
2 3437 3661
2 3438 3442
2 3438 3446
2 3439 3443
2 3439 3447
2 3440 3444
2 3440 3448
2 3441 3445
2 3441 3449
2 3450 3452
2 3450 3454
2 3451 3453
2 3451 3455
2 3456 3458
2 3456 3460
2 3457 3459
2 3457 3461
2 3462 3464
2 3462 3466
2 3463 3465
2 3463 3467
2 3468 3469
2 3468 3470
2 3471 3473
2 3471 3475
2 3472 3474
2 3472 3476
2 3477 3478
2 3477 3479
2 3480 3481
2 3480 3482
2 3483 3487
2 3483 3491
2 3484 3488
2 3484 3492
2 3485 3489
2 3485 3493
2 3486 3490
2 3486 3494
2 3495 3499
2 3495 3503
2 3496 3500
2 3496 3504
2 3497 3501
2 3497 3505
2 3498 3502
2 3498 3506
2 3507 3509
2 3507 3511
2 3508 3510
2 3508 3512
2 3513 3515
2 3513 3517
2 3514 3516
2 3514 3518
2 3519 3521
2 3519 3523
2 3520 3522
2 3520 3524
2 3525 3526
2 3525 3527
2 3528 3529
2 3528 3530
2 3531 3533
2 3531 3535
2 3532 3534
2 3532 3536
2 3537 3538
2 3537 3539
2 3540 3541
2 3540 3542
2 3543 3545
2 3543 3547
2 3544 3546
2 3544 3548
2 3549 3553
2 3549 3557
2 3550 3554
2 3550 3558
2 3551 3555
2 3551 3559
2 3552 3556
2 3552 3560
2 3561 4038
2 3562 3565
2 3562 3568
2 3562 3721
2 3563 3567
2 3563 3569
2 3563 3722
2 3570 3747
2 3571 3585
2 3571 3748
2 3572 4023
2 3573 3575
2 3573 3577
2 3573 3683
2 3574 3576
2 3574 3578
2 3574 3684
2 3579 3590
2 3579 3752
2 3580 3978
2 3581 3979
2 3582 3584
2 3582 3585
2 3582 3727
2 3586 3972
2 3587 3973
2 3588 3589
2 3588 3590
2 3588 3718
2 3591 3987
2 3592 3988
2 3593 3594
2 3593 3595
2 3593 3700
2 3595 3596
2 3596 3821
2 3597 4032
2 3598 4033
2 3599 3601
2 3599 3602
2 3599 3704
2 3602 3604
2 3603 3828
2 3604 3829
2 3605 3993
2 3606 3608
2 3606 3610
2 3606 3708
2 3607 3609
2 3607 3611
2 3607 3709
2 3612 3996
2 3613 3616
2 3613 3619
2 3613 3693
2 3614 3618
2 3614 3620
2 3614 3694
2 3621 4020
2 3622 3626
2 3622 3628
2 3622 3666
2 3623 3627
2 3623 3629
2 3623 3667
2 3630 3967
2 3631 3665
2 3631 3968
2 3632 3636
2 3633 3637
2 3634 3635
2 3634 3644
2 3634 3672
2 3636 3638
2 3636 3640
2 3636 3642
2 3637 3639
2 3637 3641
2 3637 3643
2 3644 3645
2 3645 3944
2 3646 4047
2 3647 3649
2 3647 3651
2 3647 3675
2 3648 3650
2 3648 3652
2 3648 3676
2 3653 3674
2 3653 3971
2 3654 4041
2 3655 4042
2 3656 3658
2 3656 3659
2 3656 3662
2 3659 3661
2 3660 3925
2 3661 3926
2 3662 3664
2 3662 3665
2 3666 3668
2 3666 3670
2 3667 3669
2 3667 3671
2 3672 3673
2 3672 3674
2 3675 3679
2 3675 3681
2 3676 3680
2 3676 3682
2 3683 3686
2 3683 3689
2 3684 3688
2 3684 3690
2 3691 3883
2 3692 3707
2 3692 3884
2 3693 3695
2 3693 3697
2 3694 3696
2 3694 3698
2 3699 3720
2 3699 3875
2 3700 3701
2 3700 3702
2 3702 3703
2 3703 3878
2 3704 3706
2 3704 3707
2 3708 3712
2 3708 3714
2 3709 3713
2 3709 3715
2 3716 3870
2 3717 3730
2 3717 3871
2 3718 3719
2 3718 3720
2 3721 3723
2 3721 3725
2 3722 3724
2 3722 3726
2 3727 3729
2 3727 3730
2 3731 3737
2 3731 3967
2 3731 4005
2 3732 3738
2 3732 3968
2 3732 4006
2 3733 3735
2 3733 3737
2 3733 3963
2 3734 3736
2 3734 3738
2 3734 3964
2 3739 3745
2 3739 3747
2 3739 3919
2 3740 3746
2 3740 3748
2 3740 3920
2 3741 3743
2 3741 3747
2 3741 3909
2 3742 3744
2 3742 3748
2 3742 3910
2 3745 3913
2 3745 3915
2 3745 3917
2 3746 3914
2 3746 3916
2 3746 3918
2 3749 3752
2 3749 3971
2 3749 4017
2 3750 3751
2 3750 3752
2 3750 3969
2 3753 3765
2 3753 3781
2 3753 3959
2 3754 3766
2 3754 3782
2 3754 3960
2 3755 3767
2 3755 3783
2 3755 3961
2 3756 3768
2 3756 3784
2 3756 3962
2 3757 3761
2 3757 3781
2 3757 3951
2 3758 3762
2 3758 3782
2 3758 3952
2 3759 3763
2 3759 3783
2 3759 3953
2 3760 3764
2 3760 3784
2 3760 3954
2 3765 3769
2 3765 3773
2 3765 3777
2 3766 3770
2 3766 3774
2 3766 3778
2 3767 3771
2 3767 3775
2 3767 3779
2 3768 3772
2 3768 3776
2 3768 3780
2 3785 3797
2 3785 3813
2 3785 3935
2 3786 3798
2 3786 3814
2 3786 3936
2 3787 3799
2 3787 3815
2 3787 3937
2 3788 3800
2 3788 3816
2 3788 3938
2 3789 3793
2 3789 3813
2 3789 3927
2 3790 3794
2 3790 3814
2 3790 3928
2 3791 3795
2 3791 3815
2 3791 3929
2 3792 3796
2 3792 3816
2 3792 3930
2 3797 3801
2 3797 3805
2 3797 3809
2 3798 3802
2 3798 3806
2 3798 3810
2 3799 3803
2 3799 3807
2 3799 3811
2 3800 3804
2 3800 3808
2 3800 3812
2 3817 3820
2 3817 3821
2 3817 3944
2 3818 3819
2 3818 3821
2 3818 3939
2 3820 3941
2 3820 3942
2 3820 3943
2 3822 3828
2 3822 3949
2 3822 4026
2 3823 3829
2 3823 3950
2 3823 4027
2 3824 3826
2 3824 3828
2 3824 3945
2 3825 3827
2 3825 3829
2 3825 3946
2 3830 3836
2 3830 3925
2 3830 3999
2 3831 3837
2 3831 3926
2 3831 4000
2 3832 3834
2 3832 3836
2 3832 3921
2 3833 3835
2 3833 3837
2 3833 3922
2 3838 3844
2 3838 3883
2 3838 4011
2 3839 3845
2 3839 3884
2 3839 4012
2 3840 3842
2 3840 3844
2 3840 3879
2 3841 3843
2 3841 3845
2 3841 3880
2 3846 3858
2 3846 3893
2 3846 4050
2 3847 3859
2 3847 3894
2 3847 4051
2 3848 3860
2 3848 3895
2 3848 4052
2 3849 3861
2 3849 3896
2 3849 4053
2 3850 3854
2 3850 3858
2 3850 3885
2 3851 3855
2 3851 3859
2 3851 3886
2 3852 3856
2 3852 3860
2 3852 3887
2 3853 3857
2 3853 3861
2 3853 3888
2 3862 3868
2 3862 3870
2 3862 3907
2 3863 3869
2 3863 3871
2 3863 3908
2 3864 3866
2 3864 3870
2 3864 3897
2 3865 3867
2 3865 3871
2 3865 3898
2 3868 3901
2 3868 3903
2 3868 3905
2 3869 3902
2 3869 3904
2 3869 3906
2 3872 3875
2 3872 3878
2 3872 3984
2 3873 3874
2 3873 3875
2 3873 3876
2 3876 3877
2 3876 3878
2 3879 3881
2 3879 3883
2 3880 3882
2 3880 3884
2 3885 3889
2 3885 3893
2 3886 3890
2 3886 3894
2 3887 3891
2 3887 3895
2 3888 3892
2 3888 3896
2 3897 3899
2 3897 3907
2 3898 3900
2 3898 3908
2 3909 3911
2 3909 3919
2 3910 3912
2 3910 3920
2 3921 3923
2 3921 3925
2 3922 3924
2 3922 3926
2 3927 3931
2 3927 3935
2 3928 3932
2 3928 3936
2 3929 3933
2 3929 3937
2 3930 3934
2 3930 3938
2 3939 3940
2 3939 3944
2 3945 3947
2 3945 3949
2 3946 3948
2 3946 3950
2 3951 3955
2 3951 3959
2 3952 3956
2 3952 3960
2 3953 3957
2 3953 3961
2 3954 3958
2 3954 3962
2 3963 3965
2 3963 3967
2 3964 3966
2 3964 3968
2 3969 3970
2 3969 3971
2 3972 3974
2 3972 3976
2 3973 3975
2 3973 3977
2 3978 3980
2 3978 3982
2 3979 3981
2 3979 3983
2 3984 3985
2 3984 3986
2 3987 3989
2 3987 3991
2 3988 3990
2 3988 3992
2 3993 3994
2 3993 3995
2 3996 3997
2 3996 3998
2 3999 4001
2 3999 4003
2 4000 4002
2 4000 4004
2 4005 4007
2 4005 4009
2 4006 4008
2 4006 4010
2 4011 4013
2 4011 4015
2 4012 4014
2 4012 4016
2 4017 4018
2 4017 4019
2 4020 4021
2 4020 4022
2 4023 4024
2 4023 4025
2 4026 4028
2 4026 4030
2 4027 4029
2 4027 4031
2 4032 4034
2 4032 4036
2 4033 4035
2 4033 4037
2 4038 4039
2 4038 4040
2 4041 4043
2 4041 4045
2 4042 4044
2 4042 4046
2 4047 4048
2 4047 4049
2 4050 4054
2 4050 4058
2 4051 4055
2 4051 4059
2 4052 4056
2 4052 4060
2 4053 4057
2 4053 4061
