[double3(16.991000000000,0.000000000000,0.000000000000),double3(0.000000000000,16.991000000000,0.000000000000),double3(0.000000000000,0.000000000000,16.991000000000)]

double3(0.188525000000,0.003950000000,0.311475000000),
double3(0.184255000000,0.449570000000,0.343750000000),
double3(0.188850000000,0.429450000000,0.361700000000),
double3(0.203050000000,0.042750000000,0.296950000000),
double3(0.204865000000,0.484160000000,0.341390000000),
double3(0.250000000000,0.000000000000,0.375000000000),
double3(0.003950000000,0.311475000000,0.188525000000),
double3(0.449570000000,0.315745000000,0.156250000000),
double3(0.429450000000,0.311150000000,0.138300000000),
double3(0.042750000000,0.296950000000,0.203050000000),
double3(0.484160000000,0.295135000000,0.158610000000),
double3(0.000000000000,0.250000000000,0.125000000000),
double3(0.311475000000,0.496050000000,0.311475000000),
double3(0.315745000000,0.050430000000,0.343750000000),
double3(0.311150000000,0.070550000000,0.361700000000),
double3(0.295135000000,0.015840000000,0.341390000000),
double3(0.496050000000,0.188525000000,0.188525000000),
double3(0.050430000000,0.184255000000,0.156250000000),
double3(0.070550000000,0.188850000000,0.138300000000),
double3(0.457250000000,0.203050000000,0.203050000000),
double3(0.460100000000,0.229350000000,0.212850000000),
double3(0.438600000000,0.202900000000,0.181800000000),
double3(0.448050000000,0.186200000000,0.223750000000),
double3(0.015840000000,0.204865000000,0.158610000000),
double3(0.188525000000,0.496050000000,0.188525000000),
double3(0.184255000000,0.050430000000,0.156250000000),
double3(0.188850000000,0.070550000000,0.138300000000),
double3(0.203050000000,0.457250000000,0.203050000000),
double3(0.204865000000,0.015840000000,0.158610000000),
double3(0.250000000000,0.000000000000,0.125000000000),
double3(0.496050000000,0.311475000000,0.311475000000),
double3(0.050430000000,0.315745000000,0.343750000000),
double3(0.070550000000,0.311150000000,0.361700000000),
double3(0.015840000000,0.295135000000,0.341390000000),
double3(0.000000000000,0.250000000000,0.375000000000),
double3(0.311475000000,0.003950000000,0.188525000000),
double3(0.315745000000,0.449570000000,0.156250000000),
double3(0.311150000000,0.429450000000,0.138300000000),
double3(0.296950000000,0.042750000000,0.203050000000),
double3(0.270650000000,0.039900000000,0.212850000000),
double3(0.297100000000,0.061400000000,0.181800000000),
double3(0.313800000000,0.051950000000,0.223750000000),
double3(0.295135000000,0.484160000000,0.158610000000),
double3(0.003950000000,0.188525000000,0.311475000000),
double3(0.449570000000,0.184255000000,0.343750000000),
double3(0.429450000000,0.188850000000,0.361700000000),
double3(0.042750000000,0.203050000000,0.296950000000),
double3(0.039900000000,0.229350000000,0.287150000000),
double3(0.061400000000,0.202900000000,0.318200000000),
double3(0.051950000000,0.186200000000,0.276250000000),
double3(0.484160000000,0.204865000000,0.341390000000),
double3(0.311475000000,0.188525000000,0.003950000000),
double3(0.343750000000,0.184255000000,0.449570000000),
double3(0.361700000000,0.188850000000,0.429450000000),
double3(0.296950000000,0.203050000000,0.042750000000),
double3(0.341390000000,0.204865000000,0.484160000000),
double3(0.375000000000,0.250000000000,0.000000000000),
double3(0.188525000000,0.188525000000,0.496050000000),
double3(0.184255000000,0.156250000000,0.050430000000),
double3(0.188850000000,0.138300000000,0.070550000000),
double3(0.203050000000,0.203050000000,0.457250000000),
double3(0.229350000000,0.212850000000,0.460100000000),
double3(0.202900000000,0.181800000000,0.438600000000),
double3(0.186200000000,0.223750000000,0.448050000000),
double3(0.204865000000,0.158610000000,0.015840000000),
double3(0.250000000000,0.125000000000,0.000000000000),
double3(0.188525000000,0.311475000000,0.003950000000),
double3(0.156250000000,0.315745000000,0.449570000000),
double3(0.138300000000,0.311150000000,0.429450000000),
double3(0.203050000000,0.296950000000,0.042750000000),
double3(0.158610000000,0.295135000000,0.484160000000),
double3(0.125000000000,0.250000000000,0.000000000000),
double3(0.311475000000,0.311475000000,0.496050000000),
double3(0.315745000000,0.343750000000,0.050430000000),
double3(0.311150000000,0.361700000000,0.070550000000),
double3(0.296950000000,0.296950000000,0.457250000000),
double3(0.270650000000,0.287150000000,0.460100000000),
double3(0.297100000000,0.318200000000,0.438600000000),
double3(0.313800000000,0.276250000000,0.448050000000),
double3(0.295135000000,0.341390000000,0.015840000000),
double3(0.250000000000,0.375000000000,0.000000000000),
double3(0.343750000000,0.315745000000,0.050430000000),
double3(0.361700000000,0.311150000000,0.070550000000),
double3(0.341390000000,0.295135000000,0.015840000000),
double3(0.315745000000,0.156250000000,0.449570000000),
double3(0.311150000000,0.138300000000,0.429450000000),
double3(0.270650000000,0.212850000000,0.039900000000),
double3(0.297100000000,0.181800000000,0.061400000000),
double3(0.313800000000,0.223750000000,0.051950000000),
double3(0.295135000000,0.158610000000,0.484160000000),
double3(0.156250000000,0.184255000000,0.050430000000),
double3(0.138300000000,0.188850000000,0.070550000000),
double3(0.158610000000,0.204865000000,0.015840000000),
double3(0.184255000000,0.343750000000,0.449570000000),
double3(0.188850000000,0.361700000000,0.429450000000),
double3(0.229350000000,0.287150000000,0.039900000000),
double3(0.202900000000,0.318200000000,0.061400000000),
double3(0.186200000000,0.276250000000,0.051950000000),
double3(0.204865000000,0.341390000000,0.484160000000),
double3(0.449570000000,0.343750000000,0.184255000000),
double3(0.429450000000,0.361700000000,0.188850000000),
double3(0.039900000000,0.287150000000,0.229350000000),
double3(0.061400000000,0.318200000000,0.202900000000),
double3(0.051950000000,0.276250000000,0.186200000000),
double3(0.484160000000,0.341390000000,0.204865000000),
double3(0.000000000000,0.375000000000,0.250000000000),
double3(0.449570000000,0.156250000000,0.315745000000),
double3(0.429450000000,0.138300000000,0.311150000000),
double3(0.484160000000,0.158610000000,0.295135000000),
double3(0.000000000000,0.125000000000,0.250000000000),
double3(0.156250000000,0.050430000000,0.184255000000),
double3(0.138300000000,0.070550000000,0.188850000000),
double3(0.212850000000,0.460100000000,0.229350000000),
double3(0.181800000000,0.438600000000,0.202900000000),
double3(0.223750000000,0.448050000000,0.186200000000),
double3(0.158610000000,0.015840000000,0.204865000000),
double3(0.125000000000,0.000000000000,0.250000000000),
double3(0.050430000000,0.343750000000,0.315745000000),
double3(0.070550000000,0.361700000000,0.311150000000),
double3(0.015840000000,0.341390000000,0.295135000000),
double3(0.343750000000,0.449570000000,0.184255000000),
double3(0.361700000000,0.429450000000,0.188850000000),
double3(0.341390000000,0.484160000000,0.204865000000),
double3(0.375000000000,0.000000000000,0.250000000000),
double3(0.050430000000,0.156250000000,0.184255000000),
double3(0.070550000000,0.138300000000,0.188850000000),
double3(0.015840000000,0.158610000000,0.204865000000),
double3(0.156250000000,0.449570000000,0.315745000000),
double3(0.138300000000,0.429450000000,0.311150000000),
double3(0.212850000000,0.039900000000,0.270650000000),
double3(0.181800000000,0.061400000000,0.297100000000),
double3(0.223750000000,0.051950000000,0.313800000000),
double3(0.158610000000,0.484160000000,0.295135000000),
double3(0.343750000000,0.050430000000,0.315745000000),
double3(0.361700000000,0.070550000000,0.311150000000),
double3(0.341390000000,0.015840000000,0.295135000000),
double3(0.438525000000,0.253950000000,0.061475000000),
double3(0.434255000000,0.199570000000,0.093750000000),
double3(0.438850000000,0.179450000000,0.111700000000),
double3(0.453050000000,0.292750000000,0.046950000000),
double3(0.479350000000,0.289900000000,0.037150000000),
double3(0.452900000000,0.311400000000,0.068200000000),
double3(0.436200000000,0.301950000000,0.026250000000),
double3(0.454865000000,0.234160000000,0.091390000000),
double3(0.253950000000,0.061475000000,0.438525000000),
double3(0.199570000000,0.065745000000,0.406250000000),
double3(0.179450000000,0.061150000000,0.388300000000),
double3(0.292750000000,0.046950000000,0.453050000000),
double3(0.234160000000,0.045135000000,0.408610000000),
double3(0.061475000000,0.246050000000,0.061475000000),
double3(0.065745000000,0.300430000000,0.093750000000),
double3(0.061150000000,0.320550000000,0.111700000000),
double3(0.046950000000,0.207250000000,0.046950000000),
double3(0.020650000000,0.210100000000,0.037150000000),
double3(0.047100000000,0.188600000000,0.068200000000),
double3(0.063800000000,0.198050000000,0.026250000000),
double3(0.045135000000,0.265840000000,0.091390000000),
double3(0.246050000000,0.438525000000,0.438525000000),
double3(0.300430000000,0.434255000000,0.406250000000),
double3(0.320550000000,0.438850000000,0.388300000000),
double3(0.207250000000,0.453050000000,0.453050000000),
double3(0.210100000000,0.479350000000,0.462850000000),
double3(0.188600000000,0.452900000000,0.431800000000),
double3(0.198050000000,0.436200000000,0.473750000000),
double3(0.265840000000,0.454865000000,0.408610000000),
double3(0.438525000000,0.246050000000,0.438525000000),
double3(0.434255000000,0.300430000000,0.406250000000),
double3(0.438850000000,0.320550000000,0.388300000000),
double3(0.454865000000,0.265840000000,0.408610000000),
double3(0.246050000000,0.061475000000,0.061475000000),
double3(0.300430000000,0.065745000000,0.093750000000),
double3(0.320550000000,0.061150000000,0.111700000000),
double3(0.265840000000,0.045135000000,0.091390000000),
double3(0.061475000000,0.253950000000,0.438525000000),
double3(0.065745000000,0.199570000000,0.406250000000),
double3(0.061150000000,0.179450000000,0.388300000000),
double3(0.046950000000,0.292750000000,0.453050000000),
double3(0.045135000000,0.234160000000,0.408610000000),
double3(0.253950000000,0.438525000000,0.061475000000),
double3(0.199570000000,0.434255000000,0.093750000000),
double3(0.179450000000,0.438850000000,0.111700000000),
double3(0.292750000000,0.453050000000,0.046950000000),
double3(0.234160000000,0.454865000000,0.091390000000),
double3(0.061475000000,0.438525000000,0.253950000000),
double3(0.093750000000,0.434255000000,0.199570000000),
double3(0.111700000000,0.438850000000,0.179450000000),
double3(0.091390000000,0.454865000000,0.234160000000),
double3(0.438525000000,0.438525000000,0.246050000000),
double3(0.434255000000,0.406250000000,0.300430000000),
double3(0.438850000000,0.388300000000,0.320550000000),
double3(0.454865000000,0.408610000000,0.265840000000),
double3(0.438525000000,0.061475000000,0.253950000000),
double3(0.406250000000,0.065745000000,0.199570000000),
double3(0.388300000000,0.061150000000,0.179450000000),
double3(0.453050000000,0.046950000000,0.292750000000),
double3(0.408610000000,0.045135000000,0.234160000000),
double3(0.061475000000,0.061475000000,0.246050000000),
double3(0.065745000000,0.093750000000,0.300430000000),
double3(0.061150000000,0.111700000000,0.320550000000),
double3(0.046950000000,0.046950000000,0.207250000000),
double3(0.020650000000,0.037150000000,0.210100000000),
double3(0.047100000000,0.068200000000,0.188600000000),
double3(0.063800000000,0.026250000000,0.198050000000),
double3(0.045135000000,0.091390000000,0.265840000000),
double3(0.093750000000,0.065745000000,0.300430000000),
double3(0.111700000000,0.061150000000,0.320550000000),
double3(0.091390000000,0.045135000000,0.265840000000),
double3(0.065745000000,0.406250000000,0.199570000000),
double3(0.061150000000,0.388300000000,0.179450000000),
double3(0.045135000000,0.408610000000,0.234160000000),
double3(0.406250000000,0.434255000000,0.300430000000),
double3(0.388300000000,0.438850000000,0.320550000000),
double3(0.408610000000,0.454865000000,0.265840000000),
double3(0.434255000000,0.093750000000,0.199570000000),
double3(0.438850000000,0.111700000000,0.179450000000),
double3(0.479350000000,0.037150000000,0.289900000000),
double3(0.452900000000,0.068200000000,0.311400000000),
double3(0.436200000000,0.026250000000,0.301950000000),
double3(0.454865000000,0.091390000000,0.234160000000),
double3(0.199570000000,0.093750000000,0.434255000000),
double3(0.179450000000,0.111700000000,0.438850000000),
double3(0.289900000000,0.037150000000,0.479350000000),
double3(0.311400000000,0.068200000000,0.452900000000),
double3(0.301950000000,0.026250000000,0.436200000000),
double3(0.234160000000,0.091390000000,0.454865000000),
double3(0.199570000000,0.406250000000,0.065745000000),
double3(0.179450000000,0.388300000000,0.061150000000),
double3(0.289900000000,0.462850000000,0.020650000000),
double3(0.311400000000,0.431800000000,0.047100000000),
double3(0.301950000000,0.473750000000,0.063800000000),
double3(0.234160000000,0.408610000000,0.045135000000),
double3(0.406250000000,0.300430000000,0.434255000000),
double3(0.388300000000,0.320550000000,0.438850000000),
double3(0.408610000000,0.265840000000,0.454865000000),
double3(0.300430000000,0.093750000000,0.065745000000),
double3(0.320550000000,0.111700000000,0.061150000000),
double3(0.265840000000,0.091390000000,0.045135000000),
double3(0.093750000000,0.199570000000,0.434255000000),
double3(0.111700000000,0.179450000000,0.438850000000),
double3(0.037150000000,0.289900000000,0.479350000000),
double3(0.068200000000,0.311400000000,0.452900000000),
double3(0.026250000000,0.301950000000,0.436200000000),
double3(0.091390000000,0.234160000000,0.454865000000),
double3(0.300430000000,0.406250000000,0.434255000000),
double3(0.320550000000,0.388300000000,0.438850000000),
double3(0.265840000000,0.408610000000,0.454865000000),
double3(0.406250000000,0.199570000000,0.065745000000),
double3(0.388300000000,0.179450000000,0.061150000000),
double3(0.408610000000,0.234160000000,0.045135000000),
double3(0.093750000000,0.300430000000,0.065745000000),
double3(0.111700000000,0.320550000000,0.061150000000),
double3(0.091390000000,0.265840000000,0.045135000000),
double3(0.176852747703,0.040263598763,0.036524825587),
double3(0.207647322241,0.048711422174,0.048699901493),
double3(0.459736752673,0.176852983062,0.463475525856),
double3(0.451288776382,0.207647455215,0.451300297067),
double3(0.459736401237,0.463475174413,0.176852747703),
double3(0.451288577826,0.451300098507,0.207647322241),
double3(0.036524474144,0.459736752673,0.323147016938),
double3(0.048699702933,0.451288776382,0.292352544785),
double3(0.314660660833,0.234591482554,0.312955979917),
double3(0.316321316714,0.200743330309,0.317366062269),
double3(0.234759601158,0.321445602677,0.312382660619),
double3(0.200789782379,0.319712031754,0.315691763013),
double3(0.188525000000,0.003950000000,0.811475000000),
double3(0.184255000000,0.449570000000,0.843750000000),
double3(0.188850000000,0.429450000000,0.861700000000),
double3(0.203050000000,0.042750000000,0.796950000000),
double3(0.204865000000,0.484160000000,0.841390000000),
double3(0.250000000000,0.000000000000,0.875000000000),
double3(0.003950000000,0.311475000000,0.688525000000),
double3(0.449570000000,0.315745000000,0.656250000000),
double3(0.429450000000,0.311150000000,0.638300000000),
double3(0.042750000000,0.296950000000,0.703050000000),
double3(0.484160000000,0.295135000000,0.658610000000),
double3(0.000000000000,0.250000000000,0.625000000000),
double3(0.311475000000,0.496050000000,0.811475000000),
double3(0.315745000000,0.050430000000,0.843750000000),
double3(0.311150000000,0.070550000000,0.861700000000),
double3(0.295135000000,0.015840000000,0.841390000000),
double3(0.496050000000,0.188525000000,0.688525000000),
double3(0.050430000000,0.184255000000,0.656250000000),
double3(0.070550000000,0.188850000000,0.638300000000),
double3(0.457250000000,0.203050000000,0.703050000000),
double3(0.460100000000,0.229350000000,0.712850000000),
double3(0.438600000000,0.202900000000,0.681800000000),
double3(0.448050000000,0.186200000000,0.723750000000),
double3(0.015840000000,0.204865000000,0.658610000000),
double3(0.188525000000,0.496050000000,0.688525000000),
double3(0.184255000000,0.050430000000,0.656250000000),
double3(0.188850000000,0.070550000000,0.638300000000),
double3(0.203050000000,0.457250000000,0.703050000000),
double3(0.204865000000,0.015840000000,0.658610000000),
double3(0.250000000000,0.000000000000,0.625000000000),
double3(0.496050000000,0.311475000000,0.811475000000),
double3(0.050430000000,0.315745000000,0.843750000000),
double3(0.070550000000,0.311150000000,0.861700000000),
double3(0.015840000000,0.295135000000,0.841390000000),
double3(0.000000000000,0.250000000000,0.875000000000),
double3(0.311475000000,0.003950000000,0.688525000000),
double3(0.315745000000,0.449570000000,0.656250000000),
double3(0.311150000000,0.429450000000,0.638300000000),
double3(0.296950000000,0.042750000000,0.703050000000),
double3(0.270650000000,0.039900000000,0.712850000000),
double3(0.297100000000,0.061400000000,0.681800000000),
double3(0.313800000000,0.051950000000,0.723750000000),
double3(0.295135000000,0.484160000000,0.658610000000),
double3(0.003950000000,0.188525000000,0.811475000000),
double3(0.449570000000,0.184255000000,0.843750000000),
double3(0.429450000000,0.188850000000,0.861700000000),
double3(0.042750000000,0.203050000000,0.796950000000),
double3(0.039900000000,0.229350000000,0.787150000000),
double3(0.061400000000,0.202900000000,0.818200000000),
double3(0.051950000000,0.186200000000,0.776250000000),
double3(0.484160000000,0.204865000000,0.841390000000),
double3(0.311475000000,0.188525000000,0.503950000000),
double3(0.343750000000,0.184255000000,0.949570000000),
double3(0.361700000000,0.188850000000,0.929450000000),
double3(0.296950000000,0.203050000000,0.542750000000),
double3(0.341390000000,0.204865000000,0.984160000000),
double3(0.375000000000,0.250000000000,0.500000000000),
double3(0.188525000000,0.188525000000,0.996050000000),
double3(0.184255000000,0.156250000000,0.550430000000),
double3(0.188850000000,0.138300000000,0.570550000000),
double3(0.203050000000,0.203050000000,0.957250000000),
double3(0.229350000000,0.212850000000,0.960100000000),
double3(0.202900000000,0.181800000000,0.938600000000),
double3(0.186200000000,0.223750000000,0.948050000000),
double3(0.204865000000,0.158610000000,0.515840000000),
double3(0.250000000000,0.125000000000,0.500000000000),
double3(0.188525000000,0.311475000000,0.503950000000),
double3(0.156250000000,0.315745000000,0.949570000000),
double3(0.138300000000,0.311150000000,0.929450000000),
double3(0.203050000000,0.296950000000,0.542750000000),
double3(0.158610000000,0.295135000000,0.984160000000),
double3(0.125000000000,0.250000000000,0.500000000000),
double3(0.311475000000,0.311475000000,0.996050000000),
double3(0.315745000000,0.343750000000,0.550430000000),
double3(0.311150000000,0.361700000000,0.570550000000),
double3(0.296950000000,0.296950000000,0.957250000000),
double3(0.270650000000,0.287150000000,0.960100000000),
double3(0.297100000000,0.318200000000,0.938600000000),
double3(0.313800000000,0.276250000000,0.948050000000),
double3(0.295135000000,0.341390000000,0.515840000000),
double3(0.250000000000,0.375000000000,0.500000000000),
double3(0.343750000000,0.315745000000,0.550430000000),
double3(0.361700000000,0.311150000000,0.570550000000),
double3(0.341390000000,0.295135000000,0.515840000000),
double3(0.315745000000,0.156250000000,0.949570000000),
double3(0.311150000000,0.138300000000,0.929450000000),
double3(0.270650000000,0.212850000000,0.539900000000),
double3(0.297100000000,0.181800000000,0.561400000000),
double3(0.313800000000,0.223750000000,0.551950000000),
double3(0.295135000000,0.158610000000,0.984160000000),
double3(0.156250000000,0.184255000000,0.550430000000),
double3(0.138300000000,0.188850000000,0.570550000000),
double3(0.158610000000,0.204865000000,0.515840000000),
double3(0.184255000000,0.343750000000,0.949570000000),
double3(0.188850000000,0.361700000000,0.929450000000),
double3(0.229350000000,0.287150000000,0.539900000000),
double3(0.202900000000,0.318200000000,0.561400000000),
double3(0.186200000000,0.276250000000,0.551950000000),
double3(0.204865000000,0.341390000000,0.984160000000),
double3(0.449570000000,0.343750000000,0.684255000000),
double3(0.429450000000,0.361700000000,0.688850000000),
double3(0.039900000000,0.287150000000,0.729350000000),
double3(0.061400000000,0.318200000000,0.702900000000),
double3(0.051950000000,0.276250000000,0.686200000000),
double3(0.484160000000,0.341390000000,0.704865000000),
double3(0.000000000000,0.375000000000,0.750000000000),
double3(0.449570000000,0.156250000000,0.815745000000),
double3(0.429450000000,0.138300000000,0.811150000000),
double3(0.484160000000,0.158610000000,0.795135000000),
double3(0.000000000000,0.125000000000,0.750000000000),
double3(0.156250000000,0.050430000000,0.684255000000),
double3(0.138300000000,0.070550000000,0.688850000000),
double3(0.212850000000,0.460100000000,0.729350000000),
double3(0.181800000000,0.438600000000,0.702900000000),
double3(0.223750000000,0.448050000000,0.686200000000),
double3(0.158610000000,0.015840000000,0.704865000000),
double3(0.125000000000,0.000000000000,0.750000000000),
double3(0.050430000000,0.343750000000,0.815745000000),
double3(0.070550000000,0.361700000000,0.811150000000),
double3(0.015840000000,0.341390000000,0.795135000000),
double3(0.343750000000,0.449570000000,0.684255000000),
double3(0.361700000000,0.429450000000,0.688850000000),
double3(0.341390000000,0.484160000000,0.704865000000),
double3(0.375000000000,0.000000000000,0.750000000000),
double3(0.050430000000,0.156250000000,0.684255000000),
double3(0.070550000000,0.138300000000,0.688850000000),
double3(0.015840000000,0.158610000000,0.704865000000),
double3(0.156250000000,0.449570000000,0.815745000000),
double3(0.138300000000,0.429450000000,0.811150000000),
double3(0.212850000000,0.039900000000,0.770650000000),
double3(0.181800000000,0.061400000000,0.797100000000),
double3(0.223750000000,0.051950000000,0.813800000000),
double3(0.158610000000,0.484160000000,0.795135000000),
double3(0.343750000000,0.050430000000,0.815745000000),
double3(0.361700000000,0.070550000000,0.811150000000),
double3(0.341390000000,0.015840000000,0.795135000000),
double3(0.438525000000,0.253950000000,0.561475000000),
double3(0.434255000000,0.199570000000,0.593750000000),
double3(0.438850000000,0.179450000000,0.611700000000),
double3(0.453050000000,0.292750000000,0.546950000000),
double3(0.479350000000,0.289900000000,0.537150000000),
double3(0.452900000000,0.311400000000,0.568200000000),
double3(0.436200000000,0.301950000000,0.526250000000),
double3(0.454865000000,0.234160000000,0.591390000000),
double3(0.253950000000,0.061475000000,0.938525000000),
double3(0.199570000000,0.065745000000,0.906250000000),
double3(0.179450000000,0.061150000000,0.888300000000),
double3(0.292750000000,0.046950000000,0.953050000000),
double3(0.234160000000,0.045135000000,0.908610000000),
double3(0.061475000000,0.246050000000,0.561475000000),
double3(0.065745000000,0.300430000000,0.593750000000),
double3(0.061150000000,0.320550000000,0.611700000000),
double3(0.046950000000,0.207250000000,0.546950000000),
double3(0.020650000000,0.210100000000,0.537150000000),
double3(0.047100000000,0.188600000000,0.568200000000),
double3(0.063800000000,0.198050000000,0.526250000000),
double3(0.045135000000,0.265840000000,0.591390000000),
double3(0.246050000000,0.438525000000,0.938525000000),
double3(0.300430000000,0.434255000000,0.906250000000),
double3(0.320550000000,0.438850000000,0.888300000000),
double3(0.207250000000,0.453050000000,0.953050000000),
double3(0.210100000000,0.479350000000,0.962850000000),
double3(0.188600000000,0.452900000000,0.931800000000),
double3(0.198050000000,0.436200000000,0.973750000000),
double3(0.265840000000,0.454865000000,0.908610000000),
double3(0.438525000000,0.246050000000,0.938525000000),
double3(0.434255000000,0.300430000000,0.906250000000),
double3(0.438850000000,0.320550000000,0.888300000000),
double3(0.454865000000,0.265840000000,0.908610000000),
double3(0.246050000000,0.061475000000,0.561475000000),
double3(0.300430000000,0.065745000000,0.593750000000),
double3(0.320550000000,0.061150000000,0.611700000000),
double3(0.265840000000,0.045135000000,0.591390000000),
double3(0.061475000000,0.253950000000,0.938525000000),
double3(0.065745000000,0.199570000000,0.906250000000),
double3(0.061150000000,0.179450000000,0.888300000000),
double3(0.046950000000,0.292750000000,0.953050000000),
double3(0.045135000000,0.234160000000,0.908610000000),
double3(0.253950000000,0.438525000000,0.561475000000),
double3(0.199570000000,0.434255000000,0.593750000000),
double3(0.179450000000,0.438850000000,0.611700000000),
double3(0.292750000000,0.453050000000,0.546950000000),
double3(0.234160000000,0.454865000000,0.591390000000),
double3(0.061475000000,0.438525000000,0.753950000000),
double3(0.093750000000,0.434255000000,0.699570000000),
double3(0.111700000000,0.438850000000,0.679450000000),
double3(0.091390000000,0.454865000000,0.734160000000),
double3(0.438525000000,0.438525000000,0.746050000000),
double3(0.434255000000,0.406250000000,0.800430000000),
double3(0.438850000000,0.388300000000,0.820550000000),
double3(0.454865000000,0.408610000000,0.765840000000),
double3(0.438525000000,0.061475000000,0.753950000000),
double3(0.406250000000,0.065745000000,0.699570000000),
double3(0.388300000000,0.061150000000,0.679450000000),
double3(0.453050000000,0.046950000000,0.792750000000),
double3(0.408610000000,0.045135000000,0.734160000000),
double3(0.061475000000,0.061475000000,0.746050000000),
double3(0.065745000000,0.093750000000,0.800430000000),
double3(0.061150000000,0.111700000000,0.820550000000),
double3(0.046950000000,0.046950000000,0.707250000000),
double3(0.020650000000,0.037150000000,0.710100000000),
double3(0.047100000000,0.068200000000,0.688600000000),
double3(0.063800000000,0.026250000000,0.698050000000),
double3(0.045135000000,0.091390000000,0.765840000000),
double3(0.093750000000,0.065745000000,0.800430000000),
double3(0.111700000000,0.061150000000,0.820550000000),
double3(0.091390000000,0.045135000000,0.765840000000),
double3(0.065745000000,0.406250000000,0.699570000000),
double3(0.061150000000,0.388300000000,0.679450000000),
double3(0.045135000000,0.408610000000,0.734160000000),
double3(0.406250000000,0.434255000000,0.800430000000),
double3(0.388300000000,0.438850000000,0.820550000000),
double3(0.408610000000,0.454865000000,0.765840000000),
double3(0.434255000000,0.093750000000,0.699570000000),
double3(0.438850000000,0.111700000000,0.679450000000),
double3(0.479350000000,0.037150000000,0.789900000000),
double3(0.452900000000,0.068200000000,0.811400000000),
double3(0.436200000000,0.026250000000,0.801950000000),
double3(0.454865000000,0.091390000000,0.734160000000),
double3(0.199570000000,0.093750000000,0.934255000000),
double3(0.179450000000,0.111700000000,0.938850000000),
double3(0.289900000000,0.037150000000,0.979350000000),
double3(0.311400000000,0.068200000000,0.952900000000),
double3(0.301950000000,0.026250000000,0.936200000000),
double3(0.234160000000,0.091390000000,0.954865000000),
double3(0.199570000000,0.406250000000,0.565745000000),
double3(0.179450000000,0.388300000000,0.561150000000),
double3(0.289900000000,0.462850000000,0.520650000000),
double3(0.311400000000,0.431800000000,0.547100000000),
double3(0.301950000000,0.473750000000,0.563800000000),
double3(0.234160000000,0.408610000000,0.545135000000),
double3(0.406250000000,0.300430000000,0.934255000000),
double3(0.388300000000,0.320550000000,0.938850000000),
double3(0.408610000000,0.265840000000,0.954865000000),
double3(0.300430000000,0.093750000000,0.565745000000),
double3(0.320550000000,0.111700000000,0.561150000000),
double3(0.265840000000,0.091390000000,0.545135000000),
double3(0.093750000000,0.199570000000,0.934255000000),
double3(0.111700000000,0.179450000000,0.938850000000),
double3(0.037150000000,0.289900000000,0.979350000000),
double3(0.068200000000,0.311400000000,0.952900000000),
double3(0.026250000000,0.301950000000,0.936200000000),
double3(0.091390000000,0.234160000000,0.954865000000),
double3(0.300430000000,0.406250000000,0.934255000000),
double3(0.320550000000,0.388300000000,0.938850000000),
double3(0.265840000000,0.408610000000,0.954865000000),
double3(0.406250000000,0.199570000000,0.565745000000),
double3(0.388300000000,0.179450000000,0.561150000000),
double3(0.408610000000,0.234160000000,0.545135000000),
double3(0.093750000000,0.300430000000,0.565745000000),
double3(0.111700000000,0.320550000000,0.561150000000),
double3(0.091390000000,0.265840000000,0.545135000000),
double3(0.176852747703,0.040263598763,0.536524825587),
double3(0.207647322241,0.048711422174,0.548699901493),
double3(0.459736752673,0.176852983062,0.963475525856),
double3(0.451288776382,0.207647455215,0.951300297067),
double3(0.459736401237,0.463475174413,0.676852747703),
double3(0.451288577826,0.451300098507,0.707647322241),
double3(0.036524474144,0.459736752673,0.823147016938),
double3(0.048699702933,0.451288776382,0.792352544785),
double3(0.314660660833,0.234591482554,0.812955979917),
double3(0.316321316714,0.200743330309,0.817366062269),
double3(0.234759601158,0.321445602677,0.812382660619),
double3(0.200789782379,0.319712031754,0.815691763013),
double3(0.188525000000,0.503950000000,0.311475000000),
double3(0.184255000000,0.949570000000,0.343750000000),
double3(0.188850000000,0.929450000000,0.361700000000),
double3(0.203050000000,0.542750000000,0.296950000000),
double3(0.204865000000,0.984160000000,0.341390000000),
double3(0.250000000000,0.500000000000,0.375000000000),
double3(0.003950000000,0.811475000000,0.188525000000),
double3(0.449570000000,0.815745000000,0.156250000000),
double3(0.429450000000,0.811150000000,0.138300000000),
double3(0.042750000000,0.796950000000,0.203050000000),
double3(0.484160000000,0.795135000000,0.158610000000),
double3(0.000000000000,0.750000000000,0.125000000000),
double3(0.311475000000,0.996050000000,0.311475000000),
double3(0.315745000000,0.550430000000,0.343750000000),
double3(0.311150000000,0.570550000000,0.361700000000),
double3(0.295135000000,0.515840000000,0.341390000000),
double3(0.496050000000,0.688525000000,0.188525000000),
double3(0.050430000000,0.684255000000,0.156250000000),
double3(0.070550000000,0.688850000000,0.138300000000),
double3(0.457250000000,0.703050000000,0.203050000000),
double3(0.460100000000,0.729350000000,0.212850000000),
double3(0.438600000000,0.702900000000,0.181800000000),
double3(0.448050000000,0.686200000000,0.223750000000),
double3(0.015840000000,0.704865000000,0.158610000000),
double3(0.188525000000,0.996050000000,0.188525000000),
double3(0.184255000000,0.550430000000,0.156250000000),
double3(0.188850000000,0.570550000000,0.138300000000),
double3(0.203050000000,0.957250000000,0.203050000000),
double3(0.204865000000,0.515840000000,0.158610000000),
double3(0.250000000000,0.500000000000,0.125000000000),
double3(0.496050000000,0.811475000000,0.311475000000),
double3(0.050430000000,0.815745000000,0.343750000000),
double3(0.070550000000,0.811150000000,0.361700000000),
double3(0.015840000000,0.795135000000,0.341390000000),
double3(0.000000000000,0.750000000000,0.375000000000),
double3(0.311475000000,0.503950000000,0.188525000000),
double3(0.315745000000,0.949570000000,0.156250000000),
double3(0.311150000000,0.929450000000,0.138300000000),
double3(0.296950000000,0.542750000000,0.203050000000),
double3(0.270650000000,0.539900000000,0.212850000000),
double3(0.297100000000,0.561400000000,0.181800000000),
double3(0.313800000000,0.551950000000,0.223750000000),
double3(0.295135000000,0.984160000000,0.158610000000),
double3(0.003950000000,0.688525000000,0.311475000000),
double3(0.449570000000,0.684255000000,0.343750000000),
double3(0.429450000000,0.688850000000,0.361700000000),
double3(0.042750000000,0.703050000000,0.296950000000),
double3(0.039900000000,0.729350000000,0.287150000000),
double3(0.061400000000,0.702900000000,0.318200000000),
double3(0.051950000000,0.686200000000,0.276250000000),
double3(0.484160000000,0.704865000000,0.341390000000),
double3(0.311475000000,0.688525000000,0.003950000000),
double3(0.343750000000,0.684255000000,0.449570000000),
double3(0.361700000000,0.688850000000,0.429450000000),
double3(0.296950000000,0.703050000000,0.042750000000),
double3(0.341390000000,0.704865000000,0.484160000000),
double3(0.375000000000,0.750000000000,0.000000000000),
double3(0.188525000000,0.688525000000,0.496050000000),
double3(0.184255000000,0.656250000000,0.050430000000),
double3(0.188850000000,0.638300000000,0.070550000000),
double3(0.203050000000,0.703050000000,0.457250000000),
double3(0.229350000000,0.712850000000,0.460100000000),
double3(0.202900000000,0.681800000000,0.438600000000),
double3(0.186200000000,0.723750000000,0.448050000000),
double3(0.204865000000,0.658610000000,0.015840000000),
double3(0.250000000000,0.625000000000,0.000000000000),
double3(0.188525000000,0.811475000000,0.003950000000),
double3(0.156250000000,0.815745000000,0.449570000000),
double3(0.138300000000,0.811150000000,0.429450000000),
double3(0.203050000000,0.796950000000,0.042750000000),
double3(0.158610000000,0.795135000000,0.484160000000),
double3(0.125000000000,0.750000000000,0.000000000000),
double3(0.311475000000,0.811475000000,0.496050000000),
double3(0.315745000000,0.843750000000,0.050430000000),
double3(0.311150000000,0.861700000000,0.070550000000),
double3(0.296950000000,0.796950000000,0.457250000000),
double3(0.270650000000,0.787150000000,0.460100000000),
double3(0.297100000000,0.818200000000,0.438600000000),
double3(0.313800000000,0.776250000000,0.448050000000),
double3(0.295135000000,0.841390000000,0.015840000000),
double3(0.250000000000,0.875000000000,0.000000000000),
double3(0.343750000000,0.815745000000,0.050430000000),
double3(0.361700000000,0.811150000000,0.070550000000),
double3(0.341390000000,0.795135000000,0.015840000000),
double3(0.315745000000,0.656250000000,0.449570000000),
double3(0.311150000000,0.638300000000,0.429450000000),
double3(0.270650000000,0.712850000000,0.039900000000),
double3(0.297100000000,0.681800000000,0.061400000000),
double3(0.313800000000,0.723750000000,0.051950000000),
double3(0.295135000000,0.658610000000,0.484160000000),
double3(0.156250000000,0.684255000000,0.050430000000),
double3(0.138300000000,0.688850000000,0.070550000000),
double3(0.158610000000,0.704865000000,0.015840000000),
double3(0.184255000000,0.843750000000,0.449570000000),
double3(0.188850000000,0.861700000000,0.429450000000),
double3(0.229350000000,0.787150000000,0.039900000000),
double3(0.202900000000,0.818200000000,0.061400000000),
double3(0.186200000000,0.776250000000,0.051950000000),
double3(0.204865000000,0.841390000000,0.484160000000),
double3(0.449570000000,0.843750000000,0.184255000000),
double3(0.429450000000,0.861700000000,0.188850000000),
double3(0.039900000000,0.787150000000,0.229350000000),
double3(0.061400000000,0.818200000000,0.202900000000),
double3(0.051950000000,0.776250000000,0.186200000000),
double3(0.484160000000,0.841390000000,0.204865000000),
double3(0.000000000000,0.875000000000,0.250000000000),
double3(0.449570000000,0.656250000000,0.315745000000),
double3(0.429450000000,0.638300000000,0.311150000000),
double3(0.484160000000,0.658610000000,0.295135000000),
double3(0.000000000000,0.625000000000,0.250000000000),
double3(0.156250000000,0.550430000000,0.184255000000),
double3(0.138300000000,0.570550000000,0.188850000000),
double3(0.212850000000,0.960100000000,0.229350000000),
double3(0.181800000000,0.938600000000,0.202900000000),
double3(0.223750000000,0.948050000000,0.186200000000),
double3(0.158610000000,0.515840000000,0.204865000000),
double3(0.125000000000,0.500000000000,0.250000000000),
double3(0.050430000000,0.843750000000,0.315745000000),
double3(0.070550000000,0.861700000000,0.311150000000),
double3(0.015840000000,0.841390000000,0.295135000000),
double3(0.343750000000,0.949570000000,0.184255000000),
double3(0.361700000000,0.929450000000,0.188850000000),
double3(0.341390000000,0.984160000000,0.204865000000),
double3(0.375000000000,0.500000000000,0.250000000000),
double3(0.050430000000,0.656250000000,0.184255000000),
double3(0.070550000000,0.638300000000,0.188850000000),
double3(0.015840000000,0.658610000000,0.204865000000),
double3(0.156250000000,0.949570000000,0.315745000000),
double3(0.138300000000,0.929450000000,0.311150000000),
double3(0.212850000000,0.539900000000,0.270650000000),
double3(0.181800000000,0.561400000000,0.297100000000),
double3(0.223750000000,0.551950000000,0.313800000000),
double3(0.158610000000,0.984160000000,0.295135000000),
double3(0.343750000000,0.550430000000,0.315745000000),
double3(0.361700000000,0.570550000000,0.311150000000),
double3(0.341390000000,0.515840000000,0.295135000000),
double3(0.438525000000,0.753950000000,0.061475000000),
double3(0.434255000000,0.699570000000,0.093750000000),
double3(0.438850000000,0.679450000000,0.111700000000),
double3(0.453050000000,0.792750000000,0.046950000000),
double3(0.479350000000,0.789900000000,0.037150000000),
double3(0.452900000000,0.811400000000,0.068200000000),
double3(0.436200000000,0.801950000000,0.026250000000),
double3(0.454865000000,0.734160000000,0.091390000000),
double3(0.253950000000,0.561475000000,0.438525000000),
double3(0.199570000000,0.565745000000,0.406250000000),
double3(0.179450000000,0.561150000000,0.388300000000),
double3(0.292750000000,0.546950000000,0.453050000000),
double3(0.234160000000,0.545135000000,0.408610000000),
double3(0.061475000000,0.746050000000,0.061475000000),
double3(0.065745000000,0.800430000000,0.093750000000),
double3(0.061150000000,0.820550000000,0.111700000000),
double3(0.046950000000,0.707250000000,0.046950000000),
double3(0.020650000000,0.710100000000,0.037150000000),
double3(0.047100000000,0.688600000000,0.068200000000),
double3(0.063800000000,0.698050000000,0.026250000000),
double3(0.045135000000,0.765840000000,0.091390000000),
double3(0.246050000000,0.938525000000,0.438525000000),
double3(0.300430000000,0.934255000000,0.406250000000),
double3(0.320550000000,0.938850000000,0.388300000000),
double3(0.207250000000,0.953050000000,0.453050000000),
double3(0.210100000000,0.979350000000,0.462850000000),
double3(0.188600000000,0.952900000000,0.431800000000),
double3(0.198050000000,0.936200000000,0.473750000000),
double3(0.265840000000,0.954865000000,0.408610000000),
double3(0.438525000000,0.746050000000,0.438525000000),
double3(0.434255000000,0.800430000000,0.406250000000),
double3(0.438850000000,0.820550000000,0.388300000000),
double3(0.454865000000,0.765840000000,0.408610000000),
double3(0.246050000000,0.561475000000,0.061475000000),
double3(0.300430000000,0.565745000000,0.093750000000),
double3(0.320550000000,0.561150000000,0.111700000000),
double3(0.265840000000,0.545135000000,0.091390000000),
double3(0.061475000000,0.753950000000,0.438525000000),
double3(0.065745000000,0.699570000000,0.406250000000),
double3(0.061150000000,0.679450000000,0.388300000000),
double3(0.046950000000,0.792750000000,0.453050000000),
double3(0.045135000000,0.734160000000,0.408610000000),
double3(0.253950000000,0.938525000000,0.061475000000),
double3(0.199570000000,0.934255000000,0.093750000000),
double3(0.179450000000,0.938850000000,0.111700000000),
double3(0.292750000000,0.953050000000,0.046950000000),
double3(0.234160000000,0.954865000000,0.091390000000),
double3(0.061475000000,0.938525000000,0.253950000000),
double3(0.093750000000,0.934255000000,0.199570000000),
double3(0.111700000000,0.938850000000,0.179450000000),
double3(0.091390000000,0.954865000000,0.234160000000),
double3(0.438525000000,0.938525000000,0.246050000000),
double3(0.434255000000,0.906250000000,0.300430000000),
double3(0.438850000000,0.888300000000,0.320550000000),
double3(0.454865000000,0.908610000000,0.265840000000),
double3(0.438525000000,0.561475000000,0.253950000000),
double3(0.406250000000,0.565745000000,0.199570000000),
double3(0.388300000000,0.561150000000,0.179450000000),
double3(0.453050000000,0.546950000000,0.292750000000),
double3(0.408610000000,0.545135000000,0.234160000000),
double3(0.061475000000,0.561475000000,0.246050000000),
double3(0.065745000000,0.593750000000,0.300430000000),
double3(0.061150000000,0.611700000000,0.320550000000),
double3(0.046950000000,0.546950000000,0.207250000000),
double3(0.020650000000,0.537150000000,0.210100000000),
double3(0.047100000000,0.568200000000,0.188600000000),
double3(0.063800000000,0.526250000000,0.198050000000),
double3(0.045135000000,0.591390000000,0.265840000000),
double3(0.093750000000,0.565745000000,0.300430000000),
double3(0.111700000000,0.561150000000,0.320550000000),
double3(0.091390000000,0.545135000000,0.265840000000),
double3(0.065745000000,0.906250000000,0.199570000000),
double3(0.061150000000,0.888300000000,0.179450000000),
double3(0.045135000000,0.908610000000,0.234160000000),
double3(0.406250000000,0.934255000000,0.300430000000),
double3(0.388300000000,0.938850000000,0.320550000000),
double3(0.408610000000,0.954865000000,0.265840000000),
double3(0.434255000000,0.593750000000,0.199570000000),
double3(0.438850000000,0.611700000000,0.179450000000),
double3(0.479350000000,0.537150000000,0.289900000000),
double3(0.452900000000,0.568200000000,0.311400000000),
double3(0.436200000000,0.526250000000,0.301950000000),
double3(0.454865000000,0.591390000000,0.234160000000),
double3(0.199570000000,0.593750000000,0.434255000000),
double3(0.179450000000,0.611700000000,0.438850000000),
double3(0.289900000000,0.537150000000,0.479350000000),
double3(0.311400000000,0.568200000000,0.452900000000),
double3(0.301950000000,0.526250000000,0.436200000000),
double3(0.234160000000,0.591390000000,0.454865000000),
double3(0.199570000000,0.906250000000,0.065745000000),
double3(0.179450000000,0.888300000000,0.061150000000),
double3(0.289900000000,0.962850000000,0.020650000000),
double3(0.311400000000,0.931800000000,0.047100000000),
double3(0.301950000000,0.973750000000,0.063800000000),
double3(0.234160000000,0.908610000000,0.045135000000),
double3(0.406250000000,0.800430000000,0.434255000000),
double3(0.388300000000,0.820550000000,0.438850000000),
double3(0.408610000000,0.765840000000,0.454865000000),
double3(0.300430000000,0.593750000000,0.065745000000),
double3(0.320550000000,0.611700000000,0.061150000000),
double3(0.265840000000,0.591390000000,0.045135000000),
double3(0.093750000000,0.699570000000,0.434255000000),
double3(0.111700000000,0.679450000000,0.438850000000),
double3(0.037150000000,0.789900000000,0.479350000000),
double3(0.068200000000,0.811400000000,0.452900000000),
double3(0.026250000000,0.801950000000,0.436200000000),
double3(0.091390000000,0.734160000000,0.454865000000),
double3(0.300430000000,0.906250000000,0.434255000000),
double3(0.320550000000,0.888300000000,0.438850000000),
double3(0.265840000000,0.908610000000,0.454865000000),
double3(0.406250000000,0.699570000000,0.065745000000),
double3(0.388300000000,0.679450000000,0.061150000000),
double3(0.408610000000,0.734160000000,0.045135000000),
double3(0.093750000000,0.800430000000,0.065745000000),
double3(0.111700000000,0.820550000000,0.061150000000),
double3(0.091390000000,0.765840000000,0.045135000000),
double3(0.176852747703,0.540263598763,0.036524825587),
double3(0.207647322241,0.548711422174,0.048699901493),
double3(0.459736752673,0.676852983062,0.463475525856),
double3(0.451288776382,0.707647455215,0.451300297067),
double3(0.459736401237,0.963475174413,0.176852747703),
double3(0.451288577826,0.951300098507,0.207647322241),
double3(0.036524474144,0.959736752673,0.323147016938),
double3(0.048699702933,0.951288776382,0.292352544785),
double3(0.314660660833,0.734591482554,0.312955979917),
double3(0.316321316714,0.700743330309,0.317366062269),
double3(0.234759601158,0.821445602677,0.312382660619),
double3(0.200789782379,0.819712031754,0.315691763013),
double3(0.188525000000,0.503950000000,0.811475000000),
double3(0.184255000000,0.949570000000,0.843750000000),
double3(0.188850000000,0.929450000000,0.861700000000),
double3(0.203050000000,0.542750000000,0.796950000000),
double3(0.204865000000,0.984160000000,0.841390000000),
double3(0.250000000000,0.500000000000,0.875000000000),
double3(0.003950000000,0.811475000000,0.688525000000),
double3(0.449570000000,0.815745000000,0.656250000000),
double3(0.429450000000,0.811150000000,0.638300000000),
double3(0.042750000000,0.796950000000,0.703050000000),
double3(0.484160000000,0.795135000000,0.658610000000),
double3(0.000000000000,0.750000000000,0.625000000000),
double3(0.311475000000,0.996050000000,0.811475000000),
double3(0.315745000000,0.550430000000,0.843750000000),
double3(0.311150000000,0.570550000000,0.861700000000),
double3(0.295135000000,0.515840000000,0.841390000000),
double3(0.496050000000,0.688525000000,0.688525000000),
double3(0.050430000000,0.684255000000,0.656250000000),
double3(0.070550000000,0.688850000000,0.638300000000),
double3(0.457250000000,0.703050000000,0.703050000000),
double3(0.460100000000,0.729350000000,0.712850000000),
double3(0.438600000000,0.702900000000,0.681800000000),
double3(0.448050000000,0.686200000000,0.723750000000),
double3(0.015840000000,0.704865000000,0.658610000000),
double3(0.188525000000,0.996050000000,0.688525000000),
double3(0.184255000000,0.550430000000,0.656250000000),
double3(0.188850000000,0.570550000000,0.638300000000),
double3(0.203050000000,0.957250000000,0.703050000000),
double3(0.204865000000,0.515840000000,0.658610000000),
double3(0.250000000000,0.500000000000,0.625000000000),
double3(0.496050000000,0.811475000000,0.811475000000),
double3(0.050430000000,0.815745000000,0.843750000000),
double3(0.070550000000,0.811150000000,0.861700000000),
double3(0.015840000000,0.795135000000,0.841390000000),
double3(0.000000000000,0.750000000000,0.875000000000),
double3(0.311475000000,0.503950000000,0.688525000000),
double3(0.315745000000,0.949570000000,0.656250000000),
double3(0.311150000000,0.929450000000,0.638300000000),
double3(0.296950000000,0.542750000000,0.703050000000),
double3(0.270650000000,0.539900000000,0.712850000000),
double3(0.297100000000,0.561400000000,0.681800000000),
double3(0.313800000000,0.551950000000,0.723750000000),
double3(0.295135000000,0.984160000000,0.658610000000),
double3(0.003950000000,0.688525000000,0.811475000000),
double3(0.449570000000,0.684255000000,0.843750000000),
double3(0.429450000000,0.688850000000,0.861700000000),
double3(0.042750000000,0.703050000000,0.796950000000),
double3(0.039900000000,0.729350000000,0.787150000000),
double3(0.061400000000,0.702900000000,0.818200000000),
double3(0.051950000000,0.686200000000,0.776250000000),
double3(0.484160000000,0.704865000000,0.841390000000),
double3(0.311475000000,0.688525000000,0.503950000000),
double3(0.343750000000,0.684255000000,0.949570000000),
double3(0.361700000000,0.688850000000,0.929450000000),
double3(0.296950000000,0.703050000000,0.542750000000),
double3(0.341390000000,0.704865000000,0.984160000000),
double3(0.375000000000,0.750000000000,0.500000000000),
double3(0.188525000000,0.688525000000,0.996050000000),
double3(0.184255000000,0.656250000000,0.550430000000),
double3(0.188850000000,0.638300000000,0.570550000000),
double3(0.203050000000,0.703050000000,0.957250000000),
double3(0.229350000000,0.712850000000,0.960100000000),
double3(0.202900000000,0.681800000000,0.938600000000),
double3(0.186200000000,0.723750000000,0.948050000000),
double3(0.204865000000,0.658610000000,0.515840000000),
double3(0.250000000000,0.625000000000,0.500000000000),
double3(0.188525000000,0.811475000000,0.503950000000),
double3(0.156250000000,0.815745000000,0.949570000000),
double3(0.138300000000,0.811150000000,0.929450000000),
double3(0.203050000000,0.796950000000,0.542750000000),
double3(0.158610000000,0.795135000000,0.984160000000),
double3(0.125000000000,0.750000000000,0.500000000000),
double3(0.311475000000,0.811475000000,0.996050000000),
double3(0.315745000000,0.843750000000,0.550430000000),
double3(0.311150000000,0.861700000000,0.570550000000),
double3(0.296950000000,0.796950000000,0.957250000000),
double3(0.270650000000,0.787150000000,0.960100000000),
double3(0.297100000000,0.818200000000,0.938600000000),
double3(0.313800000000,0.776250000000,0.948050000000),
double3(0.295135000000,0.841390000000,0.515840000000),
double3(0.250000000000,0.875000000000,0.500000000000),
double3(0.343750000000,0.815745000000,0.550430000000),
double3(0.361700000000,0.811150000000,0.570550000000),
double3(0.341390000000,0.795135000000,0.515840000000),
double3(0.315745000000,0.656250000000,0.949570000000),
double3(0.311150000000,0.638300000000,0.929450000000),
double3(0.270650000000,0.712850000000,0.539900000000),
double3(0.297100000000,0.681800000000,0.561400000000),
double3(0.313800000000,0.723750000000,0.551950000000),
double3(0.295135000000,0.658610000000,0.984160000000),
double3(0.156250000000,0.684255000000,0.550430000000),
double3(0.138300000000,0.688850000000,0.570550000000),
double3(0.158610000000,0.704865000000,0.515840000000),
double3(0.184255000000,0.843750000000,0.949570000000),
double3(0.188850000000,0.861700000000,0.929450000000),
double3(0.229350000000,0.787150000000,0.539900000000),
double3(0.202900000000,0.818200000000,0.561400000000),
double3(0.186200000000,0.776250000000,0.551950000000),
double3(0.204865000000,0.841390000000,0.984160000000),
double3(0.449570000000,0.843750000000,0.684255000000),
double3(0.429450000000,0.861700000000,0.688850000000),
double3(0.039900000000,0.787150000000,0.729350000000),
double3(0.061400000000,0.818200000000,0.702900000000),
double3(0.051950000000,0.776250000000,0.686200000000),
double3(0.484160000000,0.841390000000,0.704865000000),
double3(0.000000000000,0.875000000000,0.750000000000),
double3(0.449570000000,0.656250000000,0.815745000000),
double3(0.429450000000,0.638300000000,0.811150000000),
double3(0.484160000000,0.658610000000,0.795135000000),
double3(0.000000000000,0.625000000000,0.750000000000),
double3(0.156250000000,0.550430000000,0.684255000000),
double3(0.138300000000,0.570550000000,0.688850000000),
double3(0.212850000000,0.960100000000,0.729350000000),
double3(0.181800000000,0.938600000000,0.702900000000),
double3(0.223750000000,0.948050000000,0.686200000000),
double3(0.158610000000,0.515840000000,0.704865000000),
double3(0.125000000000,0.500000000000,0.750000000000),
double3(0.050430000000,0.843750000000,0.815745000000),
double3(0.070550000000,0.861700000000,0.811150000000),
double3(0.015840000000,0.841390000000,0.795135000000),
double3(0.343750000000,0.949570000000,0.684255000000),
double3(0.361700000000,0.929450000000,0.688850000000),
double3(0.341390000000,0.984160000000,0.704865000000),
double3(0.375000000000,0.500000000000,0.750000000000),
double3(0.050430000000,0.656250000000,0.684255000000),
double3(0.070550000000,0.638300000000,0.688850000000),
double3(0.015840000000,0.658610000000,0.704865000000),
double3(0.156250000000,0.949570000000,0.815745000000),
double3(0.138300000000,0.929450000000,0.811150000000),
double3(0.212850000000,0.539900000000,0.770650000000),
double3(0.181800000000,0.561400000000,0.797100000000),
double3(0.223750000000,0.551950000000,0.813800000000),
double3(0.158610000000,0.984160000000,0.795135000000),
double3(0.343750000000,0.550430000000,0.815745000000),
double3(0.361700000000,0.570550000000,0.811150000000),
double3(0.341390000000,0.515840000000,0.795135000000),
double3(0.438525000000,0.753950000000,0.561475000000),
double3(0.434255000000,0.699570000000,0.593750000000),
double3(0.438850000000,0.679450000000,0.611700000000),
double3(0.453050000000,0.792750000000,0.546950000000),
double3(0.479350000000,0.789900000000,0.537150000000),
double3(0.452900000000,0.811400000000,0.568200000000),
double3(0.436200000000,0.801950000000,0.526250000000),
double3(0.454865000000,0.734160000000,0.591390000000),
double3(0.253950000000,0.561475000000,0.938525000000),
double3(0.199570000000,0.565745000000,0.906250000000),
double3(0.179450000000,0.561150000000,0.888300000000),
double3(0.292750000000,0.546950000000,0.953050000000),
double3(0.234160000000,0.545135000000,0.908610000000),
double3(0.061475000000,0.746050000000,0.561475000000),
double3(0.065745000000,0.800430000000,0.593750000000),
double3(0.061150000000,0.820550000000,0.611700000000),
double3(0.046950000000,0.707250000000,0.546950000000),
double3(0.020650000000,0.710100000000,0.537150000000),
double3(0.047100000000,0.688600000000,0.568200000000),
double3(0.063800000000,0.698050000000,0.526250000000),
double3(0.045135000000,0.765840000000,0.591390000000),
double3(0.246050000000,0.938525000000,0.938525000000),
double3(0.300430000000,0.934255000000,0.906250000000),
double3(0.320550000000,0.938850000000,0.888300000000),
double3(0.207250000000,0.953050000000,0.953050000000),
double3(0.210100000000,0.979350000000,0.962850000000),
double3(0.188600000000,0.952900000000,0.931800000000),
double3(0.198050000000,0.936200000000,0.973750000000),
double3(0.265840000000,0.954865000000,0.908610000000),
double3(0.438525000000,0.746050000000,0.938525000000),
double3(0.434255000000,0.800430000000,0.906250000000),
double3(0.438850000000,0.820550000000,0.888300000000),
double3(0.454865000000,0.765840000000,0.908610000000),
double3(0.246050000000,0.561475000000,0.561475000000),
double3(0.300430000000,0.565745000000,0.593750000000),
double3(0.320550000000,0.561150000000,0.611700000000),
double3(0.265840000000,0.545135000000,0.591390000000),
double3(0.061475000000,0.753950000000,0.938525000000),
double3(0.065745000000,0.699570000000,0.906250000000),
double3(0.061150000000,0.679450000000,0.888300000000),
double3(0.046950000000,0.792750000000,0.953050000000),
double3(0.045135000000,0.734160000000,0.908610000000),
double3(0.253950000000,0.938525000000,0.561475000000),
double3(0.199570000000,0.934255000000,0.593750000000),
double3(0.179450000000,0.938850000000,0.611700000000),
double3(0.292750000000,0.953050000000,0.546950000000),
double3(0.234160000000,0.954865000000,0.591390000000),
double3(0.061475000000,0.938525000000,0.753950000000),
double3(0.093750000000,0.934255000000,0.699570000000),
double3(0.111700000000,0.938850000000,0.679450000000),
double3(0.091390000000,0.954865000000,0.734160000000),
double3(0.438525000000,0.938525000000,0.746050000000),
double3(0.434255000000,0.906250000000,0.800430000000),
double3(0.438850000000,0.888300000000,0.820550000000),
double3(0.454865000000,0.908610000000,0.765840000000),
double3(0.438525000000,0.561475000000,0.753950000000),
double3(0.406250000000,0.565745000000,0.699570000000),
double3(0.388300000000,0.561150000000,0.679450000000),
double3(0.453050000000,0.546950000000,0.792750000000),
double3(0.408610000000,0.545135000000,0.734160000000),
double3(0.061475000000,0.561475000000,0.746050000000),
double3(0.065745000000,0.593750000000,0.800430000000),
double3(0.061150000000,0.611700000000,0.820550000000),
double3(0.046950000000,0.546950000000,0.707250000000),
double3(0.020650000000,0.537150000000,0.710100000000),
double3(0.047100000000,0.568200000000,0.688600000000),
double3(0.063800000000,0.526250000000,0.698050000000),
double3(0.045135000000,0.591390000000,0.765840000000),
double3(0.093750000000,0.565745000000,0.800430000000),
double3(0.111700000000,0.561150000000,0.820550000000),
double3(0.091390000000,0.545135000000,0.765840000000),
double3(0.065745000000,0.906250000000,0.699570000000),
double3(0.061150000000,0.888300000000,0.679450000000),
double3(0.045135000000,0.908610000000,0.734160000000),
double3(0.406250000000,0.934255000000,0.800430000000),
double3(0.388300000000,0.938850000000,0.820550000000),
double3(0.408610000000,0.954865000000,0.765840000000),
double3(0.434255000000,0.593750000000,0.699570000000),
double3(0.438850000000,0.611700000000,0.679450000000),
double3(0.479350000000,0.537150000000,0.789900000000),
double3(0.452900000000,0.568200000000,0.811400000000),
double3(0.436200000000,0.526250000000,0.801950000000),
double3(0.454865000000,0.591390000000,0.734160000000),
double3(0.199570000000,0.593750000000,0.934255000000),
double3(0.179450000000,0.611700000000,0.938850000000),
double3(0.289900000000,0.537150000000,0.979350000000),
double3(0.311400000000,0.568200000000,0.952900000000),
double3(0.301950000000,0.526250000000,0.936200000000),
double3(0.234160000000,0.591390000000,0.954865000000),
double3(0.199570000000,0.906250000000,0.565745000000),
double3(0.179450000000,0.888300000000,0.561150000000),
double3(0.289900000000,0.962850000000,0.520650000000),
double3(0.311400000000,0.931800000000,0.547100000000),
double3(0.301950000000,0.973750000000,0.563800000000),
double3(0.234160000000,0.908610000000,0.545135000000),
double3(0.406250000000,0.800430000000,0.934255000000),
double3(0.388300000000,0.820550000000,0.938850000000),
double3(0.408610000000,0.765840000000,0.954865000000),
double3(0.300430000000,0.593750000000,0.565745000000),
double3(0.320550000000,0.611700000000,0.561150000000),
double3(0.265840000000,0.591390000000,0.545135000000),
double3(0.093750000000,0.699570000000,0.934255000000),
double3(0.111700000000,0.679450000000,0.938850000000),
double3(0.037150000000,0.789900000000,0.979350000000),
double3(0.068200000000,0.811400000000,0.952900000000),
double3(0.026250000000,0.801950000000,0.936200000000),
double3(0.091390000000,0.734160000000,0.954865000000),
double3(0.300430000000,0.906250000000,0.934255000000),
double3(0.320550000000,0.888300000000,0.938850000000),
double3(0.265840000000,0.908610000000,0.954865000000),
double3(0.406250000000,0.699570000000,0.565745000000),
double3(0.388300000000,0.679450000000,0.561150000000),
double3(0.408610000000,0.734160000000,0.545135000000),
double3(0.093750000000,0.800430000000,0.565745000000),
double3(0.111700000000,0.820550000000,0.561150000000),
double3(0.091390000000,0.765840000000,0.545135000000),
double3(0.176852747703,0.540263598763,0.536524825587),
double3(0.207647322241,0.548711422174,0.548699901493),
double3(0.459736752673,0.676852983062,0.963475525856),
double3(0.451288776382,0.707647455215,0.951300297067),
double3(0.459736401237,0.963475174413,0.676852747703),
double3(0.451288577826,0.951300098507,0.707647322241),
double3(0.036524474144,0.959736752673,0.823147016938),
double3(0.048699702933,0.951288776382,0.792352544785),
double3(0.314660660833,0.734591482554,0.812955979917),
double3(0.316321316714,0.700743330309,0.817366062269),
double3(0.234759601158,0.821445602677,0.812382660619),
double3(0.200789782379,0.819712031754,0.815691763013),
double3(0.688525000000,0.003950000000,0.311475000000),
double3(0.684255000000,0.449570000000,0.343750000000),
double3(0.688850000000,0.429450000000,0.361700000000),
double3(0.703050000000,0.042750000000,0.296950000000),
double3(0.704865000000,0.484160000000,0.341390000000),
double3(0.750000000000,0.000000000000,0.375000000000),
double3(0.503950000000,0.311475000000,0.188525000000),
double3(0.949570000000,0.315745000000,0.156250000000),
double3(0.929450000000,0.311150000000,0.138300000000),
double3(0.542750000000,0.296950000000,0.203050000000),
double3(0.984160000000,0.295135000000,0.158610000000),
double3(0.500000000000,0.250000000000,0.125000000000),
double3(0.811475000000,0.496050000000,0.311475000000),
double3(0.815745000000,0.050430000000,0.343750000000),
double3(0.811150000000,0.070550000000,0.361700000000),
double3(0.795135000000,0.015840000000,0.341390000000),
double3(0.996050000000,0.188525000000,0.188525000000),
double3(0.550430000000,0.184255000000,0.156250000000),
double3(0.570550000000,0.188850000000,0.138300000000),
double3(0.957250000000,0.203050000000,0.203050000000),
double3(0.960100000000,0.229350000000,0.212850000000),
double3(0.938600000000,0.202900000000,0.181800000000),
double3(0.948050000000,0.186200000000,0.223750000000),
double3(0.515840000000,0.204865000000,0.158610000000),
double3(0.688525000000,0.496050000000,0.188525000000),
double3(0.684255000000,0.050430000000,0.156250000000),
double3(0.688850000000,0.070550000000,0.138300000000),
double3(0.703050000000,0.457250000000,0.203050000000),
double3(0.704865000000,0.015840000000,0.158610000000),
double3(0.750000000000,0.000000000000,0.125000000000),
double3(0.996050000000,0.311475000000,0.311475000000),
double3(0.550430000000,0.315745000000,0.343750000000),
double3(0.570550000000,0.311150000000,0.361700000000),
double3(0.515840000000,0.295135000000,0.341390000000),
double3(0.500000000000,0.250000000000,0.375000000000),
double3(0.811475000000,0.003950000000,0.188525000000),
double3(0.815745000000,0.449570000000,0.156250000000),
double3(0.811150000000,0.429450000000,0.138300000000),
double3(0.796950000000,0.042750000000,0.203050000000),
double3(0.770650000000,0.039900000000,0.212850000000),
double3(0.797100000000,0.061400000000,0.181800000000),
double3(0.813800000000,0.051950000000,0.223750000000),
double3(0.795135000000,0.484160000000,0.158610000000),
double3(0.503950000000,0.188525000000,0.311475000000),
double3(0.949570000000,0.184255000000,0.343750000000),
double3(0.929450000000,0.188850000000,0.361700000000),
double3(0.542750000000,0.203050000000,0.296950000000),
double3(0.539900000000,0.229350000000,0.287150000000),
double3(0.561400000000,0.202900000000,0.318200000000),
double3(0.551950000000,0.186200000000,0.276250000000),
double3(0.984160000000,0.204865000000,0.341390000000),
double3(0.811475000000,0.188525000000,0.003950000000),
double3(0.843750000000,0.184255000000,0.449570000000),
double3(0.861700000000,0.188850000000,0.429450000000),
double3(0.796950000000,0.203050000000,0.042750000000),
double3(0.841390000000,0.204865000000,0.484160000000),
double3(0.875000000000,0.250000000000,0.000000000000),
double3(0.688525000000,0.188525000000,0.496050000000),
double3(0.684255000000,0.156250000000,0.050430000000),
double3(0.688850000000,0.138300000000,0.070550000000),
double3(0.703050000000,0.203050000000,0.457250000000),
double3(0.729350000000,0.212850000000,0.460100000000),
double3(0.702900000000,0.181800000000,0.438600000000),
double3(0.686200000000,0.223750000000,0.448050000000),
double3(0.704865000000,0.158610000000,0.015840000000),
double3(0.750000000000,0.125000000000,0.000000000000),
double3(0.688525000000,0.311475000000,0.003950000000),
double3(0.656250000000,0.315745000000,0.449570000000),
double3(0.638300000000,0.311150000000,0.429450000000),
double3(0.703050000000,0.296950000000,0.042750000000),
double3(0.658610000000,0.295135000000,0.484160000000),
double3(0.625000000000,0.250000000000,0.000000000000),
double3(0.811475000000,0.311475000000,0.496050000000),
double3(0.815745000000,0.343750000000,0.050430000000),
double3(0.811150000000,0.361700000000,0.070550000000),
double3(0.796950000000,0.296950000000,0.457250000000),
double3(0.770650000000,0.287150000000,0.460100000000),
double3(0.797100000000,0.318200000000,0.438600000000),
double3(0.813800000000,0.276250000000,0.448050000000),
double3(0.795135000000,0.341390000000,0.015840000000),
double3(0.750000000000,0.375000000000,0.000000000000),
double3(0.843750000000,0.315745000000,0.050430000000),
double3(0.861700000000,0.311150000000,0.070550000000),
double3(0.841390000000,0.295135000000,0.015840000000),
double3(0.815745000000,0.156250000000,0.449570000000),
double3(0.811150000000,0.138300000000,0.429450000000),
double3(0.770650000000,0.212850000000,0.039900000000),
double3(0.797100000000,0.181800000000,0.061400000000),
double3(0.813800000000,0.223750000000,0.051950000000),
double3(0.795135000000,0.158610000000,0.484160000000),
double3(0.656250000000,0.184255000000,0.050430000000),
double3(0.638300000000,0.188850000000,0.070550000000),
double3(0.658610000000,0.204865000000,0.015840000000),
double3(0.684255000000,0.343750000000,0.449570000000),
double3(0.688850000000,0.361700000000,0.429450000000),
double3(0.729350000000,0.287150000000,0.039900000000),
double3(0.702900000000,0.318200000000,0.061400000000),
double3(0.686200000000,0.276250000000,0.051950000000),
double3(0.704865000000,0.341390000000,0.484160000000),
double3(0.949570000000,0.343750000000,0.184255000000),
double3(0.929450000000,0.361700000000,0.188850000000),
double3(0.539900000000,0.287150000000,0.229350000000),
double3(0.561400000000,0.318200000000,0.202900000000),
double3(0.551950000000,0.276250000000,0.186200000000),
double3(0.984160000000,0.341390000000,0.204865000000),
double3(0.500000000000,0.375000000000,0.250000000000),
double3(0.949570000000,0.156250000000,0.315745000000),
double3(0.929450000000,0.138300000000,0.311150000000),
double3(0.984160000000,0.158610000000,0.295135000000),
double3(0.500000000000,0.125000000000,0.250000000000),
double3(0.656250000000,0.050430000000,0.184255000000),
double3(0.638300000000,0.070550000000,0.188850000000),
double3(0.712850000000,0.460100000000,0.229350000000),
double3(0.681800000000,0.438600000000,0.202900000000),
double3(0.723750000000,0.448050000000,0.186200000000),
double3(0.658610000000,0.015840000000,0.204865000000),
double3(0.625000000000,0.000000000000,0.250000000000),
double3(0.550430000000,0.343750000000,0.315745000000),
double3(0.570550000000,0.361700000000,0.311150000000),
double3(0.515840000000,0.341390000000,0.295135000000),
double3(0.843750000000,0.449570000000,0.184255000000),
double3(0.861700000000,0.429450000000,0.188850000000),
double3(0.841390000000,0.484160000000,0.204865000000),
double3(0.875000000000,0.000000000000,0.250000000000),
double3(0.550430000000,0.156250000000,0.184255000000),
double3(0.570550000000,0.138300000000,0.188850000000),
double3(0.515840000000,0.158610000000,0.204865000000),
double3(0.656250000000,0.449570000000,0.315745000000),
double3(0.638300000000,0.429450000000,0.311150000000),
double3(0.712850000000,0.039900000000,0.270650000000),
double3(0.681800000000,0.061400000000,0.297100000000),
double3(0.723750000000,0.051950000000,0.313800000000),
double3(0.658610000000,0.484160000000,0.295135000000),
double3(0.843750000000,0.050430000000,0.315745000000),
double3(0.861700000000,0.070550000000,0.311150000000),
double3(0.841390000000,0.015840000000,0.295135000000),
double3(0.938525000000,0.253950000000,0.061475000000),
double3(0.934255000000,0.199570000000,0.093750000000),
double3(0.938850000000,0.179450000000,0.111700000000),
double3(0.953050000000,0.292750000000,0.046950000000),
double3(0.979350000000,0.289900000000,0.037150000000),
double3(0.952900000000,0.311400000000,0.068200000000),
double3(0.936200000000,0.301950000000,0.026250000000),
double3(0.954865000000,0.234160000000,0.091390000000),
double3(0.753950000000,0.061475000000,0.438525000000),
double3(0.699570000000,0.065745000000,0.406250000000),
double3(0.679450000000,0.061150000000,0.388300000000),
double3(0.792750000000,0.046950000000,0.453050000000),
double3(0.734160000000,0.045135000000,0.408610000000),
double3(0.561475000000,0.246050000000,0.061475000000),
double3(0.565745000000,0.300430000000,0.093750000000),
double3(0.561150000000,0.320550000000,0.111700000000),
double3(0.546950000000,0.207250000000,0.046950000000),
double3(0.520650000000,0.210100000000,0.037150000000),
double3(0.547100000000,0.188600000000,0.068200000000),
double3(0.563800000000,0.198050000000,0.026250000000),
double3(0.545135000000,0.265840000000,0.091390000000),
double3(0.746050000000,0.438525000000,0.438525000000),
double3(0.800430000000,0.434255000000,0.406250000000),
double3(0.820550000000,0.438850000000,0.388300000000),
double3(0.707250000000,0.453050000000,0.453050000000),
double3(0.710100000000,0.479350000000,0.462850000000),
double3(0.688600000000,0.452900000000,0.431800000000),
double3(0.698050000000,0.436200000000,0.473750000000),
double3(0.765840000000,0.454865000000,0.408610000000),
double3(0.938525000000,0.246050000000,0.438525000000),
double3(0.934255000000,0.300430000000,0.406250000000),
double3(0.938850000000,0.320550000000,0.388300000000),
double3(0.954865000000,0.265840000000,0.408610000000),
double3(0.746050000000,0.061475000000,0.061475000000),
double3(0.800430000000,0.065745000000,0.093750000000),
double3(0.820550000000,0.061150000000,0.111700000000),
double3(0.765840000000,0.045135000000,0.091390000000),
double3(0.561475000000,0.253950000000,0.438525000000),
double3(0.565745000000,0.199570000000,0.406250000000),
double3(0.561150000000,0.179450000000,0.388300000000),
double3(0.546950000000,0.292750000000,0.453050000000),
double3(0.545135000000,0.234160000000,0.408610000000),
double3(0.753950000000,0.438525000000,0.061475000000),
double3(0.699570000000,0.434255000000,0.093750000000),
double3(0.679450000000,0.438850000000,0.111700000000),
double3(0.792750000000,0.453050000000,0.046950000000),
double3(0.734160000000,0.454865000000,0.091390000000),
double3(0.561475000000,0.438525000000,0.253950000000),
double3(0.593750000000,0.434255000000,0.199570000000),
double3(0.611700000000,0.438850000000,0.179450000000),
double3(0.591390000000,0.454865000000,0.234160000000),
double3(0.938525000000,0.438525000000,0.246050000000),
double3(0.934255000000,0.406250000000,0.300430000000),
double3(0.938850000000,0.388300000000,0.320550000000),
double3(0.954865000000,0.408610000000,0.265840000000),
double3(0.938525000000,0.061475000000,0.253950000000),
double3(0.906250000000,0.065745000000,0.199570000000),
double3(0.888300000000,0.061150000000,0.179450000000),
double3(0.953050000000,0.046950000000,0.292750000000),
double3(0.908610000000,0.045135000000,0.234160000000),
double3(0.561475000000,0.061475000000,0.246050000000),
double3(0.565745000000,0.093750000000,0.300430000000),
double3(0.561150000000,0.111700000000,0.320550000000),
double3(0.546950000000,0.046950000000,0.207250000000),
double3(0.520650000000,0.037150000000,0.210100000000),
double3(0.547100000000,0.068200000000,0.188600000000),
double3(0.563800000000,0.026250000000,0.198050000000),
double3(0.545135000000,0.091390000000,0.265840000000),
double3(0.593750000000,0.065745000000,0.300430000000),
double3(0.611700000000,0.061150000000,0.320550000000),
double3(0.591390000000,0.045135000000,0.265840000000),
double3(0.565745000000,0.406250000000,0.199570000000),
double3(0.561150000000,0.388300000000,0.179450000000),
double3(0.545135000000,0.408610000000,0.234160000000),
double3(0.906250000000,0.434255000000,0.300430000000),
double3(0.888300000000,0.438850000000,0.320550000000),
double3(0.908610000000,0.454865000000,0.265840000000),
double3(0.934255000000,0.093750000000,0.199570000000),
double3(0.938850000000,0.111700000000,0.179450000000),
double3(0.979350000000,0.037150000000,0.289900000000),
double3(0.952900000000,0.068200000000,0.311400000000),
double3(0.936200000000,0.026250000000,0.301950000000),
double3(0.954865000000,0.091390000000,0.234160000000),
double3(0.699570000000,0.093750000000,0.434255000000),
double3(0.679450000000,0.111700000000,0.438850000000),
double3(0.789900000000,0.037150000000,0.479350000000),
double3(0.811400000000,0.068200000000,0.452900000000),
double3(0.801950000000,0.026250000000,0.436200000000),
double3(0.734160000000,0.091390000000,0.454865000000),
double3(0.699570000000,0.406250000000,0.065745000000),
double3(0.679450000000,0.388300000000,0.061150000000),
double3(0.789900000000,0.462850000000,0.020650000000),
double3(0.811400000000,0.431800000000,0.047100000000),
double3(0.801950000000,0.473750000000,0.063800000000),
double3(0.734160000000,0.408610000000,0.045135000000),
double3(0.906250000000,0.300430000000,0.434255000000),
double3(0.888300000000,0.320550000000,0.438850000000),
double3(0.908610000000,0.265840000000,0.454865000000),
double3(0.800430000000,0.093750000000,0.065745000000),
double3(0.820550000000,0.111700000000,0.061150000000),
double3(0.765840000000,0.091390000000,0.045135000000),
double3(0.593750000000,0.199570000000,0.434255000000),
double3(0.611700000000,0.179450000000,0.438850000000),
double3(0.537150000000,0.289900000000,0.479350000000),
double3(0.568200000000,0.311400000000,0.452900000000),
double3(0.526250000000,0.301950000000,0.436200000000),
double3(0.591390000000,0.234160000000,0.454865000000),
double3(0.800430000000,0.406250000000,0.434255000000),
double3(0.820550000000,0.388300000000,0.438850000000),
double3(0.765840000000,0.408610000000,0.454865000000),
double3(0.906250000000,0.199570000000,0.065745000000),
double3(0.888300000000,0.179450000000,0.061150000000),
double3(0.908610000000,0.234160000000,0.045135000000),
double3(0.593750000000,0.300430000000,0.065745000000),
double3(0.611700000000,0.320550000000,0.061150000000),
double3(0.591390000000,0.265840000000,0.045135000000),
double3(0.676852747703,0.040263598763,0.036524825587),
double3(0.707647322241,0.048711422174,0.048699901493),
double3(0.959736752673,0.176852983062,0.463475525856),
double3(0.951288776382,0.207647455215,0.451300297067),
double3(0.959736401237,0.463475174413,0.176852747703),
double3(0.951288577826,0.451300098507,0.207647322241),
double3(0.536524474144,0.459736752673,0.323147016938),
double3(0.548699702933,0.451288776382,0.292352544785),
double3(0.814660660833,0.234591482554,0.312955979917),
double3(0.816321316714,0.200743330309,0.317366062269),
double3(0.734759601158,0.321445602677,0.312382660619),
double3(0.700789782379,0.319712031754,0.315691763013),
double3(0.688525000000,0.003950000000,0.811475000000),
double3(0.684255000000,0.449570000000,0.843750000000),
double3(0.688850000000,0.429450000000,0.861700000000),
double3(0.703050000000,0.042750000000,0.796950000000),
double3(0.704865000000,0.484160000000,0.841390000000),
double3(0.750000000000,0.000000000000,0.875000000000),
double3(0.503950000000,0.311475000000,0.688525000000),
double3(0.949570000000,0.315745000000,0.656250000000),
double3(0.929450000000,0.311150000000,0.638300000000),
double3(0.542750000000,0.296950000000,0.703050000000),
double3(0.984160000000,0.295135000000,0.658610000000),
double3(0.500000000000,0.250000000000,0.625000000000),
double3(0.811475000000,0.496050000000,0.811475000000),
double3(0.815745000000,0.050430000000,0.843750000000),
double3(0.811150000000,0.070550000000,0.861700000000),
double3(0.795135000000,0.015840000000,0.841390000000),
double3(0.996050000000,0.188525000000,0.688525000000),
double3(0.550430000000,0.184255000000,0.656250000000),
double3(0.570550000000,0.188850000000,0.638300000000),
double3(0.957250000000,0.203050000000,0.703050000000),
double3(0.960100000000,0.229350000000,0.712850000000),
double3(0.938600000000,0.202900000000,0.681800000000),
double3(0.948050000000,0.186200000000,0.723750000000),
double3(0.515840000000,0.204865000000,0.658610000000),
double3(0.688525000000,0.496050000000,0.688525000000),
double3(0.684255000000,0.050430000000,0.656250000000),
double3(0.688850000000,0.070550000000,0.638300000000),
double3(0.703050000000,0.457250000000,0.703050000000),
double3(0.704865000000,0.015840000000,0.658610000000),
double3(0.750000000000,0.000000000000,0.625000000000),
double3(0.996050000000,0.311475000000,0.811475000000),
double3(0.550430000000,0.315745000000,0.843750000000),
double3(0.570550000000,0.311150000000,0.861700000000),
double3(0.515840000000,0.295135000000,0.841390000000),
double3(0.500000000000,0.250000000000,0.875000000000),
double3(0.811475000000,0.003950000000,0.688525000000),
double3(0.815745000000,0.449570000000,0.656250000000),
double3(0.811150000000,0.429450000000,0.638300000000),
double3(0.796950000000,0.042750000000,0.703050000000),
double3(0.770650000000,0.039900000000,0.712850000000),
double3(0.797100000000,0.061400000000,0.681800000000),
double3(0.813800000000,0.051950000000,0.723750000000),
double3(0.795135000000,0.484160000000,0.658610000000),
double3(0.503950000000,0.188525000000,0.811475000000),
double3(0.949570000000,0.184255000000,0.843750000000),
double3(0.929450000000,0.188850000000,0.861700000000),
double3(0.542750000000,0.203050000000,0.796950000000),
double3(0.539900000000,0.229350000000,0.787150000000),
double3(0.561400000000,0.202900000000,0.818200000000),
double3(0.551950000000,0.186200000000,0.776250000000),
double3(0.984160000000,0.204865000000,0.841390000000),
double3(0.811475000000,0.188525000000,0.503950000000),
double3(0.843750000000,0.184255000000,0.949570000000),
double3(0.861700000000,0.188850000000,0.929450000000),
double3(0.796950000000,0.203050000000,0.542750000000),
double3(0.841390000000,0.204865000000,0.984160000000),
double3(0.875000000000,0.250000000000,0.500000000000),
double3(0.688525000000,0.188525000000,0.996050000000),
double3(0.684255000000,0.156250000000,0.550430000000),
double3(0.688850000000,0.138300000000,0.570550000000),
double3(0.703050000000,0.203050000000,0.957250000000),
double3(0.729350000000,0.212850000000,0.960100000000),
double3(0.702900000000,0.181800000000,0.938600000000),
double3(0.686200000000,0.223750000000,0.948050000000),
double3(0.704865000000,0.158610000000,0.515840000000),
double3(0.750000000000,0.125000000000,0.500000000000),
double3(0.688525000000,0.311475000000,0.503950000000),
double3(0.656250000000,0.315745000000,0.949570000000),
double3(0.638300000000,0.311150000000,0.929450000000),
double3(0.703050000000,0.296950000000,0.542750000000),
double3(0.658610000000,0.295135000000,0.984160000000),
double3(0.625000000000,0.250000000000,0.500000000000),
double3(0.811475000000,0.311475000000,0.996050000000),
double3(0.815745000000,0.343750000000,0.550430000000),
double3(0.811150000000,0.361700000000,0.570550000000),
double3(0.796950000000,0.296950000000,0.957250000000),
double3(0.770650000000,0.287150000000,0.960100000000),
double3(0.797100000000,0.318200000000,0.938600000000),
double3(0.813800000000,0.276250000000,0.948050000000),
double3(0.795135000000,0.341390000000,0.515840000000),
double3(0.750000000000,0.375000000000,0.500000000000),
double3(0.843750000000,0.315745000000,0.550430000000),
double3(0.861700000000,0.311150000000,0.570550000000),
double3(0.841390000000,0.295135000000,0.515840000000),
double3(0.815745000000,0.156250000000,0.949570000000),
double3(0.811150000000,0.138300000000,0.929450000000),
double3(0.770650000000,0.212850000000,0.539900000000),
double3(0.797100000000,0.181800000000,0.561400000000),
double3(0.813800000000,0.223750000000,0.551950000000),
double3(0.795135000000,0.158610000000,0.984160000000),
double3(0.656250000000,0.184255000000,0.550430000000),
double3(0.638300000000,0.188850000000,0.570550000000),
double3(0.658610000000,0.204865000000,0.515840000000),
double3(0.684255000000,0.343750000000,0.949570000000),
double3(0.688850000000,0.361700000000,0.929450000000),
double3(0.729350000000,0.287150000000,0.539900000000),
double3(0.702900000000,0.318200000000,0.561400000000),
double3(0.686200000000,0.276250000000,0.551950000000),
double3(0.704865000000,0.341390000000,0.984160000000),
double3(0.949570000000,0.343750000000,0.684255000000),
double3(0.929450000000,0.361700000000,0.688850000000),
double3(0.539900000000,0.287150000000,0.729350000000),
double3(0.561400000000,0.318200000000,0.702900000000),
double3(0.551950000000,0.276250000000,0.686200000000),
double3(0.984160000000,0.341390000000,0.704865000000),
double3(0.500000000000,0.375000000000,0.750000000000),
double3(0.949570000000,0.156250000000,0.815745000000),
double3(0.929450000000,0.138300000000,0.811150000000),
double3(0.984160000000,0.158610000000,0.795135000000),
double3(0.500000000000,0.125000000000,0.750000000000),
double3(0.656250000000,0.050430000000,0.684255000000),
double3(0.638300000000,0.070550000000,0.688850000000),
double3(0.712850000000,0.460100000000,0.729350000000),
double3(0.681800000000,0.438600000000,0.702900000000),
double3(0.723750000000,0.448050000000,0.686200000000),
double3(0.658610000000,0.015840000000,0.704865000000),
double3(0.625000000000,0.000000000000,0.750000000000),
double3(0.550430000000,0.343750000000,0.815745000000),
double3(0.570550000000,0.361700000000,0.811150000000),
double3(0.515840000000,0.341390000000,0.795135000000),
double3(0.843750000000,0.449570000000,0.684255000000),
double3(0.861700000000,0.429450000000,0.688850000000),
double3(0.841390000000,0.484160000000,0.704865000000),
double3(0.875000000000,0.000000000000,0.750000000000),
double3(0.550430000000,0.156250000000,0.684255000000),
double3(0.570550000000,0.138300000000,0.688850000000),
double3(0.515840000000,0.158610000000,0.704865000000),
double3(0.656250000000,0.449570000000,0.815745000000),
double3(0.638300000000,0.429450000000,0.811150000000),
double3(0.712850000000,0.039900000000,0.770650000000),
double3(0.681800000000,0.061400000000,0.797100000000),
double3(0.723750000000,0.051950000000,0.813800000000),
double3(0.658610000000,0.484160000000,0.795135000000),
double3(0.843750000000,0.050430000000,0.815745000000),
double3(0.861700000000,0.070550000000,0.811150000000),
double3(0.841390000000,0.015840000000,0.795135000000),
double3(0.938525000000,0.253950000000,0.561475000000),
double3(0.934255000000,0.199570000000,0.593750000000),
double3(0.938850000000,0.179450000000,0.611700000000),
double3(0.953050000000,0.292750000000,0.546950000000),
double3(0.979350000000,0.289900000000,0.537150000000),
double3(0.952900000000,0.311400000000,0.568200000000),
double3(0.936200000000,0.301950000000,0.526250000000),
double3(0.954865000000,0.234160000000,0.591390000000),
double3(0.753950000000,0.061475000000,0.938525000000),
double3(0.699570000000,0.065745000000,0.906250000000),
double3(0.679450000000,0.061150000000,0.888300000000),
double3(0.792750000000,0.046950000000,0.953050000000),
double3(0.734160000000,0.045135000000,0.908610000000),
double3(0.561475000000,0.246050000000,0.561475000000),
double3(0.565745000000,0.300430000000,0.593750000000),
double3(0.561150000000,0.320550000000,0.611700000000),
double3(0.546950000000,0.207250000000,0.546950000000),
double3(0.520650000000,0.210100000000,0.537150000000),
double3(0.547100000000,0.188600000000,0.568200000000),
double3(0.563800000000,0.198050000000,0.526250000000),
double3(0.545135000000,0.265840000000,0.591390000000),
double3(0.746050000000,0.438525000000,0.938525000000),
double3(0.800430000000,0.434255000000,0.906250000000),
double3(0.820550000000,0.438850000000,0.888300000000),
double3(0.707250000000,0.453050000000,0.953050000000),
double3(0.710100000000,0.479350000000,0.962850000000),
double3(0.688600000000,0.452900000000,0.931800000000),
double3(0.698050000000,0.436200000000,0.973750000000),
double3(0.765840000000,0.454865000000,0.908610000000),
double3(0.938525000000,0.246050000000,0.938525000000),
double3(0.934255000000,0.300430000000,0.906250000000),
double3(0.938850000000,0.320550000000,0.888300000000),
double3(0.954865000000,0.265840000000,0.908610000000),
double3(0.746050000000,0.061475000000,0.561475000000),
double3(0.800430000000,0.065745000000,0.593750000000),
double3(0.820550000000,0.061150000000,0.611700000000),
double3(0.765840000000,0.045135000000,0.591390000000),
double3(0.561475000000,0.253950000000,0.938525000000),
double3(0.565745000000,0.199570000000,0.906250000000),
double3(0.561150000000,0.179450000000,0.888300000000),
double3(0.546950000000,0.292750000000,0.953050000000),
double3(0.545135000000,0.234160000000,0.908610000000),
double3(0.753950000000,0.438525000000,0.561475000000),
double3(0.699570000000,0.434255000000,0.593750000000),
double3(0.679450000000,0.438850000000,0.611700000000),
double3(0.792750000000,0.453050000000,0.546950000000),
double3(0.734160000000,0.454865000000,0.591390000000),
double3(0.561475000000,0.438525000000,0.753950000000),
double3(0.593750000000,0.434255000000,0.699570000000),
double3(0.611700000000,0.438850000000,0.679450000000),
double3(0.591390000000,0.454865000000,0.734160000000),
double3(0.938525000000,0.438525000000,0.746050000000),
double3(0.934255000000,0.406250000000,0.800430000000),
double3(0.938850000000,0.388300000000,0.820550000000),
double3(0.954865000000,0.408610000000,0.765840000000),
double3(0.938525000000,0.061475000000,0.753950000000),
double3(0.906250000000,0.065745000000,0.699570000000),
double3(0.888300000000,0.061150000000,0.679450000000),
double3(0.953050000000,0.046950000000,0.792750000000),
double3(0.908610000000,0.045135000000,0.734160000000),
double3(0.561475000000,0.061475000000,0.746050000000),
double3(0.565745000000,0.093750000000,0.800430000000),
double3(0.561150000000,0.111700000000,0.820550000000),
double3(0.546950000000,0.046950000000,0.707250000000),
double3(0.520650000000,0.037150000000,0.710100000000),
double3(0.547100000000,0.068200000000,0.688600000000),
double3(0.563800000000,0.026250000000,0.698050000000),
double3(0.545135000000,0.091390000000,0.765840000000),
double3(0.593750000000,0.065745000000,0.800430000000),
double3(0.611700000000,0.061150000000,0.820550000000),
double3(0.591390000000,0.045135000000,0.765840000000),
double3(0.565745000000,0.406250000000,0.699570000000),
double3(0.561150000000,0.388300000000,0.679450000000),
double3(0.545135000000,0.408610000000,0.734160000000),
double3(0.906250000000,0.434255000000,0.800430000000),
double3(0.888300000000,0.438850000000,0.820550000000),
double3(0.908610000000,0.454865000000,0.765840000000),
double3(0.934255000000,0.093750000000,0.699570000000),
double3(0.938850000000,0.111700000000,0.679450000000),
double3(0.979350000000,0.037150000000,0.789900000000),
double3(0.952900000000,0.068200000000,0.811400000000),
double3(0.936200000000,0.026250000000,0.801950000000),
double3(0.954865000000,0.091390000000,0.734160000000),
double3(0.699570000000,0.093750000000,0.934255000000),
double3(0.679450000000,0.111700000000,0.938850000000),
double3(0.789900000000,0.037150000000,0.979350000000),
double3(0.811400000000,0.068200000000,0.952900000000),
double3(0.801950000000,0.026250000000,0.936200000000),
double3(0.734160000000,0.091390000000,0.954865000000),
double3(0.699570000000,0.406250000000,0.565745000000),
double3(0.679450000000,0.388300000000,0.561150000000),
double3(0.789900000000,0.462850000000,0.520650000000),
double3(0.811400000000,0.431800000000,0.547100000000),
double3(0.801950000000,0.473750000000,0.563800000000),
double3(0.734160000000,0.408610000000,0.545135000000),
double3(0.906250000000,0.300430000000,0.934255000000),
double3(0.888300000000,0.320550000000,0.938850000000),
double3(0.908610000000,0.265840000000,0.954865000000),
double3(0.800430000000,0.093750000000,0.565745000000),
double3(0.820550000000,0.111700000000,0.561150000000),
double3(0.765840000000,0.091390000000,0.545135000000),
double3(0.593750000000,0.199570000000,0.934255000000),
double3(0.611700000000,0.179450000000,0.938850000000),
double3(0.537150000000,0.289900000000,0.979350000000),
double3(0.568200000000,0.311400000000,0.952900000000),
double3(0.526250000000,0.301950000000,0.936200000000),
double3(0.591390000000,0.234160000000,0.954865000000),
double3(0.800430000000,0.406250000000,0.934255000000),
double3(0.820550000000,0.388300000000,0.938850000000),
double3(0.765840000000,0.408610000000,0.954865000000),
double3(0.906250000000,0.199570000000,0.565745000000),
double3(0.888300000000,0.179450000000,0.561150000000),
double3(0.908610000000,0.234160000000,0.545135000000),
double3(0.593750000000,0.300430000000,0.565745000000),
double3(0.611700000000,0.320550000000,0.561150000000),
double3(0.591390000000,0.265840000000,0.545135000000),
double3(0.676852747703,0.040263598763,0.536524825587),
double3(0.707647322241,0.048711422174,0.548699901493),
double3(0.959736752673,0.176852983062,0.963475525856),
double3(0.951288776382,0.207647455215,0.951300297067),
double3(0.959736401237,0.463475174413,0.676852747703),
double3(0.951288577826,0.451300098507,0.707647322241),
double3(0.536524474144,0.459736752673,0.823147016938),
double3(0.548699702933,0.451288776382,0.792352544785),
double3(0.814660660833,0.234591482554,0.812955979917),
double3(0.816321316714,0.200743330309,0.817366062269),
double3(0.734759601158,0.321445602677,0.812382660619),
double3(0.700789782379,0.319712031754,0.815691763013),
double3(0.688525000000,0.503950000000,0.311475000000),
double3(0.684255000000,0.949570000000,0.343750000000),
double3(0.688850000000,0.929450000000,0.361700000000),
double3(0.703050000000,0.542750000000,0.296950000000),
double3(0.704865000000,0.984160000000,0.341390000000),
double3(0.750000000000,0.500000000000,0.375000000000),
double3(0.503950000000,0.811475000000,0.188525000000),
double3(0.949570000000,0.815745000000,0.156250000000),
double3(0.929450000000,0.811150000000,0.138300000000),
double3(0.542750000000,0.796950000000,0.203050000000),
double3(0.984160000000,0.795135000000,0.158610000000),
double3(0.500000000000,0.750000000000,0.125000000000),
double3(0.811475000000,0.996050000000,0.311475000000),
double3(0.815745000000,0.550430000000,0.343750000000),
double3(0.811150000000,0.570550000000,0.361700000000),
double3(0.795135000000,0.515840000000,0.341390000000),
double3(0.996050000000,0.688525000000,0.188525000000),
double3(0.550430000000,0.684255000000,0.156250000000),
double3(0.570550000000,0.688850000000,0.138300000000),
double3(0.957250000000,0.703050000000,0.203050000000),
double3(0.960100000000,0.729350000000,0.212850000000),
double3(0.938600000000,0.702900000000,0.181800000000),
double3(0.948050000000,0.686200000000,0.223750000000),
double3(0.515840000000,0.704865000000,0.158610000000),
double3(0.688525000000,0.996050000000,0.188525000000),
double3(0.684255000000,0.550430000000,0.156250000000),
double3(0.688850000000,0.570550000000,0.138300000000),
double3(0.703050000000,0.957250000000,0.203050000000),
double3(0.704865000000,0.515840000000,0.158610000000),
double3(0.750000000000,0.500000000000,0.125000000000),
double3(0.996050000000,0.811475000000,0.311475000000),
double3(0.550430000000,0.815745000000,0.343750000000),
double3(0.570550000000,0.811150000000,0.361700000000),
double3(0.515840000000,0.795135000000,0.341390000000),
double3(0.500000000000,0.750000000000,0.375000000000),
double3(0.811475000000,0.503950000000,0.188525000000),
double3(0.815745000000,0.949570000000,0.156250000000),
double3(0.811150000000,0.929450000000,0.138300000000),
double3(0.796950000000,0.542750000000,0.203050000000),
double3(0.770650000000,0.539900000000,0.212850000000),
double3(0.797100000000,0.561400000000,0.181800000000),
double3(0.813800000000,0.551950000000,0.223750000000),
double3(0.795135000000,0.984160000000,0.158610000000),
double3(0.503950000000,0.688525000000,0.311475000000),
double3(0.949570000000,0.684255000000,0.343750000000),
double3(0.929450000000,0.688850000000,0.361700000000),
double3(0.542750000000,0.703050000000,0.296950000000),
double3(0.539900000000,0.729350000000,0.287150000000),
double3(0.561400000000,0.702900000000,0.318200000000),
double3(0.551950000000,0.686200000000,0.276250000000),
double3(0.984160000000,0.704865000000,0.341390000000),
double3(0.811475000000,0.688525000000,0.003950000000),
double3(0.843750000000,0.684255000000,0.449570000000),
double3(0.861700000000,0.688850000000,0.429450000000),
double3(0.796950000000,0.703050000000,0.042750000000),
double3(0.841390000000,0.704865000000,0.484160000000),
double3(0.875000000000,0.750000000000,0.000000000000),
double3(0.688525000000,0.688525000000,0.496050000000),
double3(0.684255000000,0.656250000000,0.050430000000),
double3(0.688850000000,0.638300000000,0.070550000000),
double3(0.703050000000,0.703050000000,0.457250000000),
double3(0.729350000000,0.712850000000,0.460100000000),
double3(0.702900000000,0.681800000000,0.438600000000),
double3(0.686200000000,0.723750000000,0.448050000000),
double3(0.704865000000,0.658610000000,0.015840000000),
double3(0.750000000000,0.625000000000,0.000000000000),
double3(0.688525000000,0.811475000000,0.003950000000),
double3(0.656250000000,0.815745000000,0.449570000000),
double3(0.638300000000,0.811150000000,0.429450000000),
double3(0.703050000000,0.796950000000,0.042750000000),
double3(0.658610000000,0.795135000000,0.484160000000),
double3(0.625000000000,0.750000000000,0.000000000000),
double3(0.811475000000,0.811475000000,0.496050000000),
double3(0.815745000000,0.843750000000,0.050430000000),
double3(0.811150000000,0.861700000000,0.070550000000),
double3(0.796950000000,0.796950000000,0.457250000000),
double3(0.770650000000,0.787150000000,0.460100000000),
double3(0.797100000000,0.818200000000,0.438600000000),
double3(0.813800000000,0.776250000000,0.448050000000),
double3(0.795135000000,0.841390000000,0.015840000000),
double3(0.750000000000,0.875000000000,0.000000000000),
double3(0.843750000000,0.815745000000,0.050430000000),
double3(0.861700000000,0.811150000000,0.070550000000),
double3(0.841390000000,0.795135000000,0.015840000000),
double3(0.815745000000,0.656250000000,0.449570000000),
double3(0.811150000000,0.638300000000,0.429450000000),
double3(0.770650000000,0.712850000000,0.039900000000),
double3(0.797100000000,0.681800000000,0.061400000000),
double3(0.813800000000,0.723750000000,0.051950000000),
double3(0.795135000000,0.658610000000,0.484160000000),
double3(0.656250000000,0.684255000000,0.050430000000),
double3(0.638300000000,0.688850000000,0.070550000000),
double3(0.658610000000,0.704865000000,0.015840000000),
double3(0.684255000000,0.843750000000,0.449570000000),
double3(0.688850000000,0.861700000000,0.429450000000),
double3(0.729350000000,0.787150000000,0.039900000000),
double3(0.702900000000,0.818200000000,0.061400000000),
double3(0.686200000000,0.776250000000,0.051950000000),
double3(0.704865000000,0.841390000000,0.484160000000),
double3(0.949570000000,0.843750000000,0.184255000000),
double3(0.929450000000,0.861700000000,0.188850000000),
double3(0.539900000000,0.787150000000,0.229350000000),
double3(0.561400000000,0.818200000000,0.202900000000),
double3(0.551950000000,0.776250000000,0.186200000000),
double3(0.984160000000,0.841390000000,0.204865000000),
double3(0.500000000000,0.875000000000,0.250000000000),
double3(0.949570000000,0.656250000000,0.315745000000),
double3(0.929450000000,0.638300000000,0.311150000000),
double3(0.984160000000,0.658610000000,0.295135000000),
double3(0.500000000000,0.625000000000,0.250000000000),
double3(0.656250000000,0.550430000000,0.184255000000),
double3(0.638300000000,0.570550000000,0.188850000000),
double3(0.712850000000,0.960100000000,0.229350000000),
double3(0.681800000000,0.938600000000,0.202900000000),
double3(0.723750000000,0.948050000000,0.186200000000),
double3(0.658610000000,0.515840000000,0.204865000000),
double3(0.625000000000,0.500000000000,0.250000000000),
double3(0.550430000000,0.843750000000,0.315745000000),
double3(0.570550000000,0.861700000000,0.311150000000),
double3(0.515840000000,0.841390000000,0.295135000000),
double3(0.843750000000,0.949570000000,0.184255000000),
double3(0.861700000000,0.929450000000,0.188850000000),
double3(0.841390000000,0.984160000000,0.204865000000),
double3(0.875000000000,0.500000000000,0.250000000000),
double3(0.550430000000,0.656250000000,0.184255000000),
double3(0.570550000000,0.638300000000,0.188850000000),
double3(0.515840000000,0.658610000000,0.204865000000),
double3(0.656250000000,0.949570000000,0.315745000000),
double3(0.638300000000,0.929450000000,0.311150000000),
double3(0.712850000000,0.539900000000,0.270650000000),
double3(0.681800000000,0.561400000000,0.297100000000),
double3(0.723750000000,0.551950000000,0.313800000000),
double3(0.658610000000,0.984160000000,0.295135000000),
double3(0.843750000000,0.550430000000,0.315745000000),
double3(0.861700000000,0.570550000000,0.311150000000),
double3(0.841390000000,0.515840000000,0.295135000000),
double3(0.938525000000,0.753950000000,0.061475000000),
double3(0.934255000000,0.699570000000,0.093750000000),
double3(0.938850000000,0.679450000000,0.111700000000),
double3(0.953050000000,0.792750000000,0.046950000000),
double3(0.979350000000,0.789900000000,0.037150000000),
double3(0.952900000000,0.811400000000,0.068200000000),
double3(0.936200000000,0.801950000000,0.026250000000),
double3(0.954865000000,0.734160000000,0.091390000000),
double3(0.753950000000,0.561475000000,0.438525000000),
double3(0.699570000000,0.565745000000,0.406250000000),
double3(0.679450000000,0.561150000000,0.388300000000),
double3(0.792750000000,0.546950000000,0.453050000000),
double3(0.734160000000,0.545135000000,0.408610000000),
double3(0.561475000000,0.746050000000,0.061475000000),
double3(0.565745000000,0.800430000000,0.093750000000),
double3(0.561150000000,0.820550000000,0.111700000000),
double3(0.546950000000,0.707250000000,0.046950000000),
double3(0.520650000000,0.710100000000,0.037150000000),
double3(0.547100000000,0.688600000000,0.068200000000),
double3(0.563800000000,0.698050000000,0.026250000000),
double3(0.545135000000,0.765840000000,0.091390000000),
double3(0.746050000000,0.938525000000,0.438525000000),
double3(0.800430000000,0.934255000000,0.406250000000),
double3(0.820550000000,0.938850000000,0.388300000000),
double3(0.707250000000,0.953050000000,0.453050000000),
double3(0.710100000000,0.979350000000,0.462850000000),
double3(0.688600000000,0.952900000000,0.431800000000),
double3(0.698050000000,0.936200000000,0.473750000000),
double3(0.765840000000,0.954865000000,0.408610000000),
double3(0.938525000000,0.746050000000,0.438525000000),
double3(0.934255000000,0.800430000000,0.406250000000),
double3(0.938850000000,0.820550000000,0.388300000000),
double3(0.954865000000,0.765840000000,0.408610000000),
double3(0.746050000000,0.561475000000,0.061475000000),
double3(0.800430000000,0.565745000000,0.093750000000),
double3(0.820550000000,0.561150000000,0.111700000000),
double3(0.765840000000,0.545135000000,0.091390000000),
double3(0.561475000000,0.753950000000,0.438525000000),
double3(0.565745000000,0.699570000000,0.406250000000),
double3(0.561150000000,0.679450000000,0.388300000000),
double3(0.546950000000,0.792750000000,0.453050000000),
double3(0.545135000000,0.734160000000,0.408610000000),
double3(0.753950000000,0.938525000000,0.061475000000),
double3(0.699570000000,0.934255000000,0.093750000000),
double3(0.679450000000,0.938850000000,0.111700000000),
double3(0.792750000000,0.953050000000,0.046950000000),
double3(0.734160000000,0.954865000000,0.091390000000),
double3(0.561475000000,0.938525000000,0.253950000000),
double3(0.593750000000,0.934255000000,0.199570000000),
double3(0.611700000000,0.938850000000,0.179450000000),
double3(0.591390000000,0.954865000000,0.234160000000),
double3(0.938525000000,0.938525000000,0.246050000000),
double3(0.934255000000,0.906250000000,0.300430000000),
double3(0.938850000000,0.888300000000,0.320550000000),
double3(0.954865000000,0.908610000000,0.265840000000),
double3(0.938525000000,0.561475000000,0.253950000000),
double3(0.906250000000,0.565745000000,0.199570000000),
double3(0.888300000000,0.561150000000,0.179450000000),
double3(0.953050000000,0.546950000000,0.292750000000),
double3(0.908610000000,0.545135000000,0.234160000000),
double3(0.561475000000,0.561475000000,0.246050000000),
double3(0.565745000000,0.593750000000,0.300430000000),
double3(0.561150000000,0.611700000000,0.320550000000),
double3(0.546950000000,0.546950000000,0.207250000000),
double3(0.520650000000,0.537150000000,0.210100000000),
double3(0.547100000000,0.568200000000,0.188600000000),
double3(0.563800000000,0.526250000000,0.198050000000),
double3(0.545135000000,0.591390000000,0.265840000000),
double3(0.593750000000,0.565745000000,0.300430000000),
double3(0.611700000000,0.561150000000,0.320550000000),
double3(0.591390000000,0.545135000000,0.265840000000),
double3(0.565745000000,0.906250000000,0.199570000000),
double3(0.561150000000,0.888300000000,0.179450000000),
double3(0.545135000000,0.908610000000,0.234160000000),
double3(0.906250000000,0.934255000000,0.300430000000),
double3(0.888300000000,0.938850000000,0.320550000000),
double3(0.908610000000,0.954865000000,0.265840000000),
double3(0.934255000000,0.593750000000,0.199570000000),
double3(0.938850000000,0.611700000000,0.179450000000),
double3(0.979350000000,0.537150000000,0.289900000000),
double3(0.952900000000,0.568200000000,0.311400000000),
double3(0.936200000000,0.526250000000,0.301950000000),
double3(0.954865000000,0.591390000000,0.234160000000),
double3(0.699570000000,0.593750000000,0.434255000000),
double3(0.679450000000,0.611700000000,0.438850000000),
double3(0.789900000000,0.537150000000,0.479350000000),
double3(0.811400000000,0.568200000000,0.452900000000),
double3(0.801950000000,0.526250000000,0.436200000000),
double3(0.734160000000,0.591390000000,0.454865000000),
double3(0.699570000000,0.906250000000,0.065745000000),
double3(0.679450000000,0.888300000000,0.061150000000),
double3(0.789900000000,0.962850000000,0.020650000000),
double3(0.811400000000,0.931800000000,0.047100000000),
double3(0.801950000000,0.973750000000,0.063800000000),
double3(0.734160000000,0.908610000000,0.045135000000),
double3(0.906250000000,0.800430000000,0.434255000000),
double3(0.888300000000,0.820550000000,0.438850000000),
double3(0.908610000000,0.765840000000,0.454865000000),
double3(0.800430000000,0.593750000000,0.065745000000),
double3(0.820550000000,0.611700000000,0.061150000000),
double3(0.765840000000,0.591390000000,0.045135000000),
double3(0.593750000000,0.699570000000,0.434255000000),
double3(0.611700000000,0.679450000000,0.438850000000),
double3(0.537150000000,0.789900000000,0.479350000000),
double3(0.568200000000,0.811400000000,0.452900000000),
double3(0.526250000000,0.801950000000,0.436200000000),
double3(0.591390000000,0.734160000000,0.454865000000),
double3(0.800430000000,0.906250000000,0.434255000000),
double3(0.820550000000,0.888300000000,0.438850000000),
double3(0.765840000000,0.908610000000,0.454865000000),
double3(0.906250000000,0.699570000000,0.065745000000),
double3(0.888300000000,0.679450000000,0.061150000000),
double3(0.908610000000,0.734160000000,0.045135000000),
double3(0.593750000000,0.800430000000,0.065745000000),
double3(0.611700000000,0.820550000000,0.061150000000),
double3(0.591390000000,0.765840000000,0.045135000000),
double3(0.676852747703,0.540263598763,0.036524825587),
double3(0.707647322241,0.548711422174,0.048699901493),
double3(0.959736752673,0.676852983062,0.463475525856),
double3(0.951288776382,0.707647455215,0.451300297067),
double3(0.959736401237,0.963475174413,0.176852747703),
double3(0.951288577826,0.951300098507,0.207647322241),
double3(0.536524474144,0.959736752673,0.323147016938),
double3(0.548699702933,0.951288776382,0.292352544785),
double3(0.814660660833,0.734591482554,0.312955979917),
double3(0.816321316714,0.700743330309,0.317366062269),
double3(0.734759601158,0.821445602677,0.312382660619),
double3(0.700789782379,0.819712031754,0.315691763013),
double3(0.688525000000,0.503950000000,0.811475000000),
double3(0.684255000000,0.949570000000,0.843750000000),
double3(0.688850000000,0.929450000000,0.861700000000),
double3(0.703050000000,0.542750000000,0.796950000000),
double3(0.704865000000,0.984160000000,0.841390000000),
double3(0.750000000000,0.500000000000,0.875000000000),
double3(0.503950000000,0.811475000000,0.688525000000),
double3(0.949570000000,0.815745000000,0.656250000000),
double3(0.929450000000,0.811150000000,0.638300000000),
double3(0.542750000000,0.796950000000,0.703050000000),
double3(0.984160000000,0.795135000000,0.658610000000),
double3(0.500000000000,0.750000000000,0.625000000000),
double3(0.811475000000,0.996050000000,0.811475000000),
double3(0.815745000000,0.550430000000,0.843750000000),
double3(0.811150000000,0.570550000000,0.861700000000),
double3(0.795135000000,0.515840000000,0.841390000000),
double3(0.996050000000,0.688525000000,0.688525000000),
double3(0.550430000000,0.684255000000,0.656250000000),
double3(0.570550000000,0.688850000000,0.638300000000),
double3(0.957250000000,0.703050000000,0.703050000000),
double3(0.960100000000,0.729350000000,0.712850000000),
double3(0.938600000000,0.702900000000,0.681800000000),
double3(0.948050000000,0.686200000000,0.723750000000),
double3(0.515840000000,0.704865000000,0.658610000000),
double3(0.688525000000,0.996050000000,0.688525000000),
double3(0.684255000000,0.550430000000,0.656250000000),
double3(0.688850000000,0.570550000000,0.638300000000),
double3(0.703050000000,0.957250000000,0.703050000000),
double3(0.704865000000,0.515840000000,0.658610000000),
double3(0.750000000000,0.500000000000,0.625000000000),
double3(0.996050000000,0.811475000000,0.811475000000),
double3(0.550430000000,0.815745000000,0.843750000000),
double3(0.570550000000,0.811150000000,0.861700000000),
double3(0.515840000000,0.795135000000,0.841390000000),
double3(0.500000000000,0.750000000000,0.875000000000),
double3(0.811475000000,0.503950000000,0.688525000000),
double3(0.815745000000,0.949570000000,0.656250000000),
double3(0.811150000000,0.929450000000,0.638300000000),
double3(0.796950000000,0.542750000000,0.703050000000),
double3(0.770650000000,0.539900000000,0.712850000000),
double3(0.797100000000,0.561400000000,0.681800000000),
double3(0.813800000000,0.551950000000,0.723750000000),
double3(0.795135000000,0.984160000000,0.658610000000),
double3(0.503950000000,0.688525000000,0.811475000000),
double3(0.949570000000,0.684255000000,0.843750000000),
double3(0.929450000000,0.688850000000,0.861700000000),
double3(0.542750000000,0.703050000000,0.796950000000),
double3(0.539900000000,0.729350000000,0.787150000000),
double3(0.561400000000,0.702900000000,0.818200000000),
double3(0.551950000000,0.686200000000,0.776250000000),
double3(0.984160000000,0.704865000000,0.841390000000),
double3(0.811475000000,0.688525000000,0.503950000000),
double3(0.843750000000,0.684255000000,0.949570000000),
double3(0.861700000000,0.688850000000,0.929450000000),
double3(0.796950000000,0.703050000000,0.542750000000),
double3(0.841390000000,0.704865000000,0.984160000000),
double3(0.875000000000,0.750000000000,0.500000000000),
double3(0.688525000000,0.688525000000,0.996050000000),
double3(0.684255000000,0.656250000000,0.550430000000),
double3(0.688850000000,0.638300000000,0.570550000000),
double3(0.703050000000,0.703050000000,0.957250000000),
double3(0.729350000000,0.712850000000,0.960100000000),
double3(0.702900000000,0.681800000000,0.938600000000),
double3(0.686200000000,0.723750000000,0.948050000000),
double3(0.704865000000,0.658610000000,0.515840000000),
double3(0.750000000000,0.625000000000,0.500000000000),
double3(0.688525000000,0.811475000000,0.503950000000),
double3(0.656250000000,0.815745000000,0.949570000000),
double3(0.638300000000,0.811150000000,0.929450000000),
double3(0.703050000000,0.796950000000,0.542750000000),
double3(0.658610000000,0.795135000000,0.984160000000),
double3(0.625000000000,0.750000000000,0.500000000000),
double3(0.811475000000,0.811475000000,0.996050000000),
double3(0.815745000000,0.843750000000,0.550430000000),
double3(0.811150000000,0.861700000000,0.570550000000),
double3(0.796950000000,0.796950000000,0.957250000000),
double3(0.770650000000,0.787150000000,0.960100000000),
double3(0.797100000000,0.818200000000,0.938600000000),
double3(0.813800000000,0.776250000000,0.948050000000),
double3(0.795135000000,0.841390000000,0.515840000000),
double3(0.750000000000,0.875000000000,0.500000000000),
double3(0.843750000000,0.815745000000,0.550430000000),
double3(0.861700000000,0.811150000000,0.570550000000),
double3(0.841390000000,0.795135000000,0.515840000000),
double3(0.815745000000,0.656250000000,0.949570000000),
double3(0.811150000000,0.638300000000,0.929450000000),
double3(0.770650000000,0.712850000000,0.539900000000),
double3(0.797100000000,0.681800000000,0.561400000000),
double3(0.813800000000,0.723750000000,0.551950000000),
double3(0.795135000000,0.658610000000,0.984160000000),
double3(0.656250000000,0.684255000000,0.550430000000),
double3(0.638300000000,0.688850000000,0.570550000000),
double3(0.658610000000,0.704865000000,0.515840000000),
double3(0.684255000000,0.843750000000,0.949570000000),
double3(0.688850000000,0.861700000000,0.929450000000),
double3(0.729350000000,0.787150000000,0.539900000000),
double3(0.702900000000,0.818200000000,0.561400000000),
double3(0.686200000000,0.776250000000,0.551950000000),
double3(0.704865000000,0.841390000000,0.984160000000),
double3(0.949570000000,0.843750000000,0.684255000000),
double3(0.929450000000,0.861700000000,0.688850000000),
double3(0.539900000000,0.787150000000,0.729350000000),
double3(0.561400000000,0.818200000000,0.702900000000),
double3(0.551950000000,0.776250000000,0.686200000000),
double3(0.984160000000,0.841390000000,0.704865000000),
double3(0.500000000000,0.875000000000,0.750000000000),
double3(0.949570000000,0.656250000000,0.815745000000),
double3(0.929450000000,0.638300000000,0.811150000000),
double3(0.984160000000,0.658610000000,0.795135000000),
double3(0.500000000000,0.625000000000,0.750000000000),
double3(0.656250000000,0.550430000000,0.684255000000),
double3(0.638300000000,0.570550000000,0.688850000000),
double3(0.712850000000,0.960100000000,0.729350000000),
double3(0.681800000000,0.938600000000,0.702900000000),
double3(0.723750000000,0.948050000000,0.686200000000),
double3(0.658610000000,0.515840000000,0.704865000000),
double3(0.625000000000,0.500000000000,0.750000000000),
double3(0.550430000000,0.843750000000,0.815745000000),
double3(0.570550000000,0.861700000000,0.811150000000),
double3(0.515840000000,0.841390000000,0.795135000000),
double3(0.843750000000,0.949570000000,0.684255000000),
double3(0.861700000000,0.929450000000,0.688850000000),
double3(0.841390000000,0.984160000000,0.704865000000),
double3(0.875000000000,0.500000000000,0.750000000000),
double3(0.550430000000,0.656250000000,0.684255000000),
double3(0.570550000000,0.638300000000,0.688850000000),
double3(0.515840000000,0.658610000000,0.704865000000),
double3(0.656250000000,0.949570000000,0.815745000000),
double3(0.638300000000,0.929450000000,0.811150000000),
double3(0.712850000000,0.539900000000,0.770650000000),
double3(0.681800000000,0.561400000000,0.797100000000),
double3(0.723750000000,0.551950000000,0.813800000000),
double3(0.658610000000,0.984160000000,0.795135000000),
double3(0.843750000000,0.550430000000,0.815745000000),
double3(0.861700000000,0.570550000000,0.811150000000),
double3(0.841390000000,0.515840000000,0.795135000000),
double3(0.938525000000,0.753950000000,0.561475000000),
double3(0.934255000000,0.699570000000,0.593750000000),
double3(0.938850000000,0.679450000000,0.611700000000),
double3(0.953050000000,0.792750000000,0.546950000000),
double3(0.979350000000,0.789900000000,0.537150000000),
double3(0.952900000000,0.811400000000,0.568200000000),
double3(0.936200000000,0.801950000000,0.526250000000),
double3(0.954865000000,0.734160000000,0.591390000000),
double3(0.753950000000,0.561475000000,0.938525000000),
double3(0.699570000000,0.565745000000,0.906250000000),
double3(0.679450000000,0.561150000000,0.888300000000),
double3(0.792750000000,0.546950000000,0.953050000000),
double3(0.734160000000,0.545135000000,0.908610000000),
double3(0.561475000000,0.746050000000,0.561475000000),
double3(0.565745000000,0.800430000000,0.593750000000),
double3(0.561150000000,0.820550000000,0.611700000000),
double3(0.546950000000,0.707250000000,0.546950000000),
double3(0.520650000000,0.710100000000,0.537150000000),
double3(0.547100000000,0.688600000000,0.568200000000),
double3(0.563800000000,0.698050000000,0.526250000000),
double3(0.545135000000,0.765840000000,0.591390000000),
double3(0.746050000000,0.938525000000,0.938525000000),
double3(0.800430000000,0.934255000000,0.906250000000),
double3(0.820550000000,0.938850000000,0.888300000000),
double3(0.707250000000,0.953050000000,0.953050000000),
double3(0.710100000000,0.979350000000,0.962850000000),
double3(0.688600000000,0.952900000000,0.931800000000),
double3(0.698050000000,0.936200000000,0.973750000000),
double3(0.765840000000,0.954865000000,0.908610000000),
double3(0.938525000000,0.746050000000,0.938525000000),
double3(0.934255000000,0.800430000000,0.906250000000),
double3(0.938850000000,0.820550000000,0.888300000000),
double3(0.954865000000,0.765840000000,0.908610000000),
double3(0.746050000000,0.561475000000,0.561475000000),
double3(0.800430000000,0.565745000000,0.593750000000),
double3(0.820550000000,0.561150000000,0.611700000000),
double3(0.765840000000,0.545135000000,0.591390000000),
double3(0.561475000000,0.753950000000,0.938525000000),
double3(0.565745000000,0.699570000000,0.906250000000),
double3(0.561150000000,0.679450000000,0.888300000000),
double3(0.546950000000,0.792750000000,0.953050000000),
double3(0.545135000000,0.734160000000,0.908610000000),
double3(0.753950000000,0.938525000000,0.561475000000),
double3(0.699570000000,0.934255000000,0.593750000000),
double3(0.679450000000,0.938850000000,0.611700000000),
double3(0.792750000000,0.953050000000,0.546950000000),
double3(0.734160000000,0.954865000000,0.591390000000),
double3(0.561475000000,0.938525000000,0.753950000000),
double3(0.593750000000,0.934255000000,0.699570000000),
double3(0.611700000000,0.938850000000,0.679450000000),
double3(0.591390000000,0.954865000000,0.734160000000),
double3(0.938525000000,0.938525000000,0.746050000000),
double3(0.934255000000,0.906250000000,0.800430000000),
double3(0.938850000000,0.888300000000,0.820550000000),
double3(0.954865000000,0.908610000000,0.765840000000),
double3(0.938525000000,0.561475000000,0.753950000000),
double3(0.906250000000,0.565745000000,0.699570000000),
double3(0.888300000000,0.561150000000,0.679450000000),
double3(0.953050000000,0.546950000000,0.792750000000),
double3(0.908610000000,0.545135000000,0.734160000000),
double3(0.561475000000,0.561475000000,0.746050000000),
double3(0.565745000000,0.593750000000,0.800430000000),
double3(0.561150000000,0.611700000000,0.820550000000),
double3(0.546950000000,0.546950000000,0.707250000000),
double3(0.520650000000,0.537150000000,0.710100000000),
double3(0.547100000000,0.568200000000,0.688600000000),
double3(0.563800000000,0.526250000000,0.698050000000),
double3(0.545135000000,0.591390000000,0.765840000000),
double3(0.593750000000,0.565745000000,0.800430000000),
double3(0.611700000000,0.561150000000,0.820550000000),
double3(0.591390000000,0.545135000000,0.765840000000),
double3(0.565745000000,0.906250000000,0.699570000000),
double3(0.561150000000,0.888300000000,0.679450000000),
double3(0.545135000000,0.908610000000,0.734160000000),
double3(0.906250000000,0.934255000000,0.800430000000),
double3(0.888300000000,0.938850000000,0.820550000000),
double3(0.908610000000,0.954865000000,0.765840000000),
double3(0.934255000000,0.593750000000,0.699570000000),
double3(0.938850000000,0.611700000000,0.679450000000),
double3(0.979350000000,0.537150000000,0.789900000000),
double3(0.952900000000,0.568200000000,0.811400000000),
double3(0.936200000000,0.526250000000,0.801950000000),
double3(0.954865000000,0.591390000000,0.734160000000),
double3(0.699570000000,0.593750000000,0.934255000000),
double3(0.679450000000,0.611700000000,0.938850000000),
double3(0.789900000000,0.537150000000,0.979350000000),
double3(0.811400000000,0.568200000000,0.952900000000),
double3(0.801950000000,0.526250000000,0.936200000000),
double3(0.734160000000,0.591390000000,0.954865000000),
double3(0.699570000000,0.906250000000,0.565745000000),
double3(0.679450000000,0.888300000000,0.561150000000),
double3(0.789900000000,0.962850000000,0.520650000000),
double3(0.811400000000,0.931800000000,0.547100000000),
double3(0.801950000000,0.973750000000,0.563800000000),
double3(0.734160000000,0.908610000000,0.545135000000),
double3(0.906250000000,0.800430000000,0.934255000000),
double3(0.888300000000,0.820550000000,0.938850000000),
double3(0.908610000000,0.765840000000,0.954865000000),
double3(0.800430000000,0.593750000000,0.565745000000),
double3(0.820550000000,0.611700000000,0.561150000000),
double3(0.765840000000,0.591390000000,0.545135000000),
double3(0.593750000000,0.699570000000,0.934255000000),
double3(0.611700000000,0.679450000000,0.938850000000),
double3(0.537150000000,0.789900000000,0.979350000000),
double3(0.568200000000,0.811400000000,0.952900000000),
double3(0.526250000000,0.801950000000,0.936200000000),
double3(0.591390000000,0.734160000000,0.954865000000),
double3(0.800430000000,0.906250000000,0.934255000000),
double3(0.820550000000,0.888300000000,0.938850000000),
double3(0.765840000000,0.908610000000,0.954865000000),
double3(0.906250000000,0.699570000000,0.565745000000),
double3(0.888300000000,0.679450000000,0.561150000000),
double3(0.908610000000,0.734160000000,0.545135000000),
double3(0.593750000000,0.800430000000,0.565745000000),
double3(0.611700000000,0.820550000000,0.561150000000),
double3(0.591390000000,0.765840000000,0.545135000000),
double3(0.676852747703,0.540263598763,0.536524825587),
double3(0.707647322241,0.548711422174,0.548699901493),
double3(0.959736752673,0.676852983062,0.963475525856),
double3(0.951288776382,0.707647455215,0.951300297067),
double3(0.959736401237,0.963475174413,0.676852747703),
double3(0.951288577826,0.951300098507,0.707647322241),
double3(0.536524474144,0.959736752673,0.823147016938),
double3(0.548699702933,0.951288776382,0.792352544785),
double3(0.814660660833,0.734591482554,0.812955979917),
double3(0.816321316714,0.700743330309,0.817366062269),
double3(0.734759601158,0.821445602677,0.812382660619),
double3(0.700789782379,0.819712031754,0.815691763013),
