# vtk DataFile Version 1.0
Cube
ASCII

DATASET POLYDATA
POINTS 2527 float
14.834923 4.677983 8.225126
27.330202 29.734160 8.225126
14.275104 3.293618 4.971067
22.226257 12.148329 45.547896
26.770383 28.349795 4.971067
34.721536 37.204506 45.547896
14.913464 2.947630 1.552469
22.864617 11.802341 42.129299
27.408743 28.003807 1.552469
35.359896 36.858518 42.129299
13.387294 3.347659 8.554813
25.882573 28.403836 8.554813
2.214699 2.445180 5.527781
10.165852 11.299891 46.104611
14.709978 27.501357 5.527781
22.661131 36.356068 46.104611
29.618499 2.445180 5.527781
37.569652 11.299891 46.104611
42.113778 27.501357 5.527781
50.064931 36.356068 46.104611
13.255449 1.818601 4.192195
21.206602 10.673312 44.769024
25.750728 26.874778 4.192195
33.701881 35.729488 44.769024
13.081901 2.389348 2.048927
21.033054 11.244059 42.625756
25.577180 27.445525 2.048927
33.528333 36.300236 42.625756
14.834019 4.883492 1.867751
22.785172 13.738203 42.444581
17.307146 5.905400 14.953779
29.802426 30.961577 14.953779
12.702520 1.764991 3.070449
20.653673 10.619702 43.647278
25.197799 26.821168 3.070449
33.148952 35.675879 43.647278
2.930343 2.829112 6.494321
15.425622 27.885289 6.494321
30.334143 2.829112 6.494321
42.829422 27.885289 6.494321
13.121285 3.881713 6.436297
25.616564 28.937890 6.436297
14.426232 4.966006 4.045104
22.377385 13.820717 44.621933
18.649206 7.205619 19.832737
31.144485 32.261796 19.832737
15.467768 11.884658 2.677665
23.418921 20.739369 43.254494
11.494635 0.899332 2.921329
19.445788 9.754043 43.498158
23.989915 25.955509 2.921329
31.941067 34.810220 43.498158
15.766128 4.783297 10.058590
28.261407 29.839474 10.058590
14.524109 6.978530 2.849305
22.475262 15.833241 43.426134
13.029304 11.813154 2.447594
20.980457 20.667865 43.024423
2.619040 3.725491 7.289424
15.114319 28.781668 7.289424
30.022840 3.725491 7.289424
42.518119 28.781668 7.289424
15.200393 6.477651 7.517872
14.247982 11.150364 2.567905
22.199135 20.005074 43.144734
14.208394 11.371655 7.577723
4.359663 0.672530 2.186280
12.310816 9.527241 42.763109
16.854942 25.728707 2.186280
24.806095 34.583418 42.763109
31.763463 0.672530 2.186280
39.714616 9.527241 42.763109
44.258742 25.728707 2.186280
52.209895 34.583418 42.763109
4.255085 2.162197 6.676106
16.750364 27.218374 6.676106
31.658885 2.162197 6.676106
44.154164 27.218374 6.676106
12.736940 3.278708 7.492511
25.232219 28.334884 7.492511
12.937302 13.425308 7.119813
15.363994 13.554377 7.435704
14.177885 12.770782 7.381331
14.603177 5.490629 2.931676
22.554330 14.345340 43.508505
10.869556 13.589177 5.913058
18.820709 22.443888 46.489888
38.273356 13.589177 5.913058
46.224509 22.443888 46.489888
10.301659 13.272428 5.248126
18.252812 22.127139 45.824955
37.705459 13.272428 5.248126
45.656612 22.127139 45.824955
6.335033 1.990408 7.863789
18.830312 27.046585 7.863789
6.908075 2.312625 8.522372
19.403354 27.368802 8.522372
14.323790 9.728853 2.673202
22.274943 18.583564 43.250031
18.329045 6.786268 17.095830
30.824324 31.842444 17.095830
11.463683 2.515578 7.468774
23.958962 27.571755 7.468774
17.220319 12.784551 4.022787
25.171472 21.639262 44.599616
17.631827 12.862461 4.852867
25.582980 21.717172 45.429696
5.118464 6.671627 13.562196
17.613743 31.727804 13.562196
32.522264 6.671627 13.562196
45.017543 31.727804 13.562196
15.341358 10.640512 7.247022
16.100983 11.077394 6.934032
18.255229 6.584266 15.659207
30.750509 31.640443 15.659207
3.990945 5.499989 11.258853
16.486224 30.556166 11.258853
31.394745 5.499989 11.258853
43.890024 30.556166 11.258853
4.886622 5.746767 11.238585
17.381901 30.802944 11.238585
32.290422 5.746767 11.238585
44.785701 30.802944 11.238585
17.456457 14.094185 8.468384
18.067546 13.968273 9.157744
17.007802 5.479441 12.462159
29.503081 30.535618 12.462159
10.531422 2.710874 6.486409
23.026701 27.767051 6.486409
10.696587 3.337276 5.819752
18.647740 12.191987 46.396581
23.191866 28.393453 5.819752
31.143019 37.248164 46.396581
5.550466 1.345146 2.363600
13.501619 10.199857 42.940429
18.045746 26.401323 2.363600
25.996899 35.256034 42.940429
5.546421 2.274681 2.395636
13.497574 11.129391 42.972465
18.041701 27.330857 2.395636
25.992853 36.185568 42.972465
17.056725 5.158889 10.109108
29.552005 30.215066 10.109108
3.837141 5.187183 9.314289
16.332420 30.243359 9.314289
31.240941 5.187183 9.314289
43.736220 30.243359 9.314289
5.467745 7.050788 14.834686
32.871545 7.050788 14.834686
13.388767 6.546544 8.740655
11.829557 11.125832 2.283258
19.780710 19.980543 42.860087
11.830784 10.196628 2.253941
19.781937 19.051339 42.830771
16.137723 5.289875 15.434208
28.633003 30.346052 15.434208
15.950777 5.316832 16.273358
28.446056 30.373009 16.273358
15.609075 4.886097 14.888937
28.104355 29.942274 14.888937
15.343764 9.264391 7.382345
16.095526 8.776939 7.134462
5.125476 2.613947 7.632502
17.620755 27.670124 7.632502
32.529276 2.613947 7.632502
45.024555 27.670124 7.632502
4.895619 3.359715 8.139468
17.390898 28.415892 8.139468
32.299419 3.359715 8.139468
44.794698 28.415892 8.139468
10.645977 11.806516 2.164571
18.597130 20.661227 42.741400
9.853915 11.329966 2.067633
17.805067 20.184677 42.644462
37.257715 11.329966 2.067633
45.208867 20.184677 42.644462
17.685238 5.995161 13.637061
30.180517 31.051337 13.637061
14.239087 8.610476 7.882049
16.305894 13.351627 8.429836
16.155558 12.702955 9.078376
3.084596 1.407771 2.042029
11.035749 10.262481 42.618858
15.579875 26.463947 2.042029
23.531028 35.318658 42.618858
30.488396 1.407771 2.042029
38.439549 10.262481 42.618858
42.983675 26.463947 2.042029
50.934828 35.318658 42.618858
16.009710 12.492019 1.568497
23.960863 21.346730 42.145326
15.618637 12.375830 0.732533
23.569789 21.230541 41.309363
14.264577 7.110988 8.060587
17.605521 6.080767 18.019358
30.100800 31.136944 18.019358
16.988507 5.443440 17.739378
29.483786 30.499617 17.739378
10.885973 0.745633 1.706053
18.837126 9.600344 42.282882
23.381252 25.801810 1.706053
31.332405 34.656521 42.282882
11.237817 1.177156 0.960778
19.188970 10.031867 41.537607
23.733096 26.233333 0.960778
31.684249 35.088044 41.537607
9.344389 1.994187 6.463077
21.839669 27.050364 6.463077
8.708485 2.158509 5.805002
16.659637 11.013220 46.381831
21.203764 27.214686 5.805002
29.154917 36.069397 46.381831
16.076673 12.022375 3.877116
24.027826 20.877086 44.453945
15.718993 11.595662 4.621924
23.670146 20.450373 45.198753
12.070330 12.972933 6.143332
12.306982 12.233667 5.631536
20.258135 21.088378 46.208365
14.678017 7.620781 1.647419
22.629170 16.475492 42.224248
14.846020 7.124077 0.878914
22.797173 15.978788 41.455743
17.790318 6.312820 19.346829
30.285597 31.368997 19.346829
17.285778 5.818167 19.951444
29.781057 30.874344 19.951444
6.740486 0.678173 2.493446
14.691639 9.532883 43.070275
19.235765 25.734349 2.493446
27.186918 34.589060 43.070275
7.527368 1.158388 2.613898
15.478521 10.013099 43.190728
20.022648 26.214565 2.613898
27.973801 35.069276 43.190728
14.586905 8.979909 1.566266
22.538058 17.834620 42.143095
14.707324 9.400529 0.745944
22.658477 18.255240 41.322773
13.109490 10.708330 8.103193
12.355190 11.189579 8.356352
13.132966 9.353347 8.249269
12.388829 8.919087 8.601253
5.682605 7.846704 18.941264
18.177884 32.902881 18.941264
33.086405 7.846704 18.941264
45.581684 32.902881 18.941264
6.314233 8.455797 19.250196
33.718033 8.455797 19.250196
15.117679 4.722025 11.207320
27.612958 29.778202 11.207320
14.231091 4.437830 11.201660
26.726370 29.494007 11.201660
15.670549 5.045427 12.367818
28.165828 30.101604 12.367818
15.161178 4.984454 13.142632
27.656457 30.040631 13.142632
5.568596 7.665556 17.600200
32.972396 7.665556 17.600200
6.123858 8.133457 17.020194
33.527658 8.133457 17.020194
14.188809 9.097434 3.873058
22.139962 17.952145 44.449887
14.027744 9.595582 4.642152
21.978896 18.450293 45.218981
14.289215 7.721577 3.952183
22.240368 16.576288 44.529012
14.193682 7.302117 4.777536
22.144834 16.156828 45.354365
3.125701 2.644689 1.929022
11.076854 11.499400 42.505852
15.620980 27.700866 1.929022
23.572133 36.555576 42.505852
30.529501 2.644689 1.929022
38.480654 11.499400 42.505852
43.024780 27.700866 1.929022
50.975933 36.555576 42.505852
2.017968 0.838343 1.975889
9.969121 9.693054 42.552718
14.513247 25.894520 1.975889
22.464400 34.749231 42.552718
29.421768 0.838343 1.975889
37.372921 9.693054 42.552718
41.917047 25.894520 1.975889
49.868200 34.749231 42.552718
17.109296 11.496347 11.002407
9.874026 8.605692 1.057026
17.825179 17.460403 41.633855
15.299174 10.301047 11.363541
14.081297 12.593373 19.192840
16.416216 10.458683 11.109936
17.115781 9.073131 10.777206
18.041510 9.224170 10.569615
17.049724 8.489996 11.536561
16.681292 8.668363 10.023248
13.326377 12.475898 20.227549
14.551603 11.688361 11.669896
13.629227 11.516343 11.874241
14.970378 12.120247 12.416652
14.606511 12.257575 10.897962
8.046782 7.322753 0.040577
15.997935 16.177464 40.617406
7.705834 7.402452 0.934606
15.656987 16.257163 41.511435
35.109634 7.402452 0.934606
43.060787 16.257163 41.511435
11.394500 12.133387 19.711980
38.798300 12.133387 19.711980
12.154407 10.823633 20.117789
15.343398 13.214549 19.209071
15.724335 13.186930 18.327620
15.246568 14.128679 19.486271
15.919974 12.753246 19.821375
14.547917 9.021404 11.590771
13.628499 9.219588 11.783166
14.598698 8.476710 10.801106
14.935496 8.548921 12.330507
13.321340 11.939351 17.941045
13.869946 12.017303 17.157811
13.149392 11.012322 18.121368
12.490228 12.397382 17.797768
8.983025 9.092931 3.846683
16.934178 17.947642 44.423512
36.386825 9.092931 3.846683
44.337978 17.947642 44.423512
18.810499 9.105339 28.513541
31.305779 34.161515 28.513541
18.250680 7.720973 25.259482
30.745959 32.777150 25.259482
18.889040 7.374986 21.840884
31.384320 32.431163 21.840884
17.362871 7.775014 28.843227
29.858150 32.831191 28.843227
6.190275 6.872535 25.816196
18.685555 31.928712 25.816196
33.594075 6.872535 25.816196
46.089355 31.928712 25.816196
17.231025 6.245956 24.480610
29.726304 31.302133 24.480610
17.057478 6.816704 22.337342
29.552757 31.872880 22.337342
18.809596 9.310848 22.156166
13.331570 1.478045 -5.334636
21.282723 10.332756 35.242193
25.826849 26.534222 -5.334636
33.778002 35.388933 35.242193
16.678096 6.192346 23.358863
29.173375 31.248523 23.358863
6.905920 7.256467 26.782736
19.401199 32.312644 26.782736
34.309720 7.256467 26.782736
46.804999 32.312644 26.782736
17.096861 8.309069 26.724711
29.592141 33.365245 26.724711
18.401808 9.393361 24.333519
14.673629 2.778264 -0.455678
22.624782 11.632974 40.121151
27.168909 27.834440 -0.455678
35.120062 36.689151 40.121151
19.443345 16.312014 22.966079
15.470212 5.326687 23.209743
27.965491 30.382864 23.209743
19.741704 9.210653 30.347005
32.236983 34.266830 30.347005
18.499686 11.405885 23.137719
17.004880 16.240510 22.736009
6.594617 8.152846 27.577839
19.089896 33.209023 27.577839
33.998417 8.152846 27.577839
46.493696 33.209023 27.577839
19.175969 10.905007 27.806287
18.223559 15.577719 22.856319
18.183971 15.799011 27.866137
8.335239 5.099885 22.474694
20.830519 30.156062 22.474694
35.739039 5.099885 22.474694
48.234319 30.156062 22.474694
8.230662 6.589552 26.964520
20.725941 31.645729 26.964520
35.634462 6.589552 26.964520
48.129741 31.645729 26.964520
16.712516 7.706063 27.780926
29.207795 32.762240 27.780926
16.912878 17.852664 27.408228
19.339570 17.981733 27.724118
18.153462 17.198137 27.669746
18.578753 9.917984 23.220090
14.845132 18.016533 26.201473
42.248932 18.016533 26.201473
14.277236 17.699783 25.536540
41.681036 17.699783 25.536540
10.310609 6.417764 28.152204
22.805888 31.473940 28.152204
10.883652 6.739980 28.810786
23.378931 31.796157 28.810786
18.299366 14.156208 22.961616
14.353468 2.358912 -3.192585
22.304621 11.213623 37.384244
26.848748 27.415089 -3.192585
34.799900 36.269800 37.384244
15.439259 6.942934 27.757189
27.934538 31.999111 27.757189
21.195896 17.211907 24.311201
21.607404 17.289816 25.141282
9.094040 11.098982 33.850611
21.589319 36.155159 33.850611
36.497840 11.098982 33.850611
48.993119 36.155159 33.850611
19.316935 15.067868 27.535436
20.076559 15.504749 27.222447
14.279653 2.156911 -4.629208
22.230806 11.011622 35.947622
26.774932 27.213088 -4.629208
34.726085 36.067799 35.947622
7.966522 9.927345 31.547267
20.461801 34.983522 31.547267
35.370322 9.927345 31.547267
47.865601 34.983522 31.547267
8.862198 10.174123 31.526999
21.357477 35.230299 31.526999
36.265998 10.174123 31.526999
48.761277 35.230299 31.526999
21.432033 18.521540 28.756799
22.043123 18.395628 29.446159
20.983378 9.906796 32.750573
33.478657 34.962973 32.750573
14.506998 7.138230 26.774824
27.002278 32.194406 26.774824
14.672164 7.764632 26.108167
27.167443 32.820809 26.108167
9.526043 5.772502 22.652015
22.021322 30.828679 22.652015
9.521998 6.702036 22.684050
22.017277 31.758213 22.684050
21.032302 9.586244 30.397523
33.527581 34.642421 30.397523
7.812717 9.614538 29.602704
20.307997 34.670715 29.602704
35.216517 9.614538 29.602704
47.711797 34.670715 29.602704
1.492168 2.623433 -5.453729
9.443321 11.478144 35.123100
28.895968 2.623433 -5.453729
36.847121 11.478144 35.123100
17.364344 10.973900 29.029069
15.805134 15.553187 22.571673
15.806361 14.623983 22.542356
12.162147 0.862520 -4.854206
20.113300 9.717231 35.722623
24.657426 25.918697 -4.854206
32.608579 34.773407 35.722623
11.975200 0.889477 -4.015057
19.926353 9.744188 36.561772
24.470480 25.945654 -4.015057
32.421632 34.800365 36.561772
11.633499 0.458742 -5.399477
19.584652 9.313452 35.177352
24.128778 25.514918 -5.399477
32.079931 34.369629 35.177352
19.319340 13.691746 27.670760
20.071103 13.204294 27.422876
9.101052 7.041303 27.920916
21.596332 32.097480 27.920916
36.504852 7.041303 27.920916
49.000132 32.097480 27.920916
8.871196 7.787070 28.427883
21.366475 32.843247 28.427883
36.274996 7.787070 28.427883
48.770275 32.843247 28.427883
14.621554 16.233872 22.452985
13.829491 15.757322 22.356047
41.233291 15.757322 22.356047
21.660814 10.422516 33.925475
34.156093 35.478693 33.925475
18.214664 13.037832 28.170464
20.281470 17.778982 28.718251
20.131134 17.130310 29.366790
7.060173 5.835126 22.330443
19.555452 30.891303 22.330443
34.463973 5.835126 22.330443
46.959252 30.891303 22.330443
19.985286 16.919374 21.856912
19.594213 16.803186 21.020948
18.240154 11.538343 28.349002
13.629945 1.653412 -2.269056
21.581098 10.508123 38.307773
26.125224 26.709589 -2.269056
34.076377 35.564299 38.307773
13.012930 1.016085 -2.549036
20.964083 9.870796 38.027793
25.508209 26.072262 -2.549036
33.459362 34.926973 38.027793
14.861550 5.172989 21.994467
27.356829 30.229166 21.994467
15.213394 5.604511 21.249193
27.708673 30.660688 21.249193
13.319966 6.421543 26.751492
25.815245 31.477720 26.751492
12.684061 6.585865 26.093417
25.179340 31.642042 26.093417
20.052249 16.449731 24.165531
19.694569 16.023017 24.910339
16.045907 17.400289 26.431746
16.282558 16.661022 25.919951
18.653594 12.048137 21.935834
18.821597 11.551433 21.167329
13.814741 1.885464 -0.941585
21.765894 10.740175 39.635244
26.310020 26.941641 -0.941585
34.261173 35.796352 39.635244
13.310202 1.390812 -0.336970
21.261355 10.245523 40.239859
25.805481 26.446989 -0.336970
33.756634 35.301699 40.239859
10.716062 5.105528 22.781861
23.211341 30.161705 22.781861
11.502945 5.585743 22.902313
23.998224 30.641920 22.902313
18.562481 13.407264 21.854680
18.682900 13.827885 21.034359
17.085067 15.135685 28.391607
16.330767 15.616935 28.644766
17.108542 13.780703 28.537684
16.364406 13.346442 28.889668
1.707029 3.419349 -1.347151
9.658182 12.274060 39.229678
14.202308 28.475526 -1.347151
22.153461 37.330237 39.229678
29.110829 3.419349 -1.347151
37.061982 12.274060 39.229678
41.606108 28.475526 -1.347151
49.557261 37.330237 39.229678
2.338656 4.028441 -1.038219
10.289809 12.883152 39.538610
29.742456 4.028441 -1.038219
37.693609 12.883152 39.538610
19.093255 9.149380 31.495735
31.588535 34.205557 31.495735
18.206668 8.865186 31.490074
30.701947 33.921362 31.490074
19.646125 9.472782 32.656232
32.141405 34.528959 32.656232
19.136754 9.411810 33.431047
31.632034 34.467987 33.431047
1.593020 3.238201 -2.688215
9.544173 12.092912 37.888614
28.996820 3.238201 -2.688215
36.947973 12.092912 37.888614
2.148282 3.706102 -3.268220
10.099435 12.560813 37.308609
29.552082 3.706102 -3.268220
37.503235 12.560813 37.308609
18.164386 13.524789 24.161473
18.003320 14.022937 24.930566
18.264791 12.148933 24.240598
18.169258 11.729473 25.065951
7.101278 7.072044 22.217437
19.596557 32.128221 22.217437
34.505078 7.072044 22.217437
47.000357 32.128221 22.217437
5.993544 5.265698 22.264303
18.488823 30.321875 22.264303
33.397344 5.265698 22.264303
45.892623 30.321875 22.264303
21.084872 15.923702 31.290822
13.849602 13.033048 21.345441
19.274750 14.728403 31.651956
10.105720 8.166017 -1.095574
18.056873 17.020728 39.481255
20.391792 14.886038 31.398350
21.091357 13.500486 31.065620
22.017087 13.651526 30.858029
21.025301 12.917352 31.824975
20.656868 13.095718 30.311662
9.350800 8.048543 -0.060865
17.301953 16.903254 40.515964
18.527179 16.115716 31.958311
17.604804 15.943698 32.162656
18.945954 16.547602 32.705066
18.582088 16.684931 31.186377
12.022359 11.750108 20.328991
11.681410 11.829808 21.223021
39.085210 11.829808 21.223021
7.418923 7.706032 -0.576434
15.370076 16.560743 40.000395
34.822723 7.706032 -0.576434
42.773876 16.560743 40.000395
8.178831 6.396278 -0.170626
16.129984 15.250988 40.406204
11.367821 8.787194 -1.079344
19.318974 17.641905 39.497485
11.748758 8.759575 -1.960794
19.699911 17.614286 38.616035
11.270991 9.701324 -0.802143
19.222144 18.556035 39.774686
11.944398 8.325890 -0.467039
19.895551 17.180601 40.109790
18.523494 13.448759 31.879186
17.604075 13.646944 32.071581
18.574274 12.904065 31.089520
18.911073 12.976276 32.618922
9.345764 7.511996 -2.347370
17.296917 16.366706 38.229460
9.894370 7.589948 -3.130604
17.845522 16.444659 37.446225
9.173815 6.584967 -2.167046
17.124968 15.439678 38.409783
8.514652 7.970027 -2.490646
16.465805 16.824738 38.086183
12.958601 13.520287 24.135098
40.362401 13.520287 24.135098
21.082563 17.206072 8.225126
20.522743 15.821706 4.971067
28.473896 24.676417 45.547896
21.161104 15.475719 1.552469
29.112256 24.330430 42.129299
19.634934 15.875747 8.554813
8.462338 14.973268 5.527781
16.413491 23.827979 46.104611
35.866138 14.973268 5.527781
43.817291 23.827979 46.104611
19.503088 14.346689 4.192195
27.454241 23.201400 44.769024
19.329541 14.917437 2.048927
27.280694 23.772147 42.625756
21.081659 17.411581 1.867751
29.032812 26.266292 42.444581
23.554786 18.433489 14.953779
18.950159 14.293079 3.070449
26.901312 23.147790 43.647278
9.177983 15.357200 6.494321
36.581783 15.357200 6.494321
19.368925 16.409802 6.436297
20.673871 17.494094 4.045104
28.625024 26.348805 44.621933
24.896846 19.733707 19.832737
9.220129 -0.643430 2.677665
17.171281 8.211281 43.254494
21.715408 24.412747 2.677665
29.666561 33.267457 43.254494
17.742275 13.427420 2.921329
25.693428 22.282131 43.498158
22.013767 17.311386 10.058590
20.771749 19.506618 2.849305
28.722902 28.361329 43.426134
6.781664 -0.714934 2.447594
14.732817 8.139777 43.024423
19.276943 24.341243 2.447594
27.228096 33.195953 43.024423
8.866680 16.253579 7.289424
36.270480 16.253579 7.289424
21.448032 19.005740 7.517872
8.000342 -1.377725 2.567905
15.951495 7.476986 43.144734
20.495622 23.678452 2.567905
28.446775 32.533163 43.144734
7.960755 -1.156433 7.577723
20.456034 23.899744 7.577723
10.607303 13.200618 2.186280
18.558455 22.055329 42.763109
38.011103 13.200618 2.186280
45.962255 22.055329 42.763109
10.502725 14.690285 6.676106
37.906525 14.690285 6.676106
18.984579 15.806796 7.492511
6.689662 0.897220 7.119813
19.184941 25.953397 7.119813
9.116354 1.026289 7.435704
21.611634 26.082466 7.435704
7.930246 0.242693 7.381331
20.425525 25.298870 7.381331
20.850816 18.018717 2.931676
28.801969 26.873428 43.508505
4.621916 1.061089 5.913058
12.573069 9.915800 46.489888
17.117195 26.117266 5.913058
25.068348 34.971976 46.489888
32.025716 1.061089 5.913058
39.976869 9.915800 46.489888
44.520995 26.117266 5.913058
52.472148 34.971976 46.489888
4.054020 0.744339 5.248126
12.005173 9.599050 45.824955
16.549299 25.800516 5.248126
24.500452 34.655227 45.824955
31.457820 0.744339 5.248126
39.408973 9.599050 45.824955
43.953099 25.800516 5.248126
51.904252 34.655227 45.824955
12.582672 14.518497 7.863789
13.155715 14.840713 8.522372
8.076150 -2.799236 2.673202
16.027303 6.055475 43.250031
20.571430 22.256941 2.673202
28.522583 31.111652 43.250031
24.576684 19.314356 17.095830
17.711322 15.043667 7.468774
10.972680 0.256463 4.022787
18.923832 9.111174 44.599616
23.467959 25.312640 4.022787
31.419112 34.167351 44.599616
11.384188 0.334372 4.852867
19.335341 9.189083 45.429696
23.879467 25.390549 4.852867
31.830620 34.245260 45.429696
11.366103 19.199715 13.562196
38.769903 19.199715 13.562196
9.093718 -1.887576 7.247022
21.588998 23.168601 7.247022
9.853343 -1.450695 6.934032
22.348622 23.605482 6.934032
24.502869 19.112355 15.659207
10.238585 18.028078 11.258853
37.642385 18.028078 11.258853
11.134261 18.274856 11.238585
38.538061 18.274856 11.238585
11.208817 1.566096 8.468384
23.704097 26.622273 8.468384
11.819907 1.440184 9.157744
24.315186 26.496361 9.157744
23.255441 18.007529 12.462159
16.779062 15.238963 6.486409
16.944227 15.865365 5.819752
24.895380 24.720076 46.396581
11.798106 13.873235 2.363600
19.749259 22.727946 42.940429
11.794061 14.802769 2.395636
19.745214 23.657480 42.972465
23.304365 17.686977 10.109108
10.084781 17.715271 9.314289
37.488581 17.715271 9.314289
11.715384 19.578877 14.834686
39.119184 19.578877 14.834686
19.636407 19.074633 8.740655
5.581918 -1.402256 2.283258
13.533071 7.452454 42.860087
18.077197 23.653920 2.283258
26.028350 32.508631 42.860087
5.583145 -2.331460 2.253941
13.534297 6.523250 42.830771
18.078424 22.724716 2.253941
26.029577 31.579427 42.830771
22.385363 17.817964 15.434208
22.198416 17.844921 16.273358
21.856715 17.414185 14.888937
21.591403 21.792479 7.382345
22.343166 21.305027 7.134462
11.373116 15.142036 7.632502
38.776916 15.142036 7.632502
11.143259 15.887803 8.139468
38.547059 15.887803 8.139468
4.398338 -0.721572 2.164571
12.349491 8.133139 42.741400
16.893617 24.334605 2.164571
24.844770 33.189315 42.741400
3.606275 -1.198122 2.067633
11.557428 7.656589 42.644462
16.101554 23.858055 2.067633
24.052707 32.712766 42.644462
31.010075 -1.198122 2.067633
38.961228 7.656589 42.644462
43.505354 23.858055 2.067633
51.456507 32.712766 42.644462
23.932877 18.523249 13.637061
20.486727 21.138565 7.882049
10.058254 0.823538 8.429836
22.553534 25.879715 8.429836
9.907918 0.174866 9.078376
22.403198 25.231043 9.078376
9.332236 13.935859 2.042029
17.283389 22.790570 42.618858
36.736036 13.935859 2.042029
44.687189 22.790570 42.618858
9.762070 -0.036069 1.568497
17.713223 8.818641 42.145326
22.257350 25.020107 1.568497
30.208502 33.874818 42.145326
9.370997 -0.152258 0.732533
17.322150 8.702453 41.309363
21.866276 24.903919 0.732533
29.817429 33.758630 41.309363
20.512217 19.639076 8.060587
23.853161 18.608856 18.019358
23.236146 17.971529 17.739378
17.133613 13.273722 1.706053
25.084766 22.128433 42.282882
17.485457 13.705244 0.960778
25.436610 22.559955 41.537607
15.592029 14.522276 6.463077
14.956124 14.686598 5.805002
22.907277 23.541309 46.381831
9.829033 -0.505713 3.877116
17.780186 8.348998 44.453945
22.324313 24.550464 3.877116
30.275466 33.405175 44.453945
9.471353 -0.932427 4.621924
17.422506 7.922284 45.198753
21.966632 24.123750 4.621924
29.917785 32.978461 45.198753
5.822691 0.444845 6.143332
18.317970 25.501022 6.143332
6.059342 -0.294422 5.631536
14.010495 8.560289 46.208365
18.554621 24.761755 5.631536
26.505774 33.616466 46.208365
20.925657 20.148870 1.647419
28.876810 29.003581 42.224248
21.093660 19.652166 0.878914
29.044813 28.506877 41.455743
24.037957 18.840908 19.346829
23.533418 18.346256 19.951444
12.988125 13.206261 2.493446
20.939278 22.060972 43.070275
13.775008 13.686476 2.613898
21.726161 22.541187 43.190728
20.834544 21.507997 1.566266
28.785697 30.362708 42.143095
8.459684 -3.127559 0.745944
16.410837 5.727152 41.322773
20.954963 21.928618 0.745944
28.906116 30.783329 41.322773
6.861851 -1.819759 8.103193
19.357130 23.236418 8.103193
6.107551 -1.338509 8.356352
18.602830 23.717668 8.356352
19.380606 21.881436 8.249269
18.636469 21.447175 8.601253
11.930245 20.374793 18.941264
39.334045 20.374793 18.941264
12.561872 20.983885 19.250196
39.965672 20.983885 19.250196
21.365319 17.250113 11.207320
20.478731 16.965919 11.201660
21.918189 17.573515 12.367818
21.408818 17.512543 13.142632
11.816236 20.193645 17.600200
39.220036 20.193645 17.600200
12.371498 20.661546 17.020194
39.775298 20.661546 17.020194
20.436449 21.625522 3.873058
28.387602 30.480233 44.449887
20.275383 22.123670 4.642152
28.226536 30.978381 45.218981
20.536854 20.249666 3.952183
28.488007 29.104377 44.529012
20.441321 19.830206 4.777536
28.392474 28.684917 45.354365
9.373341 15.172777 1.929022
17.324494 24.027488 42.505852
36.777141 15.172777 1.929022
44.728294 24.027488 42.505852
8.265607 13.366431 1.975889
16.216760 22.221142 42.552718
35.669407 13.366431 1.975889
43.620560 22.221142 42.552718
10.861656 -1.031741 11.002407
23.356936 24.024435 11.002407
16.121666 21.133781 1.057026
24.072818 29.988492 41.633855
21.546813 22.829136 11.363541
20.328936 25.121461 19.192840
22.663855 22.986771 11.109936
23.363420 21.601219 10.777206
24.289150 21.752259 10.569615
23.297364 21.018085 11.536561
22.928931 21.196451 10.023248
19.574016 25.003987 20.227549
8.303963 -0.839727 11.669896
20.799242 24.216449 11.669896
7.381588 -1.011746 11.874241
19.876867 24.044431 11.874241
8.722738 -0.407842 12.416652
21.218018 24.648335 12.416652
8.358872 -0.270513 10.897962
20.854151 24.785664 10.897962
14.294422 19.850841 0.040577
22.245575 28.705552 40.617406
13.953474 19.930541 0.934606
21.904626 28.785252 41.511435
41.357274 19.930541 0.934606
49.308426 28.785252 41.511435
17.642139 24.661476 19.711980
45.045939 24.661476 19.711980
18.402047 23.351721 20.117789
9.095758 0.686461 19.209071
21.591037 25.742638 19.209071
9.476695 0.658842 18.327620
21.971974 25.715019 18.327620
8.998928 1.600591 19.486271
21.494207 26.656768 19.486271
22.167614 25.281334 19.821375
20.795557 21.549492 11.590771
19.876139 21.747677 11.783166
20.846337 21.004798 10.801106
21.183136 21.077009 12.330507
19.568980 24.467439 17.941045
20.117586 24.545392 17.157811
19.397031 23.540411 18.121368
18.737868 24.925471 17.797768
15.230664 21.621020 3.846683
23.181817 30.475731 44.423512
42.634464 21.621020 3.846683
50.585617 30.475731 44.423512
25.058139 21.633427 28.513541
24.498320 20.249062 25.259482
25.136680 19.903074 21.840884
23.610510 20.303103 28.843227
12.437915 19.400624 25.816196
39.841715 19.400624 25.816196
23.478665 18.774045 24.480610
23.305117 19.344792 22.337342
25.057236 21.838936 22.156166
19.579210 14.006133 -5.334636
27.530363 22.860844 35.242193
22.925736 18.720435 23.358863
13.153559 19.784556 26.782736
40.557359 19.784556 26.782736
23.344501 20.837157 26.724711
24.649448 21.921450 24.333519
20.921269 15.306352 -0.455678
28.872422 24.161063 40.121151
13.195705 3.783925 22.966079
25.690984 28.840102 22.966079
21.717851 17.854776 23.209743
25.989344 21.738741 30.347005
24.747325 23.933974 23.137719
10.757241 3.712421 22.736009
23.252520 28.768598 22.736009
12.842256 20.680935 27.577839
40.246056 20.680935 27.577839
25.423609 23.433095 27.806287
11.975919 3.049631 22.856319
24.471198 28.105807 22.856319
11.936331 3.270922 27.866137
24.431610 28.327099 27.866137
14.582879 17.627974 22.474694
41.986679 17.627974 22.474694
14.478301 19.117641 26.964520
41.882101 19.117641 26.964520
22.960156 20.234151 27.780926
10.665239 5.324575 27.408228
23.160518 30.380752 27.408228
13.091931 5.453644 27.724118
25.587210 30.509821 27.724118
11.905822 4.670049 27.669746
24.401101 29.726225 27.669746
24.826393 22.446073 23.220090
8.597492 5.488444 26.201473
21.092772 30.544621 26.201473
36.001292 5.488444 26.201473
48.496572 30.544621 26.201473
8.029596 5.171695 25.536540
20.524875 30.227872 25.536540
35.433396 5.171695 25.536540
47.928675 30.227872 25.536540
16.558249 18.945852 28.152204
17.131291 19.268069 28.810786
12.051727 1.628120 22.961616
24.547006 26.684297 22.961616
20.601108 14.887001 -3.192585
28.552261 23.741711 37.384244
21.686899 19.471022 27.757189
14.948256 4.683818 24.311201
27.443535 29.739995 24.311201
15.359764 4.761728 25.141282
27.855043 29.817905 25.141282
15.341680 23.627071 33.850611
42.745480 23.627071 33.850611
13.069295 2.539779 27.535436
25.564574 27.595956 27.535436
13.828920 2.976661 27.222447
26.324199 28.032838 27.222447
20.527292 14.685000 -4.629208
28.478445 23.539710 35.947622
14.214161 22.455433 31.547267
41.617961 22.455433 31.547267
15.109838 22.702211 31.526999
42.513638 22.702211 31.526999
15.184394 5.993452 28.756799
27.679673 31.049628 28.756799
15.795483 5.867540 29.446159
28.290762 30.923717 29.446159
27.231018 22.434885 32.750573
20.754638 19.666318 26.774824
20.919803 20.292720 26.108167
15.773683 18.300590 22.652015
15.769637 19.230124 22.684050
27.279941 22.114333 30.397523
14.060357 22.142626 29.602704
41.464157 22.142626 29.602704
7.739808 15.151521 -5.453729
15.690961 24.006232 35.123100
35.143608 15.151521 -5.453729
43.094761 24.006232 35.123100
23.611983 23.501988 29.029069
9.557494 3.025099 22.571673
22.052773 28.081276 22.571673
9.558721 2.095895 22.542356
22.054000 27.152072 22.542356
18.409787 13.390608 -4.854206
26.360939 22.245319 35.722623
18.222840 13.417565 -4.015057
26.173993 22.272276 36.561772
17.881139 12.986830 -5.399477
25.832291 21.841541 35.177352
25.566980 26.219835 27.670760
26.318742 25.732382 27.422876
15.348692 19.569391 27.920916
42.752492 19.569391 27.920916
15.118835 20.315159 28.427883
42.522635 20.315159 28.427883
8.373914 3.705783 22.452985
20.869193 28.761960 22.452985
7.581851 3.229233 22.356047
20.077131 28.285410 22.356047
34.985651 3.229233 22.356047
47.480931 28.285410 22.356047
27.908454 22.950604 33.925475
24.462303 25.565920 28.170464
14.033831 5.250894 28.718251
26.529110 30.307071 28.718251
13.883495 4.602222 29.366790
26.378774 29.658399 29.366790
13.307812 18.363214 22.330443
40.711612 18.363214 22.330443
13.737647 4.391286 21.856912
26.232926 29.447463 21.856912
13.346573 4.275097 21.020948
25.841853 29.331274 21.020948
24.487793 24.066432 28.349002
19.877584 14.181500 -2.269056
27.828737 23.036211 38.307773
19.260570 13.544173 -2.549036
27.211723 22.398884 38.027793
21.109189 17.701077 21.994467
21.461033 18.132600 21.249193
19.567605 18.949631 26.751492
18.931701 19.113953 26.093417
13.804610 3.921642 24.165531
26.299889 28.977819 24.165531
13.446930 3.494929 24.910339
25.942209 28.551106 24.910339
9.798267 4.872200 26.431746
22.293546 29.928377 26.431746
10.034919 4.132934 25.919951
22.530198 29.189111 25.919951
24.901233 24.576225 21.935834
25.069236 24.079521 21.167329
20.062381 14.413553 -0.941585
28.013534 23.268264 39.635244
19.557841 13.918900 -0.336970
27.508994 22.773611 40.239859
16.963702 17.633616 22.781861
17.750584 18.113832 22.902313
24.810121 25.935353 21.854680
12.435261 1.299796 21.034359
24.930540 26.355973 21.034359
10.837427 2.607597 28.391607
23.332706 27.663774 28.391607
10.083127 3.088846 28.644766
22.578406 28.145023 28.644766
23.356182 26.308791 28.537684
22.612045 25.874530 28.889668
7.954668 15.947437 -1.347151
15.905821 24.802148 39.229678
35.358468 15.947437 -1.347151
43.309621 24.802148 39.229678
8.586296 16.556530 -1.038219
16.537449 25.411241 39.538610
35.990096 16.556530 -1.038219
43.941249 25.411241 39.538610
25.340895 21.677469 31.495735
24.454307 21.393274 31.490074
25.893765 22.000871 32.656232
25.384394 21.939898 33.431047
7.840660 15.766289 -2.688215
15.791812 24.621000 37.888614
35.244460 15.766289 -2.688215
43.195612 24.621000 37.888614
8.395921 16.234190 -3.268220
16.347074 25.088901 37.308609
35.799721 16.234190 -3.268220
43.750874 25.088901 37.308609
24.412025 26.052878 24.161473
24.250960 26.551026 24.930566
24.512431 24.677021 24.240598
24.416898 24.257561 25.065951
13.348917 19.600133 22.217437
40.752717 19.600133 22.217437
12.241184 17.793787 22.264303
39.644984 17.793787 22.264303
14.837233 3.395614 31.290822
27.332512 28.451791 31.290822
20.097242 25.561136 21.345441
25.522390 27.256491 31.651956
16.353360 20.694106 -1.095574
24.304513 29.548817 39.481255
26.639432 27.414127 31.398350
27.338997 26.028575 31.065620
28.264726 26.179614 30.858029
27.272940 25.445440 31.824975
26.904508 25.623807 30.311662
15.598440 20.576631 -0.060865
23.549593 29.431342 40.515964
12.279540 3.587628 31.958311
24.774819 28.643805 31.958311
11.357164 3.415610 32.162656
23.852443 28.471787 32.162656
12.698315 4.019514 32.705066
25.193594 29.075690 32.705066
12.334448 4.156842 31.186377
24.829727 29.213019 31.186377
18.269998 24.278197 20.328991
17.929050 24.357896 21.223021
45.332850 24.357896 21.223021
13.666563 20.234120 -0.576434
21.617716 29.088831 40.000395
41.070363 20.234120 -0.576434
49.021516 29.088831 40.000395
14.426470 18.924366 -0.170626
22.377623 27.779077 40.406204
5.120182 -3.740894 -1.079344
13.071334 5.113816 39.497485
17.615461 21.315282 -1.079344
25.566614 30.169993 39.497485
5.501119 -3.768514 -1.960794
13.452272 5.086197 38.616035
17.996398 21.287663 -1.960794
25.947551 30.142374 38.616035
5.023351 -2.826765 -0.802143
12.974504 6.027946 39.774686
17.518631 22.229412 -0.802143
25.469784 31.084123 39.774686
18.192038 20.853979 -0.467039
26.143190 29.708690 40.109790
24.771133 25.976847 31.879186
23.851715 26.175032 32.071581
24.821914 25.432154 31.089520
25.158712 25.504365 32.618922
15.593403 20.040084 -2.347370
23.544556 28.894795 38.229460
16.142009 20.118036 -3.130604
24.093162 28.972747 37.446225
15.421455 19.113055 -2.167046
23.372608 27.967766 38.409783
14.762291 20.498115 -2.490646
22.713444 29.352826 38.086183
19.206241 26.048375 24.135098
46.610041 26.048375 24.135098
1.133023 4.677983 8.225126
13.628302 29.734160 8.225126
28.536823 4.677983 8.225126
41.032102 29.734160 8.225126
0.573204 3.293618 4.971067
8.524357 12.148329 45.547896
13.068483 28.349795 4.971067
21.019636 37.204506 45.547896
27.977004 3.293618 4.971067
35.928157 12.148329 45.547896
40.472283 28.349795 4.971067
48.423436 37.204506 45.547896
1.211564 2.947630 1.552469
9.162717 11.802341 42.129299
13.706843 28.003807 1.552469
21.657996 36.858518 42.129299
28.615364 2.947630 1.552469
36.566517 11.802341 42.129299
41.110643 28.003807 1.552469
49.061796 36.858518 42.129299
-0.314606 3.347659 8.554813
12.180673 28.403836 8.554813
27.089194 3.347659 8.554813
39.584473 28.403836 8.554813
15.916599 2.445180 5.527781
23.867752 11.299891 46.104611
28.411878 27.501357 5.527781
36.363031 36.356068 46.104611
-0.446451 1.818601 4.192195
7.504702 10.673312 44.769024
12.048828 26.874778 4.192195
19.999981 35.729488 44.769024
26.957349 1.818601 4.192195
34.908502 10.673312 44.769024
39.452628 26.874778 4.192195
47.403781 35.729488 44.769024
-0.619999 2.389348 2.048927
7.331154 11.244059 42.625756
11.875280 27.445525 2.048927
19.826433 36.300236 42.625756
26.783801 2.389348 2.048927
34.734954 11.244059 42.625756
39.279080 27.445525 2.048927
47.230233 36.300236 42.625756
1.132119 4.883492 1.867751
9.083272 13.738203 42.444581
28.535919 4.883492 1.867751
36.487072 13.738203 42.444581
3.605246 5.905400 14.953779
16.100526 30.961577 14.953779
31.009046 5.905400 14.953779
43.504326 30.961577 14.953779
-0.999380 1.764991 3.070449
6.951773 10.619702 43.647278
11.495899 26.821168 3.070449
19.447052 35.675879 43.647278
26.404420 1.764991 3.070449
34.355573 10.619702 43.647278
38.899699 26.821168 3.070449
46.850852 35.675879 43.647278
16.632243 2.829112 6.494321
29.127522 27.885289 6.494321
-0.580615 3.881713 6.436297
11.914664 28.937890 6.436297
26.823185 3.881713 6.436297
39.318464 28.937890 6.436297
0.724332 4.966006 4.045104
8.675485 13.820717 44.621933
28.128132 4.966006 4.045104
36.079285 13.820717 44.621933
4.947306 7.205619 19.832737
17.442585 32.261796 19.832737
32.351106 7.205619 19.832737
44.846385 32.261796 19.832737
29.169668 11.884658 2.677665
37.120821 20.739369 43.254494
-2.207265 0.899332 2.921329
5.743888 9.754043 43.498158
10.288015 25.955509 2.921329
18.239167 34.810220 43.498158
25.196535 0.899332 2.921329
33.147688 9.754043 43.498158
37.691815 25.955509 2.921329
45.642967 34.810220 43.498158
2.064228 4.783297 10.058590
14.559507 29.839474 10.058590
29.468028 4.783297 10.058590
41.963307 29.839474 10.058590
0.822209 6.978530 2.849305
8.773362 15.833241 43.426134
28.226009 6.978530 2.849305
36.177162 15.833241 43.426134
26.731204 11.813154 2.447594
34.682357 20.667865 43.024423
16.320940 3.725491 7.289424
28.816219 28.781668 7.289424
1.498493 6.477651 7.517872
28.902293 6.477651 7.517872
27.949882 11.150364 2.567905
35.901035 20.005074 43.144734
27.910294 11.371655 7.577723
18.061563 0.672530 2.186280
26.012716 9.527241 42.763109
30.556842 25.728707 2.186280
38.507995 34.583418 42.763109
17.956985 2.162197 6.676106
30.452264 27.218374 6.676106
-0.964960 3.278708 7.492511
11.530319 28.334884 7.492511
26.438840 3.278708 7.492511
38.934119 28.334884 7.492511
26.639202 13.425308 7.119813
29.065894 13.554377 7.435704
27.879785 12.770782 7.381331
0.901277 5.490629 2.931676
8.852430 14.345340 43.508505
28.305077 5.490629 2.931676
36.256230 14.345340 43.508505
24.571456 13.589177 5.913058
32.522609 22.443888 46.489888
24.003559 13.272428 5.248126
31.954712 22.127139 45.824955
20.036933 1.990408 7.863789
32.532212 27.046585 7.863789
20.609975 2.312625 8.522372
33.105254 27.368802 8.522372
28.025690 9.728853 2.673202
35.976843 18.583564 43.250031
4.627145 6.786268 17.095830
17.122424 31.842444 17.095830
32.030945 6.786268 17.095830
44.526224 31.842444 17.095830
25.165583 2.515578 7.468774
37.660862 27.571755 7.468774
3.518419 12.784551 4.022787
11.469572 21.639262 44.599616
30.922219 12.784551 4.022787
38.873372 21.639262 44.599616
3.929927 12.862461 4.852867
11.881080 21.717172 45.429696
31.333727 12.862461 4.852867
39.284880 21.717172 45.429696
18.820364 6.671627 13.562196
31.315643 31.727804 13.562196
29.043258 10.640512 7.247022
2.399083 11.077394 6.934032
29.802883 11.077394 6.934032
4.553329 6.584266 15.659207
17.048609 31.640443 15.659207
31.957129 6.584266 15.659207
44.452409 31.640443 15.659207
17.692845 5.499989 11.258853
30.188124 30.556166 11.258853
18.588522 5.746767 11.238585
31.083801 30.802944 11.238585
3.754557 14.094185 8.468384
31.158357 14.094185 8.468384
4.365646 13.968273 9.157744
31.769446 13.968273 9.157744
3.305902 5.479441 12.462159
15.801181 30.535618 12.462159
30.709702 5.479441 12.462159
43.204981 30.535618 12.462159
24.233322 2.710874 6.486409
36.728601 27.767051 6.486409
24.398487 3.337276 5.819752
32.349640 12.191987 46.396581
36.893766 28.393453 5.819752
44.844919 37.248164 46.396581
19.252366 1.345146 2.363600
27.203519 10.199857 42.940429
31.747646 26.401323 2.363600
39.698799 35.256034 42.940429
19.248321 2.274681 2.395636
27.199474 11.129391 42.972465
31.743601 27.330857 2.395636
39.694753 36.185568 42.972465
3.354825 5.158889 10.109108
15.850105 30.215066 10.109108
30.758625 5.158889 10.109108
43.253905 30.215066 10.109108
17.539041 5.187183 9.314289
30.034320 30.243359 9.314289
19.169645 7.050788 14.834686
27.090667 6.546544 8.740655
25.531457 11.125832 2.283258
33.482610 19.980543 42.860087
25.532684 10.196628 2.253941
33.483837 19.051339 42.830771
2.435823 5.289875 15.434208
14.931103 30.346052 15.434208
29.839623 5.289875 15.434208
42.334903 30.346052 15.434208
2.248877 5.316832 16.273358
14.744156 30.373009 16.273358
29.652677 5.316832 16.273358
42.147956 30.373009 16.273358
1.907175 4.886097 14.888937
14.402455 29.942274 14.888937
29.310975 4.886097 14.888937
41.806255 29.942274 14.888937
1.641864 9.264391 7.382345
29.045664 9.264391 7.382345
2.393626 8.776939 7.134462
29.797426 8.776939 7.134462
18.827376 2.613947 7.632502
31.322655 27.670124 7.632502
18.597519 3.359715 8.139468
31.092798 28.415892 8.139468
24.347877 11.806516 2.164571
32.299030 20.661227 42.741400
23.555815 11.329966 2.067633
31.506967 20.184677 42.644462
3.983338 5.995161 13.637061
16.478617 31.051337 13.637061
31.387138 5.995161 13.637061
43.882417 31.051337 13.637061
27.940987 8.610476 7.882049
30.007794 13.351627 8.429836
29.857458 12.702955 9.078376
16.786496 1.407771 2.042029
24.737649 10.262481 42.618858
29.281775 26.463947 2.042029
37.232928 35.318658 42.618858
2.307810 12.492019 1.568497
10.258963 21.346730 42.145326
29.711610 12.492019 1.568497
37.662763 21.346730 42.145326
29.320537 12.375830 0.732533
37.271689 21.230541 41.309363
0.562677 7.110988 8.060587
27.966477 7.110988 8.060587
3.903621 6.080767 18.019358
16.398900 31.136944 18.019358
31.307421 6.080767 18.019358
43.802700 31.136944 18.019358
3.286607 5.443440 17.739378
15.781886 30.499617 17.739378
30.690407 5.443440 17.739378
43.185686 30.499617 17.739378
-2.815927 0.745633 1.706053
5.135226 9.600344 42.282882
9.679352 25.801810 1.706053
17.630505 34.656521 42.282882
24.587873 0.745633 1.706053
32.539026 9.600344 42.282882
37.083152 25.801810 1.706053
45.034305 34.656521 42.282882
-2.464083 1.177156 0.960778
5.487070 10.031867 41.537607
10.031196 26.233333 0.960778
17.982349 35.088044 41.537607
24.939717 1.177156 0.960778
32.890870 10.031867 41.537607
37.434996 26.233333 0.960778
45.386149 35.088044 41.537607
23.046289 1.994187 6.463077
35.541569 27.050364 6.463077
22.410385 2.158509 5.805002
30.361537 11.013220 46.381831
34.905664 27.214686 5.805002
42.856817 36.069397 46.381831
2.374773 12.022375 3.877116
10.325926 20.877086 44.453945
29.778573 12.022375 3.877116
37.729726 20.877086 44.453945
29.420893 11.595662 4.621924
37.372046 20.450373 45.198753
25.772230 12.972933 6.143332
26.008882 12.233667 5.631536
33.960035 21.088378 46.208365
0.976117 7.620781 1.647419
8.927270 16.475492 42.224248
28.379917 7.620781 1.647419
36.331070 16.475492 42.224248
1.144120 7.124077 0.878914
9.095273 15.978788 41.455743
28.547920 7.124077 0.878914
36.499073 15.978788 41.455743
4.088418 6.312820 19.346829
16.583697 31.368997 19.346829
31.492218 6.312820 19.346829
43.987497 31.368997 19.346829
3.583878 5.818167 19.951444
16.079157 30.874344 19.951444
30.987678 5.818167 19.951444
43.482957 30.874344 19.951444
20.442386 0.678173 2.493446
28.393539 9.532883 43.070275
32.937665 25.734349 2.493446
40.888818 34.589060 43.070275
21.229268 1.158388 2.613898
29.180421 10.013099 43.190728
33.724548 26.214565 2.613898
41.675701 35.069276 43.190728
0.885005 8.979909 1.566266
8.836158 17.834620 42.143095
28.288805 8.979909 1.566266
36.239958 17.834620 42.143095
1.005424 9.400529 0.745944
8.956577 18.255240 41.322773
28.409224 9.400529 0.745944
36.360377 18.255240 41.322773
26.811390 10.708330 8.103193
26.057090 11.189579 8.356352
26.834866 9.353347 8.249269
26.090729 8.919087 8.601253
19.384505 7.846704 18.941264
31.879784 32.902881 18.941264
20.016133 8.455797 19.250196
1.415779 4.722025 11.207320
13.911058 29.778202 11.207320
28.819579 4.722025 11.207320
41.314858 29.778202 11.207320
0.529191 4.437830 11.201660
13.024470 29.494007 11.201660
27.932991 4.437830 11.201660
40.428270 29.494007 11.201660
1.968649 5.045427 12.367818
14.463928 30.101604 12.367818
29.372449 5.045427 12.367818
41.867728 30.101604 12.367818
1.459278 4.984454 13.142632
13.954557 30.040631 13.142632
28.863078 4.984454 13.142632
41.358357 30.040631 13.142632
19.270496 7.665556 17.600200
19.825758 8.133457 17.020194
27.890709 9.097434 3.873058
35.841862 17.952145 44.449887
27.729644 9.595582 4.642152
35.680796 18.450293 45.218981
0.587315 7.721577 3.952183
8.538468 16.576288 44.529012
27.991115 7.721577 3.952183
35.942268 16.576288 44.529012
0.491782 7.302117 4.777536
8.442934 16.156828 45.354365
27.895582 7.302117 4.777536
35.846734 16.156828 45.354365
16.827601 2.644689 1.929022
24.778754 11.499400 42.505852
29.322880 27.700866 1.929022
37.274033 36.555576 42.505852
15.719868 0.838343 1.975889
23.671021 9.693054 42.552718
28.215147 25.894520 1.975889
36.166300 34.749231 42.552718
3.407396 11.496347 11.002407
30.811196 11.496347 11.002407
23.575926 8.605692 1.057026
31.527079 17.460403 41.633855
29.001074 10.301047 11.363541
27.783197 12.593373 19.192840
2.714316 10.458683 11.109936
30.118116 10.458683 11.109936
3.413881 9.073131 10.777206
30.817681 9.073131 10.777206
4.339610 9.224170 10.569615
31.743410 9.224170 10.569615
3.347824 8.489996 11.536561
30.751624 8.489996 11.536561
2.979392 8.668363 10.023248
30.383192 8.668363 10.023248
27.028277 12.475898 20.227549
28.253503 11.688361 11.669896
27.331127 11.516343 11.874241
28.672278 12.120247 12.416652
28.308411 12.257575 10.897962
21.748682 7.322753 0.040577
29.699835 16.177464 40.617406
21.407734 7.402452 0.934606
29.358887 16.257163 41.511435
25.096400 12.133387 19.711980
25.856307 10.823633 20.117789
29.045298 13.214549 19.209071
29.426235 13.186930 18.327620
28.948468 14.128679 19.486271
29.621874 12.753246 19.821375
28.249817 9.021404 11.590771
27.330399 9.219588 11.783166
28.300598 8.476710 10.801106
1.233596 8.548921 12.330507
28.637396 8.548921 12.330507
27.023240 11.939351 17.941045
27.571846 12.017303 17.157811
26.851292 11.012322 18.121368
26.192128 12.397382 17.797768
22.684925 9.092931 3.846683
30.636078 17.947642 44.423512
5.108599 9.105339 28.513541
17.603879 34.161515 28.513541
32.512399 9.105339 28.513541
45.007679 34.161515 28.513541
4.548780 7.720973 25.259482
17.044059 32.777150 25.259482
31.952580 7.720973 25.259482
44.447859 32.777150 25.259482
5.187140 7.374986 21.840884
17.682420 32.431163 21.840884
32.590940 7.374986 21.840884
45.086220 32.431163 21.840884
3.660971 7.775014 28.843227
16.156250 32.831191 28.843227
31.064771 7.775014 28.843227
43.560050 32.831191 28.843227
19.892175 6.872535 25.816196
32.387455 31.928712 25.816196
3.529125 6.245956 24.480610
16.024404 31.302133 24.480610
30.932925 6.245956 24.480610
43.428204 31.302133 24.480610
3.355578 6.816704 22.337342
15.850857 31.872880 22.337342
30.759378 6.816704 22.337342
43.254657 31.872880 22.337342
5.107696 9.310848 22.156166
32.511496 9.310848 22.156166
-0.370330 1.478045 -5.334636
7.580823 10.332756 35.242193
12.124949 26.534222 -5.334636
20.076102 35.388933 35.242193
27.033470 1.478045 -5.334636
34.984623 10.332756 35.242193
39.528749 26.534222 -5.334636
47.479902 35.388933 35.242193
2.976196 6.192346 23.358863
15.471475 31.248523 23.358863
30.379996 6.192346 23.358863
42.875275 31.248523 23.358863
20.607820 7.256467 26.782736
33.103099 32.312644 26.782736
3.394961 8.309069 26.724711
15.890241 33.365245 26.724711
30.798761 8.309069 26.724711
43.294041 33.365245 26.724711
4.699908 9.393361 24.333519
32.103708 9.393361 24.333519
0.971729 2.778264 -0.455678
8.922882 11.632974 40.121151
13.467009 27.834440 -0.455678
21.418162 36.689151 40.121151
28.375529 2.778264 -0.455678
36.326682 11.632974 40.121151
40.870809 27.834440 -0.455678
48.821962 36.689151 40.121151
33.145245 16.312014 22.966079
1.768312 5.326687 23.209743
14.263591 30.382864 23.209743
29.172112 5.326687 23.209743
41.667391 30.382864 23.209743
6.039804 9.210653 30.347005
18.535083 34.266830 30.347005
33.443604 9.210653 30.347005
45.938883 34.266830 30.347005
4.797786 11.405885 23.137719
32.201586 11.405885 23.137719
30.706780 16.240510 22.736009
20.296517 8.152846 27.577839
32.791796 33.209023 27.577839
5.474069 10.905007 27.806287
32.877869 10.905007 27.806287
31.925459 15.577719 22.856319
31.885871 15.799011 27.866137
22.037139 5.099885 22.474694
34.532419 30.156062 22.474694
21.932562 6.589552 26.964520
34.427841 31.645729 26.964520
3.010616 7.706063 27.780926
15.505895 32.762240 27.780926
30.414416 7.706063 27.780926
42.909695 32.762240 27.780926
30.614778 17.852664 27.408228
33.041470 17.981733 27.724118
31.855362 17.198137 27.669746
4.876853 9.917984 23.220090
32.280653 9.917984 23.220090
28.547032 18.016533 26.201473
27.979136 17.699783 25.536540
24.012509 6.417764 28.152204
36.507788 31.473940 28.152204
24.585552 6.739980 28.810786
37.080831 31.796157 28.810786
32.001266 14.156208 22.961616
0.651568 2.358912 -3.192585
8.602721 11.213623 37.384244
13.146848 27.415089 -3.192585
21.098000 36.269800 37.384244
28.055368 2.358912 -3.192585
36.006521 11.213623 37.384244
40.550648 27.415089 -3.192585
48.501800 36.269800 37.384244
29.141159 6.942934 27.757189
41.636438 31.999111 27.757189
7.493996 17.211907 24.311201
34.897796 17.211907 24.311201
7.905504 17.289816 25.141282
35.309304 17.289816 25.141282
22.795940 11.098982 33.850611
35.291219 36.155159 33.850611
33.018835 15.067868 27.535436
6.374659 15.504749 27.222447
33.778459 15.504749 27.222447
0.577753 2.156911 -4.629208
8.528906 11.011622 35.947622
13.073032 27.213088 -4.629208
21.024185 36.067799 35.947622
27.981553 2.156911 -4.629208
35.932706 11.011622 35.947622
40.476832 27.213088 -4.629208
48.427985 36.067799 35.947622
21.668422 9.927345 31.547267
34.163701 34.983522 31.547267
22.564098 10.174123 31.526999
35.059377 35.230299 31.526999
7.730133 18.521540 28.756799
35.133933 18.521540 28.756799
8.341223 18.395628 29.446159
35.745023 18.395628 29.446159
7.281478 9.906796 32.750573
19.776757 34.962973 32.750573
34.685278 9.906796 32.750573
47.180557 34.962973 32.750573
28.208898 7.138230 26.774824
40.704178 32.194406 26.774824
28.374064 7.764632 26.108167
40.869343 32.820809 26.108167
23.227943 5.772502 22.652015
35.723222 30.828679 22.652015
23.223898 6.702036 22.684050
35.719177 31.758213 22.684050
7.330402 9.586244 30.397523
19.825681 34.642421 30.397523
34.734202 9.586244 30.397523
47.229481 34.642421 30.397523
21.514617 9.614538 29.602704
34.009897 34.670715 29.602704
15.194068 2.623433 -5.453729
23.145221 11.478144 35.123100
31.066244 10.973900 29.029069
29.507034 15.553187 22.571673
29.508261 14.623983 22.542356
-1.539753 0.862520 -4.854206
6.411400 9.717231 35.722623
10.955526 25.918697 -4.854206
18.906679 34.773407 35.722623
25.864047 0.862520 -4.854206
33.815200 9.717231 35.722623
38.359326 25.918697 -4.854206
46.310479 34.773407 35.722623
-1.726700 0.889477 -4.015057
6.224453 9.744188 36.561772
10.768580 25.945654 -4.015057
18.719732 34.800365 36.561772
25.677100 0.889477 -4.015057
33.628253 9.744188 36.561772
38.172380 25.945654 -4.015057
46.123532 34.800365 36.561772
-2.068401 0.458742 -5.399477
5.882752 9.313452 35.177352
10.426878 25.514918 -5.399477
18.378031 34.369629 35.177352
25.335399 0.458742 -5.399477
33.286552 9.313452 35.177352
37.830678 25.514918 -5.399477
45.781831 34.369629 35.177352
5.617440 13.691746 27.670760
33.021240 13.691746 27.670760
6.369203 13.204294 27.422876
33.773003 13.204294 27.422876
22.802952 7.041303 27.920916
35.298232 32.097480 27.920916
22.573096 7.787070 28.427883
35.068375 32.843247 28.427883
28.323454 16.233872 22.452985
27.531391 15.757322 22.356047
7.958914 10.422516 33.925475
20.454193 35.478693 33.925475
35.362714 10.422516 33.925475
47.857993 35.478693 33.925475
31.916564 13.037832 28.170464
33.983370 17.778982 28.718251
33.833034 17.130310 29.366790
20.762073 5.835126 22.330443
33.257352 30.891303 22.330443
6.283386 16.919374 21.856912
33.687186 16.919374 21.856912
33.296113 16.803186 21.020948
4.538254 11.538343 28.349002
31.942054 11.538343 28.349002
-0.071955 1.653412 -2.269056
7.879198 10.508123 38.307773
12.423324 26.709589 -2.269056
20.374477 35.564299 38.307773
27.331845 1.653412 -2.269056
35.282998 10.508123 38.307773
39.827124 26.709589 -2.269056
47.778277 35.564299 38.307773
-0.688970 1.016085 -2.549036
7.262183 9.870796 38.027793
11.806309 26.072262 -2.549036
19.757462 34.926973 38.027793
26.714830 1.016085 -2.549036
34.665983 9.870796 38.027793
39.210109 26.072262 -2.549036
47.161262 34.926973 38.027793
1.159650 5.172989 21.994467
13.654929 30.229166 21.994467
28.563450 5.172989 21.994467
41.058729 30.229166 21.994467
1.511494 5.604511 21.249193
14.006773 30.660688 21.249193
28.915294 5.604511 21.249193
41.410573 30.660688 21.249193
27.021866 6.421543 26.751492
39.517145 31.477720 26.751492
26.385961 6.585865 26.093417
38.881240 31.642042 26.093417
6.350349 16.449731 24.165531
33.754149 16.449731 24.165531
33.396469 16.023017 24.910339
29.747807 17.400289 26.431746
29.984458 16.661022 25.919951
4.951694 12.048137 21.935834
32.355494 12.048137 21.935834
5.119697 11.551433 21.167329
32.523497 11.551433 21.167329
0.112841 1.885464 -0.941585
8.063994 10.740175 39.635244
12.608120 26.941641 -0.941585
20.559273 35.796352 39.635244
27.516641 1.885464 -0.941585
35.467794 10.740175 39.635244
40.011920 26.941641 -0.941585
47.963073 35.796352 39.635244
-0.391698 1.390812 -0.336970
7.559455 10.245523 40.239859
12.103581 26.446989 -0.336970
20.054734 35.301699 40.239859
27.012102 1.390812 -0.336970
34.963255 10.245523 40.239859
39.507381 26.446989 -0.336970
47.458534 35.301699 40.239859
24.417962 5.105528 22.781861
36.913241 30.161705 22.781861
25.204845 5.585743 22.902313
37.700124 30.641920 22.902313
4.860581 13.407264 21.854680
32.264381 13.407264 21.854680
4.981000 13.827885 21.034359
32.384800 13.827885 21.034359
30.786967 15.135685 28.391607
30.032667 15.616935 28.644766
30.810442 13.780703 28.537684
30.066306 13.346442 28.889668
15.408929 3.419349 -1.347151
23.360082 12.274060 39.229678
27.904208 28.475526 -1.347151
35.855361 37.330237 39.229678
16.040556 4.028441 -1.038219
23.991709 12.883152 39.538610
5.391355 9.149380 31.495735
17.886635 34.205557 31.495735
32.795155 9.149380 31.495735
45.290435 34.205557 31.495735
4.504768 8.865186 31.490074
17.000047 33.921362 31.490074
31.908568 8.865186 31.490074
44.403847 33.921362 31.490074
5.944225 9.472782 32.656232
18.439505 34.528959 32.656232
33.348025 9.472782 32.656232
45.843305 34.528959 32.656232
5.434854 9.411810 33.431047
17.930134 34.467987 33.431047
32.838654 9.411810 33.431047
45.333934 34.467987 33.431047
15.294920 3.238201 -2.688215
23.246073 12.092912 37.888614
15.850182 3.706102 -3.268220
23.801335 12.560813 37.308609
31.866286 13.524789 24.161473
31.705220 14.022937 24.930566
4.562891 12.148933 24.240598
31.966691 12.148933 24.240598
4.467358 11.729473 25.065951
31.871158 11.729473 25.065951
20.803178 7.072044 22.217437
33.298457 32.128221 22.217437
19.695444 5.265698 22.264303
32.190723 30.321875 22.264303
7.382972 15.923702 31.290822
34.786772 15.923702 31.290822
27.551502 13.033048 21.345441
32.976650 14.728403 31.651956
23.807620 8.166017 -1.095574
31.758773 17.020728 39.481255
6.689892 14.886038 31.398350
34.093692 14.886038 31.398350
7.389457 13.500486 31.065620
34.793257 13.500486 31.065620
8.315187 13.651526 30.858029
35.718987 13.651526 30.858029
7.323401 12.917352 31.824975
34.727201 12.917352 31.824975
6.954968 13.095718 30.311662
34.358768 13.095718 30.311662
23.052700 8.048543 -0.060865
31.003853 16.903254 40.515964
32.229079 16.115716 31.958311
31.306704 15.943698 32.162656
32.647854 16.547602 32.705066
32.283988 16.684931 31.186377
25.724259 11.750108 20.328991
25.383310 11.829808 21.223021
21.120823 7.706032 -0.576434
29.071976 16.560743 40.000395
21.880731 6.396278 -0.170626
29.831884 15.250988 40.406204
25.069721 8.787194 -1.079344
33.020874 17.641905 39.497485
25.450658 8.759575 -1.960794
33.401811 17.614286 38.616035
24.972891 9.701324 -0.802143
32.924044 18.556035 39.774686
25.646298 8.325890 -0.467039
33.597451 17.180601 40.109790
32.225394 13.448759 31.879186
31.305975 13.646944 32.071581
32.276174 12.904065 31.089520
5.209173 12.976276 32.618922
32.612973 12.976276 32.618922
23.047664 7.511996 -2.347370
30.998817 16.366706 38.229460
23.596270 7.589948 -3.130604
31.547422 16.444659 37.446225
22.875715 6.584967 -2.167046
30.826868 15.439678 38.409783
22.216552 7.970027 -2.490646
30.167705 16.824738 38.086183
26.660501 13.520287 24.135098
7.380663 17.206072 8.225126
34.784463 17.206072 8.225126
6.820843 15.821706 4.971067
14.771996 24.676417 45.547896
34.224643 15.821706 4.971067
42.175796 24.676417 45.547896
7.459204 15.475719 1.552469
15.410356 24.330430 42.129299
34.863004 15.475719 1.552469
42.814156 24.330430 42.129299
5.933034 15.875747 8.554813
33.336834 15.875747 8.554813
22.164238 14.973268 5.527781
30.115391 23.827979 46.104611
5.801188 14.346689 4.192195
13.752341 23.201400 44.769024
33.204988 14.346689 4.192195
41.156141 23.201400 44.769024
5.627641 14.917437 2.048927
13.578794 23.772147 42.625756
33.031441 14.917437 2.048927
40.982594 23.772147 42.625756
7.379759 17.411581 1.867751
15.330912 26.266292 42.444581
34.783559 17.411581 1.867751
42.734712 26.266292 42.444581
9.852886 18.433489 14.953779
37.256686 18.433489 14.953779
5.248259 14.293079 3.070449
13.199412 23.147790 43.647278
32.652059 14.293079 3.070449
40.603212 23.147790 43.647278
22.879883 15.357200 6.494321
5.667025 16.409802 6.436297
33.070825 16.409802 6.436297
6.971971 17.494094 4.045104
14.923124 26.348805 44.621933
34.375771 17.494094 4.045104
42.326924 26.348805 44.621933
11.194946 19.733707 19.832737
38.598746 19.733707 19.832737
22.922029 -0.643430 2.677665
30.873181 8.211281 43.254494
35.417308 24.412747 2.677665
43.368461 33.267457 43.254494
4.040375 13.427420 2.921329
11.991528 22.282131 43.498158
31.444175 13.427420 2.921329
39.395328 22.282131 43.498158
8.311867 17.311386 10.058590
35.715667 17.311386 10.058590
7.069849 19.506618 2.849305
15.021002 28.361329 43.426134
34.473649 19.506618 2.849305
42.424802 28.361329 43.426134
20.483564 -0.714934 2.447594
28.434717 8.139777 43.024423
32.978843 24.341243 2.447594
40.929996 33.195953 43.024423
22.568580 16.253579 7.289424
7.746132 19.005740 7.517872
35.149932 19.005740 7.517872
21.702242 -1.377725 2.567905
29.653395 7.476986 43.144734
34.197522 23.678452 2.567905
42.148675 32.533163 43.144734
21.662655 -1.156433 7.577723
34.157934 23.899744 7.577723
24.309203 13.200618 2.186280
32.260355 22.055329 42.763109
24.204625 14.690285 6.676106
5.282679 15.806796 7.492511
32.686479 15.806796 7.492511
20.391562 0.897220 7.119813
32.886841 25.953397 7.119813
22.818254 1.026289 7.435704
35.313534 26.082466 7.435704
21.632146 0.242693 7.381331
34.127425 25.298870 7.381331
7.148916 18.018717 2.931676
15.100069 26.873428 43.508505
34.552716 18.018717 2.931676
42.503869 26.873428 43.508505
18.323816 1.061089 5.913058
26.274969 9.915800 46.489888
30.819095 26.117266 5.913058
38.770248 34.971976 46.489888
17.755920 0.744339 5.248126
25.707073 9.599050 45.824955
30.251199 25.800516 5.248126
38.202352 34.655227 45.824955
26.284572 14.518497 7.863789
26.857615 14.840713 8.522372
21.778050 -2.799236 2.673202
29.729203 6.055475 43.250031
34.273330 22.256941 2.673202
42.224483 31.111652 43.250031
10.874784 19.314356 17.095830
38.278584 19.314356 17.095830
31.413222 15.043667 7.468774
-2.729220 0.256463 4.022787
5.221932 9.111174 44.599616
9.766059 25.312640 4.022787
17.717212 34.167351 44.599616
24.674580 0.256463 4.022787
32.625732 9.111174 44.599616
37.169859 25.312640 4.022787
45.121012 34.167351 44.599616
-2.317712 0.334372 4.852867
5.633441 9.189083 45.429696
10.177567 25.390549 4.852867
18.128720 34.245260 45.429696
25.086088 0.334372 4.852867
33.037241 9.189083 45.429696
37.581367 25.390549 4.852867
45.532520 34.245260 45.429696
25.068003 19.199715 13.562196
22.795618 -1.887576 7.247022
35.290898 23.168601 7.247022
-3.848557 -1.450695 6.934032
8.646722 23.605482 6.934032
23.555243 -1.450695 6.934032
36.050522 23.605482 6.934032
10.800969 19.112355 15.659207
38.204769 19.112355 15.659207
23.940485 18.028078 11.258853
24.836161 18.274856 11.238585
-2.493083 1.566096 8.468384
10.002197 26.622273 8.468384
24.910717 1.566096 8.468384
37.405997 26.622273 8.468384
-1.881993 1.440184 9.157744
10.613286 26.496361 9.157744
25.521807 1.440184 9.157744
38.017086 26.496361 9.157744
9.553541 18.007529 12.462159
36.957341 18.007529 12.462159
30.480962 15.238963 6.486409
30.646127 15.865365 5.819752
38.597280 24.720076 46.396581
25.500006 13.873235 2.363600
33.451159 22.727946 42.940429
25.495961 14.802769 2.395636
33.447114 23.657480 42.972465
9.602465 17.686977 10.109108
37.006265 17.686977 10.109108
23.786681 17.715271 9.314289
25.417284 19.578877 14.834686
33.338307 19.074633 8.740655
19.283818 -1.402256 2.283258
27.234971 7.452454 42.860087
31.779097 23.653920 2.283258
39.730250 32.508631 42.860087
19.285045 -2.331460 2.253941
27.236197 6.523250 42.830771
31.780324 22.724716 2.253941
39.731477 31.579427 42.830771
8.683463 17.817964 15.434208
36.087263 17.817964 15.434208
8.496516 17.844921 16.273358
35.900316 17.844921 16.273358
8.154815 17.414185 14.888937
35.558615 17.414185 14.888937
7.889503 21.792479 7.382345
35.293303 21.792479 7.382345
8.641266 21.305027 7.134462
36.045066 21.305027 7.134462
25.075016 15.142036 7.632502
24.845159 15.887803 8.139468
18.100238 -0.721572 2.164571
26.051391 8.133139 42.741400
30.595517 24.334605 2.164571
38.546670 33.189315 42.741400
17.308175 -1.198122 2.067633
25.259328 7.656589 42.644462
29.803454 23.858055 2.067633
37.754607 32.712766 42.644462
10.230977 18.523249 13.637061
37.634777 18.523249 13.637061
34.188627 21.138565 7.882049
23.760154 0.823538 8.429836
36.255434 25.879715 8.429836
23.609818 0.174866 9.078376
36.105098 25.231043 9.078376
23.034136 13.935859 2.042029
30.985289 22.790570 42.618858
-3.939830 -0.036069 1.568497
4.011323 8.818641 42.145326
8.555450 25.020107 1.568497
16.506602 33.874818 42.145326
23.463970 -0.036069 1.568497
31.415123 8.818641 42.145326
35.959250 25.020107 1.568497
43.910402 33.874818 42.145326
23.072897 -0.152258 0.732533
31.024050 8.702453 41.309363
35.568176 24.903919 0.732533
43.519329 33.758630 41.309363
6.810317 19.639076 8.060587
34.214117 19.639076 8.060587
10.151261 18.608856 18.019358
37.555061 18.608856 18.019358
9.534246 17.971529 17.739378
36.938046 17.971529 17.739378
3.431713 13.273722 1.706053
11.382866 22.128433 42.282882
30.835513 13.273722 1.706053
38.786666 22.128433 42.282882
3.783557 13.705244 0.960778
11.734710 22.559955 41.537607
31.187357 13.705244 0.960778
39.138510 22.559955 41.537607
29.293929 14.522276 6.463077
28.658024 14.686598 5.805002
36.609177 23.541309 46.381831
-3.872867 -0.505713 3.877116
4.078286 8.348998 44.453945
8.622413 24.550464 3.877116
16.573566 33.405175 44.453945
23.530933 -0.505713 3.877116
31.482086 8.348998 44.453945
36.026213 24.550464 3.877116
43.977366 33.405175 44.453945
23.173253 -0.932427 4.621924
31.124406 7.922284 45.198753
35.668532 24.123750 4.621924
43.619685 32.978461 45.198753
19.524591 0.444845 6.143332
32.019870 25.501022 6.143332
19.761242 -0.294422 5.631536
27.712395 8.560289 46.208365
32.256521 24.761755 5.631536
40.207674 33.616466 46.208365
7.223757 20.148870 1.647419
15.174910 29.003581 42.224248
34.627557 20.148870 1.647419
42.578710 29.003581 42.224248
7.391760 19.652166 0.878914
15.342913 28.506877 41.455743
34.795560 19.652166 0.878914
42.746713 28.506877 41.455743
10.336057 18.840908 19.346829
37.739857 18.840908 19.346829
9.831518 18.346256 19.951444
37.235318 18.346256 19.951444
26.690025 13.206261 2.493446
34.641178 22.060972 43.070275
27.476908 13.686476 2.613898
35.428061 22.541187 43.190728
7.132644 21.507997 1.566266
15.083797 30.362708 42.143095
34.536444 21.507997 1.566266
42.487597 30.362708 42.143095
-5.242216 -3.127559 0.745944
2.708937 5.727152 41.322773
7.253063 21.928618 0.745944
15.204216 30.783329 41.322773
22.161584 -3.127559 0.745944
30.112737 5.727152 41.322773
34.656863 21.928618 0.745944
42.608016 30.783329 41.322773
20.563751 -1.819759 8.103193
33.059030 23.236418 8.103193
19.809451 -1.338509 8.356352
32.304730 23.717668 8.356352
33.082506 21.881436 8.249269
32.338369 21.447175 8.601253
25.632145 20.374793 18.941264
26.263772 20.983885 19.250196
7.663419 17.250113 11.207320
35.067219 17.250113 11.207320
6.776831 16.965919 11.201660
34.180631 16.965919 11.201660
8.216289 17.573515 12.367818
35.620089 17.573515 12.367818
7.706918 17.512543 13.142632
35.110718 17.512543 13.142632
25.518136 20.193645 17.600200
26.073398 20.661546 17.020194
34.138349 21.625522 3.873058
42.089502 30.480233 44.449887
33.977283 22.123670 4.642152
41.928436 30.978381 45.218981
6.834954 20.249666 3.952183
14.786107 29.104377 44.529012
34.238754 20.249666 3.952183
42.189907 29.104377 44.529012
6.739421 19.830206 4.777536
14.690574 28.684917 45.354365
34.143221 19.830206 4.777536
42.094374 28.684917 45.354365
23.075241 15.172777 1.929022
31.026394 24.027488 42.505852
21.967507 13.366431 1.975889
29.918660 22.221142 42.552718
-2.840244 -1.031741 11.002407
9.655036 24.024435 11.002407
24.563556 -1.031741 11.002407
37.058836 24.024435 11.002407
29.823566 21.133781 1.057026
37.774718 29.988492 41.633855
35.248713 22.829136 11.363541
34.030836 25.121461 19.192840
8.961955 22.986771 11.109936
36.365755 22.986771 11.109936
9.661520 21.601219 10.777206
37.065320 21.601219 10.777206
10.587250 21.752259 10.569615
37.991050 21.752259 10.569615
9.595464 21.018085 11.536561
36.999264 21.018085 11.536561
9.227031 21.196451 10.023248
36.630831 21.196451 10.023248
33.275916 25.003987 20.227549
22.005863 -0.839727 11.669896
34.501142 24.216449 11.669896
21.083488 -1.011746 11.874241
33.578767 24.044431 11.874241
22.424638 -0.407842 12.416652
34.919918 24.648335 12.416652
22.060772 -0.270513 10.897962
34.556051 24.785664 10.897962
27.996322 19.850841 0.040577
35.947475 28.705552 40.617406
27.655374 19.930541 0.934606
35.606526 28.785252 41.511435
31.344039 24.661476 19.711980
32.103947 23.351721 20.117789
22.797658 0.686461 19.209071
35.292937 25.742638 19.209071
23.178595 0.658842 18.327620
35.673874 25.715019 18.327620
22.700828 1.600591 19.486271
35.196107 26.656768 19.486271
35.869514 25.281334 19.821375
34.497457 21.549492 11.590771
33.578039 21.747677 11.783166
34.548237 21.004798 10.801106
7.481236 21.077009 12.330507
34.885036 21.077009 12.330507
33.270880 24.467439 17.941045
33.819486 24.545392 17.157811
33.098931 23.540411 18.121368
32.439768 24.925471 17.797768
28.932564 21.621020 3.846683
36.883717 30.475731 44.423512
11.356239 21.633427 28.513541
38.760039 21.633427 28.513541
10.796420 20.249062 25.259482
38.200220 20.249062 25.259482
11.434780 19.903074 21.840884
38.838580 19.903074 21.840884
9.908610 20.303103 28.843227
37.312410 20.303103 28.843227
26.139815 19.400624 25.816196
9.776765 18.774045 24.480610
37.180565 18.774045 24.480610
9.603217 19.344792 22.337342
37.007017 19.344792 22.337342
11.355336 21.838936 22.156166
38.759136 21.838936 22.156166
5.877310 14.006133 -5.334636
13.828463 22.860844 35.242193
33.281110 14.006133 -5.334636
41.232263 22.860844 35.242193
9.223836 18.720435 23.358863
36.627636 18.720435 23.358863
26.855459 19.784556 26.782736
9.642601 20.837157 26.724711
37.046401 20.837157 26.724711
10.947548 21.921450 24.333519
38.351348 21.921450 24.333519
7.219369 15.306352 -0.455678
15.170522 24.161063 40.121151
34.623169 15.306352 -0.455678
42.574322 24.161063 40.121151
26.897605 3.783925 22.966079
39.392884 28.840102 22.966079
8.015951 17.854776 23.209743
35.419751 17.854776 23.209743
12.287444 21.738741 30.347005
39.691244 21.738741 30.347005
11.045425 23.933974 23.137719
38.449225 23.933974 23.137719
24.459141 3.712421 22.736009
36.954420 28.768598 22.736009
26.544156 20.680935 27.577839
11.721709 23.433095 27.806287
39.125509 23.433095 27.806287
25.677819 3.049631 22.856319
38.173098 28.105807 22.856319
25.638231 3.270922 27.866137
38.133510 28.327099 27.866137
28.284779 17.627974 22.474694
28.180201 19.117641 26.964520
9.258256 20.234151 27.780926
36.662056 20.234151 27.780926
24.367139 5.324575 27.408228
36.862418 30.380752 27.408228
26.793831 5.453644 27.724118
39.289110 30.509821 27.724118
25.607722 4.670049 27.669746
38.103001 29.726225 27.669746
11.124493 22.446073 23.220090
38.528293 22.446073 23.220090
22.299392 5.488444 26.201473
34.794672 30.544621 26.201473
21.731496 5.171695 25.536540
34.226775 30.227872 25.536540
30.260149 18.945852 28.152204
30.833191 19.268069 28.810786
25.753627 1.628120 22.961616
38.248906 26.684297 22.961616
6.899208 14.887001 -3.192585
14.850361 23.741711 37.384244
34.303008 14.887001 -3.192585
42.254161 23.741711 37.384244
35.388799 19.471022 27.757189
1.246356 4.683818 24.311201
13.741635 29.739995 24.311201
28.650156 4.683818 24.311201
41.145435 29.739995 24.311201
1.657864 4.761728 25.141282
14.153143 29.817905 25.141282
29.061664 4.761728 25.141282
41.556943 29.817905 25.141282
29.043580 23.627071 33.850611
26.771195 2.539779 27.535436
39.266474 27.595956 27.535436
0.127020 2.976661 27.222447
12.622299 28.032838 27.222447
27.530820 2.976661 27.222447
40.026099 28.032838 27.222447
6.825392 14.685000 -4.629208
14.776545 23.539710 35.947622
34.229192 14.685000 -4.629208
42.180345 23.539710 35.947622
27.916061 22.455433 31.547267
28.811738 22.702211 31.526999
1.482494 5.993452 28.756799
13.977773 31.049628 28.756799
28.886294 5.993452 28.756799
41.381573 31.049628 28.756799
2.093583 5.867540 29.446159
14.588862 30.923717 29.446159
29.497383 5.867540 29.446159
41.992662 30.923717 29.446159
13.529118 22.434885 32.750573
40.932918 22.434885 32.750573
34.456538 19.666318 26.774824
34.621703 20.292720 26.108167
29.475583 18.300590 22.652015
29.471537 19.230124 22.684050
13.578041 22.114333 30.397523
40.981841 22.114333 30.397523
27.762257 22.142626 29.602704
21.441708 15.151521 -5.453729
29.392861 24.006232 35.123100
37.313883 23.501988 29.029069
23.259394 3.025099 22.571673
35.754673 28.081276 22.571673
23.260621 2.095895 22.542356
35.755900 27.152072 22.542356
4.707887 13.390608 -4.854206
12.659039 22.245319 35.722623
32.111687 13.390608 -4.854206
40.062839 22.245319 35.722623
4.520940 13.417565 -4.015057
12.472093 22.272276 36.561772
31.924740 13.417565 -4.015057
39.875893 22.272276 36.561772
4.179239 12.986830 -5.399477
12.130391 21.841541 35.177352
31.583039 12.986830 -5.399477
39.534191 21.841541 35.177352
11.865080 26.219835 27.670760
39.268880 26.219835 27.670760
12.616842 25.732382 27.422876
40.020642 25.732382 27.422876
29.050592 19.569391 27.920916
28.820735 20.315159 28.427883
22.075814 3.705783 22.452985
34.571093 28.761960 22.452985
21.283751 3.229233 22.356047
33.779031 28.285410 22.356047
14.206554 22.950604 33.925475
41.610354 22.950604 33.925475
38.164203 25.565920 28.170464
27.735731 5.250894 28.718251
40.231010 30.307071 28.718251
27.585395 4.602222 29.366790
40.080674 29.658399 29.366790
27.009712 18.363214 22.330443
0.035747 4.391286 21.856912
12.531026 29.447463 21.856912
27.439547 4.391286 21.856912
39.934826 29.447463 21.856912
27.048473 4.275097 21.020948
39.543753 29.331274 21.020948
10.785893 24.066432 28.349002
38.189693 24.066432 28.349002
6.175684 14.181500 -2.269056
14.126837 23.036211 38.307773
33.579484 14.181500 -2.269056
41.530637 23.036211 38.307773
5.558670 13.544173 -2.549036
13.509823 22.398884 38.027793
32.962470 13.544173 -2.549036
40.913623 22.398884 38.027793
7.407289 17.701077 21.994467
34.811089 17.701077 21.994467
7.759133 18.132600 21.249193
35.162933 18.132600 21.249193
33.269505 18.949631 26.751492
32.633601 19.113953 26.093417
0.102710 3.921642 24.165531
12.597989 28.977819 24.165531
27.506510 3.921642 24.165531
40.001789 28.977819 24.165531
27.148830 3.494929 24.910339
39.644109 28.551106 24.910339
23.500167 4.872200 26.431746
35.995446 29.928377 26.431746
23.736819 4.132934 25.919951
36.232098 29.189111 25.919951
11.199333 24.576225 21.935834
38.603133 24.576225 21.935834
11.367336 24.079521 21.167329
38.771136 24.079521 21.167329
6.360481 14.413553 -0.941585
14.311634 23.268264 39.635244
33.764281 14.413553 -0.941585
41.715434 23.268264 39.635244
5.855941 13.918900 -0.336970
13.807094 22.773611 40.239859
33.259741 13.918900 -0.336970
41.210894 22.773611 40.239859
30.665602 17.633616 22.781861
31.452484 18.113832 22.902313
11.108221 25.935353 21.854680
38.512021 25.935353 21.854680
-1.266639 1.299796 21.034359
11.228640 26.355973 21.034359
26.137161 1.299796 21.034359
38.632440 26.355973 21.034359
24.539327 2.607597 28.391607
37.034606 27.663774 28.391607
23.785027 3.088846 28.644766
36.280306 28.145023 28.644766
37.058082 26.308791 28.537684
36.313945 25.874530 28.889668
21.656568 15.947437 -1.347151
29.607721 24.802148 39.229678
22.288196 16.556530 -1.038219
30.239349 25.411241 39.538610
11.638995 21.677469 31.495735
39.042795 21.677469 31.495735
10.752407 21.393274 31.490074
38.156207 21.393274 31.490074
12.191865 22.000871 32.656232
39.595665 22.000871 32.656232
11.682494 21.939898 33.431047
39.086294 21.939898 33.431047
21.542560 15.766289 -2.688215
29.493712 24.621000 37.888614
22.097821 16.234190 -3.268220
30.048974 25.088901 37.308609
38.113925 26.052878 24.161473
37.952860 26.551026 24.930566
10.810531 24.677021 24.240598
38.214331 24.677021 24.240598
10.714998 24.257561 25.065951
38.118798 24.257561 25.065951
27.050817 19.600133 22.217437
25.943084 17.793787 22.264303
1.135333 3.395614 31.290822
13.630612 28.451791 31.290822
28.539133 3.395614 31.290822
41.034412 28.451791 31.290822
33.799142 25.561136 21.345441
39.224290 27.256491 31.651956
30.055260 20.694106 -1.095574
38.006413 29.548817 39.481255
12.937532 27.414127 31.398350
40.341332 27.414127 31.398350
13.637097 26.028575 31.065620
41.040897 26.028575 31.065620
14.562826 26.179614 30.858029
41.966626 26.179614 30.858029
13.571040 25.445440 31.824975
40.974840 25.445440 31.824975
13.202608 25.623807 30.311662
40.606408 25.623807 30.311662
29.300340 20.576631 -0.060865
37.251493 29.431342 40.515964
25.981440 3.587628 31.958311
38.476719 28.643805 31.958311
25.059064 3.415610 32.162656
37.554343 28.471787 32.162656
26.400215 4.019514 32.705066
38.895494 29.075690 32.705066
26.036348 4.156842 31.186377
38.531627 29.213019 31.186377
31.971898 24.278197 20.328991
31.630950 24.357896 21.223021
27.368463 20.234120 -0.576434
35.319616 29.088831 40.000395
28.128370 18.924366 -0.170626
36.079523 27.779077 40.406204
18.822082 -3.740894 -1.079344
26.773234 5.113816 39.497485
31.317361 21.315282 -1.079344
39.268514 30.169993 39.497485
19.203019 -3.768514 -1.960794
27.154172 5.086197 38.616035
31.698298 21.287663 -1.960794
39.649451 30.142374 38.616035
18.725251 -2.826765 -0.802143
26.676404 6.027946 39.774686
31.220531 22.229412 -0.802143
39.171684 31.084123 39.774686
31.893938 20.853979 -0.467039
39.845090 29.708690 40.109790
38.473033 25.976847 31.879186
37.553615 26.175032 32.071581
38.523814 25.432154 31.089520
11.456812 25.504365 32.618922
38.860612 25.504365 32.618922
29.295303 20.040084 -2.347370
37.246456 28.894795 38.229460
29.843909 20.118036 -3.130604
37.795062 28.972747 37.446225
29.123355 19.113055 -2.167046
37.074508 27.967766 38.409783
28.464191 20.498115 -2.490646
36.415344 29.352826 38.086183
32.908141 26.048375 24.135098
LINES 2663 7989
2 0 10
2 0 52
2 0 62
2 0 193
2 0 1243
2 1 11
2 1 53
2 1 1244
2 2 20
2 2 40
2 2 42
2 2 1173
2 3 21
2 3 43
2 3 1174
2 4 22
2 4 41
2 4 1175
2 5 23
2 5 1176
2 6 24
2 6 28
2 6 355
2 6 1369
2 6 1489
2 6 1493
2 7 25
2 7 29
2 7 356
2 7 1370
2 7 1490
2 7 1494
2 8 26
2 8 357
2 8 1371
2 8 1491
2 8 1495
2 9 27
2 9 358
2 9 1372
2 9 1492
2 9 1496
2 10 78
2 11 79
2 12 36
2 12 1153
2 13 1154
2 14 37
2 14 1155
2 15 1156
2 16 38
2 16 1157
2 17 1158
2 18 39
2 18 1159
2 19 1160
2 20 32
2 21 33
2 22 34
2 23 35
2 24 32
2 25 33
2 26 34
2 27 35
2 28 83
2 29 84
2 30 113
2 30 154
2 30 176
2 31 114
2 31 155
2 31 177
2 32 48
2 33 49
2 34 50
2 35 51
2 36 58
2 36 74
2 37 59
2 37 75
2 38 60
2 38 76
2 39 61
2 39 77
2 40 78
2 41 79
2 42 83
2 43 84
2 44 223
2 44 329
2 44 1456
2 45 224
2 45 330
2 45 1457
2 46 63
2 46 189
2 46 212
2 47 64
2 47 190
2 47 213
2 48 198
2 48 697
2 49 199
2 49 698
2 50 200
2 50 699
2 51 201
2 51 700
2 52 141
2 52 249
2 53 142
2 53 250
2 54 83
2 54 219
2 54 265
2 55 84
2 55 220
2 55 266
2 56 63
2 56 150
2 56 811
2 57 64
2 57 151
2 57 812
2 58 1149
2 59 1150
2 60 1151
2 61 1152
2 62 193
2 63 97
2 64 98
2 65 82
2 65 111
2 65 239
2 66 133
2 66 181
2 66 751
2 67 134
2 67 182
2 67 752
2 68 135
2 68 183
2 68 753
2 69 136
2 69 184
2 69 754
2 70 185
2 71 186
2 72 187
2 73 188
2 74 162
2 74 673
2 75 163
2 75 675
2 76 164
2 76 677
2 77 165
2 77 679
2 78 101
2 79 102
2 80 82
2 80 216
2 80 689
2 81 82
2 81 179
2 81 788
2 85 89
2 85 216
2 85 662
2 86 90
2 87 91
2 87 663
2 88 92
2 93 95
2 93 162
2 93 665
2 94 96
2 94 163
2 94 666
2 97 235
2 97 261
2 98 236
2 98 262
2 99 113
2 99 194
2 99 1475
2 100 114
2 100 195
2 101 127
2 101 716
2 102 128
2 102 717
2 103 105
2 103 212
2 103 640
2 104 106
2 104 213
2 104 641
2 107 147
2 107 1362
2 108 1363
2 109 148
2 109 1364
2 110 1365
2 111 112
2 111 160
2 113 1332
2 115 119
2 115 1308
2 115 1326
2 116 120
2 116 1309
2 116 1327
2 117 121
2 117 1310
2 117 1328
2 118 122
2 118 1311
2 118 1329
2 123 124
2 123 179
2 123 696
2 125 176
2 125 253
2 125 1300
2 126 177
2 126 254
2 126 1301
2 127 129
2 127 206
2 128 131
2 128 207
2 133 137
2 133 227
2 134 138
2 134 228
2 135 139
2 135 229
2 136 140
2 136 230
2 141 1300
2 141 1330
2 142 1301
2 142 1331
2 143 1326
2 144 1327
2 145 1328
2 146 1329
2 147 1296
2 148 1298
2 149 193
2 150 152
2 150 170
2 151 153
2 151 171
2 154 156
2 154 158
2 155 157
2 155 159
2 160 161
2 160 178
2 162 166
2 163 167
2 164 168
2 165 169
2 170 172
2 170 658
2 171 173
2 171 659
2 176 1291
2 177 1292
2 178 193
2 178 241
2 179 180
2 181 269
2 181 277
2 181 1161
2 182 270
2 182 278
2 182 1162
2 183 271
2 183 279
2 183 1163
2 184 272
2 184 280
2 184 1164
2 185 273
2 185 281
2 185 1165
2 186 274
2 186 282
2 186 1166
2 187 275
2 187 283
2 187 1167
2 188 276
2 188 284
2 188 1168
2 189 191
2 189 784
2 190 192
2 190 785
2 194 196
2 194 223
2 195 197
2 195 224
2 198 202
2 198 773
2 199 203
2 199 774
2 200 204
2 200 775
2 201 205
2 201 776
2 206 208
2 206 667
2 207 210
2 207 668
2 212 214
2 213 215
2 216 217
2 219 221
2 219 235
2 220 222
2 220 236
2 223 225
2 224 226
2 227 231
2 227 645
2 228 232
2 228 646
2 229 233
2 229 647
2 230 234
2 230 648
2 235 237
2 236 238
2 239 240
2 239 241
2 241 242
2 243 247
2 243 257
2 243 1219
2 244 1220
2 245 248
2 245 258
2 245 1221
2 246 1222
2 249 251
2 249 253
2 250 252
2 250 254
2 253 255
2 254 256
2 257 259
2 257 1277
2 258 260
2 258 1279
2 261 263
2 261 265
2 262 264
2 262 266
2 265 267
2 266 268
2 269 1161
2 270 1162
2 271 1163
2 272 1164
2 273 1165
2 274 1166
2 275 1167
2 276 1168
2 277 1161
2 278 1162
2 279 1163
2 280 1164
2 281 1165
2 282 1166
2 283 1167
2 284 1168
2 285 290
2 286 574
2 287 575
2 288 290
2 288 296
2 288 313
2 289 295
2 289 309
2 289 317
2 290 291
2 291 292
2 291 293
2 291 294
2 295 565
2 295 580
2 296 297
2 296 298
2 296 299
2 300 302
2 300 574
2 300 583
2 300 587
2 301 303
2 301 575
2 301 584
2 301 588
2 306 580
2 308 580
2 309 310
2 309 311
2 309 312
2 313 314
2 313 315
2 313 316
2 317 318
2 317 319
2 317 320
2 325 331
2 325 362
2 325 370
2 325 483
2 325 1607
2 326 332
2 326 363
2 326 1608
2 327 337
2 327 352
2 327 354
2 327 1555
2 328 338
2 328 353
2 328 1556
2 329 339
2 329 341
2 329 1732
2 329 1836
2 329 1838
2 330 340
2 330 1733
2 330 1837
2 330 1839
2 331 381
2 332 382
2 333 348
2 333 1543
2 334 349
2 334 1544
2 335 350
2 335 1545
2 336 351
2 336 1546
2 337 346
2 338 347
2 339 346
2 340 347
2 341 386
2 342 410
2 342 447
2 343 411
2 343 448
2 343 472
2 344 412
2 344 449
2 345 413
2 345 450
2 345 473
2 346 360
2 347 361
2 348 366
2 348 377
2 349 367
2 349 378
2 350 368
2 350 379
2 351 369
2 351 380
2 352 381
2 353 382
2 354 386
2 355 506
2 355 1804
2 356 507
2 356 1805
2 357 508
2 357 1806
2 358 509
2 358 1807
2 359 371
2 359 481
2 359 500
2 360 492
2 360 962
2 361 493
2 361 963
2 362 434
2 362 536
2 363 435
2 363 537
2 364 386
2 364 504
2 364 554
2 365 371
2 365 445
2 365 1052
2 366 1539
2 367 1540
2 368 1541
2 369 1542
2 370 483
2 371 395
2 372 385
2 372 408
2 372 520
2 373 430
2 373 477
2 373 1011
2 374 431
2 374 478
2 374 1012
2 375 479
2 376 480
2 377 461
2 377 947
2 378 462
2 378 948
2 379 463
2 379 949
2 380 464
2 380 950
2 381 400
2 382 401
2 383 385
2 383 502
2 383 955
2 384 385
2 384 475
2 384 1036
2 387 389
2 387 502
2 387 937
2 388 390
2 388 938
2 391 393
2 391 461
2 391 940
2 392 394
2 392 462
2 392 941
2 395 518
2 395 552
2 396 410
2 396 484
2 396 1826
2 397 411
2 397 485
2 397 1827
2 398 412
2 398 486
2 399 413
2 399 487
2 400 426
2 400 978
2 401 427
2 401 979
2 402 403
2 402 500
2 402 923
2 404 441
2 404 1725
2 405 1726
2 406 443
2 406 1727
2 407 1728
2 408 409
2 408 459
2 410 1686
2 411 1687
2 414 418
2 414 1668
2 414 1680
2 415 419
2 415 1669
2 415 1681
2 416 420
2 416 1670
2 416 1682
2 417 421
2 417 1671
2 417 1683
2 422 423
2 422 475
2 422 961
2 424 472
2 424 540
2 424 1660
2 425 473
2 425 541
2 425 1661
2 426 428
2 426 496
2 427 429
2 427 497
2 430 432
2 430 514
2 431 433
2 431 515
2 434 1660
2 434 1684
2 435 1661
2 435 1685
2 436 1680
2 437 1681
2 438 1682
2 439 1683
2 440 1652
2 441 1653
2 442 1656
2 443 1657
2 444 483
2 445 446
2 445 469
2 447 451
2 447 455
2 448 452
2 448 456
2 449 453
2 449 457
2 450 454
2 450 458
2 459 460
2 459 474
2 461 465
2 462 466
2 463 467
2 464 468
2 469 470
2 469 935
2 472 1647
2 473 1648
2 474 483
2 474 522
2 475 476
2 477 556
2 477 560
2 477 1547
2 478 557
2 478 561
2 478 1548
2 479 558
2 479 562
2 479 1549
2 480 559
2 480 563
2 480 1550
2 481 482
2 481 1034
2 484 488
2 484 506
2 485 489
2 485 507
2 486 490
2 486 508
2 487 491
2 487 509
2 492 494
2 492 1025
2 493 495
2 493 1026
2 496 498
2 496 942
2 497 499
2 497 943
2 500 501
2 502 503
2 504 505
2 504 518
2 506 510
2 507 511
2 508 512
2 509 513
2 514 516
2 514 926
2 515 517
2 515 927
2 518 519
2 520 521
2 520 522
2 522 523
2 524 532
2 524 544
2 524 1587
2 525 533
2 525 545
2 525 1588
2 526 1589
2 527 1590
2 528 534
2 528 546
2 528 1591
2 529 535
2 529 547
2 529 1592
2 530 1593
2 531 1594
2 536 538
2 536 540
2 537 539
2 537 541
2 540 542
2 541 543
2 544 548
2 544 1633
2 545 549
2 545 1634
2 546 550
2 546 1637
2 547 551
2 547 1638
2 552 553
2 552 554
2 554 555
2 556 1547
2 557 1548
2 558 1549
2 559 1550
2 560 1547
2 561 1548
2 562 1549
2 563 1550
2 564 569
2 566 569
2 566 576
2 566 597
2 567 574
2 567 589
2 567 601
2 568 575
2 568 590
2 568 602
2 569 570
2 570 571
2 570 572
2 570 573
2 576 577
2 576 578
2 576 579
2 580 581
2 589 591
2 589 593
2 589 595
2 590 592
2 590 594
2 590 596
2 597 598
2 597 599
2 597 600
2 601 603
2 601 605
2 601 607
2 602 604
2 602 606
2 602 608
2 611 616
2 611 642
2 611 651
2 611 781
2 611 1949
2 612 621
2 612 632
2 612 633
2 612 1902
2 613 622
2 613 634
2 613 1903
2 614 623
2 614 625
2 614 919
2 614 2074
2 614 2181
2 614 2183
2 615 624
2 615 626
2 615 920
2 615 2075
2 615 2182
2 615 2184
2 616 664
2 617 630
2 617 1892
2 618 1893
2 619 631
2 619 1894
2 620 1895
2 621 628
2 622 629
2 623 628
2 624 629
2 625 671
2 626 672
2 627 711
2 627 742
2 627 763
2 628 640
2 629 641
2 630 649
2 630 662
2 631 650
2 631 663
2 632 664
2 633 671
2 634 672
2 635 809
2 635 905
2 635 2157
2 636 652
2 636 773
2 636 791
2 637 653
2 637 774
2 637 792
2 638 654
2 638 775
2 638 793
2 639 655
2 639 776
2 639 794
2 640 784
2 641 785
2 642 728
2 642 831
2 643 671
2 643 805
2 643 843
2 644 672
2 644 806
2 644 844
2 645 652
2 645 734
2 646 653
2 646 735
2 647 654
2 647 736
2 648 655
2 648 737
2 649 1890
2 650 1891
2 651 781
2 652 691
2 653 692
2 654 693
2 655 694
2 656 669
2 656 707
2 656 821
2 657 670
2 657 708
2 657 822
2 658 724
2 658 769
2 659 725
2 659 770
2 660 771
2 661 772
2 662 747
2 663 748
2 664 696
2 665 669
2 665 799
2 666 670
2 666 800
2 667 669
2 667 765
2 668 670
2 668 766
2 673 681
2 673 799
2 674 682
2 675 683
2 675 800
2 676 684
2 677 685
2 678 686
2 679 687
2 680 688
2 689 690
2 689 747
2 693 815
2 693 839
2 694 816
2 694 840
2 695 711
2 695 782
2 695 2167
2 696 721
2 697 701
2 697 791
2 698 702
2 698 792
2 699 703
2 699 793
2 700 704
2 700 794
2 705 731
2 705 2067
2 706 732
2 706 2068
2 707 709
2 708 710
2 708 745
2 711 2037
2 712 714
2 712 2025
2 712 2034
2 713 715
2 713 2026
2 713 2035
2 716 718
2 716 765
2 717 719
2 717 766
2 720 763
2 720 833
2 720 2015
2 721 722
2 721 788
2 724 726
2 724 811
2 725 727
2 725 812
2 728 2015
2 728 2036
2 729 2034
2 730 2035
2 731 2013
2 732 2014
2 733 781
2 734 738
2 734 751
2 735 739
2 735 752
2 736 740
2 736 753
2 737 741
2 737 754
2 742 743
2 742 744
2 745 746
2 745 764
2 747 749
2 748 750
2 751 755
2 752 756
2 753 757
2 754 758
2 763 2006
2 764 781
2 764 825
2 765 767
2 766 768
2 769 847
2 769 851
2 769 1896
2 770 848
2 770 852
2 770 1897
2 771 849
2 771 853
2 771 1898
2 772 850
2 772 854
2 772 1899
2 773 777
2 774 778
2 775 779
2 776 780
2 782 783
2 782 809
2 784 786
2 785 787
2 788 789
2 791 795
2 792 796
2 793 797
2 794 798
2 799 801
2 800 803
2 805 807
2 805 815
2 806 808
2 806 816
2 809 810
2 811 813
2 812 814
2 815 819
2 816 820
2 821 823
2 822 824
2 822 825
2 825 826
2 827 829
2 827 835
2 827 1929
2 828 830
2 828 836
2 828 1930
2 831 832
2 831 833
2 833 834
2 835 837
2 835 1987
2 836 838
2 836 1988
2 839 841
2 839 843
2 840 842
2 840 844
2 843 845
2 844 846
2 847 1896
2 848 1897
2 849 1898
2 850 1899
2 851 1896
2 852 1897
2 853 1898
2 854 1899
2 856 861
2 857 1102
2 858 1103
2 859 861
2 859 868
2 859 891
2 860 866
2 860 885
2 860 895
2 861 862
2 862 863
2 862 864
2 862 865
2 866 1093
2 866 1112
2 867 869
2 867 871
2 867 873
2 868 870
2 868 872
2 868 874
2 875 877
2 875 1102
2 875 1115
2 875 1119
2 876 878
2 876 1103
2 876 1116
2 876 1120
2 881 1112
2 883 1112
2 884 886
2 884 888
2 885 887
2 885 889
2 885 890
2 891 892
2 891 893
2 891 894
2 895 896
2 895 897
2 895 898
2 903 906
2 903 924
2 903 930
2 903 1029
2 903 2276
2 904 909
2 904 917
2 904 918
2 904 2244
2 905 910
2 905 911
2 905 2382
2 905 2463
2 905 2464
2 906 939
2 907 915
2 907 2238
2 908 916
2 908 2239
2 909 914
2 910 914
2 911 946
2 912 972
2 912 999
2 913 973
2 913 1000
2 913 1017
2 914 923
2 915 928
2 915 937
2 916 929
2 916 938
2 917 939
2 918 946
2 919 1048
2 919 2441
2 920 1049
2 920 2442
2 921 931
2 921 1025
2 921 1038
2 922 932
2 922 1026
2 922 1039
2 923 1034
2 924 987
2 924 1071
2 925 946
2 925 1046
2 925 1085
2 926 931
2 926 995
2 927 932
2 927 996
2 928 2236
2 929 2237
2 930 1029
2 931 957
2 932 958
2 933 944
2 933 968
2 933 1057
2 934 945
2 934 969
2 934 1058
2 935 985
2 935 1023
2 936 1024
2 937 1007
2 938 1008
2 939 961
2 940 944
2 940 1042
2 941 945
2 941 1043
2 942 944
2 942 1019
2 943 945
2 943 1020
2 947 951
2 947 1042
2 948 952
2 948 1043
2 949 953
2 950 954
2 955 956
2 955 1007
2 958 1054
2 958 1083
2 959 972
2 959 1030
2 959 2453
2 960 973
2 960 1031
2 960 2454
2 961 983
2 962 964
2 962 1038
2 963 965
2 963 1039
2 966 991
2 966 2375
2 967 993
2 967 2376
2 968 970
2 969 971
2 969 1005
2 972 2346
2 973 2347
2 974 976
2 974 2337
2 974 2343
2 975 977
2 975 2338
2 975 2344
2 978 980
2 978 1019
2 979 981
2 979 1020
2 982 1017
2 982 1073
2 982 2327
2 983 984
2 983 1036
2 985 986
2 985 1052
2 987 2327
2 987 2345
2 988 2343
2 989 2344
2 990 2323
2 991 2324
2 992 2325
2 993 2326
2 994 1029
2 995 997
2 995 1011
2 996 998
2 996 1012
2 999 1001
2 999 1003
2 1000 1002
2 1000 1004
2 1005 1006
2 1005 1018
2 1007 1009
2 1008 1010
2 1011 1013
2 1012 1014
2 1017 2316
2 1018 1029
2 1018 1061
2 1019 1021
2 1020 1022
2 1023 1087
2 1023 1089
2 1023 2240
2 1024 1088
2 1024 1090
2 1024 2241
2 1025 1027
2 1026 1028
2 1030 1032
2 1030 1048
2 1031 1033
2 1031 1049
2 1034 1035
2 1036 1037
2 1038 1040
2 1039 1041
2 1042 1044
2 1043 1045
2 1046 1047
2 1046 1054
2 1048 1050
2 1049 1051
2 1052 1053
2 1054 1056
2 1057 1059
2 1058 1060
2 1058 1061
2 1061 1062
2 1063 1067
2 1063 1075
2 1063 2262
2 1064 1068
2 1064 1076
2 1064 2263
2 1065 1069
2 1065 1077
2 1065 2264
2 1066 1070
2 1066 1078
2 1066 2265
2 1071 1072
2 1071 1073
2 1073 1074
2 1075 1079
2 1075 2303
2 1076 1080
2 1076 2304
2 1077 1081
2 1077 2305
2 1078 1082
2 1078 2306
2 1083 1084
2 1083 1085
2 1085 1086
2 1087 2240
2 1088 2241
2 1089 2240
2 1090 2241
2 1092 1097
2 1094 1097
2 1094 1105
2 1094 1135
2 1095 1102
2 1095 1123
2 1095 1139
2 1096 1103
2 1096 1124
2 1096 1140
2 1097 1098
2 1098 1099
2 1098 1100
2 1098 1101
2 1104 1106
2 1104 1108
2 1104 1110
2 1105 1107
2 1105 1109
2 1105 1111
2 1112 1113
2 1121 1125
2 1121 1129
2 1122 1126
2 1122 1130
2 1123 1127
2 1123 1131
2 1123 1133
2 1124 1128
2 1124 1132
2 1124 1134
2 1135 1136
2 1135 1137
2 1135 1138
2 1139 1141
2 1139 1143
2 1139 1145
2 1140 1142
2 1140 1144
2 1140 1146
2 1149 1169
2 1149 1233
2 1149 1245
2 1149 1379
2 1150 1170
2 1150 1234
2 1151 1171
2 1151 1235
2 1151 1246
2 1151 1380
2 1152 1172
2 1152 1236
2 1153 1177
2 1153 1211
2 1153 1215
2 1154 1178
2 1154 1216
2 1155 1179
2 1155 1212
2 1156 1180
2 1157 1181
2 1157 1213
2 1157 1217
2 1158 1182
2 1158 1218
2 1159 1183
2 1159 1214
2 1160 1184
2 1161 1185
2 1161 1193
2 1161 1587
2 1162 1186
2 1162 1194
2 1162 1588
2 1163 1187
2 1163 1589
2 1164 1188
2 1164 1590
2 1165 1189
2 1165 1195
2 1165 1591
2 1166 1190
2 1166 1196
2 1166 1592
2 1167 1191
2 1167 1593
2 1168 1192
2 1168 1594
2 1169 1256
2 1170 1257
2 1171 1258
2 1172 1259
2 1173 1209
2 1175 1210
2 1177 1201
2 1178 1202
2 1179 1203
2 1180 1204
2 1181 1205
2 1182 1206
2 1183 1207
2 1184 1208
2 1185 1201
2 1186 1202
2 1187 1203
2 1188 1204
2 1189 1205
2 1190 1206
2 1191 1207
2 1192 1208
2 1193 1263
2 1194 1264
2 1195 1265
2 1196 1266
2 1197 1296
2 1197 1338
2 1197 1362
2 1198 1297
2 1198 1339
2 1198 1363
2 1199 1298
2 1199 1340
2 1199 1364
2 1200 1299
2 1200 1341
2 1200 1365
2 1201 1225
2 1202 1226
2 1203 1227
2 1204 1228
2 1205 1229
2 1206 1230
2 1207 1231
2 1208 1232
2 1209 1243
2 1209 1254
2 1210 1244
2 1210 1255
2 1211 1256
2 1212 1257
2 1213 1258
2 1214 1259
2 1215 1263
2 1216 1264
2 1217 1265
2 1218 1266
2 1219 1428
2 1219 1547
2 1220 1429
2 1220 1548
2 1221 1430
2 1221 1549
2 1222 1431
2 1222 1550
2 1223 1247
2 1223 1375
2 1223 1413
2 1224 1248
2 1224 1376
2 1224 1414
2 1225 1389
2 1225 1990
2 1226 1390
2 1226 1991
2 1227 1391
2 1227 1992
2 1228 1392
2 1228 1993
2 1229 1393
2 1229 1994
2 1230 1394
2 1230 1995
2 1231 1395
2 1231 1996
2 1232 1396
2 1232 1997
2 1233 1326
2 1233 1459
2 1234 1327
2 1234 1460
2 1235 1328
2 1235 1461
2 1236 1329
2 1236 1462
2 1237 1263
2 1237 1420
2 1237 1481
2 1238 1264
2 1238 1421
2 1238 1482
2 1239 1265
2 1239 1422
2 1239 1483
2 1240 1266
2 1240 1423
2 1240 1484
2 1241 1247
2 1241 1334
2 1241 2135
2 1242 1248
2 1242 1335
2 1242 2136
2 1245 1379
2 1246 1380
2 1247 1275
2 1248 1276
2 1249 1262
2 1249 1293
2 1249 1452
2 1250 1318
2 1250 1369
2 1250 2059
2 1251 1319
2 1251 1370
2 1251 2060
2 1252 1320
2 1252 1371
2 1252 2061
2 1253 1321
2 1253 1372
2 1253 2062
2 1254 1354
2 1254 1973
2 1255 1355
2 1255 1975
2 1258 1281
2 1259 1282
2 1260 1262
2 1260 1417
2 1260 1981
2 1261 1262
2 1261 1367
2 1261 2102
2 1267 1269
2 1267 1417
2 1267 1960
2 1268 1270
2 1271 1273
2 1271 1354
2 1271 1963
2 1272 1274
2 1272 1355
2 1272 1964
2 1275 1446
2 1275 1477
2 1276 1447
2 1276 1478
2 1277 1296
2 1277 1381
2 1278 1297
2 1278 1382
2 1279 1298
2 1279 1383
2 1280 1299
2 1280 1384
2 1281 1312
2 1281 2019
2 1282 1313
2 1282 2020
2 1283 1287
2 1283 1411
2 1283 1935
2 1284 1288
2 1284 1412
2 1284 1936
2 1285 1289
2 1285 1413
2 1285 1937
2 1286 1290
2 1286 1414
2 1286 1938
2 1291 1332
2 1293 1295
2 1293 1351
2 1300 1302
2 1301 1303
2 1304 1306
2 1305 1307
2 1305 1367
2 1305 1989
2 1308 1362
2 1308 1467
2 1309 1363
2 1309 1468
2 1310 1364
2 1310 1469
2 1311 1365
2 1311 1470
2 1312 1314
2 1312 1405
2 1313 1316
2 1313 1406
2 1318 1322
2 1318 1436
2 1319 1323
2 1319 1437
2 1320 1324
2 1320 1438
2 1321 1325
2 1321 1439
2 1333 1380
2 1334 1336
2 1334 1358
2 1335 1337
2 1335 1359
2 1338 1342
2 1338 1346
2 1339 1343
2 1339 1347
2 1340 1344
2 1340 1348
2 1341 1345
2 1341 1349
2 1350 1352
2 1351 1353
2 1351 1366
2 1354 1356
2 1355 1357
2 1358 1360
2 1358 1958
2 1359 1361
2 1359 1959
2 1366 1380
2 1366 1454
2 1367 1368
2 1369 1489
2 1369 1493
2 1370 1490
2 1370 1494
2 1371 1491
2 1371 1495
2 1372 1492
2 1372 1496
2 1373 2094
2 1374 2095
2 1375 1377
2 1375 2096
2 1376 1378
2 1376 2097
2 1381 1385
2 1381 1428
2 1382 1386
2 1382 1429
2 1383 1387
2 1383 1430
2 1384 1388
2 1384 1431
2 1389 1397
2 1389 2076
2 1390 1398
2 1390 2077
2 1391 1399
2 1391 2078
2 1392 1400
2 1392 2079
2 1393 1401
2 1393 2080
2 1394 1402
2 1394 2081
2 1395 1403
2 1395 2082
2 1396 1404
2 1396 2083
2 1405 1407
2 1405 1965
2 1406 1409
2 1406 1966
2 1413 1415
2 1414 1416
2 1417 1418
2 1420 1424
2 1420 1444
2 1421 1425
2 1421 1445
2 1422 1426
2 1422 1446
2 1423 1427
2 1423 1447
2 1428 1432
2 1429 1433
2 1430 1434
2 1431 1435
2 1436 1440
2 1436 1945
2 1437 1441
2 1437 1946
2 1438 1442
2 1438 1947
2 1439 1443
2 1439 1948
2 1444 1448
2 1445 1449
2 1446 1450
2 1447 1451
2 1452 1453
2 1452 1454
2 1454 1455
2 1456 1458
2 1456 1475
2 1459 1463
2 1459 1467
2 1460 1464
2 1460 1468
2 1461 1465
2 1461 1469
2 1462 1466
2 1462 1470
2 1467 1471
2 1468 1472
2 1469 1473
2 1470 1474
2 1475 1476
2 1477 1479
2 1477 1483
2 1478 1480
2 1478 1484
2 1481 1485
2 1482 1486
2 1483 1487
2 1484 1488
2 1497 1503
2 1498 1504
2 1499 1856
2 1500 1857
2 1501 1504
2 1501 1514
2 1501 1528
2 1502 1513
2 1502 1524
2 1502 1533
2 1503 1505
2 1504 1506
2 1505 1507
2 1505 1509
2 1505 1511
2 1506 1508
2 1506 1510
2 1506 1512
2 1513 1842
2 1513 1862
2 1514 1515
2 1514 1516
2 1514 1517
2 1518 1520
2 1518 1856
2 1518 1864
2 1518 1866
2 1519 1521
2 1519 1857
2 1519 1865
2 1519 1867
2 1522 1862
2 1523 1862
2 1524 1525
2 1524 1526
2 1524 1527
2 1528 1529
2 1528 1530
2 1528 1532
2 1533 1534
2 1533 1535
2 1533 1536
2 1539 1551
2 1539 1600
2 1539 1609
2 1539 1737
2 1540 1552
2 1540 1601
2 1541 1553
2 1541 1602
2 1541 1610
2 1541 1738
2 1542 1554
2 1542 1603
2 1543 1557
2 1543 1581
2 1543 1585
2 1544 1558
2 1544 1582
2 1545 1559
2 1545 1583
2 1545 1586
2 1546 1560
2 1546 1584
2 1547 1561
2 1547 1565
2 1548 1562
2 1549 1563
2 1549 1566
2 1550 1564
2 1551 1617
2 1552 1618
2 1553 1619
2 1554 1620
2 1555 1579
2 1556 1580
2 1557 1575
2 1558 1576
2 1559 1577
2 1560 1578
2 1561 1575
2 1562 1576
2 1563 1577
2 1564 1578
2 1565 1624
2 1566 1625
2 1567 1652
2 1567 1691
2 1568 1653
2 1568 1692
2 1568 1725
2 1569 1654
2 1569 1693
2 1570 1655
2 1570 1694
2 1570 1726
2 1571 1656
2 1571 1695
2 1572 1657
2 1572 1696
2 1572 1727
2 1573 1658
2 1573 1697
2 1574 1659
2 1574 1698
2 1574 1728
2 1575 1596
2 1576 1597
2 1577 1598
2 1578 1599
2 1579 1607
2 1579 1615
2 1580 1608
2 1580 1616
2 1581 1617
2 1582 1618
2 1583 1619
2 1584 1620
2 1585 1624
2 1586 1625
2 1587 1776
2 1588 1777
2 1589 1778
2 1590 1779
2 1591 1780
2 1592 1781
2 1593 1782
2 1594 1783
2 1595 1611
2 1595 1735
2 1595 1768
2 1596 1755
2 1596 2308
2 1597 1756
2 1597 2309
2 1598 1757
2 1598 2310
2 1599 1758
2 1599 2311
2 1600 1680
2 1600 1810
2 1601 1681
2 1601 1811
2 1602 1682
2 1602 1812
2 1603 1683
2 1603 1813
2 1604 1624
2 1604 1772
2 1604 1832
2 1605 1625
2 1605 1773
2 1605 1833
2 1606 1611
2 1606 1689
2 1606 2427
2 1609 1737
2 1610 1738
2 1611 1632
2 1612 1623
2 1612 1649
2 1612 1800
2 1613 1676
2 1613 1732
2 1613 2371
2 1614 1677
2 1614 1733
2 1614 2372
2 1615 1719
2 1615 2295
2 1616 1720
2 1616 2296
2 1619 1641
2 1620 1642
2 1621 1623
2 1621 1770
2 1621 2299
2 1622 1623
2 1622 1730
2 1622 2403
2 1626 1627
2 1626 1770
2 1626 2284
2 1628 1630
2 1628 1719
2 1628 2287
2 1629 1631
2 1629 1720
2 1629 2288
2 1632 1797
2 1632 1830
2 1633 1652
2 1633 1739
2 1634 1653
2 1634 1740
2 1635 1654
2 1635 1741
2 1636 1655
2 1636 1742
2 1637 1656
2 1637 1743
2 1638 1657
2 1638 1744
2 1639 1658
2 1639 1745
2 1640 1659
2 1640 1746
2 1641 1672
2 1641 2331
2 1642 1673
2 1642 2332
2 1643 1645
2 1643 1767
2 1643 2268
2 1644 1646
2 1644 1768
2 1644 2269
2 1647 1687
2 1649 1651
2 1649 1716
2 1660 1662
2 1661 1663
2 1664 1666
2 1665 1667
2 1665 1730
2 1665 2307
2 1668 1725
2 1668 1818
2 1669 1726
2 1669 1819
2 1670 1727
2 1670 1820
2 1671 1728
2 1671 1821
2 1672 1674
2 1672 1763
2 1673 1675
2 1673 1764
2 1676 1678
2 1676 1792
2 1677 1679
2 1677 1793
2 1688 1738
2 1689 1690
2 1689 1723
2 1691 1699
2 1691 1707
2 1692 1700
2 1692 1708
2 1693 1701
2 1693 1709
2 1694 1702
2 1694 1710
2 1695 1703
2 1695 1711
2 1696 1704
2 1696 1712
2 1697 1705
2 1697 1713
2 1698 1706
2 1698 1714
2 1715 1717
2 1716 1718
2 1716 1729
2 1719 1721
2 1720 1722
2 1723 1724
2 1723 2283
2 1729 1738
2 1729 1802
2 1730 1731
2 1732 1836
2 1732 1838
2 1733 1837
2 1733 1839
2 1734 2399
2 1735 1736
2 1735 2400
2 1739 1747
2 1739 1776
2 1740 1748
2 1740 1777
2 1741 1749
2 1741 1778
2 1742 1750
2 1742 1779
2 1743 1751
2 1743 1780
2 1744 1752
2 1744 1781
2 1745 1753
2 1745 1782
2 1746 1754
2 1746 1783
2 1755 1759
2 1755 2383
2 1756 1760
2 1756 2384
2 1757 1761
2 1757 2385
2 1758 1762
2 1758 2386
2 1763 1765
2 1763 2289
2 1764 1766
2 1764 2290
2 1768 1769
2 1770 1771
2 1772 1774
2 1772 1796
2 1773 1775
2 1773 1797
2 1776 1784
2 1777 1785
2 1778 1786
2 1779 1787
2 1780 1788
2 1781 1789
2 1782 1790
2 1783 1791
2 1792 1794
2 1792 2274
2 1793 1795
2 1793 2275
2 1796 1798
2 1797 1799
2 1800 1801
2 1800 1802
2 1802 1803
2 1804 1808
2 1804 1826
2 1805 1809
2 1805 1827
2 1810 1814
2 1810 1818
2 1811 1815
2 1811 1819
2 1812 1816
2 1812 1820
2 1813 1817
2 1813 1821
2 1818 1822
2 1819 1823
2 1820 1824
2 1821 1825
2 1826 1828
2 1827 1829
2 1830 1831
2 1830 1833
2 1832 1834
2 1833 1835
2 1840 1846
2 1841 1847
2 1843 1847
2 1843 1858
2 1843 1876
2 1844 1856
2 1844 1868
2 1844 1881
2 1845 1857
2 1845 1869
2 1845 1882
2 1846 1848
2 1847 1849
2 1848 1850
2 1848 1852
2 1848 1854
2 1849 1851
2 1849 1853
2 1849 1855
2 1858 1859
2 1858 1860
2 1858 1861
2 1862 1863
2 1868 1870
2 1868 1872
2 1868 1874
2 1869 1871
2 1869 1873
2 1869 1875
2 1876 1877
2 1876 1878
2 1876 1880
2 1881 1883
2 1881 1885
2 1881 1887
2 1882 1884
2 1882 1886
2 1882 1888
2 1890 1900
2 1890 1939
2 1890 1950
2 1890 2088
2 1891 1901
2 1891 1940
2 1891 1951
2 1891 2089
2 1892 1904
2 1892 1923
2 1892 1925
2 1893 1905
2 1893 1926
2 1894 1906
2 1894 1924
2 1894 1927
2 1895 1907
2 1895 1928
2 1896 1908
2 1896 1912
2 1896 2262
2 1897 1909
2 1897 1913
2 1897 2263
2 1898 1910
2 1898 1914
2 1898 2264
2 1899 1911
2 1899 1915
2 1899 2265
2 1900 1961
2 1901 1962
2 1902 1922
2 1904 1918
2 1905 1919
2 1906 1920
2 1907 1921
2 1908 1918
2 1909 1919
2 1910 1920
2 1911 1921
2 1912 1969
2 1913 1970
2 1914 1971
2 1915 1972
2 1916 2013
2 1916 2047
2 1916 2067
2 1917 2014
2 1917 2048
2 1917 2068
2 1918 1935
2 1919 1936
2 1920 1937
2 1921 1938
2 1922 1949
2 1922 1960
2 1923 1961
2 1924 1962
2 1925 1969
2 1926 1970
2 1927 1971
2 1928 1972
2 1929 2131
2 1929 2240
2 1930 2132
2 1930 2241
2 1931 1952
2 1931 2080
2 1931 2109
2 1932 1953
2 1932 2081
2 1932 2110
2 1933 1954
2 1933 2082
2 1933 2111
2 1934 1955
2 1934 2083
2 1934 2112
2 1935 2094
2 1936 2095
2 1937 2096
2 1938 2097
2 1939 2034
2 1939 2159
2 1940 2035
2 1940 2160
2 1941 1969
2 1941 2123
2 1941 2173
2 1942 1970
2 1942 2124
2 1942 2174
2 1943 1971
2 1943 2125
2 1943 2175
2 1944 1972
2 1944 2126
2 1944 2176
2 1945 1952
2 1945 2039
2 1946 1953
2 1946 2040
2 1947 1954
2 1947 2041
2 1948 1955
2 1948 2042
2 1950 2088
2 1951 2089
2 1952 1983
2 1953 1984
2 1954 1985
2 1955 1986
2 1956 1967
2 1956 2007
2 1956 2151
2 1957 1968
2 1957 2008
2 1957 2152
2 1958 2030
2 1958 2074
2 1959 2031
2 1959 2075
2 1960 2057
2 1962 1989
2 1963 1967
2 1963 2117
2 1964 1968
2 1964 2118
2 1965 1967
2 1965 2070
2 1966 1968
2 1966 2071
2 1973 1977
2 1973 2117
2 1974 1978
2 1975 1979
2 1975 2118
2 1976 1980
2 1981 1982
2 1981 2057
2 1985 2141
2 1985 2169
2 1986 2142
2 1986 2170
2 1987 2013
2 1987 2090
2 1988 2014
2 1988 2091
2 1989 2027
2 1990 1998
2 1990 2105
2 1991 1999
2 1991 2106
2 1992 2000
2 1992 2107
2 1993 2001
2 1993 2108
2 1994 2002
2 1994 2109
2 1995 2003
2 1995 2110
2 1996 2004
2 1996 2111
2 1997 2005
2 1997 2112
2 2006 2037
2 2007 2011
2 2008 2012
2 2008 2054
2 2015 2016
2 2017 2021
2 2018 2022
2 2019 2023
2 2019 2070
2 2020 2024
2 2020 2071
2 2025 2067
2 2025 2163
2 2026 2068
2 2026 2164
2 2027 2028
2 2027 2102
2 2030 2032
2 2030 2135
2 2031 2033
2 2031 2136
2 2038 2089
2 2039 2043
2 2039 2059
2 2040 2044
2 2040 2060
2 2041 2045
2 2041 2061
2 2042 2046
2 2042 2062
2 2047 2049
2 2047 2051
2 2048 2050
2 2048 2052
2 2053 2055
2 2054 2056
2 2054 2069
2 2057 2058
2 2059 2063
2 2060 2064
2 2061 2065
2 2062 2066
2 2069 2089
2 2069 2155
2 2070 2072
2 2071 2073
2 2074 2181
2 2074 2183
2 2075 2182
2 2075 2184
2 2080 2084
2 2081 2085
2 2082 2086
2 2083 2087
2 2090 2092
2 2090 2131
2 2091 2093
2 2091 2132
2 2094 2098
2 2095 2099
2 2096 2100
2 2097 2101
2 2102 2103
2 2109 2113
2 2110 2114
2 2111 2115
2 2112 2116
2 2117 2119
2 2118 2121
2 2123 2127
2 2123 2139
2 2124 2128
2 2124 2140
2 2125 2129
2 2125 2141
2 2126 2130
2 2126 2142
2 2131 2133
2 2132 2134
2 2135 2137
2 2136 2138
2 2139 2145
2 2140 2146
2 2141 2149
2 2142 2150
2 2151 2153
2 2152 2154
2 2152 2155
2 2155 2156
2 2157 2158
2 2157 2167
2 2159 2161
2 2159 2163
2 2160 2162
2 2160 2164
2 2163 2165
2 2164 2166
2 2167 2168
2 2169 2171
2 2169 2175
2 2170 2172
2 2170 2176
2 2173 2177
2 2174 2178
2 2175 2179
2 2176 2180
2 2186 2193
2 2188 2194
2 2189 2483
2 2190 2484
2 2191 2194
2 2191 2205
2 2191 2225
2 2192 2203
2 2192 2219
2 2192 2230
2 2193 2195
2 2194 2196
2 2195 2197
2 2195 2199
2 2195 2201
2 2196 2198
2 2196 2200
2 2196 2202
2 2203 2469
2 2203 2493
2 2204 2206
2 2204 2208
2 2204 2210
2 2205 2207
2 2205 2209
2 2205 2211
2 2212 2214
2 2212 2483
2 2212 2495
2 2212 2497
2 2213 2215
2 2213 2484
2 2213 2496
2 2213 2498
2 2216 2493
2 2217 2493
2 2218 2220
2 2218 2222
2 2219 2221
2 2219 2223
2 2219 2224
2 2225 2226
2 2225 2227
2 2225 2229
2 2230 2231
2 2230 2232
2 2230 2233
2 2236 2242
2 2236 2270
2 2236 2277
2 2236 2389
2 2237 2243
2 2237 2271
2 2237 2278
2 2237 2390
2 2238 2245
2 2238 2258
2 2238 2260
2 2239 2246
2 2239 2259
2 2239 2261
2 2240 2247
2 2240 2249
2 2241 2248
2 2241 2250
2 2242 2285
2 2243 2286
2 2244 2257
2 2245 2255
2 2246 2256
2 2247 2255
2 2248 2256
2 2249 2293
2 2250 2294
2 2251 2323
2 2251 2353
2 2252 2324
2 2252 2354
2 2252 2375
2 2253 2325
2 2253 2355
2 2254 2326
2 2254 2356
2 2254 2376
2 2255 2268
2 2256 2269
2 2257 2276
2 2257 2284
2 2258 2285
2 2259 2286
2 2260 2293
2 2261 2294
2 2262 2419
2 2263 2420
2 2264 2421
2 2265 2422
2 2266 2279
2 2266 2385
2 2266 2407
2 2267 2280
2 2267 2386
2 2267 2408
2 2268 2399
2 2269 2400
2 2270 2343
2 2270 2445
2 2271 2344
2 2271 2446
2 2272 2293
2 2272 2415
2 2272 2459
2 2273 2294
2 2273 2416
2 2273 2460
2 2274 2279
2 2274 2349
2 2275 2280
2 2275 2350
2 2277 2389
2 2278 2390
2 2279 2301
2 2280 2302
2 2281 2291
2 2281 2317
2 2281 2435
2 2282 2292
2 2282 2318
2 2282 2436
2 2283 2341
2 2283 2382
2 2284 2369
2 2286 2307
2 2287 2291
2 2287 2411
2 2288 2292
2 2288 2412
2 2289 2291
2 2289 2378
2 2290 2292
2 2290 2379
2 2295 2297
2 2295 2411
2 2296 2298
2 2296 2412
2 2299 2300
2 2299 2369
2 2302 2430
2 2302 2457
2 2303 2323
2 2303 2391
2 2304 2324
2 2304 2392
2 2305 2325
2 2305 2393
2 2306 2326
2 2306 2394
2 2307 2339
2 2308 2312
2 2308 2405
2 2309 2313
2 2309 2406
2 2310 2314
2 2310 2407
2 2311 2315
2 2311 2408
2 2316 2347
2 2317 2321
2 2318 2322
2 2318 2366
2 2327 2328
2 2329 2333
2 2330 2334
2 2331 2335
2 2331 2378
2 2332 2336
2 2332 2379
2 2337 2375
2 2337 2449
2 2338 2376
2 2338 2450
2 2339 2340
2 2339 2403
2 2341 2342
2 2341 2427
2 2348 2390
2 2349 2351
2 2349 2371
2 2350 2352
2 2350 2372
2 2353 2357
2 2353 2361
2 2354 2358
2 2354 2362
2 2355 2359
2 2355 2363
2 2356 2360
2 2356 2364
2 2365 2367
2 2366 2368
2 2366 2377
2 2369 2370
2 2371 2373
2 2372 2374
2 2377 2390
2 2377 2439
2 2378 2380
2 2379 2381
2 2382 2463
2 2382 2464
2 2385 2387
2 2386 2388
2 2391 2395
2 2391 2419
2 2392 2396
2 2392 2420
2 2393 2397
2 2393 2421
2 2394 2398
2 2394 2422
2 2399 2401
2 2400 2402
2 2403 2404
2 2407 2409
2 2408 2410
2 2411 2413
2 2412 2414
2 2415 2417
2 2415 2429
2 2416 2418
2 2416 2430
2 2419 2423
2 2420 2424
2 2421 2425
2 2422 2426
2 2427 2428
2 2429 2432
2 2430 2434
2 2435 2437
2 2436 2438
2 2436 2439
2 2439 2440
2 2441 2443
2 2441 2453
2 2442 2444
2 2442 2454
2 2445 2447
2 2445 2449
2 2446 2448
2 2446 2450
2 2449 2451
2 2450 2452
2 2453 2455
2 2454 2456
2 2457 2458
2 2457 2460
2 2459 2461
2 2460 2462
2 2466 2473
2 2468 2474
2 2470 2474
2 2470 2486
2 2470 2513
2 2471 2483
2 2471 2501
2 2471 2518
2 2472 2484
2 2472 2502
2 2472 2519
2 2473 2475
2 2474 2476
2 2475 2477
2 2475 2479
2 2475 2481
2 2476 2478
2 2476 2480
2 2476 2482
2 2485 2487
2 2485 2489
2 2485 2491
2 2486 2488
2 2486 2490
2 2486 2492
2 2493 2494
2 2499 2503
2 2499 2507
2 2500 2504
2 2500 2508
2 2501 2505
2 2501 2509
2 2501 2511
2 2502 2506
2 2502 2510
2 2502 2512
2 2513 2514
2 2513 2515
2 2513 2517
2 2518 2520
2 2518 2522
2 2518 2524
2 2519 2521
2 2519 2523
2 2519 2525
