# vtk DataFile Version 1.0
Cube
ASCII

DATASET POLYDATA
POINTS 4044 float
6.406457 0.134229 10.584543
6.406457 34.116229 10.584543
6.261353 15.277288 11.681313
6.417501 14.593570 12.291289
6.961722 16.452725 11.601115
8.495500 0.000000 12.743250
8.495500 33.982000 12.743250
0.134229 10.584543 6.406457
34.116229 10.584543 6.406457
15.277288 10.729647 5.309687
14.593570 10.573499 4.699711
14.593570 10.573499 38.681711
16.452725 10.029278 5.389885
0.000000 8.495500 4.247750
0.000000 8.495500 38.229750
33.982000 8.495500 4.247750
33.982000 8.495500 38.229750
10.584543 16.856771 10.584543
10.729647 1.713712 11.681313
10.729647 35.695712 11.681313
10.573499 2.397430 12.291289
10.573499 36.379430 12.291289
10.029278 0.538275 11.601115
10.029278 34.520275 11.601115
16.856771 6.406457 6.406457
1.713712 6.261353 5.309687
35.695712 6.261353 5.309687
2.397430 6.417501 4.699711
2.397430 6.417501 38.681711
36.379430 6.417501 4.699711
36.379430 6.417501 38.681711
15.538270 6.900045 6.900045
15.635118 7.793772 7.233069
14.904505 6.894948 6.177928
15.225635 6.327448 7.603472
0.538275 6.961722 5.389885
34.520275 6.961722 5.389885
6.406457 16.856771 6.406457
6.261353 1.713712 5.309687
6.261353 35.695712 5.309687
6.417501 2.397430 4.699711
6.417501 2.397430 38.681711
6.417501 36.379430 4.699711
6.417501 36.379430 38.681711
6.961722 0.538275 5.389885
6.961722 34.520275 5.389885
8.495500 0.000000 4.247750
8.495500 0.000000 38.229750
8.495500 33.982000 4.247750
8.495500 33.982000 38.229750
16.856771 10.584543 10.584543
1.713712 10.729647 11.681313
35.695712 10.729647 11.681313
2.397430 10.573499 12.291289
36.379430 10.573499 12.291289
0.538275 10.029278 11.601115
34.520275 10.029278 11.601115
0.000000 8.495500 12.743250
33.982000 8.495500 12.743250
10.584543 0.134229 6.406457
10.584543 34.116229 6.406457
10.729647 15.277288 5.309687
10.573499 14.593570 4.699711
10.573499 14.593570 38.681711
10.090955 1.452731 6.900045
10.090955 35.434731 6.900045
9.197228 1.355882 7.233069
9.197228 35.337882 7.233069
10.096052 2.086495 6.177928
10.096052 36.068495 6.177928
10.663552 1.765365 7.603472
10.663552 35.747365 7.603472
10.029278 16.452725 5.389885
0.134229 6.406457 10.584543
34.116229 6.406457 10.584543
15.277288 6.261353 11.681313
14.593570 6.417501 12.291289
16.452725 6.961722 11.601115
10.584543 6.406457 0.134229
10.584543 6.406457 34.116229
11.681313 6.261353 15.277288
12.291289 6.417501 14.593570
11.601115 6.961722 16.452725
12.743250 8.495500 0.000000
12.743250 8.495500 33.982000
6.406457 6.406457 16.856771
6.261353 5.309687 1.713712
6.261353 5.309688 35.695712
6.417501 4.699711 2.397430
6.417501 4.699711 36.379430
6.417501 38.681711 2.397430
6.417501 38.681711 36.379430
6.961722 5.389885 0.538275
6.961722 5.389885 34.520275
8.495500 4.247750 0.000000
8.495500 4.247750 33.982000
8.495500 38.229750 0.000000
8.495500 38.229750 33.982000
6.406457 10.584543 0.134229
6.406457 10.584543 34.116229
5.309688 10.729647 15.277288
4.699711 10.573499 14.593570
38.681711 10.573499 14.593570
6.900045 10.090955 1.452731
6.900045 10.090955 35.434731
5.389885 10.029278 16.452725
4.247750 8.495500 0.000000
4.247750 8.495500 33.982000
38.229750 8.495500 0.000000
38.229750 8.495500 33.982000
10.584543 10.584543 16.856771
10.729647 11.681313 1.713712
10.729647 11.681313 35.695712
10.573499 12.291289 2.397430
10.573499 12.291289 36.379430
10.090955 10.090955 15.538270
9.197228 9.757931 15.635118
10.096052 10.813072 14.904505
10.663552 9.387528 15.225635
10.029278 11.601115 0.538275
10.029278 11.601115 34.520275
8.495500 12.743250 0.000000
8.495500 12.743250 33.982000
11.681313 10.729647 1.713712
11.681313 10.729647 35.695712
12.291289 10.573499 2.397430
12.291289 10.573499 36.379430
11.601115 10.029278 0.538275
11.601115 10.029278 34.520275
10.729647 5.309688 15.277288
10.573499 4.699711 14.593570
10.573499 38.681711 14.593570
10.029278 5.389885 16.452725
5.309687 6.261353 1.713712
5.309688 6.261353 35.695712
4.699711 6.417501 2.397430
4.699711 6.417501 36.379430
38.681711 6.417501 2.397430
38.681711 6.417501 36.379430
5.389885 6.961722 0.538275
5.389885 6.961722 34.520275
6.261353 11.681313 15.277288
6.417501 12.291289 14.593570
7.793772 9.757931 1.355882
7.793772 9.757931 35.337882
6.894948 10.813072 2.086495
6.894948 10.813072 36.068495
6.327448 9.387527 1.765365
6.327448 9.387528 35.747365
6.961722 11.601115 16.452725
15.277288 11.681313 6.261353
14.593570 12.291289 6.417501
16.452725 11.601115 6.961722
0.000000 12.743250 8.495500
33.982000 12.743250 8.495500
15.277288 5.309688 10.729647
14.593570 4.699711 10.573499
14.593570 38.681711 10.573499
16.452725 5.389885 10.029278
0.000000 4.247750 8.495500
0.000000 38.229750 8.495500
33.982000 4.247750 8.495500
33.982000 38.229750 8.495500
5.309687 1.713712 6.261353
5.309688 35.695712 6.261353
4.699711 2.397430 6.417501
4.699711 36.379430 6.417501
38.681711 2.397430 6.417501
38.681711 36.379430 6.417501
5.389885 0.538275 6.961722
5.389885 34.520275 6.961722
4.247750 0.000000 8.495500
4.247750 33.982000 8.495500
38.229750 0.000000 8.495500
38.229750 33.982000 8.495500
1.713712 11.681313 10.729647
35.695712 11.681313 10.729647
2.397430 12.291289 10.573499
36.379430 12.291289 10.573499
0.538275 11.601115 10.029278
34.520275 11.601115 10.029278
11.681313 15.277288 6.261353
12.291289 14.593570 6.417501
11.601115 16.452725 6.961722
12.743250 0.000000 8.495500
12.743250 33.982000 8.495500
1.713712 5.309687 6.261353
35.695712 5.309687 6.261353
2.397430 4.699711 6.417501
2.397430 38.681711 6.417501
36.379430 4.699711 6.417501
36.379430 38.681711 6.417501
0.538275 5.389885 6.961722
34.520275 5.389885 6.961722
5.309688 15.277288 10.729647
4.699711 14.593570 10.573499
38.681711 14.593570 10.573499
5.389885 16.452725 10.029278
11.681313 1.713712 10.729647
11.681313 35.695712 10.729647
12.291289 2.397430 10.573499
12.291289 36.379430 10.573499
11.601115 0.538275 10.029278
11.601115 34.520275 10.029278
14.901957 8.629729 2.089043
14.901957 8.629729 36.071043
14.756853 6.781788 3.185812
14.756853 6.781788 37.167812
14.913001 6.098070 3.795789
14.913001 6.098070 37.777789
15.457222 7.957225 3.105615
15.457222 7.957225 37.087615
8.629729 2.089043 14.901957
8.629729 36.071043 14.901957
6.781788 2.234147 13.805187
6.781788 36.216147 13.805187
6.098070 2.077999 13.195211
6.098070 36.059999 13.195211
7.957225 1.533778 13.885385
7.957225 35.515778 13.885385
2.089043 8.361271 2.089043
2.089043 8.361271 36.071043
36.071043 8.361271 2.089043
36.071043 8.361271 36.071043
2.234147 10.209212 3.185812
2.234147 10.209212 37.167812
36.216147 10.209212 3.185812
36.216147 10.209212 37.167812
2.077999 10.892930 3.795789
2.077999 10.892930 37.777789
36.059999 10.892930 3.795789
36.059999 10.892930 37.777789
1.595455 7.042769 1.595455
1.595455 7.042770 35.577455
35.577455 7.042769 1.595455
35.577455 7.042770 35.577455
0.701728 7.139618 1.262431
0.701728 7.139618 35.244431
34.683728 7.139618 1.262431
34.683728 7.139618 35.244431
1.600552 6.409005 2.317572
1.600552 6.409005 36.299572
35.582552 6.409005 2.317572
35.582552 6.409005 36.299572
2.168052 6.730135 0.892027
2.168052 6.730135 34.874028
36.150052 6.730135 0.892027
36.150052 6.730135 34.874028
1.533778 9.033775 3.105615
1.533778 9.033775 37.087615
35.515778 9.033775 3.105615
35.515778 9.033775 37.087615
8.361271 14.901957 14.901957
10.209212 14.756853 13.805187
10.892930 14.913001 13.195211
9.033775 15.457222 13.885385
14.901957 8.361271 14.901957
14.756853 10.209212 13.805187
14.913001 10.892930 13.195211
15.457222 9.033775 13.885385
8.361271 2.089043 2.089043
8.361271 2.089043 36.071043
8.361271 36.071043 2.089043
8.361271 36.071043 36.071043
10.209212 2.234147 3.185812
10.209212 2.234147 37.167812
10.209212 36.216147 3.185812
10.209212 36.216147 37.167812
10.892930 2.077999 3.795789
10.892930 2.077999 37.777789
10.892930 36.059999 3.795789
10.892930 36.059999 37.777789
9.033775 1.533778 3.105615
9.033775 1.533778 37.087615
9.033775 35.515778 3.105615
9.033775 35.515778 37.087615
2.089043 8.629729 14.901957
36.071043 8.629729 14.901957
2.234147 6.781788 13.805187
36.216147 6.781788 13.805187
2.077999 6.098070 13.195211
36.059999 6.098070 13.195211
1.533778 7.957225 13.885385
35.515778 7.957225 13.885385
8.629729 14.901957 2.089043
8.629729 14.901957 36.071043
6.781788 14.756853 3.185812
6.781788 14.756853 37.167812
6.098070 14.913001 3.795789
6.098070 14.913001 37.777789
7.957225 15.457222 3.105615
7.957225 15.457222 37.087615
2.089043 14.901957 8.629729
36.071043 14.901957 8.629729
3.185813 14.756853 6.781788
37.167812 14.756853 6.781788
3.795789 14.913001 6.098070
37.777789 14.913001 6.098070
1.595455 15.395545 9.948230
35.577455 15.395545 9.948230
3.105615 15.457222 7.957225
37.087615 15.457222 7.957225
14.901957 14.901957 8.361271
14.756853 13.805187 10.209212
14.913001 13.195211 10.892930
15.457222 13.885385 9.033775
14.901957 2.089043 8.629729
14.901957 36.071043 8.629729
13.805187 2.234147 6.781788
13.805187 36.216147 6.781788
13.195211 2.077999 6.098070
13.195211 36.059999 6.098070
13.885385 1.533778 7.957225
13.885385 35.515778 7.957225
2.089043 2.089043 8.361271
2.089043 36.071043 8.361271
36.071043 2.089043 8.361271
36.071043 36.071043 8.361271
2.234147 3.185813 10.209212
2.234147 37.167812 10.209212
36.216147 3.185813 10.209212
36.216147 37.167812 10.209212
2.077999 3.795789 10.892930
2.077999 37.777789 10.892930
36.059999 3.795789 10.892930
36.059999 37.777789 10.892930
1.533778 3.105615 9.033775
1.533778 37.087615 9.033775
35.515778 3.105615 9.033775
35.515778 37.087615 9.033775
3.185813 2.234147 10.209212
3.185813 36.216147 10.209212
37.167812 2.234147 10.209212
37.167812 36.216147 10.209212
3.795789 2.077999 10.892930
3.795789 36.059999 10.892930
37.777789 2.077999 10.892930
37.777789 36.059999 10.892930
3.105615 1.533778 9.033775
3.105615 35.515778 9.033775
37.087615 1.533778 9.033775
37.087615 35.515778 9.033775
2.234147 13.805187 6.781788
36.216147 13.805187 6.781788
2.077999 13.195211 6.098070
36.059999 13.195211 6.098070
0.701728 15.728569 9.851382
34.683728 15.728569 9.851382
1.600552 14.673428 10.581995
35.582552 14.673428 10.581995
2.168052 16.098972 10.260865
36.150052 16.098972 10.260865
1.533778 13.885385 7.957225
35.515778 13.885385 7.957225
13.805187 14.756853 10.209212
13.195211 14.913001 10.892930
13.885385 15.457222 9.033775
14.756853 3.185813 6.781788
14.756853 37.167812 6.781788
14.913001 3.795789 6.098070
14.913001 37.777789 6.098070
15.457222 3.105615 7.957225
15.457222 37.087615 7.957225
6.781788 3.185813 14.756853
6.781788 37.167812 14.756853
6.098070 3.795789 14.913001
6.098070 37.777789 14.913001
7.957225 3.105615 15.457222
7.957225 37.087615 15.457222
6.781788 13.805187 2.234147
6.781788 13.805187 36.216147
6.098070 13.195211 2.077999
6.098070 13.195211 36.059999
7.957225 13.885385 1.533778
7.957225 13.885385 35.515778
13.805187 10.209212 14.756853
13.195211 10.892930 14.913001
13.885385 9.033775 15.457222
10.209212 3.185812 2.234147
10.209212 3.185813 36.216147
10.209212 37.167812 2.234147
10.209212 37.167812 36.216147
10.892930 3.795789 2.077999
10.892930 3.795789 36.059999
10.892930 37.777789 2.077999
10.892930 37.777789 36.059999
9.033775 3.105615 1.533778
9.033775 3.105615 35.515778
9.033775 37.087615 1.533778
9.033775 37.087615 35.515778
3.185813 6.781788 14.756853
37.167812 6.781788 14.756853
3.795789 6.098070 14.913001
37.777789 6.098070 14.913001
3.105615 7.957225 15.457222
37.087615 7.957225 15.457222
10.209212 13.805187 14.756853
10.892930 13.195211 14.913001
9.033775 13.885385 15.457222
13.805187 6.781788 2.234147
13.805187 6.781788 36.216147
13.195211 6.098070 2.077999
13.195211 6.098070 36.059999
13.885385 7.957225 1.533778
13.885385 7.957225 35.515778
3.185813 10.209212 2.234147
3.185813 10.209212 36.216147
37.167812 10.209212 2.234147
37.167812 10.209212 36.216147
3.795789 10.892930 2.077999
3.795789 10.892930 36.059999
37.777789 10.892930 2.077999
37.777789 10.892930 36.059999
3.105615 9.033775 1.533778
3.105615 9.033775 35.515778
37.087615 9.033775 1.533778
37.087615 9.033775 35.515778
1.433393 10.098194 6.892806
35.415393 10.098194 6.892806
2.342912 10.885835 7.094625
36.324912 10.885835 7.094625
1.602092 8.906915 7.094625
35.584092 8.906915 7.094625
15.388306 15.388306 7.062107
14.843052 16.337197 6.522998
16.337197 14.843052 6.522998
1.602694 1.602694 7.062107
1.602694 35.584694 7.062107
35.584694 1.602694 7.062107
35.584694 35.584694 7.062107
2.147948 0.653803 6.522998
2.147948 34.635803 6.522998
36.129948 0.653803 6.522998
36.129948 34.635803 6.522998
0.653803 2.147948 6.522998
0.653803 36.129948 6.522998
34.635803 2.147948 6.522998
34.635803 36.129948 6.522998
6.892806 1.433393 10.098194
6.892806 35.415393 10.098194
6.105165 2.342912 9.896375
6.105165 36.324912 9.896375
8.084085 1.602092 9.896375
8.084085 35.584092 9.896375
1.433393 6.892806 10.098194
35.415393 6.892806 10.098194
1.602092 8.084085 9.896375
35.584092 8.084085 9.896375
2.342912 6.105165 9.896375
36.324912 6.105165 9.896375
1.602694 9.928893 15.388306
35.584694 9.928893 15.388306
0.411415 10.097592 15.590125
34.393415 10.097592 15.590125
2.390335 10.838412 15.590125
36.372335 10.838412 15.590125
7.062107 15.388306 15.388306
6.152588 14.600665 15.590125
6.893408 16.579585 15.590125
9.928893 15.388306 1.602694
9.928893 15.388306 35.584694
10.097592 16.579585 1.400875
10.097592 16.579585 35.382875
10.838412 14.600665 1.400875
10.838412 14.600665 35.382875
15.388306 1.602694 9.928893
15.388306 35.584694 9.928893
16.337197 2.147948 10.468002
16.337197 36.129948 10.468002
14.843052 0.653803 10.468002
14.843052 34.635803 10.468002
10.098194 6.892806 1.433393
10.098194 6.892806 35.415393
9.149303 6.347552 1.972502
9.149303 6.347552 35.954502
10.643448 7.841697 1.972502
10.643448 7.841697 35.954502
9.928893 1.602694 15.388306
9.928893 35.584694 15.388306
10.838412 2.390335 15.590125
10.838412 36.372335 15.590125
10.097592 0.411415 15.590125
10.097592 34.393415 15.590125
6.892806 15.557607 6.892806
8.084085 15.388908 7.094625
6.105165 14.648088 7.094625
15.388306 7.062107 15.388306
16.579585 6.893408 15.590125
14.600665 6.152588 15.590125
10.098194 15.557607 10.098194
10.885835 14.648088 9.896375
8.906915 15.388908 9.896375
15.388306 9.928893 1.602694
15.388306 9.928893 35.584694
14.600665 10.838412 1.400875
14.600665 10.838412 35.382875
16.579585 10.097592 1.400875
16.579585 10.097592 35.382875
15.557607 10.098194 10.098194
15.388908 8.906915 9.896375
14.648088 10.885835 9.896375
6.892806 6.892806 15.557607
6.347552 7.841697 15.018498
7.841697 6.347552 15.018498
7.062107 1.602694 1.602694
7.062107 1.602694 35.584694
7.062107 35.584694 1.602694
7.062107 35.584694 35.584694
6.893408 0.411415 1.400875
6.893408 0.411415 35.382875
6.893408 34.393415 1.400875
6.893408 34.393415 35.382875
6.152588 2.390335 1.400875
6.152588 2.390335 35.382875
6.152588 36.372335 1.400875
6.152588 36.372335 35.382875
6.406457 0.134229 27.575543
6.406457 34.116229 27.575543
6.261353 15.277288 28.672313
6.417501 14.593570 -4.699711
6.417501 14.593570 29.282289
6.961722 16.452725 28.592115
8.495500 -0.000000 -4.247750
8.495500 0.000000 29.734250
8.495500 33.982000 -4.247750
8.495500 33.982000 29.734250
0.134229 10.584543 23.397457
34.116229 10.584543 23.397457
15.277288 10.729647 22.300687
14.593570 10.573499 21.690711
16.452725 10.029278 22.380885
0.000000 8.495500 21.238750
33.982000 8.495500 21.238750
10.584543 16.856771 27.575543
10.729647 1.713712 28.672313
10.729647 35.695712 28.672313
10.573499 2.397430 -4.699711
10.573499 2.397430 29.282289
10.573499 36.379430 -4.699711
10.573499 36.379430 29.282289
10.029278 0.538275 28.592115
10.029278 34.520275 28.592115
16.856771 6.406457 23.397457
1.713712 6.261353 22.300687
35.695712 6.261353 22.300687
2.397430 6.417501 21.690711
36.379430 6.417501 21.690711
15.538270 6.900045 23.891045
15.635118 7.793772 24.224069
14.904505 6.894948 23.168928
15.225635 6.327448 24.594472
0.538275 6.961722 22.380885
34.520275 6.961722 22.380885
6.406457 16.856771 23.397457
6.261353 1.713712 22.300687
6.261353 35.695712 22.300687
6.417501 2.397430 21.690711
6.417501 36.379430 21.690711
6.961722 0.538275 22.380885
6.961722 34.520275 22.380885
8.495500 0.000000 21.238750
8.495500 33.982000 21.238750
16.856771 10.584543 27.575543
1.713712 10.729647 28.672313
35.695712 10.729647 28.672313
2.397430 10.573499 -4.699711
2.397430 10.573499 29.282289
36.379430 10.573499 -4.699711
36.379430 10.573499 29.282289
0.538275 10.029278 28.592115
34.520275 10.029278 28.592115
0.000000 8.495500 -4.247750
0.000000 8.495500 29.734250
33.982000 8.495500 -4.247750
33.982000 8.495500 29.734250
10.584543 0.134229 23.397457
10.584543 34.116229 23.397457
10.729647 15.277288 22.300687
10.573499 14.593570 21.690711
10.090955 1.452731 23.891045
10.090955 35.434731 23.891045
9.197228 1.355882 24.224069
9.197228 35.337882 24.224069
10.096052 2.086495 23.168928
10.096052 36.068495 23.168928
10.663552 1.765365 24.594472
10.663552 35.747365 24.594472
10.029278 16.452725 22.380885
0.134229 6.406457 27.575543
34.116229 6.406457 27.575543
15.277288 6.261353 28.672313
14.593570 6.417501 -4.699711
14.593570 6.417501 29.282289
16.452725 6.961722 28.592115
10.584543 6.406457 17.125229
11.681313 6.261353 -1.713712
11.681313 6.261353 32.268288
12.291289 6.417501 -2.397430
12.291289 6.417501 31.584570
11.601115 6.961722 -0.538275
11.601115 6.961722 33.443725
12.743250 8.495500 16.991000
6.406457 6.406457 -0.134229
6.406457 6.406457 33.847771
6.261353 5.309688 18.704712
6.417501 4.699711 19.388430
6.417501 38.681711 19.388430
6.961722 5.389885 17.529275
8.495500 4.247750 16.991000
8.495500 38.229750 16.991000
6.406457 10.584543 17.125229
5.309688 10.729647 -1.713712
5.309688 10.729647 32.268288
4.699711 10.573499 -2.397430
4.699711 10.573499 31.584570
38.681711 10.573499 -2.397430
38.681711 10.573499 31.584570
6.900045 10.090955 18.443730
5.389885 10.029278 -0.538275
5.389885 10.029278 33.443725
4.247750 8.495500 16.991000
38.229750 8.495500 16.991000
10.584543 10.584543 -0.134229
10.584543 10.584543 33.847771
10.729647 11.681313 18.704712
10.573499 12.291289 19.388430
10.090955 10.090955 -1.452731
10.090955 10.090955 32.529269
9.197228 9.757931 -1.355882
9.197228 9.757931 32.626118
10.096052 10.813072 -2.086495
10.096052 10.813072 31.895505
10.663552 9.387527 -1.765365
10.663552 9.387527 32.216635
10.029278 11.601115 17.529275
8.495500 12.743250 16.991000
11.681313 10.729647 18.704712
12.291289 10.573499 19.388430
11.601115 10.029278 17.529275
10.729647 5.309687 -1.713712
10.729647 5.309688 32.268288
10.573499 4.699711 -2.397430
10.573499 4.699711 31.584570
10.573499 38.681711 -2.397430
10.573499 38.681711 31.584570
10.029278 5.389885 -0.538275
10.029278 5.389885 33.443725
5.309688 6.261353 18.704712
4.699711 6.417501 19.388430
38.681711 6.417501 19.388430
5.389885 6.961722 17.529275
6.261353 11.681313 -1.713712
6.261353 11.681313 32.268288
6.417501 12.291289 -2.397430
6.417501 12.291289 31.584570
7.793772 9.757931 18.346882
6.894948 10.813072 19.077495
6.327448 9.387527 18.756365
6.961722 11.601115 -0.538275
6.961722 11.601115 33.443725
15.277288 11.681313 23.252353
14.593570 12.291289 23.408501
16.452725 11.601115 23.952722
0.000000 12.743250 25.486500
33.982000 12.743250 25.486500
15.277288 5.309688 27.720647
14.593570 4.699711 27.564499
14.593570 38.681711 27.564499
16.452725 5.389885 27.020278
0.000000 4.247750 25.486500
0.000000 38.229750 25.486500
33.982000 4.247750 25.486500
33.982000 38.229750 25.486500
5.309688 1.713712 23.252353
5.309688 35.695712 23.252353
4.699711 2.397430 23.408501
4.699711 36.379430 23.408501
38.681711 2.397430 23.408501
38.681711 36.379430 23.408501
5.389885 0.538275 23.952722
5.389885 34.520275 23.952722
4.247750 0.000000 25.486500
4.247750 33.982000 25.486500
38.229750 0.000000 25.486500
38.229750 33.982000 25.486500
1.713712 11.681313 27.720647
35.695712 11.681313 27.720647
2.397430 12.291289 27.564499
36.379430 12.291289 27.564499
0.538275 11.601115 27.020278
34.520275 11.601115 27.020278
11.681313 15.277288 23.252353
12.291289 14.593570 23.408501
11.601115 16.452725 23.952722
12.743250 0.000000 25.486500
12.743250 33.982000 25.486500
1.713712 5.309688 23.252353
35.695712 5.309688 23.252353
2.397430 4.699711 23.408501
2.397430 38.681711 23.408501
36.379430 4.699711 23.408501
36.379430 38.681711 23.408501
0.538275 5.389885 23.952722
34.520275 5.389885 23.952722
5.309688 15.277288 27.720647
4.699711 14.593570 27.564499
38.681711 14.593570 27.564499
5.389885 16.452725 27.020278
11.681313 1.713712 27.720647
11.681313 35.695712 27.720647
12.291289 2.397430 27.564499
12.291289 36.379430 27.564499
11.601115 0.538275 27.020278
11.601115 34.520275 27.020278
14.901957 8.629729 19.080043
14.756853 6.781788 20.176813
14.913001 6.098070 20.786789
15.457222 7.957225 20.096615
8.629729 2.089043 -2.089043
8.629729 2.089043 31.892957
8.629729 36.071043 -2.089043
8.629729 36.071043 31.892957
6.781788 2.234147 -3.185813
6.781788 2.234147 30.796187
6.781788 36.216147 -3.185813
6.781788 36.216147 30.796187
6.098070 2.077999 -3.795789
6.098070 2.077999 30.186211
6.098070 36.059999 -3.795789
6.098070 36.059999 30.186211
7.957225 1.533778 -3.105615
7.957225 1.533778 30.876385
7.957225 35.515778 -3.105615
7.957225 35.515778 30.876385
2.089043 8.361271 19.080043
36.071043 8.361271 19.080043
2.234147 10.209212 20.176813
36.216147 10.209212 20.176813
2.077999 10.892930 20.786789
36.059999 10.892930 20.786789
1.595455 7.042770 18.586455
35.577455 7.042770 18.586455
0.701728 7.139618 18.253431
34.683728 7.139618 18.253431
1.600552 6.409005 19.308572
35.582552 6.409005 19.308572
2.168052 6.730135 17.883028
36.150052 6.730135 17.883028
1.533778 9.033775 20.096615
35.515778 9.033775 20.096615
8.361271 14.901957 -2.089043
8.361271 14.901957 31.892957
10.209212 14.756853 -3.185813
10.209212 14.756853 30.796187
10.892930 14.913001 -3.795789
10.892930 14.913001 30.186211
9.033775 15.457222 -3.105615
9.033775 15.457222 30.876385
14.901957 8.361271 -2.089043
14.901957 8.361271 31.892957
14.756853 10.209212 -3.185813
14.756853 10.209212 30.796187
14.913001 10.892930 -3.795789
14.913001 10.892930 30.186211
15.457222 9.033775 -3.105615
15.457222 9.033775 30.876385
8.361271 2.089043 19.080043
8.361271 36.071043 19.080043
10.209212 2.234147 20.176813
10.209212 36.216147 20.176813
10.892930 2.077999 20.786789
10.892930 36.059999 20.786789
9.033775 1.533778 20.096615
9.033775 35.515778 20.096615
2.089043 8.629729 -2.089043
2.089043 8.629729 31.892957
36.071043 8.629729 -2.089043
36.071043 8.629729 31.892957
2.234147 6.781788 -3.185813
2.234147 6.781788 30.796187
36.216147 6.781788 -3.185813
36.216147 6.781788 30.796187
2.077999 6.098070 -3.795789
2.077999 6.098070 30.186211
36.059999 6.098070 -3.795789
36.059999 6.098070 30.186211
1.533778 7.957225 -3.105615
1.533778 7.957225 30.876385
35.515778 7.957225 -3.105615
35.515778 7.957225 30.876385
8.629729 14.901957 19.080043
6.781788 14.756853 20.176813
6.098070 14.913001 20.786789
7.957225 15.457222 20.096615
2.089043 14.901957 25.620729
36.071043 14.901957 25.620729
3.185813 14.756853 23.772788
37.167812 14.756853 23.772788
3.795789 14.913001 23.089070
37.777789 14.913001 23.089070
1.595455 15.395545 26.939230
35.577455 15.395545 26.939230
3.105615 15.457222 24.948225
37.087615 15.457222 24.948225
14.901957 14.901957 25.352271
14.756853 13.805187 27.200212
14.913001 13.195211 27.883930
15.457222 13.885385 26.024775
14.901957 2.089043 25.620729
14.901957 36.071043 25.620729
13.805187 2.234147 23.772788
13.805187 36.216147 23.772788
13.195211 2.077999 23.089070
13.195211 36.059999 23.089070
13.885385 1.533778 24.948225
13.885385 35.515778 24.948225
2.089043 2.089043 25.352271
2.089043 36.071043 25.352271
36.071043 2.089043 25.352271
36.071043 36.071043 25.352271
2.234147 3.185813 27.200212
2.234147 37.167812 27.200212
36.216147 3.185813 27.200212
36.216147 37.167812 27.200212
2.077999 3.795789 27.883930
2.077999 37.777789 27.883930
36.059999 3.795789 27.883930
36.059999 37.777789 27.883930
1.533778 3.105615 26.024775
1.533778 37.087615 26.024775
35.515778 3.105615 26.024775
35.515778 37.087615 26.024775
3.185813 2.234147 27.200212
3.185813 36.216147 27.200212
37.167812 2.234147 27.200212
37.167812 36.216147 27.200212
3.795789 2.077999 27.883930
3.795789 36.059999 27.883930
37.777789 2.077999 27.883930
37.777789 36.059999 27.883930
3.105615 1.533778 26.024775
3.105615 35.515778 26.024775
37.087615 1.533778 26.024775
37.087615 35.515778 26.024775
2.234147 13.805187 23.772788
36.216147 13.805187 23.772788
2.077999 13.195211 23.089070
36.059999 13.195211 23.089070
0.701728 15.728569 26.842382
34.683728 15.728569 26.842382
1.600552 14.673428 27.572995
35.582552 14.673428 27.572995
2.168052 16.098972 27.251865
36.150052 16.098972 27.251865
1.533778 13.885385 24.948225
35.515778 13.885385 24.948225
13.805187 14.756853 27.200212
13.195211 14.913001 27.883930
13.885385 15.457222 26.024775
14.756853 3.185813 23.772788
14.756853 37.167812 23.772788
14.913001 3.795789 23.089070
14.913001 37.777789 23.089070
15.457222 3.105615 24.948225
15.457222 37.087615 24.948225
6.781788 3.185812 -2.234147
6.781788 3.185813 31.747853
6.781788 37.167812 -2.234147
6.781788 37.167812 31.747853
6.098070 3.795789 -2.077999
6.098070 3.795789 31.904001
6.098070 37.777789 -2.077999
6.098070 37.777789 31.904001
7.957225 3.105615 -1.533778
7.957225 3.105615 32.448222
7.957225 37.087615 -1.533778
7.957225 37.087615 32.448222
6.781788 13.805187 19.225147
6.098070 13.195211 19.068999
7.957225 13.885385 18.524778
13.805187 10.209212 -2.234147
13.805187 10.209212 31.747853
13.195211 10.892930 -2.077999
13.195211 10.892930 31.904001
13.885385 9.033775 -1.533778
13.885385 9.033775 32.448222
10.209212 3.185813 19.225147
10.209212 37.167812 19.225147
10.892930 3.795789 19.068999
10.892930 37.777789 19.068999
9.033775 3.105615 18.524778
9.033775 37.087615 18.524778
3.185812 6.781788 -2.234147
3.185813 6.781788 31.747853
37.167812 6.781788 -2.234147
37.167812 6.781788 31.747853
3.795789 6.098070 -2.077999
3.795789 6.098070 31.904001
37.777789 6.098070 -2.077999
37.777789 6.098070 31.904001
3.105615 7.957225 -1.533778
3.105615 7.957225 32.448222
37.087615 7.957225 -1.533778
37.087615 7.957225 32.448222
10.209212 13.805187 -2.234147
10.209212 13.805187 31.747853
10.892930 13.195211 -2.077999
10.892930 13.195211 31.904001
9.033775 13.885385 -1.533778
9.033775 13.885385 32.448222
13.805187 6.781788 19.225147
13.195211 6.098070 19.068999
13.885385 7.957225 18.524778
3.185813 10.209212 19.225147
37.167812 10.209212 19.225147
3.795789 10.892930 19.068999
37.777789 10.892930 19.068999
3.105615 9.033775 18.524778
37.087615 9.033775 18.524778
1.433393 10.098194 23.883806
35.415393 10.098194 23.883806
2.342912 10.885835 24.085625
36.324912 10.885835 24.085625
1.602092 8.906915 24.085625
35.584092 8.906915 24.085625
15.388306 15.388306 24.053107
14.843052 16.337197 23.513998
16.337197 14.843052 23.513998
1.602694 1.602694 24.053107
1.602694 35.584694 24.053107
35.584694 1.602694 24.053107
35.584694 35.584694 24.053107
2.147948 0.653803 23.513998
2.147948 34.635803 23.513998
36.129948 0.653803 23.513998
36.129948 34.635803 23.513998
0.653803 2.147948 23.513998
0.653803 36.129948 23.513998
34.635803 2.147948 23.513998
34.635803 36.129948 23.513998
6.892806 1.433393 27.089194
6.892806 35.415393 27.089194
6.105165 2.342912 26.887375
6.105165 36.324912 26.887375
8.084085 1.602092 26.887375
8.084085 35.584092 26.887375
1.433393 6.892806 27.089194
35.415393 6.892806 27.089194
1.602092 8.084085 26.887375
35.584092 8.084085 26.887375
2.342912 6.105165 26.887375
36.324912 6.105165 26.887375
1.602694 9.928893 -1.602694
1.602694 9.928893 32.379306
35.584694 9.928893 -1.602694
35.584694 9.928893 32.379306
0.411415 10.097592 -1.400875
0.411415 10.097592 32.581125
34.393415 10.097592 -1.400875
34.393415 10.097592 32.581125
2.390335 10.838412 -1.400875
2.390335 10.838412 32.581125
36.372335 10.838412 -1.400875
36.372335 10.838412 32.581125
7.062107 15.388306 -1.602694
7.062107 15.388306 32.379306
6.152588 14.600665 -1.400875
6.152588 14.600665 32.581125
6.893408 16.579585 -1.400875
6.893408 16.579585 32.581125
9.928893 15.388306 18.593694
10.097592 16.579585 18.391875
10.838412 14.600665 18.391875
15.388306 1.602694 26.919893
15.388306 35.584694 26.919893
16.337197 2.147948 27.459002
16.337197 36.129948 27.459002
14.843052 0.653803 27.459002
14.843052 34.635803 27.459002
10.098194 6.892806 18.424393
9.149303 6.347552 18.963502
10.643448 7.841697 18.963502
9.928893 1.602694 -1.602694
9.928893 1.602694 32.379306
9.928893 35.584694 -1.602694
9.928893 35.584694 32.379306
10.838412 2.390335 -1.400875
10.838412 2.390335 32.581125
10.838412 36.372335 -1.400875
10.838412 36.372335 32.581125
10.097592 0.411415 -1.400875
10.097592 0.411415 32.581125
10.097592 34.393415 -1.400875
10.097592 34.393415 32.581125
6.892806 15.557607 23.883806
8.084085 15.388908 24.085625
6.105165 14.648088 24.085625
15.388306 7.062107 -1.602694
15.388306 7.062107 32.379306
16.579585 6.893408 -1.400875
16.579585 6.893408 32.581125
14.600665 6.152588 -1.400875
14.600665 6.152588 32.581125
10.098194 15.557607 27.089194
10.885835 14.648088 26.887375
8.906915 15.388908 26.887375
15.388306 9.928893 18.593694
14.600665 10.838412 18.391875
16.579585 10.097592 18.391875
15.557607 10.098194 27.089194
15.388908 8.906915 26.887375
14.648088 10.885835 26.887375
6.892806 6.892806 -1.433393
6.892806 6.892806 32.548607
6.347552 7.841697 -1.972502
6.347552 7.841697 32.009498
7.841697 6.347552 -1.972502
7.841697 6.347552 32.009498
7.062107 1.602694 18.593694
7.062107 35.584694 18.593694
6.893408 0.411415 18.391875
6.893408 34.393415 18.391875
6.152588 2.390335 18.391875
6.152588 36.372335 18.391875
6.406457 17.125229 10.584543
6.261353 -1.713712 11.681313
6.261353 32.268288 11.681313
6.417501 -2.397430 12.291289
6.417501 31.584570 12.291289
6.961722 -0.538275 11.601115
6.961722 33.443725 11.601115
8.495500 16.991000 12.743250
0.134229 27.575543 6.406457
34.116229 27.575543 6.406457
15.277288 27.720647 5.309687
14.593570 27.564499 4.699711
14.593570 27.564499 38.681711
16.452725 27.020278 5.389885
0.000000 25.486500 4.247750
0.000000 25.486500 38.229750
33.982000 25.486500 4.247750
33.982000 25.486500 38.229750
10.584543 -0.134229 10.584543
10.584543 33.847771 10.584543
10.729647 18.704712 11.681313
10.573499 19.388430 12.291289
10.029278 17.529275 11.601115
16.856771 23.397457 6.406457
1.713712 23.252353 5.309687
35.695712 23.252353 5.309687
2.397430 23.408501 4.699711
2.397430 23.408501 38.681711
36.379430 23.408501 4.699711
36.379430 23.408501 38.681711
15.538270 23.891045 6.900045
15.635118 24.784772 7.233069
14.904505 23.885948 6.177928
15.225635 23.318448 7.603472
0.538275 23.952722 5.389885
34.520275 23.952722 5.389885
6.406457 -0.134229 6.406457
6.406457 33.847771 6.406457
6.261353 18.704712 5.309687
6.417501 19.388430 4.699711
6.417501 19.388430 38.681711
6.961722 17.529275 5.389885
8.495500 16.991000 4.247750
8.495500 16.991000 38.229750
16.856771 27.575543 10.584543
1.713712 27.720647 11.681313
35.695712 27.720647 11.681313
2.397430 27.564499 12.291289
36.379430 27.564499 12.291289
0.538275 27.020278 11.601115
34.520275 27.020278 11.601115
0.000000 25.486500 12.743250
33.982000 25.486500 12.743250
10.584543 17.125229 6.406457
10.729647 -1.713712 5.309687
10.729647 32.268288 5.309687
10.573499 -2.397430 4.699711
10.573499 -2.397430 38.681711
10.573499 31.584570 4.699711
10.573499 31.584570 38.681711
10.090955 18.443730 6.900045
9.197228 18.346882 7.233069
10.096052 19.077495 6.177928
10.663552 18.756365 7.603472
10.029278 -0.538275 5.389885
10.029278 33.443725 5.389885
0.134229 23.397457 10.584543
34.116229 23.397457 10.584543
15.277288 23.252353 11.681313
14.593570 23.408501 12.291289
16.452725 23.952722 11.601115
10.584543 23.397457 0.134229
10.584543 23.397457 34.116229
11.681313 23.252353 15.277288
12.291289 23.408501 14.593570
11.601115 23.952722 16.452725
12.743250 25.486500 0.000000
12.743250 25.486500 33.982000
6.406457 23.397457 16.856771
6.261353 22.300687 1.713712
6.261353 22.300688 35.695712
6.417501 21.690711 2.397430
6.417501 21.690711 36.379430
6.961722 22.380885 0.538275
6.961722 22.380885 34.520275
8.495500 21.238750 0.000000
8.495500 21.238750 33.982000
6.406457 27.575543 0.134229
6.406457 27.575543 34.116229
5.309688 27.720647 15.277288
4.699711 27.564499 14.593570
38.681711 27.564499 14.593570
6.900045 27.081955 1.452731
6.900045 27.081955 35.434731
5.389885 27.020278 16.452725
4.247750 25.486500 0.000000
4.247750 25.486500 33.982000
38.229750 25.486500 0.000000
38.229750 25.486500 33.982000
10.584543 27.575543 16.856771
10.729647 28.672313 1.713712
10.729647 28.672313 35.695712
10.573499 -4.699711 2.397430
10.573499 -4.699711 36.379430
10.573499 29.282289 2.397430
10.573499 29.282289 36.379430
10.090955 27.081955 15.538270
9.197228 26.748931 15.635118
10.096052 27.804072 14.904505
10.663552 26.378528 15.225635
10.029278 28.592115 0.538275
10.029278 28.592115 34.520275
8.495500 -4.247750 0.000000
8.495500 -4.247750 33.982000
8.495500 29.734250 0.000000
8.495500 29.734250 33.982000
11.681313 27.720647 1.713712
11.681313 27.720647 35.695712
12.291289 27.564499 2.397430
12.291289 27.564499 36.379430
11.601115 27.020278 0.538275
11.601115 27.020278 34.520275
10.729647 22.300687 15.277288
10.573499 21.690711 14.593570
10.029278 22.380885 16.452725
5.309688 23.252353 1.713712
5.309688 23.252353 35.695712
4.699711 23.408501 2.397430
4.699711 23.408501 36.379430
38.681711 23.408501 2.397430
38.681711 23.408501 36.379430
5.389885 23.952722 0.538275
5.389885 23.952722 34.520275
6.261353 28.672313 15.277288
6.417501 -4.699711 14.593570
6.417501 29.282289 14.593570
7.793772 26.748931 1.355882
7.793772 26.748931 35.337882
6.894948 27.804072 2.086495
6.894948 27.804072 36.068495
6.327448 26.378528 1.765365
6.327448 26.378528 35.747365
6.961722 28.592115 16.452725
15.277288 28.672313 6.261353
14.593570 -4.699711 6.417501
14.593570 29.282289 6.417501
16.452725 28.592115 6.961722
0.000000 -4.247750 8.495500
0.000000 29.734250 8.495500
33.982000 -4.247750 8.495500
33.982000 29.734250 8.495500
15.277288 22.300687 10.729647
14.593570 21.690711 10.573499
16.452725 22.380885 10.029278
0.000000 21.238750 8.495500
33.982000 21.238750 8.495500
5.309688 18.704712 6.261353
4.699711 19.388430 6.417501
38.681711 19.388430 6.417501
5.389885 17.529275 6.961722
4.247750 16.991000 8.495500
38.229750 16.991000 8.495500
1.713712 28.672313 10.729647
35.695712 28.672313 10.729647
2.397430 -4.699711 10.573499
2.397430 29.282289 10.573499
36.379430 -4.699711 10.573499
36.379430 29.282289 10.573499
0.538275 28.592115 10.029278
34.520275 28.592115 10.029278
11.681313 -1.713712 6.261353
11.681313 32.268288 6.261353
12.291289 -2.397430 6.417501
12.291289 31.584570 6.417501
11.601115 -0.538275 6.961722
11.601115 33.443725 6.961722
12.743250 16.991000 8.495500
1.713712 22.300687 6.261353
35.695712 22.300687 6.261353
2.397430 21.690711 6.417501
36.379430 21.690711 6.417501
0.538275 22.380885 6.961722
34.520275 22.380885 6.961722
5.309688 -1.713712 10.729647
5.309688 32.268288 10.729647
4.699711 -2.397430 10.573499
4.699711 31.584570 10.573499
38.681711 -2.397430 10.573499
38.681711 31.584570 10.573499
5.389885 -0.538275 10.029278
5.389885 33.443725 10.029278
11.681313 18.704712 10.729647
12.291289 19.388430 10.573499
11.601115 17.529275 10.029278
14.901957 25.620729 2.089043
14.901957 25.620729 36.071043
14.756853 23.772788 3.185812
14.756853 23.772788 37.167812
14.913001 23.089070 3.795789
14.913001 23.089070 37.777789
15.457222 24.948225 3.105615
15.457222 24.948225 37.087615
8.629729 19.080043 14.901957
6.781788 19.225147 13.805187
6.098070 19.068999 13.195211
7.957225 18.524778 13.885385
2.089043 25.352271 2.089043
2.089043 25.352271 36.071043
36.071043 25.352271 2.089043
36.071043 25.352271 36.071043
2.234147 27.200212 3.185812
2.234147 27.200212 37.167812
36.216147 27.200212 3.185812
36.216147 27.200212 37.167812
2.077999 27.883930 3.795789
2.077999 27.883930 37.777789
36.059999 27.883930 3.795789
36.059999 27.883930 37.777789
1.595455 24.033769 1.595455
1.595455 24.033770 35.577455
35.577455 24.033769 1.595455
35.577455 24.033770 35.577455
0.701728 24.130618 1.262431
0.701728 24.130618 35.244431
34.683728 24.130618 1.262431
34.683728 24.130618 35.244431
1.600552 23.400005 2.317572
1.600552 23.400005 36.299572
35.582552 23.400005 2.317572
35.582552 23.400005 36.299572
2.168052 23.721135 0.892027
2.168052 23.721135 34.874028
36.150052 23.721135 0.892027
36.150052 23.721135 34.874028
1.533778 26.024775 3.105615
1.533778 26.024775 37.087615
35.515778 26.024775 3.105615
35.515778 26.024775 37.087615
8.361271 -2.089043 14.901957
8.361271 31.892957 14.901957
10.209212 -2.234147 13.805187
10.209212 31.747853 13.805187
10.892930 -2.077999 13.195211
10.892930 31.904001 13.195211
9.033775 -1.533778 13.885385
9.033775 32.448222 13.885385
14.901957 25.352271 14.901957
14.756853 27.200212 13.805187
14.913001 27.883930 13.195211
15.457222 26.024775 13.885385
8.361271 19.080043 2.089043
8.361271 19.080043 36.071043
10.209212 19.225147 3.185812
10.209212 19.225147 37.167812
10.892930 19.068999 3.795789
10.892930 19.068999 37.777789
9.033775 18.524778 3.105615
9.033775 18.524778 37.087615
2.089043 25.620729 14.901957
36.071043 25.620729 14.901957
2.234147 23.772788 13.805187
36.216147 23.772788 13.805187
2.077999 23.089070 13.195211
36.059999 23.089070 13.195211
1.533778 24.948225 13.885385
35.515778 24.948225 13.885385
8.629729 -2.089043 2.089043
8.629729 -2.089043 36.071043
8.629729 31.892957 2.089043
8.629729 31.892957 36.071043
6.781788 -2.234147 3.185812
6.781788 -2.234147 37.167812
6.781788 31.747853 3.185812
6.781788 31.747853 37.167812
6.098070 -2.077999 3.795789
6.098070 -2.077999 37.777789
6.098070 31.904001 3.795789
6.098070 31.904001 37.777789
7.957225 -1.533778 3.105615
7.957225 -1.533778 37.087615
7.957225 32.448222 3.105615
7.957225 32.448222 37.087615
2.089043 -2.089043 8.629729
2.089043 31.892957 8.629729
36.071043 -2.089043 8.629729
36.071043 31.892957 8.629729
3.185812 -2.234147 6.781788
3.185813 31.747853 6.781788
37.167812 -2.234147 6.781788
37.167812 31.747853 6.781788
3.795789 -2.077999 6.098070
3.795789 31.904001 6.098070
37.777789 -2.077999 6.098070
37.777789 31.904001 6.098070
1.595455 -1.595455 9.948230
1.595455 32.386545 9.948230
35.577455 -1.595455 9.948230
35.577455 32.386545 9.948230
3.105615 -1.533778 7.957225
3.105615 32.448222 7.957225
37.087615 -1.533778 7.957225
37.087615 32.448222 7.957225
14.901957 -2.089043 8.361271
14.901957 31.892957 8.361271
14.756853 -3.185813 10.209212
14.756853 30.796187 10.209212
14.913001 -3.795789 10.892930
14.913001 30.186211 10.892930
15.457222 -3.105615 9.033775
15.457222 30.876385 9.033775
14.901957 19.080043 8.629729
13.805187 19.225147 6.781788
13.195211 19.068999 6.098070
13.885385 18.524778 7.957225
2.089043 19.080043 8.361271
36.071043 19.080043 8.361271
2.234147 20.176813 10.209212
36.216147 20.176813 10.209212
2.077999 20.786789 10.892930
36.059999 20.786789 10.892930
1.533778 20.096615 9.033775
35.515778 20.096615 9.033775
3.185813 19.225147 10.209212
37.167812 19.225147 10.209212
3.795789 19.068999 10.892930
37.777789 19.068999 10.892930
3.105615 18.524778 9.033775
37.087615 18.524778 9.033775
2.234147 -3.185813 6.781788
2.234147 30.796187 6.781788
36.216147 -3.185813 6.781788
36.216147 30.796187 6.781788
2.077999 -3.795789 6.098070
2.077999 30.186211 6.098070
36.059999 -3.795789 6.098070
36.059999 30.186211 6.098070
0.701728 -1.262431 9.851382
0.701728 32.719569 9.851382
34.683728 -1.262431 9.851382
34.683728 32.719569 9.851382
1.600552 -2.317572 10.581995
1.600552 31.664428 10.581995
35.582552 -2.317572 10.581995
35.582552 31.664428 10.581995
2.168052 -0.892028 10.260865
2.168052 33.089972 10.260865
36.150052 -0.892028 10.260865
36.150052 33.089972 10.260865
1.533778 -3.105615 7.957225
1.533778 30.876385 7.957225
35.515778 -3.105615 7.957225
35.515778 30.876385 7.957225
13.805187 -2.234147 10.209212
13.805187 31.747853 10.209212
13.195211 -2.077999 10.892930
13.195211 31.904001 10.892930
13.885385 -1.533778 9.033775
13.885385 32.448222 9.033775
14.756853 20.176813 6.781788
14.913001 20.786789 6.098070
15.457222 20.096615 7.957225
6.781788 20.176813 14.756853
6.098070 20.786789 14.913001
7.957225 20.096615 15.457222
6.781788 -3.185813 2.234147
6.781788 -3.185813 36.216147
6.781788 30.796187 2.234147
6.781788 30.796187 36.216147
6.098070 -3.795789 2.077999
6.098070 -3.795789 36.059999
6.098070 30.186211 2.077999
6.098070 30.186211 36.059999
7.957225 -3.105615 1.533778
7.957225 -3.105615 35.515778
7.957225 30.876385 1.533778
7.957225 30.876385 35.515778
13.805187 27.200212 14.756853
13.195211 27.883930 14.913001
13.885385 26.024775 15.457222
10.209212 20.176813 2.234147
10.209212 20.176813 36.216147
10.892930 20.786789 2.077999
10.892930 20.786789 36.059999
9.033775 20.096615 1.533778
9.033775 20.096615 35.515778
3.185813 23.772788 14.756853
37.167812 23.772788 14.756853
3.795789 23.089070 14.913001
37.777789 23.089070 14.913001
3.105615 24.948225 15.457222
37.087615 24.948225 15.457222
10.209212 -3.185813 14.756853
10.209212 30.796187 14.756853
10.892930 -3.795789 14.913001
10.892930 30.186211 14.913001
9.033775 -3.105615 15.457222
9.033775 30.876385 15.457222
13.805187 23.772788 2.234147
13.805187 23.772788 36.216147
13.195211 23.089070 2.077999
13.195211 23.089070 36.059999
13.885385 24.948225 1.533778
13.885385 24.948225 35.515778
3.185813 27.200212 2.234147
3.185813 27.200212 36.216147
37.167812 27.200212 2.234147
37.167812 27.200212 36.216147
3.795789 27.883930 2.077999
3.795789 27.883930 36.059999
37.777789 27.883930 2.077999
37.777789 27.883930 36.059999
3.105615 26.024775 1.533778
3.105615 26.024775 35.515778
37.087615 26.024775 1.533778
37.087615 26.024775 35.515778
1.433393 27.089194 6.892806
35.415393 27.089194 6.892806
2.342912 27.876835 7.094625
36.324912 27.876835 7.094625
1.602092 25.897915 7.094625
35.584092 25.897915 7.094625
15.388306 -1.602694 7.062107
15.388306 32.379306 7.062107
14.843052 -0.653803 6.522998
14.843052 33.328197 6.522998
16.337197 -2.147948 6.522998
16.337197 31.834052 6.522998
1.602694 18.593694 7.062107
35.584694 18.593694 7.062107
2.147948 17.644803 6.522998
36.129948 17.644803 6.522998
0.653803 19.138948 6.522998
34.635803 19.138948 6.522998
6.892806 18.424393 10.098194
6.105165 19.333912 9.896375
8.084085 18.593092 9.896375
1.433393 23.883806 10.098194
35.415393 23.883806 10.098194
1.602092 25.075085 9.896375
35.584092 25.075085 9.896375
2.342912 23.096165 9.896375
36.324912 23.096165 9.896375
1.602694 26.919893 15.388306
35.584694 26.919893 15.388306
0.411415 27.088592 15.590125
34.393415 27.088592 15.590125
2.390335 27.829412 15.590125
36.372335 27.829412 15.590125
7.062107 -1.602694 15.388306
7.062107 32.379306 15.388306
6.152588 -2.390335 15.590125
6.152588 31.591665 15.590125
6.893408 -0.411415 15.590125
6.893408 33.570585 15.590125
9.928893 -1.602694 1.602694
9.928893 -1.602694 35.584694
9.928893 32.379306 1.602694
9.928893 32.379306 35.584694
10.097592 -0.411415 1.400875
10.097592 -0.411415 35.382875
10.097592 33.570585 1.400875
10.097592 33.570585 35.382875
10.838412 -2.390335 1.400875
10.838412 -2.390335 35.382875
10.838412 31.591665 1.400875
10.838412 31.591665 35.382875
15.388306 18.593694 9.928893
16.337197 19.138948 10.468002
14.843052 17.644803 10.468002
10.098194 23.883806 1.433393
10.098194 23.883806 35.415393
9.149303 23.338552 1.972502
9.149303 23.338552 35.954502
10.643448 24.832697 1.972502
10.643448 24.832697 35.954502
9.928893 18.593694 15.388306
10.838412 19.381335 15.590125
10.097592 17.402415 15.590125
6.892806 -1.433393 6.892806
6.892806 32.548607 6.892806
8.084085 -1.602092 7.094625
8.084085 32.379908 7.094625
6.105165 -2.342912 7.094625
6.105165 31.639088 7.094625
15.388306 24.053107 15.388306
16.579585 23.884408 15.590125
14.600665 23.143588 15.590125
10.098194 -1.433393 10.098194
10.098194 32.548607 10.098194
10.885835 -2.342912 9.896375
10.885835 31.639088 9.896375
8.906915 -1.602092 9.896375
8.906915 32.379908 9.896375
15.388306 26.919893 1.602694
15.388306 26.919893 35.584694
14.600665 27.829412 1.400875
14.600665 27.829412 35.382875
16.579585 27.088592 1.400875
16.579585 27.088592 35.382875
15.557607 27.089194 10.098194
15.388908 25.897915 9.896375
14.648088 27.876835 9.896375
6.892806 23.883806 15.557607
6.347552 24.832697 15.018498
7.841697 23.338552 15.018498
7.062107 18.593694 1.602694
7.062107 18.593694 35.584694
6.893408 17.402415 1.400875
6.893408 17.402415 35.382875
6.152588 19.381335 1.400875
6.152588 19.381335 35.382875
6.406457 17.125229 27.575543
6.261353 -1.713712 28.672313
6.261353 32.268288 28.672313
6.417501 -2.397430 -4.699711
6.417501 -2.397430 29.282289
6.417501 31.584570 -4.699711
6.417501 31.584570 29.282289
6.961722 -0.538275 28.592115
6.961722 33.443725 28.592115
8.495500 16.991000 -4.247750
8.495500 16.991000 29.734250
0.134229 27.575543 23.397457
34.116229 27.575543 23.397457
15.277288 27.720647 22.300687
14.593570 27.564499 21.690711
16.452725 27.020278 22.380885
0.000000 25.486500 21.238750
33.982000 25.486500 21.238750
10.584543 -0.134229 27.575543
10.584543 33.847771 27.575543
10.729647 18.704712 28.672313
10.573499 19.388430 -4.699711
10.573499 19.388430 29.282289
10.029278 17.529275 28.592115
16.856771 23.397457 23.397457
1.713712 23.252353 22.300687
35.695712 23.252353 22.300687
2.397430 23.408501 21.690711
36.379430 23.408501 21.690711
15.538270 23.891045 23.891045
15.635118 24.784772 24.224069
14.904505 23.885948 23.168928
15.225635 23.318448 24.594472
0.538275 23.952722 22.380885
34.520275 23.952722 22.380885
6.406457 -0.134229 23.397457
6.406457 33.847771 23.397457
6.261353 18.704712 22.300687
6.417501 19.388430 21.690711
6.961722 17.529275 22.380885
8.495500 16.991000 21.238750
16.856771 27.575543 27.575543
1.713712 27.720647 28.672313
35.695712 27.720647 28.672313
2.397430 27.564499 -4.699711
2.397430 27.564499 29.282289
36.379430 27.564499 -4.699711
36.379430 27.564499 29.282289
0.538275 27.020278 28.592115
34.520275 27.020278 28.592115
0.000000 25.486500 -4.247750
0.000000 25.486500 29.734250
33.982000 25.486500 -4.247750
33.982000 25.486500 29.734250
10.584543 17.125229 23.397457
10.729647 -1.713712 22.300687
10.729647 32.268288 22.300687
10.573499 -2.397430 21.690711
10.573499 31.584570 21.690711
10.090955 18.443730 23.891045
9.197228 18.346882 24.224069
10.096052 19.077495 23.168928
10.663552 18.756365 24.594472
10.029278 -0.538275 22.380885
10.029278 33.443725 22.380885
0.134229 23.397457 27.575543
34.116229 23.397457 27.575543
15.277288 23.252353 28.672313
14.593570 23.408501 -4.699711
14.593570 23.408501 29.282289
16.452725 23.952722 28.592115
10.584543 23.397457 17.125229
11.681313 23.252353 -1.713712
11.681313 23.252353 32.268288
12.291289 23.408501 -2.397430
12.291289 23.408501 31.584570
11.601115 23.952722 -0.538275
11.601115 23.952722 33.443725
12.743250 25.486500 16.991000
6.406457 23.397457 -0.134229
6.406457 23.397457 33.847771
6.261353 22.300687 18.704712
6.417501 21.690711 19.388430
6.961722 22.380885 17.529275
8.495500 21.238750 16.991000
6.406457 27.575543 17.125229
5.309688 27.720647 -1.713712
5.309688 27.720647 32.268288
4.699711 27.564499 -2.397430
4.699711 27.564499 31.584570
38.681711 27.564499 -2.397430
38.681711 27.564499 31.584570
6.900045 27.081955 18.443730
5.389885 27.020278 -0.538275
5.389885 27.020278 33.443725
4.247750 25.486500 16.991000
38.229750 25.486500 16.991000
10.584543 27.575543 -0.134229
10.584543 27.575543 33.847771
10.729647 28.672313 18.704712
10.573499 -4.699711 19.388430
10.573499 29.282289 19.388430
10.090955 27.081955 -1.452731
10.090955 27.081955 32.529269
9.197228 26.748931 -1.355882
9.197228 26.748931 32.626118
10.096052 27.804072 -2.086495
10.096052 27.804072 31.895505
10.663552 26.378528 -1.765365
10.663552 26.378528 32.216635
10.029278 28.592115 17.529275
8.495500 -4.247750 16.991000
8.495500 29.734250 16.991000
11.681313 27.720647 18.704712
12.291289 27.564499 19.388430
11.601115 27.020278 17.529275
10.729647 22.300687 -1.713712
10.729647 22.300687 32.268288
10.573499 21.690711 -2.397430
10.573499 21.690711 31.584570
10.029278 22.380885 -0.538275
10.029278 22.380885 33.443725
5.309688 23.252353 18.704712
4.699711 23.408501 19.388430
38.681711 23.408501 19.388430
5.389885 23.952722 17.529275
6.261353 28.672313 -1.713712
6.261353 28.672313 32.268288
6.417501 -4.699711 -2.397430
6.417501 -4.699711 31.584570
6.417501 29.282289 -2.397430
6.417501 29.282289 31.584570
7.793772 26.748931 18.346882
6.894948 27.804072 19.077495
6.327448 26.378528 18.756365
6.961722 28.592115 -0.538275
6.961722 28.592115 33.443725
15.277288 28.672313 23.252353
14.593570 -4.699711 23.408501
14.593570 29.282289 23.408501
16.452725 28.592115 23.952722
0.000000 -4.247750 25.486500
0.000000 29.734250 25.486500
33.982000 -4.247750 25.486500
33.982000 29.734250 25.486500
15.277288 22.300687 27.720647
14.593570 21.690711 27.564499
16.452725 22.380885 27.020278
0.000000 21.238750 25.486500
33.982000 21.238750 25.486500
5.309688 18.704712 23.252353
4.699711 19.388430 23.408501
38.681711 19.388430 23.408501
5.389885 17.529275 23.952722
4.247750 16.991000 25.486500
38.229750 16.991000 25.486500
1.713712 28.672313 27.720647
35.695712 28.672313 27.720647
2.397430 -4.699711 27.564499
2.397430 29.282289 27.564499
36.379430 -4.699711 27.564499
36.379430 29.282289 27.564499
0.538275 28.592115 27.020278
34.520275 28.592115 27.020278
11.681313 -1.713712 23.252353
11.681313 32.268288 23.252353
12.291289 -2.397430 23.408501
12.291289 31.584570 23.408501
11.601115 -0.538275 23.952722
11.601115 33.443725 23.952722
12.743250 16.991000 25.486500
1.713712 22.300687 23.252353
35.695712 22.300687 23.252353
2.397430 21.690711 23.408501
36.379430 21.690711 23.408501
0.538275 22.380885 23.952722
34.520275 22.380885 23.952722
5.309688 -1.713712 27.720647
5.309688 32.268288 27.720647
4.699711 -2.397430 27.564499
4.699711 31.584570 27.564499
38.681711 -2.397430 27.564499
38.681711 31.584570 27.564499
5.389885 -0.538275 27.020278
5.389885 33.443725 27.020278
11.681313 18.704712 27.720647
12.291289 19.388430 27.564499
11.601115 17.529275 27.020278
14.901957 25.620729 19.080043
14.756853 23.772788 20.176813
14.913001 23.089070 20.786789
15.457222 24.948225 20.096615
8.629729 19.080043 -2.089043
8.629729 19.080043 31.892957
6.781788 19.225147 -3.185813
6.781788 19.225147 30.796187
6.098070 19.068999 -3.795789
6.098070 19.068999 30.186211
7.957225 18.524778 -3.105615
7.957225 18.524778 30.876385
2.089043 25.352271 19.080043
36.071043 25.352271 19.080043
2.234147 27.200212 20.176813
36.216147 27.200212 20.176813
2.077999 27.883930 20.786789
36.059999 27.883930 20.786789
1.595455 24.033769 18.586455
35.577455 24.033769 18.586455
0.701728 24.130618 18.253431
34.683728 24.130618 18.253431
1.600552 23.400005 19.308572
35.582552 23.400005 19.308572
2.168052 23.721135 17.883028
36.150052 23.721135 17.883028
1.533778 26.024775 20.096615
35.515778 26.024775 20.096615
8.361271 -2.089043 -2.089043
8.361271 -2.089043 31.892957
8.361271 31.892957 -2.089043
8.361271 31.892957 31.892957
10.209212 -2.234147 -3.185813
10.209212 -2.234147 30.796187
10.209212 31.747853 -3.185813
10.209212 31.747853 30.796187
10.892930 -2.077999 -3.795789
10.892930 -2.077999 30.186211
10.892930 31.904001 -3.795789
10.892930 31.904001 30.186211
9.033775 -1.533778 -3.105615
9.033775 -1.533778 30.876385
9.033775 32.448222 -3.105615
9.033775 32.448222 30.876385
14.901957 25.352271 -2.089043
14.901957 25.352271 31.892957
14.756853 27.200212 -3.185813
14.756853 27.200212 30.796187
14.913001 27.883930 -3.795789
14.913001 27.883930 30.186211
15.457222 26.024775 -3.105615
15.457222 26.024775 30.876385
8.361271 19.080043 19.080043
10.209212 19.225147 20.176813
10.892930 19.068999 20.786789
9.033775 18.524778 20.096615
2.089043 25.620729 -2.089043
2.089043 25.620729 31.892957
36.071043 25.620729 -2.089043
36.071043 25.620729 31.892957
2.234147 23.772788 -3.185813
2.234147 23.772788 30.796187
36.216147 23.772788 -3.185813
36.216147 23.772788 30.796187
2.077999 23.089070 -3.795789
2.077999 23.089070 30.186211
36.059999 23.089070 -3.795789
36.059999 23.089070 30.186211
1.533778 24.948225 -3.105615
1.533778 24.948225 30.876385
35.515778 24.948225 -3.105615
35.515778 24.948225 30.876385
8.629729 -2.089043 19.080043
8.629729 31.892957 19.080043
6.781788 -2.234147 20.176813
6.781788 31.747853 20.176813
6.098070 -2.077999 20.786789
6.098070 31.904001 20.786789
7.957225 -1.533778 20.096615
7.957225 32.448222 20.096615
2.089043 -2.089043 25.620729
2.089043 31.892957 25.620729
36.071043 -2.089043 25.620729
36.071043 31.892957 25.620729
3.185813 -2.234147 23.772788
3.185813 31.747853 23.772788
37.167812 -2.234147 23.772788
37.167812 31.747853 23.772788
3.795789 -2.077999 23.089070
3.795789 31.904001 23.089070
37.777789 -2.077999 23.089070
37.777789 31.904001 23.089070
1.595455 -1.595455 26.939230
1.595455 32.386545 26.939230
35.577455 -1.595455 26.939230
35.577455 32.386545 26.939230
3.105615 -1.533778 24.948225
3.105615 32.448222 24.948225
37.087615 -1.533778 24.948225
37.087615 32.448222 24.948225
14.901957 -2.089043 25.352271
14.901957 31.892957 25.352271
14.756853 -3.185813 27.200212
14.756853 30.796187 27.200212
14.913001 -3.795789 27.883930
14.913001 30.186211 27.883930
15.457222 -3.105615 26.024775
15.457222 30.876385 26.024775
14.901957 19.080043 25.620729
13.805187 19.225147 23.772788
13.195211 19.068999 23.089070
13.885385 18.524778 24.948225
2.089043 19.080043 25.352271
36.071043 19.080043 25.352271
2.234147 20.176813 27.200212
36.216147 20.176813 27.200212
2.077999 20.786789 27.883930
36.059999 20.786789 27.883930
1.533778 20.096615 26.024775
35.515778 20.096615 26.024775
3.185813 19.225147 27.200212
37.167812 19.225147 27.200212
3.795789 19.068999 27.883930
37.777789 19.068999 27.883930
3.105615 18.524778 26.024775
37.087615 18.524778 26.024775
2.234147 -3.185813 23.772788
2.234147 30.796187 23.772788
36.216147 -3.185813 23.772788
36.216147 30.796187 23.772788
2.077999 -3.795789 23.089070
2.077999 30.186211 23.089070
36.059999 -3.795789 23.089070
36.059999 30.186211 23.089070
0.701728 -1.262431 26.842382
0.701728 32.719569 26.842382
34.683728 -1.262431 26.842382
34.683728 32.719569 26.842382
1.600552 -2.317572 27.572995
1.600552 31.664428 27.572995
35.582552 -2.317572 27.572995
35.582552 31.664428 27.572995
2.168052 -0.892028 27.251865
2.168052 33.089972 27.251865
36.150052 -0.892028 27.251865
36.150052 33.089972 27.251865
1.533778 -3.105615 24.948225
1.533778 30.876385 24.948225
35.515778 -3.105615 24.948225
35.515778 30.876385 24.948225
13.805187 -2.234147 27.200212
13.805187 31.747853 27.200212
13.195211 -2.077999 27.883930
13.195211 31.904001 27.883930
13.885385 -1.533778 26.024775
13.885385 32.448222 26.024775
14.756853 20.176813 23.772788
14.913001 20.786789 23.089070
15.457222 20.096615 24.948225
6.781788 20.176813 -2.234147
6.781788 20.176813 31.747853
6.098070 20.786789 -2.077999
6.098070 20.786789 31.904001
7.957225 20.096615 -1.533778
7.957225 20.096615 32.448222
6.781788 -3.185813 19.225147
6.781788 30.796187 19.225147
6.098070 -3.795789 19.068999
6.098070 30.186211 19.068999
7.957225 -3.105615 18.524778
7.957225 30.876385 18.524778
13.805187 27.200212 -2.234147
13.805187 27.200212 31.747853
13.195211 27.883930 -2.077999
13.195211 27.883930 31.904001
13.885385 26.024775 -1.533778
13.885385 26.024775 32.448222
10.209212 20.176813 19.225147
10.892930 20.786789 19.068999
9.033775 20.096615 18.524778
3.185813 23.772788 -2.234147
3.185813 23.772788 31.747853
37.167812 23.772788 -2.234147
37.167812 23.772788 31.747853
3.795789 23.089070 -2.077999
3.795789 23.089070 31.904001
37.777789 23.089070 -2.077999
37.777789 23.089070 31.904001
3.105615 24.948225 -1.533778
3.105615 24.948225 32.448222
37.087615 24.948225 -1.533778
37.087615 24.948225 32.448222
10.209212 -3.185813 -2.234147
10.209212 -3.185813 31.747853
10.209212 30.796187 -2.234147
10.209212 30.796187 31.747853
10.892930 -3.795789 -2.077999
10.892930 -3.795789 31.904001
10.892930 30.186211 -2.077999
10.892930 30.186211 31.904001
9.033775 -3.105615 -1.533778
9.033775 -3.105615 32.448222
9.033775 30.876385 -1.533778
9.033775 30.876385 32.448222
13.805187 23.772788 19.225147
13.195211 23.089070 19.068999
13.885385 24.948225 18.524778
3.185813 27.200212 19.225147
37.167812 27.200212 19.225147
3.795789 27.883930 19.068999
37.777789 27.883930 19.068999
3.105615 26.024775 18.524778
37.087615 26.024775 18.524778
1.433393 27.089194 23.883806
35.415393 27.089194 23.883806
2.342912 27.876835 24.085625
36.324912 27.876835 24.085625
1.602092 25.897915 24.085625
35.584092 25.897915 24.085625
15.388306 -1.602694 24.053107
15.388306 32.379306 24.053107
14.843052 -0.653803 23.513998
14.843052 33.328197 23.513998
16.337197 -2.147948 23.513998
16.337197 31.834052 23.513998
1.602694 18.593694 24.053107
35.584694 18.593694 24.053107
2.147948 17.644803 23.513998
36.129948 17.644803 23.513998
0.653803 19.138948 23.513998
34.635803 19.138948 23.513998
6.892806 18.424393 27.089194
6.105165 19.333912 26.887375
8.084085 18.593092 26.887375
1.433393 23.883806 27.089194
35.415393 23.883806 27.089194
1.602092 25.075085 26.887375
35.584092 25.075085 26.887375
2.342912 23.096165 26.887375
36.324912 23.096165 26.887375
1.602694 26.919893 -1.602694
1.602694 26.919893 32.379306
35.584694 26.919893 -1.602694
35.584694 26.919893 32.379306
0.411415 27.088592 -1.400875
0.411415 27.088592 32.581125
34.393415 27.088592 -1.400875
34.393415 27.088592 32.581125
2.390335 27.829412 -1.400875
2.390335 27.829412 32.581125
36.372335 27.829412 -1.400875
36.372335 27.829412 32.581125
7.062107 -1.602694 -1.602694
7.062107 -1.602694 32.379306
7.062107 32.379306 -1.602694
7.062107 32.379306 32.379306
6.152588 -2.390335 -1.400875
6.152588 -2.390335 32.581125
6.152588 31.591665 -1.400875
6.152588 31.591665 32.581125
6.893408 -0.411415 -1.400875
6.893408 -0.411415 32.581125
6.893408 33.570585 -1.400875
6.893408 33.570585 32.581125
9.928893 -1.602694 18.593694
9.928893 32.379306 18.593694
10.097592 -0.411415 18.391875
10.097592 33.570585 18.391875
10.838412 -2.390335 18.391875
10.838412 31.591665 18.391875
15.388306 18.593694 26.919893
16.337197 19.138948 27.459002
14.843052 17.644803 27.459002
10.098194 23.883806 18.424393
9.149303 23.338552 18.963502
10.643448 24.832697 18.963502
9.928893 18.593694 -1.602694
9.928893 18.593694 32.379306
10.838412 19.381335 -1.400875
10.838412 19.381335 32.581125
10.097592 17.402415 -1.400875
10.097592 17.402415 32.581125
6.892806 -1.433393 23.883806
6.892806 32.548607 23.883806
8.084085 -1.602092 24.085625
8.084085 32.379908 24.085625
6.105165 -2.342912 24.085625
6.105165 31.639088 24.085625
15.388306 24.053107 -1.602694
15.388306 24.053107 32.379306
16.579585 23.884408 -1.400875
16.579585 23.884408 32.581125
14.600665 23.143588 -1.400875
14.600665 23.143588 32.581125
10.098194 -1.433393 27.089194
10.098194 32.548607 27.089194
10.885835 -2.342912 26.887375
10.885835 31.639088 26.887375
8.906915 -1.602092 26.887375
8.906915 32.379908 26.887375
15.388306 26.919893 18.593694
14.600665 27.829412 18.391875
16.579585 27.088592 18.391875
15.557607 27.089194 27.089194
15.388908 25.897915 26.887375
14.648088 27.876835 26.887375
6.892806 23.883806 -1.433393
6.892806 23.883806 32.548607
6.347552 24.832697 -1.972502
6.347552 24.832697 32.009498
7.841697 23.338552 -1.972502
7.841697 23.338552 32.009498
7.062107 18.593694 18.593694
6.893408 17.402415 18.391875
6.152588 19.381335 18.391875
23.397457 0.134229 10.584543
23.397457 34.116229 10.584543
23.252353 15.277288 11.681313
23.408501 14.593570 12.291289
23.952722 16.452725 11.601115
25.486500 0.000000 12.743250
25.486500 33.982000 12.743250
17.125229 10.584543 6.406457
-1.713712 10.729647 5.309687
32.268288 10.729647 5.309687
-2.397430 10.573499 4.699711
-2.397430 10.573499 38.681711
31.584570 10.573499 4.699711
31.584570 10.573499 38.681711
-0.538275 10.029278 5.389885
33.443725 10.029278 5.389885
16.991000 8.495500 4.247750
16.991000 8.495500 38.229750
27.575543 16.856771 10.584543
27.720647 1.713712 11.681313
27.720647 35.695712 11.681313
27.564499 2.397430 12.291289
27.564499 36.379430 12.291289
27.020278 0.538275 11.601115
27.020278 34.520275 11.601115
-0.134229 6.406457 6.406457
33.847771 6.406457 6.406457
18.704712 6.261353 5.309687
19.388430 6.417501 4.699711
19.388430 6.417501 38.681711
-1.452731 6.900045 6.900045
32.529269 6.900045 6.900045
-1.355882 7.793772 7.233069
32.626118 7.793772 7.233069
-2.086495 6.894948 6.177928
31.895505 6.894948 6.177928
-1.765365 6.327448 7.603472
32.216635 6.327448 7.603472
17.529275 6.961722 5.389885
23.397457 16.856771 6.406457
23.252353 1.713712 5.309687
23.252353 35.695712 5.309687
23.408501 2.397430 4.699711
23.408501 2.397430 38.681711
23.408501 36.379430 4.699711
23.408501 36.379430 38.681711
23.952722 0.538275 5.389885
23.952722 34.520275 5.389885
25.486500 0.000000 4.247750
25.486500 0.000000 38.229750
25.486500 33.982000 4.247750
25.486500 33.982000 38.229750
-0.134229 10.584543 10.584543
33.847771 10.584543 10.584543
18.704712 10.729647 11.681313
19.388430 10.573499 12.291289
17.529275 10.029278 11.601115
16.991000 8.495500 12.743250
27.575543 0.134229 6.406457
27.575543 34.116229 6.406457
27.720647 15.277288 5.309687
27.564499 14.593570 4.699711
27.564499 14.593570 38.681711
27.081955 1.452731 6.900045
27.081955 35.434731 6.900045
26.188228 1.355882 7.233069
26.188228 35.337882 7.233069
27.087052 2.086495 6.177928
27.087052 36.068495 6.177928
27.654552 1.765365 7.603472
27.654552 35.747365 7.603472
27.020278 16.452725 5.389885
17.125229 6.406457 10.584543
-1.713712 6.261353 11.681313
32.268288 6.261353 11.681313
-2.397430 6.417501 12.291289
31.584570 6.417501 12.291289
-0.538275 6.961722 11.601115
33.443725 6.961722 11.601115
27.575543 6.406457 0.134229
27.575543 6.406457 34.116229
28.672313 6.261353 15.277288
-4.699711 6.417501 14.593570
29.282289 6.417501 14.593570
28.592115 6.961722 16.452725
-4.247750 8.495500 0.000000
-4.247750 8.495500 33.982000
29.734250 8.495500 0.000000
29.734250 8.495500 33.982000
23.397457 6.406457 16.856771
23.252353 5.309687 1.713712
23.252353 5.309688 35.695712
23.408501 4.699711 2.397430
23.408501 4.699711 36.379430
23.408501 38.681711 2.397430
23.408501 38.681711 36.379430
23.952722 5.389885 0.538275
23.952722 5.389885 34.520275
25.486500 4.247750 0.000000
25.486500 4.247750 33.982000
25.486500 38.229750 0.000000
25.486500 38.229750 33.982000
23.397457 10.584543 0.134229
23.397457 10.584543 34.116229
22.300687 10.729647 15.277288
21.690711 10.573499 14.593570
23.891045 10.090955 1.452731
23.891045 10.090955 35.434731
22.380885 10.029278 16.452725
21.238750 8.495500 0.000000
21.238750 8.495500 33.982000
27.575543 10.584543 16.856771
27.720647 11.681313 1.713712
27.720647 11.681313 35.695712
27.564499 12.291289 2.397430
27.564499 12.291289 36.379430
27.081955 10.090955 15.538270
26.188228 9.757931 15.635118
27.087052 10.813072 14.904505
27.654552 9.387528 15.225635
27.020278 11.601115 0.538275
27.020278 11.601115 34.520275
25.486500 12.743250 0.000000
25.486500 12.743250 33.982000
28.672313 10.729647 1.713712
28.672313 10.729647 35.695712
-4.699711 10.573499 2.397430
-4.699711 10.573499 36.379430
29.282289 10.573499 2.397430
29.282289 10.573499 36.379430
28.592115 10.029278 0.538275
28.592115 10.029278 34.520275
27.720647 5.309688 15.277288
27.564499 4.699711 14.593570
27.564499 38.681711 14.593570
27.020278 5.389885 16.452725
22.300687 6.261353 1.713712
22.300688 6.261353 35.695712
21.690711 6.417501 2.397430
21.690711 6.417501 36.379430
22.380885 6.961722 0.538275
22.380885 6.961722 34.520275
23.252353 11.681313 15.277288
23.408501 12.291289 14.593570
24.784772 9.757931 1.355882
24.784772 9.757931 35.337882
23.885948 10.813072 2.086495
23.885948 10.813072 36.068495
23.318448 9.387527 1.765365
23.318448 9.387528 35.747365
23.952722 11.601115 16.452725
-1.713712 11.681313 6.261353
32.268288 11.681313 6.261353
-2.397430 12.291289 6.417501
31.584570 12.291289 6.417501
-0.538275 11.601115 6.961722
33.443725 11.601115 6.961722
16.991000 12.743250 8.495500
-1.713712 5.309688 10.729647
32.268288 5.309688 10.729647
-2.397430 4.699711 10.573499
-2.397430 38.681711 10.573499
31.584570 4.699711 10.573499
31.584570 38.681711 10.573499
-0.538275 5.389885 10.029278
33.443725 5.389885 10.029278
16.991000 4.247750 8.495500
16.991000 38.229750 8.495500
22.300687 1.713712 6.261353
22.300688 35.695712 6.261353
21.690711 2.397430 6.417501
21.690711 36.379430 6.417501
22.380885 0.538275 6.961722
22.380885 34.520275 6.961722
21.238750 0.000000 8.495500
21.238750 33.982000 8.495500
18.704712 11.681313 10.729647
19.388430 12.291289 10.573499
17.529275 11.601115 10.029278
28.672313 15.277288 6.261353
-4.699711 14.593570 6.417501
29.282289 14.593570 6.417501
28.592115 16.452725 6.961722
-4.247750 0.000000 8.495500
-4.247750 33.982000 8.495500
29.734250 0.000000 8.495500
29.734250 33.982000 8.495500
18.704712 5.309687 6.261353
19.388430 4.699711 6.417501
19.388430 38.681711 6.417501
17.529275 5.389885 6.961722
22.300687 15.277288 10.729647
21.690711 14.593570 10.573499
22.380885 16.452725 10.029278
28.672313 1.713712 10.729647
28.672313 35.695712 10.729647
-4.699711 2.397430 10.573499
-4.699711 36.379430 10.573499
29.282289 2.397430 10.573499
29.282289 36.379430 10.573499
28.592115 0.538275 10.029278
28.592115 34.520275 10.029278
-2.089043 8.629729 2.089043
-2.089043 8.629729 36.071043
31.892957 8.629729 2.089043
31.892957 8.629729 36.071043
-2.234147 6.781788 3.185812
-2.234147 6.781788 37.167812
31.747853 6.781788 3.185812
31.747853 6.781788 37.167812
-2.077999 6.098070 3.795789
-2.077999 6.098070 37.777789
31.904001 6.098070 3.795789
31.904001 6.098070 37.777789
-1.533778 7.957225 3.105615
-1.533778 7.957225 37.087615
32.448222 7.957225 3.105615
32.448222 7.957225 37.087615
25.620729 2.089043 14.901957
25.620729 36.071043 14.901957
23.772788 2.234147 13.805187
23.772788 36.216147 13.805187
23.089070 2.077999 13.195211
23.089070 36.059999 13.195211
24.948225 1.533778 13.885385
24.948225 35.515778 13.885385
19.080043 8.361271 2.089043
19.080043 8.361271 36.071043
19.225147 10.209212 3.185812
19.225147 10.209212 37.167812
19.068999 10.892930 3.795789
19.068999 10.892930 37.777789
18.586455 7.042769 1.595455
18.586455 7.042770 35.577455
17.692728 7.139618 1.262431
17.692728 7.139618 35.244431
18.591552 6.409005 2.317572
18.591552 6.409005 36.299572
19.159052 6.730135 0.892027
19.159052 6.730135 34.874028
18.524778 9.033775 3.105615
18.524778 9.033775 37.087615
25.352271 14.901957 14.901957
27.200212 14.756853 13.805187
27.883930 14.913001 13.195211
26.024775 15.457222 13.885385
-2.089043 8.361271 14.901957
31.892957 8.361271 14.901957
-2.234147 10.209212 13.805187
31.747853 10.209212 13.805187
-2.077999 10.892930 13.195211
31.904001 10.892930 13.195211
-1.533778 9.033775 13.885385
32.448222 9.033775 13.885385
25.352271 2.089043 2.089043
25.352271 2.089043 36.071043
25.352271 36.071043 2.089043
25.352271 36.071043 36.071043
27.200212 2.234147 3.185812
27.200212 2.234147 37.167812
27.200212 36.216147 3.185812
27.200212 36.216147 37.167812
27.883930 2.077999 3.795789
27.883930 2.077999 37.777789
27.883930 36.059999 3.795789
27.883930 36.059999 37.777789
26.024775 1.533778 3.105615
26.024775 1.533778 37.087615
26.024775 35.515778 3.105615
26.024775 35.515778 37.087615
19.080043 8.629729 14.901957
19.225147 6.781788 13.805187
19.068999 6.098070 13.195211
18.524778 7.957225 13.885385
25.620729 14.901957 2.089043
25.620729 14.901957 36.071043
23.772788 14.756853 3.185812
23.772788 14.756853 37.167812
23.089070 14.913001 3.795789
23.089070 14.913001 37.777789
24.948225 15.457222 3.105615
24.948225 15.457222 37.087615
19.080043 14.901957 8.629729
20.176813 14.756853 6.781788
20.786789 14.913001 6.098070
18.586455 15.395545 9.948230
20.096615 15.457222 7.957225
-2.089043 14.901957 8.361271
31.892957 14.901957 8.361271
-2.234147 13.805187 10.209212
31.747853 13.805187 10.209212
-2.077999 13.195211 10.892930
31.904001 13.195211 10.892930
-1.533778 13.885385 9.033775
32.448222 13.885385 9.033775
-2.089043 2.089043 8.629729
-2.089043 36.071043 8.629729
31.892957 2.089043 8.629729
31.892957 36.071043 8.629729
-3.185813 2.234147 6.781788
-3.185813 36.216147 6.781788
30.796187 2.234147 6.781788
30.796187 36.216147 6.781788
-3.795789 2.077999 6.098070
-3.795789 36.059999 6.098070
30.186211 2.077999 6.098070
30.186211 36.059999 6.098070
-3.105615 1.533778 7.957225
-3.105615 35.515778 7.957225
30.876385 1.533778 7.957225
30.876385 35.515778 7.957225
19.080043 2.089043 8.361271
19.080043 36.071043 8.361271
19.225147 3.185813 10.209212
19.225147 37.167812 10.209212
19.068999 3.795789 10.892930
19.068999 37.777789 10.892930
18.524778 3.105615 9.033775
18.524778 37.087615 9.033775
20.176813 2.234147 10.209212
20.176813 36.216147 10.209212
20.786789 2.077999 10.892930
20.786789 36.059999 10.892930
20.096615 1.533778 9.033775
20.096615 35.515778 9.033775
19.225147 13.805187 6.781788
19.068999 13.195211 6.098070
17.692728 15.728569 9.851382
18.591552 14.673428 10.581995
19.159052 16.098972 10.260865
18.524778 13.885385 7.957225
-3.185813 14.756853 10.209212
30.796187 14.756853 10.209212
-3.795789 14.913001 10.892930
30.186211 14.913001 10.892930
-3.105615 15.457222 9.033775
30.876385 15.457222 9.033775
-2.234147 3.185813 6.781788
-2.234147 37.167812 6.781788
31.747853 3.185813 6.781788
31.747853 37.167812 6.781788
-2.077999 3.795789 6.098070
-2.077999 37.777789 6.098070
31.904001 3.795789 6.098070
31.904001 37.777789 6.098070
-1.533778 3.105615 7.957225
-1.533778 37.087615 7.957225
32.448222 3.105615 7.957225
32.448222 37.087615 7.957225
23.772788 3.185813 14.756853
23.772788 37.167812 14.756853
23.089070 3.795789 14.913001
23.089070 37.777789 14.913001
24.948225 3.105615 15.457222
24.948225 37.087615 15.457222
23.772788 13.805187 2.234147
23.772788 13.805187 36.216147
23.089070 13.195211 2.077999
23.089070 13.195211 36.059999
24.948225 13.885385 1.533778
24.948225 13.885385 35.515778
-3.185813 10.209212 14.756853
30.796187 10.209212 14.756853
-3.795789 10.892930 14.913001
30.186211 10.892930 14.913001
-3.105615 9.033775 15.457222
30.876385 9.033775 15.457222
27.200212 3.185812 2.234147
27.200212 3.185813 36.216147
27.200212 37.167812 2.234147
27.200212 37.167812 36.216147
27.883930 3.795789 2.077999
27.883930 3.795789 36.059999
27.883930 37.777789 2.077999
27.883930 37.777789 36.059999
26.024775 3.105615 1.533778
26.024775 3.105615 35.515778
26.024775 37.087615 1.533778
26.024775 37.087615 35.515778
20.176813 6.781788 14.756853
20.786789 6.098070 14.913001
20.096615 7.957225 15.457222
27.200212 13.805187 14.756853
27.883930 13.195211 14.913001
26.024775 13.885385 15.457222
-3.185813 6.781788 2.234147
-3.185813 6.781788 36.216147
30.796187 6.781788 2.234147
30.796187 6.781788 36.216147
-3.795789 6.098070 2.077999
-3.795789 6.098070 36.059999
30.186211 6.098070 2.077999
30.186211 6.098070 36.059999
-3.105615 7.957225 1.533778
-3.105615 7.957225 35.515778
30.876385 7.957225 1.533778
30.876385 7.957225 35.515778
20.176813 10.209212 2.234147
20.176813 10.209212 36.216147
20.786789 10.892930 2.077999
20.786789 10.892930 36.059999
20.096615 9.033775 1.533778
20.096615 9.033775 35.515778
18.424393 10.098194 6.892806
19.333912 10.885835 7.094625
18.593092 8.906915 7.094625
-1.602694 15.388306 7.062107
32.379306 15.388306 7.062107
-2.147948 16.337197 6.522998
31.834052 16.337197 6.522998
-0.653803 14.843052 6.522998
33.328197 14.843052 6.522998
18.593694 1.602694 7.062107
18.593694 35.584694 7.062107
19.138948 0.653803 6.522998
19.138948 34.635803 6.522998
17.644803 2.147948 6.522998
17.644803 36.129948 6.522998
23.883806 1.433393 10.098194
23.883806 35.415393 10.098194
23.096165 2.342912 9.896375
23.096165 36.324912 9.896375
25.075085 1.602092 9.896375
25.075085 35.584092 9.896375
18.424393 6.892806 10.098194
18.593092 8.084085 9.896375
19.333912 6.105165 9.896375
18.593694 9.928893 15.388306
17.402415 10.097592 15.590125
19.381335 10.838412 15.590125
24.053107 15.388306 15.388306
23.143588 14.600665 15.590125
23.884408 16.579585 15.590125
26.919893 15.388306 1.602694
26.919893 15.388306 35.584694
27.088592 16.579585 1.400875
27.088592 16.579585 35.382875
27.829412 14.600665 1.400875
27.829412 14.600665 35.382875
-1.602694 1.602694 9.928893
-1.602694 35.584694 9.928893
32.379306 1.602694 9.928893
32.379306 35.584694 9.928893
-0.653803 2.147948 10.468002
-0.653803 36.129948 10.468002
33.328197 2.147948 10.468002
33.328197 36.129948 10.468002
-2.147948 0.653803 10.468002
-2.147948 34.635803 10.468002
31.834052 0.653803 10.468002
31.834052 34.635803 10.468002
27.089194 6.892806 1.433393
27.089194 6.892806 35.415393
26.140303 6.347552 1.972502
26.140303 6.347552 35.954502
27.634448 7.841697 1.972502
27.634448 7.841697 35.954502
26.919893 1.602694 15.388306
26.919893 35.584694 15.388306
27.829412 2.390335 15.590125
27.829412 36.372335 15.590125
27.088592 0.411415 15.590125
27.088592 34.393415 15.590125
23.883806 15.557607 6.892806
25.075085 15.388908 7.094625
23.096165 14.648088 7.094625
-1.602694 7.062107 15.388306
32.379306 7.062107 15.388306
-0.411415 6.893408 15.590125
33.570585 6.893408 15.590125
-2.390335 6.152588 15.590125
31.591665 6.152588 15.590125
27.089194 15.557607 10.098194
27.876835 14.648088 9.896375
25.897915 15.388908 9.896375
-1.602694 9.928893 1.602694
-1.602694 9.928893 35.584694
32.379306 9.928893 1.602694
32.379306 9.928893 35.584694
-2.390335 10.838412 1.400875
-2.390335 10.838412 35.382875
31.591665 10.838412 1.400875
31.591665 10.838412 35.382875
-0.411415 10.097592 1.400875
-0.411415 10.097592 35.382875
33.570585 10.097592 1.400875
33.570585 10.097592 35.382875
-1.433393 10.098194 10.098194
32.548607 10.098194 10.098194
-1.602092 8.906915 9.896375
32.379908 8.906915 9.896375
-2.342912 10.885835 9.896375
31.639088 10.885835 9.896375
23.883806 6.892806 15.557607
23.338552 7.841697 15.018498
24.832697 6.347552 15.018498
24.053107 1.602694 1.602694
24.053107 1.602694 35.584694
24.053107 35.584694 1.602694
24.053107 35.584694 35.584694
23.884408 0.411415 1.400875
23.884408 0.411415 35.382875
23.884408 34.393415 1.400875
23.884408 34.393415 35.382875
23.143588 2.390335 1.400875
23.143588 2.390335 35.382875
23.143588 36.372335 1.400875
23.143588 36.372335 35.382875
23.397457 0.134229 27.575543
23.397457 34.116229 27.575543
23.252353 15.277288 28.672313
23.408501 14.593570 -4.699711
23.408501 14.593570 29.282289
23.952722 16.452725 28.592115
25.486500 -0.000000 -4.247750
25.486500 0.000000 29.734250
25.486500 33.982000 -4.247750
25.486500 33.982000 29.734250
17.125229 10.584543 23.397457
-1.713712 10.729647 22.300687
32.268288 10.729647 22.300687
-2.397430 10.573499 21.690711
31.584570 10.573499 21.690711
-0.538275 10.029278 22.380885
33.443725 10.029278 22.380885
16.991000 8.495500 21.238750
27.575543 16.856771 27.575543
27.720647 1.713712 28.672313
27.720647 35.695712 28.672313
27.564499 2.397430 -4.699711
27.564499 2.397430 29.282289
27.564499 36.379430 -4.699711
27.564499 36.379430 29.282289
27.020278 0.538275 28.592115
27.020278 34.520275 28.592115
-0.134229 6.406457 23.397457
33.847771 6.406457 23.397457
18.704712 6.261353 22.300687
19.388430 6.417501 21.690711
-1.452731 6.900045 23.891045
32.529269 6.900045 23.891045
-1.355882 7.793772 24.224069
32.626118 7.793772 24.224069
-2.086495 6.894948 23.168928
31.895505 6.894948 23.168928
-1.765365 6.327448 24.594472
32.216635 6.327448 24.594472
17.529275 6.961722 22.380885
23.397457 16.856771 23.397457
23.252353 1.713712 22.300687
23.252353 35.695712 22.300687
23.408501 2.397430 21.690711
23.408501 36.379430 21.690711
23.952722 0.538275 22.380885
23.952722 34.520275 22.380885
25.486500 0.000000 21.238750
25.486500 33.982000 21.238750
-0.134229 10.584543 27.575543
33.847771 10.584543 27.575543
18.704712 10.729647 28.672313
19.388430 10.573499 -4.699711
19.388430 10.573499 29.282289
17.529275 10.029278 28.592115
16.991000 8.495500 -4.247750
16.991000 8.495500 29.734250
27.575543 0.134229 23.397457
27.575543 34.116229 23.397457
27.720647 15.277288 22.300687
27.564499 14.593570 21.690711
27.081955 1.452731 23.891045
27.081955 35.434731 23.891045
26.188228 1.355882 24.224069
26.188228 35.337882 24.224069
27.087052 2.086495 23.168928
27.087052 36.068495 23.168928
27.654552 1.765365 24.594472
27.654552 35.747365 24.594472
27.020278 16.452725 22.380885
17.125229 6.406457 27.575543
-1.713712 6.261353 28.672313
32.268288 6.261353 28.672313
-2.397430 6.417501 -4.699711
-2.397430 6.417501 29.282289
31.584570 6.417501 -4.699711
31.584570 6.417501 29.282289
-0.538275 6.961722 28.592115
33.443725 6.961722 28.592115
27.575543 6.406457 17.125229
28.672313 6.261353 -1.713712
28.672313 6.261353 32.268288
-4.699711 6.417501 -2.397430
-4.699711 6.417501 31.584570
29.282289 6.417501 -2.397430
29.282289 6.417501 31.584570
28.592115 6.961722 -0.538275
28.592115 6.961722 33.443725
-4.247750 8.495500 16.991000
29.734250 8.495500 16.991000
23.397457 6.406457 -0.134229
23.397457 6.406457 33.847771
23.252353 5.309688 18.704712
23.408501 4.699711 19.388430
23.408501 38.681711 19.388430
23.952722 5.389885 17.529275
25.486500 4.247750 16.991000
25.486500 38.229750 16.991000
23.397457 10.584543 17.125229
22.300687 10.729647 -1.713712
22.300687 10.729647 32.268288
21.690711 10.573499 -2.397430
21.690711 10.573499 31.584570
23.891045 10.090955 18.443730
22.380885 10.029278 -0.538275
22.380885 10.029278 33.443725
21.238750 8.495500 16.991000
27.575543 10.584543 -0.134229
27.575543 10.584543 33.847771
27.720647 11.681313 18.704712
27.564499 12.291289 19.388430
27.081955 10.090955 -1.452731
27.081955 10.090955 32.529269
26.188228 9.757931 -1.355882
26.188228 9.757931 32.626118
27.087052 10.813072 -2.086495
27.087052 10.813072 31.895505
27.654552 9.387527 -1.765365
27.654552 9.387527 32.216635
27.020278 11.601115 17.529275
25.486500 12.743250 16.991000
28.672313 10.729647 18.704712
-4.699711 10.573499 19.388430
29.282289 10.573499 19.388430
28.592115 10.029278 17.529275
27.720647 5.309687 -1.713712
27.720647 5.309688 32.268288
27.564499 4.699711 -2.397430
27.564499 4.699711 31.584570
27.564499 38.681711 -2.397430
27.564499 38.681711 31.584570
27.020278 5.389885 -0.538275
27.020278 5.389885 33.443725
22.300687 6.261353 18.704712
21.690711 6.417501 19.388430
22.380885 6.961722 17.529275
23.252353 11.681313 -1.713712
23.252353 11.681313 32.268288
23.408501 12.291289 -2.397430
23.408501 12.291289 31.584570
24.784772 9.757931 18.346882
23.885948 10.813072 19.077495
23.318448 9.387527 18.756365
23.952722 11.601115 -0.538275
23.952722 11.601115 33.443725
-1.713712 11.681313 23.252353
32.268288 11.681313 23.252353
-2.397430 12.291289 23.408501
31.584570 12.291289 23.408501
-0.538275 11.601115 23.952722
33.443725 11.601115 23.952722
16.991000 12.743250 25.486500
-1.713712 5.309688 27.720647
32.268288 5.309688 27.720647
-2.397430 4.699711 27.564499
-2.397430 38.681711 27.564499
31.584570 4.699711 27.564499
31.584570 38.681711 27.564499
-0.538275 5.389885 27.020278
33.443725 5.389885 27.020278
16.991000 4.247750 25.486500
16.991000 38.229750 25.486500
22.300687 1.713712 23.252353
22.300688 35.695712 23.252353
21.690711 2.397430 23.408501
21.690711 36.379430 23.408501
22.380885 0.538275 23.952722
22.380885 34.520275 23.952722
21.238750 0.000000 25.486500
21.238750 33.982000 25.486500
18.704712 11.681313 27.720647
19.388430 12.291289 27.564499
17.529275 11.601115 27.020278
28.672313 15.277288 23.252353
-4.699711 14.593570 23.408501
29.282289 14.593570 23.408501
28.592115 16.452725 23.952722
-4.247750 0.000000 25.486500
-4.247750 33.982000 25.486500
29.734250 0.000000 25.486500
29.734250 33.982000 25.486500
18.704712 5.309688 23.252353
19.388430 4.699711 23.408501
19.388430 38.681711 23.408501
17.529275 5.389885 23.952722
22.300687 15.277288 27.720647
21.690711 14.593570 27.564499
22.380885 16.452725 27.020278
28.672313 1.713712 27.720647
28.672313 35.695712 27.720647
-4.699711 2.397430 27.564499
-4.699711 36.379430 27.564499
29.282289 2.397430 27.564499
29.282289 36.379430 27.564499
28.592115 0.538275 27.020278
28.592115 34.520275 27.020278
-2.089043 8.629729 19.080043
31.892957 8.629729 19.080043
-2.234147 6.781788 20.176813
31.747853 6.781788 20.176813
-2.077999 6.098070 20.786789
31.904001 6.098070 20.786789
-1.533778 7.957225 20.096615
32.448222 7.957225 20.096615
25.620729 2.089043 -2.089043
25.620729 2.089043 31.892957
25.620729 36.071043 -2.089043
25.620729 36.071043 31.892957
23.772788 2.234147 -3.185813
23.772788 2.234147 30.796187
23.772788 36.216147 -3.185813
23.772788 36.216147 30.796187
23.089070 2.077999 -3.795789
23.089070 2.077999 30.186211
23.089070 36.059999 -3.795789
23.089070 36.059999 30.186211
24.948225 1.533778 -3.105615
24.948225 1.533778 30.876385
24.948225 35.515778 -3.105615
24.948225 35.515778 30.876385
19.080043 8.361271 19.080043
19.225147 10.209212 20.176813
19.068999 10.892930 20.786789
18.586455 7.042770 18.586455
17.692728 7.139618 18.253431
18.591552 6.409005 19.308572
19.159052 6.730135 17.883028
18.524778 9.033775 20.096615
25.352271 14.901957 -2.089043
25.352271 14.901957 31.892957
27.200212 14.756853 -3.185813
27.200212 14.756853 30.796187
27.883930 14.913001 -3.795789
27.883930 14.913001 30.186211
26.024775 15.457222 -3.105615
26.024775 15.457222 30.876385
-2.089043 8.361271 -2.089043
-2.089043 8.361271 31.892957
31.892957 8.361271 -2.089043
31.892957 8.361271 31.892957
-2.234147 10.209212 -3.185813
-2.234147 10.209212 30.796187
31.747853 10.209212 -3.185813
31.747853 10.209212 30.796187
-2.077999 10.892930 -3.795789
-2.077999 10.892930 30.186211
31.904001 10.892930 -3.795789
31.904001 10.892930 30.186211
-1.533778 9.033775 -3.105615
-1.533778 9.033775 30.876385
32.448222 9.033775 -3.105615
32.448222 9.033775 30.876385
25.352271 2.089043 19.080043
25.352271 36.071043 19.080043
27.200212 2.234147 20.176813
27.200212 36.216147 20.176813
27.883930 2.077999 20.786789
27.883930 36.059999 20.786789
26.024775 1.533778 20.096615
26.024775 35.515778 20.096615
19.080043 8.629729 -2.089043
19.080043 8.629729 31.892957
19.225147 6.781788 -3.185813
19.225147 6.781788 30.796187
19.068999 6.098070 -3.795789
19.068999 6.098070 30.186211
18.524778 7.957225 -3.105615
18.524778 7.957225 30.876385
25.620729 14.901957 19.080043
23.772788 14.756853 20.176813
23.089070 14.913001 20.786789
24.948225 15.457222 20.096615
19.080043 14.901957 25.620729
20.176813 14.756853 23.772788
20.786789 14.913001 23.089070
18.586455 15.395545 26.939230
20.096615 15.457222 24.948225
-2.089043 14.901957 25.352271
31.892957 14.901957 25.352271
-2.234147 13.805187 27.200212
31.747853 13.805187 27.200212
-2.077999 13.195211 27.883930
31.904001 13.195211 27.883930
-1.533778 13.885385 26.024775
32.448222 13.885385 26.024775
-2.089043 2.089043 25.620729
-2.089043 36.071043 25.620729
31.892957 2.089043 25.620729
31.892957 36.071043 25.620729
-3.185813 2.234147 23.772788
-3.185812 36.216147 23.772788
30.796187 2.234147 23.772788
30.796187 36.216147 23.772788
-3.795789 2.077999 23.089070
-3.795789 36.059999 23.089070
30.186211 2.077999 23.089070
30.186211 36.059999 23.089070
-3.105615 1.533778 24.948225
-3.105615 35.515778 24.948225
30.876385 1.533778 24.948225
30.876385 35.515778 24.948225
19.080043 2.089043 25.352271
19.080043 36.071043 25.352271
19.225147 3.185813 27.200212
19.225147 37.167812 27.200212
19.068999 3.795789 27.883930
19.068999 37.777789 27.883930
18.524778 3.105615 26.024775
18.524778 37.087615 26.024775
20.176813 2.234147 27.200212
20.176813 36.216147 27.200212
20.786789 2.077999 27.883930
20.786789 36.059999 27.883930
20.096615 1.533778 26.024775
20.096615 35.515778 26.024775
19.225147 13.805187 23.772788
19.068999 13.195211 23.089070
17.692728 15.728569 26.842382
18.591552 14.673428 27.572995
19.159052 16.098972 27.251865
18.524778 13.885385 24.948225
-3.185813 14.756853 27.200212
30.796187 14.756853 27.200212
-3.795789 14.913001 27.883930
30.186211 14.913001 27.883930
-3.105615 15.457222 26.024775
30.876385 15.457222 26.024775
-2.234147 3.185813 23.772788
-2.234147 37.167812 23.772788
31.747853 3.185813 23.772788
31.747853 37.167812 23.772788
-2.077999 3.795789 23.089070
-2.077999 37.777789 23.089070
31.904001 3.795789 23.089070
31.904001 37.777789 23.089070
-1.533778 3.105615 24.948225
-1.533778 37.087615 24.948225
32.448222 3.105615 24.948225
32.448222 37.087615 24.948225
23.772788 3.185812 -2.234147
23.772788 3.185813 31.747853
23.772788 37.167812 -2.234147
23.772788 37.167812 31.747853
23.089070 3.795789 -2.077999
23.089070 3.795789 31.904001
23.089070 37.777789 -2.077999
23.089070 37.777789 31.904001
24.948225 3.105615 -1.533778
24.948225 3.105615 32.448222
24.948225 37.087615 -1.533778
24.948225 37.087615 32.448222
23.772788 13.805187 19.225147
23.089070 13.195211 19.068999
24.948225 13.885385 18.524778
-3.185813 10.209212 -2.234147
-3.185813 10.209212 31.747853
30.796187 10.209212 -2.234147
30.796187 10.209212 31.747853
-3.795789 10.892930 -2.077999
-3.795789 10.892930 31.904001
30.186211 10.892930 -2.077999
30.186211 10.892930 31.904001
-3.105615 9.033775 -1.533778
-3.105615 9.033775 32.448222
30.876385 9.033775 -1.533778
30.876385 9.033775 32.448222
27.200212 3.185813 19.225147
27.200212 37.167812 19.225147
27.883930 3.795789 19.068999
27.883930 37.777789 19.068999
26.024775 3.105615 18.524778
26.024775 37.087615 18.524778
20.176813 6.781788 -2.234147
20.176813 6.781788 31.747853
20.786789 6.098070 -2.077999
20.786789 6.098070 31.904001
20.096615 7.957225 -1.533778
20.096615 7.957225 32.448222
27.200212 13.805187 -2.234147
27.200212 13.805187 31.747853
27.883930 13.195211 -2.077999
27.883930 13.195211 31.904001
26.024775 13.885385 -1.533778
26.024775 13.885385 32.448222
-3.185813 6.781788 19.225147
30.796187 6.781788 19.225147
-3.795789 6.098070 19.068999
30.186211 6.098070 19.068999
-3.105615 7.957225 18.524778
30.876385 7.957225 18.524778
20.176813 10.209212 19.225147
20.786789 10.892930 19.068999
20.096615 9.033775 18.524778
18.424393 10.098194 23.883806
19.333912 10.885835 24.085625
18.593092 8.906915 24.085625
-1.602694 15.388306 24.053107
32.379306 15.388306 24.053107
-2.147948 16.337197 23.513998
31.834052 16.337197 23.513998
-0.653803 14.843052 23.513998
33.328197 14.843052 23.513998
18.593694 1.602694 24.053107
18.593694 35.584694 24.053107
19.138948 0.653803 23.513998
19.138948 34.635803 23.513998
17.644803 2.147948 23.513998
17.644803 36.129948 23.513998
23.883806 1.433393 27.089194
23.883806 35.415393 27.089194
23.096165 2.342912 26.887375
23.096165 36.324912 26.887375
25.075085 1.602092 26.887375
25.075085 35.584092 26.887375
18.424393 6.892806 27.089194
18.593092 8.084085 26.887375
19.333912 6.105165 26.887375
18.593694 9.928893 -1.602694
18.593694 9.928893 32.379306
17.402415 10.097592 -1.400875
17.402415 10.097592 32.581125
19.381335 10.838412 -1.400875
19.381335 10.838412 32.581125
24.053107 15.388306 -1.602694
24.053107 15.388306 32.379306
23.143588 14.600665 -1.400875
23.143588 14.600665 32.581125
23.884408 16.579585 -1.400875
23.884408 16.579585 32.581125
26.919893 15.388306 18.593694
27.088592 16.579585 18.391875
27.829412 14.600665 18.391875
-1.602694 1.602694 26.919893
-1.602694 35.584694 26.919893
32.379306 1.602694 26.919893
32.379306 35.584694 26.919893
-0.653803 2.147948 27.459002
-0.653803 36.129948 27.459002
33.328197 2.147948 27.459002
33.328197 36.129948 27.459002
-2.147948 0.653803 27.459002
-2.147948 34.635803 27.459002
31.834052 0.653803 27.459002
31.834052 34.635803 27.459002
27.089194 6.892806 18.424393
26.140303 6.347552 18.963502
27.634448 7.841697 18.963502
26.919893 1.602694 -1.602694
26.919893 1.602694 32.379306
26.919893 35.584694 -1.602694
26.919893 35.584694 32.379306
27.829412 2.390335 -1.400875
27.829412 2.390335 32.581125
27.829412 36.372335 -1.400875
27.829412 36.372335 32.581125
27.088592 0.411415 -1.400875
27.088592 0.411415 32.581125
27.088592 34.393415 -1.400875
27.088592 34.393415 32.581125
23.883806 15.557607 23.883806
25.075085 15.388908 24.085625
23.096165 14.648088 24.085625
-1.602694 7.062107 -1.602694
-1.602694 7.062107 32.379306
32.379306 7.062107 -1.602694
32.379306 7.062107 32.379306
-0.411415 6.893408 -1.400875
-0.411415 6.893408 32.581125
33.570585 6.893408 -1.400875
33.570585 6.893408 32.581125
-2.390335 6.152588 -1.400875
-2.390335 6.152588 32.581125
31.591665 6.152588 -1.400875
31.591665 6.152588 32.581125
27.089194 15.557607 27.089194
27.876835 14.648088 26.887375
25.897915 15.388908 26.887375
-1.602694 9.928893 18.593694
32.379306 9.928893 18.593694
-2.390335 10.838412 18.391875
31.591665 10.838412 18.391875
-0.411415 10.097592 18.391875
33.570585 10.097592 18.391875
-1.433393 10.098194 27.089194
32.548607 10.098194 27.089194
-1.602092 8.906915 26.887375
32.379908 8.906915 26.887375
-2.342912 10.885835 26.887375
31.639088 10.885835 26.887375
23.883806 6.892806 -1.433393
23.883806 6.892806 32.548607
23.338552 7.841697 -1.972502
23.338552 7.841697 32.009498
24.832697 6.347552 -1.972502
24.832697 6.347552 32.009498
24.053107 1.602694 18.593694
24.053107 35.584694 18.593694
23.884408 0.411415 18.391875
23.884408 34.393415 18.391875
23.143588 2.390335 18.391875
23.143588 36.372335 18.391875
23.397457 17.125229 10.584543
23.252353 -1.713712 11.681313
23.252353 32.268288 11.681313
23.408501 -2.397430 12.291289
23.408501 31.584570 12.291289
23.952722 -0.538275 11.601115
23.952722 33.443725 11.601115
25.486500 16.991000 12.743250
17.125229 27.575543 6.406457
-1.713712 27.720647 5.309687
32.268288 27.720647 5.309687
-2.397430 27.564499 4.699711
-2.397430 27.564499 38.681711
31.584570 27.564499 4.699711
31.584570 27.564499 38.681711
-0.538275 27.020278 5.389885
33.443725 27.020278 5.389885
16.991000 25.486500 4.247750
16.991000 25.486500 38.229750
27.575543 -0.134229 10.584543
27.575543 33.847771 10.584543
27.720647 18.704712 11.681313
27.564499 19.388430 12.291289
27.020278 17.529275 11.601115
-0.134229 23.397457 6.406457
33.847771 23.397457 6.406457
18.704712 23.252353 5.309687
19.388430 23.408501 4.699711
19.388430 23.408501 38.681711
-1.452731 23.891045 6.900045
32.529269 23.891045 6.900045
-1.355882 24.784772 7.233069
32.626118 24.784772 7.233069
-2.086495 23.885948 6.177928
31.895505 23.885948 6.177928
-1.765365 23.318448 7.603472
32.216635 23.318448 7.603472
17.529275 23.952722 5.389885
23.397457 -0.134229 6.406457
23.397457 33.847771 6.406457
23.252353 18.704712 5.309687
23.408501 19.388430 4.699711
23.408501 19.388430 38.681711
23.952722 17.529275 5.389885
25.486500 16.991000 4.247750
25.486500 16.991000 38.229750
-0.134229 27.575543 10.584543
33.847771 27.575543 10.584543
18.704712 27.720647 11.681313
19.388430 27.564499 12.291289
17.529275 27.020278 11.601115
16.991000 25.486500 12.743250
27.575543 17.125229 6.406457
27.720647 -1.713712 5.309687
27.720647 32.268288 5.309687
27.564499 -2.397430 4.699711
27.564499 -2.397430 38.681711
27.564499 31.584570 4.699711
27.564499 31.584570 38.681711
27.081955 18.443730 6.900045
26.188228 18.346882 7.233069
27.087052 19.077495 6.177928
27.654552 18.756365 7.603472
27.020278 -0.538275 5.389885
27.020278 33.443725 5.389885
17.125229 23.397457 10.584543
-1.713712 23.252353 11.681313
32.268288 23.252353 11.681313
-2.397430 23.408501 12.291289
31.584570 23.408501 12.291289
-0.538275 23.952722 11.601115
33.443725 23.952722 11.601115
27.575543 23.397457 0.134229
27.575543 23.397457 34.116229
28.672313 23.252353 15.277288
-4.699711 23.408501 14.593570
29.282289 23.408501 14.593570
28.592115 23.952722 16.452725
-4.247750 25.486500 0.000000
-4.247750 25.486500 33.982000
29.734250 25.486500 0.000000
29.734250 25.486500 33.982000
23.397457 23.397457 16.856771
23.252353 22.300687 1.713712
23.252353 22.300688 35.695712
23.408501 21.690711 2.397430
23.408501 21.690711 36.379430
23.952722 22.380885 0.538275
23.952722 22.380885 34.520275
25.486500 21.238750 0.000000
25.486500 21.238750 33.982000
23.397457 27.575543 0.134229
23.397457 27.575543 34.116229
22.300687 27.720647 15.277288
21.690711 27.564499 14.593570
23.891045 27.081955 1.452731
23.891045 27.081955 35.434731
22.380885 27.020278 16.452725
21.238750 25.486500 0.000000
21.238750 25.486500 33.982000
27.575543 27.575543 16.856771
27.720647 28.672313 1.713712
27.720647 28.672313 35.695712
27.564499 -4.699711 2.397430
27.564499 -4.699711 36.379430
27.564499 29.282289 2.397430
27.564499 29.282289 36.379430
27.081955 27.081955 15.538270
26.188228 26.748931 15.635118
27.087052 27.804072 14.904505
27.654552 26.378528 15.225635
27.020278 28.592115 0.538275
27.020278 28.592115 34.520275
25.486500 -4.247750 0.000000
25.486500 -4.247750 33.982000
25.486500 29.734250 0.000000
25.486500 29.734250 33.982000
28.672313 27.720647 1.713712
28.672313 27.720647 35.695712
-4.699711 27.564499 2.397430
-4.699711 27.564499 36.379430
29.282289 27.564499 2.397430
29.282289 27.564499 36.379430
28.592115 27.020278 0.538275
28.592115 27.020278 34.520275
27.720647 22.300687 15.277288
27.564499 21.690711 14.593570
27.020278 22.380885 16.452725
22.300687 23.252353 1.713712
22.300688 23.252353 35.695712
21.690711 23.408501 2.397430
21.690711 23.408501 36.379430
22.380885 23.952722 0.538275
22.380885 23.952722 34.520275
23.252353 28.672313 15.277288
23.408501 -4.699711 14.593570
23.408501 29.282289 14.593570
24.784772 26.748931 1.355882
24.784772 26.748931 35.337882
23.885948 27.804072 2.086495
23.885948 27.804072 36.068495
23.318448 26.378528 1.765365
23.318448 26.378528 35.747365
23.952722 28.592115 16.452725
-1.713712 28.672313 6.261353
32.268288 28.672313 6.261353
-2.397430 -4.699711 6.417501
-2.397430 29.282289 6.417501
31.584570 -4.699711 6.417501
31.584570 29.282289 6.417501
-0.538275 28.592115 6.961722
33.443725 28.592115 6.961722
16.991000 -4.247750 8.495500
16.991000 29.734250 8.495500
-1.713712 22.300687 10.729647
32.268288 22.300687 10.729647
-2.397430 21.690711 10.573499
31.584570 21.690711 10.573499
-0.538275 22.380885 10.029278
33.443725 22.380885 10.029278
16.991000 21.238750 8.495500
22.300687 18.704712 6.261353
21.690711 19.388430 6.417501
22.380885 17.529275 6.961722
21.238750 16.991000 8.495500
18.704712 28.672313 10.729647
19.388430 -4.699711 10.573499
19.388430 29.282289 10.573499
17.529275 28.592115 10.029278
28.672313 -1.713712 6.261353
28.672313 32.268288 6.261353
-4.699711 -2.397430 6.417501
-4.699711 31.584570 6.417501
29.282289 -2.397430 6.417501
29.282289 31.584570 6.417501
28.592115 -0.538275 6.961722
28.592115 33.443725 6.961722
-4.247750 16.991000 8.495500
29.734250 16.991000 8.495500
18.704712 22.300687 6.261353
19.388430 21.690711 6.417501
17.529275 22.380885 6.961722
22.300687 -1.713712 10.729647
22.300687 32.268288 10.729647
21.690711 -2.397430 10.573499
21.690711 31.584570 10.573499
22.380885 -0.538275 10.029278
22.380885 33.443725 10.029278
28.672313 18.704712 10.729647
-4.699711 19.388430 10.573499
29.282289 19.388430 10.573499
28.592115 17.529275 10.029278
-2.089043 25.620729 2.089043
-2.089043 25.620729 36.071043
31.892957 25.620729 2.089043
31.892957 25.620729 36.071043
-2.234147 23.772788 3.185812
-2.234147 23.772788 37.167812
31.747853 23.772788 3.185812
31.747853 23.772788 37.167812
-2.077999 23.089070 3.795789
-2.077999 23.089070 37.777789
31.904001 23.089070 3.795789
31.904001 23.089070 37.777789
-1.533778 24.948225 3.105615
-1.533778 24.948225 37.087615
32.448222 24.948225 3.105615
32.448222 24.948225 37.087615
25.620729 19.080043 14.901957
23.772788 19.225147 13.805187
23.089070 19.068999 13.195211
24.948225 18.524778 13.885385
19.080043 25.352271 2.089043
19.080043 25.352271 36.071043
19.225147 27.200212 3.185812
19.225147 27.200212 37.167812
19.068999 27.883930 3.795789
19.068999 27.883930 37.777789
18.586455 24.033769 1.595455
18.586455 24.033770 35.577455
17.692728 24.130618 1.262431
17.692728 24.130618 35.244431
18.591552 23.400005 2.317572
18.591552 23.400005 36.299572
19.159052 23.721135 0.892027
19.159052 23.721135 34.874028
18.524778 26.024775 3.105615
18.524778 26.024775 37.087615
25.352271 -2.089043 14.901957
25.352271 31.892957 14.901957
27.200212 -2.234147 13.805187
27.200212 31.747853 13.805187
27.883930 -2.077999 13.195211
27.883930 31.904001 13.195211
26.024775 -1.533778 13.885385
26.024775 32.448222 13.885385
-2.089043 25.352271 14.901957
31.892957 25.352271 14.901957
-2.234147 27.200212 13.805187
31.747853 27.200212 13.805187
-2.077999 27.883930 13.195211
31.904001 27.883930 13.195211
-1.533778 26.024775 13.885385
32.448222 26.024775 13.885385
25.352271 19.080043 2.089043
25.352271 19.080043 36.071043
27.200212 19.225147 3.185812
27.200212 19.225147 37.167812
27.883930 19.068999 3.795789
27.883930 19.068999 37.777789
26.024775 18.524778 3.105615
26.024775 18.524778 37.087615
19.080043 25.620729 14.901957
19.225147 23.772788 13.805187
19.068999 23.089070 13.195211
18.524778 24.948225 13.885385
25.620729 -2.089043 2.089043
25.620729 -2.089043 36.071043
25.620729 31.892957 2.089043
25.620729 31.892957 36.071043
23.772788 -2.234147 3.185812
23.772788 -2.234147 37.167812
23.772788 31.747853 3.185812
23.772788 31.747853 37.167812
23.089070 -2.077999 3.795789
23.089070 -2.077999 37.777789
23.089070 31.904001 3.795789
23.089070 31.904001 37.777789
24.948225 -1.533778 3.105615
24.948225 -1.533778 37.087615
24.948225 32.448222 3.105615
24.948225 32.448222 37.087615
19.080043 -2.089043 8.629729
19.080043 31.892957 8.629729
20.176813 -2.234147 6.781788
20.176813 31.747853 6.781788
20.786789 -2.077999 6.098070
20.786789 31.904001 6.098070
18.586455 -1.595455 9.948230
18.586455 32.386545 9.948230
20.096615 -1.533778 7.957225
20.096615 32.448222 7.957225
-2.089043 -2.089043 8.361271
-2.089043 31.892957 8.361271
31.892957 -2.089043 8.361271
31.892957 31.892957 8.361271
-2.234147 -3.185813 10.209212
-2.234147 30.796187 10.209212
31.747853 -3.185813 10.209212
31.747853 30.796187 10.209212
-2.077999 -3.795789 10.892930
-2.077999 30.186211 10.892930
31.904001 -3.795789 10.892930
31.904001 30.186211 10.892930
-1.533778 -3.105615 9.033775
-1.533778 30.876385 9.033775
32.448222 -3.105615 9.033775
32.448222 30.876385 9.033775
-2.089043 19.080043 8.629729
31.892957 19.080043 8.629729
-3.185813 19.225147 6.781788
30.796187 19.225147 6.781788
-3.795789 19.068999 6.098070
30.186211 19.068999 6.098070
-3.105615 18.524778 7.957225
30.876385 18.524778 7.957225
19.080043 19.080043 8.361271
19.225147 20.176813 10.209212
19.068999 20.786789 10.892930
18.524778 20.096615 9.033775
20.176813 19.225147 10.209212
20.786789 19.068999 10.892930
20.096615 18.524778 9.033775
19.225147 -3.185813 6.781788
19.225147 30.796187 6.781788
19.068999 -3.795789 6.098070
19.068999 30.186211 6.098070
17.692728 -1.262431 9.851382
17.692728 32.719569 9.851382
18.591552 -2.317572 10.581995
18.591552 31.664428 10.581995
19.159052 -0.892028 10.260865
19.159052 33.089972 10.260865
18.524778 -3.105615 7.957225
18.524778 30.876385 7.957225
-3.185813 -2.234147 10.209212
-3.185813 31.747853 10.209212
30.796187 -2.234147 10.209212
30.796187 31.747853 10.209212
-3.795789 -2.077999 10.892930
-3.795789 31.904001 10.892930
30.186211 -2.077999 10.892930
30.186211 31.904001 10.892930
-3.105615 -1.533778 9.033775
-3.105615 32.448222 9.033775
30.876385 -1.533778 9.033775
30.876385 32.448222 9.033775
-2.234147 20.176813 6.781788
31.747853 20.176813 6.781788
-2.077999 20.786789 6.098070
31.904001 20.786789 6.098070
-1.533778 20.096615 7.957225
32.448222 20.096615 7.957225
23.772788 20.176813 14.756853
23.089070 20.786789 14.913001
24.948225 20.096615 15.457222
23.772788 -3.185813 2.234147
23.772788 -3.185813 36.216147
23.772788 30.796187 2.234147
23.772788 30.796187 36.216147
23.089070 -3.795789 2.077999
23.089070 -3.795789 36.059999
23.089070 30.186211 2.077999
23.089070 30.186211 36.059999
24.948225 -3.105615 1.533778
24.948225 -3.105615 35.515778
24.948225 30.876385 1.533778
24.948225 30.876385 35.515778
-3.185813 27.200212 14.756853
30.796187 27.200212 14.756853
-3.795789 27.883930 14.913001
30.186211 27.883930 14.913001
-3.105615 26.024775 15.457222
30.876385 26.024775 15.457222
27.200212 20.176813 2.234147
27.200212 20.176813 36.216147
27.883930 20.786789 2.077999
27.883930 20.786789 36.059999
26.024775 20.096615 1.533778
26.024775 20.096615 35.515778
20.176813 23.772788 14.756853
20.786789 23.089070 14.913001
20.096615 24.948225 15.457222
27.200212 -3.185813 14.756853
27.200212 30.796187 14.756853
27.883930 -3.795789 14.913001
27.883930 30.186211 14.913001
26.024775 -3.105615 15.457222
26.024775 30.876385 15.457222
-3.185813 23.772788 2.234147
-3.185812 23.772788 36.216147
30.796187 23.772788 2.234147
30.796187 23.772788 36.216147
-3.795789 23.089070 2.077999
-3.795789 23.089070 36.059999
30.186211 23.089070 2.077999
30.186211 23.089070 36.059999
-3.105615 24.948225 1.533778
-3.105615 24.948225 35.515778
30.876385 24.948225 1.533778
30.876385 24.948225 35.515778
20.176813 27.200212 2.234147
20.176813 27.200212 36.216147
20.786789 27.883930 2.077999
20.786789 27.883930 36.059999
20.096615 26.024775 1.533778
20.096615 26.024775 35.515778
18.424393 27.089194 6.892806
19.333912 27.876835 7.094625
18.593092 25.897915 7.094625
-1.602694 -1.602694 7.062107
-1.602694 32.379306 7.062107
32.379306 -1.602694 7.062107
32.379306 32.379306 7.062107
-2.147948 -0.653803 6.522998
-2.147948 33.328197 6.522998
31.834052 -0.653803 6.522998
31.834052 33.328197 6.522998
-0.653803 -2.147948 6.522998
-0.653803 31.834052 6.522998
33.328197 -2.147948 6.522998
33.328197 31.834052 6.522998
18.593694 18.593694 7.062107
19.138948 17.644803 6.522998
17.644803 19.138948 6.522998
23.883806 18.424393 10.098194
23.096165 19.333912 9.896375
25.075085 18.593092 9.896375
18.424393 23.883806 10.098194
18.593092 25.075085 9.896375
19.333912 23.096165 9.896375
18.593694 26.919893 15.388306
17.402415 27.088592 15.590125
19.381335 27.829412 15.590125
24.053107 -1.602694 15.388306
24.053107 32.379306 15.388306
23.143588 -2.390335 15.590125
23.143588 31.591665 15.590125
23.884408 -0.411415 15.590125
23.884408 33.570585 15.590125
26.919893 -1.602694 1.602694
26.919893 -1.602694 35.584694
26.919893 32.379306 1.602694
26.919893 32.379306 35.584694
27.088592 -0.411415 1.400875
27.088592 -0.411415 35.382875
27.088592 33.570585 1.400875
27.088592 33.570585 35.382875
27.829412 -2.390335 1.400875
27.829412 -2.390335 35.382875
27.829412 31.591665 1.400875
27.829412 31.591665 35.382875
-1.602694 18.593694 9.928893
32.379306 18.593694 9.928893
-0.653803 19.138948 10.468002
33.328197 19.138948 10.468002
-2.147948 17.644803 10.468002
31.834052 17.644803 10.468002
27.089194 23.883806 1.433393
27.089194 23.883806 35.415393
26.140303 23.338552 1.972502
26.140303 23.338552 35.954502
27.634448 24.832697 1.972502
27.634448 24.832697 35.954502
26.919893 18.593694 15.388306
27.829412 19.381335 15.590125
27.088592 17.402415 15.590125
23.883806 -1.433393 6.892806
23.883806 32.548607 6.892806
25.075085 -1.602092 7.094625
25.075085 32.379908 7.094625
23.096165 -2.342912 7.094625
23.096165 31.639088 7.094625
-1.602694 24.053107 15.388306
32.379306 24.053107 15.388306
-0.411415 23.884408 15.590125
33.570585 23.884408 15.590125
-2.390335 23.143588 15.590125
31.591665 23.143588 15.590125
27.089194 -1.433393 10.098194
27.089194 32.548607 10.098194
27.876835 -2.342912 9.896375
27.876835 31.639088 9.896375
25.897915 -1.602092 9.896375
25.897915 32.379908 9.896375
-1.602694 26.919893 1.602694
-1.602694 26.919893 35.584694
32.379306 26.919893 1.602694
32.379306 26.919893 35.584694
-2.390335 27.829412 1.400875
-2.390335 27.829412 35.382875
31.591665 27.829412 1.400875
31.591665 27.829412 35.382875
-0.411415 27.088592 1.400875
-0.411415 27.088592 35.382875
33.570585 27.088592 1.400875
33.570585 27.088592 35.382875
-1.433393 27.089194 10.098194
32.548607 27.089194 10.098194
-1.602092 25.897915 9.896375
32.379908 25.897915 9.896375
-2.342912 27.876835 9.896375
31.639088 27.876835 9.896375
23.883806 23.883806 15.557607
23.338552 24.832697 15.018498
24.832697 23.338552 15.018498
24.053107 18.593694 1.602694
24.053107 18.593694 35.584694
23.884408 17.402415 1.400875
23.884408 17.402415 35.382875
23.143588 19.381335 1.400875
23.143588 19.381335 35.382875
23.397457 17.125229 27.575543
23.252353 -1.713712 28.672313
23.252353 32.268288 28.672313
23.408501 -2.397430 -4.699711
23.408501 -2.397430 29.282289
23.408501 31.584570 -4.699711
23.408501 31.584570 29.282289
23.952722 -0.538275 28.592115
23.952722 33.443725 28.592115
25.486500 16.991000 -4.247750
25.486500 16.991000 29.734250
17.125229 27.575543 23.397457
-1.713712 27.720647 22.300687
32.268288 27.720647 22.300687
-2.397430 27.564499 21.690711
31.584570 27.564499 21.690711
-0.538275 27.020278 22.380885
33.443725 27.020278 22.380885
16.991000 25.486500 21.238750
27.575543 -0.134229 27.575543
27.575543 33.847771 27.575543
27.720647 18.704712 28.672313
27.564499 19.388430 -4.699711
27.564499 19.388430 29.282289
27.020278 17.529275 28.592115
-0.134229 23.397457 23.397457
33.847771 23.397457 23.397457
18.704712 23.252353 22.300687
19.388430 23.408501 21.690711
-1.452730 23.891045 23.891045
32.529269 23.891045 23.891045
-1.355882 24.784772 24.224069
32.626118 24.784772 24.224069
-2.086495 23.885948 23.168928
31.895505 23.885948 23.168928
-1.765365 23.318448 24.594472
32.216635 23.318448 24.594472
17.529275 23.952722 22.380885
23.397457 -0.134229 23.397457
23.397457 33.847771 23.397457
23.252353 18.704712 22.300687
23.408501 19.388430 21.690711
23.952722 17.529275 22.380885
25.486500 16.991000 21.238750
-0.134229 27.575543 27.575543
33.847771 27.575543 27.575543
18.704712 27.720647 28.672313
19.388430 27.564499 -4.699711
19.388430 27.564499 29.282289
17.529275 27.020278 28.592115
16.991000 25.486500 -4.247750
16.991000 25.486500 29.734250
27.575543 17.125229 23.397457
27.720647 -1.713712 22.300687
27.720647 32.268288 22.300687
27.564499 -2.397430 21.690711
27.564499 31.584570 21.690711
27.081955 18.443730 23.891045
26.188228 18.346882 24.224069
27.087052 19.077495 23.168928
27.654552 18.756365 24.594472
27.020278 -0.538275 22.380885
27.020278 33.443725 22.380885
17.125229 23.397457 27.575543
-1.713712 23.252353 28.672313
32.268288 23.252353 28.672313
-2.397430 23.408501 -4.699711
-2.397430 23.408501 29.282289
31.584570 23.408501 -4.699711
31.584570 23.408501 29.282289
-0.538275 23.952722 28.592115
33.443725 23.952722 28.592115
27.575543 23.397457 17.125229
28.672313 23.252353 -1.713712
28.672313 23.252353 32.268288
-4.699711 23.408501 -2.397430
-4.699711 23.408501 31.584570
29.282289 23.408501 -2.397430
29.282289 23.408501 31.584570
28.592115 23.952722 -0.538275
28.592115 23.952722 33.443725
-4.247750 25.486500 16.991000
29.734250 25.486500 16.991000
23.397457 23.397457 -0.134229
23.397457 23.397457 33.847771
23.252353 22.300687 18.704712
23.408501 21.690711 19.388430
23.952722 22.380885 17.529275
25.486500 21.238750 16.991000
23.397457 27.575543 17.125229
22.300687 27.720647 -1.713712
22.300687 27.720647 32.268288
21.690711 27.564499 -2.397430
21.690711 27.564499 31.584570
23.891045 27.081955 18.443730
22.380885 27.020278 -0.538275
22.380885 27.020278 33.443725
21.238750 25.486500 16.991000
27.575543 27.575543 -0.134229
27.575543 27.575543 33.847771
27.720647 28.672313 18.704712
27.564499 -4.699711 19.388430
27.564499 29.282289 19.388430
27.081955 27.081955 -1.452731
27.081955 27.081955 32.529269
26.188228 26.748931 -1.355882
26.188228 26.748931 32.626118
27.087052 27.804072 -2.086495
27.087052 27.804072 31.895505
27.654552 26.378528 -1.765365
27.654552 26.378528 32.216635
27.020278 28.592115 17.529275
25.486500 -4.247750 16.991000
25.486500 29.734250 16.991000
28.672313 27.720647 18.704712
-4.699711 27.564499 19.388430
29.282289 27.564499 19.388430
28.592115 27.020278 17.529275
27.720647 22.300687 -1.713712
27.720647 22.300687 32.268288
27.564499 21.690711 -2.397430
27.564499 21.690711 31.584570
27.020278 22.380885 -0.538275
27.020278 22.380885 33.443725
22.300687 23.252353 18.704712
21.690711 23.408501 19.388430
22.380885 23.952722 17.529275
23.252353 28.672313 -1.713712
23.252353 28.672313 32.268288
23.408501 -4.699711 -2.397430
23.408501 -4.699711 31.584570
23.408501 29.282289 -2.397430
23.408501 29.282289 31.584570
24.784772 26.748931 18.346882
23.885948 27.804072 19.077495
23.318448 26.378528 18.756365
23.952722 28.592115 -0.538275
23.952722 28.592115 33.443725
-1.713712 28.672313 23.252353
32.268288 28.672313 23.252353
-2.397430 -4.699711 23.408501
-2.397430 29.282289 23.408501
31.584570 -4.699711 23.408501
31.584570 29.282289 23.408501
-0.538275 28.592115 23.952722
33.443725 28.592115 23.952722
16.991000 -4.247750 25.486500
16.991000 29.734250 25.486500
-1.713712 22.300687 27.720647
32.268288 22.300687 27.720647
-2.397430 21.690711 27.564499
31.584570 21.690711 27.564499
-0.538275 22.380885 27.020278
33.443725 22.380885 27.020278
16.991000 21.238750 25.486500
22.300687 18.704712 23.252353
21.690711 19.388430 23.408501
22.380885 17.529275 23.952722
21.238750 16.991000 25.486500
18.704712 28.672313 27.720647
19.388430 -4.699711 27.564499
19.388430 29.282289 27.564499
17.529275 28.592115 27.020278
28.672313 -1.713712 23.252353
28.672313 32.268288 23.252353
-4.699711 -2.397430 23.408501
-4.699711 31.584570 23.408501
29.282289 -2.397430 23.408501
29.282289 31.584570 23.408501
28.592115 -0.538275 23.952722
28.592115 33.443725 23.952722
-4.247750 16.991000 25.486500
29.734250 16.991000 25.486500
18.704712 22.300687 23.252353
19.388430 21.690711 23.408501
17.529275 22.380885 23.952722
22.300687 -1.713712 27.720647
22.300687 32.268288 27.720647
21.690711 -2.397430 27.564499
21.690711 31.584570 27.564499
22.380885 -0.538275 27.020278
22.380885 33.443725 27.020278
28.672313 18.704712 27.720647
-4.699711 19.388430 27.564499
29.282289 19.388430 27.564499
28.592115 17.529275 27.020278
-2.089043 25.620729 19.080043
31.892957 25.620729 19.080043
-2.234147 23.772788 20.176813
31.747853 23.772788 20.176813
-2.077999 23.089070 20.786789
31.904001 23.089070 20.786789
-1.533778 24.948225 20.096615
32.448222 24.948225 20.096615
25.620729 19.080043 -2.089043
25.620729 19.080043 31.892957
23.772788 19.225147 -3.185813
23.772788 19.225147 30.796187
23.089070 19.068999 -3.795789
23.089070 19.068999 30.186211
24.948225 18.524778 -3.105615
24.948225 18.524778 30.876385
19.080043 25.352271 19.080043
19.225147 27.200212 20.176813
19.068999 27.883930 20.786789
18.586455 24.033769 18.586455
17.692728 24.130618 18.253431
18.591552 23.400005 19.308572
19.159052 23.721135 17.883028
18.524778 26.024775 20.096615
25.352271 -2.089043 -2.089043
25.352271 -2.089043 31.892957
25.352271 31.892957 -2.089043
25.352271 31.892957 31.892957
27.200212 -2.234147 -3.185813
27.200212 -2.234147 30.796187
27.200212 31.747853 -3.185813
27.200212 31.747853 30.796187
27.883930 -2.077999 -3.795789
27.883930 -2.077999 30.186211
27.883930 31.904001 -3.795789
27.883930 31.904001 30.186211
26.024775 -1.533778 -3.105615
26.024775 -1.533778 30.876385
26.024775 32.448222 -3.105615
26.024775 32.448222 30.876385
-2.089043 25.352271 -2.089043
-2.089043 25.352271 31.892957
31.892957 25.352271 -2.089043
31.892957 25.352271 31.892957
-2.234147 27.200212 -3.185813
-2.234147 27.200212 30.796187
31.747853 27.200212 -3.185813
31.747853 27.200212 30.796187
-2.077999 27.883930 -3.795789
-2.077999 27.883930 30.186211
31.904001 27.883930 -3.795789
31.904001 27.883930 30.186211
-1.533778 26.024775 -3.105615
-1.533778 26.024775 30.876385
32.448222 26.024775 -3.105615
32.448222 26.024775 30.876385
25.352271 19.080043 19.080043
27.200212 19.225147 20.176813
27.883930 19.068999 20.786789
26.024775 18.524778 20.096615
19.080043 25.620729 -2.089043
19.080043 25.620729 31.892957
19.225147 23.772788 -3.185813
19.225147 23.772788 30.796187
19.068999 23.089070 -3.795789
19.068999 23.089070 30.186211
18.524778 24.948225 -3.105615
18.524778 24.948225 30.876385
25.620729 -2.089043 19.080043
25.620729 31.892957 19.080043
23.772788 -2.234147 20.176813
23.772788 31.747853 20.176813
23.089070 -2.077999 20.786789
23.089070 31.904001 20.786789
24.948225 -1.533778 20.096615
24.948225 32.448222 20.096615
19.080043 -2.089043 25.620729
19.080043 31.892957 25.620729
20.176813 -2.234147 23.772788
20.176813 31.747853 23.772788
20.786789 -2.077999 23.089070
20.786789 31.904001 23.089070
18.586455 -1.595455 26.939230
18.586455 32.386545 26.939230
20.096615 -1.533778 24.948225
20.096615 32.448222 24.948225
-2.089043 -2.089043 25.352271
-2.089043 31.892957 25.352271
31.892957 -2.089043 25.352271
31.892957 31.892957 25.352271
-2.234147 -3.185813 27.200212
-2.234147 30.796187 27.200212
31.747853 -3.185813 27.200212
31.747853 30.796187 27.200212
-2.077999 -3.795789 27.883930
-2.077999 30.186211 27.883930
31.904001 -3.795789 27.883930
31.904001 30.186211 27.883930
-1.533778 -3.105615 26.024775
-1.533778 30.876385 26.024775
32.448222 -3.105615 26.024775
32.448222 30.876385 26.024775
-2.089043 19.080043 25.620729
31.892957 19.080043 25.620729
-3.185813 19.225147 23.772788
30.796187 19.225147 23.772788
-3.795789 19.068999 23.089070
30.186211 19.068999 23.089070
-3.105615 18.524778 24.948225
30.876385 18.524778 24.948225
19.080043 19.080043 25.352271
19.225147 20.176813 27.200212
19.068999 20.786789 27.883930
18.524778 20.096615 26.024775
20.176813 19.225147 27.200212
20.786789 19.068999 27.883930
20.096615 18.524778 26.024775
19.225147 -3.185813 23.772788
19.225147 30.796187 23.772788
19.068999 -3.795789 23.089070
19.068999 30.186211 23.089070
17.692728 -1.262431 26.842382
17.692728 32.719569 26.842382
18.591552 -2.317572 27.572995
18.591552 31.664428 27.572995
19.159052 -0.892028 27.251865
19.159052 33.089972 27.251865
18.524778 -3.105615 24.948225
18.524778 30.876385 24.948225
-3.185813 -2.234147 27.200212
-3.185813 31.747853 27.200212
30.796187 -2.234147 27.200212
30.796187 31.747853 27.200212
-3.795789 -2.077999 27.883930
-3.795789 31.904001 27.883930
30.186211 -2.077999 27.883930
30.186211 31.904001 27.883930
-3.105615 -1.533778 26.024775
-3.105615 32.448222 26.024775
30.876385 -1.533778 26.024775
30.876385 32.448222 26.024775
-2.234147 20.176813 23.772788
31.747853 20.176813 23.772788
-2.077999 20.786789 23.089070
31.904001 20.786789 23.089070
-1.533778 20.096615 24.948225
32.448222 20.096615 24.948225
23.772788 20.176813 -2.234147
23.772788 20.176813 31.747853
23.089070 20.786789 -2.077999
23.089070 20.786789 31.904001
24.948225 20.096615 -1.533778
24.948225 20.096615 32.448222
23.772788 -3.185813 19.225147
23.772788 30.796187 19.225147
23.089070 -3.795789 19.068999
23.089070 30.186211 19.068999
24.948225 -3.105615 18.524778
24.948225 30.876385 18.524778
-3.185813 27.200212 -2.234147
-3.185813 27.200212 31.747853
30.796187 27.200212 -2.234147
30.796187 27.200212 31.747853
-3.795789 27.883930 -2.077999
-3.795789 27.883930 31.904001
30.186211 27.883930 -2.077999
30.186211 27.883930 31.904001
-3.105615 26.024775 -1.533778
-3.105615 26.024775 32.448222
30.876385 26.024775 -1.533778
30.876385 26.024775 32.448222
27.200212 20.176813 19.225147
27.883930 20.786789 19.068999
26.024775 20.096615 18.524778
20.176813 23.772788 -2.234147
20.176813 23.772788 31.747853
20.786789 23.089070 -2.077999
20.786789 23.089070 31.904001
20.096615 24.948225 -1.533778
20.096615 24.948225 32.448222
27.200212 -3.185813 -2.234147
27.200212 -3.185813 31.747853
27.200212 30.796187 -2.234147
27.200212 30.796187 31.747853
27.883930 -3.795789 -2.077999
27.883930 -3.795789 31.904001
27.883930 30.186211 -2.077999
27.883930 30.186211 31.904001
26.024775 -3.105615 -1.533778
26.024775 -3.105615 32.448222
26.024775 30.876385 -1.533778
26.024775 30.876385 32.448222
-3.185813 23.772788 19.225147
30.796187 23.772788 19.225147
-3.795789 23.089070 19.068999
30.186211 23.089070 19.068999
-3.105615 24.948225 18.524778
30.876385 24.948225 18.524778
20.176813 27.200212 19.225147
20.786789 27.883930 19.068999
20.096615 26.024775 18.524778
18.424393 27.089194 23.883806
19.333912 27.876835 24.085625
18.593092 25.897915 24.085625
-1.602694 -1.602694 24.053107
-1.602694 32.379306 24.053107
32.379306 -1.602694 24.053107
32.379306 32.379306 24.053107
-2.147948 -0.653803 23.513998
-2.147948 33.328197 23.513998
31.834052 -0.653803 23.513998
31.834052 33.328197 23.513998
-0.653803 -2.147948 23.513998
-0.653803 31.834052 23.513998
33.328197 -2.147948 23.513998
33.328197 31.834052 23.513998
18.593694 18.593694 24.053107
19.138948 17.644803 23.513998
17.644803 19.138948 23.513998
23.883806 18.424393 27.089194
23.096165 19.333912 26.887375
25.075085 18.593092 26.887375
18.424393 23.883806 27.089194
18.593092 25.075085 26.887375
19.333912 23.096165 26.887375
18.593694 26.919893 -1.602694
18.593694 26.919893 32.379306
17.402415 27.088592 -1.400875
17.402415 27.088592 32.581125
19.381335 27.829412 -1.400875
19.381335 27.829412 32.581125
24.053107 -1.602694 -1.602694
24.053107 -1.602694 32.379306
24.053107 32.379306 -1.602694
24.053107 32.379306 32.379306
23.143588 -2.390335 -1.400875
23.143588 -2.390335 32.581125
23.143588 31.591665 -1.400875
23.143588 31.591665 32.581125
23.884408 -0.411415 -1.400875
23.884408 -0.411415 32.581125
23.884408 33.570585 -1.400875
23.884408 33.570585 32.581125
26.919893 -1.602694 18.593694
26.919893 32.379306 18.593694
27.088592 -0.411415 18.391875
27.088592 33.570585 18.391875
27.829412 -2.390335 18.391875
27.829412 31.591665 18.391875
-1.602694 18.593694 26.919893
32.379306 18.593694 26.919893
-0.653803 19.138948 27.459002
33.328197 19.138948 27.459002
-2.147948 17.644803 27.459002
31.834052 17.644803 27.459002
27.089194 23.883806 18.424393
26.140303 23.338552 18.963502
27.634448 24.832697 18.963502
26.919893 18.593694 -1.602694
26.919893 18.593694 32.379306
27.829412 19.381335 -1.400875
27.829412 19.381335 32.581125
27.088592 17.402415 -1.400875
27.088592 17.402415 32.581125
23.883806 -1.433393 23.883806
23.883806 32.548607 23.883806
25.075085 -1.602092 24.085625
25.075085 32.379908 24.085625
23.096165 -2.342912 24.085625
23.096165 31.639088 24.085625
-1.602694 24.053107 -1.602694
-1.602694 24.053107 32.379306
32.379306 24.053107 -1.602694
32.379306 24.053107 32.379306
-0.411415 23.884408 -1.400875
-0.411415 23.884408 32.581125
33.570585 23.884408 -1.400875
33.570585 23.884408 32.581125
-2.390335 23.143588 -1.400875
-2.390335 23.143588 32.581125
31.591665 23.143588 -1.400875
31.591665 23.143588 32.581125
27.089194 -1.433393 27.089194
27.089194 32.548607 27.089194
27.876835 -2.342912 26.887375
27.876835 31.639088 26.887375
25.897915 -1.602092 26.887375
25.897915 32.379908 26.887375
-1.602694 26.919893 18.593694
32.379306 26.919893 18.593694
-2.390335 27.829412 18.391875
31.591665 27.829412 18.391875
-0.411415 27.088592 18.391875
33.570585 27.088592 18.391875
-1.433393 27.089194 27.089194
32.548607 27.089194 27.089194
-1.602092 25.897915 26.887375
32.379908 25.897915 26.887375
-2.342912 27.876835 26.887375
31.639088 27.876835 26.887375
23.883806 23.883806 -1.433393
23.883806 23.883806 32.548607
23.338552 24.832697 -1.972502
23.338552 24.832697 32.009498
24.832697 23.338552 -1.972502
24.832697 23.338552 32.009498
24.053107 18.593694 18.593694
23.884408 17.402415 18.391875
23.143588 19.381335 18.391875
LINES 4404 13212
2 0 438
2 0 1029
2 0 1213
2 1 439
2 1 1030
2 1 1214
2 2 3
2 2 4
2 2 194
2 4 1024
2 4 1031
2 5 22
2 5 218
2 5 1029
2 5 1268
2 6 23
2 6 219
2 6 1030
2 6 1269
2 7 417
2 7 2052
2 7 2193
2 8 418
2 8 2053
2 8 2194
2 9 10
2 9 12
2 9 150
2 12 2045
2 12 2054
2 13 35
2 13 248
2 13 2052
2 13 2252
2 14 249
2 14 2253
2 15 36
2 15 250
2 15 2053
2 15 2254
2 16 251
2 16 2255
2 17 489
2 17 1046
2 17 1217
2 18 20
2 18 22
2 18 198
2 19 21
2 19 23
2 19 199
2 22 1042
2 23 1043
2 24 31
2 24 2076
2 24 2228
2 25 27
2 25 35
2 25 186
2 26 29
2 26 36
2 26 187
2 31 32
2 31 33
2 31 34
2 35 2063
2 36 2064
2 37 483
2 37 1065
2 37 1183
2 38 40
2 38 44
2 38 163
2 39 42
2 39 45
2 39 164
2 44 46
2 44 1060
2 45 48
2 45 1061
2 46 272
2 46 1088
2 46 1302
2 47 273
2 47 1303
2 48 274
2 48 1089
2 48 1304
2 49 275
2 49 1305
2 50 498
2 50 2094
2 50 2216
2 51 53
2 51 55
2 51 175
2 52 54
2 52 56
2 52 176
2 55 57
2 55 2090
2 56 58
2 56 2091
2 57 282
2 57 2115
2 57 2290
2 58 283
2 58 2116
2 58 2291
2 59 64
2 59 1088
2 59 1198
2 60 65
2 60 1089
2 60 1199
2 61 62
2 61 72
2 61 181
2 64 66
2 64 68
2 64 70
2 65 67
2 65 69
2 65 71
2 72 1066
2 72 1077
2 73 444
2 73 2115
2 73 2202
2 74 445
2 74 2116
2 74 2203
2 75 76
2 75 77
2 75 155
2 77 2095
2 77 2110
2 78 471
2 78 599
2 78 645
2 79 472
2 79 600
2 79 646
2 80 81
2 80 82
2 80 129
2 82 594
2 82 601
2 83 127
2 83 403
2 83 599
2 83 884
2 84 128
2 84 404
2 84 600
2 84 885
2 85 501
2 85 607
2 85 650
2 86 88
2 86 92
2 86 133
2 87 89
2 87 93
2 87 134
2 92 94
2 92 602
2 93 95
2 93 603
2 94 386
2 94 645
2 94 873
2 95 387
2 95 646
2 95 874
2 96 388
2 96 875
2 97 389
2 97 876
2 98 103
2 98 618
2 98 658
2 99 104
2 99 619
2 99 659
2 100 101
2 100 105
2 100 141
2 103 143
2 103 145
2 103 147
2 104 144
2 104 146
2 104 148
2 105 610
2 105 620
2 106 139
2 106 413
2 106 618
2 106 900
2 107 140
2 107 414
2 107 619
2 107 901
2 108 415
2 108 902
2 109 416
2 109 903
2 110 115
2 110 634
2 110 638
2 111 113
2 111 119
2 111 123
2 112 114
2 112 120
2 112 124
2 115 116
2 115 117
2 115 118
2 119 121
2 119 622
2 120 122
2 120 623
2 121 373
2 121 658
2 121 908
2 122 374
2 122 659
2 122 909
2 123 125
2 123 127
2 124 126
2 124 128
2 127 622
2 128 623
2 129 130
2 129 132
2 132 594
2 132 608
2 133 135
2 133 139
2 134 136
2 134 140
2 139 602
2 140 603
2 141 142
2 141 149
2 149 610
2 149 635
2 150 151
2 150 152
2 152 2045
2 152 2195
2 153 179
2 153 352
2 153 2193
2 153 2331
2 154 180
2 154 353
2 154 2194
2 154 2332
2 155 156
2 155 158
2 158 2110
2 158 2204
2 159 192
2 159 326
2 159 2202
2 159 2383
2 160 327
2 160 2384
2 161 193
2 161 328
2 161 2203
2 161 2385
2 162 329
2 162 2386
2 163 165
2 163 169
2 164 166
2 164 170
2 169 171
2 169 1060
2 170 172
2 170 1061
2 171 338
2 171 1213
2 171 1322
2 172 339
2 172 1214
2 172 1323
2 173 340
2 173 1324
2 174 341
2 174 1325
2 175 177
2 175 179
2 176 178
2 176 180
2 179 2090
2 180 2091
2 181 182
2 181 183
2 183 1077
2 183 1200
2 184 202
2 184 312
2 184 1198
2 184 1380
2 185 203
2 185 313
2 185 1199
2 185 1381
2 186 188
2 186 192
2 187 190
2 187 193
2 192 2063
2 193 2064
2 194 195
2 194 197
2 197 1024
2 197 1184
2 198 200
2 198 202
2 199 201
2 199 203
2 202 1042
2 203 1043
2 204 210
2 204 403
2 204 492
2 205 211
2 205 404
2 205 493
2 206 208
2 206 210
2 206 399
2 207 209
2 207 211
2 207 400
2 210 2054
2 211 2055
2 212 218
2 212 367
2 212 477
2 213 219
2 213 368
2 213 478
2 214 216
2 214 218
2 214 363
2 215 217
2 215 219
2 215 364
2 220 232
2 220 248
2 220 413
2 221 233
2 221 249
2 221 414
2 222 234
2 222 250
2 222 415
2 223 235
2 223 251
2 223 416
2 224 228
2 224 248
2 224 405
2 225 229
2 225 249
2 225 406
2 226 230
2 226 250
2 226 407
2 227 231
2 227 251
2 227 408
2 232 236
2 232 240
2 232 244
2 233 237
2 233 241
2 233 245
2 234 238
2 234 242
2 234 246
2 235 239
2 235 243
2 235 247
2 252 255
2 252 398
2 252 456
2 253 254
2 253 255
2 253 396
2 255 1031
2 256 259
2 256 377
2 256 486
2 257 258
2 257 259
2 257 375
2 259 2095
2 260 272
2 260 386
2 260 504
2 261 273
2 261 387
2 261 505
2 262 274
2 262 388
2 262 506
2 263 275
2 263 389
2 263 507
2 264 268
2 264 272
2 264 378
2 265 269
2 265 273
2 265 379
2 266 270
2 266 274
2 266 380
2 267 271
2 267 275
2 267 381
2 276 282
2 276 394
2 276 450
2 277 283
2 277 395
2 277 451
2 278 280
2 278 282
2 278 390
2 279 281
2 279 283
2 279 391
2 284 290
2 284 373
2 284 459
2 285 291
2 285 374
2 285 460
2 286 288
2 286 290
2 286 369
2 287 289
2 287 291
2 287 370
2 290 1066
2 291 1067
2 292 298
2 292 300
2 292 352
2 293 299
2 293 301
2 293 353
2 294 296
2 294 300
2 294 342
2 295 297
2 295 301
2 295 343
2 298 346
2 298 348
2 298 350
2 299 347
2 299 349
2 299 351
2 300 1184
2 301 1185
2 302 305
2 302 356
2 302 423
2 303 304
2 303 305
2 303 354
2 305 2195
2 306 312
2 306 361
2 306 465
2 307 313
2 307 362
2 307 466
2 308 310
2 308 312
2 308 357
2 309 311
2 309 313
2 309 358
2 314 326
2 314 338
2 314 426
2 315 327
2 315 339
2 315 427
2 316 328
2 316 340
2 316 428
2 317 329
2 317 341
2 317 429
2 318 322
2 318 326
2 318 330
2 319 323
2 319 327
2 319 331
2 320 324
2 320 328
2 320 332
2 321 325
2 321 329
2 321 333
2 330 334
2 330 338
2 331 335
2 331 339
2 332 336
2 332 340
2 333 337
2 333 341
2 342 344
2 342 352
2 343 345
2 343 353
2 354 355
2 354 356
2 356 1200
2 357 359
2 357 361
2 358 360
2 358 362
2 361 2204
2 362 2205
2 363 365
2 363 367
2 364 366
2 364 368
2 367 608
2 368 609
2 369 371
2 369 373
2 370 372
2 370 374
2 375 376
2 375 377
2 377 601
2 378 382
2 378 386
2 379 383
2 379 387
2 380 384
2 380 388
2 381 385
2 381 389
2 390 392
2 390 394
2 391 393
2 391 395
2 394 620
2 395 621
2 396 397
2 396 398
2 398 635
2 399 401
2 399 403
2 400 402
2 400 404
2 405 409
2 405 413
2 406 410
2 406 414
2 407 411
2 407 415
2 408 412
2 408 416
2 417 419
2 417 421
2 418 420
2 418 422
2 423 424
2 423 425
2 426 430
2 426 434
2 427 431
2 427 435
2 428 432
2 428 436
2 429 433
2 429 437
2 438 440
2 438 442
2 439 441
2 439 443
2 444 446
2 444 448
2 445 447
2 445 449
2 450 452
2 450 454
2 451 453
2 451 455
2 456 457
2 456 458
2 459 461
2 459 463
2 460 462
2 460 464
2 465 467
2 465 469
2 466 468
2 466 470
2 471 473
2 471 475
2 472 474
2 472 476
2 477 479
2 477 481
2 478 480
2 478 482
2 483 484
2 483 485
2 486 487
2 486 488
2 489 490
2 489 491
2 492 494
2 492 496
2 493 495
2 493 497
2 498 499
2 498 500
2 501 502
2 501 503
2 504 508
2 504 512
2 505 509
2 505 513
2 506 510
2 506 514
2 507 511
2 507 515
2 516 940
2 516 1542
2 516 1718
2 517 941
2 517 1543
2 517 1719
2 518 520
2 518 521
2 518 704
2 521 1535
2 521 1545
2 522 730
2 522 1763
2 523 540
2 523 731
2 523 1542
2 523 1764
2 524 732
2 524 1765
2 525 541
2 525 733
2 525 1543
2 525 1766
2 526 919
2 526 2561
2 526 2695
2 527 920
2 527 2562
2 527 2696
2 528 529
2 528 530
2 528 660
2 530 2556
2 530 2563
2 531 551
2 531 748
2 531 2561
2 531 2748
2 532 552
2 532 749
2 532 2562
2 532 2749
2 533 1003
2 533 1558
2 533 1722
2 534 537
2 534 540
2 534 708
2 535 539
2 535 541
2 535 709
2 540 1553
2 541 1554
2 542 547
2 542 2585
2 542 2730
2 543 545
2 543 551
2 543 696
2 544 546
2 544 552
2 544 697
2 547 548
2 547 549
2 547 550
2 551 2573
2 552 2574
2 553 994
2 553 1574
2 553 1688
2 554 556
2 554 558
2 554 673
2 555 557
2 555 559
2 555 674
2 558 560
2 558 1570
2 559 561
2 559 1571
2 560 772
2 560 1598
2 560 1801
2 561 773
2 561 1599
2 561 1802
2 562 1009
2 562 2600
2 562 2718
2 563 566
2 563 569
2 563 685
2 564 568
2 564 570
2 564 686
2 569 572
2 569 2595
2 570 574
2 570 2596
2 571 786
2 571 2794
2 572 787
2 572 2623
2 572 2795
2 573 788
2 573 2796
2 574 789
2 574 2624
2 574 2797
2 575 579
2 575 1598
2 575 1703
2 576 580
2 576 1599
2 576 1704
2 577 578
2 577 587
2 577 691
2 579 581
2 579 583
2 579 585
2 580 582
2 580 584
2 580 586
2 587 1575
2 587 1589
2 588 946
2 588 2623
2 588 2704
2 589 947
2 589 2624
2 589 2705
2 590 592
2 590 593
2 590 665
2 593 2602
2 593 2616
2 594 979
2 595 597
2 595 599
2 595 639
2 596 598
2 596 600
2 596 640
2 601 638
2 601 912
2 602 1012
2 603 1013
2 604 605
2 604 607
2 604 647
2 607 608
2 608 890
2 609 891
2 610 617
2 611 613
2 611 618
2 611 651
2 612 614
2 612 619
2 612 652
2 617 655
2 617 656
2 617 657
2 620 650
2 620 917
2 621 918
2 622 626
2 623 627
2 624 625
2 624 634
2 624 636
2 626 628
2 626 630
2 626 632
2 627 629
2 627 631
2 627 633
2 634 635
2 635 879
2 636 637
2 636 638
2 639 641
2 639 645
2 640 642
2 640 646
2 647 648
2 647 650
2 651 653
2 651 658
2 652 654
2 652 659
2 660 661
2 660 662
2 662 2556
2 662 2697
2 663 689
2 663 854
2 663 2695
2 663 2829
2 664 690
2 664 855
2 664 2696
2 664 2830
2 665 666
2 665 668
2 668 2616
2 668 2706
2 669 702
2 669 828
2 669 2704
2 669 2881
2 670 829
2 670 2882
2 671 703
2 671 830
2 671 2705
2 671 2883
2 672 831
2 672 2884
2 673 675
2 673 679
2 674 676
2 674 680
2 679 681
2 679 1570
2 680 682
2 680 1571
2 681 840
2 681 1718
2 681 1819
2 682 841
2 682 1719
2 682 1820
2 683 842
2 683 1821
2 684 843
2 684 1822
2 685 687
2 685 689
2 686 688
2 686 690
2 689 2595
2 690 2596
2 691 692
2 691 693
2 693 1589
2 693 1705
2 694 712
2 694 814
2 694 1703
2 694 1877
2 695 713
2 695 815
2 695 1704
2 695 1878
2 696 698
2 696 702
2 697 700
2 697 703
2 702 2573
2 703 2574
2 704 705
2 704 707
2 707 1535
2 707 1689
2 708 710
2 708 712
2 709 711
2 709 713
2 712 1553
2 713 1554
2 714 717
2 714 912
2 714 1006
2 715 716
2 715 717
2 715 910
2 717 2563
2 718 730
2 718 873
2 718 982
2 719 731
2 719 874
2 719 983
2 720 732
2 720 875
2 720 984
2 721 733
2 721 876
2 721 985
2 722 726
2 722 730
2 722 865
2 723 727
2 723 731
2 723 866
2 724 728
2 724 732
2 724 867
2 725 729
2 725 733
2 725 868
2 734 740
2 734 748
2 734 917
2 735 741
2 735 749
2 735 918
2 736 738
2 736 748
2 736 913
2 737 739
2 737 749
2 737 914
2 740 742
2 740 744
2 740 746
2 741 743
2 741 745
2 741 747
2 750 756
2 750 908
2 750 964
2 751 757
2 751 909
2 751 965
2 752 754
2 752 756
2 752 904
2 753 755
2 753 757
2 753 905
2 756 1544
2 757 1545
2 758 764
2 758 884
2 758 997
2 759 765
2 759 885
2 759 998
2 760 762
2 760 764
2 760 880
2 761 763
2 761 765
2 761 881
2 764 2601
2 765 2602
2 766 772
2 766 890
2 766 1018
2 767 773
2 767 891
2 767 1019
2 768 770
2 768 772
2 768 886
2 769 771
2 769 773
2 769 887
2 774 786
2 774 900
2 774 952
2 775 787
2 775 901
2 775 953
2 776 788
2 776 902
2 776 954
2 777 789
2 777 903
2 777 955
2 778 782
2 778 786
2 778 892
2 779 783
2 779 787
2 779 893
2 780 784
2 780 788
2 780 894
2 781 785
2 781 789
2 781 895
2 790 793
2 790 879
2 790 970
2 791 792
2 791 793
2 791 877
2 793 1575
2 794 800
2 794 802
2 794 854
2 795 801
2 795 803
2 795 855
2 796 798
2 796 802
2 796 844
2 797 799
2 797 803
2 797 845
2 800 848
2 800 850
2 800 852
2 801 849
2 801 851
2 801 853
2 802 1689
2 803 1690
2 804 807
2 804 858
2 804 925
2 805 806
2 805 807
2 805 856
2 807 2697
2 808 814
2 808 863
2 808 973
2 809 815
2 809 864
2 809 974
2 810 812
2 810 814
2 810 859
2 811 813
2 811 815
2 811 860
2 816 828
2 816 840
2 816 928
2 817 829
2 817 841
2 817 929
2 818 830
2 818 842
2 818 930
2 819 831
2 819 843
2 819 931
2 820 824
2 820 828
2 820 832
2 821 825
2 821 829
2 821 833
2 822 826
2 822 830
2 822 834
2 823 827
2 823 831
2 823 835
2 832 836
2 832 840
2 833 837
2 833 841
2 834 838
2 834 842
2 835 839
2 835 843
2 844 846
2 844 854
2 845 847
2 845 855
2 856 857
2 856 858
2 858 1705
2 859 861
2 859 863
2 860 862
2 860 864
2 863 2706
2 864 2707
2 865 869
2 865 873
2 866 870
2 866 874
2 867 871
2 867 875
2 868 872
2 868 876
2 877 878
2 877 879
2 880 882
2 880 884
2 881 883
2 881 885
2 886 888
2 886 890
2 887 889
2 887 891
2 892 896
2 892 900
2 893 897
2 893 901
2 894 898
2 894 902
2 895 899
2 895 903
2 904 906
2 904 908
2 905 907
2 905 909
2 910 911
2 910 912
2 913 915
2 913 917
2 914 916
2 914 918
2 919 921
2 919 923
2 920 922
2 920 924
2 925 926
2 925 927
2 928 932
2 928 936
2 929 933
2 929 937
2 930 934
2 930 938
2 931 935
2 931 939
2 940 942
2 940 944
2 941 943
2 941 945
2 946 948
2 946 950
2 947 949
2 947 951
2 952 956
2 952 960
2 953 957
2 953 961
2 954 958
2 954 962
2 955 959
2 955 963
2 964 966
2 964 968
2 965 967
2 965 969
2 970 971
2 970 972
2 973 975
2 973 977
2 974 976
2 974 978
2 979 980
2 979 981
2 982 986
2 982 990
2 983 987
2 983 991
2 984 988
2 984 992
2 985 989
2 985 993
2 994 995
2 994 996
2 997 999
2 997 1001
2 998 1000
2 998 1002
2 1003 1004
2 1003 1005
2 1006 1007
2 1006 1008
2 1009 1010
2 1009 1011
2 1012 1014
2 1012 1016
2 1013 1015
2 1013 1017
2 1018 1020
2 1018 1022
2 1019 1021
2 1019 1023
2 1024 1457
2 1025 1027
2 1025 1029
2 1025 1207
2 1026 1028
2 1026 1030
2 1026 1208
2 1031 1046
2 1031 1229
2 1032 1439
2 1032 3062
2 1032 3197
2 1033 1440
2 1033 3063
2 1033 3198
2 1034 1035
2 1034 1037
2 1034 1167
2 1037 3055
2 1037 3064
2 1038 1058
2 1038 1258
2 1038 3062
2 1038 3251
2 1039 1259
2 1039 3252
2 1040 1059
2 1040 1260
2 1040 3063
2 1040 3253
2 1041 1261
2 1041 3254
2 1042 1511
2 1043 1512
2 1044 1045
2 1044 1046
2 1044 1215
2 1047 1054
2 1047 3084
2 1047 3228
2 1048 1050
2 1048 1058
2 1048 1201
2 1049 1052
2 1049 1059
2 1049 1202
2 1054 1055
2 1054 1056
2 1054 1057
2 1058 3071
2 1059 3072
2 1060 1502
2 1061 1503
2 1062 1063
2 1062 1065
2 1062 1180
2 1065 1066
2 1066 1280
2 1067 1281
2 1068 1523
2 1068 3097
2 1068 3215
2 1069 1071
2 1069 1073
2 1069 1186
2 1070 1072
2 1070 1074
2 1070 1187
2 1073 1075
2 1073 3093
2 1074 1076
2 1074 3094
2 1075 1288
2 1075 3117
2 1075 3289
2 1076 1289
2 1076 3118
2 1076 3290
2 1077 1084
2 1078 1080
2 1078 1088
2 1078 1194
2 1079 1082
2 1079 1089
2 1079 1195
2 1084 1085
2 1084 1086
2 1084 1087
2 1090 1460
2 1090 3117
2 1090 3205
2 1091 1461
2 1091 3118
2 1091 3206
2 1092 1093
2 1092 1094
2 1092 1175
2 1094 3098
2 1094 3112
2 1095 1493
2 1095 1611
2 1095 1655
2 1096 1494
2 1096 1612
2 1096 1656
2 1097 1098
2 1097 1099
2 1097 1146
2 1099 1606
2 1099 1613
2 1100 1144
2 1100 1425
2 1100 1611
2 1100 1898
2 1101 1145
2 1101 1426
2 1101 1612
2 1101 1899
2 1102 1526
2 1102 1618
2 1102 1660
2 1103 1105
2 1103 1107
2 1103 1149
2 1104 1106
2 1104 1108
2 1104 1150
2 1107 1109
2 1107 1614
2 1108 1110
2 1108 1615
2 1109 1407
2 1109 1655
2 1109 1886
2 1110 1408
2 1110 1656
2 1110 1887
2 1111 1116
2 1111 1628
2 1111 1670
2 1112 1117
2 1112 1629
2 1112 1671
2 1113 1114
2 1113 1118
2 1113 1157
2 1116 1160
2 1116 1162
2 1116 1164
2 1117 1161
2 1117 1163
2 1117 1165
2 1118 1620
2 1118 1630
2 1119 1155
2 1119 1435
2 1119 1628
2 1119 1911
2 1120 1156
2 1120 1436
2 1120 1629
2 1120 1912
2 1121 1437
2 1121 1913
2 1122 1438
2 1122 1914
2 1123 1130
2 1123 1645
2 1123 1650
2 1124 1128
2 1124 1134
2 1124 1140
2 1125 1129
2 1125 1135
2 1125 1141
2 1130 1131
2 1130 1132
2 1130 1133
2 1134 1138
2 1134 1632
2 1135 1139
2 1135 1633
2 1136 1396
2 1136 1923
2 1137 1397
2 1137 1924
2 1138 1398
2 1138 1670
2 1138 1925
2 1139 1399
2 1139 1671
2 1139 1926
2 1140 1142
2 1140 1144
2 1141 1143
2 1141 1145
2 1144 1632
2 1145 1633
2 1146 1147
2 1146 1148
2 1148 1606
2 1148 1619
2 1149 1151
2 1149 1155
2 1150 1152
2 1150 1156
2 1155 1614
2 1156 1615
2 1157 1159
2 1157 1166
2 1166 1620
2 1166 1647
2 1167 1169
2 1167 1170
2 1170 3055
2 1170 3200
2 1171 1372
2 1171 3341
2 1172 1192
2 1172 1373
2 1172 3197
2 1172 3342
2 1173 1374
2 1173 3343
2 1174 1193
2 1174 1375
2 1174 3198
2 1174 3344
2 1175 1176
2 1175 1177
2 1177 3112
2 1177 3207
2 1178 1205
2 1178 1344
2 1178 3205
2 1178 3388
2 1179 1206
2 1179 1345
2 1179 3206
2 1179 3389
2 1180 1181
2 1180 1183
2 1183 1184
2 1184 1350
2 1185 1351
2 1186 1189
2 1186 1192
2 1187 1191
2 1187 1193
2 1192 3093
2 1193 3094
2 1194 1196
2 1194 1198
2 1195 1197
2 1195 1199
2 1200 1217
2 1200 1337
2 1201 1203
2 1201 1205
2 1202 1204
2 1202 1206
2 1205 3071
2 1206 3072
2 1207 1209
2 1207 1213
2 1208 1210
2 1208 1214
2 1215 1216
2 1215 1217
2 1218 1224
2 1218 1425
2 1218 1517
2 1219 1225
2 1219 1426
2 1219 1518
2 1220 1222
2 1220 1224
2 1220 1421
2 1221 1223
2 1221 1225
2 1221 1422
2 1224 3064
2 1225 3065
2 1226 1229
2 1226 1387
2 1226 1499
2 1227 1228
2 1227 1229
2 1227 1385
2 1230 1242
2 1230 1258
2 1230 1435
2 1231 1243
2 1231 1259
2 1231 1436
2 1232 1244
2 1232 1260
2 1232 1437
2 1233 1245
2 1233 1261
2 1233 1438
2 1234 1238
2 1234 1258
2 1234 1427
2 1235 1239
2 1235 1259
2 1235 1428
2 1236 1240
2 1236 1260
2 1236 1429
2 1237 1241
2 1237 1261
2 1237 1430
2 1242 1246
2 1242 1250
2 1242 1254
2 1243 1247
2 1243 1251
2 1243 1255
2 1244 1248
2 1244 1252
2 1244 1256
2 1245 1249
2 1245 1253
2 1245 1257
2 1262 1268
2 1262 1419
2 1262 1472
2 1263 1269
2 1263 1420
2 1263 1473
2 1264 1266
2 1264 1268
2 1264 1415
2 1265 1267
2 1265 1269
2 1265 1416
2 1270 1273
2 1270 1402
2 1270 1508
2 1271 1272
2 1271 1273
2 1271 1400
2 1273 3098
2 1274 1280
2 1274 1407
2 1274 1529
2 1275 1281
2 1275 1408
2 1275 1530
2 1276 1278
2 1276 1280
2 1276 1403
2 1277 1279
2 1277 1281
2 1277 1404
2 1282 1288
2 1282 1413
2 1282 1466
2 1283 1289
2 1283 1414
2 1283 1467
2 1284 1286
2 1284 1288
2 1284 1409
2 1285 1287
2 1285 1289
2 1285 1410
2 1290 1302
2 1290 1396
2 1290 1478
2 1291 1303
2 1291 1397
2 1291 1479
2 1292 1304
2 1292 1398
2 1292 1480
2 1293 1305
2 1293 1399
2 1293 1481
2 1294 1298
2 1294 1302
2 1294 1388
2 1295 1299
2 1295 1303
2 1295 1389
2 1296 1300
2 1296 1304
2 1296 1390
2 1297 1301
2 1297 1305
2 1297 1391
2 1306 1318
2 1306 1322
2 1306 1372
2 1307 1319
2 1307 1323
2 1307 1373
2 1308 1320
2 1308 1324
2 1308 1374
2 1309 1321
2 1309 1325
2 1309 1375
2 1310 1314
2 1310 1322
2 1310 1352
2 1311 1315
2 1311 1323
2 1311 1353
2 1312 1316
2 1312 1324
2 1312 1354
2 1313 1317
2 1313 1325
2 1313 1355
2 1318 1360
2 1318 1364
2 1318 1368
2 1319 1361
2 1319 1365
2 1319 1369
2 1320 1362
2 1320 1366
2 1320 1370
2 1321 1363
2 1321 1367
2 1321 1371
2 1326 1332
2 1326 1380
2 1326 1445
2 1327 1333
2 1327 1381
2 1327 1446
2 1328 1330
2 1328 1332
2 1328 1376
2 1329 1331
2 1329 1333
2 1329 1377
2 1332 3199
2 1333 3200
2 1334 1337
2 1334 1384
2 1334 1490
2 1335 1336
2 1335 1337
2 1335 1382
2 1338 1344
2 1338 1350
2 1338 1451
2 1339 1345
2 1339 1351
2 1339 1452
2 1340 1342
2 1340 1344
2 1340 1346
2 1341 1343
2 1341 1345
2 1341 1347
2 1346 1348
2 1346 1350
2 1347 1349
2 1347 1351
2 1352 1356
2 1352 1372
2 1353 1357
2 1353 1373
2 1354 1358
2 1354 1374
2 1355 1359
2 1355 1375
2 1376 1378
2 1376 1380
2 1377 1379
2 1377 1381
2 1382 1383
2 1382 1384
2 1384 3207
2 1385 1386
2 1385 1387
2 1387 1619
2 1388 1392
2 1388 1396
2 1389 1393
2 1389 1397
2 1390 1394
2 1390 1398
2 1391 1395
2 1391 1399
2 1400 1401
2 1400 1402
2 1402 1613
2 1403 1405
2 1403 1407
2 1404 1406
2 1404 1408
2 1409 1411
2 1409 1413
2 1410 1412
2 1410 1414
2 1413 1630
2 1414 1631
2 1415 1417
2 1415 1419
2 1416 1418
2 1416 1420
2 1419 1646
2 1420 1647
2 1421 1423
2 1421 1425
2 1422 1424
2 1422 1426
2 1427 1431
2 1427 1435
2 1428 1432
2 1428 1436
2 1429 1433
2 1429 1437
2 1430 1434
2 1430 1438
2 1439 1441
2 1439 1443
2 1440 1442
2 1440 1444
2 1445 1447
2 1445 1449
2 1446 1448
2 1446 1450
2 1451 1453
2 1451 1455
2 1452 1454
2 1452 1456
2 1457 1458
2 1457 1459
2 1460 1462
2 1460 1464
2 1461 1463
2 1461 1465
2 1466 1468
2 1466 1470
2 1467 1469
2 1467 1471
2 1472 1474
2 1472 1476
2 1473 1475
2 1473 1477
2 1478 1482
2 1478 1486
2 1479 1483
2 1479 1487
2 1480 1484
2 1480 1488
2 1481 1485
2 1481 1489
2 1490 1491
2 1490 1492
2 1493 1495
2 1493 1497
2 1494 1496
2 1494 1498
2 1499 1500
2 1499 1501
2 1502 1504
2 1502 1506
2 1503 1505
2 1503 1507
2 1508 1509
2 1508 1510
2 1511 1513
2 1511 1515
2 1512 1514
2 1512 1516
2 1517 1519
2 1517 1521
2 1518 1520
2 1518 1522
2 1523 1524
2 1523 1525
2 1526 1527
2 1526 1528
2 1529 1531
2 1529 1533
2 1530 1532
2 1530 1534
2 1535 1954
2 1536 1539
2 1536 1542
2 1536 1712
2 1537 1541
2 1537 1543
2 1537 1713
2 1544 1733
2 1545 1558
2 1545 1734
2 1546 1936
2 1546 3565
2 1546 3693
2 1547 1937
2 1547 3566
2 1547 3694
2 1548 1549
2 1548 1550
2 1548 1672
2 1550 3560
2 1550 3567
2 1551 1568
2 1551 1749
2 1551 3565
2 1551 3741
2 1552 1569
2 1552 1750
2 1552 3566
2 1552 3742
2 1553 2017
2 1554 2018
2 1555 1557
2 1555 1558
2 1555 1720
2 1559 1564
2 1559 3586
2 1559 3724
2 1560 1562
2 1560 1568
2 1560 1706
2 1561 1563
2 1561 1569
2 1561 1707
2 1564 1565
2 1564 1566
2 1564 1567
2 1568 3574
2 1569 3575
2 1570 2005
2 1571 2006
2 1572 1573
2 1572 1574
2 1572 1685
2 1574 1575
2 1575 1778
2 1576 2026
2 1576 3598
2 1576 3711
2 1577 1580
2 1577 1583
2 1577 1691
2 1578 1582
2 1578 1584
2 1578 1692
2 1583 1586
2 1583 3593
2 1584 1588
2 1584 3594
2 1585 1791
2 1585 3787
2 1586 1792
2 1586 3619
2 1586 3788
2 1587 1793
2 1587 3789
2 1588 1794
2 1588 3620
2 1588 3790
2 1589 1594
2 1590 1592
2 1590 1598
2 1590 1699
2 1591 1593
2 1591 1599
2 1591 1700
2 1594 1595
2 1594 1596
2 1594 1597
2 1600 1957
2 1600 3619
2 1600 3701
2 1601 1958
2 1601 3620
2 1601 3702
2 1602 1604
2 1602 1605
2 1602 1680
2 1605 3600
2 1605 3612
2 1606 1996
2 1607 1609
2 1607 1611
2 1607 1651
2 1608 1610
2 1608 1612
2 1608 1652
2 1613 1650
2 1613 1929
2 1614 2029
2 1615 2030
2 1616 1617
2 1616 1618
2 1616 1657
2 1618 1619
2 1619 1902
2 1620 1627
2 1621 1623
2 1621 1628
2 1621 1661
2 1622 1624
2 1622 1629
2 1622 1662
2 1627 1667
2 1627 1668
2 1627 1669
2 1630 1660
2 1630 1934
2 1631 1935
2 1632 1637
2 1633 1638
2 1634 1636
2 1634 1645
2 1634 1648
2 1637 1639
2 1637 1641
2 1637 1643
2 1638 1640
2 1638 1642
2 1638 1644
2 1645 1647
2 1646 1892
2 1647 1893
2 1648 1649
2 1648 1650
2 1651 1653
2 1651 1655
2 1652 1654
2 1652 1656
2 1657 1658
2 1657 1660
2 1661 1665
2 1661 1670
2 1662 1666
2 1662 1671
2 1672 1674
2 1672 1675
2 1675 3560
2 1675 3696
2 1676 1869
2 1676 3833
2 1677 1697
2 1677 1870
2 1677 3693
2 1677 3834
2 1678 1871
2 1678 3835
2 1679 1698
2 1679 1872
2 1679 3694
2 1679 3836
2 1680 1681
2 1680 1682
2 1682 3612
2 1682 3703
2 1683 1710
2 1683 1841
2 1683 3701
2 1683 3880
2 1684 1711
2 1684 1842
2 1684 3702
2 1684 3881
2 1685 1686
2 1685 1688
2 1688 1689
2 1689 1847
2 1690 1848
2 1691 1694
2 1691 1697
2 1692 1696
2 1692 1698
2 1697 3593
2 1698 3594
2 1699 1701
2 1699 1703
2 1700 1702
2 1700 1704
2 1705 1722
2 1705 1834
2 1706 1708
2 1706 1710
2 1707 1709
2 1707 1711
2 1710 3574
2 1711 3575
2 1712 1714
2 1712 1718
2 1713 1715
2 1713 1719
2 1720 1721
2 1720 1722
2 1723 1726
2 1723 1929
2 1723 2023
2 1724 1725
2 1724 1726
2 1724 1927
2 1726 3567
2 1727 1733
2 1727 1886
2 1727 1999
2 1728 1734
2 1728 1887
2 1728 2000
2 1729 1731
2 1729 1733
2 1729 1882
2 1730 1732
2 1730 1734
2 1730 1883
2 1735 1741
2 1735 1749
2 1735 1934
2 1736 1742
2 1736 1750
2 1736 1935
2 1737 1739
2 1737 1749
2 1737 1930
2 1738 1740
2 1738 1750
2 1738 1931
2 1741 1743
2 1741 1745
2 1741 1747
2 1742 1744
2 1742 1746
2 1742 1748
2 1751 1763
2 1751 1923
2 1751 1975
2 1752 1764
2 1752 1924
2 1752 1976
2 1753 1765
2 1753 1925
2 1753 1977
2 1754 1766
2 1754 1926
2 1754 1978
2 1755 1759
2 1755 1763
2 1755 1915
2 1756 1760
2 1756 1764
2 1756 1916
2 1757 1761
2 1757 1765
2 1757 1917
2 1758 1762
2 1758 1766
2 1758 1918
2 1767 1773
2 1767 1898
2 1767 2011
2 1768 1774
2 1768 1899
2 1768 2012
2 1769 1771
2 1769 1773
2 1769 1894
2 1770 1772
2 1770 1774
2 1770 1895
2 1773 3599
2 1774 3600
2 1775 1778
2 1775 1902
2 1775 2035
2 1776 1777
2 1776 1778
2 1776 1900
2 1779 1791
2 1779 1911
2 1779 1963
2 1780 1792
2 1780 1912
2 1780 1964
2 1781 1793
2 1781 1913
2 1781 1965
2 1782 1794
2 1782 1914
2 1782 1966
2 1783 1787
2 1783 1791
2 1783 1903
2 1784 1788
2 1784 1792
2 1784 1904
2 1785 1789
2 1785 1793
2 1785 1905
2 1786 1790
2 1786 1794
2 1786 1906
2 1795 1801
2 1795 1892
2 1795 1987
2 1796 1802
2 1796 1893
2 1796 1988
2 1797 1799
2 1797 1801
2 1797 1888
2 1798 1800
2 1798 1802
2 1798 1889
2 1803 1815
2 1803 1819
2 1803 1869
2 1804 1816
2 1804 1820
2 1804 1870
2 1805 1817
2 1805 1821
2 1805 1871
2 1806 1818
2 1806 1822
2 1806 1872
2 1807 1811
2 1807 1819
2 1807 1849
2 1808 1812
2 1808 1820
2 1808 1850
2 1809 1813
2 1809 1821
2 1809 1851
2 1810 1814
2 1810 1822
2 1810 1852
2 1815 1857
2 1815 1861
2 1815 1865
2 1816 1858
2 1816 1862
2 1816 1866
2 1817 1859
2 1817 1863
2 1817 1867
2 1818 1860
2 1818 1864
2 1818 1868
2 1823 1829
2 1823 1877
2 1823 1942
2 1824 1830
2 1824 1878
2 1824 1943
2 1825 1827
2 1825 1829
2 1825 1873
2 1826 1828
2 1826 1830
2 1826 1874
2 1829 3695
2 1830 3696
2 1831 1834
2 1831 1881
2 1831 1993
2 1832 1833
2 1832 1834
2 1832 1879
2 1835 1841
2 1835 1847
2 1835 1948
2 1836 1842
2 1836 1848
2 1836 1949
2 1837 1839
2 1837 1841
2 1837 1843
2 1838 1840
2 1838 1842
2 1838 1844
2 1843 1845
2 1843 1847
2 1844 1846
2 1844 1848
2 1849 1853
2 1849 1869
2 1850 1854
2 1850 1870
2 1851 1855
2 1851 1871
2 1852 1856
2 1852 1872
2 1873 1875
2 1873 1877
2 1874 1876
2 1874 1878
2 1879 1880
2 1879 1881
2 1881 3703
2 1882 1884
2 1882 1886
2 1883 1885
2 1883 1887
2 1888 1890
2 1888 1892
2 1889 1891
2 1889 1893
2 1894 1896
2 1894 1898
2 1895 1897
2 1895 1899
2 1900 1901
2 1900 1902
2 1903 1907
2 1903 1911
2 1904 1908
2 1904 1912
2 1905 1909
2 1905 1913
2 1906 1910
2 1906 1914
2 1915 1919
2 1915 1923
2 1916 1920
2 1916 1924
2 1917 1921
2 1917 1925
2 1918 1922
2 1918 1926
2 1927 1928
2 1927 1929
2 1930 1932
2 1930 1934
2 1931 1933
2 1931 1935
2 1936 1938
2 1936 1940
2 1937 1939
2 1937 1941
2 1942 1944
2 1942 1946
2 1943 1945
2 1943 1947
2 1948 1950
2 1948 1952
2 1949 1951
2 1949 1953
2 1954 1955
2 1954 1956
2 1957 1959
2 1957 1961
2 1958 1960
2 1958 1962
2 1963 1967
2 1963 1971
2 1964 1968
2 1964 1972
2 1965 1969
2 1965 1973
2 1966 1970
2 1966 1974
2 1975 1979
2 1975 1983
2 1976 1980
2 1976 1984
2 1977 1981
2 1977 1985
2 1978 1982
2 1978 1986
2 1987 1989
2 1987 1991
2 1988 1990
2 1988 1992
2 1993 1994
2 1993 1995
2 1996 1997
2 1996 1998
2 1999 2001
2 1999 2003
2 2000 2002
2 2000 2004
2 2005 2007
2 2005 2009
2 2006 2008
2 2006 2010
2 2011 2013
2 2011 2015
2 2012 2014
2 2012 2016
2 2017 2019
2 2017 2021
2 2018 2020
2 2018 2022
2 2023 2024
2 2023 2025
2 2026 2027
2 2026 2028
2 2029 2031
2 2029 2033
2 2030 2032
2 2030 2034
2 2035 2036
2 2035 2037
2 2038 2456
2 2038 3052
2 2038 3233
2 2039 2457
2 2039 3053
2 2039 3234
2 2040 2041
2 2040 2042
2 2040 2229
2 2042 3047
2 2042 3054
2 2043 2061
2 2043 2262
2 2043 3052
2 2043 3281
2 2044 2062
2 2044 2263
2 2044 3053
2 2044 3282
2 2045 2441
2 2046 2048
2 2046 2052
2 2046 2189
2 2047 2050
2 2047 2053
2 2047 2190
2 2054 2076
2 2054 2278
2 2055 2279
2 2056 2510
2 2056 3070
2 2056 3238
2 2057 2059
2 2057 2061
2 2057 2232
2 2058 2060
2 2058 2062
2 2058 2233
2 2061 3066
2 2062 3067
2 2063 2068
2 2064 2069
2 2065 2066
2 2065 2076
2 2065 2225
2 2068 2070
2 2068 2072
2 2068 2074
2 2069 2071
2 2069 2073
2 2069 2075
2 2077 2501
2 2077 3090
2 2077 3210
2 2078 2080
2 2078 2084
2 2078 2206
2 2079 2082
2 2079 2085
2 2079 2207
2 2084 2086
2 2084 3085
2 2085 2088
2 2085 3086
2 2086 2304
2 2086 3110
2 2086 3315
2 2087 2305
2 2087 3316
2 2088 2306
2 2088 3111
2 2088 3317
2 2089 2307
2 2089 3318
2 2090 2525
2 2091 2526
2 2092 2093
2 2092 2094
2 2092 2214
2 2094 2095
2 2095 2311
2 2096 2101
2 2096 3110
2 2096 3222
2 2097 2102
2 2097 3111
2 2097 3223
2 2098 2099
2 2098 2109
2 2098 2217
2 2101 2103
2 2101 2105
2 2101 2107
2 2102 2104
2 2102 2106
2 2102 2108
2 2109 3091
2 2109 3099
2 2110 2462
2 2111 2113
2 2111 2115
2 2111 2196
2 2112 2114
2 2112 2116
2 2112 2197
2 2117 2489
2 2117 2632
2 2117 2677
2 2118 2490
2 2118 2633
2 2118 2678
2 2119 2121
2 2119 2122
2 2119 2170
2 2122 2625
2 2122 2635
2 2123 2431
2 2123 2908
2 2124 2432
2 2124 2909
2 2125 2168
2 2125 2433
2 2125 2632
2 2125 2910
2 2126 2169
2 2126 2434
2 2126 2633
2 2126 2911
2 2127 2531
2 2127 2641
2 2127 2681
2 2128 2130
2 2128 2134
2 2128 2174
2 2129 2131
2 2129 2135
2 2129 2175
2 2134 2136
2 2134 2636
2 2135 2137
2 2135 2637
2 2136 2413
2 2136 2677
2 2136 2893
2 2137 2414
2 2137 2678
2 2137 2894
2 2138 2415
2 2138 2895
2 2139 2416
2 2139 2896
2 2140 2144
2 2140 2650
2 2140 2689
2 2141 2145
2 2141 2651
2 2141 2690
2 2142 2143
2 2142 2146
2 2142 2180
2 2144 2182
2 2144 2184
2 2144 2186
2 2145 2183
2 2145 2185
2 2145 2187
2 2146 2644
2 2146 2652
2 2147 2178
2 2147 2439
2 2147 2650
2 2147 2922
2 2148 2179
2 2148 2440
2 2148 2651
2 2148 2923
2 2149 2154
2 2149 2665
2 2149 2670
2 2150 2152
2 2150 2158
2 2150 2162
2 2151 2153
2 2151 2159
2 2151 2163
2 2154 2155
2 2154 2156
2 2154 2157
2 2158 2160
2 2158 2653
2 2159 2161
2 2159 2654
2 2160 2397
2 2160 2689
2 2160 2928
2 2161 2398
2 2161 2690
2 2161 2929
2 2162 2166
2 2162 2168
2 2163 2167
2 2163 2169
2 2168 2653
2 2169 2654
2 2170 2171
2 2170 2173
2 2173 2625
2 2173 2642
2 2174 2176
2 2174 2178
2 2175 2177
2 2175 2179
2 2178 2636
2 2179 2637
2 2180 2181
2 2180 2188
2 2188 2644
2 2188 2666
2 2189 2191
2 2189 2193
2 2190 2192
2 2190 2194
2 2195 2216
2 2195 2368
2 2196 2198
2 2196 2202
2 2197 2200
2 2197 2203
2 2204 2228
2 2204 2355
2 2205 2356
2 2206 2208
2 2206 2210
2 2207 2209
2 2207 2211
2 2210 2212
2 2210 3085
2 2211 2213
2 2211 3086
2 2212 2361
2 2212 3233
2 2212 3327
2 2213 2362
2 2213 3234
2 2213 3328
2 2214 2215
2 2214 2216
2 2217 2219
2 2217 2220
2 2220 3099
2 2220 3225
2 2221 2345
2 2221 3380
2 2222 2346
2 2222 3381
2 2223 2238
2 2223 2347
2 2223 3222
2 2223 3382
2 2224 2239
2 2224 2348
2 2224 3223
2 2224 3383
2 2225 2226
2 2225 2228
2 2229 2230
2 2229 2231
2 2231 3047
2 2231 3211
2 2232 2236
2 2232 2238
2 2233 2237
2 2233 2239
2 2238 3066
2 2239 3067
2 2240 2252
2 2240 2431
2 2240 2513
2 2241 2253
2 2241 2432
2 2241 2514
2 2242 2254
2 2242 2433
2 2242 2515
2 2243 2255
2 2243 2434
2 2243 2516
2 2244 2248
2 2244 2252
2 2244 2423
2 2245 2249
2 2245 2253
2 2245 2424
2 2246 2250
2 2246 2254
2 2246 2425
2 2247 2251
2 2247 2255
2 2247 2426
2 2256 2262
2 2256 2391
2 2256 2495
2 2257 2263
2 2257 2392
2 2257 2496
2 2258 2260
2 2258 2262
2 2258 2387
2 2259 2261
2 2259 2263
2 2259 2388
2 2264 2270
2 2264 2278
2 2264 2439
2 2265 2271
2 2265 2279
2 2265 2440
2 2266 2268
2 2266 2278
2 2266 2435
2 2267 2269
2 2267 2279
2 2267 2436
2 2270 2272
2 2270 2274
2 2270 2276
2 2271 2273
2 2271 2275
2 2271 2277
2 2280 2283
2 2280 2422
2 2280 2468
2 2281 2282
2 2281 2283
2 2281 2420
2 2283 3054
2 2284 2290
2 2284 2403
2 2284 2504
2 2285 2291
2 2285 2404
2 2285 2505
2 2286 2288
2 2286 2290
2 2286 2399
2 2287 2289
2 2287 2291
2 2287 2400
2 2292 2304
2 2292 2413
2 2292 2534
2 2293 2305
2 2293 2414
2 2293 2535
2 2294 2306
2 2294 2415
2 2294 2536
2 2295 2307
2 2295 2416
2 2295 2537
2 2296 2300
2 2296 2304
2 2296 2405
2 2297 2301
2 2297 2305
2 2297 2406
2 2298 2302
2 2298 2306
2 2298 2407
2 2299 2303
2 2299 2307
2 2299 2408
2 2308 2311
2 2308 2419
2 2308 2465
2 2309 2310
2 2309 2311
2 2309 2417
2 2312 2318
2 2312 2397
2 2312 2471
2 2313 2319
2 2313 2398
2 2313 2472
2 2314 2316
2 2314 2318
2 2314 2393
2 2315 2317
2 2315 2319
2 2315 2394
2 2318 3091
2 2319 3092
2 2320 2323
2 2320 2324
2 2320 2368
2 2321 2322
2 2321 2324
2 2321 2363
2 2323 2365
2 2323 2366
2 2323 2367
2 2324 3211
2 2325 2331
2 2325 2373
2 2325 2444
2 2326 2332
2 2326 2374
2 2326 2445
2 2327 2329
2 2327 2331
2 2327 2369
2 2328 2330
2 2328 2332
2 2328 2370
2 2333 2345
2 2333 2383
2 2333 2477
2 2334 2346
2 2334 2384
2 2334 2478
2 2335 2347
2 2335 2385
2 2335 2479
2 2336 2348
2 2336 2386
2 2336 2480
2 2337 2341
2 2337 2345
2 2337 2375
2 2338 2342
2 2338 2346
2 2338 2376
2 2339 2343
2 2339 2347
2 2339 2377
2 2340 2344
2 2340 2348
2 2340 2378
2 2349 2355
2 2349 2361
2 2349 2450
2 2350 2356
2 2350 2362
2 2350 2451
2 2351 2353
2 2351 2355
2 2351 2357
2 2352 2354
2 2352 2356
2 2352 2358
2 2357 2359
2 2357 2361
2 2358 2360
2 2358 2362
2 2363 2364
2 2363 2368
2 2369 2371
2 2369 2373
2 2370 2372
2 2370 2374
2 2373 3224
2 2374 3225
2 2375 2379
2 2375 2383
2 2376 2380
2 2376 2384
2 2377 2381
2 2377 2385
2 2378 2382
2 2378 2386
2 2387 2389
2 2387 2391
2 2388 2390
2 2388 2392
2 2391 2642
2 2392 2643
2 2393 2395
2 2393 2397
2 2394 2396
2 2394 2398
2 2399 2401
2 2399 2403
2 2400 2402
2 2400 2404
2 2403 2634
2 2404 2635
2 2405 2409
2 2405 2413
2 2406 2410
2 2406 2414
2 2407 2411
2 2407 2415
2 2408 2412
2 2408 2416
2 2417 2418
2 2417 2419
2 2419 2652
2 2420 2421
2 2420 2422
2 2422 2666
2 2423 2427
2 2423 2431
2 2424 2428
2 2424 2432
2 2425 2429
2 2425 2433
2 2426 2430
2 2426 2434
2 2435 2437
2 2435 2439
2 2436 2438
2 2436 2440
2 2441 2442
2 2441 2443
2 2444 2446
2 2444 2448
2 2445 2447
2 2445 2449
2 2450 2452
2 2450 2454
2 2451 2453
2 2451 2455
2 2456 2458
2 2456 2460
2 2457 2459
2 2457 2461
2 2462 2463
2 2462 2464
2 2465 2466
2 2465 2467
2 2468 2469
2 2468 2470
2 2471 2473
2 2471 2475
2 2472 2474
2 2472 2476
2 2477 2481
2 2477 2485
2 2478 2482
2 2478 2486
2 2479 2483
2 2479 2487
2 2480 2484
2 2480 2488
2 2489 2491
2 2489 2493
2 2490 2492
2 2490 2494
2 2495 2497
2 2495 2499
2 2496 2498
2 2496 2500
2 2501 2502
2 2501 2503
2 2504 2506
2 2504 2508
2 2505 2507
2 2505 2509
2 2510 2511
2 2510 2512
2 2513 2517
2 2513 2521
2 2514 2518
2 2514 2522
2 2515 2519
2 2515 2523
2 2516 2520
2 2516 2524
2 2525 2527
2 2525 2529
2 2526 2528
2 2526 2530
2 2531 2532
2 2531 2533
2 2534 2538
2 2534 2542
2 2535 2539
2 2535 2543
2 2536 2540
2 2536 2544
2 2537 2541
2 2537 2545
2 2546 2954
2 2546 3556
2 2546 3729
2 2547 2955
2 2547 3557
2 2547 3730
2 2548 2550
2 2548 2551
2 2548 2731
2 2551 3549
2 2551 3559
2 2552 2762
2 2552 3771
2 2553 2571
2 2553 2763
2 2553 3556
2 2553 3772
2 2554 2764
2 2554 3773
2 2555 2572
2 2555 2765
2 2555 3557
2 2555 3774
2 2556 2939
2 2557 2559
2 2557 2561
2 2557 2691
2 2558 2560
2 2558 2562
2 2558 2692
2 2563 2585
2 2563 2773
2 2564 3020
2 2564 3573
2 2564 3734
2 2565 2568
2 2565 2571
2 2565 2734
2 2566 2570
2 2566 2572
2 2566 2735
2 2571 3568
2 2572 3569
2 2573 2577
2 2574 2578
2 2575 2576
2 2575 2585
2 2575 2727
2 2577 2579
2 2577 2581
2 2577 2583
2 2578 2580
2 2578 2582
2 2578 2584
2 2586 3005
2 2586 3591
2 2586 3706
2 2587 2589
2 2587 2591
2 2587 2708
2 2588 2590
2 2588 2592
2 2588 2709
2 2591 2593
2 2591 3587
2 2592 2594
2 2592 3588
2 2593 2804
2 2593 3610
2 2593 3809
2 2594 2805
2 2594 3611
2 2594 3810
2 2595 3029
2 2596 3030
2 2597 2599
2 2597 2600
2 2597 2716
2 2600 2602
2 2601 2812
2 2602 2813
2 2603 2607
2 2603 3610
2 2603 3718
2 2604 2608
2 2604 3611
2 2604 3719
2 2605 2606
2 2605 2615
2 2605 2719
2 2607 2609
2 2607 2611
2 2607 2613
2 2608 2610
2 2608 2612
2 2608 2614
2 2615 3592
2 2615 3601
2 2616 2960
2 2617 2620
2 2617 2623
2 2617 2698
2 2618 2622
2 2618 2624
2 2618 2699
2 2625 2990
2 2626 2630
2 2626 2632
2 2626 2671
2 2627 2631
2 2627 2633
2 2627 2672
2 2634 2934
2 2635 2670
2 2635 2935
2 2636 3035
2 2637 3036
2 2638 2639
2 2638 2641
2 2638 2679
2 2641 2642
2 2642 2916
2 2643 2917
2 2644 2649
2 2645 2647
2 2645 2650
2 2645 2682
2 2646 2648
2 2646 2651
2 2646 2683
2 2649 2686
2 2649 2687
2 2649 2688
2 2652 2681
2 2652 2938
2 2653 2657
2 2654 2658
2 2655 2656
2 2655 2665
2 2655 2667
2 2657 2659
2 2657 2661
2 2657 2663
2 2658 2660
2 2658 2662
2 2658 2664
2 2665 2666
2 2666 2899
2 2667 2669
2 2667 2670
2 2671 2673
2 2671 2677
2 2672 2674
2 2672 2678
2 2679 2680
2 2679 2681
2 2682 2684
2 2682 2689
2 2683 2685
2 2683 2690
2 2691 2693
2 2691 2695
2 2692 2694
2 2692 2696
2 2697 2718
2 2697 2866
2 2698 2700
2 2698 2704
2 2699 2702
2 2699 2705
2 2706 2730
2 2706 2853
2 2707 2854
2 2708 2710
2 2708 2712
2 2709 2711
2 2709 2713
2 2712 2714
2 2712 3587
2 2713 2715
2 2713 3588
2 2714 2859
2 2714 3729
2 2714 3819
2 2715 2860
2 2715 3730
2 2715 3820
2 2716 2717
2 2716 2718
2 2719 2721
2 2719 2722
2 2722 3601
2 2722 3721
2 2723 2843
2 2723 3872
2 2724 2844
2 2724 3873
2 2725 2740
2 2725 2845
2 2725 3718
2 2725 3874
2 2726 2741
2 2726 2846
2 2726 3719
2 2726 3875
2 2727 2728
2 2727 2730
2 2731 2732
2 2731 2733
2 2733 3549
2 2733 3707
2 2734 2738
2 2734 2740
2 2735 2739
2 2735 2741
2 2740 3568
2 2741 3569
2 2742 2748
2 2742 2934
2 2742 3023
2 2743 2749
2 2743 2935
2 2743 3024
2 2744 2746
2 2744 2748
2 2744 2930
2 2745 2747
2 2745 2749
2 2745 2931
2 2750 2762
2 2750 2893
2 2750 2993
2 2751 2763
2 2751 2894
2 2751 2994
2 2752 2764
2 2752 2895
2 2752 2995
2 2753 2765
2 2753 2896
2 2753 2996
2 2754 2758
2 2754 2762
2 2754 2885
2 2755 2759
2 2755 2763
2 2755 2886
2 2756 2760
2 2756 2764
2 2756 2887
2 2757 2761
2 2757 2765
2 2757 2888
2 2766 2769
2 2766 2773
2 2766 2938
2 2767 2768
2 2767 2773
2 2767 2936
2 2769 2770
2 2769 2771
2 2769 2772
2 2774 2780
2 2774 2928
2 2774 2969
2 2775 2781
2 2775 2929
2 2775 2970
2 2776 2778
2 2776 2780
2 2776 2924
2 2777 2779
2 2777 2781
2 2777 2925
2 2780 3558
2 2781 3559
2 2782 2794
2 2782 2908
2 2782 3008
2 2783 2795
2 2783 2909
2 2783 3009
2 2784 2796
2 2784 2910
2 2784 3010
2 2785 2797
2 2785 2911
2 2785 3011
2 2786 2790
2 2786 2794
2 2786 2900
2 2787 2791
2 2787 2795
2 2787 2901
2 2788 2792
2 2788 2796
2 2788 2902
2 2789 2793
2 2789 2797
2 2789 2903
2 2798 2804
2 2798 2916
2 2798 3041
2 2799 2805
2 2799 2917
2 2799 3042
2 2800 2802
2 2800 2804
2 2800 2912
2 2801 2803
2 2801 2805
2 2801 2913
2 2806 2812
2 2806 2922
2 2806 2963
2 2807 2813
2 2807 2923
2 2807 2964
2 2808 2810
2 2808 2812
2 2808 2918
2 2809 2811
2 2809 2813
2 2809 2919
2 2814 2817
2 2814 2899
2 2814 2975
2 2815 2816
2 2815 2817
2 2815 2897
2 2817 3592
2 2818 2821
2 2818 2822
2 2818 2866
2 2819 2820
2 2819 2822
2 2819 2861
2 2821 2863
2 2821 2864
2 2821 2865
2 2822 3707
2 2823 2829
2 2823 2871
2 2823 2942
2 2824 2830
2 2824 2872
2 2824 2943
2 2825 2827
2 2825 2829
2 2825 2867
2 2826 2828
2 2826 2830
2 2826 2868
2 2831 2843
2 2831 2881
2 2831 2978
2 2832 2844
2 2832 2882
2 2832 2979
2 2833 2845
2 2833 2883
2 2833 2980
2 2834 2846
2 2834 2884
2 2834 2981
2 2835 2839
2 2835 2843
2 2835 2873
2 2836 2840
2 2836 2844
2 2836 2874
2 2837 2841
2 2837 2845
2 2837 2875
2 2838 2842
2 2838 2846
2 2838 2876
2 2847 2853
2 2847 2859
2 2847 2948
2 2848 2854
2 2848 2860
2 2848 2949
2 2849 2851
2 2849 2853
2 2849 2855
2 2850 2852
2 2850 2854
2 2850 2856
2 2855 2857
2 2855 2859
2 2856 2858
2 2856 2860
2 2861 2862
2 2861 2866
2 2867 2869
2 2867 2871
2 2868 2870
2 2868 2872
2 2871 3720
2 2872 3721
2 2873 2877
2 2873 2881
2 2874 2878
2 2874 2882
2 2875 2879
2 2875 2883
2 2876 2880
2 2876 2884
2 2885 2889
2 2885 2893
2 2886 2890
2 2886 2894
2 2887 2891
2 2887 2895
2 2888 2892
2 2888 2896
2 2897 2898
2 2897 2899
2 2900 2904
2 2900 2908
2 2901 2905
2 2901 2909
2 2902 2906
2 2902 2910
2 2903 2907
2 2903 2911
2 2912 2914
2 2912 2916
2 2913 2915
2 2913 2917
2 2918 2920
2 2918 2922
2 2919 2921
2 2919 2923
2 2924 2926
2 2924 2928
2 2925 2927
2 2925 2929
2 2930 2932
2 2930 2934
2 2931 2933
2 2931 2935
2 2936 2937
2 2936 2938
2 2939 2940
2 2939 2941
2 2942 2944
2 2942 2946
2 2943 2945
2 2943 2947
2 2948 2950
2 2948 2952
2 2949 2951
2 2949 2953
2 2954 2956
2 2954 2958
2 2955 2957
2 2955 2959
2 2960 2961
2 2960 2962
2 2963 2965
2 2963 2967
2 2964 2966
2 2964 2968
2 2969 2971
2 2969 2973
2 2970 2972
2 2970 2974
2 2975 2976
2 2975 2977
2 2978 2982
2 2978 2986
2 2979 2983
2 2979 2987
2 2980 2984
2 2980 2988
2 2981 2985
2 2981 2989
2 2990 2991
2 2990 2992
2 2993 2997
2 2993 3001
2 2994 2998
2 2994 3002
2 2995 2999
2 2995 3003
2 2996 3000
2 2996 3004
2 3005 3006
2 3005 3007
2 3008 3012
2 3008 3016
2 3009 3013
2 3009 3017
2 3010 3014
2 3010 3018
2 3011 3015
2 3011 3019
2 3020 3021
2 3020 3022
2 3023 3025
2 3023 3027
2 3024 3026
2 3024 3028
2 3029 3031
2 3029 3033
2 3030 3032
2 3030 3034
2 3035 3037
2 3035 3039
2 3036 3038
2 3036 3040
2 3041 3043
2 3041 3045
2 3042 3044
2 3042 3046
2 3047 3462
2 3048 3050
2 3048 3052
2 3048 3229
2 3049 3051
2 3049 3053
2 3049 3230
2 3054 3070
2 3054 3258
2 3055 3444
2 3056 3058
2 3056 3062
2 3056 3191
2 3057 3060
2 3057 3063
2 3057 3192
2 3064 3084
2 3064 3273
2 3065 3274
2 3066 3516
2 3067 3517
2 3068 3069
2 3068 3070
2 3068 3235
2 3071 3076
2 3072 3077
2 3073 3074
2 3073 3084
2 3073 3226
2 3076 3078
2 3076 3080
2 3076 3082
2 3077 3079
2 3077 3081
2 3077 3083
2 3085 3504
2 3086 3505
2 3087 3088
2 3087 3090
2 3087 3208
2 3090 3091
2 3091 3297
2 3092 3298
2 3093 3534
2 3094 3535
2 3095 3096
2 3095 3097
2 3095 3212
2 3097 3098
2 3098 3302
2 3099 3106
2 3100 3102
2 3100 3110
2 3100 3216
2 3101 3104
2 3101 3111
2 3101 3217
2 3106 3107
2 3106 3108
2 3106 3109
2 3112 3465
2 3113 3115
2 3113 3117
2 3113 3201
2 3114 3116
2 3114 3118
2 3114 3202
2 3119 3495
2 3119 3628
2 3119 3671
2 3120 3496
2 3120 3629
2 3120 3672
2 3121 3123
2 3121 3124
2 3121 3172
2 3124 3621
2 3124 3631
2 3125 3434
2 3125 3902
2 3126 3435
2 3126 3903
2 3127 3170
2 3127 3436
2 3127 3628
2 3127 3904
2 3128 3171
2 3128 3437
2 3128 3629
2 3128 3905
2 3129 3540
2 3129 3636
2 3129 3675
2 3130 3132
2 3130 3134
2 3130 3175
2 3131 3133
2 3131 3135
2 3131 3176
2 3134 3136
2 3134 3632
2 3135 3137
2 3135 3633
2 3136 3415
2 3136 3671
2 3136 3886
2 3137 3416
2 3137 3672
2 3137 3887
2 3138 3142
2 3138 3644
2 3138 3685
2 3139 3143
2 3139 3645
2 3139 3686
2 3140 3141
2 3140 3144
2 3140 3181
2 3142 3184
2 3142 3186
2 3142 3188
2 3143 3185
2 3143 3187
2 3143 3189
2 3144 3638
2 3144 3646
2 3145 3179
2 3145 3442
2 3145 3644
2 3145 3913
2 3146 3180
2 3146 3443
2 3146 3645
2 3146 3914
2 3147 3154
2 3147 3660
2 3147 3666
2 3148 3152
2 3148 3158
2 3148 3164
2 3149 3153
2 3149 3159
2 3149 3165
2 3154 3155
2 3154 3156
2 3154 3157
2 3158 3162
2 3158 3647
2 3159 3163
2 3159 3648
2 3160 3401
2 3160 3923
2 3161 3402
2 3161 3924
2 3162 3403
2 3162 3685
2 3162 3925
2 3163 3404
2 3163 3686
2 3163 3926
2 3164 3168
2 3164 3170
2 3165 3169
2 3165 3171
2 3170 3647
2 3171 3648
2 3172 3173
2 3172 3174
2 3174 3621
2 3174 3637
2 3175 3177
2 3175 3179
2 3176 3178
2 3176 3180
2 3179 3632
2 3180 3633
2 3181 3183
2 3181 3190
2 3190 3638
2 3190 3662
2 3191 3194
2 3191 3197
2 3192 3196
2 3192 3198
2 3199 3370
2 3200 3215
2 3200 3371
2 3201 3203
2 3201 3205
2 3202 3204
2 3202 3206
2 3207 3228
2 3207 3356
2 3208 3209
2 3208 3210
2 3210 3211
2 3211 3359
2 3212 3214
2 3212 3215
2 3216 3220
2 3216 3222
2 3217 3221
2 3217 3223
2 3224 3351
2 3225 3238
2 3225 3352
2 3226 3227
2 3226 3228
2 3229 3231
2 3229 3233
2 3230 3232
2 3230 3234
2 3235 3237
2 3235 3238
2 3239 3251
2 3239 3434
2 3239 3522
2 3240 3252
2 3240 3435
2 3240 3523
2 3241 3253
2 3241 3436
2 3241 3524
2 3242 3254
2 3242 3437
2 3242 3525
2 3243 3247
2 3243 3251
2 3243 3426
2 3244 3248
2 3244 3252
2 3244 3427
2 3245 3249
2 3245 3253
2 3245 3428
2 3246 3250
2 3246 3254
2 3246 3429
2 3255 3258
2 3255 3392
2 3255 3501
2 3256 3257
2 3256 3258
2 3256 3390
2 3259 3265
2 3259 3273
2 3259 3442
2 3260 3266
2 3260 3274
2 3260 3443
2 3261 3263
2 3261 3273
2 3261 3438
2 3262 3264
2 3262 3274
2 3262 3439
2 3265 3267
2 3265 3269
2 3265 3271
2 3266 3268
2 3266 3270
2 3266 3272
2 3275 3281
2 3275 3424
2 3275 3471
2 3276 3282
2 3276 3425
2 3276 3472
2 3277 3279
2 3277 3281
2 3277 3420
2 3278 3280
2 3278 3282
2 3278 3421
2 3283 3289
2 3283 3409
2 3283 3510
2 3284 3290
2 3284 3410
2 3284 3511
2 3285 3287
2 3285 3289
2 3285 3405
2 3286 3288
2 3286 3290
2 3286 3406
2 3291 3297
2 3291 3415
2 3291 3543
2 3292 3298
2 3292 3416
2 3292 3544
2 3293 3295
2 3293 3297
2 3293 3411
2 3294 3296
2 3294 3298
2 3294 3412
2 3299 3302
2 3299 3419
2 3299 3468
2 3300 3301
2 3300 3302
2 3300 3417
2 3303 3315
2 3303 3401
2 3303 3477
2 3304 3316
2 3304 3402
2 3304 3478
2 3305 3317
2 3305 3403
2 3305 3479
2 3306 3318
2 3306 3404
2 3306 3480
2 3307 3311
2 3307 3315
2 3307 3393
2 3308 3312
2 3308 3316
2 3308 3394
2 3309 3313
2 3309 3317
2 3309 3395
2 3310 3314
2 3310 3318
2 3310 3396
2 3319 3325
2 3319 3327
2 3319 3370
2 3320 3326
2 3320 3328
2 3320 3371
2 3321 3323
2 3321 3327
2 3321 3360
2 3322 3324
2 3322 3328
2 3322 3361
2 3325 3364
2 3325 3366
2 3325 3368
2 3326 3365
2 3326 3367
2 3326 3369
2 3329 3341
2 3329 3380
2 3329 3447
2 3330 3342
2 3330 3381
2 3330 3448
2 3331 3343
2 3331 3382
2 3331 3449
2 3332 3344
2 3332 3383
2 3332 3450
2 3333 3337
2 3333 3341
2 3333 3372
2 3334 3338
2 3334 3342
2 3334 3373
2 3335 3339
2 3335 3343
2 3335 3374
2 3336 3340
2 3336 3344
2 3336 3375
2 3345 3351
2 3345 3388
2 3345 3489
2 3346 3352
2 3346 3389
2 3346 3490
2 3347 3349
2 3347 3351
2 3347 3384
2 3348 3350
2 3348 3352
2 3348 3385
2 3353 3356
2 3353 3359
2 3353 3459
2 3354 3355
2 3354 3356
2 3354 3357
2 3357 3358
2 3357 3359
2 3360 3362
2 3360 3370
2 3361 3363
2 3361 3371
2 3372 3376
2 3372 3380
2 3373 3377
2 3373 3381
2 3374 3378
2 3374 3382
2 3375 3379
2 3375 3383
2 3384 3386
2 3384 3388
2 3385 3387
2 3385 3389
2 3390 3391
2 3390 3392
2 3392 3637
2 3393 3397
2 3393 3401
2 3394 3398
2 3394 3402
2 3395 3399
2 3395 3403
2 3396 3400
2 3396 3404
2 3405 3407
2 3405 3409
2 3406 3408
2 3406 3410
2 3409 3630
2 3410 3631
2 3411 3413
2 3411 3415
2 3412 3414
2 3412 3416
2 3417 3418
2 3417 3419
2 3419 3646
2 3420 3422
2 3420 3424
2 3421 3423
2 3421 3425
2 3424 3661
2 3425 3662
2 3426 3430
2 3426 3434
2 3427 3431
2 3427 3435
2 3428 3432
2 3428 3436
2 3429 3433
2 3429 3437
2 3438 3440
2 3438 3442
2 3439 3441
2 3439 3443
2 3444 3445
2 3444 3446
2 3447 3451
2 3447 3455
2 3448 3452
2 3448 3456
2 3449 3453
2 3449 3457
2 3450 3454
2 3450 3458
2 3459 3460
2 3459 3461
2 3462 3463
2 3462 3464
2 3465 3466
2 3465 3467
2 3468 3469
2 3468 3470
2 3471 3473
2 3471 3475
2 3472 3474
2 3472 3476
2 3477 3481
2 3477 3485
2 3478 3482
2 3478 3486
2 3479 3483
2 3479 3487
2 3480 3484
2 3480 3488
2 3489 3491
2 3489 3493
2 3490 3492
2 3490 3494
2 3495 3497
2 3495 3499
2 3496 3498
2 3496 3500
2 3501 3502
2 3501 3503
2 3504 3506
2 3504 3508
2 3505 3507
2 3505 3509
2 3510 3512
2 3510 3514
2 3511 3513
2 3511 3515
2 3516 3518
2 3516 3520
2 3517 3519
2 3517 3521
2 3522 3526
2 3522 3530
2 3523 3527
2 3523 3531
2 3524 3528
2 3524 3532
2 3525 3529
2 3525 3533
2 3534 3536
2 3534 3538
2 3535 3537
2 3535 3539
2 3540 3541
2 3540 3542
2 3543 3545
2 3543 3547
2 3544 3546
2 3544 3548
2 3549 3954
2 3550 3553
2 3550 3556
2 3550 3725
2 3551 3555
2 3551 3557
2 3551 3726
2 3558 3749
2 3559 3573
2 3559 3750
2 3560 3936
2 3561 3563
2 3561 3565
2 3561 3687
2 3562 3564
2 3562 3566
2 3562 3688
2 3567 3586
2 3567 3758
2 3568 4017
2 3569 4018
2 3570 3572
2 3570 3573
2 3570 3731
2 3574 3578
2 3575 3579
2 3576 3577
2 3576 3586
2 3576 3722
2 3578 3580
2 3578 3582
2 3578 3584
2 3579 3581
2 3579 3583
2 3579 3585
2 3587 3999
2 3588 4000
2 3589 3590
2 3589 3591
2 3589 3704
2 3591 3592
2 3592 3794
2 3593 4029
2 3594 4030
2 3595 3597
2 3595 3598
2 3595 3708
2 3598 3600
2 3599 3801
2 3600 3802
2 3601 3606
2 3602 3604
2 3602 3610
2 3602 3712
2 3603 3605
2 3603 3611
2 3603 3713
2 3606 3607
2 3606 3608
2 3606 3609
2 3612 3957
2 3613 3616
2 3613 3619
2 3613 3697
2 3614 3618
2 3614 3620
2 3614 3698
2 3621 3990
2 3622 3626
2 3622 3628
2 3622 3667
2 3623 3627
2 3623 3629
2 3623 3668
2 3630 3931
2 3631 3666
2 3631 3932
2 3632 4035
2 3633 4036
2 3634 3635
2 3634 3636
2 3634 3673
2 3636 3637
2 3637 3908
2 3638 3643
2 3639 3641
2 3639 3644
2 3639 3676
2 3640 3642
2 3640 3645
2 3640 3677
2 3643 3682
2 3643 3683
2 3643 3684
2 3646 3675
2 3646 3935
2 3647 3652
2 3648 3653
2 3649 3651
2 3649 3660
2 3649 3663
2 3652 3654
2 3652 3656
2 3652 3658
2 3653 3655
2 3653 3657
2 3653 3659
2 3660 3662
2 3661 3892
2 3662 3893
2 3663 3665
2 3663 3666
2 3667 3669
2 3667 3671
2 3668 3670
2 3668 3672
2 3673 3674
2 3673 3675
2 3676 3680
2 3676 3685
2 3677 3681
2 3677 3686
2 3687 3690
2 3687 3693
2 3688 3692
2 3688 3694
2 3695 3862
2 3696 3711
2 3696 3863
2 3697 3699
2 3697 3701
2 3698 3700
2 3698 3702
2 3703 3724
2 3703 3848
2 3704 3705
2 3704 3706
2 3706 3707
2 3707 3851
2 3708 3710
2 3708 3711
2 3712 3716
2 3712 3718
2 3713 3717
2 3713 3719
2 3720 3843
2 3721 3734
2 3721 3844
2 3722 3723
2 3722 3724
2 3725 3727
2 3725 3729
2 3726 3728
2 3726 3730
2 3731 3733
2 3731 3734
2 3735 3741
2 3735 3931
2 3735 4023
2 3736 3742
2 3736 3932
2 3736 4024
2 3737 3739
2 3737 3741
2 3737 3927
2 3738 3740
2 3738 3742
2 3738 3928
2 3743 3749
2 3743 3886
2 3743 3993
2 3744 3750
2 3744 3887
2 3744 3994
2 3745 3747
2 3745 3749
2 3745 3882
2 3746 3748
2 3746 3750
2 3746 3883
2 3751 3754
2 3751 3758
2 3751 3935
2 3752 3753
2 3752 3758
2 3752 3933
2 3754 3755
2 3754 3756
2 3754 3757
2 3759 3771
2 3759 3923
2 3759 3966
2 3760 3772
2 3760 3924
2 3760 3967
2 3761 3773
2 3761 3925
2 3761 3968
2 3762 3774
2 3762 3926
2 3762 3969
2 3763 3767
2 3763 3771
2 3763 3915
2 3764 3768
2 3764 3772
2 3764 3916
2 3765 3769
2 3765 3773
2 3765 3917
2 3766 3770
2 3766 3774
2 3766 3918
2 3775 3787
2 3775 3902
2 3775 4005
2 3776 3788
2 3776 3903
2 3776 4006
2 3777 3789
2 3777 3904
2 3777 4007
2 3778 3790
2 3778 3905
2 3778 4008
2 3779 3783
2 3779 3787
2 3779 3894
2 3780 3784
2 3780 3788
2 3780 3895
2 3781 3785
2 3781 3789
2 3781 3896
2 3782 3786
2 3782 3790
2 3782 3897
2 3791 3794
2 3791 3908
2 3791 4041
2 3792 3793
2 3792 3794
2 3792 3906
2 3795 3801
2 3795 3913
2 3795 3960
2 3796 3802
2 3796 3914
2 3796 3961
2 3797 3799
2 3797 3801
2 3797 3909
2 3798 3800
2 3798 3802
2 3798 3910
2 3803 3809
2 3803 3892
2 3803 3978
2 3804 3810
2 3804 3893
2 3804 3979
2 3805 3807
2 3805 3809
2 3805 3888
2 3806 3808
2 3806 3810
2 3806 3889
2 3811 3817
2 3811 3819
2 3811 3862
2 3812 3818
2 3812 3820
2 3812 3863
2 3813 3815
2 3813 3819
2 3813 3852
2 3814 3816
2 3814 3820
2 3814 3853
2 3817 3856
2 3817 3858
2 3817 3860
2 3818 3857
2 3818 3859
2 3818 3861
2 3821 3833
2 3821 3872
2 3821 3939
2 3822 3834
2 3822 3873
2 3822 3940
2 3823 3835
2 3823 3874
2 3823 3941
2 3824 3836
2 3824 3875
2 3824 3942
2 3825 3829
2 3825 3833
2 3825 3864
2 3826 3830
2 3826 3834
2 3826 3865
2 3827 3831
2 3827 3835
2 3827 3866
2 3828 3832
2 3828 3836
2 3828 3867
2 3837 3843
2 3837 3880
2 3837 3984
2 3838 3844
2 3838 3881
2 3838 3985
2 3839 3841
2 3839 3843
2 3839 3876
2 3840 3842
2 3840 3844
2 3840 3877
2 3845 3848
2 3845 3851
2 3845 3951
2 3846 3847
2 3846 3848
2 3846 3849
2 3849 3850
2 3849 3851
2 3852 3854
2 3852 3862
2 3853 3855
2 3853 3863
2 3864 3868
2 3864 3872
2 3865 3869
2 3865 3873
2 3866 3870
2 3866 3874
2 3867 3871
2 3867 3875
2 3876 3878
2 3876 3880
2 3877 3879
2 3877 3881
2 3882 3884
2 3882 3886
2 3883 3885
2 3883 3887
2 3888 3890
2 3888 3892
2 3889 3891
2 3889 3893
2 3894 3898
2 3894 3902
2 3895 3899
2 3895 3903
2 3896 3900
2 3896 3904
2 3897 3901
2 3897 3905
2 3906 3907
2 3906 3908
2 3909 3911
2 3909 3913
2 3910 3912
2 3910 3914
2 3915 3919
2 3915 3923
2 3916 3920
2 3916 3924
2 3917 3921
2 3917 3925
2 3918 3922
2 3918 3926
2 3927 3929
2 3927 3931
2 3928 3930
2 3928 3932
2 3933 3934
2 3933 3935
2 3936 3937
2 3936 3938
2 3939 3943
2 3939 3947
2 3940 3944
2 3940 3948
2 3941 3945
2 3941 3949
2 3942 3946
2 3942 3950
2 3951 3952
2 3951 3953
2 3954 3955
2 3954 3956
2 3957 3958
2 3957 3959
2 3960 3962
2 3960 3964
2 3961 3963
2 3961 3965
2 3966 3970
2 3966 3974
2 3967 3971
2 3967 3975
2 3968 3972
2 3968 3976
2 3969 3973
2 3969 3977
2 3978 3980
2 3978 3982
2 3979 3981
2 3979 3983
2 3984 3986
2 3984 3988
2 3985 3987
2 3985 3989
2 3990 3991
2 3990 3992
2 3993 3995
2 3993 3997
2 3994 3996
2 3994 3998
2 3999 4001
2 3999 4003
2 4000 4002
2 4000 4004
2 4005 4009
2 4005 4013
2 4006 4010
2 4006 4014
2 4007 4011
2 4007 4015
2 4008 4012
2 4008 4016
2 4017 4019
2 4017 4021
2 4018 4020
2 4018 4022
2 4023 4025
2 4023 4027
2 4024 4026
2 4024 4028
2 4029 4031
2 4029 4033
2 4030 4032
2 4030 4034
2 4035 4037
2 4035 4039
2 4036 4038
2 4036 4040
2 4041 4042
2 4041 4043
