[double3(17.071000000000,0.000000000000,0.000000000000),double3(0.000000000000,17.071000000000,0.000000000000),double3(0.000000000000,0.000000000000,17.071000000000)]

double3(0.182350000000,0.005500000000,0.317650000000),
double3(0.432350000000,0.255500000000,0.067650000000),
double3(0.005500000000,0.317650000000,0.182350000000),
double3(0.255500000000,0.067650000000,0.432350000000),
double3(0.317650000000,0.182350000000,0.005500000000),
double3(0.067650000000,0.432350000000,0.255500000000),
double3(0.317650000000,0.494500000000,0.317650000000),
double3(0.067650000000,0.244500000000,0.067650000000),
double3(0.182350000000,0.182350000000,0.494500000000),
double3(0.432350000000,0.432350000000,0.244500000000),
double3(0.317650000000,0.005500000000,0.182350000000),
double3(0.067650000000,0.255500000000,0.432350000000),
double3(0.494500000000,0.182350000000,0.182350000000),
double3(0.244500000000,0.432350000000,0.432350000000),
double3(0.182350000000,0.317650000000,0.005500000000),
double3(0.432350000000,0.067650000000,0.255500000000),
double3(0.317650000000,0.317650000000,0.494500000000),
double3(0.067650000000,0.067650000000,0.244500000000),
double3(0.494500000000,0.317650000000,0.317650000000),
double3(0.244500000000,0.067650000000,0.067650000000),
double3(0.005500000000,0.182350000000,0.317650000000),
double3(0.255500000000,0.432350000000,0.067650000000),
double3(0.182350000000,0.494500000000,0.182350000000),
double3(0.432350000000,0.244500000000,0.432350000000),
double3(0.197200000000,0.445750000000,0.330350000000),
double3(0.447200000000,0.195750000000,0.080350000000),
double3(0.445750000000,0.330350000000,0.197200000000),
double3(0.195750000000,0.080350000000,0.447200000000),
double3(0.330350000000,0.197200000000,0.445750000000),
double3(0.080350000000,0.447200000000,0.195750000000),
double3(0.445750000000,0.302800000000,0.169650000000),
double3(0.195750000000,0.052800000000,0.419650000000),
double3(0.330350000000,0.054250000000,0.302800000000),
double3(0.080350000000,0.304250000000,0.052800000000),
double3(0.197200000000,0.169650000000,0.054250000000),
double3(0.447200000000,0.419650000000,0.304250000000),
double3(0.302800000000,0.054250000000,0.330350000000),
double3(0.052800000000,0.304250000000,0.080350000000),
double3(0.169650000000,0.197200000000,0.054250000000),
double3(0.419650000000,0.447200000000,0.304250000000),
double3(0.302800000000,0.445750000000,0.169650000000),
double3(0.052800000000,0.195750000000,0.419650000000),
double3(0.054250000000,0.169650000000,0.197200000000),
double3(0.304250000000,0.419650000000,0.447200000000),
double3(0.169650000000,0.302800000000,0.445750000000),
double3(0.419650000000,0.052800000000,0.195750000000),
double3(0.054250000000,0.197200000000,0.169650000000),
double3(0.304250000000,0.447200000000,0.419650000000),
double3(0.169650000000,0.445750000000,0.302800000000),
double3(0.419650000000,0.195750000000,0.052800000000),
double3(0.302800000000,0.330350000000,0.054250000000),
double3(0.052800000000,0.080350000000,0.304250000000),
double3(0.054250000000,0.330350000000,0.302800000000),
double3(0.304250000000,0.080350000000,0.052800000000),
double3(0.330350000000,0.445750000000,0.197200000000),
double3(0.080350000000,0.195750000000,0.447200000000),
double3(0.197200000000,0.330350000000,0.445750000000),
double3(0.447200000000,0.080350000000,0.195750000000),
double3(0.445750000000,0.197200000000,0.330350000000),
double3(0.195750000000,0.447200000000,0.080350000000),
double3(0.445750000000,0.169650000000,0.302800000000),
double3(0.195750000000,0.419650000000,0.052800000000),
double3(0.054250000000,0.302800000000,0.330350000000),
double3(0.304250000000,0.052800000000,0.080350000000),
double3(0.169650000000,0.054250000000,0.197200000000),
double3(0.419650000000,0.304250000000,0.447200000000),
double3(0.302800000000,0.169650000000,0.445750000000),
double3(0.052800000000,0.419650000000,0.195750000000),
double3(0.197200000000,0.054250000000,0.169650000000),
double3(0.447200000000,0.304250000000,0.419650000000),
double3(0.330350000000,0.302800000000,0.054250000000),
double3(0.080350000000,0.052800000000,0.304250000000),
double3(0.183300000000,0.049450000000,0.316700000000),
double3(0.433300000000,0.299450000000,0.066700000000),
double3(0.049450000000,0.316700000000,0.183300000000),
double3(0.299450000000,0.066700000000,0.433300000000),
double3(0.316700000000,0.450550000000,0.316700000000),
double3(0.066700000000,0.200550000000,0.066700000000),
double3(0.183300000000,0.183300000000,0.450550000000),
double3(0.433300000000,0.433300000000,0.200550000000),
double3(0.316700000000,0.049450000000,0.183300000000),
double3(0.450550000000,0.183300000000,0.183300000000),
double3(0.183300000000,0.316700000000,0.049450000000),
double3(0.316700000000,0.316700000000,0.450550000000),
double3(0.066700000000,0.066700000000,0.200550000000),
double3(0.450550000000,0.316700000000,0.316700000000),
double3(0.200550000000,0.066700000000,0.066700000000),
double3(0.299450000000,0.433300000000,0.066700000000),
double3(0.183300000000,0.450550000000,0.183300000000),
double3(0.433300000000,0.200550000000,0.433300000000),
double3(0.205450000000,0.484050000000,0.340800000000),
double3(0.455450000000,0.234050000000,0.090800000000),
double3(0.484050000000,0.340800000000,0.205450000000),
double3(0.234050000000,0.090800000000,0.455450000000),
double3(0.340800000000,0.205450000000,0.484050000000),
double3(0.090800000000,0.455450000000,0.234050000000),
double3(0.484050000000,0.294550000000,0.159200000000),
double3(0.234050000000,0.044550000000,0.409200000000),
double3(0.340800000000,0.015950000000,0.294550000000),
double3(0.090800000000,0.265950000000,0.044550000000),
double3(0.205450000000,0.159200000000,0.015950000000),
double3(0.455450000000,0.409200000000,0.265950000000),
double3(0.294550000000,0.015950000000,0.340800000000),
double3(0.044550000000,0.265950000000,0.090800000000),
double3(0.159200000000,0.205450000000,0.015950000000),
double3(0.409200000000,0.455450000000,0.265950000000),
double3(0.294550000000,0.484050000000,0.159200000000),
double3(0.044550000000,0.234050000000,0.409200000000),
double3(0.015950000000,0.159200000000,0.205450000000),
double3(0.265950000000,0.409200000000,0.455450000000),
double3(0.159200000000,0.294550000000,0.484050000000),
double3(0.409200000000,0.044550000000,0.234050000000),
double3(0.015950000000,0.205450000000,0.159200000000),
double3(0.265950000000,0.455450000000,0.409200000000),
double3(0.159200000000,0.484050000000,0.294550000000),
double3(0.409200000000,0.234050000000,0.044550000000),
double3(0.294550000000,0.340800000000,0.015950000000),
double3(0.044550000000,0.090800000000,0.265950000000),
double3(0.015950000000,0.340800000000,0.294550000000),
double3(0.265950000000,0.090800000000,0.044550000000),
double3(0.340800000000,0.484050000000,0.205450000000),
double3(0.090800000000,0.234050000000,0.455450000000),
double3(0.205450000000,0.340800000000,0.484050000000),
double3(0.455450000000,0.090800000000,0.234050000000),
double3(0.484050000000,0.205450000000,0.340800000000),
double3(0.234050000000,0.455450000000,0.090800000000),
double3(0.484050000000,0.159200000000,0.294550000000),
double3(0.234050000000,0.409200000000,0.044550000000),
double3(0.015950000000,0.294550000000,0.340800000000),
double3(0.265950000000,0.044550000000,0.090800000000),
double3(0.159200000000,0.015950000000,0.205450000000),
double3(0.409200000000,0.265950000000,0.455450000000),
double3(0.294550000000,0.159200000000,0.484050000000),
double3(0.044550000000,0.409200000000,0.234050000000),
double3(0.205450000000,0.015950000000,0.159200000000),
double3(0.455450000000,0.265950000000,0.409200000000),
double3(0.340800000000,0.294550000000,0.015950000000),
double3(0.090800000000,0.044550000000,0.265950000000),
double3(0.250000000000,0.000000000000,0.375000000000),
double3(0.000000000000,0.250000000000,0.125000000000),
double3(0.000000000000,0.375000000000,0.250000000000),
double3(0.250000000000,0.125000000000,0.000000000000),
double3(0.375000000000,0.250000000000,0.000000000000),
double3(0.125000000000,0.000000000000,0.250000000000),
double3(0.375000000000,0.000000000000,0.250000000000),
double3(0.125000000000,0.250000000000,0.000000000000),
double3(0.250000000000,0.000000000000,0.125000000000),
double3(0.000000000000,0.250000000000,0.375000000000),
double3(0.000000000000,0.125000000000,0.250000000000),
double3(0.250000000000,0.375000000000,0.000000000000),
double3(0.209050000000,0.423600000000,0.340850000000),
double3(0.459050000000,0.173600000000,0.090850000000),
double3(0.423600000000,0.340850000000,0.209050000000),
double3(0.173600000000,0.090850000000,0.459050000000),
double3(0.340850000000,0.209050000000,0.423600000000),
double3(0.090850000000,0.459050000000,0.173600000000),
double3(0.423600000000,0.290950000000,0.159150000000),
double3(0.173600000000,0.040950000000,0.409150000000),
double3(0.340850000000,0.076400000000,0.290950000000),
double3(0.090850000000,0.326400000000,0.040950000000),
double3(0.209050000000,0.159150000000,0.076400000000),
double3(0.459050000000,0.409150000000,0.326400000000),
double3(0.290950000000,0.076400000000,0.340850000000),
double3(0.040950000000,0.326400000000,0.090850000000),
double3(0.159150000000,0.209050000000,0.076400000000),
double3(0.409150000000,0.459050000000,0.326400000000),
double3(0.290950000000,0.423600000000,0.159150000000),
double3(0.040950000000,0.173600000000,0.409150000000),
double3(0.076400000000,0.159150000000,0.209050000000),
double3(0.326400000000,0.409150000000,0.459050000000),
double3(0.159150000000,0.290950000000,0.423600000000),
double3(0.409150000000,0.040950000000,0.173600000000),
double3(0.076400000000,0.209050000000,0.159150000000),
double3(0.326400000000,0.459050000000,0.409150000000),
double3(0.159150000000,0.423600000000,0.290950000000),
double3(0.409150000000,0.173600000000,0.040950000000),
double3(0.290950000000,0.340850000000,0.076400000000),
double3(0.040950000000,0.090850000000,0.326400000000),
double3(0.076400000000,0.340850000000,0.290950000000),
double3(0.326400000000,0.090850000000,0.040950000000),
double3(0.340850000000,0.423600000000,0.209050000000),
double3(0.090850000000,0.173600000000,0.459050000000),
double3(0.209050000000,0.340850000000,0.423600000000),
double3(0.459050000000,0.090850000000,0.173600000000),
double3(0.423600000000,0.209050000000,0.340850000000),
double3(0.173600000000,0.459050000000,0.090850000000),
double3(0.423600000000,0.159150000000,0.290950000000),
double3(0.173600000000,0.409150000000,0.040950000000),
double3(0.076400000000,0.290950000000,0.340850000000),
double3(0.326400000000,0.040950000000,0.090850000000),
double3(0.159150000000,0.076400000000,0.209050000000),
double3(0.409150000000,0.326400000000,0.459050000000),
double3(0.290950000000,0.159150000000,0.423600000000),
double3(0.040950000000,0.409150000000,0.173600000000),
double3(0.209050000000,0.076400000000,0.159150000000),
double3(0.459050000000,0.326400000000,0.409150000000),
double3(0.340850000000,0.290950000000,0.076400000000),
double3(0.090850000000,0.040950000000,0.326400000000),
double3(0.202150000000,0.058400000000,0.297850000000),
double3(0.452150000000,0.308400000000,0.047850000000),
double3(0.058400000000,0.297850000000,0.202150000000),
double3(0.308400000000,0.047850000000,0.452150000000),
double3(0.297850000000,0.441600000000,0.297850000000),
double3(0.047850000000,0.191600000000,0.047850000000),
double3(0.202150000000,0.202150000000,0.441600000000),
double3(0.452150000000,0.452150000000,0.191600000000),
double3(0.297850000000,0.058400000000,0.202150000000),
double3(0.441600000000,0.202150000000,0.202150000000),
double3(0.202150000000,0.297850000000,0.058400000000),
double3(0.297850000000,0.297850000000,0.441600000000),
double3(0.047850000000,0.047850000000,0.191600000000),
double3(0.441600000000,0.297850000000,0.297850000000),
double3(0.191600000000,0.047850000000,0.047850000000),
double3(0.308400000000,0.452150000000,0.047850000000),
double3(0.202150000000,0.441600000000,0.202150000000),
double3(0.452150000000,0.191600000000,0.452150000000),
double3(0.157900000000,0.059300000000,0.309800000000),
double3(0.407900000000,0.309300000000,0.059800000000),
double3(0.059300000000,0.309800000000,0.157900000000),
double3(0.309300000000,0.059800000000,0.407900000000),
double3(0.059300000000,0.342100000000,0.190200000000),
double3(0.309300000000,0.092100000000,0.440200000000),
double3(0.309800000000,0.440700000000,0.342100000000),
double3(0.059800000000,0.190700000000,0.092100000000),
double3(0.157900000000,0.190200000000,0.440700000000),
double3(0.407900000000,0.440200000000,0.190700000000),
double3(0.342100000000,0.440700000000,0.309800000000),
double3(0.092100000000,0.190700000000,0.059800000000),
double3(0.190200000000,0.157900000000,0.440700000000),
double3(0.440200000000,0.407900000000,0.190700000000),
double3(0.342100000000,0.059300000000,0.190200000000),
double3(0.440700000000,0.190200000000,0.157900000000),
double3(0.190200000000,0.342100000000,0.059300000000),
double3(0.440700000000,0.157900000000,0.190200000000),
double3(0.190200000000,0.059300000000,0.342100000000),
double3(0.440200000000,0.309300000000,0.092100000000),
double3(0.342100000000,0.309800000000,0.440700000000),
double3(0.092100000000,0.059800000000,0.190700000000),
double3(0.440700000000,0.309800000000,0.342100000000),
double3(0.190700000000,0.059800000000,0.092100000000),
double3(0.309800000000,0.059300000000,0.157900000000),
double3(0.157900000000,0.309800000000,0.059300000000),
double3(0.309300000000,0.407900000000,0.059800000000),
double3(0.309300000000,0.440200000000,0.092100000000),
double3(0.440700000000,0.342100000000,0.309800000000),
double3(0.190700000000,0.092100000000,0.059800000000),
double3(0.190200000000,0.440700000000,0.157900000000),
double3(0.440200000000,0.190700000000,0.407900000000),
double3(0.157900000000,0.440700000000,0.190200000000),
double3(0.407900000000,0.190700000000,0.440200000000),
double3(0.309800000000,0.342100000000,0.440700000000),
double3(0.059800000000,0.092100000000,0.190700000000),
double3(0.067669077856,0.428606418869,0.331848745967),
double3(0.068807648614,0.431178646214,0.297950801399),
double3(0.315751384270,0.186742191914,0.264193259109),
double3(0.316678839298,0.183763002062,0.298064302757),
double3(0.264205495916,0.181985286921,0.321703485491),
double3(0.298067680162,0.182696373906,0.318568174305),
double3(0.432330922144,0.071393581131,0.331848745967),
double3(0.431192351386,0.068821353786,0.297950801399),
double3(0.071393581131,0.331848745967,0.432330922144),
double3(0.068821353786,0.297950801399,0.431192351386),
double3(0.168151254033,0.432330922144,0.428606418869),
double3(0.202049198601,0.431192351386,0.431178646214),
double3(0.182350000000,0.005500000000,0.817650000000),
double3(0.432350000000,0.255500000000,0.567650000000),
double3(0.005500000000,0.317650000000,0.682350000000),
double3(0.255500000000,0.067650000000,0.932350000000),
double3(0.317650000000,0.182350000000,0.505500000000),
double3(0.067650000000,0.432350000000,0.755500000000),
double3(0.317650000000,0.494500000000,0.817650000000),
double3(0.067650000000,0.244500000000,0.567650000000),
double3(0.182350000000,0.182350000000,0.994500000000),
double3(0.432350000000,0.432350000000,0.744500000000),
double3(0.317650000000,0.005500000000,0.682350000000),
double3(0.067650000000,0.255500000000,0.932350000000),
double3(0.494500000000,0.182350000000,0.682350000000),
double3(0.244500000000,0.432350000000,0.932350000000),
double3(0.182350000000,0.317650000000,0.505500000000),
double3(0.432350000000,0.067650000000,0.755500000000),
double3(0.317650000000,0.317650000000,0.994500000000),
double3(0.067650000000,0.067650000000,0.744500000000),
double3(0.494500000000,0.317650000000,0.817650000000),
double3(0.244500000000,0.067650000000,0.567650000000),
double3(0.005500000000,0.182350000000,0.817650000000),
double3(0.255500000000,0.432350000000,0.567650000000),
double3(0.182350000000,0.494500000000,0.682350000000),
double3(0.432350000000,0.244500000000,0.932350000000),
double3(0.197200000000,0.445750000000,0.830350000000),
double3(0.447200000000,0.195750000000,0.580350000000),
double3(0.445750000000,0.330350000000,0.697200000000),
double3(0.195750000000,0.080350000000,0.947200000000),
double3(0.330350000000,0.197200000000,0.945750000000),
double3(0.080350000000,0.447200000000,0.695750000000),
double3(0.445750000000,0.302800000000,0.669650000000),
double3(0.195750000000,0.052800000000,0.919650000000),
double3(0.330350000000,0.054250000000,0.802800000000),
double3(0.080350000000,0.304250000000,0.552800000000),
double3(0.197200000000,0.169650000000,0.554250000000),
double3(0.447200000000,0.419650000000,0.804250000000),
double3(0.302800000000,0.054250000000,0.830350000000),
double3(0.052800000000,0.304250000000,0.580350000000),
double3(0.169650000000,0.197200000000,0.554250000000),
double3(0.419650000000,0.447200000000,0.804250000000),
double3(0.302800000000,0.445750000000,0.669650000000),
double3(0.052800000000,0.195750000000,0.919650000000),
double3(0.054250000000,0.169650000000,0.697200000000),
double3(0.304250000000,0.419650000000,0.947200000000),
double3(0.169650000000,0.302800000000,0.945750000000),
double3(0.419650000000,0.052800000000,0.695750000000),
double3(0.054250000000,0.197200000000,0.669650000000),
double3(0.304250000000,0.447200000000,0.919650000000),
double3(0.169650000000,0.445750000000,0.802800000000),
double3(0.419650000000,0.195750000000,0.552800000000),
double3(0.302800000000,0.330350000000,0.554250000000),
double3(0.052800000000,0.080350000000,0.804250000000),
double3(0.054250000000,0.330350000000,0.802800000000),
double3(0.304250000000,0.080350000000,0.552800000000),
double3(0.330350000000,0.445750000000,0.697200000000),
double3(0.080350000000,0.195750000000,0.947200000000),
double3(0.197200000000,0.330350000000,0.945750000000),
double3(0.447200000000,0.080350000000,0.695750000000),
double3(0.445750000000,0.197200000000,0.830350000000),
double3(0.195750000000,0.447200000000,0.580350000000),
double3(0.445750000000,0.169650000000,0.802800000000),
double3(0.195750000000,0.419650000000,0.552800000000),
double3(0.054250000000,0.302800000000,0.830350000000),
double3(0.304250000000,0.052800000000,0.580350000000),
double3(0.169650000000,0.054250000000,0.697200000000),
double3(0.419650000000,0.304250000000,0.947200000000),
double3(0.302800000000,0.169650000000,0.945750000000),
double3(0.052800000000,0.419650000000,0.695750000000),
double3(0.197200000000,0.054250000000,0.669650000000),
double3(0.447200000000,0.304250000000,0.919650000000),
double3(0.330350000000,0.302800000000,0.554250000000),
double3(0.080350000000,0.052800000000,0.804250000000),
double3(0.183300000000,0.049450000000,0.816700000000),
double3(0.433300000000,0.299450000000,0.566700000000),
double3(0.049450000000,0.316700000000,0.683300000000),
double3(0.299450000000,0.066700000000,0.933300000000),
double3(0.316700000000,0.450550000000,0.816700000000),
double3(0.066700000000,0.200550000000,0.566700000000),
double3(0.183300000000,0.183300000000,0.950550000000),
double3(0.433300000000,0.433300000000,0.700550000000),
double3(0.316700000000,0.049450000000,0.683300000000),
double3(0.450550000000,0.183300000000,0.683300000000),
double3(0.183300000000,0.316700000000,0.549450000000),
double3(0.316700000000,0.316700000000,0.950550000000),
double3(0.066700000000,0.066700000000,0.700550000000),
double3(0.450550000000,0.316700000000,0.816700000000),
double3(0.200550000000,0.066700000000,0.566700000000),
double3(0.299450000000,0.433300000000,0.566700000000),
double3(0.183300000000,0.450550000000,0.683300000000),
double3(0.433300000000,0.200550000000,0.933300000000),
double3(0.205450000000,0.484050000000,0.840800000000),
double3(0.455450000000,0.234050000000,0.590800000000),
double3(0.484050000000,0.340800000000,0.705450000000),
double3(0.234050000000,0.090800000000,0.955450000000),
double3(0.340800000000,0.205450000000,0.984050000000),
double3(0.090800000000,0.455450000000,0.734050000000),
double3(0.484050000000,0.294550000000,0.659200000000),
double3(0.234050000000,0.044550000000,0.909200000000),
double3(0.340800000000,0.015950000000,0.794550000000),
double3(0.090800000000,0.265950000000,0.544550000000),
double3(0.205450000000,0.159200000000,0.515950000000),
double3(0.455450000000,0.409200000000,0.765950000000),
double3(0.294550000000,0.015950000000,0.840800000000),
double3(0.044550000000,0.265950000000,0.590800000000),
double3(0.159200000000,0.205450000000,0.515950000000),
double3(0.409200000000,0.455450000000,0.765950000000),
double3(0.294550000000,0.484050000000,0.659200000000),
double3(0.044550000000,0.234050000000,0.909200000000),
double3(0.015950000000,0.159200000000,0.705450000000),
double3(0.265950000000,0.409200000000,0.955450000000),
double3(0.159200000000,0.294550000000,0.984050000000),
double3(0.409200000000,0.044550000000,0.734050000000),
double3(0.015950000000,0.205450000000,0.659200000000),
double3(0.265950000000,0.455450000000,0.909200000000),
double3(0.159200000000,0.484050000000,0.794550000000),
double3(0.409200000000,0.234050000000,0.544550000000),
double3(0.294550000000,0.340800000000,0.515950000000),
double3(0.044550000000,0.090800000000,0.765950000000),
double3(0.015950000000,0.340800000000,0.794550000000),
double3(0.265950000000,0.090800000000,0.544550000000),
double3(0.340800000000,0.484050000000,0.705450000000),
double3(0.090800000000,0.234050000000,0.955450000000),
double3(0.205450000000,0.340800000000,0.984050000000),
double3(0.455450000000,0.090800000000,0.734050000000),
double3(0.484050000000,0.205450000000,0.840800000000),
double3(0.234050000000,0.455450000000,0.590800000000),
double3(0.484050000000,0.159200000000,0.794550000000),
double3(0.234050000000,0.409200000000,0.544550000000),
double3(0.015950000000,0.294550000000,0.840800000000),
double3(0.265950000000,0.044550000000,0.590800000000),
double3(0.159200000000,0.015950000000,0.705450000000),
double3(0.409200000000,0.265950000000,0.955450000000),
double3(0.294550000000,0.159200000000,0.984050000000),
double3(0.044550000000,0.409200000000,0.734050000000),
double3(0.205450000000,0.015950000000,0.659200000000),
double3(0.455450000000,0.265950000000,0.909200000000),
double3(0.340800000000,0.294550000000,0.515950000000),
double3(0.090800000000,0.044550000000,0.765950000000),
double3(0.250000000000,0.000000000000,0.875000000000),
double3(0.000000000000,0.250000000000,0.625000000000),
double3(0.000000000000,0.375000000000,0.750000000000),
double3(0.250000000000,0.125000000000,0.500000000000),
double3(0.375000000000,0.250000000000,0.500000000000),
double3(0.125000000000,0.000000000000,0.750000000000),
double3(0.375000000000,0.000000000000,0.750000000000),
double3(0.125000000000,0.250000000000,0.500000000000),
double3(0.250000000000,0.000000000000,0.625000000000),
double3(0.000000000000,0.250000000000,0.875000000000),
double3(0.000000000000,0.125000000000,0.750000000000),
double3(0.250000000000,0.375000000000,0.500000000000),
double3(0.209050000000,0.423600000000,0.840850000000),
double3(0.459050000000,0.173600000000,0.590850000000),
double3(0.423600000000,0.340850000000,0.709050000000),
double3(0.173600000000,0.090850000000,0.959050000000),
double3(0.340850000000,0.209050000000,0.923600000000),
double3(0.090850000000,0.459050000000,0.673600000000),
double3(0.423600000000,0.290950000000,0.659150000000),
double3(0.173600000000,0.040950000000,0.909150000000),
double3(0.340850000000,0.076400000000,0.790950000000),
double3(0.090850000000,0.326400000000,0.540950000000),
double3(0.209050000000,0.159150000000,0.576400000000),
double3(0.459050000000,0.409150000000,0.826400000000),
double3(0.290950000000,0.076400000000,0.840850000000),
double3(0.040950000000,0.326400000000,0.590850000000),
double3(0.159150000000,0.209050000000,0.576400000000),
double3(0.409150000000,0.459050000000,0.826400000000),
double3(0.290950000000,0.423600000000,0.659150000000),
double3(0.040950000000,0.173600000000,0.909150000000),
double3(0.076400000000,0.159150000000,0.709050000000),
double3(0.326400000000,0.409150000000,0.959050000000),
double3(0.159150000000,0.290950000000,0.923600000000),
double3(0.409150000000,0.040950000000,0.673600000000),
double3(0.076400000000,0.209050000000,0.659150000000),
double3(0.326400000000,0.459050000000,0.909150000000),
double3(0.159150000000,0.423600000000,0.790950000000),
double3(0.409150000000,0.173600000000,0.540950000000),
double3(0.290950000000,0.340850000000,0.576400000000),
double3(0.040950000000,0.090850000000,0.826400000000),
double3(0.076400000000,0.340850000000,0.790950000000),
double3(0.326400000000,0.090850000000,0.540950000000),
double3(0.340850000000,0.423600000000,0.709050000000),
double3(0.090850000000,0.173600000000,0.959050000000),
double3(0.209050000000,0.340850000000,0.923600000000),
double3(0.459050000000,0.090850000000,0.673600000000),
double3(0.423600000000,0.209050000000,0.840850000000),
double3(0.173600000000,0.459050000000,0.590850000000),
double3(0.423600000000,0.159150000000,0.790950000000),
double3(0.173600000000,0.409150000000,0.540950000000),
double3(0.076400000000,0.290950000000,0.840850000000),
double3(0.326400000000,0.040950000000,0.590850000000),
double3(0.159150000000,0.076400000000,0.709050000000),
double3(0.409150000000,0.326400000000,0.959050000000),
double3(0.290950000000,0.159150000000,0.923600000000),
double3(0.040950000000,0.409150000000,0.673600000000),
double3(0.209050000000,0.076400000000,0.659150000000),
double3(0.459050000000,0.326400000000,0.909150000000),
double3(0.340850000000,0.290950000000,0.576400000000),
double3(0.090850000000,0.040950000000,0.826400000000),
double3(0.202150000000,0.058400000000,0.797850000000),
double3(0.452150000000,0.308400000000,0.547850000000),
double3(0.058400000000,0.297850000000,0.702150000000),
double3(0.308400000000,0.047850000000,0.952150000000),
double3(0.297850000000,0.441600000000,0.797850000000),
double3(0.047850000000,0.191600000000,0.547850000000),
double3(0.202150000000,0.202150000000,0.941600000000),
double3(0.452150000000,0.452150000000,0.691600000000),
double3(0.297850000000,0.058400000000,0.702150000000),
double3(0.441600000000,0.202150000000,0.702150000000),
double3(0.202150000000,0.297850000000,0.558400000000),
double3(0.297850000000,0.297850000000,0.941600000000),
double3(0.047850000000,0.047850000000,0.691600000000),
double3(0.441600000000,0.297850000000,0.797850000000),
double3(0.191600000000,0.047850000000,0.547850000000),
double3(0.308400000000,0.452150000000,0.547850000000),
double3(0.202150000000,0.441600000000,0.702150000000),
double3(0.452150000000,0.191600000000,0.952150000000),
double3(0.157900000000,0.059300000000,0.809800000000),
double3(0.407900000000,0.309300000000,0.559800000000),
double3(0.059300000000,0.309800000000,0.657900000000),
double3(0.309300000000,0.059800000000,0.907900000000),
double3(0.059300000000,0.342100000000,0.690200000000),
double3(0.309300000000,0.092100000000,0.940200000000),
double3(0.309800000000,0.440700000000,0.842100000000),
double3(0.059800000000,0.190700000000,0.592100000000),
double3(0.157900000000,0.190200000000,0.940700000000),
double3(0.407900000000,0.440200000000,0.690700000000),
double3(0.342100000000,0.440700000000,0.809800000000),
double3(0.092100000000,0.190700000000,0.559800000000),
double3(0.190200000000,0.157900000000,0.940700000000),
double3(0.440200000000,0.407900000000,0.690700000000),
double3(0.342100000000,0.059300000000,0.690200000000),
double3(0.440700000000,0.190200000000,0.657900000000),
double3(0.190200000000,0.342100000000,0.559300000000),
double3(0.440700000000,0.157900000000,0.690200000000),
double3(0.190200000000,0.059300000000,0.842100000000),
double3(0.440200000000,0.309300000000,0.592100000000),
double3(0.342100000000,0.309800000000,0.940700000000),
double3(0.092100000000,0.059800000000,0.690700000000),
double3(0.440700000000,0.309800000000,0.842100000000),
double3(0.190700000000,0.059800000000,0.592100000000),
double3(0.309800000000,0.059300000000,0.657900000000),
double3(0.157900000000,0.309800000000,0.559300000000),
double3(0.309300000000,0.407900000000,0.559800000000),
double3(0.309300000000,0.440200000000,0.592100000000),
double3(0.440700000000,0.342100000000,0.809800000000),
double3(0.190700000000,0.092100000000,0.559800000000),
double3(0.190200000000,0.440700000000,0.657900000000),
double3(0.440200000000,0.190700000000,0.907900000000),
double3(0.157900000000,0.440700000000,0.690200000000),
double3(0.407900000000,0.190700000000,0.940200000000),
double3(0.309800000000,0.342100000000,0.940700000000),
double3(0.059800000000,0.092100000000,0.690700000000),
double3(0.067669077856,0.428606418869,0.831848745967),
double3(0.068807648614,0.431178646214,0.797950801399),
double3(0.315751384270,0.186742191914,0.764193259109),
double3(0.316678839298,0.183763002062,0.798064302757),
double3(0.264205495916,0.181985286921,0.821703485491),
double3(0.298067680162,0.182696373906,0.818568174305),
double3(0.432330922144,0.071393581131,0.831848745967),
double3(0.431192351386,0.068821353786,0.797950801399),
double3(0.071393581131,0.331848745967,0.932330922144),
double3(0.068821353786,0.297950801399,0.931192351386),
double3(0.168151254033,0.432330922144,0.928606418869),
double3(0.202049198601,0.431192351386,0.931178646214),
double3(0.182350000000,0.505500000000,0.317650000000),
double3(0.432350000000,0.755500000000,0.067650000000),
double3(0.005500000000,0.817650000000,0.182350000000),
double3(0.255500000000,0.567650000000,0.432350000000),
double3(0.317650000000,0.682350000000,0.005500000000),
double3(0.067650000000,0.932350000000,0.255500000000),
double3(0.317650000000,0.994500000000,0.317650000000),
double3(0.067650000000,0.744500000000,0.067650000000),
double3(0.182350000000,0.682350000000,0.494500000000),
double3(0.432350000000,0.932350000000,0.244500000000),
double3(0.317650000000,0.505500000000,0.182350000000),
double3(0.067650000000,0.755500000000,0.432350000000),
double3(0.494500000000,0.682350000000,0.182350000000),
double3(0.244500000000,0.932350000000,0.432350000000),
double3(0.182350000000,0.817650000000,0.005500000000),
double3(0.432350000000,0.567650000000,0.255500000000),
double3(0.317650000000,0.817650000000,0.494500000000),
double3(0.067650000000,0.567650000000,0.244500000000),
double3(0.494500000000,0.817650000000,0.317650000000),
double3(0.244500000000,0.567650000000,0.067650000000),
double3(0.005500000000,0.682350000000,0.317650000000),
double3(0.255500000000,0.932350000000,0.067650000000),
double3(0.182350000000,0.994500000000,0.182350000000),
double3(0.432350000000,0.744500000000,0.432350000000),
double3(0.197200000000,0.945750000000,0.330350000000),
double3(0.447200000000,0.695750000000,0.080350000000),
double3(0.445750000000,0.830350000000,0.197200000000),
double3(0.195750000000,0.580350000000,0.447200000000),
double3(0.330350000000,0.697200000000,0.445750000000),
double3(0.080350000000,0.947200000000,0.195750000000),
double3(0.445750000000,0.802800000000,0.169650000000),
double3(0.195750000000,0.552800000000,0.419650000000),
double3(0.330350000000,0.554250000000,0.302800000000),
double3(0.080350000000,0.804250000000,0.052800000000),
double3(0.197200000000,0.669650000000,0.054250000000),
double3(0.447200000000,0.919650000000,0.304250000000),
double3(0.302800000000,0.554250000000,0.330350000000),
double3(0.052800000000,0.804250000000,0.080350000000),
double3(0.169650000000,0.697200000000,0.054250000000),
double3(0.419650000000,0.947200000000,0.304250000000),
double3(0.302800000000,0.945750000000,0.169650000000),
double3(0.052800000000,0.695750000000,0.419650000000),
double3(0.054250000000,0.669650000000,0.197200000000),
double3(0.304250000000,0.919650000000,0.447200000000),
double3(0.169650000000,0.802800000000,0.445750000000),
double3(0.419650000000,0.552800000000,0.195750000000),
double3(0.054250000000,0.697200000000,0.169650000000),
double3(0.304250000000,0.947200000000,0.419650000000),
double3(0.169650000000,0.945750000000,0.302800000000),
double3(0.419650000000,0.695750000000,0.052800000000),
double3(0.302800000000,0.830350000000,0.054250000000),
double3(0.052800000000,0.580350000000,0.304250000000),
double3(0.054250000000,0.830350000000,0.302800000000),
double3(0.304250000000,0.580350000000,0.052800000000),
double3(0.330350000000,0.945750000000,0.197200000000),
double3(0.080350000000,0.695750000000,0.447200000000),
double3(0.197200000000,0.830350000000,0.445750000000),
double3(0.447200000000,0.580350000000,0.195750000000),
double3(0.445750000000,0.697200000000,0.330350000000),
double3(0.195750000000,0.947200000000,0.080350000000),
double3(0.445750000000,0.669650000000,0.302800000000),
double3(0.195750000000,0.919650000000,0.052800000000),
double3(0.054250000000,0.802800000000,0.330350000000),
double3(0.304250000000,0.552800000000,0.080350000000),
double3(0.169650000000,0.554250000000,0.197200000000),
double3(0.419650000000,0.804250000000,0.447200000000),
double3(0.302800000000,0.669650000000,0.445750000000),
double3(0.052800000000,0.919650000000,0.195750000000),
double3(0.197200000000,0.554250000000,0.169650000000),
double3(0.447200000000,0.804250000000,0.419650000000),
double3(0.330350000000,0.802800000000,0.054250000000),
double3(0.080350000000,0.552800000000,0.304250000000),
double3(0.183300000000,0.549450000000,0.316700000000),
double3(0.433300000000,0.799450000000,0.066700000000),
double3(0.049450000000,0.816700000000,0.183300000000),
double3(0.299450000000,0.566700000000,0.433300000000),
double3(0.316700000000,0.950550000000,0.316700000000),
double3(0.066700000000,0.700550000000,0.066700000000),
double3(0.183300000000,0.683300000000,0.450550000000),
double3(0.433300000000,0.933300000000,0.200550000000),
double3(0.316700000000,0.549450000000,0.183300000000),
double3(0.450550000000,0.683300000000,0.183300000000),
double3(0.183300000000,0.816700000000,0.049450000000),
double3(0.316700000000,0.816700000000,0.450550000000),
double3(0.066700000000,0.566700000000,0.200550000000),
double3(0.450550000000,0.816700000000,0.316700000000),
double3(0.200550000000,0.566700000000,0.066700000000),
double3(0.299450000000,0.933300000000,0.066700000000),
double3(0.183300000000,0.950550000000,0.183300000000),
double3(0.433300000000,0.700550000000,0.433300000000),
double3(0.205450000000,0.984050000000,0.340800000000),
double3(0.455450000000,0.734050000000,0.090800000000),
double3(0.484050000000,0.840800000000,0.205450000000),
double3(0.234050000000,0.590800000000,0.455450000000),
double3(0.340800000000,0.705450000000,0.484050000000),
double3(0.090800000000,0.955450000000,0.234050000000),
double3(0.484050000000,0.794550000000,0.159200000000),
double3(0.234050000000,0.544550000000,0.409200000000),
double3(0.340800000000,0.515950000000,0.294550000000),
double3(0.090800000000,0.765950000000,0.044550000000),
double3(0.205450000000,0.659200000000,0.015950000000),
double3(0.455450000000,0.909200000000,0.265950000000),
double3(0.294550000000,0.515950000000,0.340800000000),
double3(0.044550000000,0.765950000000,0.090800000000),
double3(0.159200000000,0.705450000000,0.015950000000),
double3(0.409200000000,0.955450000000,0.265950000000),
double3(0.294550000000,0.984050000000,0.159200000000),
double3(0.044550000000,0.734050000000,0.409200000000),
double3(0.015950000000,0.659200000000,0.205450000000),
double3(0.265950000000,0.909200000000,0.455450000000),
double3(0.159200000000,0.794550000000,0.484050000000),
double3(0.409200000000,0.544550000000,0.234050000000),
double3(0.015950000000,0.705450000000,0.159200000000),
double3(0.265950000000,0.955450000000,0.409200000000),
double3(0.159200000000,0.984050000000,0.294550000000),
double3(0.409200000000,0.734050000000,0.044550000000),
double3(0.294550000000,0.840800000000,0.015950000000),
double3(0.044550000000,0.590800000000,0.265950000000),
double3(0.015950000000,0.840800000000,0.294550000000),
double3(0.265950000000,0.590800000000,0.044550000000),
double3(0.340800000000,0.984050000000,0.205450000000),
double3(0.090800000000,0.734050000000,0.455450000000),
double3(0.205450000000,0.840800000000,0.484050000000),
double3(0.455450000000,0.590800000000,0.234050000000),
double3(0.484050000000,0.705450000000,0.340800000000),
double3(0.234050000000,0.955450000000,0.090800000000),
double3(0.484050000000,0.659200000000,0.294550000000),
double3(0.234050000000,0.909200000000,0.044550000000),
double3(0.015950000000,0.794550000000,0.340800000000),
double3(0.265950000000,0.544550000000,0.090800000000),
double3(0.159200000000,0.515950000000,0.205450000000),
double3(0.409200000000,0.765950000000,0.455450000000),
double3(0.294550000000,0.659200000000,0.484050000000),
double3(0.044550000000,0.909200000000,0.234050000000),
double3(0.205450000000,0.515950000000,0.159200000000),
double3(0.455450000000,0.765950000000,0.409200000000),
double3(0.340800000000,0.794550000000,0.015950000000),
double3(0.090800000000,0.544550000000,0.265950000000),
double3(0.250000000000,0.500000000000,0.375000000000),
double3(0.000000000000,0.750000000000,0.125000000000),
double3(0.000000000000,0.875000000000,0.250000000000),
double3(0.250000000000,0.625000000000,0.000000000000),
double3(0.375000000000,0.750000000000,0.000000000000),
double3(0.125000000000,0.500000000000,0.250000000000),
double3(0.375000000000,0.500000000000,0.250000000000),
double3(0.125000000000,0.750000000000,0.000000000000),
double3(0.250000000000,0.500000000000,0.125000000000),
double3(0.000000000000,0.750000000000,0.375000000000),
double3(0.000000000000,0.625000000000,0.250000000000),
double3(0.250000000000,0.875000000000,0.000000000000),
double3(0.209050000000,0.923600000000,0.340850000000),
double3(0.459050000000,0.673600000000,0.090850000000),
double3(0.423600000000,0.840850000000,0.209050000000),
double3(0.173600000000,0.590850000000,0.459050000000),
double3(0.340850000000,0.709050000000,0.423600000000),
double3(0.090850000000,0.959050000000,0.173600000000),
double3(0.423600000000,0.790950000000,0.159150000000),
double3(0.173600000000,0.540950000000,0.409150000000),
double3(0.340850000000,0.576400000000,0.290950000000),
double3(0.090850000000,0.826400000000,0.040950000000),
double3(0.209050000000,0.659150000000,0.076400000000),
double3(0.459050000000,0.909150000000,0.326400000000),
double3(0.290950000000,0.576400000000,0.340850000000),
double3(0.040950000000,0.826400000000,0.090850000000),
double3(0.159150000000,0.709050000000,0.076400000000),
double3(0.409150000000,0.959050000000,0.326400000000),
double3(0.290950000000,0.923600000000,0.159150000000),
double3(0.040950000000,0.673600000000,0.409150000000),
double3(0.076400000000,0.659150000000,0.209050000000),
double3(0.326400000000,0.909150000000,0.459050000000),
double3(0.159150000000,0.790950000000,0.423600000000),
double3(0.409150000000,0.540950000000,0.173600000000),
double3(0.076400000000,0.709050000000,0.159150000000),
double3(0.326400000000,0.959050000000,0.409150000000),
double3(0.159150000000,0.923600000000,0.290950000000),
double3(0.409150000000,0.673600000000,0.040950000000),
double3(0.290950000000,0.840850000000,0.076400000000),
double3(0.040950000000,0.590850000000,0.326400000000),
double3(0.076400000000,0.840850000000,0.290950000000),
double3(0.326400000000,0.590850000000,0.040950000000),
double3(0.340850000000,0.923600000000,0.209050000000),
double3(0.090850000000,0.673600000000,0.459050000000),
double3(0.209050000000,0.840850000000,0.423600000000),
double3(0.459050000000,0.590850000000,0.173600000000),
double3(0.423600000000,0.709050000000,0.340850000000),
double3(0.173600000000,0.959050000000,0.090850000000),
double3(0.423600000000,0.659150000000,0.290950000000),
double3(0.173600000000,0.909150000000,0.040950000000),
double3(0.076400000000,0.790950000000,0.340850000000),
double3(0.326400000000,0.540950000000,0.090850000000),
double3(0.159150000000,0.576400000000,0.209050000000),
double3(0.409150000000,0.826400000000,0.459050000000),
double3(0.290950000000,0.659150000000,0.423600000000),
double3(0.040950000000,0.909150000000,0.173600000000),
double3(0.209050000000,0.576400000000,0.159150000000),
double3(0.459050000000,0.826400000000,0.409150000000),
double3(0.340850000000,0.790950000000,0.076400000000),
double3(0.090850000000,0.540950000000,0.326400000000),
double3(0.202150000000,0.558400000000,0.297850000000),
double3(0.452150000000,0.808400000000,0.047850000000),
double3(0.058400000000,0.797850000000,0.202150000000),
double3(0.308400000000,0.547850000000,0.452150000000),
double3(0.297850000000,0.941600000000,0.297850000000),
double3(0.047850000000,0.691600000000,0.047850000000),
double3(0.202150000000,0.702150000000,0.441600000000),
double3(0.452150000000,0.952150000000,0.191600000000),
double3(0.297850000000,0.558400000000,0.202150000000),
double3(0.441600000000,0.702150000000,0.202150000000),
double3(0.202150000000,0.797850000000,0.058400000000),
double3(0.297850000000,0.797850000000,0.441600000000),
double3(0.047850000000,0.547850000000,0.191600000000),
double3(0.441600000000,0.797850000000,0.297850000000),
double3(0.191600000000,0.547850000000,0.047850000000),
double3(0.308400000000,0.952150000000,0.047850000000),
double3(0.202150000000,0.941600000000,0.202150000000),
double3(0.452150000000,0.691600000000,0.452150000000),
double3(0.157900000000,0.559300000000,0.309800000000),
double3(0.407900000000,0.809300000000,0.059800000000),
double3(0.059300000000,0.809800000000,0.157900000000),
double3(0.309300000000,0.559800000000,0.407900000000),
double3(0.059300000000,0.842100000000,0.190200000000),
double3(0.309300000000,0.592100000000,0.440200000000),
double3(0.309800000000,0.940700000000,0.342100000000),
double3(0.059800000000,0.690700000000,0.092100000000),
double3(0.157900000000,0.690200000000,0.440700000000),
double3(0.407900000000,0.940200000000,0.190700000000),
double3(0.342100000000,0.940700000000,0.309800000000),
double3(0.092100000000,0.690700000000,0.059800000000),
double3(0.190200000000,0.657900000000,0.440700000000),
double3(0.440200000000,0.907900000000,0.190700000000),
double3(0.342100000000,0.559300000000,0.190200000000),
double3(0.440700000000,0.690200000000,0.157900000000),
double3(0.190200000000,0.842100000000,0.059300000000),
double3(0.440700000000,0.657900000000,0.190200000000),
double3(0.190200000000,0.559300000000,0.342100000000),
double3(0.440200000000,0.809300000000,0.092100000000),
double3(0.342100000000,0.809800000000,0.440700000000),
double3(0.092100000000,0.559800000000,0.190700000000),
double3(0.440700000000,0.809800000000,0.342100000000),
double3(0.190700000000,0.559800000000,0.092100000000),
double3(0.309800000000,0.559300000000,0.157900000000),
double3(0.157900000000,0.809800000000,0.059300000000),
double3(0.309300000000,0.907900000000,0.059800000000),
double3(0.309300000000,0.940200000000,0.092100000000),
double3(0.440700000000,0.842100000000,0.309800000000),
double3(0.190700000000,0.592100000000,0.059800000000),
double3(0.190200000000,0.940700000000,0.157900000000),
double3(0.440200000000,0.690700000000,0.407900000000),
double3(0.157900000000,0.940700000000,0.190200000000),
double3(0.407900000000,0.690700000000,0.440200000000),
double3(0.309800000000,0.842100000000,0.440700000000),
double3(0.059800000000,0.592100000000,0.190700000000),
double3(0.067669077856,0.928606418869,0.331848745967),
double3(0.068807648614,0.931178646214,0.297950801399),
double3(0.315751384270,0.686742191914,0.264193259109),
double3(0.316678839298,0.683763002062,0.298064302757),
double3(0.264205495916,0.681985286921,0.321703485491),
double3(0.298067680162,0.682696373906,0.318568174305),
double3(0.432330922144,0.571393581131,0.331848745967),
double3(0.431192351386,0.568821353786,0.297950801399),
double3(0.071393581131,0.831848745967,0.432330922144),
double3(0.068821353786,0.797950801399,0.431192351386),
double3(0.168151254033,0.932330922144,0.428606418869),
double3(0.202049198601,0.931192351386,0.431178646214),
double3(0.182350000000,0.505500000000,0.817650000000),
double3(0.432350000000,0.755500000000,0.567650000000),
double3(0.005500000000,0.817650000000,0.682350000000),
double3(0.255500000000,0.567650000000,0.932350000000),
double3(0.317650000000,0.682350000000,0.505500000000),
double3(0.067650000000,0.932350000000,0.755500000000),
double3(0.317650000000,0.994500000000,0.817650000000),
double3(0.067650000000,0.744500000000,0.567650000000),
double3(0.182350000000,0.682350000000,0.994500000000),
double3(0.432350000000,0.932350000000,0.744500000000),
double3(0.317650000000,0.505500000000,0.682350000000),
double3(0.067650000000,0.755500000000,0.932350000000),
double3(0.494500000000,0.682350000000,0.682350000000),
double3(0.244500000000,0.932350000000,0.932350000000),
double3(0.182350000000,0.817650000000,0.505500000000),
double3(0.432350000000,0.567650000000,0.755500000000),
double3(0.317650000000,0.817650000000,0.994500000000),
double3(0.067650000000,0.567650000000,0.744500000000),
double3(0.494500000000,0.817650000000,0.817650000000),
double3(0.244500000000,0.567650000000,0.567650000000),
double3(0.005500000000,0.682350000000,0.817650000000),
double3(0.255500000000,0.932350000000,0.567650000000),
double3(0.182350000000,0.994500000000,0.682350000000),
double3(0.432350000000,0.744500000000,0.932350000000),
double3(0.197200000000,0.945750000000,0.830350000000),
double3(0.447200000000,0.695750000000,0.580350000000),
double3(0.445750000000,0.830350000000,0.697200000000),
double3(0.195750000000,0.580350000000,0.947200000000),
double3(0.330350000000,0.697200000000,0.945750000000),
double3(0.080350000000,0.947200000000,0.695750000000),
double3(0.445750000000,0.802800000000,0.669650000000),
double3(0.195750000000,0.552800000000,0.919650000000),
double3(0.330350000000,0.554250000000,0.802800000000),
double3(0.080350000000,0.804250000000,0.552800000000),
double3(0.197200000000,0.669650000000,0.554250000000),
double3(0.447200000000,0.919650000000,0.804250000000),
double3(0.302800000000,0.554250000000,0.830350000000),
double3(0.052800000000,0.804250000000,0.580350000000),
double3(0.169650000000,0.697200000000,0.554250000000),
double3(0.419650000000,0.947200000000,0.804250000000),
double3(0.302800000000,0.945750000000,0.669650000000),
double3(0.052800000000,0.695750000000,0.919650000000),
double3(0.054250000000,0.669650000000,0.697200000000),
double3(0.304250000000,0.919650000000,0.947200000000),
double3(0.169650000000,0.802800000000,0.945750000000),
double3(0.419650000000,0.552800000000,0.695750000000),
double3(0.054250000000,0.697200000000,0.669650000000),
double3(0.304250000000,0.947200000000,0.919650000000),
double3(0.169650000000,0.945750000000,0.802800000000),
double3(0.419650000000,0.695750000000,0.552800000000),
double3(0.302800000000,0.830350000000,0.554250000000),
double3(0.052800000000,0.580350000000,0.804250000000),
double3(0.054250000000,0.830350000000,0.802800000000),
double3(0.304250000000,0.580350000000,0.552800000000),
double3(0.330350000000,0.945750000000,0.697200000000),
double3(0.080350000000,0.695750000000,0.947200000000),
double3(0.197200000000,0.830350000000,0.945750000000),
double3(0.447200000000,0.580350000000,0.695750000000),
double3(0.445750000000,0.697200000000,0.830350000000),
double3(0.195750000000,0.947200000000,0.580350000000),
double3(0.445750000000,0.669650000000,0.802800000000),
double3(0.195750000000,0.919650000000,0.552800000000),
double3(0.054250000000,0.802800000000,0.830350000000),
double3(0.304250000000,0.552800000000,0.580350000000),
double3(0.169650000000,0.554250000000,0.697200000000),
double3(0.419650000000,0.804250000000,0.947200000000),
double3(0.302800000000,0.669650000000,0.945750000000),
double3(0.052800000000,0.919650000000,0.695750000000),
double3(0.197200000000,0.554250000000,0.669650000000),
double3(0.447200000000,0.804250000000,0.919650000000),
double3(0.330350000000,0.802800000000,0.554250000000),
double3(0.080350000000,0.552800000000,0.804250000000),
double3(0.183300000000,0.549450000000,0.816700000000),
double3(0.433300000000,0.799450000000,0.566700000000),
double3(0.049450000000,0.816700000000,0.683300000000),
double3(0.299450000000,0.566700000000,0.933300000000),
double3(0.316700000000,0.950550000000,0.816700000000),
double3(0.066700000000,0.700550000000,0.566700000000),
double3(0.183300000000,0.683300000000,0.950550000000),
double3(0.433300000000,0.933300000000,0.700550000000),
double3(0.316700000000,0.549450000000,0.683300000000),
double3(0.450550000000,0.683300000000,0.683300000000),
double3(0.183300000000,0.816700000000,0.549450000000),
double3(0.316700000000,0.816700000000,0.950550000000),
double3(0.066700000000,0.566700000000,0.700550000000),
double3(0.450550000000,0.816700000000,0.816700000000),
double3(0.200550000000,0.566700000000,0.566700000000),
double3(0.299450000000,0.933300000000,0.566700000000),
double3(0.183300000000,0.950550000000,0.683300000000),
double3(0.433300000000,0.700550000000,0.933300000000),
double3(0.205450000000,0.984050000000,0.840800000000),
double3(0.455450000000,0.734050000000,0.590800000000),
double3(0.484050000000,0.840800000000,0.705450000000),
double3(0.234050000000,0.590800000000,0.955450000000),
double3(0.340800000000,0.705450000000,0.984050000000),
double3(0.090800000000,0.955450000000,0.734050000000),
double3(0.484050000000,0.794550000000,0.659200000000),
double3(0.234050000000,0.544550000000,0.909200000000),
double3(0.340800000000,0.515950000000,0.794550000000),
double3(0.090800000000,0.765950000000,0.544550000000),
double3(0.205450000000,0.659200000000,0.515950000000),
double3(0.455450000000,0.909200000000,0.765950000000),
double3(0.294550000000,0.515950000000,0.840800000000),
double3(0.044550000000,0.765950000000,0.590800000000),
double3(0.159200000000,0.705450000000,0.515950000000),
double3(0.409200000000,0.955450000000,0.765950000000),
double3(0.294550000000,0.984050000000,0.659200000000),
double3(0.044550000000,0.734050000000,0.909200000000),
double3(0.015950000000,0.659200000000,0.705450000000),
double3(0.265950000000,0.909200000000,0.955450000000),
double3(0.159200000000,0.794550000000,0.984050000000),
double3(0.409200000000,0.544550000000,0.734050000000),
double3(0.015950000000,0.705450000000,0.659200000000),
double3(0.265950000000,0.955450000000,0.909200000000),
double3(0.159200000000,0.984050000000,0.794550000000),
double3(0.409200000000,0.734050000000,0.544550000000),
double3(0.294550000000,0.840800000000,0.515950000000),
double3(0.044550000000,0.590800000000,0.765950000000),
double3(0.015950000000,0.840800000000,0.794550000000),
double3(0.265950000000,0.590800000000,0.544550000000),
double3(0.340800000000,0.984050000000,0.705450000000),
double3(0.090800000000,0.734050000000,0.955450000000),
double3(0.205450000000,0.840800000000,0.984050000000),
double3(0.455450000000,0.590800000000,0.734050000000),
double3(0.484050000000,0.705450000000,0.840800000000),
double3(0.234050000000,0.955450000000,0.590800000000),
double3(0.484050000000,0.659200000000,0.794550000000),
double3(0.234050000000,0.909200000000,0.544550000000),
double3(0.015950000000,0.794550000000,0.840800000000),
double3(0.265950000000,0.544550000000,0.590800000000),
double3(0.159200000000,0.515950000000,0.705450000000),
double3(0.409200000000,0.765950000000,0.955450000000),
double3(0.294550000000,0.659200000000,0.984050000000),
double3(0.044550000000,0.909200000000,0.734050000000),
double3(0.205450000000,0.515950000000,0.659200000000),
double3(0.455450000000,0.765950000000,0.909200000000),
double3(0.340800000000,0.794550000000,0.515950000000),
double3(0.090800000000,0.544550000000,0.765950000000),
double3(0.250000000000,0.500000000000,0.875000000000),
double3(0.000000000000,0.750000000000,0.625000000000),
double3(0.000000000000,0.875000000000,0.750000000000),
double3(0.250000000000,0.625000000000,0.500000000000),
double3(0.375000000000,0.750000000000,0.500000000000),
double3(0.125000000000,0.500000000000,0.750000000000),
double3(0.375000000000,0.500000000000,0.750000000000),
double3(0.125000000000,0.750000000000,0.500000000000),
double3(0.250000000000,0.500000000000,0.625000000000),
double3(0.000000000000,0.750000000000,0.875000000000),
double3(0.000000000000,0.625000000000,0.750000000000),
double3(0.250000000000,0.875000000000,0.500000000000),
double3(0.209050000000,0.923600000000,0.840850000000),
double3(0.459050000000,0.673600000000,0.590850000000),
double3(0.423600000000,0.840850000000,0.709050000000),
double3(0.173600000000,0.590850000000,0.959050000000),
double3(0.340850000000,0.709050000000,0.923600000000),
double3(0.090850000000,0.959050000000,0.673600000000),
double3(0.423600000000,0.790950000000,0.659150000000),
double3(0.173600000000,0.540950000000,0.909150000000),
double3(0.340850000000,0.576400000000,0.790950000000),
double3(0.090850000000,0.826400000000,0.540950000000),
double3(0.209050000000,0.659150000000,0.576400000000),
double3(0.459050000000,0.909150000000,0.826400000000),
double3(0.290950000000,0.576400000000,0.840850000000),
double3(0.040950000000,0.826400000000,0.590850000000),
double3(0.159150000000,0.709050000000,0.576400000000),
double3(0.409150000000,0.959050000000,0.826400000000),
double3(0.290950000000,0.923600000000,0.659150000000),
double3(0.040950000000,0.673600000000,0.909150000000),
double3(0.076400000000,0.659150000000,0.709050000000),
double3(0.326400000000,0.909150000000,0.959050000000),
double3(0.159150000000,0.790950000000,0.923600000000),
double3(0.409150000000,0.540950000000,0.673600000000),
double3(0.076400000000,0.709050000000,0.659150000000),
double3(0.326400000000,0.959050000000,0.909150000000),
double3(0.159150000000,0.923600000000,0.790950000000),
double3(0.409150000000,0.673600000000,0.540950000000),
double3(0.290950000000,0.840850000000,0.576400000000),
double3(0.040950000000,0.590850000000,0.826400000000),
double3(0.076400000000,0.840850000000,0.790950000000),
double3(0.326400000000,0.590850000000,0.540950000000),
double3(0.340850000000,0.923600000000,0.709050000000),
double3(0.090850000000,0.673600000000,0.959050000000),
double3(0.209050000000,0.840850000000,0.923600000000),
double3(0.459050000000,0.590850000000,0.673600000000),
double3(0.423600000000,0.709050000000,0.840850000000),
double3(0.173600000000,0.959050000000,0.590850000000),
double3(0.423600000000,0.659150000000,0.790950000000),
double3(0.173600000000,0.909150000000,0.540950000000),
double3(0.076400000000,0.790950000000,0.840850000000),
double3(0.326400000000,0.540950000000,0.590850000000),
double3(0.159150000000,0.576400000000,0.709050000000),
double3(0.409150000000,0.826400000000,0.959050000000),
double3(0.290950000000,0.659150000000,0.923600000000),
double3(0.040950000000,0.909150000000,0.673600000000),
double3(0.209050000000,0.576400000000,0.659150000000),
double3(0.459050000000,0.826400000000,0.909150000000),
double3(0.340850000000,0.790950000000,0.576400000000),
double3(0.090850000000,0.540950000000,0.826400000000),
double3(0.202150000000,0.558400000000,0.797850000000),
double3(0.452150000000,0.808400000000,0.547850000000),
double3(0.058400000000,0.797850000000,0.702150000000),
double3(0.308400000000,0.547850000000,0.952150000000),
double3(0.297850000000,0.941600000000,0.797850000000),
double3(0.047850000000,0.691600000000,0.547850000000),
double3(0.202150000000,0.702150000000,0.941600000000),
double3(0.452150000000,0.952150000000,0.691600000000),
double3(0.297850000000,0.558400000000,0.702150000000),
double3(0.441600000000,0.702150000000,0.702150000000),
double3(0.202150000000,0.797850000000,0.558400000000),
double3(0.297850000000,0.797850000000,0.941600000000),
double3(0.047850000000,0.547850000000,0.691600000000),
double3(0.441600000000,0.797850000000,0.797850000000),
double3(0.191600000000,0.547850000000,0.547850000000),
double3(0.308400000000,0.952150000000,0.547850000000),
double3(0.202150000000,0.941600000000,0.702150000000),
double3(0.452150000000,0.691600000000,0.952150000000),
double3(0.157900000000,0.559300000000,0.809800000000),
double3(0.407900000000,0.809300000000,0.559800000000),
double3(0.059300000000,0.809800000000,0.657900000000),
double3(0.309300000000,0.559800000000,0.907900000000),
double3(0.059300000000,0.842100000000,0.690200000000),
double3(0.309300000000,0.592100000000,0.940200000000),
double3(0.309800000000,0.940700000000,0.842100000000),
double3(0.059800000000,0.690700000000,0.592100000000),
double3(0.157900000000,0.690200000000,0.940700000000),
double3(0.407900000000,0.940200000000,0.690700000000),
double3(0.342100000000,0.940700000000,0.809800000000),
double3(0.092100000000,0.690700000000,0.559800000000),
double3(0.190200000000,0.657900000000,0.940700000000),
double3(0.440200000000,0.907900000000,0.690700000000),
double3(0.342100000000,0.559300000000,0.690200000000),
double3(0.440700000000,0.690200000000,0.657900000000),
double3(0.190200000000,0.842100000000,0.559300000000),
double3(0.440700000000,0.657900000000,0.690200000000),
double3(0.190200000000,0.559300000000,0.842100000000),
double3(0.440200000000,0.809300000000,0.592100000000),
double3(0.342100000000,0.809800000000,0.940700000000),
double3(0.092100000000,0.559800000000,0.690700000000),
double3(0.440700000000,0.809800000000,0.842100000000),
double3(0.190700000000,0.559800000000,0.592100000000),
double3(0.309800000000,0.559300000000,0.657900000000),
double3(0.157900000000,0.809800000000,0.559300000000),
double3(0.309300000000,0.907900000000,0.559800000000),
double3(0.309300000000,0.940200000000,0.592100000000),
double3(0.440700000000,0.842100000000,0.809800000000),
double3(0.190700000000,0.592100000000,0.559800000000),
double3(0.190200000000,0.940700000000,0.657900000000),
double3(0.440200000000,0.690700000000,0.907900000000),
double3(0.157900000000,0.940700000000,0.690200000000),
double3(0.407900000000,0.690700000000,0.940200000000),
double3(0.309800000000,0.842100000000,0.940700000000),
double3(0.059800000000,0.592100000000,0.690700000000),
double3(0.067669077856,0.928606418869,0.831848745967),
double3(0.068807648614,0.931178646214,0.797950801399),
double3(0.315751384270,0.686742191914,0.764193259109),
double3(0.316678839298,0.683763002062,0.798064302757),
double3(0.264205495916,0.681985286921,0.821703485491),
double3(0.298067680162,0.682696373906,0.818568174305),
double3(0.432330922144,0.571393581131,0.831848745967),
double3(0.431192351386,0.568821353786,0.797950801399),
double3(0.071393581131,0.831848745967,0.932330922144),
double3(0.068821353786,0.797950801399,0.931192351386),
double3(0.168151254033,0.932330922144,0.928606418869),
double3(0.202049198601,0.931192351386,0.931178646214),
double3(0.682350000000,0.005500000000,0.317650000000),
double3(0.932350000000,0.255500000000,0.067650000000),
double3(0.505500000000,0.317650000000,0.182350000000),
double3(0.755500000000,0.067650000000,0.432350000000),
double3(0.817650000000,0.182350000000,0.005500000000),
double3(0.567650000000,0.432350000000,0.255500000000),
double3(0.817650000000,0.494500000000,0.317650000000),
double3(0.567650000000,0.244500000000,0.067650000000),
double3(0.682350000000,0.182350000000,0.494500000000),
double3(0.932350000000,0.432350000000,0.244500000000),
double3(0.817650000000,0.005500000000,0.182350000000),
double3(0.567650000000,0.255500000000,0.432350000000),
double3(0.994500000000,0.182350000000,0.182350000000),
double3(0.744500000000,0.432350000000,0.432350000000),
double3(0.682350000000,0.317650000000,0.005500000000),
double3(0.932350000000,0.067650000000,0.255500000000),
double3(0.817650000000,0.317650000000,0.494500000000),
double3(0.567650000000,0.067650000000,0.244500000000),
double3(0.994500000000,0.317650000000,0.317650000000),
double3(0.744500000000,0.067650000000,0.067650000000),
double3(0.505500000000,0.182350000000,0.317650000000),
double3(0.755500000000,0.432350000000,0.067650000000),
double3(0.682350000000,0.494500000000,0.182350000000),
double3(0.932350000000,0.244500000000,0.432350000000),
double3(0.697200000000,0.445750000000,0.330350000000),
double3(0.947200000000,0.195750000000,0.080350000000),
double3(0.945750000000,0.330350000000,0.197200000000),
double3(0.695750000000,0.080350000000,0.447200000000),
double3(0.830350000000,0.197200000000,0.445750000000),
double3(0.580350000000,0.447200000000,0.195750000000),
double3(0.945750000000,0.302800000000,0.169650000000),
double3(0.695750000000,0.052800000000,0.419650000000),
double3(0.830350000000,0.054250000000,0.302800000000),
double3(0.580350000000,0.304250000000,0.052800000000),
double3(0.697200000000,0.169650000000,0.054250000000),
double3(0.947200000000,0.419650000000,0.304250000000),
double3(0.802800000000,0.054250000000,0.330350000000),
double3(0.552800000000,0.304250000000,0.080350000000),
double3(0.669650000000,0.197200000000,0.054250000000),
double3(0.919650000000,0.447200000000,0.304250000000),
double3(0.802800000000,0.445750000000,0.169650000000),
double3(0.552800000000,0.195750000000,0.419650000000),
double3(0.554250000000,0.169650000000,0.197200000000),
double3(0.804250000000,0.419650000000,0.447200000000),
double3(0.669650000000,0.302800000000,0.445750000000),
double3(0.919650000000,0.052800000000,0.195750000000),
double3(0.554250000000,0.197200000000,0.169650000000),
double3(0.804250000000,0.447200000000,0.419650000000),
double3(0.669650000000,0.445750000000,0.302800000000),
double3(0.919650000000,0.195750000000,0.052800000000),
double3(0.802800000000,0.330350000000,0.054250000000),
double3(0.552800000000,0.080350000000,0.304250000000),
double3(0.554250000000,0.330350000000,0.302800000000),
double3(0.804250000000,0.080350000000,0.052800000000),
double3(0.830350000000,0.445750000000,0.197200000000),
double3(0.580350000000,0.195750000000,0.447200000000),
double3(0.697200000000,0.330350000000,0.445750000000),
double3(0.947200000000,0.080350000000,0.195750000000),
double3(0.945750000000,0.197200000000,0.330350000000),
double3(0.695750000000,0.447200000000,0.080350000000),
double3(0.945750000000,0.169650000000,0.302800000000),
double3(0.695750000000,0.419650000000,0.052800000000),
double3(0.554250000000,0.302800000000,0.330350000000),
double3(0.804250000000,0.052800000000,0.080350000000),
double3(0.669650000000,0.054250000000,0.197200000000),
double3(0.919650000000,0.304250000000,0.447200000000),
double3(0.802800000000,0.169650000000,0.445750000000),
double3(0.552800000000,0.419650000000,0.195750000000),
double3(0.697200000000,0.054250000000,0.169650000000),
double3(0.947200000000,0.304250000000,0.419650000000),
double3(0.830350000000,0.302800000000,0.054250000000),
double3(0.580350000000,0.052800000000,0.304250000000),
double3(0.683300000000,0.049450000000,0.316700000000),
double3(0.933300000000,0.299450000000,0.066700000000),
double3(0.549450000000,0.316700000000,0.183300000000),
double3(0.799450000000,0.066700000000,0.433300000000),
double3(0.816700000000,0.450550000000,0.316700000000),
double3(0.566700000000,0.200550000000,0.066700000000),
double3(0.683300000000,0.183300000000,0.450550000000),
double3(0.933300000000,0.433300000000,0.200550000000),
double3(0.816700000000,0.049450000000,0.183300000000),
double3(0.950550000000,0.183300000000,0.183300000000),
double3(0.683300000000,0.316700000000,0.049450000000),
double3(0.816700000000,0.316700000000,0.450550000000),
double3(0.566700000000,0.066700000000,0.200550000000),
double3(0.950550000000,0.316700000000,0.316700000000),
double3(0.700550000000,0.066700000000,0.066700000000),
double3(0.799450000000,0.433300000000,0.066700000000),
double3(0.683300000000,0.450550000000,0.183300000000),
double3(0.933300000000,0.200550000000,0.433300000000),
double3(0.705450000000,0.484050000000,0.340800000000),
double3(0.955450000000,0.234050000000,0.090800000000),
double3(0.984050000000,0.340800000000,0.205450000000),
double3(0.734050000000,0.090800000000,0.455450000000),
double3(0.840800000000,0.205450000000,0.484050000000),
double3(0.590800000000,0.455450000000,0.234050000000),
double3(0.984050000000,0.294550000000,0.159200000000),
double3(0.734050000000,0.044550000000,0.409200000000),
double3(0.840800000000,0.015950000000,0.294550000000),
double3(0.590800000000,0.265950000000,0.044550000000),
double3(0.705450000000,0.159200000000,0.015950000000),
double3(0.955450000000,0.409200000000,0.265950000000),
double3(0.794550000000,0.015950000000,0.340800000000),
double3(0.544550000000,0.265950000000,0.090800000000),
double3(0.659200000000,0.205450000000,0.015950000000),
double3(0.909200000000,0.455450000000,0.265950000000),
double3(0.794550000000,0.484050000000,0.159200000000),
double3(0.544550000000,0.234050000000,0.409200000000),
double3(0.515950000000,0.159200000000,0.205450000000),
double3(0.765950000000,0.409200000000,0.455450000000),
double3(0.659200000000,0.294550000000,0.484050000000),
double3(0.909200000000,0.044550000000,0.234050000000),
double3(0.515950000000,0.205450000000,0.159200000000),
double3(0.765950000000,0.455450000000,0.409200000000),
double3(0.659200000000,0.484050000000,0.294550000000),
double3(0.909200000000,0.234050000000,0.044550000000),
double3(0.794550000000,0.340800000000,0.015950000000),
double3(0.544550000000,0.090800000000,0.265950000000),
double3(0.515950000000,0.340800000000,0.294550000000),
double3(0.765950000000,0.090800000000,0.044550000000),
double3(0.840800000000,0.484050000000,0.205450000000),
double3(0.590800000000,0.234050000000,0.455450000000),
double3(0.705450000000,0.340800000000,0.484050000000),
double3(0.955450000000,0.090800000000,0.234050000000),
double3(0.984050000000,0.205450000000,0.340800000000),
double3(0.734050000000,0.455450000000,0.090800000000),
double3(0.984050000000,0.159200000000,0.294550000000),
double3(0.734050000000,0.409200000000,0.044550000000),
double3(0.515950000000,0.294550000000,0.340800000000),
double3(0.765950000000,0.044550000000,0.090800000000),
double3(0.659200000000,0.015950000000,0.205450000000),
double3(0.909200000000,0.265950000000,0.455450000000),
double3(0.794550000000,0.159200000000,0.484050000000),
double3(0.544550000000,0.409200000000,0.234050000000),
double3(0.705450000000,0.015950000000,0.159200000000),
double3(0.955450000000,0.265950000000,0.409200000000),
double3(0.840800000000,0.294550000000,0.015950000000),
double3(0.590800000000,0.044550000000,0.265950000000),
double3(0.750000000000,0.000000000000,0.375000000000),
double3(0.500000000000,0.250000000000,0.125000000000),
double3(0.500000000000,0.375000000000,0.250000000000),
double3(0.750000000000,0.125000000000,0.000000000000),
double3(0.875000000000,0.250000000000,0.000000000000),
double3(0.625000000000,0.000000000000,0.250000000000),
double3(0.875000000000,0.000000000000,0.250000000000),
double3(0.625000000000,0.250000000000,0.000000000000),
double3(0.750000000000,0.000000000000,0.125000000000),
double3(0.500000000000,0.250000000000,0.375000000000),
double3(0.500000000000,0.125000000000,0.250000000000),
double3(0.750000000000,0.375000000000,0.000000000000),
double3(0.709050000000,0.423600000000,0.340850000000),
double3(0.959050000000,0.173600000000,0.090850000000),
double3(0.923600000000,0.340850000000,0.209050000000),
double3(0.673600000000,0.090850000000,0.459050000000),
double3(0.840850000000,0.209050000000,0.423600000000),
double3(0.590850000000,0.459050000000,0.173600000000),
double3(0.923600000000,0.290950000000,0.159150000000),
double3(0.673600000000,0.040950000000,0.409150000000),
double3(0.840850000000,0.076400000000,0.290950000000),
double3(0.590850000000,0.326400000000,0.040950000000),
double3(0.709050000000,0.159150000000,0.076400000000),
double3(0.959050000000,0.409150000000,0.326400000000),
double3(0.790950000000,0.076400000000,0.340850000000),
double3(0.540950000000,0.326400000000,0.090850000000),
double3(0.659150000000,0.209050000000,0.076400000000),
double3(0.909150000000,0.459050000000,0.326400000000),
double3(0.790950000000,0.423600000000,0.159150000000),
double3(0.540950000000,0.173600000000,0.409150000000),
double3(0.576400000000,0.159150000000,0.209050000000),
double3(0.826400000000,0.409150000000,0.459050000000),
double3(0.659150000000,0.290950000000,0.423600000000),
double3(0.909150000000,0.040950000000,0.173600000000),
double3(0.576400000000,0.209050000000,0.159150000000),
double3(0.826400000000,0.459050000000,0.409150000000),
double3(0.659150000000,0.423600000000,0.290950000000),
double3(0.909150000000,0.173600000000,0.040950000000),
double3(0.790950000000,0.340850000000,0.076400000000),
double3(0.540950000000,0.090850000000,0.326400000000),
double3(0.576400000000,0.340850000000,0.290950000000),
double3(0.826400000000,0.090850000000,0.040950000000),
double3(0.840850000000,0.423600000000,0.209050000000),
double3(0.590850000000,0.173600000000,0.459050000000),
double3(0.709050000000,0.340850000000,0.423600000000),
double3(0.959050000000,0.090850000000,0.173600000000),
double3(0.923600000000,0.209050000000,0.340850000000),
double3(0.673600000000,0.459050000000,0.090850000000),
double3(0.923600000000,0.159150000000,0.290950000000),
double3(0.673600000000,0.409150000000,0.040950000000),
double3(0.576400000000,0.290950000000,0.340850000000),
double3(0.826400000000,0.040950000000,0.090850000000),
double3(0.659150000000,0.076400000000,0.209050000000),
double3(0.909150000000,0.326400000000,0.459050000000),
double3(0.790950000000,0.159150000000,0.423600000000),
double3(0.540950000000,0.409150000000,0.173600000000),
double3(0.709050000000,0.076400000000,0.159150000000),
double3(0.959050000000,0.326400000000,0.409150000000),
double3(0.840850000000,0.290950000000,0.076400000000),
double3(0.590850000000,0.040950000000,0.326400000000),
double3(0.702150000000,0.058400000000,0.297850000000),
double3(0.952150000000,0.308400000000,0.047850000000),
double3(0.558400000000,0.297850000000,0.202150000000),
double3(0.808400000000,0.047850000000,0.452150000000),
double3(0.797850000000,0.441600000000,0.297850000000),
double3(0.547850000000,0.191600000000,0.047850000000),
double3(0.702150000000,0.202150000000,0.441600000000),
double3(0.952150000000,0.452150000000,0.191600000000),
double3(0.797850000000,0.058400000000,0.202150000000),
double3(0.941600000000,0.202150000000,0.202150000000),
double3(0.702150000000,0.297850000000,0.058400000000),
double3(0.797850000000,0.297850000000,0.441600000000),
double3(0.547850000000,0.047850000000,0.191600000000),
double3(0.941600000000,0.297850000000,0.297850000000),
double3(0.691600000000,0.047850000000,0.047850000000),
double3(0.808400000000,0.452150000000,0.047850000000),
double3(0.702150000000,0.441600000000,0.202150000000),
double3(0.952150000000,0.191600000000,0.452150000000),
double3(0.657900000000,0.059300000000,0.309800000000),
double3(0.907900000000,0.309300000000,0.059800000000),
double3(0.559300000000,0.309800000000,0.157900000000),
double3(0.809300000000,0.059800000000,0.407900000000),
double3(0.559300000000,0.342100000000,0.190200000000),
double3(0.809300000000,0.092100000000,0.440200000000),
double3(0.809800000000,0.440700000000,0.342100000000),
double3(0.559800000000,0.190700000000,0.092100000000),
double3(0.657900000000,0.190200000000,0.440700000000),
double3(0.907900000000,0.440200000000,0.190700000000),
double3(0.842100000000,0.440700000000,0.309800000000),
double3(0.592100000000,0.190700000000,0.059800000000),
double3(0.690200000000,0.157900000000,0.440700000000),
double3(0.940200000000,0.407900000000,0.190700000000),
double3(0.842100000000,0.059300000000,0.190200000000),
double3(0.940700000000,0.190200000000,0.157900000000),
double3(0.690200000000,0.342100000000,0.059300000000),
double3(0.940700000000,0.157900000000,0.190200000000),
double3(0.690200000000,0.059300000000,0.342100000000),
double3(0.940200000000,0.309300000000,0.092100000000),
double3(0.842100000000,0.309800000000,0.440700000000),
double3(0.592100000000,0.059800000000,0.190700000000),
double3(0.940700000000,0.309800000000,0.342100000000),
double3(0.690700000000,0.059800000000,0.092100000000),
double3(0.809800000000,0.059300000000,0.157900000000),
double3(0.657900000000,0.309800000000,0.059300000000),
double3(0.809300000000,0.407900000000,0.059800000000),
double3(0.809300000000,0.440200000000,0.092100000000),
double3(0.940700000000,0.342100000000,0.309800000000),
double3(0.690700000000,0.092100000000,0.059800000000),
double3(0.690200000000,0.440700000000,0.157900000000),
double3(0.940200000000,0.190700000000,0.407900000000),
double3(0.657900000000,0.440700000000,0.190200000000),
double3(0.907900000000,0.190700000000,0.440200000000),
double3(0.809800000000,0.342100000000,0.440700000000),
double3(0.559800000000,0.092100000000,0.190700000000),
double3(0.567669077856,0.428606418869,0.331848745967),
double3(0.568807648614,0.431178646214,0.297950801399),
double3(0.815751384270,0.186742191914,0.264193259109),
double3(0.816678839298,0.183763002062,0.298064302757),
double3(0.764205495916,0.181985286921,0.321703485491),
double3(0.798067680162,0.182696373906,0.318568174305),
double3(0.932330922144,0.071393581131,0.331848745967),
double3(0.931192351386,0.068821353786,0.297950801399),
double3(0.571393581131,0.331848745967,0.432330922144),
double3(0.568821353786,0.297950801399,0.431192351386),
double3(0.668151254033,0.432330922144,0.428606418869),
double3(0.702049198601,0.431192351386,0.431178646214),
double3(0.682350000000,0.005500000000,0.817650000000),
double3(0.932350000000,0.255500000000,0.567650000000),
double3(0.505500000000,0.317650000000,0.682350000000),
double3(0.755500000000,0.067650000000,0.932350000000),
double3(0.817650000000,0.182350000000,0.505500000000),
double3(0.567650000000,0.432350000000,0.755500000000),
double3(0.817650000000,0.494500000000,0.817650000000),
double3(0.567650000000,0.244500000000,0.567650000000),
double3(0.682350000000,0.182350000000,0.994500000000),
double3(0.932350000000,0.432350000000,0.744500000000),
double3(0.817650000000,0.005500000000,0.682350000000),
double3(0.567650000000,0.255500000000,0.932350000000),
double3(0.994500000000,0.182350000000,0.682350000000),
double3(0.744500000000,0.432350000000,0.932350000000),
double3(0.682350000000,0.317650000000,0.505500000000),
double3(0.932350000000,0.067650000000,0.755500000000),
double3(0.817650000000,0.317650000000,0.994500000000),
double3(0.567650000000,0.067650000000,0.744500000000),
double3(0.994500000000,0.317650000000,0.817650000000),
double3(0.744500000000,0.067650000000,0.567650000000),
double3(0.505500000000,0.182350000000,0.817650000000),
double3(0.755500000000,0.432350000000,0.567650000000),
double3(0.682350000000,0.494500000000,0.682350000000),
double3(0.932350000000,0.244500000000,0.932350000000),
double3(0.697200000000,0.445750000000,0.830350000000),
double3(0.947200000000,0.195750000000,0.580350000000),
double3(0.945750000000,0.330350000000,0.697200000000),
double3(0.695750000000,0.080350000000,0.947200000000),
double3(0.830350000000,0.197200000000,0.945750000000),
double3(0.580350000000,0.447200000000,0.695750000000),
double3(0.945750000000,0.302800000000,0.669650000000),
double3(0.695750000000,0.052800000000,0.919650000000),
double3(0.830350000000,0.054250000000,0.802800000000),
double3(0.580350000000,0.304250000000,0.552800000000),
double3(0.697200000000,0.169650000000,0.554250000000),
double3(0.947200000000,0.419650000000,0.804250000000),
double3(0.802800000000,0.054250000000,0.830350000000),
double3(0.552800000000,0.304250000000,0.580350000000),
double3(0.669650000000,0.197200000000,0.554250000000),
double3(0.919650000000,0.447200000000,0.804250000000),
double3(0.802800000000,0.445750000000,0.669650000000),
double3(0.552800000000,0.195750000000,0.919650000000),
double3(0.554250000000,0.169650000000,0.697200000000),
double3(0.804250000000,0.419650000000,0.947200000000),
double3(0.669650000000,0.302800000000,0.945750000000),
double3(0.919650000000,0.052800000000,0.695750000000),
double3(0.554250000000,0.197200000000,0.669650000000),
double3(0.804250000000,0.447200000000,0.919650000000),
double3(0.669650000000,0.445750000000,0.802800000000),
double3(0.919650000000,0.195750000000,0.552800000000),
double3(0.802800000000,0.330350000000,0.554250000000),
double3(0.552800000000,0.080350000000,0.804250000000),
double3(0.554250000000,0.330350000000,0.802800000000),
double3(0.804250000000,0.080350000000,0.552800000000),
double3(0.830350000000,0.445750000000,0.697200000000),
double3(0.580350000000,0.195750000000,0.947200000000),
double3(0.697200000000,0.330350000000,0.945750000000),
double3(0.947200000000,0.080350000000,0.695750000000),
double3(0.945750000000,0.197200000000,0.830350000000),
double3(0.695750000000,0.447200000000,0.580350000000),
double3(0.945750000000,0.169650000000,0.802800000000),
double3(0.695750000000,0.419650000000,0.552800000000),
double3(0.554250000000,0.302800000000,0.830350000000),
double3(0.804250000000,0.052800000000,0.580350000000),
double3(0.669650000000,0.054250000000,0.697200000000),
double3(0.919650000000,0.304250000000,0.947200000000),
double3(0.802800000000,0.169650000000,0.945750000000),
double3(0.552800000000,0.419650000000,0.695750000000),
double3(0.697200000000,0.054250000000,0.669650000000),
double3(0.947200000000,0.304250000000,0.919650000000),
double3(0.830350000000,0.302800000000,0.554250000000),
double3(0.580350000000,0.052800000000,0.804250000000),
double3(0.683300000000,0.049450000000,0.816700000000),
double3(0.933300000000,0.299450000000,0.566700000000),
double3(0.549450000000,0.316700000000,0.683300000000),
double3(0.799450000000,0.066700000000,0.933300000000),
double3(0.816700000000,0.450550000000,0.816700000000),
double3(0.566700000000,0.200550000000,0.566700000000),
double3(0.683300000000,0.183300000000,0.950550000000),
double3(0.933300000000,0.433300000000,0.700550000000),
double3(0.816700000000,0.049450000000,0.683300000000),
double3(0.950550000000,0.183300000000,0.683300000000),
double3(0.683300000000,0.316700000000,0.549450000000),
double3(0.816700000000,0.316700000000,0.950550000000),
double3(0.566700000000,0.066700000000,0.700550000000),
double3(0.950550000000,0.316700000000,0.816700000000),
double3(0.700550000000,0.066700000000,0.566700000000),
double3(0.799450000000,0.433300000000,0.566700000000),
double3(0.683300000000,0.450550000000,0.683300000000),
double3(0.933300000000,0.200550000000,0.933300000000),
double3(0.705450000000,0.484050000000,0.840800000000),
double3(0.955450000000,0.234050000000,0.590800000000),
double3(0.984050000000,0.340800000000,0.705450000000),
double3(0.734050000000,0.090800000000,0.955450000000),
double3(0.840800000000,0.205450000000,0.984050000000),
double3(0.590800000000,0.455450000000,0.734050000000),
double3(0.984050000000,0.294550000000,0.659200000000),
double3(0.734050000000,0.044550000000,0.909200000000),
double3(0.840800000000,0.015950000000,0.794550000000),
double3(0.590800000000,0.265950000000,0.544550000000),
double3(0.705450000000,0.159200000000,0.515950000000),
double3(0.955450000000,0.409200000000,0.765950000000),
double3(0.794550000000,0.015950000000,0.840800000000),
double3(0.544550000000,0.265950000000,0.590800000000),
double3(0.659200000000,0.205450000000,0.515950000000),
double3(0.909200000000,0.455450000000,0.765950000000),
double3(0.794550000000,0.484050000000,0.659200000000),
double3(0.544550000000,0.234050000000,0.909200000000),
double3(0.515950000000,0.159200000000,0.705450000000),
double3(0.765950000000,0.409200000000,0.955450000000),
double3(0.659200000000,0.294550000000,0.984050000000),
double3(0.909200000000,0.044550000000,0.734050000000),
double3(0.515950000000,0.205450000000,0.659200000000),
double3(0.765950000000,0.455450000000,0.909200000000),
double3(0.659200000000,0.484050000000,0.794550000000),
double3(0.909200000000,0.234050000000,0.544550000000),
double3(0.794550000000,0.340800000000,0.515950000000),
double3(0.544550000000,0.090800000000,0.765950000000),
double3(0.515950000000,0.340800000000,0.794550000000),
double3(0.765950000000,0.090800000000,0.544550000000),
double3(0.840800000000,0.484050000000,0.705450000000),
double3(0.590800000000,0.234050000000,0.955450000000),
double3(0.705450000000,0.340800000000,0.984050000000),
double3(0.955450000000,0.090800000000,0.734050000000),
double3(0.984050000000,0.205450000000,0.840800000000),
double3(0.734050000000,0.455450000000,0.590800000000),
double3(0.984050000000,0.159200000000,0.794550000000),
double3(0.734050000000,0.409200000000,0.544550000000),
double3(0.515950000000,0.294550000000,0.840800000000),
double3(0.765950000000,0.044550000000,0.590800000000),
double3(0.659200000000,0.015950000000,0.705450000000),
double3(0.909200000000,0.265950000000,0.955450000000),
double3(0.794550000000,0.159200000000,0.984050000000),
double3(0.544550000000,0.409200000000,0.734050000000),
double3(0.705450000000,0.015950000000,0.659200000000),
double3(0.955450000000,0.265950000000,0.909200000000),
double3(0.840800000000,0.294550000000,0.515950000000),
double3(0.590800000000,0.044550000000,0.765950000000),
double3(0.750000000000,0.000000000000,0.875000000000),
double3(0.500000000000,0.250000000000,0.625000000000),
double3(0.500000000000,0.375000000000,0.750000000000),
double3(0.750000000000,0.125000000000,0.500000000000),
double3(0.875000000000,0.250000000000,0.500000000000),
double3(0.625000000000,0.000000000000,0.750000000000),
double3(0.875000000000,0.000000000000,0.750000000000),
double3(0.625000000000,0.250000000000,0.500000000000),
double3(0.750000000000,0.000000000000,0.625000000000),
double3(0.500000000000,0.250000000000,0.875000000000),
double3(0.500000000000,0.125000000000,0.750000000000),
double3(0.750000000000,0.375000000000,0.500000000000),
double3(0.709050000000,0.423600000000,0.840850000000),
double3(0.959050000000,0.173600000000,0.590850000000),
double3(0.923600000000,0.340850000000,0.709050000000),
double3(0.673600000000,0.090850000000,0.959050000000),
double3(0.840850000000,0.209050000000,0.923600000000),
double3(0.590850000000,0.459050000000,0.673600000000),
double3(0.923600000000,0.290950000000,0.659150000000),
double3(0.673600000000,0.040950000000,0.909150000000),
double3(0.840850000000,0.076400000000,0.790950000000),
double3(0.590850000000,0.326400000000,0.540950000000),
double3(0.709050000000,0.159150000000,0.576400000000),
double3(0.959050000000,0.409150000000,0.826400000000),
double3(0.790950000000,0.076400000000,0.840850000000),
double3(0.540950000000,0.326400000000,0.590850000000),
double3(0.659150000000,0.209050000000,0.576400000000),
double3(0.909150000000,0.459050000000,0.826400000000),
double3(0.790950000000,0.423600000000,0.659150000000),
double3(0.540950000000,0.173600000000,0.909150000000),
double3(0.576400000000,0.159150000000,0.709050000000),
double3(0.826400000000,0.409150000000,0.959050000000),
double3(0.659150000000,0.290950000000,0.923600000000),
double3(0.909150000000,0.040950000000,0.673600000000),
double3(0.576400000000,0.209050000000,0.659150000000),
double3(0.826400000000,0.459050000000,0.909150000000),
double3(0.659150000000,0.423600000000,0.790950000000),
double3(0.909150000000,0.173600000000,0.540950000000),
double3(0.790950000000,0.340850000000,0.576400000000),
double3(0.540950000000,0.090850000000,0.826400000000),
double3(0.576400000000,0.340850000000,0.790950000000),
double3(0.826400000000,0.090850000000,0.540950000000),
double3(0.840850000000,0.423600000000,0.709050000000),
double3(0.590850000000,0.173600000000,0.959050000000),
double3(0.709050000000,0.340850000000,0.923600000000),
double3(0.959050000000,0.090850000000,0.673600000000),
double3(0.923600000000,0.209050000000,0.840850000000),
double3(0.673600000000,0.459050000000,0.590850000000),
double3(0.923600000000,0.159150000000,0.790950000000),
double3(0.673600000000,0.409150000000,0.540950000000),
double3(0.576400000000,0.290950000000,0.840850000000),
double3(0.826400000000,0.040950000000,0.590850000000),
double3(0.659150000000,0.076400000000,0.709050000000),
double3(0.909150000000,0.326400000000,0.959050000000),
double3(0.790950000000,0.159150000000,0.923600000000),
double3(0.540950000000,0.409150000000,0.673600000000),
double3(0.709050000000,0.076400000000,0.659150000000),
double3(0.959050000000,0.326400000000,0.909150000000),
double3(0.840850000000,0.290950000000,0.576400000000),
double3(0.590850000000,0.040950000000,0.826400000000),
double3(0.702150000000,0.058400000000,0.797850000000),
double3(0.952150000000,0.308400000000,0.547850000000),
double3(0.558400000000,0.297850000000,0.702150000000),
double3(0.808400000000,0.047850000000,0.952150000000),
double3(0.797850000000,0.441600000000,0.797850000000),
double3(0.547850000000,0.191600000000,0.547850000000),
double3(0.702150000000,0.202150000000,0.941600000000),
double3(0.952150000000,0.452150000000,0.691600000000),
double3(0.797850000000,0.058400000000,0.702150000000),
double3(0.941600000000,0.202150000000,0.702150000000),
double3(0.702150000000,0.297850000000,0.558400000000),
double3(0.797850000000,0.297850000000,0.941600000000),
double3(0.547850000000,0.047850000000,0.691600000000),
double3(0.941600000000,0.297850000000,0.797850000000),
double3(0.691600000000,0.047850000000,0.547850000000),
double3(0.808400000000,0.452150000000,0.547850000000),
double3(0.702150000000,0.441600000000,0.702150000000),
double3(0.952150000000,0.191600000000,0.952150000000),
double3(0.657900000000,0.059300000000,0.809800000000),
double3(0.907900000000,0.309300000000,0.559800000000),
double3(0.559300000000,0.309800000000,0.657900000000),
double3(0.809300000000,0.059800000000,0.907900000000),
double3(0.559300000000,0.342100000000,0.690200000000),
double3(0.809300000000,0.092100000000,0.940200000000),
double3(0.809800000000,0.440700000000,0.842100000000),
double3(0.559800000000,0.190700000000,0.592100000000),
double3(0.657900000000,0.190200000000,0.940700000000),
double3(0.907900000000,0.440200000000,0.690700000000),
double3(0.842100000000,0.440700000000,0.809800000000),
double3(0.592100000000,0.190700000000,0.559800000000),
double3(0.690200000000,0.157900000000,0.940700000000),
double3(0.940200000000,0.407900000000,0.690700000000),
double3(0.842100000000,0.059300000000,0.690200000000),
double3(0.940700000000,0.190200000000,0.657900000000),
double3(0.690200000000,0.342100000000,0.559300000000),
double3(0.940700000000,0.157900000000,0.690200000000),
double3(0.690200000000,0.059300000000,0.842100000000),
double3(0.940200000000,0.309300000000,0.592100000000),
double3(0.842100000000,0.309800000000,0.940700000000),
double3(0.592100000000,0.059800000000,0.690700000000),
double3(0.940700000000,0.309800000000,0.842100000000),
double3(0.690700000000,0.059800000000,0.592100000000),
double3(0.809800000000,0.059300000000,0.657900000000),
double3(0.657900000000,0.309800000000,0.559300000000),
double3(0.809300000000,0.407900000000,0.559800000000),
double3(0.809300000000,0.440200000000,0.592100000000),
double3(0.940700000000,0.342100000000,0.809800000000),
double3(0.690700000000,0.092100000000,0.559800000000),
double3(0.690200000000,0.440700000000,0.657900000000),
double3(0.940200000000,0.190700000000,0.907900000000),
double3(0.657900000000,0.440700000000,0.690200000000),
double3(0.907900000000,0.190700000000,0.940200000000),
double3(0.809800000000,0.342100000000,0.940700000000),
double3(0.559800000000,0.092100000000,0.690700000000),
double3(0.567669077856,0.428606418869,0.831848745967),
double3(0.568807648614,0.431178646214,0.797950801399),
double3(0.815751384270,0.186742191914,0.764193259109),
double3(0.816678839298,0.183763002062,0.798064302757),
double3(0.764205495916,0.181985286921,0.821703485491),
double3(0.798067680162,0.182696373906,0.818568174305),
double3(0.932330922144,0.071393581131,0.831848745967),
double3(0.931192351386,0.068821353786,0.797950801399),
double3(0.571393581131,0.331848745967,0.932330922144),
double3(0.568821353786,0.297950801399,0.931192351386),
double3(0.668151254033,0.432330922144,0.928606418869),
double3(0.702049198601,0.431192351386,0.931178646214),
double3(0.682350000000,0.505500000000,0.317650000000),
double3(0.932350000000,0.755500000000,0.067650000000),
double3(0.505500000000,0.817650000000,0.182350000000),
double3(0.755500000000,0.567650000000,0.432350000000),
double3(0.817650000000,0.682350000000,0.005500000000),
double3(0.567650000000,0.932350000000,0.255500000000),
double3(0.817650000000,0.994500000000,0.317650000000),
double3(0.567650000000,0.744500000000,0.067650000000),
double3(0.682350000000,0.682350000000,0.494500000000),
double3(0.932350000000,0.932350000000,0.244500000000),
double3(0.817650000000,0.505500000000,0.182350000000),
double3(0.567650000000,0.755500000000,0.432350000000),
double3(0.994500000000,0.682350000000,0.182350000000),
double3(0.744500000000,0.932350000000,0.432350000000),
double3(0.682350000000,0.817650000000,0.005500000000),
double3(0.932350000000,0.567650000000,0.255500000000),
double3(0.817650000000,0.817650000000,0.494500000000),
double3(0.567650000000,0.567650000000,0.244500000000),
double3(0.994500000000,0.817650000000,0.317650000000),
double3(0.744500000000,0.567650000000,0.067650000000),
double3(0.505500000000,0.682350000000,0.317650000000),
double3(0.755500000000,0.932350000000,0.067650000000),
double3(0.682350000000,0.994500000000,0.182350000000),
double3(0.932350000000,0.744500000000,0.432350000000),
double3(0.697200000000,0.945750000000,0.330350000000),
double3(0.947200000000,0.695750000000,0.080350000000),
double3(0.945750000000,0.830350000000,0.197200000000),
double3(0.695750000000,0.580350000000,0.447200000000),
double3(0.830350000000,0.697200000000,0.445750000000),
double3(0.580350000000,0.947200000000,0.195750000000),
double3(0.945750000000,0.802800000000,0.169650000000),
double3(0.695750000000,0.552800000000,0.419650000000),
double3(0.830350000000,0.554250000000,0.302800000000),
double3(0.580350000000,0.804250000000,0.052800000000),
double3(0.697200000000,0.669650000000,0.054250000000),
double3(0.947200000000,0.919650000000,0.304250000000),
double3(0.802800000000,0.554250000000,0.330350000000),
double3(0.552800000000,0.804250000000,0.080350000000),
double3(0.669650000000,0.697200000000,0.054250000000),
double3(0.919650000000,0.947200000000,0.304250000000),
double3(0.802800000000,0.945750000000,0.169650000000),
double3(0.552800000000,0.695750000000,0.419650000000),
double3(0.554250000000,0.669650000000,0.197200000000),
double3(0.804250000000,0.919650000000,0.447200000000),
double3(0.669650000000,0.802800000000,0.445750000000),
double3(0.919650000000,0.552800000000,0.195750000000),
double3(0.554250000000,0.697200000000,0.169650000000),
double3(0.804250000000,0.947200000000,0.419650000000),
double3(0.669650000000,0.945750000000,0.302800000000),
double3(0.919650000000,0.695750000000,0.052800000000),
double3(0.802800000000,0.830350000000,0.054250000000),
double3(0.552800000000,0.580350000000,0.304250000000),
double3(0.554250000000,0.830350000000,0.302800000000),
double3(0.804250000000,0.580350000000,0.052800000000),
double3(0.830350000000,0.945750000000,0.197200000000),
double3(0.580350000000,0.695750000000,0.447200000000),
double3(0.697200000000,0.830350000000,0.445750000000),
double3(0.947200000000,0.580350000000,0.195750000000),
double3(0.945750000000,0.697200000000,0.330350000000),
double3(0.695750000000,0.947200000000,0.080350000000),
double3(0.945750000000,0.669650000000,0.302800000000),
double3(0.695750000000,0.919650000000,0.052800000000),
double3(0.554250000000,0.802800000000,0.330350000000),
double3(0.804250000000,0.552800000000,0.080350000000),
double3(0.669650000000,0.554250000000,0.197200000000),
double3(0.919650000000,0.804250000000,0.447200000000),
double3(0.802800000000,0.669650000000,0.445750000000),
double3(0.552800000000,0.919650000000,0.195750000000),
double3(0.697200000000,0.554250000000,0.169650000000),
double3(0.947200000000,0.804250000000,0.419650000000),
double3(0.830350000000,0.802800000000,0.054250000000),
double3(0.580350000000,0.552800000000,0.304250000000),
double3(0.683300000000,0.549450000000,0.316700000000),
double3(0.933300000000,0.799450000000,0.066700000000),
double3(0.549450000000,0.816700000000,0.183300000000),
double3(0.799450000000,0.566700000000,0.433300000000),
double3(0.816700000000,0.950550000000,0.316700000000),
double3(0.566700000000,0.700550000000,0.066700000000),
double3(0.683300000000,0.683300000000,0.450550000000),
double3(0.933300000000,0.933300000000,0.200550000000),
double3(0.816700000000,0.549450000000,0.183300000000),
double3(0.950550000000,0.683300000000,0.183300000000),
double3(0.683300000000,0.816700000000,0.049450000000),
double3(0.816700000000,0.816700000000,0.450550000000),
double3(0.566700000000,0.566700000000,0.200550000000),
double3(0.950550000000,0.816700000000,0.316700000000),
double3(0.700550000000,0.566700000000,0.066700000000),
double3(0.799450000000,0.933300000000,0.066700000000),
double3(0.683300000000,0.950550000000,0.183300000000),
double3(0.933300000000,0.700550000000,0.433300000000),
double3(0.705450000000,0.984050000000,0.340800000000),
double3(0.955450000000,0.734050000000,0.090800000000),
double3(0.984050000000,0.840800000000,0.205450000000),
double3(0.734050000000,0.590800000000,0.455450000000),
double3(0.840800000000,0.705450000000,0.484050000000),
double3(0.590800000000,0.955450000000,0.234050000000),
double3(0.984050000000,0.794550000000,0.159200000000),
double3(0.734050000000,0.544550000000,0.409200000000),
double3(0.840800000000,0.515950000000,0.294550000000),
double3(0.590800000000,0.765950000000,0.044550000000),
double3(0.705450000000,0.659200000000,0.015950000000),
double3(0.955450000000,0.909200000000,0.265950000000),
double3(0.794550000000,0.515950000000,0.340800000000),
double3(0.544550000000,0.765950000000,0.090800000000),
double3(0.659200000000,0.705450000000,0.015950000000),
double3(0.909200000000,0.955450000000,0.265950000000),
double3(0.794550000000,0.984050000000,0.159200000000),
double3(0.544550000000,0.734050000000,0.409200000000),
double3(0.515950000000,0.659200000000,0.205450000000),
double3(0.765950000000,0.909200000000,0.455450000000),
double3(0.659200000000,0.794550000000,0.484050000000),
double3(0.909200000000,0.544550000000,0.234050000000),
double3(0.515950000000,0.705450000000,0.159200000000),
double3(0.765950000000,0.955450000000,0.409200000000),
double3(0.659200000000,0.984050000000,0.294550000000),
double3(0.909200000000,0.734050000000,0.044550000000),
double3(0.794550000000,0.840800000000,0.015950000000),
double3(0.544550000000,0.590800000000,0.265950000000),
double3(0.515950000000,0.840800000000,0.294550000000),
double3(0.765950000000,0.590800000000,0.044550000000),
double3(0.840800000000,0.984050000000,0.205450000000),
double3(0.590800000000,0.734050000000,0.455450000000),
double3(0.705450000000,0.840800000000,0.484050000000),
double3(0.955450000000,0.590800000000,0.234050000000),
double3(0.984050000000,0.705450000000,0.340800000000),
double3(0.734050000000,0.955450000000,0.090800000000),
double3(0.984050000000,0.659200000000,0.294550000000),
double3(0.734050000000,0.909200000000,0.044550000000),
double3(0.515950000000,0.794550000000,0.340800000000),
double3(0.765950000000,0.544550000000,0.090800000000),
double3(0.659200000000,0.515950000000,0.205450000000),
double3(0.909200000000,0.765950000000,0.455450000000),
double3(0.794550000000,0.659200000000,0.484050000000),
double3(0.544550000000,0.909200000000,0.234050000000),
double3(0.705450000000,0.515950000000,0.159200000000),
double3(0.955450000000,0.765950000000,0.409200000000),
double3(0.840800000000,0.794550000000,0.015950000000),
double3(0.590800000000,0.544550000000,0.265950000000),
double3(0.750000000000,0.500000000000,0.375000000000),
double3(0.500000000000,0.750000000000,0.125000000000),
double3(0.500000000000,0.875000000000,0.250000000000),
double3(0.750000000000,0.625000000000,0.000000000000),
double3(0.875000000000,0.750000000000,0.000000000000),
double3(0.625000000000,0.500000000000,0.250000000000),
double3(0.875000000000,0.500000000000,0.250000000000),
double3(0.625000000000,0.750000000000,0.000000000000),
double3(0.750000000000,0.500000000000,0.125000000000),
double3(0.500000000000,0.750000000000,0.375000000000),
double3(0.500000000000,0.625000000000,0.250000000000),
double3(0.750000000000,0.875000000000,0.000000000000),
double3(0.709050000000,0.923600000000,0.340850000000),
double3(0.959050000000,0.673600000000,0.090850000000),
double3(0.923600000000,0.840850000000,0.209050000000),
double3(0.673600000000,0.590850000000,0.459050000000),
double3(0.840850000000,0.709050000000,0.423600000000),
double3(0.590850000000,0.959050000000,0.173600000000),
double3(0.923600000000,0.790950000000,0.159150000000),
double3(0.673600000000,0.540950000000,0.409150000000),
double3(0.840850000000,0.576400000000,0.290950000000),
double3(0.590850000000,0.826400000000,0.040950000000),
double3(0.709050000000,0.659150000000,0.076400000000),
double3(0.959050000000,0.909150000000,0.326400000000),
double3(0.790950000000,0.576400000000,0.340850000000),
double3(0.540950000000,0.826400000000,0.090850000000),
double3(0.659150000000,0.709050000000,0.076400000000),
double3(0.909150000000,0.959050000000,0.326400000000),
double3(0.790950000000,0.923600000000,0.159150000000),
double3(0.540950000000,0.673600000000,0.409150000000),
double3(0.576400000000,0.659150000000,0.209050000000),
double3(0.826400000000,0.909150000000,0.459050000000),
double3(0.659150000000,0.790950000000,0.423600000000),
double3(0.909150000000,0.540950000000,0.173600000000),
double3(0.576400000000,0.709050000000,0.159150000000),
double3(0.826400000000,0.959050000000,0.409150000000),
double3(0.659150000000,0.923600000000,0.290950000000),
double3(0.909150000000,0.673600000000,0.040950000000),
double3(0.790950000000,0.840850000000,0.076400000000),
double3(0.540950000000,0.590850000000,0.326400000000),
double3(0.576400000000,0.840850000000,0.290950000000),
double3(0.826400000000,0.590850000000,0.040950000000),
double3(0.840850000000,0.923600000000,0.209050000000),
double3(0.590850000000,0.673600000000,0.459050000000),
double3(0.709050000000,0.840850000000,0.423600000000),
double3(0.959050000000,0.590850000000,0.173600000000),
double3(0.923600000000,0.709050000000,0.340850000000),
double3(0.673600000000,0.959050000000,0.090850000000),
double3(0.923600000000,0.659150000000,0.290950000000),
double3(0.673600000000,0.909150000000,0.040950000000),
double3(0.576400000000,0.790950000000,0.340850000000),
double3(0.826400000000,0.540950000000,0.090850000000),
double3(0.659150000000,0.576400000000,0.209050000000),
double3(0.909150000000,0.826400000000,0.459050000000),
double3(0.790950000000,0.659150000000,0.423600000000),
double3(0.540950000000,0.909150000000,0.173600000000),
double3(0.709050000000,0.576400000000,0.159150000000),
double3(0.959050000000,0.826400000000,0.409150000000),
double3(0.840850000000,0.790950000000,0.076400000000),
double3(0.590850000000,0.540950000000,0.326400000000),
double3(0.702150000000,0.558400000000,0.297850000000),
double3(0.952150000000,0.808400000000,0.047850000000),
double3(0.558400000000,0.797850000000,0.202150000000),
double3(0.808400000000,0.547850000000,0.452150000000),
double3(0.797850000000,0.941600000000,0.297850000000),
double3(0.547850000000,0.691600000000,0.047850000000),
double3(0.702150000000,0.702150000000,0.441600000000),
double3(0.952150000000,0.952150000000,0.191600000000),
double3(0.797850000000,0.558400000000,0.202150000000),
double3(0.941600000000,0.702150000000,0.202150000000),
double3(0.702150000000,0.797850000000,0.058400000000),
double3(0.797850000000,0.797850000000,0.441600000000),
double3(0.547850000000,0.547850000000,0.191600000000),
double3(0.941600000000,0.797850000000,0.297850000000),
double3(0.691600000000,0.547850000000,0.047850000000),
double3(0.808400000000,0.952150000000,0.047850000000),
double3(0.702150000000,0.941600000000,0.202150000000),
double3(0.952150000000,0.691600000000,0.452150000000),
double3(0.657900000000,0.559300000000,0.309800000000),
double3(0.907900000000,0.809300000000,0.059800000000),
double3(0.559300000000,0.809800000000,0.157900000000),
double3(0.809300000000,0.559800000000,0.407900000000),
double3(0.559300000000,0.842100000000,0.190200000000),
double3(0.809300000000,0.592100000000,0.440200000000),
double3(0.809800000000,0.940700000000,0.342100000000),
double3(0.559800000000,0.690700000000,0.092100000000),
double3(0.657900000000,0.690200000000,0.440700000000),
double3(0.907900000000,0.940200000000,0.190700000000),
double3(0.842100000000,0.940700000000,0.309800000000),
double3(0.592100000000,0.690700000000,0.059800000000),
double3(0.690200000000,0.657900000000,0.440700000000),
double3(0.940200000000,0.907900000000,0.190700000000),
double3(0.842100000000,0.559300000000,0.190200000000),
double3(0.940700000000,0.690200000000,0.157900000000),
double3(0.690200000000,0.842100000000,0.059300000000),
double3(0.940700000000,0.657900000000,0.190200000000),
double3(0.690200000000,0.559300000000,0.342100000000),
double3(0.940200000000,0.809300000000,0.092100000000),
double3(0.842100000000,0.809800000000,0.440700000000),
double3(0.592100000000,0.559800000000,0.190700000000),
double3(0.940700000000,0.809800000000,0.342100000000),
double3(0.690700000000,0.559800000000,0.092100000000),
double3(0.809800000000,0.559300000000,0.157900000000),
double3(0.657900000000,0.809800000000,0.059300000000),
double3(0.809300000000,0.907900000000,0.059800000000),
double3(0.809300000000,0.940200000000,0.092100000000),
double3(0.940700000000,0.842100000000,0.309800000000),
double3(0.690700000000,0.592100000000,0.059800000000),
double3(0.690200000000,0.940700000000,0.157900000000),
double3(0.940200000000,0.690700000000,0.407900000000),
double3(0.657900000000,0.940700000000,0.190200000000),
double3(0.907900000000,0.690700000000,0.440200000000),
double3(0.809800000000,0.842100000000,0.440700000000),
double3(0.559800000000,0.592100000000,0.190700000000),
double3(0.567669077856,0.928606418869,0.331848745967),
double3(0.568807648614,0.931178646214,0.297950801399),
double3(0.815751384270,0.686742191914,0.264193259109),
double3(0.816678839298,0.683763002062,0.298064302757),
double3(0.764205495916,0.681985286921,0.321703485491),
double3(0.798067680162,0.682696373906,0.318568174305),
double3(0.932330922144,0.571393581131,0.331848745967),
double3(0.931192351386,0.568821353786,0.297950801399),
double3(0.571393581131,0.831848745967,0.432330922144),
double3(0.568821353786,0.797950801399,0.431192351386),
double3(0.668151254033,0.932330922144,0.428606418869),
double3(0.702049198601,0.931192351386,0.431178646214),
double3(0.682350000000,0.505500000000,0.817650000000),
double3(0.932350000000,0.755500000000,0.567650000000),
double3(0.505500000000,0.817650000000,0.682350000000),
double3(0.755500000000,0.567650000000,0.932350000000),
double3(0.817650000000,0.682350000000,0.505500000000),
double3(0.567650000000,0.932350000000,0.755500000000),
double3(0.817650000000,0.994500000000,0.817650000000),
double3(0.567650000000,0.744500000000,0.567650000000),
double3(0.682350000000,0.682350000000,0.994500000000),
double3(0.932350000000,0.932350000000,0.744500000000),
double3(0.817650000000,0.505500000000,0.682350000000),
double3(0.567650000000,0.755500000000,0.932350000000),
double3(0.994500000000,0.682350000000,0.682350000000),
double3(0.744500000000,0.932350000000,0.932350000000),
double3(0.682350000000,0.817650000000,0.505500000000),
double3(0.932350000000,0.567650000000,0.755500000000),
double3(0.817650000000,0.817650000000,0.994500000000),
double3(0.567650000000,0.567650000000,0.744500000000),
double3(0.994500000000,0.817650000000,0.817650000000),
double3(0.744500000000,0.567650000000,0.567650000000),
double3(0.505500000000,0.682350000000,0.817650000000),
double3(0.755500000000,0.932350000000,0.567650000000),
double3(0.682350000000,0.994500000000,0.682350000000),
double3(0.932350000000,0.744500000000,0.932350000000),
double3(0.697200000000,0.945750000000,0.830350000000),
double3(0.947200000000,0.695750000000,0.580350000000),
double3(0.945750000000,0.830350000000,0.697200000000),
double3(0.695750000000,0.580350000000,0.947200000000),
double3(0.830350000000,0.697200000000,0.945750000000),
double3(0.580350000000,0.947200000000,0.695750000000),
double3(0.945750000000,0.802800000000,0.669650000000),
double3(0.695750000000,0.552800000000,0.919650000000),
double3(0.830350000000,0.554250000000,0.802800000000),
double3(0.580350000000,0.804250000000,0.552800000000),
double3(0.697200000000,0.669650000000,0.554250000000),
double3(0.947200000000,0.919650000000,0.804250000000),
double3(0.802800000000,0.554250000000,0.830350000000),
double3(0.552800000000,0.804250000000,0.580350000000),
double3(0.669650000000,0.697200000000,0.554250000000),
double3(0.919650000000,0.947200000000,0.804250000000),
double3(0.802800000000,0.945750000000,0.669650000000),
double3(0.552800000000,0.695750000000,0.919650000000),
double3(0.554250000000,0.669650000000,0.697200000000),
double3(0.804250000000,0.919650000000,0.947200000000),
double3(0.669650000000,0.802800000000,0.945750000000),
double3(0.919650000000,0.552800000000,0.695750000000),
double3(0.554250000000,0.697200000000,0.669650000000),
double3(0.804250000000,0.947200000000,0.919650000000),
double3(0.669650000000,0.945750000000,0.802800000000),
double3(0.919650000000,0.695750000000,0.552800000000),
double3(0.802800000000,0.830350000000,0.554250000000),
double3(0.552800000000,0.580350000000,0.804250000000),
double3(0.554250000000,0.830350000000,0.802800000000),
double3(0.804250000000,0.580350000000,0.552800000000),
double3(0.830350000000,0.945750000000,0.697200000000),
double3(0.580350000000,0.695750000000,0.947200000000),
double3(0.697200000000,0.830350000000,0.945750000000),
double3(0.947200000000,0.580350000000,0.695750000000),
double3(0.945750000000,0.697200000000,0.830350000000),
double3(0.695750000000,0.947200000000,0.580350000000),
double3(0.945750000000,0.669650000000,0.802800000000),
double3(0.695750000000,0.919650000000,0.552800000000),
double3(0.554250000000,0.802800000000,0.830350000000),
double3(0.804250000000,0.552800000000,0.580350000000),
double3(0.669650000000,0.554250000000,0.697200000000),
double3(0.919650000000,0.804250000000,0.947200000000),
double3(0.802800000000,0.669650000000,0.945750000000),
double3(0.552800000000,0.919650000000,0.695750000000),
double3(0.697200000000,0.554250000000,0.669650000000),
double3(0.947200000000,0.804250000000,0.919650000000),
double3(0.830350000000,0.802800000000,0.554250000000),
double3(0.580350000000,0.552800000000,0.804250000000),
double3(0.683300000000,0.549450000000,0.816700000000),
double3(0.933300000000,0.799450000000,0.566700000000),
double3(0.549450000000,0.816700000000,0.683300000000),
double3(0.799450000000,0.566700000000,0.933300000000),
double3(0.816700000000,0.950550000000,0.816700000000),
double3(0.566700000000,0.700550000000,0.566700000000),
double3(0.683300000000,0.683300000000,0.950550000000),
double3(0.933300000000,0.933300000000,0.700550000000),
double3(0.816700000000,0.549450000000,0.683300000000),
double3(0.950550000000,0.683300000000,0.683300000000),
double3(0.683300000000,0.816700000000,0.549450000000),
double3(0.816700000000,0.816700000000,0.950550000000),
double3(0.566700000000,0.566700000000,0.700550000000),
double3(0.950550000000,0.816700000000,0.816700000000),
double3(0.700550000000,0.566700000000,0.566700000000),
double3(0.799450000000,0.933300000000,0.566700000000),
double3(0.683300000000,0.950550000000,0.683300000000),
double3(0.933300000000,0.700550000000,0.933300000000),
double3(0.705450000000,0.984050000000,0.840800000000),
double3(0.955450000000,0.734050000000,0.590800000000),
double3(0.984050000000,0.840800000000,0.705450000000),
double3(0.734050000000,0.590800000000,0.955450000000),
double3(0.840800000000,0.705450000000,0.984050000000),
double3(0.590800000000,0.955450000000,0.734050000000),
double3(0.984050000000,0.794550000000,0.659200000000),
double3(0.734050000000,0.544550000000,0.909200000000),
double3(0.840800000000,0.515950000000,0.794550000000),
double3(0.590800000000,0.765950000000,0.544550000000),
double3(0.705450000000,0.659200000000,0.515950000000),
double3(0.955450000000,0.909200000000,0.765950000000),
double3(0.794550000000,0.515950000000,0.840800000000),
double3(0.544550000000,0.765950000000,0.590800000000),
double3(0.659200000000,0.705450000000,0.515950000000),
double3(0.909200000000,0.955450000000,0.765950000000),
double3(0.794550000000,0.984050000000,0.659200000000),
double3(0.544550000000,0.734050000000,0.909200000000),
double3(0.515950000000,0.659200000000,0.705450000000),
double3(0.765950000000,0.909200000000,0.955450000000),
double3(0.659200000000,0.794550000000,0.984050000000),
double3(0.909200000000,0.544550000000,0.734050000000),
double3(0.515950000000,0.705450000000,0.659200000000),
double3(0.765950000000,0.955450000000,0.909200000000),
double3(0.659200000000,0.984050000000,0.794550000000),
double3(0.909200000000,0.734050000000,0.544550000000),
double3(0.794550000000,0.840800000000,0.515950000000),
double3(0.544550000000,0.590800000000,0.765950000000),
double3(0.515950000000,0.840800000000,0.794550000000),
double3(0.765950000000,0.590800000000,0.544550000000),
double3(0.840800000000,0.984050000000,0.705450000000),
double3(0.590800000000,0.734050000000,0.955450000000),
double3(0.705450000000,0.840800000000,0.984050000000),
double3(0.955450000000,0.590800000000,0.734050000000),
double3(0.984050000000,0.705450000000,0.840800000000),
double3(0.734050000000,0.955450000000,0.590800000000),
double3(0.984050000000,0.659200000000,0.794550000000),
double3(0.734050000000,0.909200000000,0.544550000000),
double3(0.515950000000,0.794550000000,0.840800000000),
double3(0.765950000000,0.544550000000,0.590800000000),
double3(0.659200000000,0.515950000000,0.705450000000),
double3(0.909200000000,0.765950000000,0.955450000000),
double3(0.794550000000,0.659200000000,0.984050000000),
double3(0.544550000000,0.909200000000,0.734050000000),
double3(0.705450000000,0.515950000000,0.659200000000),
double3(0.955450000000,0.765950000000,0.909200000000),
double3(0.840800000000,0.794550000000,0.515950000000),
double3(0.590800000000,0.544550000000,0.765950000000),
double3(0.750000000000,0.500000000000,0.875000000000),
double3(0.500000000000,0.750000000000,0.625000000000),
double3(0.500000000000,0.875000000000,0.750000000000),
double3(0.750000000000,0.625000000000,0.500000000000),
double3(0.875000000000,0.750000000000,0.500000000000),
double3(0.625000000000,0.500000000000,0.750000000000),
double3(0.875000000000,0.500000000000,0.750000000000),
double3(0.625000000000,0.750000000000,0.500000000000),
double3(0.750000000000,0.500000000000,0.625000000000),
double3(0.500000000000,0.750000000000,0.875000000000),
double3(0.500000000000,0.625000000000,0.750000000000),
double3(0.750000000000,0.875000000000,0.500000000000),
double3(0.709050000000,0.923600000000,0.840850000000),
double3(0.959050000000,0.673600000000,0.590850000000),
double3(0.923600000000,0.840850000000,0.709050000000),
double3(0.673600000000,0.590850000000,0.959050000000),
double3(0.840850000000,0.709050000000,0.923600000000),
double3(0.590850000000,0.959050000000,0.673600000000),
double3(0.923600000000,0.790950000000,0.659150000000),
double3(0.673600000000,0.540950000000,0.909150000000),
double3(0.840850000000,0.576400000000,0.790950000000),
double3(0.590850000000,0.826400000000,0.540950000000),
double3(0.709050000000,0.659150000000,0.576400000000),
double3(0.959050000000,0.909150000000,0.826400000000),
double3(0.790950000000,0.576400000000,0.840850000000),
double3(0.540950000000,0.826400000000,0.590850000000),
double3(0.659150000000,0.709050000000,0.576400000000),
double3(0.909150000000,0.959050000000,0.826400000000),
double3(0.790950000000,0.923600000000,0.659150000000),
double3(0.540950000000,0.673600000000,0.909150000000),
double3(0.576400000000,0.659150000000,0.709050000000),
double3(0.826400000000,0.909150000000,0.959050000000),
double3(0.659150000000,0.790950000000,0.923600000000),
double3(0.909150000000,0.540950000000,0.673600000000),
double3(0.576400000000,0.709050000000,0.659150000000),
double3(0.826400000000,0.959050000000,0.909150000000),
double3(0.659150000000,0.923600000000,0.790950000000),
double3(0.909150000000,0.673600000000,0.540950000000),
double3(0.790950000000,0.840850000000,0.576400000000),
double3(0.540950000000,0.590850000000,0.826400000000),
double3(0.576400000000,0.840850000000,0.790950000000),
double3(0.826400000000,0.590850000000,0.540950000000),
double3(0.840850000000,0.923600000000,0.709050000000),
double3(0.590850000000,0.673600000000,0.959050000000),
double3(0.709050000000,0.840850000000,0.923600000000),
double3(0.959050000000,0.590850000000,0.673600000000),
double3(0.923600000000,0.709050000000,0.840850000000),
double3(0.673600000000,0.959050000000,0.590850000000),
double3(0.923600000000,0.659150000000,0.790950000000),
double3(0.673600000000,0.909150000000,0.540950000000),
double3(0.576400000000,0.790950000000,0.840850000000),
double3(0.826400000000,0.540950000000,0.590850000000),
double3(0.659150000000,0.576400000000,0.709050000000),
double3(0.909150000000,0.826400000000,0.959050000000),
double3(0.790950000000,0.659150000000,0.923600000000),
double3(0.540950000000,0.909150000000,0.673600000000),
double3(0.709050000000,0.576400000000,0.659150000000),
double3(0.959050000000,0.826400000000,0.909150000000),
double3(0.840850000000,0.790950000000,0.576400000000),
double3(0.590850000000,0.540950000000,0.826400000000),
double3(0.702150000000,0.558400000000,0.797850000000),
double3(0.952150000000,0.808400000000,0.547850000000),
double3(0.558400000000,0.797850000000,0.702150000000),
double3(0.808400000000,0.547850000000,0.952150000000),
double3(0.797850000000,0.941600000000,0.797850000000),
double3(0.547850000000,0.691600000000,0.547850000000),
double3(0.702150000000,0.702150000000,0.941600000000),
double3(0.952150000000,0.952150000000,0.691600000000),
double3(0.797850000000,0.558400000000,0.702150000000),
double3(0.941600000000,0.702150000000,0.702150000000),
double3(0.702150000000,0.797850000000,0.558400000000),
double3(0.797850000000,0.797850000000,0.941600000000),
double3(0.547850000000,0.547850000000,0.691600000000),
double3(0.941600000000,0.797850000000,0.797850000000),
double3(0.691600000000,0.547850000000,0.547850000000),
double3(0.808400000000,0.952150000000,0.547850000000),
double3(0.702150000000,0.941600000000,0.702150000000),
double3(0.952150000000,0.691600000000,0.952150000000),
double3(0.657900000000,0.559300000000,0.809800000000),
double3(0.907900000000,0.809300000000,0.559800000000),
double3(0.559300000000,0.809800000000,0.657900000000),
double3(0.809300000000,0.559800000000,0.907900000000),
double3(0.559300000000,0.842100000000,0.690200000000),
double3(0.809300000000,0.592100000000,0.940200000000),
double3(0.809800000000,0.940700000000,0.842100000000),
double3(0.559800000000,0.690700000000,0.592100000000),
double3(0.657900000000,0.690200000000,0.940700000000),
double3(0.907900000000,0.940200000000,0.690700000000),
double3(0.842100000000,0.940700000000,0.809800000000),
double3(0.592100000000,0.690700000000,0.559800000000),
double3(0.690200000000,0.657900000000,0.940700000000),
double3(0.940200000000,0.907900000000,0.690700000000),
double3(0.842100000000,0.559300000000,0.690200000000),
double3(0.940700000000,0.690200000000,0.657900000000),
double3(0.690200000000,0.842100000000,0.559300000000),
double3(0.940700000000,0.657900000000,0.690200000000),
double3(0.690200000000,0.559300000000,0.842100000000),
double3(0.940200000000,0.809300000000,0.592100000000),
double3(0.842100000000,0.809800000000,0.940700000000),
double3(0.592100000000,0.559800000000,0.690700000000),
double3(0.940700000000,0.809800000000,0.842100000000),
double3(0.690700000000,0.559800000000,0.592100000000),
double3(0.809800000000,0.559300000000,0.657900000000),
double3(0.657900000000,0.809800000000,0.559300000000),
double3(0.809300000000,0.907900000000,0.559800000000),
double3(0.809300000000,0.940200000000,0.592100000000),
double3(0.940700000000,0.842100000000,0.809800000000),
double3(0.690700000000,0.592100000000,0.559800000000),
double3(0.690200000000,0.940700000000,0.657900000000),
double3(0.940200000000,0.690700000000,0.907900000000),
double3(0.657900000000,0.940700000000,0.690200000000),
double3(0.907900000000,0.690700000000,0.940200000000),
double3(0.809800000000,0.842100000000,0.940700000000),
double3(0.559800000000,0.592100000000,0.690700000000),
double3(0.567669077856,0.928606418869,0.831848745967),
double3(0.568807648614,0.931178646214,0.797950801399),
double3(0.815751384270,0.686742191914,0.764193259109),
double3(0.816678839298,0.683763002062,0.798064302757),
double3(0.764205495916,0.681985286921,0.821703485491),
double3(0.798067680162,0.682696373906,0.818568174305),
double3(0.932330922144,0.571393581131,0.831848745967),
double3(0.931192351386,0.568821353786,0.797950801399),
double3(0.571393581131,0.831848745967,0.932330922144),
double3(0.568821353786,0.797950801399,0.931192351386),
double3(0.668151254033,0.932330922144,0.928606418869),
double3(0.702049198601,0.931192351386,0.931178646214),
