# vtk DataFile Version 1.0
Cube
ASCII

DATASET POLYDATA
POINTS 4056 float
6.406457 0.134229 10.584543
6.406457 34.116229 10.584543
6.261353 15.277288 11.681313
6.417501 14.593570 12.291289
6.961722 16.452725 11.601115
8.495500 0.000000 12.743250
8.495500 33.982000 12.743250
0.134229 10.584543 6.406457
34.116229 10.584543 6.406457
15.277288 10.729647 5.309687
14.593570 10.573499 4.699711
14.593570 10.573499 38.681711
16.452725 10.029278 5.389885
0.000000 8.495500 4.247750
0.000000 8.495500 38.229750
33.982000 8.495500 4.247750
33.982000 8.495500 38.229750
10.584543 16.856771 10.584543
10.729647 1.713712 11.681313
10.729647 35.695712 11.681313
10.573499 2.397430 12.291289
10.573499 36.379430 12.291289
10.029278 0.538275 11.601115
10.029278 34.520275 11.601115
16.856771 6.406457 6.406457
1.713712 6.261353 5.309687
35.695712 6.261353 5.309687
2.397430 6.417501 4.699711
2.397430 6.417501 38.681711
36.379430 6.417501 4.699711
36.379430 6.417501 38.681711
0.538275 6.961722 5.389885
34.520275 6.961722 5.389885
6.406457 16.856771 6.406457
6.261353 1.713712 5.309687
6.261353 35.695712 5.309687
6.417501 2.397430 4.699711
6.417501 2.397430 38.681711
6.417501 36.379430 4.699711
6.417501 36.379430 38.681711
6.961722 0.538275 5.389885
6.961722 34.520275 5.389885
8.495500 0.000000 4.247750
8.495500 0.000000 38.229750
8.495500 33.982000 4.247750
8.495500 33.982000 38.229750
16.856771 10.584543 10.584543
1.713712 10.729647 11.681313
35.695712 10.729647 11.681313
2.397430 10.573499 12.291289
36.379430 10.573499 12.291289
15.538270 10.090955 10.090955
0.538275 10.029278 11.601115
34.520275 10.029278 11.601115
0.000000 8.495500 12.743250
33.982000 8.495500 12.743250
10.584543 0.134229 6.406457
10.584543 34.116229 6.406457
10.729647 15.277288 5.309687
10.573499 14.593570 4.699711
10.573499 14.593570 38.681711
10.029278 16.452725 5.389885
0.134229 6.406457 10.584543
34.116229 6.406457 10.584543
15.277288 6.261353 11.681313
14.593570 6.417501 12.291289
16.452725 6.961722 11.601115
10.584543 6.406457 0.134229
10.584543 6.406457 34.116229
11.681313 6.261353 15.277288
12.291289 6.417501 14.593570
11.601115 6.961722 16.452725
12.743250 8.495500 0.000000
12.743250 8.495500 33.982000
6.406457 6.406457 16.856771
6.261353 5.309687 1.713712
6.261353 5.309688 35.695712
6.417501 4.699711 2.397430
6.417501 4.699711 36.379430
6.417501 38.681711 2.397430
6.417501 38.681711 36.379430
6.900045 6.900045 15.538270
7.793772 7.233069 15.635118
6.894948 6.177928 14.904505
6.327448 7.603472 15.225635
6.961722 5.389885 0.538275
6.961722 5.389885 34.520275
8.495500 4.247750 0.000000
8.495500 4.247750 33.982000
8.495500 38.229750 0.000000
8.495500 38.229750 33.982000
6.406457 10.584543 0.134229
6.406457 10.584543 34.116229
5.309688 10.729647 15.277288
4.699711 10.573499 14.593570
38.681711 10.573499 14.593570
5.389885 10.029278 16.452725
4.247750 8.495500 0.000000
4.247750 8.495500 33.982000
38.229750 8.495500 0.000000
38.229750 8.495500 33.982000
10.584543 10.584543 16.856771
10.729647 11.681313 1.713712
10.729647 11.681313 35.695712
10.573499 12.291289 2.397430
10.573499 12.291289 36.379430
10.029278 11.601115 0.538275
10.029278 11.601115 34.520275
8.495500 12.743250 0.000000
8.495500 12.743250 33.982000
11.681313 10.729647 1.713712
11.681313 10.729647 35.695712
12.291289 10.573499 2.397430
12.291289 10.573499 36.379430
11.601115 10.029278 0.538275
11.601115 10.029278 34.520275
10.729647 5.309688 15.277288
10.573499 4.699711 14.593570
10.573499 38.681711 14.593570
10.029278 5.389885 16.452725
5.309687 6.261353 1.713712
5.309688 6.261353 35.695712
4.699711 6.417501 2.397430
4.699711 6.417501 36.379430
38.681711 6.417501 2.397430
38.681711 6.417501 36.379430
5.389885 6.961722 0.538275
5.389885 6.961722 34.520275
6.261353 11.681313 15.277288
6.417501 12.291289 14.593570
6.961722 11.601115 16.452725
15.277288 11.681313 6.261353
14.593570 12.291289 6.417501
16.452725 11.601115 6.961722
0.000000 12.743250 8.495500
33.982000 12.743250 8.495500
15.277288 5.309688 10.729647
14.593570 4.699711 10.573499
14.593570 38.681711 10.573499
16.452725 5.389885 10.029278
0.000000 4.247750 8.495500
0.000000 38.229750 8.495500
33.982000 4.247750 8.495500
33.982000 38.229750 8.495500
5.309687 1.713712 6.261353
5.309688 35.695712 6.261353
4.699711 2.397430 6.417501
4.699711 36.379430 6.417501
38.681711 2.397430 6.417501
38.681711 36.379430 6.417501
5.389885 0.538275 6.961722
5.389885 34.520275 6.961722
4.247750 0.000000 8.495500
4.247750 33.982000 8.495500
38.229750 0.000000 8.495500
38.229750 33.982000 8.495500
1.713712 11.681313 10.729647
35.695712 11.681313 10.729647
2.397430 12.291289 10.573499
36.379430 12.291289 10.573499
15.635118 9.757931 9.197228
14.904505 10.813072 10.096052
15.225635 9.387527 10.663552
0.538275 11.601115 10.029278
34.520275 11.601115 10.029278
11.681313 15.277288 6.261353
12.291289 14.593570 6.417501
11.601115 16.452725 6.961722
12.743250 0.000000 8.495500
12.743250 33.982000 8.495500
1.713712 5.309687 6.261353
35.695712 5.309687 6.261353
2.397430 4.699711 6.417501
2.397430 38.681711 6.417501
36.379430 4.699711 6.417501
36.379430 38.681711 6.417501
0.538275 5.389885 6.961722
34.520275 5.389885 6.961722
5.309688 15.277288 10.729647
4.699711 14.593570 10.573499
38.681711 14.593570 10.573499
5.389885 16.452725 10.029278
11.681313 1.713712 10.729647
11.681313 35.695712 10.729647
12.291289 2.397430 10.573499
12.291289 36.379430 10.573499
11.601115 0.538275 10.029278
11.601115 34.520275 10.029278
14.901957 8.629729 2.089043
14.901957 8.629729 36.071043
14.756853 6.781788 3.185812
14.756853 6.781788 37.167812
14.913001 6.098070 3.795789
14.913001 6.098070 37.777789
15.395545 9.948230 1.595455
15.395545 9.948230 35.577455
16.289272 9.851382 1.262431
16.289272 9.851382 35.244431
15.390448 10.581995 2.317572
15.390448 10.581995 36.299572
14.822948 10.260865 0.892027
14.822948 10.260865 34.874028
15.457222 7.957225 3.105615
15.457222 7.957225 37.087615
8.629729 2.089043 14.901957
8.629729 36.071043 14.901957
6.781788 2.234147 13.805187
6.781788 36.216147 13.805187
6.098070 2.077999 13.195211
6.098070 36.059999 13.195211
9.948230 1.595455 15.395545
9.948230 35.577455 15.395545
7.957225 1.533778 13.885385
7.957225 35.515778 13.885385
2.089043 8.361271 2.089043
2.089043 8.361271 36.071043
36.071043 8.361271 2.089043
36.071043 8.361271 36.071043
2.234147 10.209212 3.185812
2.234147 10.209212 37.167812
36.216147 10.209212 3.185812
36.216147 10.209212 37.167812
2.077999 10.892930 3.795789
2.077999 10.892930 37.777789
36.059999 10.892930 3.795789
36.059999 10.892930 37.777789
1.533778 9.033775 3.105615
1.533778 9.033775 37.087615
35.515778 9.033775 3.105615
35.515778 9.033775 37.087615
8.361271 14.901957 14.901957
10.209212 14.756853 13.805187
10.892930 14.913001 13.195211
9.033775 15.457222 13.885385
14.901957 8.361271 14.901957
14.756853 10.209212 13.805187
14.913001 10.892930 13.195211
15.395545 7.042770 15.395545
16.289272 7.139618 15.728569
15.390448 6.409005 14.673428
14.822948 6.730135 16.098972
15.457222 9.033775 13.885385
8.361271 2.089043 2.089043
8.361271 2.089043 36.071043
8.361271 36.071043 2.089043
8.361271 36.071043 36.071043
10.209212 2.234147 3.185812
10.209212 2.234147 37.167812
10.209212 36.216147 3.185812
10.209212 36.216147 37.167812
10.892930 2.077999 3.795789
10.892930 2.077999 37.777789
10.892930 36.059999 3.795789
10.892930 36.059999 37.777789
7.042769 1.595455 1.595455
7.042770 1.595455 35.577455
7.042770 35.577455 1.595455
7.042770 35.577455 35.577455
9.033775 1.533778 3.105615
9.033775 1.533778 37.087615
9.033775 35.515778 3.105615
9.033775 35.515778 37.087615
2.089043 8.629729 14.901957
36.071043 8.629729 14.901957
2.234147 6.781788 13.805187
36.216147 6.781788 13.805187
2.077999 6.098070 13.195211
36.059999 6.098070 13.195211
1.533778 7.957225 13.885385
35.515778 7.957225 13.885385
8.629729 14.901957 2.089043
8.629729 14.901957 36.071043
6.781788 14.756853 3.185812
6.781788 14.756853 37.167812
6.098070 14.913001 3.795789
6.098070 14.913001 37.777789
7.957225 15.457222 3.105615
7.957225 15.457222 37.087615
2.089043 14.901957 8.629729
36.071043 14.901957 8.629729
3.185813 14.756853 6.781788
37.167812 14.756853 6.781788
3.795789 14.913001 6.098070
37.777789 14.913001 6.098070
3.105615 15.457222 7.957225
37.087615 15.457222 7.957225
14.901957 14.901957 8.361271
14.756853 13.805187 10.209212
14.913001 13.195211 10.892930
15.457222 13.885385 9.033775
14.901957 2.089043 8.629729
14.901957 36.071043 8.629729
13.805187 2.234147 6.781788
13.805187 36.216147 6.781788
13.195211 2.077999 6.098070
13.195211 36.059999 6.098070
13.885385 1.533778 7.957225
13.885385 35.515778 7.957225
2.089043 2.089043 8.361271
2.089043 36.071043 8.361271
36.071043 2.089043 8.361271
36.071043 36.071043 8.361271
2.234147 3.185813 10.209212
2.234147 37.167812 10.209212
36.216147 3.185813 10.209212
36.216147 37.167812 10.209212
2.077999 3.795789 10.892930
2.077999 37.777789 10.892930
36.059999 3.795789 10.892930
36.059999 37.777789 10.892930
1.533778 3.105615 9.033775
1.533778 37.087615 9.033775
35.515778 3.105615 9.033775
35.515778 37.087615 9.033775
3.185813 2.234147 10.209212
3.185813 36.216147 10.209212
37.167812 2.234147 10.209212
37.167812 36.216147 10.209212
3.795789 2.077999 10.892930
3.795789 36.059999 10.892930
37.777789 2.077999 10.892930
37.777789 36.059999 10.892930
3.105615 1.533778 9.033775
3.105615 35.515778 9.033775
37.087615 1.533778 9.033775
37.087615 35.515778 9.033775
2.234147 13.805187 6.781788
36.216147 13.805187 6.781788
2.077999 13.195211 6.098070
36.059999 13.195211 6.098070
1.533778 13.885385 7.957225
35.515778 13.885385 7.957225
13.805187 14.756853 10.209212
13.195211 14.913001 10.892930
13.885385 15.457222 9.033775
14.756853 3.185813 6.781788
14.756853 37.167812 6.781788
14.913001 3.795789 6.098070
14.913001 37.777789 6.098070
15.457222 3.105615 7.957225
15.457222 37.087615 7.957225
6.781788 3.185813 14.756853
6.781788 37.167812 14.756853
6.098070 3.795789 14.913001
6.098070 37.777789 14.913001
9.851382 1.262431 16.289272
9.851382 35.244431 16.289272
10.581995 2.317572 15.390448
10.581995 36.299572 15.390448
10.260865 0.892028 14.822948
10.260865 34.874028 14.822948
7.957225 3.105615 15.457222
7.957225 37.087615 15.457222
6.781788 13.805187 2.234147
6.781788 13.805187 36.216147
6.098070 13.195211 2.077999
6.098070 13.195211 36.059999
7.957225 13.885385 1.533778
7.957225 13.885385 35.515778
13.805187 10.209212 14.756853
13.195211 10.892930 14.913001
13.885385 9.033775 15.457222
10.209212 3.185812 2.234147
10.209212 3.185813 36.216147
10.209212 37.167812 2.234147
10.209212 37.167812 36.216147
10.892930 3.795789 2.077999
10.892930 3.795789 36.059999
10.892930 37.777789 2.077999
10.892930 37.777789 36.059999
7.139618 1.262431 0.701728
7.139618 1.262431 34.683728
7.139618 35.244431 0.701728
7.139618 35.244431 34.683728
6.409005 2.317572 1.600552
6.409005 2.317572 35.582552
6.409005 36.299572 1.600552
6.409005 36.299572 35.582552
6.730135 0.892028 2.168052
6.730135 0.892028 36.150052
6.730135 34.874028 2.168052
6.730135 34.874028 36.150052
9.033775 3.105615 1.533778
9.033775 3.105615 35.515778
9.033775 37.087615 1.533778
9.033775 37.087615 35.515778
3.185813 6.781788 14.756853
37.167812 6.781788 14.756853
3.795789 6.098070 14.913001
37.777789 6.098070 14.913001
3.105615 7.957225 15.457222
37.087615 7.957225 15.457222
10.209212 13.805187 14.756853
10.892930 13.195211 14.913001
9.033775 13.885385 15.457222
13.805187 6.781788 2.234147
13.805187 6.781788 36.216147
13.195211 6.098070 2.077999
13.195211 6.098070 36.059999
13.885385 7.957225 1.533778
13.885385 7.957225 35.515778
3.185813 10.209212 2.234147
3.185813 10.209212 36.216147
37.167812 10.209212 2.234147
37.167812 10.209212 36.216147
3.795789 10.892930 2.077999
3.795789 10.892930 36.059999
37.777789 10.892930 2.077999
37.777789 10.892930 36.059999
3.105615 9.033775 1.533778
3.105615 9.033775 35.515778
37.087615 9.033775 1.533778
37.087615 9.033775 35.515778
1.433393 10.098194 6.892806
35.415393 10.098194 6.892806
2.342912 10.885835 7.094625
36.324912 10.885835 7.094625
1.602092 8.906915 7.094625
35.584092 8.906915 7.094625
1.602694 15.388306 9.928893
35.584694 15.388306 9.928893
0.653803 14.843052 10.468002
34.635803 14.843052 10.468002
2.147948 16.337197 10.468002
36.129948 16.337197 10.468002
9.928893 15.388306 1.602694
9.928893 15.388306 35.584694
10.097592 16.579585 1.400875
10.097592 16.579585 35.382875
10.838412 14.600665 1.400875
10.838412 14.600665 35.382875
1.433393 6.892806 10.098194
35.415393 6.892806 10.098194
1.602092 8.084085 9.896375
35.584092 8.084085 9.896375
2.342912 6.105165 9.896375
36.324912 6.105165 9.896375
1.602694 7.062107 1.602694
1.602694 7.062107 35.584694
35.584694 7.062107 1.602694
35.584694 7.062107 35.584694
2.390335 6.152588 1.400875
2.390335 6.152588 35.382875
36.372335 6.152588 1.400875
36.372335 6.152588 35.382875
0.411415 6.893408 1.400875
0.411415 6.893408 35.382875
34.393415 6.893408 1.400875
34.393415 6.893408 35.382875
10.098194 10.098194 15.557607
10.643448 9.149303 15.018498
9.149303 10.643448 15.018498
15.557607 6.892806 6.892806
14.648088 6.105165 7.094625
15.388908 8.084085 7.094625
10.098194 15.557607 10.098194
10.885835 14.648088 9.896375
8.906915 15.388908 9.896375
15.388306 1.602694 9.928893
15.388306 35.584694 9.928893
16.337197 2.147948 10.468002
16.337197 36.129948 10.468002
14.843052 0.653803 10.468002
14.843052 34.635803 10.468002
1.602694 1.602694 7.062107
1.602694 35.584694 7.062107
35.584694 1.602694 7.062107
35.584694 35.584694 7.062107
2.147948 0.653803 6.522998
2.147948 34.635803 6.522998
36.129948 0.653803 6.522998
36.129948 34.635803 6.522998
0.653803 2.147948 6.522998
0.653803 36.129948 6.522998
34.635803 2.147948 6.522998
34.635803 36.129948 6.522998
10.098194 6.892806 1.433393
10.098194 6.892806 35.415393
9.149303 6.347552 1.972502
9.149303 6.347552 35.954502
10.643448 7.841697 1.972502
10.643448 7.841697 35.954502
6.892806 15.557607 6.892806
8.084085 15.388908 7.094625
6.105165 14.648088 7.094625
6.892806 1.433393 10.098194
6.892806 35.415393 10.098194
6.105165 2.342912 9.896375
6.105165 36.324912 9.896375
8.084085 1.602092 9.896375
8.084085 35.584092 9.896375
6.892806 10.098194 1.433393
6.892806 10.098194 35.415393
7.841697 10.643448 1.972502
7.841697 10.643448 35.954502
6.347552 9.149303 1.972502
6.347552 9.149303 35.954502
15.388306 15.388306 7.062107
14.843052 16.337197 6.522998
16.337197 14.843052 6.522998
10.098194 1.433393 6.892806
10.098194 35.415393 6.892806
8.906915 1.602092 7.094625
8.906915 35.584092 7.094625
10.885835 2.342912 7.094625
10.885835 36.324912 7.094625
1.602694 9.928893 15.388306
35.584694 9.928893 15.388306
0.411415 10.097592 15.590125
34.393415 10.097592 15.590125
2.390335 10.838412 15.590125
36.372335 10.838412 15.590125
7.062107 15.388306 15.388306
6.152588 14.600665 15.590125
6.893408 16.579585 15.590125
6.406457 0.134229 27.575543
6.406457 34.116229 27.575543
6.261353 15.277288 28.672313
6.417501 14.593570 -4.699711
6.417501 14.593570 29.282289
6.961722 16.452725 28.592115
8.495500 -0.000000 -4.247750
8.495500 0.000000 29.734250
8.495500 33.982000 -4.247750
8.495500 33.982000 29.734250
0.134229 10.584543 23.397457
34.116229 10.584543 23.397457
15.277288 10.729647 22.300687
14.593570 10.573499 21.690711
16.452725 10.029278 22.380885
0.000000 8.495500 21.238750
33.982000 8.495500 21.238750
10.584543 16.856771 27.575543
10.729647 1.713712 28.672313
10.729647 35.695712 28.672313
10.573499 2.397430 -4.699711
10.573499 2.397430 29.282289
10.573499 36.379430 -4.699711
10.573499 36.379430 29.282289
10.029278 0.538275 28.592115
10.029278 34.520275 28.592115
16.856771 6.406457 23.397457
1.713712 6.261353 22.300687
35.695712 6.261353 22.300687
2.397430 6.417501 21.690711
36.379430 6.417501 21.690711
0.538275 6.961722 22.380885
34.520275 6.961722 22.380885
6.406457 16.856771 23.397457
6.261353 1.713712 22.300687
6.261353 35.695712 22.300687
6.417501 2.397430 21.690711
6.417501 36.379430 21.690711
6.961722 0.538275 22.380885
6.961722 34.520275 22.380885
8.495500 0.000000 21.238750
8.495500 33.982000 21.238750
16.856771 10.584543 27.575543
1.713712 10.729647 28.672313
35.695712 10.729647 28.672313
2.397430 10.573499 -4.699711
2.397430 10.573499 29.282289
36.379430 10.573499 -4.699711
36.379430 10.573499 29.282289
15.538270 10.090955 27.081955
0.538275 10.029278 28.592115
34.520275 10.029278 28.592115
0.000000 8.495500 -4.247750
0.000000 8.495500 29.734250
33.982000 8.495500 -4.247750
33.982000 8.495500 29.734250
10.584543 0.134229 23.397457
10.584543 34.116229 23.397457
10.729647 15.277288 22.300687
10.573499 14.593570 21.690711
10.029278 16.452725 22.380885
0.134229 6.406457 27.575543
34.116229 6.406457 27.575543
15.277288 6.261353 28.672313
14.593570 6.417501 -4.699711
14.593570 6.417501 29.282289
16.452725 6.961722 28.592115
10.584543 6.406457 17.125229
11.681313 6.261353 -1.713712
11.681313 6.261353 32.268288
12.291289 6.417501 -2.397430
12.291289 6.417501 31.584570
11.601115 6.961722 -0.538275
11.601115 6.961722 33.443725
12.743250 8.495500 16.991000
6.406457 6.406457 -0.134229
6.406457 6.406457 33.847771
6.261353 5.309688 18.704712
6.417501 4.699711 19.388430
6.417501 38.681711 19.388430
6.900045 6.900045 -1.452731
6.900045 6.900045 32.529269
7.793772 7.233069 -1.355882
7.793772 7.233069 32.626118
6.894948 6.177928 -2.086495
6.894948 6.177928 31.895505
6.327448 7.603472 -1.765365
6.327448 7.603472 32.216635
6.961722 5.389885 17.529275
8.495500 4.247750 16.991000
8.495500 38.229750 16.991000
6.406457 10.584543 17.125229
5.309688 10.729647 -1.713712
5.309688 10.729647 32.268288
4.699711 10.573499 -2.397430
4.699711 10.573499 31.584570
38.681711 10.573499 -2.397430
38.681711 10.573499 31.584570
5.389885 10.029278 -0.538275
5.389885 10.029278 33.443725
4.247750 8.495500 16.991000
38.229750 8.495500 16.991000
10.584543 10.584543 -0.134229
10.584543 10.584543 33.847771
10.729647 11.681313 18.704712
10.573499 12.291289 19.388430
10.029278 11.601115 17.529275
8.495500 12.743250 16.991000
11.681313 10.729647 18.704712
12.291289 10.573499 19.388430
11.601115 10.029278 17.529275
10.729647 5.309687 -1.713712
10.729647 5.309688 32.268288
10.573499 4.699711 -2.397430
10.573499 4.699711 31.584570
10.573499 38.681711 -2.397430
10.573499 38.681711 31.584570
10.029278 5.389885 -0.538275
10.029278 5.389885 33.443725
5.309688 6.261353 18.704712
4.699711 6.417501 19.388430
38.681711 6.417501 19.388430
5.389885 6.961722 17.529275
6.261353 11.681313 -1.713712
6.261353 11.681313 32.268288
6.417501 12.291289 -2.397430
6.417501 12.291289 31.584570
6.961722 11.601115 -0.538275
6.961722 11.601115 33.443725
15.277288 11.681313 23.252353
14.593570 12.291289 23.408501
16.452725 11.601115 23.952722
0.000000 12.743250 25.486500
33.982000 12.743250 25.486500
15.277288 5.309688 27.720647
14.593570 4.699711 27.564499
14.593570 38.681711 27.564499
16.452725 5.389885 27.020278
0.000000 4.247750 25.486500
0.000000 38.229750 25.486500
33.982000 4.247750 25.486500
33.982000 38.229750 25.486500
5.309688 1.713712 23.252353
5.309688 35.695712 23.252353
4.699711 2.397430 23.408501
4.699711 36.379430 23.408501
38.681711 2.397430 23.408501
38.681711 36.379430 23.408501
5.389885 0.538275 23.952722
5.389885 34.520275 23.952722
4.247750 0.000000 25.486500
4.247750 33.982000 25.486500
38.229750 0.000000 25.486500
38.229750 33.982000 25.486500
1.713712 11.681313 27.720647
35.695712 11.681313 27.720647
2.397430 12.291289 27.564499
36.379430 12.291289 27.564499
15.635118 9.757931 26.188228
14.904505 10.813072 27.087052
15.225635 9.387527 27.654552
0.538275 11.601115 27.020278
34.520275 11.601115 27.020278
11.681313 15.277288 23.252353
12.291289 14.593570 23.408501
11.601115 16.452725 23.952722
12.743250 0.000000 25.486500
12.743250 33.982000 25.486500
1.713712 5.309688 23.252353
35.695712 5.309688 23.252353
2.397430 4.699711 23.408501
2.397430 38.681711 23.408501
36.379430 4.699711 23.408501
36.379430 38.681711 23.408501
0.538275 5.389885 23.952722
34.520275 5.389885 23.952722
5.309688 15.277288 27.720647
4.699711 14.593570 27.564499
38.681711 14.593570 27.564499
5.389885 16.452725 27.020278
11.681313 1.713712 27.720647
11.681313 35.695712 27.720647
12.291289 2.397430 27.564499
12.291289 36.379430 27.564499
11.601115 0.538275 27.020278
11.601115 34.520275 27.020278
14.901957 8.629729 19.080043
14.756853 6.781788 20.176813
14.913001 6.098070 20.786789
15.395545 9.948230 18.586455
16.289272 9.851382 18.253431
15.390448 10.581995 19.308572
14.822948 10.260865 17.883028
15.457222 7.957225 20.096615
8.629729 2.089043 -2.089043
8.629729 2.089043 31.892957
8.629729 36.071043 -2.089043
8.629729 36.071043 31.892957
6.781788 2.234147 -3.185813
6.781788 2.234147 30.796187
6.781788 36.216147 -3.185813
6.781788 36.216147 30.796187
6.098070 2.077999 -3.795789
6.098070 2.077999 30.186211
6.098070 36.059999 -3.795789
6.098070 36.059999 30.186211
9.948230 1.595455 -1.595455
9.948230 1.595455 32.386545
9.948230 35.577455 -1.595455
9.948230 35.577455 32.386545
7.957225 1.533778 -3.105615
7.957225 1.533778 30.876385
7.957225 35.515778 -3.105615
7.957225 35.515778 30.876385
2.089043 8.361271 19.080043
36.071043 8.361271 19.080043
2.234147 10.209212 20.176813
36.216147 10.209212 20.176813
2.077999 10.892930 20.786789
36.059999 10.892930 20.786789
1.533778 9.033775 20.096615
35.515778 9.033775 20.096615
8.361271 14.901957 -2.089043
8.361271 14.901957 31.892957
10.209212 14.756853 -3.185813
10.209212 14.756853 30.796187
10.892930 14.913001 -3.795789
10.892930 14.913001 30.186211
9.033775 15.457222 -3.105615
9.033775 15.457222 30.876385
14.901957 8.361271 -2.089043
14.901957 8.361271 31.892957
14.756853 10.209212 -3.185813
14.756853 10.209212 30.796187
14.913001 10.892930 -3.795789
14.913001 10.892930 30.186211
15.395545 7.042769 -1.595455
15.395545 7.042770 32.386545
16.289272 7.139618 -1.262431
16.289272 7.139618 32.719569
15.390448 6.409005 -2.317572
15.390448 6.409005 31.664428
14.822948 6.730135 -0.892028
14.822948 6.730135 33.089972
15.457222 9.033775 -3.105615
15.457222 9.033775 30.876385
8.361271 2.089043 19.080043
8.361271 36.071043 19.080043
10.209212 2.234147 20.176813
10.209212 36.216147 20.176813
10.892930 2.077999 20.786789
10.892930 36.059999 20.786789
7.042770 1.595455 18.586455
7.042770 35.577455 18.586455
9.033775 1.533778 20.096615
9.033775 35.515778 20.096615
2.089043 8.629729 -2.089043
2.089043 8.629729 31.892957
36.071043 8.629729 -2.089043
36.071043 8.629729 31.892957
2.234147 6.781788 -3.185813
2.234147 6.781788 30.796187
36.216147 6.781788 -3.185813
36.216147 6.781788 30.796187
2.077999 6.098070 -3.795789
2.077999 6.098070 30.186211
36.059999 6.098070 -3.795789
36.059999 6.098070 30.186211
1.533778 7.957225 -3.105615
1.533778 7.957225 30.876385
35.515778 7.957225 -3.105615
35.515778 7.957225 30.876385
8.629729 14.901957 19.080043
6.781788 14.756853 20.176813
6.098070 14.913001 20.786789
7.957225 15.457222 20.096615
2.089043 14.901957 25.620729
36.071043 14.901957 25.620729
3.185813 14.756853 23.772788
37.167812 14.756853 23.772788
3.795789 14.913001 23.089070
37.777789 14.913001 23.089070
3.105615 15.457222 24.948225
37.087615 15.457222 24.948225
14.901957 14.901957 25.352271
14.756853 13.805187 27.200212
14.913001 13.195211 27.883930
15.457222 13.885385 26.024775
14.901957 2.089043 25.620729
14.901957 36.071043 25.620729
13.805187 2.234147 23.772788
13.805187 36.216147 23.772788
13.195211 2.077999 23.089070
13.195211 36.059999 23.089070
13.885385 1.533778 24.948225
13.885385 35.515778 24.948225
2.089043 2.089043 25.352271
2.089043 36.071043 25.352271
36.071043 2.089043 25.352271
36.071043 36.071043 25.352271
2.234147 3.185813 27.200212
2.234147 37.167812 27.200212
36.216147 3.185813 27.200212
36.216147 37.167812 27.200212
2.077999 3.795789 27.883930
2.077999 37.777789 27.883930
36.059999 3.795789 27.883930
36.059999 37.777789 27.883930
1.533778 3.105615 26.024775
1.533778 37.087615 26.024775
35.515778 3.105615 26.024775
35.515778 37.087615 26.024775
3.185813 2.234147 27.200212
3.185813 36.216147 27.200212
37.167812 2.234147 27.200212
37.167812 36.216147 27.200212
3.795789 2.077999 27.883930
3.795789 36.059999 27.883930
37.777789 2.077999 27.883930
37.777789 36.059999 27.883930
3.105615 1.533778 26.024775
3.105615 35.515778 26.024775
37.087615 1.533778 26.024775
37.087615 35.515778 26.024775
2.234147 13.805187 23.772788
36.216147 13.805187 23.772788
2.077999 13.195211 23.089070
36.059999 13.195211 23.089070
1.533778 13.885385 24.948225
35.515778 13.885385 24.948225
13.805187 14.756853 27.200212
13.195211 14.913001 27.883930
13.885385 15.457222 26.024775
14.756853 3.185813 23.772788
14.756853 37.167812 23.772788
14.913001 3.795789 23.089070
14.913001 37.777789 23.089070
15.457222 3.105615 24.948225
15.457222 37.087615 24.948225
6.781788 3.185812 -2.234147
6.781788 3.185813 31.747853
6.781788 37.167812 -2.234147
6.781788 37.167812 31.747853
6.098070 3.795789 -2.077999
6.098070 3.795789 31.904001
6.098070 37.777789 -2.077999
6.098070 37.777789 31.904001
9.851382 1.262431 -0.701728
9.851382 1.262431 33.280272
9.851382 35.244431 -0.701728
9.851382 35.244431 33.280272
10.581995 2.317572 -1.600552
10.581995 2.317572 32.381448
10.581995 36.299572 -1.600552
10.581995 36.299572 32.381448
10.260865 0.892027 -2.168052
10.260865 0.892028 31.813948
10.260865 34.874028 -2.168052
10.260865 34.874028 31.813948
7.957225 3.105615 -1.533778
7.957225 3.105615 32.448222
7.957225 37.087615 -1.533778
7.957225 37.087615 32.448222
6.781788 13.805187 19.225147
6.098070 13.195211 19.068999
7.957225 13.885385 18.524778
13.805187 10.209212 -2.234147
13.805187 10.209212 31.747853
13.195211 10.892930 -2.077999
13.195211 10.892930 31.904001
13.885385 9.033775 -1.533778
13.885385 9.033775 32.448222
10.209212 3.185813 19.225147
10.209212 37.167812 19.225147
10.892930 3.795789 19.068999
10.892930 37.777789 19.068999
7.139618 1.262431 17.692728
7.139618 35.244431 17.692728
6.409005 2.317572 18.591552
6.409005 36.299572 18.591552
6.730135 0.892028 19.159052
6.730135 34.874028 19.159052
9.033775 3.105615 18.524778
9.033775 37.087615 18.524778
3.185812 6.781788 -2.234147
3.185813 6.781788 31.747853
37.167812 6.781788 -2.234147
37.167812 6.781788 31.747853
3.795789 6.098070 -2.077999
3.795789 6.098070 31.904001
37.777789 6.098070 -2.077999
37.777789 6.098070 31.904001
3.105615 7.957225 -1.533778
3.105615 7.957225 32.448222
37.087615 7.957225 -1.533778
37.087615 7.957225 32.448222
10.209212 13.805187 -2.234147
10.209212 13.805187 31.747853
10.892930 13.195211 -2.077999
10.892930 13.195211 31.904001
9.033775 13.885385 -1.533778
9.033775 13.885385 32.448222
13.805187 6.781788 19.225147
13.195211 6.098070 19.068999
13.885385 7.957225 18.524778
3.185813 10.209212 19.225147
37.167812 10.209212 19.225147
3.795789 10.892930 19.068999
37.777789 10.892930 19.068999
3.105615 9.033775 18.524778
37.087615 9.033775 18.524778
1.433393 10.098194 23.883806
35.415393 10.098194 23.883806
2.342912 10.885835 24.085625
36.324912 10.885835 24.085625
1.602092 8.906915 24.085625
35.584092 8.906915 24.085625
1.602694 15.388306 26.919893
35.584694 15.388306 26.919893
0.653803 14.843052 27.459002
34.635803 14.843052 27.459002
2.147948 16.337197 27.459002
36.129948 16.337197 27.459002
9.928893 15.388306 18.593694
10.097592 16.579585 18.391875
10.838412 14.600665 18.391875
1.433393 6.892806 27.089194
35.415393 6.892806 27.089194
1.602092 8.084085 26.887375
35.584092 8.084085 26.887375
2.342912 6.105165 26.887375
36.324912 6.105165 26.887375
1.602694 7.062107 18.593694
35.584694 7.062107 18.593694
2.390335 6.152588 18.391875
36.372335 6.152588 18.391875
0.411415 6.893408 18.391875
34.393415 6.893408 18.391875
10.098194 10.098194 -1.433393
10.098194 10.098194 32.548607
10.643448 9.149303 -1.972502
10.643448 9.149303 32.009498
9.149303 10.643448 -1.972502
9.149303 10.643448 32.009498
15.557607 6.892806 23.883806
14.648088 6.105165 24.085625
15.388908 8.084085 24.085625
10.098194 15.557607 27.089194
10.885835 14.648088 26.887375
8.906915 15.388908 26.887375
15.388306 1.602694 26.919893
15.388306 35.584694 26.919893
16.337197 2.147948 27.459002
16.337197 36.129948 27.459002
14.843052 0.653803 27.459002
14.843052 34.635803 27.459002
1.602694 1.602694 24.053107
1.602694 35.584694 24.053107
35.584694 1.602694 24.053107
35.584694 35.584694 24.053107
2.147948 0.653803 23.513998
2.147948 34.635803 23.513998
36.129948 0.653803 23.513998
36.129948 34.635803 23.513998
0.653803 2.147948 23.513998
0.653803 36.129948 23.513998
34.635803 2.147948 23.513998
34.635803 36.129948 23.513998
10.098194 6.892806 18.424393
9.149303 6.347552 18.963502
10.643448 7.841697 18.963502
6.892806 15.557607 23.883806
8.084085 15.388908 24.085625
6.105165 14.648088 24.085625
6.892806 1.433393 27.089194
6.892806 35.415393 27.089194
6.105165 2.342912 26.887375
6.105165 36.324912 26.887375
8.084085 1.602092 26.887375
8.084085 35.584092 26.887375
6.892806 10.098194 18.424393
7.841697 10.643448 18.963502
6.347552 9.149303 18.963502
15.388306 15.388306 24.053107
14.843052 16.337197 23.513998
16.337197 14.843052 23.513998
10.098194 1.433393 23.883806
10.098194 35.415393 23.883806
8.906915 1.602092 24.085625
8.906915 35.584092 24.085625
10.885835 2.342912 24.085625
10.885835 36.324912 24.085625
1.602694 9.928893 -1.602694
1.602694 9.928893 32.379306
35.584694 9.928893 -1.602694
35.584694 9.928893 32.379306
0.411415 10.097592 -1.400875
0.411415 10.097592 32.581125
34.393415 10.097592 -1.400875
34.393415 10.097592 32.581125
2.390335 10.838412 -1.400875
2.390335 10.838412 32.581125
36.372335 10.838412 -1.400875
36.372335 10.838412 32.581125
7.062107 15.388306 -1.602694
7.062107 15.388306 32.379306
6.152588 14.600665 -1.400875
6.152588 14.600665 32.581125
6.893408 16.579585 -1.400875
6.893408 16.579585 32.581125
6.406457 17.125229 10.584543
6.261353 -1.713712 11.681313
6.261353 32.268288 11.681313
6.417501 -2.397430 12.291289
6.417501 31.584570 12.291289
6.961722 -0.538275 11.601115
6.961722 33.443725 11.601115
8.495500 16.991000 12.743250
0.134229 27.575543 6.406457
34.116229 27.575543 6.406457
15.277288 27.720647 5.309687
14.593570 27.564499 4.699711
14.593570 27.564499 38.681711
16.452725 27.020278 5.389885
0.000000 25.486500 4.247750
0.000000 25.486500 38.229750
33.982000 25.486500 4.247750
33.982000 25.486500 38.229750
10.584543 -0.134229 10.584543
10.584543 33.847771 10.584543
10.729647 18.704712 11.681313
10.573499 19.388430 12.291289
10.029278 17.529275 11.601115
16.856771 23.397457 6.406457
1.713712 23.252353 5.309687
35.695712 23.252353 5.309687
2.397430 23.408501 4.699711
2.397430 23.408501 38.681711
36.379430 23.408501 4.699711
36.379430 23.408501 38.681711
0.538275 23.952722 5.389885
34.520275 23.952722 5.389885
6.406457 -0.134229 6.406457
6.406457 33.847771 6.406457
6.261353 18.704712 5.309687
6.417501 19.388430 4.699711
6.417501 19.388430 38.681711
6.961722 17.529275 5.389885
8.495500 16.991000 4.247750
8.495500 16.991000 38.229750
16.856771 27.575543 10.584543
1.713712 27.720647 11.681313
35.695712 27.720647 11.681313
2.397430 27.564499 12.291289
36.379430 27.564499 12.291289
15.538270 27.081955 10.090955
0.538275 27.020278 11.601115
34.520275 27.020278 11.601115
0.000000 25.486500 12.743250
33.982000 25.486500 12.743250
10.584543 17.125229 6.406457
10.729647 -1.713712 5.309687
10.729647 32.268288 5.309687
10.573499 -2.397430 4.699711
10.573499 -2.397430 38.681711
10.573499 31.584570 4.699711
10.573499 31.584570 38.681711
10.029278 -0.538275 5.389885
10.029278 33.443725 5.389885
0.134229 23.397457 10.584543
34.116229 23.397457 10.584543
15.277288 23.252353 11.681313
14.593570 23.408501 12.291289
16.452725 23.952722 11.601115
10.584543 23.397457 0.134229
10.584543 23.397457 34.116229
11.681313 23.252353 15.277288
12.291289 23.408501 14.593570
11.601115 23.952722 16.452725
12.743250 25.486500 0.000000
12.743250 25.486500 33.982000
6.406457 23.397457 16.856771
6.261353 22.300687 1.713712
6.261353 22.300688 35.695712
6.417501 21.690711 2.397430
6.417501 21.690711 36.379430
6.900045 23.891045 15.538270
7.793772 24.224069 15.635118
6.894948 23.168928 14.904505
6.327448 24.594472 15.225635
6.961722 22.380885 0.538275
6.961722 22.380885 34.520275
8.495500 21.238750 0.000000
8.495500 21.238750 33.982000
6.406457 27.575543 0.134229
6.406457 27.575543 34.116229
5.309688 27.720647 15.277288
4.699711 27.564499 14.593570
38.681711 27.564499 14.593570
5.389885 27.020278 16.452725
4.247750 25.486500 0.000000
4.247750 25.486500 33.982000
38.229750 25.486500 0.000000
38.229750 25.486500 33.982000
10.584543 27.575543 16.856771
10.729647 28.672313 1.713712
10.729647 28.672313 35.695712
10.573499 -4.699711 2.397430
10.573499 -4.699711 36.379430
10.573499 29.282289 2.397430
10.573499 29.282289 36.379430
10.029278 28.592115 0.538275
10.029278 28.592115 34.520275
8.495500 -4.247750 0.000000
8.495500 -4.247750 33.982000
8.495500 29.734250 0.000000
8.495500 29.734250 33.982000
11.681313 27.720647 1.713712
11.681313 27.720647 35.695712
12.291289 27.564499 2.397430
12.291289 27.564499 36.379430
11.601115 27.020278 0.538275
11.601115 27.020278 34.520275
10.729647 22.300687 15.277288
10.573499 21.690711 14.593570
10.029278 22.380885 16.452725
5.309688 23.252353 1.713712
5.309688 23.252353 35.695712
4.699711 23.408501 2.397430
4.699711 23.408501 36.379430
38.681711 23.408501 2.397430
38.681711 23.408501 36.379430
5.389885 23.952722 0.538275
5.389885 23.952722 34.520275
6.261353 28.672313 15.277288
6.417501 -4.699711 14.593570
6.417501 29.282289 14.593570
6.961722 28.592115 16.452725
15.277288 28.672313 6.261353
14.593570 -4.699711 6.417501
14.593570 29.282289 6.417501
16.452725 28.592115 6.961722
0.000000 -4.247750 8.495500
0.000000 29.734250 8.495500
33.982000 -4.247750 8.495500
33.982000 29.734250 8.495500
15.277288 22.300687 10.729647
14.593570 21.690711 10.573499
16.452725 22.380885 10.029278
0.000000 21.238750 8.495500
33.982000 21.238750 8.495500
5.309688 18.704712 6.261353
4.699711 19.388430 6.417501
38.681711 19.388430 6.417501
5.389885 17.529275 6.961722
4.247750 16.991000 8.495500
38.229750 16.991000 8.495500
1.713712 28.672313 10.729647
35.695712 28.672313 10.729647
2.397430 -4.699711 10.573499
2.397430 29.282289 10.573499
36.379430 -4.699711 10.573499
36.379430 29.282289 10.573499
15.635118 26.748931 9.197228
14.904505 27.804072 10.096052
15.225635 26.378528 10.663552
0.538275 28.592115 10.029278
34.520275 28.592115 10.029278
11.681313 -1.713712 6.261353
11.681313 32.268288 6.261353
12.291289 -2.397430 6.417501
12.291289 31.584570 6.417501
11.601115 -0.538275 6.961722
11.601115 33.443725 6.961722
12.743250 16.991000 8.495500
1.713712 22.300687 6.261353
35.695712 22.300687 6.261353
2.397430 21.690711 6.417501
36.379430 21.690711 6.417501
0.538275 22.380885 6.961722
34.520275 22.380885 6.961722
5.309688 -1.713712 10.729647
5.309688 32.268288 10.729647
4.699711 -2.397430 10.573499
4.699711 31.584570 10.573499
38.681711 -2.397430 10.573499
38.681711 31.584570 10.573499
5.389885 -0.538275 10.029278
5.389885 33.443725 10.029278
11.681313 18.704712 10.729647
12.291289 19.388430 10.573499
11.601115 17.529275 10.029278
14.901957 25.620729 2.089043
14.901957 25.620729 36.071043
14.756853 23.772788 3.185812
14.756853 23.772788 37.167812
14.913001 23.089070 3.795789
14.913001 23.089070 37.777789
15.395545 26.939230 1.595455
15.395545 26.939230 35.577455
16.289272 26.842382 1.262431
16.289272 26.842382 35.244431
15.390448 27.572995 2.317572
15.390448 27.572995 36.299572
14.822948 27.251865 0.892027
14.822948 27.251865 34.874028
15.457222 24.948225 3.105615
15.457222 24.948225 37.087615
8.629729 19.080043 14.901957
6.781788 19.225147 13.805187
6.098070 19.068999 13.195211
9.948230 18.586455 15.395545
7.957225 18.524778 13.885385
2.089043 25.352271 2.089043
2.089043 25.352271 36.071043
36.071043 25.352271 2.089043
36.071043 25.352271 36.071043
2.234147 27.200212 3.185812
2.234147 27.200212 37.167812
36.216147 27.200212 3.185812
36.216147 27.200212 37.167812
2.077999 27.883930 3.795789
2.077999 27.883930 37.777789
36.059999 27.883930 3.795789
36.059999 27.883930 37.777789
1.533778 26.024775 3.105615
1.533778 26.024775 37.087615
35.515778 26.024775 3.105615
35.515778 26.024775 37.087615
8.361271 -2.089043 14.901957
8.361271 31.892957 14.901957
10.209212 -2.234147 13.805187
10.209212 31.747853 13.805187
10.892930 -2.077999 13.195211
10.892930 31.904001 13.195211
9.033775 -1.533778 13.885385
9.033775 32.448222 13.885385
14.901957 25.352271 14.901957
14.756853 27.200212 13.805187
14.913001 27.883930 13.195211
15.395545 24.033769 15.395545
16.289272 24.130618 15.728569
15.390448 23.400005 14.673428
14.822948 23.721135 16.098972
15.457222 26.024775 13.885385
8.361271 19.080043 2.089043
8.361271 19.080043 36.071043
10.209212 19.225147 3.185812
10.209212 19.225147 37.167812
10.892930 19.068999 3.795789
10.892930 19.068999 37.777789
7.042770 18.586455 1.595455
7.042770 18.586455 35.577455
9.033775 18.524778 3.105615
9.033775 18.524778 37.087615
2.089043 25.620729 14.901957
36.071043 25.620729 14.901957
2.234147 23.772788 13.805187
36.216147 23.772788 13.805187
2.077999 23.089070 13.195211
36.059999 23.089070 13.195211
1.533778 24.948225 13.885385
35.515778 24.948225 13.885385
8.629729 -2.089043 2.089043
8.629729 -2.089043 36.071043
8.629729 31.892957 2.089043
8.629729 31.892957 36.071043
6.781788 -2.234147 3.185812
6.781788 -2.234147 37.167812
6.781788 31.747853 3.185812
6.781788 31.747853 37.167812
6.098070 -2.077999 3.795789
6.098070 -2.077999 37.777789
6.098070 31.904001 3.795789
6.098070 31.904001 37.777789
7.957225 -1.533778 3.105615
7.957225 -1.533778 37.087615
7.957225 32.448222 3.105615
7.957225 32.448222 37.087615
2.089043 -2.089043 8.629729
2.089043 31.892957 8.629729
36.071043 -2.089043 8.629729
36.071043 31.892957 8.629729
3.185812 -2.234147 6.781788
3.185813 31.747853 6.781788
37.167812 -2.234147 6.781788
37.167812 31.747853 6.781788
3.795789 -2.077999 6.098070
3.795789 31.904001 6.098070
37.777789 -2.077999 6.098070
37.777789 31.904001 6.098070
3.105615 -1.533778 7.957225
3.105615 32.448222 7.957225
37.087615 -1.533778 7.957225
37.087615 32.448222 7.957225
14.901957 -2.089043 8.361271
14.901957 31.892957 8.361271
14.756853 -3.185813 10.209212
14.756853 30.796187 10.209212
14.913001 -3.795789 10.892930
14.913001 30.186211 10.892930
15.457222 -3.105615 9.033775
15.457222 30.876385 9.033775
14.901957 19.080043 8.629729
13.805187 19.225147 6.781788
13.195211 19.068999 6.098070
13.885385 18.524778 7.957225
2.089043 19.080043 8.361271
36.071043 19.080043 8.361271
2.234147 20.176813 10.209212
36.216147 20.176813 10.209212
2.077999 20.786789 10.892930
36.059999 20.786789 10.892930
1.533778 20.096615 9.033775
35.515778 20.096615 9.033775
3.185813 19.225147 10.209212
37.167812 19.225147 10.209212
3.795789 19.068999 10.892930
37.777789 19.068999 10.892930
3.105615 18.524778 9.033775
37.087615 18.524778 9.033775
2.234147 -3.185813 6.781788
2.234147 30.796187 6.781788
36.216147 -3.185813 6.781788
36.216147 30.796187 6.781788
2.077999 -3.795789 6.098070
2.077999 30.186211 6.098070
36.059999 -3.795789 6.098070
36.059999 30.186211 6.098070
1.533778 -3.105615 7.957225
1.533778 30.876385 7.957225
35.515778 -3.105615 7.957225
35.515778 30.876385 7.957225
13.805187 -2.234147 10.209212
13.805187 31.747853 10.209212
13.195211 -2.077999 10.892930
13.195211 31.904001 10.892930
13.885385 -1.533778 9.033775
13.885385 32.448222 9.033775
14.756853 20.176813 6.781788
14.913001 20.786789 6.098070
15.457222 20.096615 7.957225
6.781788 20.176813 14.756853
6.098070 20.786789 14.913001
9.851382 18.253431 16.289272
10.581995 19.308572 15.390448
10.260865 17.883028 14.822948
7.957225 20.096615 15.457222
6.781788 -3.185813 2.234147
6.781788 -3.185813 36.216147
6.781788 30.796187 2.234147
6.781788 30.796187 36.216147
6.098070 -3.795789 2.077999
6.098070 -3.795789 36.059999
6.098070 30.186211 2.077999
6.098070 30.186211 36.059999
7.957225 -3.105615 1.533778
7.957225 -3.105615 35.515778
7.957225 30.876385 1.533778
7.957225 30.876385 35.515778
13.805187 27.200212 14.756853
13.195211 27.883930 14.913001
13.885385 26.024775 15.457222
10.209212 20.176813 2.234147
10.209212 20.176813 36.216147
10.892930 20.786789 2.077999
10.892930 20.786789 36.059999
7.139618 18.253431 0.701728
7.139618 18.253431 34.683728
6.409005 19.308572 1.600552
6.409005 19.308572 35.582552
6.730135 17.883028 2.168052
6.730135 17.883028 36.150052
9.033775 20.096615 1.533778
9.033775 20.096615 35.515778
3.185813 23.772788 14.756853
37.167812 23.772788 14.756853
3.795789 23.089070 14.913001
37.777789 23.089070 14.913001
3.105615 24.948225 15.457222
37.087615 24.948225 15.457222
10.209212 -3.185813 14.756853
10.209212 30.796187 14.756853
10.892930 -3.795789 14.913001
10.892930 30.186211 14.913001
9.033775 -3.105615 15.457222
9.033775 30.876385 15.457222
13.805187 23.772788 2.234147
13.805187 23.772788 36.216147
13.195211 23.089070 2.077999
13.195211 23.089070 36.059999
13.885385 24.948225 1.533778
13.885385 24.948225 35.515778
3.185813 27.200212 2.234147
3.185813 27.200212 36.216147
37.167812 27.200212 2.234147
37.167812 27.200212 36.216147
3.795789 27.883930 2.077999
3.795789 27.883930 36.059999
37.777789 27.883930 2.077999
37.777789 27.883930 36.059999
3.105615 26.024775 1.533778
3.105615 26.024775 35.515778
37.087615 26.024775 1.533778
37.087615 26.024775 35.515778
1.433393 27.089194 6.892806
35.415393 27.089194 6.892806
2.342912 27.876835 7.094625
36.324912 27.876835 7.094625
1.602092 25.897915 7.094625
35.584092 25.897915 7.094625
1.602694 -1.602694 9.928893
1.602694 32.379306 9.928893
35.584694 -1.602694 9.928893
35.584694 32.379306 9.928893
0.653803 -2.147948 10.468002
0.653803 31.834052 10.468002
34.635803 -2.147948 10.468002
34.635803 31.834052 10.468002
2.147948 -0.653803 10.468002
2.147948 33.328197 10.468002
36.129948 -0.653803 10.468002
36.129948 33.328197 10.468002
9.928893 -1.602694 1.602694
9.928893 -1.602694 35.584694
9.928893 32.379306 1.602694
9.928893 32.379306 35.584694
10.097592 -0.411415 1.400875
10.097592 -0.411415 35.382875
10.097592 33.570585 1.400875
10.097592 33.570585 35.382875
10.838412 -2.390335 1.400875
10.838412 -2.390335 35.382875
10.838412 31.591665 1.400875
10.838412 31.591665 35.382875
1.433393 23.883806 10.098194
35.415393 23.883806 10.098194
1.602092 25.075085 9.896375
35.584092 25.075085 9.896375
2.342912 23.096165 9.896375
36.324912 23.096165 9.896375
1.602694 24.053107 1.602694
1.602694 24.053107 35.584694
35.584694 24.053107 1.602694
35.584694 24.053107 35.584694
2.390335 23.143588 1.400875
2.390335 23.143588 35.382875
36.372335 23.143588 1.400875
36.372335 23.143588 35.382875
0.411415 23.884408 1.400875
0.411415 23.884408 35.382875
34.393415 23.884408 1.400875
34.393415 23.884408 35.382875
10.098194 27.089194 15.557607
10.643448 26.140303 15.018498
9.149303 27.634448 15.018498
15.557607 23.883806 6.892806
14.648088 23.096165 7.094625
15.388908 25.075085 7.094625
10.098194 -1.433393 10.098194
10.098194 32.548607 10.098194
10.885835 -2.342912 9.896375
10.885835 31.639088 9.896375
8.906915 -1.602092 9.896375
8.906915 32.379908 9.896375
15.388306 18.593694 9.928893
16.337197 19.138948 10.468002
14.843052 17.644803 10.468002
1.602694 18.593694 7.062107
35.584694 18.593694 7.062107
2.147948 17.644803 6.522998
36.129948 17.644803 6.522998
0.653803 19.138948 6.522998
34.635803 19.138948 6.522998
10.098194 23.883806 1.433393
10.098194 23.883806 35.415393
9.149303 23.338552 1.972502
9.149303 23.338552 35.954502
10.643448 24.832697 1.972502
10.643448 24.832697 35.954502
6.892806 -1.433393 6.892806
6.892806 32.548607 6.892806
8.084085 -1.602092 7.094625
8.084085 32.379908 7.094625
6.105165 -2.342912 7.094625
6.105165 31.639088 7.094625
6.892806 18.424393 10.098194
6.105165 19.333912 9.896375
8.084085 18.593092 9.896375
6.892806 27.089194 1.433393
6.892806 27.089194 35.415393
7.841697 27.634448 1.972502
7.841697 27.634448 35.954502
6.347552 26.140303 1.972502
6.347552 26.140303 35.954502
15.388306 -1.602694 7.062107
15.388306 32.379306 7.062107
14.843052 -0.653803 6.522998
14.843052 33.328197 6.522998
16.337197 -2.147948 6.522998
16.337197 31.834052 6.522998
10.098194 18.424393 6.892806
8.906915 18.593092 7.094625
10.885835 19.333912 7.094625
1.602694 26.919893 15.388306
35.584694 26.919893 15.388306
0.411415 27.088592 15.590125
34.393415 27.088592 15.590125
2.390335 27.829412 15.590125
36.372335 27.829412 15.590125
7.062107 -1.602694 15.388306
7.062107 32.379306 15.388306
6.152588 -2.390335 15.590125
6.152588 31.591665 15.590125
6.893408 -0.411415 15.590125
6.893408 33.570585 15.590125
6.406457 17.125229 27.575543
6.261353 -1.713712 28.672313
6.261353 32.268288 28.672313
6.417501 -2.397430 -4.699711
6.417501 -2.397430 29.282289
6.417501 31.584570 -4.699711
6.417501 31.584570 29.282289
6.961722 -0.538275 28.592115
6.961722 33.443725 28.592115
8.495500 16.991000 -4.247750
8.495500 16.991000 29.734250
0.134229 27.575543 23.397457
34.116229 27.575543 23.397457
15.277288 27.720647 22.300687
14.593570 27.564499 21.690711
16.452725 27.020278 22.380885
0.000000 25.486500 21.238750
33.982000 25.486500 21.238750
10.584543 -0.134229 27.575543
10.584543 33.847771 27.575543
10.729647 18.704712 28.672313
10.573499 19.388430 -4.699711
10.573499 19.388430 29.282289
10.029278 17.529275 28.592115
16.856771 23.397457 23.397457
1.713712 23.252353 22.300687
35.695712 23.252353 22.300687
2.397430 23.408501 21.690711
36.379430 23.408501 21.690711
0.538275 23.952722 22.380885
34.520275 23.952722 22.380885
6.406457 -0.134229 23.397457
6.406457 33.847771 23.397457
6.261353 18.704712 22.300687
6.417501 19.388430 21.690711
6.961722 17.529275 22.380885
8.495500 16.991000 21.238750
16.856771 27.575543 27.575543
1.713712 27.720647 28.672313
35.695712 27.720647 28.672313
2.397430 27.564499 -4.699711
2.397430 27.564499 29.282289
36.379430 27.564499 -4.699711
36.379430 27.564499 29.282289
15.538270 27.081955 27.081955
0.538275 27.020278 28.592115
34.520275 27.020278 28.592115
0.000000 25.486500 -4.247750
0.000000 25.486500 29.734250
33.982000 25.486500 -4.247750
33.982000 25.486500 29.734250
10.584543 17.125229 23.397457
10.729647 -1.713712 22.300687
10.729647 32.268288 22.300687
10.573499 -2.397430 21.690711
10.573499 31.584570 21.690711
10.029278 -0.538275 22.380885
10.029278 33.443725 22.380885
0.134229 23.397457 27.575543
34.116229 23.397457 27.575543
15.277288 23.252353 28.672313
14.593570 23.408501 -4.699711
14.593570 23.408501 29.282289
16.452725 23.952722 28.592115
10.584543 23.397457 17.125229
11.681313 23.252353 -1.713712
11.681313 23.252353 32.268288
12.291289 23.408501 -2.397430
12.291289 23.408501 31.584570
11.601115 23.952722 -0.538275
11.601115 23.952722 33.443725
12.743250 25.486500 16.991000
6.406457 23.397457 -0.134229
6.406457 23.397457 33.847771
6.261353 22.300687 18.704712
6.417501 21.690711 19.388430
6.900045 23.891045 -1.452731
6.900045 23.891045 32.529269
7.793772 24.224069 -1.355882
7.793772 24.224069 32.626118
6.894948 23.168928 -2.086495
6.894948 23.168928 31.895505
6.327448 24.594472 -1.765365
6.327448 24.594472 32.216635
6.961722 22.380885 17.529275
8.495500 21.238750 16.991000
6.406457 27.575543 17.125229
5.309688 27.720647 -1.713712
5.309688 27.720647 32.268288
4.699711 27.564499 -2.397430
4.699711 27.564499 31.584570
38.681711 27.564499 -2.397430
38.681711 27.564499 31.584570
5.389885 27.020278 -0.538275
5.389885 27.020278 33.443725
4.247750 25.486500 16.991000
38.229750 25.486500 16.991000
10.584543 27.575543 -0.134229
10.584543 27.575543 33.847771
10.729647 28.672313 18.704712
10.573499 -4.699711 19.388430
10.573499 29.282289 19.388430
10.029278 28.592115 17.529275
8.495500 -4.247750 16.991000
8.495500 29.734250 16.991000
11.681313 27.720647 18.704712
12.291289 27.564499 19.388430
11.601115 27.020278 17.529275
10.729647 22.300687 -1.713712
10.729647 22.300687 32.268288
10.573499 21.690711 -2.397430
10.573499 21.690711 31.584570
10.029278 22.380885 -0.538275
10.029278 22.380885 33.443725
5.309688 23.252353 18.704712
4.699711 23.408501 19.388430
38.681711 23.408501 19.388430
5.389885 23.952722 17.529275
6.261353 28.672313 -1.713712
6.261353 28.672313 32.268288
6.417501 -4.699711 -2.397430
6.417501 -4.699711 31.584570
6.417501 29.282289 -2.397430
6.417501 29.282289 31.584570
6.961722 28.592115 -0.538275
6.961722 28.592115 33.443725
15.277288 28.672313 23.252353
14.593570 -4.699711 23.408501
14.593570 29.282289 23.408501
16.452725 28.592115 23.952722
0.000000 -4.247750 25.486500
0.000000 29.734250 25.486500
33.982000 -4.247750 25.486500
33.982000 29.734250 25.486500
15.277288 22.300687 27.720647
14.593570 21.690711 27.564499
16.452725 22.380885 27.020278
0.000000 21.238750 25.486500
33.982000 21.238750 25.486500
5.309688 18.704712 23.252353
4.699711 19.388430 23.408501
38.681711 19.388430 23.408501
5.389885 17.529275 23.952722
4.247750 16.991000 25.486500
38.229750 16.991000 25.486500
1.713712 28.672313 27.720647
35.695712 28.672313 27.720647
2.397430 -4.699711 27.564499
2.397430 29.282289 27.564499
36.379430 -4.699711 27.564499
36.379430 29.282289 27.564499
15.635118 26.748931 26.188228
14.904505 27.804072 27.087052
15.225635 26.378528 27.654552
0.538275 28.592115 27.020278
34.520275 28.592115 27.020278
11.681313 -1.713712 23.252353
11.681313 32.268288 23.252353
12.291289 -2.397430 23.408501
12.291289 31.584570 23.408501
11.601115 -0.538275 23.952722
11.601115 33.443725 23.952722
12.743250 16.991000 25.486500
1.713712 22.300687 23.252353
35.695712 22.300687 23.252353
2.397430 21.690711 23.408501
36.379430 21.690711 23.408501
0.538275 22.380885 23.952722
34.520275 22.380885 23.952722
5.309688 -1.713712 27.720647
5.309688 32.268288 27.720647
4.699711 -2.397430 27.564499
4.699711 31.584570 27.564499
38.681711 -2.397430 27.564499
38.681711 31.584570 27.564499
5.389885 -0.538275 27.020278
5.389885 33.443725 27.020278
11.681313 18.704712 27.720647
12.291289 19.388430 27.564499
11.601115 17.529275 27.020278
14.901957 25.620729 19.080043
14.756853 23.772788 20.176813
14.913001 23.089070 20.786789
15.395545 26.939230 18.586455
16.289272 26.842382 18.253431
15.390448 27.572995 19.308572
14.822948 27.251865 17.883028
15.457222 24.948225 20.096615
8.629729 19.080043 -2.089043
8.629729 19.080043 31.892957
6.781788 19.225147 -3.185813
6.781788 19.225147 30.796187
6.098070 19.068999 -3.795789
6.098070 19.068999 30.186211
9.948230 18.586455 -1.595455
9.948230 18.586455 32.386545
7.957225 18.524778 -3.105615
7.957225 18.524778 30.876385
2.089043 25.352271 19.080043
36.071043 25.352271 19.080043
2.234147 27.200212 20.176813
36.216147 27.200212 20.176813
2.077999 27.883930 20.786789
36.059999 27.883930 20.786789
1.533778 26.024775 20.096615
35.515778 26.024775 20.096615
8.361271 -2.089043 -2.089043
8.361271 -2.089043 31.892957
8.361271 31.892957 -2.089043
8.361271 31.892957 31.892957
10.209212 -2.234147 -3.185813
10.209212 -2.234147 30.796187
10.209212 31.747853 -3.185813
10.209212 31.747853 30.796187
10.892930 -2.077999 -3.795789
10.892930 -2.077999 30.186211
10.892930 31.904001 -3.795789
10.892930 31.904001 30.186211
9.033775 -1.533778 -3.105615
9.033775 -1.533778 30.876385
9.033775 32.448222 -3.105615
9.033775 32.448222 30.876385
14.901957 25.352271 -2.089043
14.901957 25.352271 31.892957
14.756853 27.200212 -3.185813
14.756853 27.200212 30.796187
14.913001 27.883930 -3.795789
14.913001 27.883930 30.186211
15.395545 24.033769 -1.595455
15.395545 24.033770 32.386545
16.289272 24.130618 -1.262431
16.289272 24.130618 32.719569
15.390448 23.400005 -2.317572
15.390448 23.400005 31.664428
14.822948 23.721135 -0.892028
14.822948 23.721135 33.089972
15.457222 26.024775 -3.105615
15.457222 26.024775 30.876385
8.361271 19.080043 19.080043
10.209212 19.225147 20.176813
10.892930 19.068999 20.786789
7.042770 18.586455 18.586455
9.033775 18.524778 20.096615
2.089043 25.620729 -2.089043
2.089043 25.620729 31.892957
36.071043 25.620729 -2.089043
36.071043 25.620729 31.892957
2.234147 23.772788 -3.185813
2.234147 23.772788 30.796187
36.216147 23.772788 -3.185813
36.216147 23.772788 30.796187
2.077999 23.089070 -3.795789
2.077999 23.089070 30.186211
36.059999 23.089070 -3.795789
36.059999 23.089070 30.186211
1.533778 24.948225 -3.105615
1.533778 24.948225 30.876385
35.515778 24.948225 -3.105615
35.515778 24.948225 30.876385
8.629729 -2.089043 19.080043
8.629729 31.892957 19.080043
6.781788 -2.234147 20.176813
6.781788 31.747853 20.176813
6.098070 -2.077999 20.786789
6.098070 31.904001 20.786789
7.957225 -1.533778 20.096615
7.957225 32.448222 20.096615
2.089043 -2.089043 25.620729
2.089043 31.892957 25.620729
36.071043 -2.089043 25.620729
36.071043 31.892957 25.620729
3.185813 -2.234147 23.772788
3.185813 31.747853 23.772788
37.167812 -2.234147 23.772788
37.167812 31.747853 23.772788
3.795789 -2.077999 23.089070
3.795789 31.904001 23.089070
37.777789 -2.077999 23.089070
37.777789 31.904001 23.089070
3.105615 -1.533778 24.948225
3.105615 32.448222 24.948225
37.087615 -1.533778 24.948225
37.087615 32.448222 24.948225
14.901957 -2.089043 25.352271
14.901957 31.892957 25.352271
14.756853 -3.185813 27.200212
14.756853 30.796187 27.200212
14.913001 -3.795789 27.883930
14.913001 30.186211 27.883930
15.457222 -3.105615 26.024775
15.457222 30.876385 26.024775
14.901957 19.080043 25.620729
13.805187 19.225147 23.772788
13.195211 19.068999 23.089070
13.885385 18.524778 24.948225
2.089043 19.080043 25.352271
36.071043 19.080043 25.352271
2.234147 20.176813 27.200212
36.216147 20.176813 27.200212
2.077999 20.786789 27.883930
36.059999 20.786789 27.883930
1.533778 20.096615 26.024775
35.515778 20.096615 26.024775
3.185813 19.225147 27.200212
37.167812 19.225147 27.200212
3.795789 19.068999 27.883930
37.777789 19.068999 27.883930
3.105615 18.524778 26.024775
37.087615 18.524778 26.024775
2.234147 -3.185813 23.772788
2.234147 30.796187 23.772788
36.216147 -3.185813 23.772788
36.216147 30.796187 23.772788
2.077999 -3.795789 23.089070
2.077999 30.186211 23.089070
36.059999 -3.795789 23.089070
36.059999 30.186211 23.089070
1.533778 -3.105615 24.948225
1.533778 30.876385 24.948225
35.515778 -3.105615 24.948225
35.515778 30.876385 24.948225
13.805187 -2.234147 27.200212
13.805187 31.747853 27.200212
13.195211 -2.077999 27.883930
13.195211 31.904001 27.883930
13.885385 -1.533778 26.024775
13.885385 32.448222 26.024775
14.756853 20.176813 23.772788
14.913001 20.786789 23.089070
15.457222 20.096615 24.948225
6.781788 20.176813 -2.234147
6.781788 20.176813 31.747853
6.098070 20.786789 -2.077999
6.098070 20.786789 31.904001
9.851382 18.253431 -0.701728
9.851382 18.253431 33.280272
10.581995 19.308572 -1.600552
10.581995 19.308572 32.381448
10.260865 17.883028 -2.168052
10.260865 17.883028 31.813948
7.957225 20.096615 -1.533778
7.957225 20.096615 32.448222
6.781788 -3.185813 19.225147
6.781788 30.796187 19.225147
6.098070 -3.795789 19.068999
6.098070 30.186211 19.068999
7.957225 -3.105615 18.524778
7.957225 30.876385 18.524778
13.805187 27.200212 -2.234147
13.805187 27.200212 31.747853
13.195211 27.883930 -2.077999
13.195211 27.883930 31.904001
13.885385 26.024775 -1.533778
13.885385 26.024775 32.448222
10.209212 20.176813 19.225147
10.892930 20.786789 19.068999
7.139618 18.253431 17.692728
6.409005 19.308572 18.591552
6.730135 17.883028 19.159052
9.033775 20.096615 18.524778
3.185813 23.772788 -2.234147
3.185813 23.772788 31.747853
37.167812 23.772788 -2.234147
37.167812 23.772788 31.747853
3.795789 23.089070 -2.077999
3.795789 23.089070 31.904001
37.777789 23.089070 -2.077999
37.777789 23.089070 31.904001
3.105615 24.948225 -1.533778
3.105615 24.948225 32.448222
37.087615 24.948225 -1.533778
37.087615 24.948225 32.448222
10.209212 -3.185813 -2.234147
10.209212 -3.185813 31.747853
10.209212 30.796187 -2.234147
10.209212 30.796187 31.747853
10.892930 -3.795789 -2.077999
10.892930 -3.795789 31.904001
10.892930 30.186211 -2.077999
10.892930 30.186211 31.904001
9.033775 -3.105615 -1.533778
9.033775 -3.105615 32.448222
9.033775 30.876385 -1.533778
9.033775 30.876385 32.448222
13.805187 23.772788 19.225147
13.195211 23.089070 19.068999
13.885385 24.948225 18.524778
3.185813 27.200212 19.225147
37.167812 27.200212 19.225147
3.795789 27.883930 19.068999
37.777789 27.883930 19.068999
3.105615 26.024775 18.524778
37.087615 26.024775 18.524778
1.433393 27.089194 23.883806
35.415393 27.089194 23.883806
2.342912 27.876835 24.085625
36.324912 27.876835 24.085625
1.602092 25.897915 24.085625
35.584092 25.897915 24.085625
1.602694 -1.602694 26.919893
1.602694 32.379306 26.919893
35.584694 -1.602694 26.919893
35.584694 32.379306 26.919893
0.653803 -2.147948 27.459002
0.653803 31.834052 27.459002
34.635803 -2.147948 27.459002
34.635803 31.834052 27.459002
2.147948 -0.653803 27.459002
2.147948 33.328197 27.459002
36.129948 -0.653803 27.459002
36.129948 33.328197 27.459002
9.928893 -1.602694 18.593694
9.928893 32.379306 18.593694
10.097592 -0.411415 18.391875
10.097592 33.570585 18.391875
10.838412 -2.390335 18.391875
10.838412 31.591665 18.391875
1.433393 23.883806 27.089194
35.415393 23.883806 27.089194
1.602092 25.075085 26.887375
35.584092 25.075085 26.887375
2.342912 23.096165 26.887375
36.324912 23.096165 26.887375
1.602694 24.053107 18.593694
35.584694 24.053107 18.593694
2.390335 23.143588 18.391875
36.372335 23.143588 18.391875
0.411415 23.884408 18.391875
34.393415 23.884408 18.391875
10.098194 27.089194 -1.433393
10.098194 27.089194 32.548607
10.643448 26.140303 -1.972502
10.643448 26.140303 32.009498
9.149303 27.634448 -1.972502
9.149303 27.634448 32.009498
15.557607 23.883806 23.883806
14.648088 23.096165 24.085625
15.388908 25.075085 24.085625
10.098194 -1.433393 27.089194
10.098194 32.548607 27.089194
10.885835 -2.342912 26.887375
10.885835 31.639088 26.887375
8.906915 -1.602092 26.887375
8.906915 32.379908 26.887375
15.388306 18.593694 26.919893
16.337197 19.138948 27.459002
14.843052 17.644803 27.459002
1.602694 18.593694 24.053107
35.584694 18.593694 24.053107
2.147948 17.644803 23.513998
36.129948 17.644803 23.513998
0.653803 19.138948 23.513998
34.635803 19.138948 23.513998
10.098194 23.883806 18.424393
9.149303 23.338552 18.963502
10.643448 24.832697 18.963502
6.892806 -1.433393 23.883806
6.892806 32.548607 23.883806
8.084085 -1.602092 24.085625
8.084085 32.379908 24.085625
6.105165 -2.342912 24.085625
6.105165 31.639088 24.085625
6.892806 18.424393 27.089194
6.105165 19.333912 26.887375
8.084085 18.593092 26.887375
6.892806 27.089194 18.424393
7.841697 27.634448 18.963502
6.347552 26.140303 18.963502
15.388306 -1.602694 24.053107
15.388306 32.379306 24.053107
14.843052 -0.653803 23.513998
14.843052 33.328197 23.513998
16.337197 -2.147948 23.513998
16.337197 31.834052 23.513998
10.098194 18.424393 23.883806
8.906915 18.593092 24.085625
10.885835 19.333912 24.085625
1.602694 26.919893 -1.602694
1.602694 26.919893 32.379306
35.584694 26.919893 -1.602694
35.584694 26.919893 32.379306
0.411415 27.088592 -1.400875
0.411415 27.088592 32.581125
34.393415 27.088592 -1.400875
34.393415 27.088592 32.581125
2.390335 27.829412 -1.400875
2.390335 27.829412 32.581125
36.372335 27.829412 -1.400875
36.372335 27.829412 32.581125
7.062107 -1.602694 -1.602694
7.062107 -1.602694 32.379306
7.062107 32.379306 -1.602694
7.062107 32.379306 32.379306
6.152588 -2.390335 -1.400875
6.152588 -2.390335 32.581125
6.152588 31.591665 -1.400875
6.152588 31.591665 32.581125
6.893408 -0.411415 -1.400875
6.893408 -0.411415 32.581125
6.893408 33.570585 -1.400875
6.893408 33.570585 32.581125
23.397457 0.134229 10.584543
23.397457 34.116229 10.584543
23.252353 15.277288 11.681313
23.408501 14.593570 12.291289
23.952722 16.452725 11.601115
25.486500 0.000000 12.743250
25.486500 33.982000 12.743250
17.125229 10.584543 6.406457
-1.713712 10.729647 5.309687
32.268288 10.729647 5.309687
-2.397430 10.573499 4.699711
-2.397430 10.573499 38.681711
31.584570 10.573499 4.699711
31.584570 10.573499 38.681711
-0.538275 10.029278 5.389885
33.443725 10.029278 5.389885
16.991000 8.495500 4.247750
16.991000 8.495500 38.229750
27.575543 16.856771 10.584543
27.720647 1.713712 11.681313
27.720647 35.695712 11.681313
27.564499 2.397430 12.291289
27.564499 36.379430 12.291289
27.020278 0.538275 11.601115
27.020278 34.520275 11.601115
-0.134229 6.406457 6.406457
33.847771 6.406457 6.406457
18.704712 6.261353 5.309687
19.388430 6.417501 4.699711
19.388430 6.417501 38.681711
17.529275 6.961722 5.389885
23.397457 16.856771 6.406457
23.252353 1.713712 5.309687
23.252353 35.695712 5.309687
23.408501 2.397430 4.699711
23.408501 2.397430 38.681711
23.408501 36.379430 4.699711
23.408501 36.379430 38.681711
23.952722 0.538275 5.389885
23.952722 34.520275 5.389885
25.486500 0.000000 4.247750
25.486500 0.000000 38.229750
25.486500 33.982000 4.247750
25.486500 33.982000 38.229750
-0.134229 10.584543 10.584543
33.847771 10.584543 10.584543
18.704712 10.729647 11.681313
19.388430 10.573499 12.291289
-1.452731 10.090955 10.090955
32.529269 10.090955 10.090955
17.529275 10.029278 11.601115
16.991000 8.495500 12.743250
27.575543 0.134229 6.406457
27.575543 34.116229 6.406457
27.720647 15.277288 5.309687
27.564499 14.593570 4.699711
27.564499 14.593570 38.681711
27.020278 16.452725 5.389885
17.125229 6.406457 10.584543
-1.713712 6.261353 11.681313
32.268288 6.261353 11.681313
-2.397430 6.417501 12.291289
31.584570 6.417501 12.291289
-0.538275 6.961722 11.601115
33.443725 6.961722 11.601115
27.575543 6.406457 0.134229
27.575543 6.406457 34.116229
28.672313 6.261353 15.277288
-4.699711 6.417501 14.593570
29.282289 6.417501 14.593570
28.592115 6.961722 16.452725
-4.247750 8.495500 0.000000
-4.247750 8.495500 33.982000
29.734250 8.495500 0.000000
29.734250 8.495500 33.982000
23.397457 6.406457 16.856771
23.252353 5.309687 1.713712
23.252353 5.309688 35.695712
23.408501 4.699711 2.397430
23.408501 4.699711 36.379430
23.408501 38.681711 2.397430
23.408501 38.681711 36.379430
23.891045 6.900045 15.538270
24.784772 7.233069 15.635118
23.885948 6.177928 14.904505
23.318448 7.603472 15.225635
23.952722 5.389885 0.538275
23.952722 5.389885 34.520275
25.486500 4.247750 0.000000
25.486500 4.247750 33.982000
25.486500 38.229750 0.000000
25.486500 38.229750 33.982000
23.397457 10.584543 0.134229
23.397457 10.584543 34.116229
22.300687 10.729647 15.277288
21.690711 10.573499 14.593570
22.380885 10.029278 16.452725
21.238750 8.495500 0.000000
21.238750 8.495500 33.982000
27.575543 10.584543 16.856771
27.720647 11.681313 1.713712
27.720647 11.681313 35.695712
27.564499 12.291289 2.397430
27.564499 12.291289 36.379430
27.020278 11.601115 0.538275
27.020278 11.601115 34.520275
25.486500 12.743250 0.000000
25.486500 12.743250 33.982000
28.672313 10.729647 1.713712
28.672313 10.729647 35.695712
-4.699711 10.573499 2.397430
-4.699711 10.573499 36.379430
29.282289 10.573499 2.397430
29.282289 10.573499 36.379430
28.592115 10.029278 0.538275
28.592115 10.029278 34.520275
27.720647 5.309688 15.277288
27.564499 4.699711 14.593570
27.564499 38.681711 14.593570
27.020278 5.389885 16.452725
22.300687 6.261353 1.713712
22.300688 6.261353 35.695712
21.690711 6.417501 2.397430
21.690711 6.417501 36.379430
22.380885 6.961722 0.538275
22.380885 6.961722 34.520275
23.252353 11.681313 15.277288
23.408501 12.291289 14.593570
23.952722 11.601115 16.452725
-1.713712 11.681313 6.261353
32.268288 11.681313 6.261353
-2.397430 12.291289 6.417501
31.584570 12.291289 6.417501
-0.538275 11.601115 6.961722
33.443725 11.601115 6.961722
16.991000 12.743250 8.495500
-1.713712 5.309688 10.729647
32.268288 5.309688 10.729647
-2.397430 4.699711 10.573499
-2.397430 38.681711 10.573499
31.584570 4.699711 10.573499
31.584570 38.681711 10.573499
-0.538275 5.389885 10.029278
33.443725 5.389885 10.029278
16.991000 4.247750 8.495500
16.991000 38.229750 8.495500
22.300687 1.713712 6.261353
22.300688 35.695712 6.261353
21.690711 2.397430 6.417501
21.690711 36.379430 6.417501
22.380885 0.538275 6.961722
22.380885 34.520275 6.961722
21.238750 0.000000 8.495500
21.238750 33.982000 8.495500
18.704712 11.681313 10.729647
19.388430 12.291289 10.573499
-1.355882 9.757931 9.197228
32.626118 9.757931 9.197228
-2.086495 10.813072 10.096052
31.895505 10.813072 10.096052
-1.765365 9.387527 10.663552
32.216635 9.387527 10.663552
17.529275 11.601115 10.029278
28.672313 15.277288 6.261353
-4.699711 14.593570 6.417501
29.282289 14.593570 6.417501
28.592115 16.452725 6.961722
-4.247750 0.000000 8.495500
-4.247750 33.982000 8.495500
29.734250 0.000000 8.495500
29.734250 33.982000 8.495500
18.704712 5.309687 6.261353
19.388430 4.699711 6.417501
19.388430 38.681711 6.417501
17.529275 5.389885 6.961722
22.300687 15.277288 10.729647
21.690711 14.593570 10.573499
22.380885 16.452725 10.029278
28.672313 1.713712 10.729647
28.672313 35.695712 10.729647
-4.699711 2.397430 10.573499
-4.699711 36.379430 10.573499
29.282289 2.397430 10.573499
29.282289 36.379430 10.573499
28.592115 0.538275 10.029278
28.592115 34.520275 10.029278
-2.089043 8.629729 2.089043
-2.089043 8.629729 36.071043
31.892957 8.629729 2.089043
31.892957 8.629729 36.071043
-2.234147 6.781788 3.185812
-2.234147 6.781788 37.167812
31.747853 6.781788 3.185812
31.747853 6.781788 37.167812
-2.077999 6.098070 3.795789
-2.077999 6.098070 37.777789
31.904001 6.098070 3.795789
31.904001 6.098070 37.777789
-1.595455 9.948230 1.595455
-1.595455 9.948230 35.577455
32.386545 9.948230 1.595455
32.386545 9.948230 35.577455
-0.701728 9.851382 1.262431
-0.701728 9.851382 35.244431
33.280272 9.851382 1.262431
33.280272 9.851382 35.244431
-1.600552 10.581995 2.317572
-1.600552 10.581995 36.299572
32.381448 10.581995 2.317572
32.381448 10.581995 36.299572
-2.168052 10.260865 0.892027
-2.168052 10.260865 34.874028
31.813948 10.260865 0.892027
31.813948 10.260865 34.874028
-1.533778 7.957225 3.105615
-1.533778 7.957225 37.087615
32.448222 7.957225 3.105615
32.448222 7.957225 37.087615
25.620729 2.089043 14.901957
25.620729 36.071043 14.901957
23.772788 2.234147 13.805187
23.772788 36.216147 13.805187
23.089070 2.077999 13.195211
23.089070 36.059999 13.195211
26.939230 1.595455 15.395545
26.939230 35.577455 15.395545
24.948225 1.533778 13.885385
24.948225 35.515778 13.885385
19.080043 8.361271 2.089043
19.080043 8.361271 36.071043
19.225147 10.209212 3.185812
19.225147 10.209212 37.167812
19.068999 10.892930 3.795789
19.068999 10.892930 37.777789
18.524778 9.033775 3.105615
18.524778 9.033775 37.087615
25.352271 14.901957 14.901957
27.200212 14.756853 13.805187
27.883930 14.913001 13.195211
26.024775 15.457222 13.885385
-2.089043 8.361271 14.901957
31.892957 8.361271 14.901957
-2.234147 10.209212 13.805187
31.747853 10.209212 13.805187
-2.077999 10.892930 13.195211
31.904001 10.892930 13.195211
-1.595455 7.042770 15.395545
32.386545 7.042770 15.395545
-0.701728 7.139618 15.728569
33.280272 7.139618 15.728569
-1.600552 6.409005 14.673428
32.381448 6.409005 14.673428
-2.168052 6.730135 16.098972
31.813948 6.730135 16.098972
-1.533778 9.033775 13.885385
32.448222 9.033775 13.885385
25.352271 2.089043 2.089043
25.352271 2.089043 36.071043
25.352271 36.071043 2.089043
25.352271 36.071043 36.071043
27.200212 2.234147 3.185812
27.200212 2.234147 37.167812
27.200212 36.216147 3.185812
27.200212 36.216147 37.167812
27.883930 2.077999 3.795789
27.883930 2.077999 37.777789
27.883930 36.059999 3.795789
27.883930 36.059999 37.777789
24.033769 1.595455 1.595455
24.033770 1.595455 35.577455
24.033770 35.577455 1.595455
24.033770 35.577455 35.577455
26.024775 1.533778 3.105615
26.024775 1.533778 37.087615
26.024775 35.515778 3.105615
26.024775 35.515778 37.087615
19.080043 8.629729 14.901957
19.225147 6.781788 13.805187
19.068999 6.098070 13.195211
18.524778 7.957225 13.885385
25.620729 14.901957 2.089043
25.620729 14.901957 36.071043
23.772788 14.756853 3.185812
23.772788 14.756853 37.167812
23.089070 14.913001 3.795789
23.089070 14.913001 37.777789
24.948225 15.457222 3.105615
24.948225 15.457222 37.087615
19.080043 14.901957 8.629729
20.176813 14.756853 6.781788
20.786789 14.913001 6.098070
20.096615 15.457222 7.957225
-2.089043 14.901957 8.361271
31.892957 14.901957 8.361271
-2.234147 13.805187 10.209212
31.747853 13.805187 10.209212
-2.077999 13.195211 10.892930
31.904001 13.195211 10.892930
-1.533778 13.885385 9.033775
32.448222 13.885385 9.033775
-2.089043 2.089043 8.629729
-2.089043 36.071043 8.629729
31.892957 2.089043 8.629729
31.892957 36.071043 8.629729
-3.185813 2.234147 6.781788
-3.185813 36.216147 6.781788
30.796187 2.234147 6.781788
30.796187 36.216147 6.781788
-3.795789 2.077999 6.098070
-3.795789 36.059999 6.098070
30.186211 2.077999 6.098070
30.186211 36.059999 6.098070
-3.105615 1.533778 7.957225
-3.105615 35.515778 7.957225
30.876385 1.533778 7.957225
30.876385 35.515778 7.957225
19.080043 2.089043 8.361271
19.080043 36.071043 8.361271
19.225147 3.185813 10.209212
19.225147 37.167812 10.209212
19.068999 3.795789 10.892930
19.068999 37.777789 10.892930
18.524778 3.105615 9.033775
18.524778 37.087615 9.033775
20.176813 2.234147 10.209212
20.176813 36.216147 10.209212
20.786789 2.077999 10.892930
20.786789 36.059999 10.892930
20.096615 1.533778 9.033775
20.096615 35.515778 9.033775
19.225147 13.805187 6.781788
19.068999 13.195211 6.098070
18.524778 13.885385 7.957225
-3.185813 14.756853 10.209212
30.796187 14.756853 10.209212
-3.795789 14.913001 10.892930
30.186211 14.913001 10.892930
-3.105615 15.457222 9.033775
30.876385 15.457222 9.033775
-2.234147 3.185813 6.781788
-2.234147 37.167812 6.781788
31.747853 3.185813 6.781788
31.747853 37.167812 6.781788
-2.077999 3.795789 6.098070
-2.077999 37.777789 6.098070
31.904001 3.795789 6.098070
31.904001 37.777789 6.098070
-1.533778 3.105615 7.957225
-1.533778 37.087615 7.957225
32.448222 3.105615 7.957225
32.448222 37.087615 7.957225
23.772788 3.185813 14.756853
23.772788 37.167812 14.756853
23.089070 3.795789 14.913001
23.089070 37.777789 14.913001
26.842382 1.262431 16.289272
26.842382 35.244431 16.289272
27.572995 2.317572 15.390448
27.572995 36.299572 15.390448
27.251865 0.892028 14.822948
27.251865 34.874028 14.822948
24.948225 3.105615 15.457222
24.948225 37.087615 15.457222
23.772788 13.805187 2.234147
23.772788 13.805187 36.216147
23.089070 13.195211 2.077999
23.089070 13.195211 36.059999
24.948225 13.885385 1.533778
24.948225 13.885385 35.515778
-3.185813 10.209212 14.756853
30.796187 10.209212 14.756853
-3.795789 10.892930 14.913001
30.186211 10.892930 14.913001
-3.105615 9.033775 15.457222
30.876385 9.033775 15.457222
27.200212 3.185812 2.234147
27.200212 3.185813 36.216147
27.200212 37.167812 2.234147
27.200212 37.167812 36.216147
27.883930 3.795789 2.077999
27.883930 3.795789 36.059999
27.883930 37.777789 2.077999
27.883930 37.777789 36.059999
24.130618 1.262431 0.701728
24.130618 1.262431 34.683728
24.130618 35.244431 0.701728
24.130618 35.244431 34.683728
23.400005 2.317572 1.600552
23.400005 2.317572 35.582552
23.400005 36.299572 1.600552
23.400005 36.299572 35.582552
23.721135 0.892028 2.168052
23.721135 0.892028 36.150052
23.721135 34.874028 2.168052
23.721135 34.874028 36.150052
26.024775 3.105615 1.533778
26.024775 3.105615 35.515778
26.024775 37.087615 1.533778
26.024775 37.087615 35.515778
20.176813 6.781788 14.756853
20.786789 6.098070 14.913001
20.096615 7.957225 15.457222
27.200212 13.805187 14.756853
27.883930 13.195211 14.913001
26.024775 13.885385 15.457222
-3.185813 6.781788 2.234147
-3.185813 6.781788 36.216147
30.796187 6.781788 2.234147
30.796187 6.781788 36.216147
-3.795789 6.098070 2.077999
-3.795789 6.098070 36.059999
30.186211 6.098070 2.077999
30.186211 6.098070 36.059999
-3.105615 7.957225 1.533778
-3.105615 7.957225 35.515778
30.876385 7.957225 1.533778
30.876385 7.957225 35.515778
20.176813 10.209212 2.234147
20.176813 10.209212 36.216147
20.786789 10.892930 2.077999
20.786789 10.892930 36.059999
20.096615 9.033775 1.533778
20.096615 9.033775 35.515778
18.424393 10.098194 6.892806
19.333912 10.885835 7.094625
18.593092 8.906915 7.094625
18.593694 15.388306 9.928893
17.644803 14.843052 10.468002
19.138948 16.337197 10.468002
26.919893 15.388306 1.602694
26.919893 15.388306 35.584694
27.088592 16.579585 1.400875
27.088592 16.579585 35.382875
27.829412 14.600665 1.400875
27.829412 14.600665 35.382875
18.424393 6.892806 10.098194
18.593092 8.084085 9.896375
19.333912 6.105165 9.896375
18.593694 7.062107 1.602694
18.593694 7.062107 35.584694
19.381335 6.152588 1.400875
19.381335 6.152588 35.382875
17.402415 6.893408 1.400875
17.402415 6.893408 35.382875
27.089194 10.098194 15.557607
27.634448 9.149303 15.018498
26.140303 10.643448 15.018498
-1.433393 6.892806 6.892806
32.548607 6.892806 6.892806
-2.342912 6.105165 7.094625
31.639088 6.105165 7.094625
-1.602092 8.084085 7.094625
32.379908 8.084085 7.094625
27.089194 15.557607 10.098194
27.876835 14.648088 9.896375
25.897915 15.388908 9.896375
-1.602694 1.602694 9.928893
-1.602694 35.584694 9.928893
32.379306 1.602694 9.928893
32.379306 35.584694 9.928893
-0.653803 2.147948 10.468002
-0.653803 36.129948 10.468002
33.328197 2.147948 10.468002
33.328197 36.129948 10.468002
-2.147948 0.653803 10.468002
-2.147948 34.635803 10.468002
31.834052 0.653803 10.468002
31.834052 34.635803 10.468002
18.593694 1.602694 7.062107
18.593694 35.584694 7.062107
19.138948 0.653803 6.522998
19.138948 34.635803 6.522998
17.644803 2.147948 6.522998
17.644803 36.129948 6.522998
27.089194 6.892806 1.433393
27.089194 6.892806 35.415393
26.140303 6.347552 1.972502
26.140303 6.347552 35.954502
27.634448 7.841697 1.972502
27.634448 7.841697 35.954502
23.883806 15.557607 6.892806
25.075085 15.388908 7.094625
23.096165 14.648088 7.094625
23.883806 1.433393 10.098194
23.883806 35.415393 10.098194
23.096165 2.342912 9.896375
23.096165 36.324912 9.896375
25.075085 1.602092 9.896375
25.075085 35.584092 9.896375
23.883806 10.098194 1.433393
23.883806 10.098194 35.415393
24.832697 10.643448 1.972502
24.832697 10.643448 35.954502
23.338552 9.149303 1.972502
23.338552 9.149303 35.954502
-1.602694 15.388306 7.062107
32.379306 15.388306 7.062107
-2.147948 16.337197 6.522998
31.834052 16.337197 6.522998
-0.653803 14.843052 6.522998
33.328197 14.843052 6.522998
27.089194 1.433393 6.892806
27.089194 35.415393 6.892806
25.897915 1.602092 7.094625
25.897915 35.584092 7.094625
27.876835 2.342912 7.094625
27.876835 36.324912 7.094625
18.593694 9.928893 15.388306
17.402415 10.097592 15.590125
19.381335 10.838412 15.590125
24.053107 15.388306 15.388306
23.143588 14.600665 15.590125
23.884408 16.579585 15.590125
23.397457 0.134229 27.575543
23.397457 34.116229 27.575543
23.252353 15.277288 28.672313
23.408501 14.593570 -4.699711
23.408501 14.593570 29.282289
23.952722 16.452725 28.592115
25.486500 -0.000000 -4.247750
25.486500 0.000000 29.734250
25.486500 33.982000 -4.247750
25.486500 33.982000 29.734250
17.125229 10.584543 23.397457
-1.713712 10.729647 22.300687
32.268288 10.729647 22.300687
-2.397430 10.573499 21.690711
31.584570 10.573499 21.690711
-0.538275 10.029278 22.380885
33.443725 10.029278 22.380885
16.991000 8.495500 21.238750
27.575543 16.856771 27.575543
27.720647 1.713712 28.672313
27.720647 35.695712 28.672313
27.564499 2.397430 -4.699711
27.564499 2.397430 29.282289
27.564499 36.379430 -4.699711
27.564499 36.379430 29.282289
27.020278 0.538275 28.592115
27.020278 34.520275 28.592115
-0.134229 6.406457 23.397457
33.847771 6.406457 23.397457
18.704712 6.261353 22.300687
19.388430 6.417501 21.690711
17.529275 6.961722 22.380885
23.397457 16.856771 23.397457
23.252353 1.713712 22.300687
23.252353 35.695712 22.300687
23.408501 2.397430 21.690711
23.408501 36.379430 21.690711
23.952722 0.538275 22.380885
23.952722 34.520275 22.380885
25.486500 0.000000 21.238750
25.486500 33.982000 21.238750
-0.134229 10.584543 27.575543
33.847771 10.584543 27.575543
18.704712 10.729647 28.672313
19.388430 10.573499 -4.699711
19.388430 10.573499 29.282289
-1.452730 10.090955 27.081955
32.529269 10.090955 27.081955
17.529275 10.029278 28.592115
16.991000 8.495500 -4.247750
16.991000 8.495500 29.734250
27.575543 0.134229 23.397457
27.575543 34.116229 23.397457
27.720647 15.277288 22.300687
27.564499 14.593570 21.690711
27.020278 16.452725 22.380885
17.125229 6.406457 27.575543
-1.713712 6.261353 28.672313
32.268288 6.261353 28.672313
-2.397430 6.417501 -4.699711
-2.397430 6.417501 29.282289
31.584570 6.417501 -4.699711
31.584570 6.417501 29.282289
-0.538275 6.961722 28.592115
33.443725 6.961722 28.592115
27.575543 6.406457 17.125229
28.672313 6.261353 -1.713712
28.672313 6.261353 32.268288
-4.699711 6.417501 -2.397430
-4.699711 6.417501 31.584570
29.282289 6.417501 -2.397430
29.282289 6.417501 31.584570
28.592115 6.961722 -0.538275
28.592115 6.961722 33.443725
-4.247750 8.495500 16.991000
29.734250 8.495500 16.991000
23.397457 6.406457 -0.134229
23.397457 6.406457 33.847771
23.252353 5.309688 18.704712
23.408501 4.699711 19.388430
23.408501 38.681711 19.388430
23.891045 6.900045 -1.452731
23.891045 6.900045 32.529269
24.784772 7.233069 -1.355882
24.784772 7.233069 32.626118
23.885948 6.177928 -2.086495
23.885948 6.177928 31.895505
23.318448 7.603472 -1.765365
23.318448 7.603472 32.216635
23.952722 5.389885 17.529275
25.486500 4.247750 16.991000
25.486500 38.229750 16.991000
23.397457 10.584543 17.125229
22.300687 10.729647 -1.713712
22.300687 10.729647 32.268288
21.690711 10.573499 -2.397430
21.690711 10.573499 31.584570
22.380885 10.029278 -0.538275
22.380885 10.029278 33.443725
21.238750 8.495500 16.991000
27.575543 10.584543 -0.134229
27.575543 10.584543 33.847771
27.720647 11.681313 18.704712
27.564499 12.291289 19.388430
27.020278 11.601115 17.529275
25.486500 12.743250 16.991000
28.672313 10.729647 18.704712
-4.699711 10.573499 19.388430
29.282289 10.573499 19.388430
28.592115 10.029278 17.529275
27.720647 5.309687 -1.713712
27.720647 5.309688 32.268288
27.564499 4.699711 -2.397430
27.564499 4.699711 31.584570
27.564499 38.681711 -2.397430
27.564499 38.681711 31.584570
27.020278 5.389885 -0.538275
27.020278 5.389885 33.443725
22.300687 6.261353 18.704712
21.690711 6.417501 19.388430
22.380885 6.961722 17.529275
23.252353 11.681313 -1.713712
23.252353 11.681313 32.268288
23.408501 12.291289 -2.397430
23.408501 12.291289 31.584570
23.952722 11.601115 -0.538275
23.952722 11.601115 33.443725
-1.713712 11.681313 23.252353
32.268288 11.681313 23.252353
-2.397430 12.291289 23.408501
31.584570 12.291289 23.408501
-0.538275 11.601115 23.952722
33.443725 11.601115 23.952722
16.991000 12.743250 25.486500
-1.713712 5.309688 27.720647
32.268288 5.309688 27.720647
-2.397430 4.699711 27.564499
-2.397430 38.681711 27.564499
31.584570 4.699711 27.564499
31.584570 38.681711 27.564499
-0.538275 5.389885 27.020278
33.443725 5.389885 27.020278
16.991000 4.247750 25.486500
16.991000 38.229750 25.486500
22.300687 1.713712 23.252353
22.300688 35.695712 23.252353
21.690711 2.397430 23.408501
21.690711 36.379430 23.408501
22.380885 0.538275 23.952722
22.380885 34.520275 23.952722
21.238750 0.000000 25.486500
21.238750 33.982000 25.486500
18.704712 11.681313 27.720647
19.388430 12.291289 27.564499
-1.355882 9.757931 26.188228
32.626118 9.757931 26.188228
-2.086495 10.813072 27.087052
31.895505 10.813072 27.087052
-1.765365 9.387527 27.654552
32.216635 9.387527 27.654552
17.529275 11.601115 27.020278
28.672313 15.277288 23.252353
-4.699711 14.593570 23.408501
29.282289 14.593570 23.408501
28.592115 16.452725 23.952722
-4.247750 0.000000 25.486500
-4.247750 33.982000 25.486500
29.734250 0.000000 25.486500
29.734250 33.982000 25.486500
18.704712 5.309688 23.252353
19.388430 4.699711 23.408501
19.388430 38.681711 23.408501
17.529275 5.389885 23.952722
22.300687 15.277288 27.720647
21.690711 14.593570 27.564499
22.380885 16.452725 27.020278
28.672313 1.713712 27.720647
28.672313 35.695712 27.720647
-4.699711 2.397430 27.564499
-4.699711 36.379430 27.564499
29.282289 2.397430 27.564499
29.282289 36.379430 27.564499
28.592115 0.538275 27.020278
28.592115 34.520275 27.020278
-2.089043 8.629729 19.080043
31.892957 8.629729 19.080043
-2.234147 6.781788 20.176813
31.747853 6.781788 20.176813
-2.077999 6.098070 20.786789
31.904001 6.098070 20.786789
-1.595455 9.948230 18.586455
32.386545 9.948230 18.586455
-0.701728 9.851382 18.253431
33.280272 9.851382 18.253431
-1.600552 10.581995 19.308572
32.381448 10.581995 19.308572
-2.168052 10.260865 17.883028
31.813948 10.260865 17.883028
-1.533778 7.957225 20.096615
32.448222 7.957225 20.096615
25.620729 2.089043 -2.089043
25.620729 2.089043 31.892957
25.620729 36.071043 -2.089043
25.620729 36.071043 31.892957
23.772788 2.234147 -3.185813
23.772788 2.234147 30.796187
23.772788 36.216147 -3.185813
23.772788 36.216147 30.796187
23.089070 2.077999 -3.795789
23.089070 2.077999 30.186211
23.089070 36.059999 -3.795789
23.089070 36.059999 30.186211
26.939230 1.595455 -1.595455
26.939230 1.595455 32.386545
26.939230 35.577455 -1.595455
26.939231 35.577455 32.386545
24.948225 1.533778 -3.105615
24.948225 1.533778 30.876385
24.948225 35.515778 -3.105615
24.948225 35.515778 30.876385
19.080043 8.361271 19.080043
19.225147 10.209212 20.176813
19.068999 10.892930 20.786789
18.524778 9.033775 20.096615
25.352271 14.901957 -2.089043
25.352271 14.901957 31.892957
27.200212 14.756853 -3.185813
27.200212 14.756853 30.796187
27.883930 14.913001 -3.795789
27.883930 14.913001 30.186211
26.024775 15.457222 -3.105615
26.024775 15.457222 30.876385
-2.089043 8.361271 -2.089043
-2.089043 8.361271 31.892957
31.892957 8.361271 -2.089043
31.892957 8.361271 31.892957
-2.234147 10.209212 -3.185813
-2.234147 10.209212 30.796187
31.747853 10.209212 -3.185813
31.747853 10.209212 30.796187
-2.077999 10.892930 -3.795789
-2.077999 10.892930 30.186211
31.904001 10.892930 -3.795789
31.904001 10.892930 30.186211
-1.595455 7.042769 -1.595455
-1.595455 7.042770 32.386545
32.386545 7.042769 -1.595455
32.386545 7.042770 32.386545
-0.701728 7.139618 -1.262431
-0.701728 7.139618 32.719569
33.280272 7.139618 -1.262431
33.280272 7.139618 32.719569
-1.600552 6.409005 -2.317572
-1.600552 6.409005 31.664428
32.381448 6.409005 -2.317572
32.381448 6.409005 31.664428
-2.168052 6.730135 -0.892028
-2.168052 6.730135 33.089972
31.813948 6.730135 -0.892028
31.813948 6.730135 33.089972
-1.533778 9.033775 -3.105615
-1.533778 9.033775 30.876385
32.448222 9.033775 -3.105615
32.448222 9.033775 30.876385
25.352271 2.089043 19.080043
25.352271 36.071043 19.080043
27.200212 2.234147 20.176813
27.200212 36.216147 20.176813
27.883930 2.077999 20.786789
27.883930 36.059999 20.786789
24.033769 1.595455 18.586455
24.033770 35.577455 18.586455
26.024775 1.533778 20.096615
26.024775 35.515778 20.096615
19.080043 8.629729 -2.089043
19.080043 8.629729 31.892957
19.225147 6.781788 -3.185813
19.225147 6.781788 30.796187
19.068999 6.098070 -3.795789
19.068999 6.098070 30.186211
18.524778 7.957225 -3.105615
18.524778 7.957225 30.876385
25.620729 14.901957 19.080043
23.772788 14.756853 20.176813
23.089070 14.913001 20.786789
24.948225 15.457222 20.096615
19.080043 14.901957 25.620729
20.176813 14.756853 23.772788
20.786789 14.913001 23.089070
20.096615 15.457222 24.948225
-2.089043 14.901957 25.352271
31.892957 14.901957 25.352271
-2.234147 13.805187 27.200212
31.747853 13.805187 27.200212
-2.077999 13.195211 27.883930
31.904001 13.195211 27.883930
-1.533778 13.885385 26.024775
32.448222 13.885385 26.024775
-2.089043 2.089043 25.620729
-2.089043 36.071043 25.620729
31.892957 2.089043 25.620729
31.892957 36.071043 25.620729
-3.185813 2.234147 23.772788
-3.185812 36.216147 23.772788
30.796187 2.234147 23.772788
30.796187 36.216147 23.772788
-3.795789 2.077999 23.089070
-3.795789 36.059999 23.089070
30.186211 2.077999 23.089070
30.186211 36.059999 23.089070
-3.105615 1.533778 24.948225
-3.105615 35.515778 24.948225
30.876385 1.533778 24.948225
30.876385 35.515778 24.948225
19.080043 2.089043 25.352271
19.080043 36.071043 25.352271
19.225147 3.185813 27.200212
19.225147 37.167812 27.200212
19.068999 3.795789 27.883930
19.068999 37.777789 27.883930
18.524778 3.105615 26.024775
18.524778 37.087615 26.024775
20.176813 2.234147 27.200212
20.176813 36.216147 27.200212
20.786789 2.077999 27.883930
20.786789 36.059999 27.883930
20.096615 1.533778 26.024775
20.096615 35.515778 26.024775
19.225147 13.805187 23.772788
19.068999 13.195211 23.089070
18.524778 13.885385 24.948225
-3.185813 14.756853 27.200212
30.796187 14.756853 27.200212
-3.795789 14.913001 27.883930
30.186211 14.913001 27.883930
-3.105615 15.457222 26.024775
30.876385 15.457222 26.024775
-2.234147 3.185813 23.772788
-2.234147 37.167812 23.772788
31.747853 3.185813 23.772788
31.747853 37.167812 23.772788
-2.077999 3.795789 23.089070
-2.077999 37.777789 23.089070
31.904001 3.795789 23.089070
31.904001 37.777789 23.089070
-1.533778 3.105615 24.948225
-1.533778 37.087615 24.948225
32.448222 3.105615 24.948225
32.448222 37.087615 24.948225
23.772788 3.185812 -2.234147
23.772788 3.185813 31.747853
23.772788 37.167812 -2.234147
23.772788 37.167812 31.747853
23.089070 3.795789 -2.077999
23.089070 3.795789 31.904001
23.089070 37.777789 -2.077999
23.089070 37.777789 31.904001
26.842382 1.262431 -0.701728
26.842382 1.262431 33.280272
26.842382 35.244431 -0.701728
26.842382 35.244431 33.280272
27.572995 2.317572 -1.600552
27.572995 2.317572 32.381448
27.572995 36.299572 -1.600552
27.572995 36.299572 32.381448
27.251865 0.892027 -2.168052
27.251865 0.892028 31.813948
27.251865 34.874028 -2.168052
27.251865 34.874028 31.813948
24.948225 3.105615 -1.533778
24.948225 3.105615 32.448222
24.948225 37.087615 -1.533778
24.948225 37.087615 32.448222
23.772788 13.805187 19.225147
23.089070 13.195211 19.068999
24.948225 13.885385 18.524778
-3.185813 10.209212 -2.234147
-3.185813 10.209212 31.747853
30.796187 10.209212 -2.234147
30.796187 10.209212 31.747853
-3.795789 10.892930 -2.077999
-3.795789 10.892930 31.904001
30.186211 10.892930 -2.077999
30.186211 10.892930 31.904001
-3.105615 9.033775 -1.533778
-3.105615 9.033775 32.448222
30.876385 9.033775 -1.533778
30.876385 9.033775 32.448222
27.200212 3.185813 19.225147
27.200212 37.167812 19.225147
27.883930 3.795789 19.068999
27.883930 37.777789 19.068999
24.130618 1.262431 17.692728
24.130618 35.244431 17.692728
23.400005 2.317572 18.591552
23.400005 36.299572 18.591552
23.721135 0.892028 19.159052
23.721135 34.874028 19.159052
26.024775 3.105615 18.524778
26.024775 37.087615 18.524778
20.176813 6.781788 -2.234147
20.176813 6.781788 31.747853
20.786789 6.098070 -2.077999
20.786789 6.098070 31.904001
20.096615 7.957225 -1.533778
20.096615 7.957225 32.448222
27.200212 13.805187 -2.234147
27.200212 13.805187 31.747853
27.883930 13.195211 -2.077999
27.883930 13.195211 31.904001
26.024775 13.885385 -1.533778
26.024775 13.885385 32.448222
-3.185813 6.781788 19.225147
30.796187 6.781788 19.225147
-3.795789 6.098070 19.068999
30.186211 6.098070 19.068999
-3.105615 7.957225 18.524778
30.876385 7.957225 18.524778
20.176813 10.209212 19.225147
20.786789 10.892930 19.068999
20.096615 9.033775 18.524778
18.424393 10.098194 23.883806
19.333912 10.885835 24.085625
18.593092 8.906915 24.085625
18.593694 15.388306 26.919893
17.644803 14.843052 27.459002
19.138948 16.337197 27.459002
26.919893 15.388306 18.593694
27.088592 16.579585 18.391875
27.829412 14.600665 18.391875
18.424393 6.892806 27.089194
18.593092 8.084085 26.887375
19.333912 6.105165 26.887375
18.593694 7.062107 18.593694
19.381335 6.152588 18.391875
17.402415 6.893408 18.391875
27.089194 10.098194 -1.433393
27.089194 10.098194 32.548607
27.634448 9.149303 -1.972502
27.634448 9.149303 32.009498
26.140303 10.643448 -1.972502
26.140303 10.643448 32.009498
-1.433393 6.892806 23.883806
32.548607 6.892806 23.883806
-2.342912 6.105165 24.085625
31.639088 6.105165 24.085625
-1.602092 8.084085 24.085625
32.379908 8.084085 24.085625
27.089194 15.557607 27.089194
27.876835 14.648088 26.887375
25.897915 15.388908 26.887375
-1.602694 1.602694 26.919893
-1.602694 35.584694 26.919893
32.379306 1.602694 26.919893
32.379306 35.584694 26.919893
-0.653803 2.147948 27.459002
-0.653803 36.129948 27.459002
33.328197 2.147948 27.459002
33.328197 36.129948 27.459002
-2.147948 0.653803 27.459002
-2.147948 34.635803 27.459002
31.834052 0.653803 27.459002
31.834052 34.635803 27.459002
18.593694 1.602694 24.053107
18.593694 35.584694 24.053107
19.138948 0.653803 23.513998
19.138948 34.635803 23.513998
17.644803 2.147948 23.513998
17.644803 36.129948 23.513998
27.089194 6.892806 18.424393
26.140303 6.347552 18.963502
27.634448 7.841697 18.963502
23.883806 15.557607 23.883806
25.075085 15.388908 24.085625
23.096165 14.648088 24.085625
23.883806 1.433393 27.089194
23.883806 35.415393 27.089194
23.096165 2.342912 26.887375
23.096165 36.324912 26.887375
25.075085 1.602092 26.887375
25.075085 35.584092 26.887375
23.883806 10.098194 18.424393
24.832697 10.643448 18.963502
23.338552 9.149303 18.963502
-1.602694 15.388306 24.053107
32.379306 15.388306 24.053107
-2.147948 16.337197 23.513998
31.834052 16.337197 23.513998
-0.653803 14.843052 23.513998
33.328197 14.843052 23.513998
27.089194 1.433393 23.883806
27.089194 35.415393 23.883806
25.897915 1.602092 24.085625
25.897915 35.584092 24.085625
27.876835 2.342912 24.085625
27.876835 36.324912 24.085625
18.593694 9.928893 -1.602694
18.593694 9.928893 32.379306
17.402415 10.097592 -1.400875
17.402415 10.097592 32.581125
19.381335 10.838412 -1.400875
19.381335 10.838412 32.581125
24.053107 15.388306 -1.602694
24.053107 15.388306 32.379306
23.143588 14.600665 -1.400875
23.143588 14.600665 32.581125
23.884408 16.579585 -1.400875
23.884408 16.579585 32.581125
23.397457 17.125229 10.584543
23.252353 -1.713712 11.681313
23.252353 32.268288 11.681313
23.408501 -2.397430 12.291289
23.408501 31.584570 12.291289
23.952722 -0.538275 11.601115
23.952722 33.443725 11.601115
25.486500 16.991000 12.743250
17.125229 27.575543 6.406457
-1.713712 27.720647 5.309687
32.268288 27.720647 5.309687
-2.397430 27.564499 4.699711
-2.397430 27.564499 38.681711
31.584570 27.564499 4.699711
31.584570 27.564499 38.681711
-0.538275 27.020278 5.389885
33.443725 27.020278 5.389885
16.991000 25.486500 4.247750
16.991000 25.486500 38.229750
27.575543 -0.134229 10.584543
27.575543 33.847771 10.584543
27.720647 18.704712 11.681313
27.564499 19.388430 12.291289
27.020278 17.529275 11.601115
-0.134229 23.397457 6.406457
33.847771 23.397457 6.406457
18.704712 23.252353 5.309687
19.388430 23.408501 4.699711
19.388430 23.408501 38.681711
17.529275 23.952722 5.389885
23.397457 -0.134229 6.406457
23.397457 33.847771 6.406457
23.252353 18.704712 5.309687
23.408501 19.388430 4.699711
23.408501 19.388430 38.681711
23.952722 17.529275 5.389885
25.486500 16.991000 4.247750
25.486500 16.991000 38.229750
-0.134229 27.575543 10.584543
33.847771 27.575543 10.584543
18.704712 27.720647 11.681313
19.388430 27.564499 12.291289
-1.452730 27.081955 10.090955
32.529269 27.081955 10.090955
17.529275 27.020278 11.601115
16.991000 25.486500 12.743250
27.575543 17.125229 6.406457
27.720647 -1.713712 5.309687
27.720647 32.268288 5.309687
27.564499 -2.397430 4.699711
27.564499 -2.397430 38.681711
27.564499 31.584570 4.699711
27.564499 31.584570 38.681711
27.020278 -0.538275 5.389885
27.020278 33.443725 5.389885
17.125229 23.397457 10.584543
-1.713712 23.252353 11.681313
32.268288 23.252353 11.681313
-2.397430 23.408501 12.291289
31.584570 23.408501 12.291289
-0.538275 23.952722 11.601115
33.443725 23.952722 11.601115
27.575543 23.397457 0.134229
27.575543 23.397457 34.116229
28.672313 23.252353 15.277288
-4.699711 23.408501 14.593570
29.282289 23.408501 14.593570
28.592115 23.952722 16.452725
-4.247750 25.486500 0.000000
-4.247750 25.486500 33.982000
29.734250 25.486500 0.000000
29.734250 25.486500 33.982000
23.397457 23.397457 16.856771
23.252353 22.300687 1.713712
23.252353 22.300688 35.695712
23.408501 21.690711 2.397430
23.408501 21.690711 36.379430
23.891045 23.891045 15.538270
24.784772 24.224069 15.635118
23.885948 23.168928 14.904505
23.318448 24.594472 15.225635
23.952722 22.380885 0.538275
23.952722 22.380885 34.520275
25.486500 21.238750 0.000000
25.486500 21.238750 33.982000
23.397457 27.575543 0.134229
23.397457 27.575543 34.116229
22.300687 27.720647 15.277288
21.690711 27.564499 14.593570
22.380885 27.020278 16.452725
21.238750 25.486500 0.000000
21.238750 25.486500 33.982000
27.575543 27.575543 16.856771
27.720647 28.672313 1.713712
27.720647 28.672313 35.695712
27.564499 -4.699711 2.397430
27.564499 -4.699711 36.379430
27.564499 29.282289 2.397430
27.564499 29.282289 36.379430
27.020278 28.592115 0.538275
27.020278 28.592115 34.520275
25.486500 -4.247750 0.000000
25.486500 -4.247750 33.982000
25.486500 29.734250 0.000000
25.486500 29.734250 33.982000
28.672313 27.720647 1.713712
28.672313 27.720647 35.695712
-4.699711 27.564499 2.397430
-4.699711 27.564499 36.379430
29.282289 27.564499 2.397430
29.282289 27.564499 36.379430
28.592115 27.020278 0.538275
28.592115 27.020278 34.520275
27.720647 22.300687 15.277288
27.564499 21.690711 14.593570
27.020278 22.380885 16.452725
22.300687 23.252353 1.713712
22.300688 23.252353 35.695712
21.690711 23.408501 2.397430
21.690711 23.408501 36.379430
22.380885 23.952722 0.538275
22.380885 23.952722 34.520275
23.252353 28.672313 15.277288
23.408501 -4.699711 14.593570
23.408501 29.282289 14.593570
23.952722 28.592115 16.452725
-1.713712 28.672313 6.261353
32.268288 28.672313 6.261353
-2.397430 -4.699711 6.417501
-2.397430 29.282289 6.417501
31.584570 -4.699711 6.417501
31.584570 29.282289 6.417501
-0.538275 28.592115 6.961722
33.443725 28.592115 6.961722
16.991000 -4.247750 8.495500
16.991000 29.734250 8.495500
-1.713712 22.300687 10.729647
32.268288 22.300687 10.729647
-2.397430 21.690711 10.573499
31.584570 21.690711 10.573499
-0.538275 22.380885 10.029278
33.443725 22.380885 10.029278
16.991000 21.238750 8.495500
22.300687 18.704712 6.261353
21.690711 19.388430 6.417501
22.380885 17.529275 6.961722
21.238750 16.991000 8.495500
18.704712 28.672313 10.729647
19.388430 -4.699711 10.573499
19.388430 29.282289 10.573499
-1.355882 26.748931 9.197228
32.626118 26.748931 9.197228
-2.086495 27.804072 10.096052
31.895505 27.804072 10.096052
-1.765365 26.378528 10.663552
32.216635 26.378528 10.663552
17.529275 28.592115 10.029278
28.672313 -1.713712 6.261353
28.672313 32.268288 6.261353
-4.699711 -2.397430 6.417501
-4.699711 31.584570 6.417501
29.282289 -2.397430 6.417501
29.282289 31.584570 6.417501
28.592115 -0.538275 6.961722
28.592115 33.443725 6.961722
-4.247750 16.991000 8.495500
29.734250 16.991000 8.495500
18.704712 22.300687 6.261353
19.388430 21.690711 6.417501
17.529275 22.380885 6.961722
22.300687 -1.713712 10.729647
22.300687 32.268288 10.729647
21.690711 -2.397430 10.573499
21.690711 31.584570 10.573499
22.380885 -0.538275 10.029278
22.380885 33.443725 10.029278
28.672313 18.704712 10.729647
-4.699711 19.388430 10.573499
29.282289 19.388430 10.573499
28.592115 17.529275 10.029278
-2.089043 25.620729 2.089043
-2.089043 25.620729 36.071043
31.892957 25.620729 2.089043
31.892957 25.620729 36.071043
-2.234147 23.772788 3.185812
-2.234147 23.772788 37.167812
31.747853 23.772788 3.185812
31.747853 23.772788 37.167812
-2.077999 23.089070 3.795789
-2.077999 23.089070 37.777789
31.904001 23.089070 3.795789
31.904001 23.089070 37.777789
-1.595455 26.939230 1.595455
-1.595455 26.939230 35.577455
32.386545 26.939230 1.595455
32.386545 26.939230 35.577455
-0.701728 26.842382 1.262431
-0.701728 26.842382 35.244431
33.280272 26.842382 1.262431
33.280272 26.842382 35.244431
-1.600552 27.572995 2.317572
-1.600552 27.572995 36.299572
32.381448 27.572995 2.317572
32.381448 27.572995 36.299572
-2.168052 27.251865 0.892027
-2.168052 27.251865 34.874028
31.813948 27.251865 0.892027
31.813948 27.251865 34.874028
-1.533778 24.948225 3.105615
-1.533778 24.948225 37.087615
32.448222 24.948225 3.105615
32.448222 24.948225 37.087615
25.620729 19.080043 14.901957
23.772788 19.225147 13.805187
23.089070 19.068999 13.195211
26.939230 18.586455 15.395545
24.948225 18.524778 13.885385
19.080043 25.352271 2.089043
19.080043 25.352271 36.071043
19.225147 27.200212 3.185812
19.225147 27.200212 37.167812
19.068999 27.883930 3.795789
19.068999 27.883930 37.777789
18.524778 26.024775 3.105615
18.524778 26.024775 37.087615
25.352271 -2.089043 14.901957
25.352271 31.892957 14.901957
27.200212 -2.234147 13.805187
27.200212 31.747853 13.805187
27.883930 -2.077999 13.195211
27.883930 31.904001 13.195211
26.024775 -1.533778 13.885385
26.024775 32.448222 13.885385
-2.089043 25.352271 14.901957
31.892957 25.352271 14.901957
-2.234147 27.200212 13.805187
31.747853 27.200212 13.805187
-2.077999 27.883930 13.195211
31.904001 27.883930 13.195211
-1.595455 24.033769 15.395545
32.386545 24.033769 15.395545
-0.701728 24.130618 15.728569
33.280272 24.130618 15.728569
-1.600552 23.400005 14.673428
32.381448 23.400005 14.673428
-2.168052 23.721135 16.098972
31.813948 23.721135 16.098972
-1.533778 26.024775 13.885385
32.448222 26.024775 13.885385
25.352271 19.080043 2.089043
25.352271 19.080043 36.071043
27.200212 19.225147 3.185812
27.200212 19.225147 37.167812
27.883930 19.068999 3.795789
27.883930 19.068999 37.777789
24.033769 18.586455 1.595455
24.033770 18.586455 35.577455
26.024775 18.524778 3.105615
26.024775 18.524778 37.087615
19.080043 25.620729 14.901957
19.225147 23.772788 13.805187
19.068999 23.089070 13.195211
18.524778 24.948225 13.885385
25.620729 -2.089043 2.089043
25.620729 -2.089043 36.071043
25.620729 31.892957 2.089043
25.620729 31.892957 36.071043
23.772788 -2.234147 3.185812
23.772788 -2.234147 37.167812
23.772788 31.747853 3.185812
23.772788 31.747853 37.167812
23.089070 -2.077999 3.795789
23.089070 -2.077999 37.777789
23.089070 31.904001 3.795789
23.089070 31.904001 37.777789
24.948225 -1.533778 3.105615
24.948225 -1.533778 37.087615
24.948225 32.448222 3.105615
24.948225 32.448222 37.087615
19.080043 -2.089043 8.629729
19.080043 31.892957 8.629729
20.176813 -2.234147 6.781788
20.176813 31.747853 6.781788
20.786789 -2.077999 6.098070
20.786789 31.904001 6.098070
20.096615 -1.533778 7.957225
20.096615 32.448222 7.957225
-2.089043 -2.089043 8.361271
-2.089043 31.892957 8.361271
31.892957 -2.089043 8.361271
31.892957 31.892957 8.361271
-2.234147 -3.185813 10.209212
-2.234147 30.796187 10.209212
31.747853 -3.185813 10.209212
31.747853 30.796187 10.209212
-2.077999 -3.795789 10.892930
-2.077999 30.186211 10.892930
31.904001 -3.795789 10.892930
31.904001 30.186211 10.892930
-1.533778 -3.105615 9.033775
-1.533778 30.876385 9.033775
32.448222 -3.105615 9.033775
32.448222 30.876385 9.033775
-2.089043 19.080043 8.629729
31.892957 19.080043 8.629729
-3.185813 19.225147 6.781788
30.796187 19.225147 6.781788
-3.795789 19.068999 6.098070
30.186211 19.068999 6.098070
-3.105615 18.524778 7.957225
30.876385 18.524778 7.957225
19.080043 19.080043 8.361271
19.225147 20.176813 10.209212
19.068999 20.786789 10.892930
18.524778 20.096615 9.033775
20.176813 19.225147 10.209212
20.786789 19.068999 10.892930
20.096615 18.524778 9.033775
19.225147 -3.185813 6.781788
19.225147 30.796187 6.781788
19.068999 -3.795789 6.098070
19.068999 30.186211 6.098070
18.524778 -3.105615 7.957225
18.524778 30.876385 7.957225
-3.185813 -2.234147 10.209212
-3.185813 31.747853 10.209212
30.796187 -2.234147 10.209212
30.796187 31.747853 10.209212
-3.795789 -2.077999 10.892930
-3.795789 31.904001 10.892930
30.186211 -2.077999 10.892930
30.186211 31.904001 10.892930
-3.105615 -1.533778 9.033775
-3.105615 32.448222 9.033775
30.876385 -1.533778 9.033775
30.876385 32.448222 9.033775
-2.234147 20.176813 6.781788
31.747853 20.176813 6.781788
-2.077999 20.786789 6.098070
31.904001 20.786789 6.098070
-1.533778 20.096615 7.957225
32.448222 20.096615 7.957225
23.772788 20.176813 14.756853
23.089070 20.786789 14.913001
26.842382 18.253431 16.289272
27.572995 19.308572 15.390448
27.251865 17.883028 14.822948
24.948225 20.096615 15.457222
23.772788 -3.185813 2.234147
23.772788 -3.185813 36.216147
23.772788 30.796187 2.234147
23.772788 30.796187 36.216147
23.089070 -3.795789 2.077999
23.089070 -3.795789 36.059999
23.089070 30.186211 2.077999
23.089070 30.186211 36.059999
24.948225 -3.105615 1.533778
24.948225 -3.105615 35.515778
24.948225 30.876385 1.533778
24.948225 30.876385 35.515778
-3.185813 27.200212 14.756853
30.796187 27.200212 14.756853
-3.795789 27.883930 14.913001
30.186211 27.883930 14.913001
-3.105615 26.024775 15.457222
30.876385 26.024775 15.457222
27.200212 20.176813 2.234147
27.200212 20.176813 36.216147
27.883930 20.786789 2.077999
27.883930 20.786789 36.059999
24.130618 18.253431 0.701728
24.130618 18.253431 34.683728
23.400005 19.308572 1.600552
23.400005 19.308572 35.582552
23.721135 17.883028 2.168052
23.721135 17.883028 36.150052
26.024775 20.096615 1.533778
26.024775 20.096615 35.515778
20.176813 23.772788 14.756853
20.786789 23.089070 14.913001
20.096615 24.948225 15.457222
27.200212 -3.185813 14.756853
27.200212 30.796187 14.756853
27.883930 -3.795789 14.913001
27.883930 30.186211 14.913001
26.024775 -3.105615 15.457222
26.024775 30.876385 15.457222
-3.185813 23.772788 2.234147
-3.185812 23.772788 36.216147
30.796187 23.772788 2.234147
30.796187 23.772788 36.216147
-3.795789 23.089070 2.077999
-3.795789 23.089070 36.059999
30.186211 23.089070 2.077999
30.186211 23.089070 36.059999
-3.105615 24.948225 1.533778
-3.105615 24.948225 35.515778
30.876385 24.948225 1.533778
30.876385 24.948225 35.515778
20.176813 27.200212 2.234147
20.176813 27.200212 36.216147
20.786789 27.883930 2.077999
20.786789 27.883930 36.059999
20.096615 26.024775 1.533778
20.096615 26.024775 35.515778
18.424393 27.089194 6.892806
19.333912 27.876835 7.094625
18.593092 25.897915 7.094625
18.593694 -1.602694 9.928893
18.593694 32.379306 9.928893
17.644803 -2.147948 10.468002
17.644803 31.834052 10.468002
19.138948 -0.653803 10.468002
19.138948 33.328197 10.468002
26.919893 -1.602694 1.602694
26.919893 -1.602694 35.584694
26.919893 32.379306 1.602694
26.919893 32.379306 35.584694
27.088592 -0.411415 1.400875
27.088592 -0.411415 35.382875
27.088592 33.570585 1.400875
27.088592 33.570585 35.382875
27.829412 -2.390335 1.400875
27.829412 -2.390335 35.382875
27.829412 31.591665 1.400875
27.829412 31.591665 35.382875
18.424393 23.883806 10.098194
18.593092 25.075085 9.896375
19.333912 23.096165 9.896375
18.593694 24.053107 1.602694
18.593694 24.053107 35.584694
19.381335 23.143588 1.400875
19.381335 23.143588 35.382875
17.402415 23.884408 1.400875
17.402415 23.884408 35.382875
27.089194 27.089194 15.557607
27.634448 26.140303 15.018498
26.140303 27.634448 15.018498
-1.433393 23.883806 6.892806
32.548607 23.883806 6.892806
-2.342912 23.096165 7.094625
31.639088 23.096165 7.094625
-1.602092 25.075085 7.094625
32.379908 25.075085 7.094625
27.089194 -1.433393 10.098194
27.089194 32.548607 10.098194
27.876835 -2.342912 9.896375
27.876835 31.639088 9.896375
25.897915 -1.602092 9.896375
25.897915 32.379908 9.896375
-1.602694 18.593694 9.928893
32.379306 18.593694 9.928893
-0.653803 19.138948 10.468002
33.328197 19.138948 10.468002
-2.147948 17.644803 10.468002
31.834052 17.644803 10.468002
18.593694 18.593694 7.062107
19.138948 17.644803 6.522998
17.644803 19.138948 6.522998
27.089194 23.883806 1.433393
27.089194 23.883806 35.415393
26.140303 23.338552 1.972502
26.140303 23.338552 35.954502
27.634448 24.832697 1.972502
27.634448 24.832697 35.954502
23.883806 -1.433393 6.892806
23.883806 32.548607 6.892806
25.075085 -1.602092 7.094625
25.075085 32.379908 7.094625
23.096165 -2.342912 7.094625
23.096165 31.639088 7.094625
23.883806 18.424393 10.098194
23.096165 19.333912 9.896375
25.075085 18.593092 9.896375
23.883806 27.089194 1.433393
23.883806 27.089194 35.415393
24.832697 27.634448 1.972502
24.832697 27.634448 35.954502
23.338552 26.140303 1.972502
23.338552 26.140303 35.954502
-1.602694 -1.602694 7.062107
-1.602694 32.379306 7.062107
32.379306 -1.602694 7.062107
32.379306 32.379306 7.062107
-2.147948 -0.653803 6.522998
-2.147948 33.328197 6.522998
31.834052 -0.653803 6.522998
31.834052 33.328197 6.522998
-0.653803 -2.147948 6.522998
-0.653803 31.834052 6.522998
33.328197 -2.147948 6.522998
33.328197 31.834052 6.522998
27.089194 18.424393 6.892806
25.897915 18.593092 7.094625
27.876835 19.333912 7.094625
18.593694 26.919893 15.388306
17.402415 27.088592 15.590125
19.381335 27.829412 15.590125
24.053107 -1.602694 15.388306
24.053107 32.379306 15.388306
23.143588 -2.390335 15.590125
23.143588 31.591665 15.590125
23.884408 -0.411415 15.590125
23.884408 33.570585 15.590125
23.397457 17.125229 27.575543
23.252353 -1.713712 28.672313
23.252353 32.268288 28.672313
23.408501 -2.397430 -4.699711
23.408501 -2.397430 29.282289
23.408501 31.584570 -4.699711
23.408501 31.584570 29.282289
23.952722 -0.538275 28.592115
23.952722 33.443725 28.592115
25.486500 16.991000 -4.247750
25.486500 16.991000 29.734250
17.125229 27.575543 23.397457
-1.713712 27.720647 22.300687
32.268288 27.720647 22.300687
-2.397430 27.564499 21.690711
31.584570 27.564499 21.690711
-0.538275 27.020278 22.380885
33.443725 27.020278 22.380885
16.991000 25.486500 21.238750
27.575543 -0.134229 27.575543
27.575543 33.847771 27.575543
27.720647 18.704712 28.672313
27.564499 19.388430 -4.699711
27.564499 19.388430 29.282289
27.020278 17.529275 28.592115
-0.134229 23.397457 23.397457
33.847771 23.397457 23.397457
18.704712 23.252353 22.300687
19.388430 23.408501 21.690711
17.529275 23.952722 22.380885
23.397457 -0.134229 23.397457
23.397457 33.847771 23.397457
23.252353 18.704712 22.300687
23.408501 19.388430 21.690711
23.952722 17.529275 22.380885
25.486500 16.991000 21.238750
-0.134229 27.575543 27.575543
33.847771 27.575543 27.575543
18.704712 27.720647 28.672313
19.388430 27.564499 -4.699711
19.388430 27.564499 29.282289
-1.452730 27.081955 27.081955
32.529269 27.081955 27.081955
17.529275 27.020278 28.592115
16.991000 25.486500 -4.247750
16.991000 25.486500 29.734250
27.575543 17.125229 23.397457
27.720647 -1.713712 22.300687
27.720647 32.268288 22.300687
27.564499 -2.397430 21.690711
27.564499 31.584570 21.690711
27.020278 -0.538275 22.380885
27.020278 33.443725 22.380885
17.125229 23.397457 27.575543
-1.713712 23.252353 28.672313
32.268288 23.252353 28.672313
-2.397430 23.408501 -4.699711
-2.397430 23.408501 29.282289
31.584570 23.408501 -4.699711
31.584570 23.408501 29.282289
-0.538275 23.952722 28.592115
33.443725 23.952722 28.592115
27.575543 23.397457 17.125229
28.672313 23.252353 -1.713712
28.672313 23.252353 32.268288
-4.699711 23.408501 -2.397430
-4.699711 23.408501 31.584570
29.282289 23.408501 -2.397430
29.282289 23.408501 31.584570
28.592115 23.952722 -0.538275
28.592115 23.952722 33.443725
-4.247750 25.486500 16.991000
29.734250 25.486500 16.991000
23.397457 23.397457 -0.134229
23.397457 23.397457 33.847771
23.252353 22.300687 18.704712
23.408501 21.690711 19.388430
23.891045 23.891045 -1.452731
23.891045 23.891045 32.529269
24.784772 24.224069 -1.355882
24.784772 24.224069 32.626118
23.885948 23.168928 -2.086495
23.885948 23.168928 31.895505
23.318448 24.594472 -1.765365
23.318448 24.594472 32.216635
23.952722 22.380885 17.529275
25.486500 21.238750 16.991000
23.397457 27.575543 17.125229
22.300687 27.720647 -1.713712
22.300687 27.720647 32.268288
21.690711 27.564499 -2.397430
21.690711 27.564499 31.584570
22.380885 27.020278 -0.538275
22.380885 27.020278 33.443725
21.238750 25.486500 16.991000
27.575543 27.575543 -0.134229
27.575543 27.575543 33.847771
27.720647 28.672313 18.704712
27.564499 -4.699711 19.388430
27.564499 29.282289 19.388430
27.020278 28.592115 17.529275
25.486500 -4.247750 16.991000
25.486500 29.734250 16.991000
28.672313 27.720647 18.704712
-4.699711 27.564499 19.388430
29.282289 27.564499 19.388430
28.592115 27.020278 17.529275
27.720647 22.300687 -1.713712
27.720647 22.300687 32.268288
27.564499 21.690711 -2.397430
27.564499 21.690711 31.584570
27.020278 22.380885 -0.538275
27.020278 22.380885 33.443725
22.300687 23.252353 18.704712
21.690711 23.408501 19.388430
22.380885 23.952722 17.529275
23.252353 28.672313 -1.713712
23.252353 28.672313 32.268288
23.408501 -4.699711 -2.397430
23.408501 -4.699711 31.584570
23.408501 29.282289 -2.397430
23.408501 29.282289 31.584570
23.952722 28.592115 -0.538275
23.952722 28.592115 33.443725
-1.713712 28.672313 23.252353
32.268288 28.672313 23.252353
-2.397430 -4.699711 23.408501
-2.397430 29.282289 23.408501
31.584570 -4.699711 23.408501
31.584570 29.282289 23.408501
-0.538275 28.592115 23.952722
33.443725 28.592115 23.952722
16.991000 -4.247750 25.486500
16.991000 29.734250 25.486500
-1.713712 22.300687 27.720647
32.268288 22.300687 27.720647
-2.397430 21.690711 27.564499
31.584570 21.690711 27.564499
-0.538275 22.380885 27.020278
33.443725 22.380885 27.020278
16.991000 21.238750 25.486500
22.300687 18.704712 23.252353
21.690711 19.388430 23.408501
22.380885 17.529275 23.952722
21.238750 16.991000 25.486500
18.704712 28.672313 27.720647
19.388430 -4.699711 27.564499
19.388430 29.282289 27.564499
-1.355882 26.748931 26.188228
32.626118 26.748931 26.188228
-2.086495 27.804072 27.087052
31.895505 27.804072 27.087052
-1.765365 26.378528 27.654552
32.216635 26.378528 27.654552
17.529275 28.592115 27.020278
28.672313 -1.713712 23.252353
28.672313 32.268288 23.252353
-4.699711 -2.397430 23.408501
-4.699711 31.584570 23.408501
29.282289 -2.397430 23.408501
29.282289 31.584570 23.408501
28.592115 -0.538275 23.952722
28.592115 33.443725 23.952722
-4.247750 16.991000 25.486500
29.734250 16.991000 25.486500
18.704712 22.300687 23.252353
19.388430 21.690711 23.408501
17.529275 22.380885 23.952722
22.300687 -1.713712 27.720647
22.300687 32.268288 27.720647
21.690711 -2.397430 27.564499
21.690711 31.584570 27.564499
22.380885 -0.538275 27.020278
22.380885 33.443725 27.020278
28.672313 18.704712 27.720647
-4.699711 19.388430 27.564499
29.282289 19.388430 27.564499
28.592115 17.529275 27.020278
-2.089043 25.620729 19.080043
31.892957 25.620729 19.080043
-2.234147 23.772788 20.176813
31.747853 23.772788 20.176813
-2.077999 23.089070 20.786789
31.904001 23.089070 20.786789
-1.595455 26.939230 18.586455
32.386545 26.939230 18.586455
-0.701728 26.842382 18.253431
33.280272 26.842382 18.253431
-1.600552 27.572995 19.308572
32.381448 27.572995 19.308572
-2.168052 27.251865 17.883028
31.813948 27.251865 17.883028
-1.533778 24.948225 20.096615
32.448222 24.948225 20.096615
25.620729 19.080043 -2.089043
25.620729 19.080043 31.892957
23.772788 19.225147 -3.185813
23.772788 19.225147 30.796187
23.089070 19.068999 -3.795789
23.089070 19.068999 30.186211
26.939230 18.586455 -1.595455
26.939230 18.586455 32.386545
24.948225 18.524778 -3.105615
24.948225 18.524778 30.876385
19.080043 25.352271 19.080043
19.225147 27.200212 20.176813
19.068999 27.883930 20.786789
18.524778 26.024775 20.096615
25.352271 -2.089043 -2.089043
25.352271 -2.089043 31.892957
25.352271 31.892957 -2.089043
25.352271 31.892957 31.892957
27.200212 -2.234147 -3.185813
27.200212 -2.234147 30.796187
27.200212 31.747853 -3.185813
27.200212 31.747853 30.796187
27.883930 -2.077999 -3.795789
27.883930 -2.077999 30.186211
27.883930 31.904001 -3.795789
27.883930 31.904001 30.186211
26.024775 -1.533778 -3.105615
26.024775 -1.533778 30.876385
26.024775 32.448222 -3.105615
26.024775 32.448222 30.876385
-2.089043 25.352271 -2.089043
-2.089043 25.352271 31.892957
31.892957 25.352271 -2.089043
31.892957 25.352271 31.892957
-2.234147 27.200212 -3.185813
-2.234147 27.200212 30.796187
31.747853 27.200212 -3.185813
31.747853 27.200212 30.796187
-2.077999 27.883930 -3.795789
-2.077999 27.883930 30.186211
31.904001 27.883930 -3.795789
31.904001 27.883930 30.186211
-1.595455 24.033769 -1.595455
-1.595455 24.033770 32.386545
32.386545 24.033769 -1.595455
32.386545 24.033770 32.386545
-0.701728 24.130618 -1.262431
-0.701728 24.130618 32.719569
33.280272 24.130618 -1.262431
33.280272 24.130618 32.719569
-1.600552 23.400005 -2.317572
-1.600552 23.400005 31.664428
32.381448 23.400005 -2.317572
32.381448 23.400005 31.664428
-2.168052 23.721135 -0.892028
-2.168052 23.721135 33.089972
31.813948 23.721135 -0.892028
31.813948 23.721135 33.089972
-1.533778 26.024775 -3.105615
-1.533778 26.024775 30.876385
32.448222 26.024775 -3.105615
32.448222 26.024775 30.876385
25.352271 19.080043 19.080043
27.200212 19.225147 20.176813
27.883930 19.068999 20.786789
24.033769 18.586455 18.586455
26.024775 18.524778 20.096615
19.080043 25.620729 -2.089043
19.080043 25.620729 31.892957
19.225147 23.772788 -3.185813
19.225147 23.772788 30.796187
19.068999 23.089070 -3.795789
19.068999 23.089070 30.186211
18.524778 24.948225 -3.105615
18.524778 24.948225 30.876385
25.620729 -2.089043 19.080043
25.620729 31.892957 19.080043
23.772788 -2.234147 20.176813
23.772788 31.747853 20.176813
23.089070 -2.077999 20.786789
23.089070 31.904001 20.786789
24.948225 -1.533778 20.096615
24.948225 32.448222 20.096615
19.080043 -2.089043 25.620729
19.080043 31.892957 25.620729
20.176813 -2.234147 23.772788
20.176813 31.747853 23.772788
20.786789 -2.077999 23.089070
20.786789 31.904001 23.089070
20.096615 -1.533778 24.948225
20.096615 32.448222 24.948225
-2.089043 -2.089043 25.352271
-2.089043 31.892957 25.352271
31.892957 -2.089043 25.352271
31.892957 31.892957 25.352271
-2.234147 -3.185813 27.200212
-2.234147 30.796187 27.200212
31.747853 -3.185813 27.200212
31.747853 30.796187 27.200212
-2.077999 -3.795789 27.883930
-2.077999 30.186211 27.883930
31.904001 -3.795789 27.883930
31.904001 30.186211 27.883930
-1.533778 -3.105615 26.024775
-1.533778 30.876385 26.024775
32.448222 -3.105615 26.024775
32.448222 30.876385 26.024775
-2.089043 19.080043 25.620729
31.892957 19.080043 25.620729
-3.185813 19.225147 23.772788
30.796187 19.225147 23.772788
-3.795789 19.068999 23.089070
30.186211 19.068999 23.089070
-3.105615 18.524778 24.948225
30.876385 18.524778 24.948225
19.080043 19.080043 25.352271
19.225147 20.176813 27.200212
19.068999 20.786789 27.883930
18.524778 20.096615 26.024775
20.176813 19.225147 27.200212
20.786789 19.068999 27.883930
20.096615 18.524778 26.024775
19.225147 -3.185813 23.772788
19.225147 30.796187 23.772788
19.068999 -3.795789 23.089070
19.068999 30.186211 23.089070
18.524778 -3.105615 24.948225
18.524778 30.876385 24.948225
-3.185813 -2.234147 27.200212
-3.185813 31.747853 27.200212
30.796187 -2.234147 27.200212
30.796187 31.747853 27.200212
-3.795789 -2.077999 27.883930
-3.795789 31.904001 27.883930
30.186211 -2.077999 27.883930
30.186211 31.904001 27.883930
-3.105615 -1.533778 26.024775
-3.105615 32.448222 26.024775
30.876385 -1.533778 26.024775
30.876385 32.448222 26.024775
-2.234147 20.176813 23.772788
31.747853 20.176813 23.772788
-2.077999 20.786789 23.089070
31.904001 20.786789 23.089070
-1.533778 20.096615 24.948225
32.448222 20.096615 24.948225
23.772788 20.176813 -2.234147
23.772788 20.176813 31.747853
23.089070 20.786789 -2.077999
23.089070 20.786789 31.904001
26.842382 18.253431 -0.701728
26.842382 18.253431 33.280272
27.572995 19.308572 -1.600552
27.572995 19.308572 32.381448
27.251865 17.883028 -2.168052
27.251865 17.883028 31.813948
24.948225 20.096615 -1.533778
24.948225 20.096615 32.448222
23.772788 -3.185813 19.225147
23.772788 30.796187 19.225147
23.089070 -3.795789 19.068999
23.089070 30.186211 19.068999
24.948225 -3.105615 18.524778
24.948225 30.876385 18.524778
-3.185813 27.200212 -2.234147
-3.185813 27.200212 31.747853
30.796187 27.200212 -2.234147
30.796187 27.200212 31.747853
-3.795789 27.883930 -2.077999
-3.795789 27.883930 31.904001
30.186211 27.883930 -2.077999
30.186211 27.883930 31.904001
-3.105615 26.024775 -1.533778
-3.105615 26.024775 32.448222
30.876385 26.024775 -1.533778
30.876385 26.024775 32.448222
27.200212 20.176813 19.225147
27.883930 20.786789 19.068999
24.130618 18.253431 17.692728
23.400005 19.308572 18.591552
23.721135 17.883028 19.159052
26.024775 20.096615 18.524778
20.176813 23.772788 -2.234147
20.176813 23.772788 31.747853
20.786789 23.089070 -2.077999
20.786789 23.089070 31.904001
20.096615 24.948225 -1.533778
20.096615 24.948225 32.448222
27.200212 -3.185813 -2.234147
27.200212 -3.185813 31.747853
27.200212 30.796187 -2.234147
27.200212 30.796187 31.747853
27.883930 -3.795789 -2.077999
27.883930 -3.795789 31.904001
27.883930 30.186211 -2.077999
27.883930 30.186211 31.904001
26.024775 -3.105615 -1.533778
26.024775 -3.105615 32.448222
26.024775 30.876385 -1.533778
26.024775 30.876385 32.448222
-3.185813 23.772788 19.225147
30.796187 23.772788 19.225147
-3.795789 23.089070 19.068999
30.186211 23.089070 19.068999
-3.105615 24.948225 18.524778
30.876385 24.948225 18.524778
20.176813 27.200212 19.225147
20.786789 27.883930 19.068999
20.096615 26.024775 18.524778
18.424393 27.089194 23.883806
19.333912 27.876835 24.085625
18.593092 25.897915 24.085625
18.593694 -1.602694 26.919893
18.593694 32.379306 26.919893
17.644803 -2.147948 27.459002
17.644803 31.834052 27.459002
19.138948 -0.653803 27.459002
19.138948 33.328197 27.459002
26.919893 -1.602694 18.593694
26.919893 32.379306 18.593694
27.088592 -0.411415 18.391875
27.088592 33.570585 18.391875
27.829412 -2.390335 18.391875
27.829412 31.591665 18.391875
18.424393 23.883806 27.089194
18.593092 25.075085 26.887375
19.333912 23.096165 26.887375
18.593694 24.053107 18.593694
19.381335 23.143588 18.391875
17.402415 23.884408 18.391875
27.089194 27.089194 -1.433393
27.089194 27.089194 32.548607
27.634448 26.140303 -1.972502
27.634448 26.140303 32.009498
26.140303 27.634448 -1.972502
26.140303 27.634448 32.009498
-1.433393 23.883806 23.883806
32.548607 23.883806 23.883806
-2.342912 23.096165 24.085625
31.639088 23.096165 24.085625
-1.602092 25.075085 24.085625
32.379908 25.075085 24.085625
27.089194 -1.433393 27.089194
27.089194 32.548607 27.089194
27.876835 -2.342912 26.887375
27.876835 31.639088 26.887375
25.897915 -1.602092 26.887375
25.897915 32.379908 26.887375
-1.602694 18.593694 26.919893
32.379306 18.593694 26.919893
-0.653803 19.138948 27.459002
33.328197 19.138948 27.459002
-2.147948 17.644803 27.459002
31.834052 17.644803 27.459002
18.593694 18.593694 24.053107
19.138948 17.644803 23.513998
17.644803 19.138948 23.513998
27.089194 23.883806 18.424393
26.140303 23.338552 18.963502
27.634448 24.832697 18.963502
23.883806 -1.433393 23.883806
23.883806 32.548607 23.883806
25.075085 -1.602092 24.085625
25.075085 32.379908 24.085625
23.096165 -2.342912 24.085625
23.096165 31.639088 24.085625
23.883806 18.424393 27.089194
23.096165 19.333912 26.887375
25.075085 18.593092 26.887375
23.883806 27.089194 18.424393
24.832697 27.634448 18.963502
23.338552 26.140303 18.963502
-1.602694 -1.602694 24.053107
-1.602694 32.379306 24.053107
32.379306 -1.602694 24.053107
32.379306 32.379306 24.053107
-2.147948 -0.653803 23.513998
-2.147948 33.328197 23.513998
31.834052 -0.653803 23.513998
31.834052 33.328197 23.513998
-0.653803 -2.147948 23.513998
-0.653803 31.834052 23.513998
33.328197 -2.147948 23.513998
33.328197 31.834052 23.513998
27.089194 18.424393 23.883806
25.897915 18.593092 24.085625
27.876835 19.333912 24.085625
18.593694 26.919893 -1.602694
18.593694 26.919893 32.379306
17.402415 27.088592 -1.400875
17.402415 27.088592 32.581125
19.381335 27.829412 -1.400875
19.381335 27.829412 32.581125
24.053107 -1.602694 -1.602694
24.053107 -1.602694 32.379306
24.053107 32.379306 -1.602694
24.053107 32.379306 32.379306
23.143588 -2.390335 -1.400875
23.143588 -2.390335 32.581125
23.143588 31.591665 -1.400875
23.143588 31.591665 32.581125
23.884408 -0.411415 -1.400875
23.884408 -0.411415 32.581125
23.884408 33.570585 -1.400875
23.884408 33.570585 32.581125
LINES 4416 13248
2 0 485
2 0 1030
2 0 1202
2 1 486
2 1 1031
2 1 1203
2 2 3
2 2 4
2 2 178
2 4 1025
2 4 1032
2 5 22
2 5 212
2 5 1030
2 5 1250
2 6 23
2 6 213
2 6 1031
2 6 1251
2 7 413
2 7 2046
2 7 2165
2 8 414
2 8 2047
2 8 2166
2 9 10
2 9 12
2 9 131
2 12 2039
2 12 2048
2 13 31
2 13 226
2 13 2046
2 13 2246
2 14 227
2 14 2247
2 15 32
2 15 228
2 15 2047
2 15 2248
2 16 229
2 16 2249
2 17 455
2 17 1047
2 17 1206
2 18 20
2 18 22
2 18 182
2 19 21
2 19 23
2 19 183
2 22 1043
2 23 1044
2 24 452
2 24 2062
2 24 2206
2 25 27
2 25 31
2 25 170
2 26 29
2 26 32
2 26 171
2 31 2057
2 32 2058
2 33 482
2 33 1062
2 33 1169
2 34 36
2 34 40
2 34 144
2 35 38
2 35 41
2 35 145
2 40 42
2 40 1057
2 41 44
2 41 1058
2 42 258
2 42 1082
2 42 1290
2 43 259
2 43 1291
2 44 260
2 44 1083
2 44 1292
2 45 261
2 45 1293
2 46 51
2 46 2082
2 46 2194
2 47 49
2 47 52
2 47 156
2 48 50
2 48 53
2 48 157
2 51 160
2 51 161
2 51 162
2 52 54
2 52 2076
2 53 55
2 53 2077
2 54 268
2 54 2095
2 54 2286
2 55 269
2 55 2096
2 55 2287
2 56 500
2 56 1082
2 56 1187
2 57 501
2 57 1083
2 57 1188
2 58 59
2 58 61
2 58 165
2 61 1063
2 61 1075
2 62 431
2 62 2095
2 62 2174
2 63 432
2 63 2096
2 63 2175
2 64 65
2 64 66
2 64 136
2 66 2083
2 66 2090
2 67 476
2 67 587
2 67 632
2 68 477
2 68 588
2 68 633
2 69 70
2 69 71
2 69 116
2 71 582
2 71 589
2 72 114
2 72 399
2 72 587
2 72 885
2 73 115
2 73 400
2 73 588
2 73 886
2 74 81
2 74 603
2 74 637
2 75 77
2 75 85
2 75 120
2 76 78
2 76 86
2 76 121
2 81 82
2 81 83
2 81 84
2 85 87
2 85 590
2 86 88
2 86 591
2 87 382
2 87 632
2 87 874
2 88 383
2 88 633
2 88 875
2 89 384
2 89 876
2 90 385
2 90 877
2 91 491
2 91 613
2 91 642
2 92 492
2 92 614
2 92 643
2 93 94
2 93 96
2 93 128
2 96 606
2 96 615
2 97 126
2 97 409
2 97 613
2 97 907
2 98 127
2 98 410
2 98 614
2 98 908
2 99 411
2 99 909
2 100 412
2 100 910
2 101 449
2 101 621
2 101 625
2 102 104
2 102 106
2 102 110
2 103 105
2 103 107
2 103 111
2 106 108
2 106 617
2 107 109
2 107 618
2 108 357
2 108 642
2 108 915
2 109 358
2 109 643
2 109 916
2 110 112
2 110 114
2 111 113
2 111 115
2 114 617
2 115 618
2 116 117
2 116 119
2 119 582
2 119 604
2 120 122
2 120 126
2 121 123
2 121 127
2 126 590
2 127 591
2 128 129
2 128 130
2 130 606
2 130 622
2 131 132
2 131 133
2 133 2039
2 133 2167
2 134 163
2 134 330
2 134 2165
2 134 2330
2 135 164
2 135 331
2 135 2166
2 135 2331
2 136 137
2 136 139
2 139 2090
2 139 2176
2 140 176
2 140 310
2 140 2174
2 140 2379
2 141 311
2 141 2380
2 142 177
2 142 312
2 142 2175
2 142 2381
2 143 313
2 143 2382
2 144 146
2 144 150
2 145 147
2 145 151
2 150 152
2 150 1057
2 151 153
2 151 1058
2 152 322
2 152 1202
2 152 1306
2 153 323
2 153 1203
2 153 1307
2 154 324
2 154 1308
2 155 325
2 155 1309
2 156 158
2 156 163
2 157 159
2 157 164
2 163 2076
2 164 2077
2 165 166
2 165 167
2 167 1075
2 167 1189
2 168 186
2 168 296
2 168 1187
2 168 1352
2 169 187
2 169 297
2 169 1188
2 169 1353
2 170 172
2 170 176
2 171 174
2 171 177
2 176 2057
2 177 2058
2 178 179
2 178 181
2 181 1025
2 181 1170
2 182 184
2 182 186
2 183 185
2 183 187
2 186 1043
2 187 1044
2 188 194
2 188 202
2 188 399
2 189 195
2 189 203
2 189 400
2 190 192
2 190 202
2 190 395
2 191 193
2 191 203
2 191 396
2 194 196
2 194 198
2 194 200
2 195 197
2 195 199
2 195 201
2 202 2048
2 203 2049
2 204 210
2 204 212
2 204 351
2 205 211
2 205 213
2 205 352
2 206 208
2 206 212
2 206 341
2 207 209
2 207 213
2 207 342
2 210 345
2 210 347
2 210 349
2 211 346
2 211 348
2 211 350
2 214 226
2 214 409
2 214 437
2 215 227
2 215 410
2 215 438
2 216 228
2 216 411
2 216 439
2 217 229
2 217 412
2 217 440
2 218 222
2 218 226
2 218 401
2 219 223
2 219 227
2 219 402
2 220 224
2 220 228
2 220 403
2 221 225
2 221 229
2 221 404
2 230 233
2 230 394
2 230 512
2 231 232
2 231 233
2 231 392
2 233 1032
2 234 237
2 234 241
2 234 361
2 235 236
2 235 241
2 235 359
2 237 238
2 237 239
2 237 240
2 241 2083
2 242 254
2 242 258
2 242 382
2 243 255
2 243 259
2 243 383
2 244 256
2 244 260
2 244 384
2 245 257
2 245 261
2 245 385
2 246 250
2 246 258
2 246 362
2 247 251
2 247 259
2 247 363
2 248 252
2 248 260
2 248 364
2 249 253
2 249 261
2 249 365
2 254 370
2 254 374
2 254 378
2 255 371
2 255 375
2 255 379
2 256 372
2 256 376
2 256 380
2 257 373
2 257 377
2 257 381
2 262 268
2 262 390
2 262 506
2 263 269
2 263 391
2 263 507
2 264 266
2 264 268
2 264 386
2 265 267
2 265 269
2 265 387
2 270 276
2 270 357
2 270 425
2 271 277
2 271 358
2 271 426
2 272 274
2 272 276
2 272 353
2 273 275
2 273 277
2 273 354
2 276 1063
2 277 1064
2 278 284
2 278 330
2 278 419
2 279 285
2 279 331
2 279 420
2 280 282
2 280 284
2 280 326
2 281 283
2 281 285
2 281 327
2 284 1170
2 285 1171
2 286 289
2 286 334
2 286 497
2 287 288
2 287 289
2 287 332
2 289 2167
2 290 296
2 290 339
2 290 458
2 291 297
2 291 340
2 291 459
2 292 294
2 292 296
2 292 335
2 293 295
2 293 297
2 293 336
2 298 310
2 298 322
2 298 464
2 299 311
2 299 323
2 299 465
2 300 312
2 300 324
2 300 466
2 301 313
2 301 325
2 301 467
2 302 306
2 302 310
2 302 314
2 303 307
2 303 311
2 303 315
2 304 308
2 304 312
2 304 316
2 305 309
2 305 313
2 305 317
2 314 318
2 314 322
2 315 319
2 315 323
2 316 320
2 316 324
2 317 321
2 317 325
2 326 328
2 326 330
2 327 329
2 327 331
2 332 333
2 332 334
2 334 1189
2 335 337
2 335 339
2 336 338
2 336 340
2 339 2176
2 340 2177
2 341 343
2 341 351
2 342 344
2 342 352
2 351 604
2 352 605
2 353 355
2 353 357
2 354 356
2 354 358
2 359 360
2 359 361
2 361 589
2 362 366
2 362 382
2 363 367
2 363 383
2 364 368
2 364 384
2 365 369
2 365 385
2 386 388
2 386 390
2 387 389
2 387 391
2 390 615
2 391 616
2 392 393
2 392 394
2 394 622
2 395 397
2 395 399
2 396 398
2 396 400
2 401 405
2 401 409
2 402 406
2 402 410
2 403 407
2 403 411
2 404 408
2 404 412
2 413 415
2 413 417
2 414 416
2 414 418
2 419 421
2 419 423
2 420 422
2 420 424
2 425 427
2 425 429
2 426 428
2 426 430
2 431 433
2 431 435
2 432 434
2 432 436
2 437 441
2 437 445
2 438 442
2 438 446
2 439 443
2 439 447
2 440 444
2 440 448
2 449 450
2 449 451
2 452 453
2 452 454
2 455 456
2 455 457
2 458 460
2 458 462
2 459 461
2 459 463
2 464 468
2 464 472
2 465 469
2 465 473
2 466 470
2 466 474
2 467 471
2 467 475
2 476 478
2 476 480
2 477 479
2 477 481
2 482 483
2 482 484
2 485 487
2 485 489
2 486 488
2 486 490
2 491 493
2 491 495
2 492 494
2 492 496
2 497 498
2 497 499
2 500 502
2 500 504
2 501 503
2 501 505
2 506 508
2 506 510
2 507 509
2 507 511
2 512 513
2 512 514
2 515 989
2 515 1538
2 515 1706
2 516 990
2 516 1539
2 516 1707
2 517 519
2 517 520
2 517 691
2 520 1531
2 520 1541
2 521 725
2 521 1749
2 522 539
2 522 726
2 522 1538
2 522 1750
2 523 727
2 523 1751
2 524 540
2 524 728
2 524 1539
2 524 1752
2 525 926
2 525 2560
2 525 2676
2 526 927
2 526 2561
2 526 2677
2 527 528
2 527 529
2 527 644
2 529 2555
2 529 2562
2 530 546
2 530 735
2 530 2560
2 530 2743
2 531 547
2 531 736
2 531 2561
2 531 2744
2 532 962
2 532 1554
2 532 1710
2 533 536
2 533 539
2 533 695
2 534 538
2 534 540
2 534 696
2 539 1549
2 540 1550
2 541 959
2 541 2576
2 541 2717
2 542 544
2 542 546
2 542 683
2 543 545
2 543 547
2 543 684
2 546 2572
2 547 2573
2 548 986
2 548 1566
2 548 1673
2 549 551
2 549 553
2 549 657
2 550 552
2 550 554
2 550 658
2 553 555
2 553 1562
2 554 556
2 554 1563
2 555 769
2 555 1587
2 555 1796
2 556 770
2 556 1588
2 556 1797
2 557 564
2 557 2593
2 557 2705
2 558 561
2 558 565
2 558 669
2 559 563
2 559 566
2 559 670
2 564 673
2 564 674
2 564 675
2 565 568
2 565 2586
2 566 570
2 566 2587
2 567 783
2 567 2805
2 568 784
2 568 2608
2 568 2806
2 569 785
2 569 2807
2 570 786
2 570 2609
2 570 2808
2 571 1001
2 571 1587
2 571 1691
2 572 1002
2 572 1588
2 572 1692
2 573 574
2 573 575
2 573 678
2 575 1567
2 575 1582
2 576 941
2 576 2608
2 576 2685
2 577 942
2 577 2609
2 577 2686
2 578 580
2 578 581
2 578 649
2 581 2595
2 581 2601
2 582 983
2 583 585
2 583 587
2 583 626
2 584 586
2 584 588
2 584 627
2 589 625
2 589 919
2 590 595
2 591 596
2 592 593
2 592 603
2 592 634
2 595 597
2 595 599
2 595 601
2 596 598
2 596 600
2 596 602
2 603 604
2 604 897
2 605 898
2 606 995
2 607 609
2 607 613
2 607 638
2 608 610
2 608 614
2 608 639
2 615 637
2 615 924
2 616 925
2 617 953
2 618 954
2 619 620
2 619 621
2 619 623
2 621 622
2 622 880
2 623 624
2 623 625
2 626 628
2 626 632
2 627 629
2 627 633
2 634 635
2 634 637
2 638 640
2 638 642
2 639 641
2 639 643
2 644 645
2 644 646
2 646 2555
2 646 2678
2 647 676
2 647 843
2 647 2676
2 647 2841
2 648 677
2 648 844
2 648 2677
2 648 2842
2 649 650
2 649 652
2 652 2601
2 652 2687
2 653 689
2 653 823
2 653 2685
2 653 2890
2 654 824
2 654 2891
2 655 690
2 655 825
2 655 2686
2 655 2892
2 656 826
2 656 2893
2 657 659
2 657 663
2 658 660
2 658 664
2 663 665
2 663 1562
2 664 666
2 664 1563
2 665 835
2 665 1706
2 665 1810
2 666 836
2 666 1707
2 666 1811
2 667 837
2 667 1812
2 668 838
2 668 1813
2 669 671
2 669 676
2 670 672
2 670 677
2 676 2586
2 677 2587
2 678 679
2 678 680
2 680 1582
2 680 1693
2 681 699
2 681 809
2 681 1691
2 681 1856
2 682 700
2 682 810
2 682 1692
2 682 1857
2 683 685
2 683 689
2 684 687
2 684 690
2 689 2572
2 690 2573
2 691 692
2 691 694
2 694 1531
2 694 1674
2 695 697
2 695 699
2 696 698
2 696 700
2 699 1549
2 700 1550
2 701 704
2 701 708
2 701 919
2 702 703
2 702 708
2 702 917
2 704 705
2 704 706
2 704 707
2 708 2562
2 709 721
2 709 725
2 709 874
2 710 722
2 710 726
2 710 875
2 711 723
2 711 727
2 711 876
2 712 724
2 712 728
2 712 877
2 713 717
2 713 725
2 713 854
2 714 718
2 714 726
2 714 855
2 715 719
2 715 727
2 715 856
2 716 720
2 716 728
2 716 857
2 721 862
2 721 866
2 721 870
2 722 863
2 722 867
2 722 871
2 723 864
2 723 868
2 723 872
2 724 865
2 724 869
2 724 873
2 729 735
2 729 924
2 729 947
2 730 736
2 730 925
2 730 948
2 731 733
2 731 735
2 731 920
2 732 734
2 732 736
2 732 921
2 737 743
2 737 915
2 737 1019
2 738 744
2 738 916
2 738 1020
2 739 741
2 739 743
2 739 911
2 740 742
2 740 744
2 740 912
2 743 1540
2 744 1541
2 745 751
2 745 759
2 745 885
2 746 752
2 746 760
2 746 886
2 747 749
2 747 759
2 747 881
2 748 750
2 748 760
2 748 882
2 751 753
2 751 755
2 751 757
2 752 754
2 752 756
2 752 758
2 759 2594
2 760 2595
2 761 767
2 761 769
2 761 897
2 762 768
2 762 770
2 762 898
2 763 765
2 763 769
2 763 887
2 764 766
2 764 770
2 764 888
2 767 891
2 767 893
2 767 895
2 768 892
2 768 894
2 768 896
2 771 783
2 771 907
2 771 1007
2 772 784
2 772 908
2 772 1008
2 773 785
2 773 909
2 773 1009
2 774 786
2 774 910
2 774 1010
2 775 779
2 775 783
2 775 899
2 776 780
2 776 784
2 776 900
2 777 781
2 777 785
2 777 901
2 778 782
2 778 786
2 778 902
2 787 790
2 787 880
2 787 938
2 788 789
2 788 790
2 788 878
2 790 1567
2 791 797
2 791 843
2 791 932
2 792 798
2 792 844
2 792 933
2 793 795
2 793 797
2 793 839
2 794 796
2 794 798
2 794 840
2 797 1674
2 798 1675
2 799 802
2 799 847
2 799 998
2 800 801
2 800 802
2 800 845
2 802 2678
2 803 809
2 803 852
2 803 965
2 804 810
2 804 853
2 804 966
2 805 807
2 805 809
2 805 848
2 806 808
2 806 810
2 806 849
2 811 823
2 811 835
2 811 971
2 812 824
2 812 836
2 812 972
2 813 825
2 813 837
2 813 973
2 814 826
2 814 838
2 814 974
2 815 819
2 815 823
2 815 827
2 816 820
2 816 824
2 816 828
2 817 821
2 817 825
2 817 829
2 818 822
2 818 826
2 818 830
2 827 831
2 827 835
2 828 832
2 828 836
2 829 833
2 829 837
2 830 834
2 830 838
2 839 841
2 839 843
2 840 842
2 840 844
2 845 846
2 845 847
2 847 1693
2 848 850
2 848 852
2 849 851
2 849 853
2 852 2687
2 853 2688
2 854 858
2 854 874
2 855 859
2 855 875
2 856 860
2 856 876
2 857 861
2 857 877
2 878 879
2 878 880
2 881 883
2 881 885
2 882 884
2 882 886
2 887 889
2 887 897
2 888 890
2 888 898
2 899 903
2 899 907
2 900 904
2 900 908
2 901 905
2 901 909
2 902 906
2 902 910
2 911 913
2 911 915
2 912 914
2 912 916
2 917 918
2 917 919
2 920 922
2 920 924
2 921 923
2 921 925
2 926 928
2 926 930
2 927 929
2 927 931
2 932 934
2 932 936
2 933 935
2 933 937
2 938 939
2 938 940
2 941 943
2 941 945
2 942 944
2 942 946
2 947 949
2 947 951
2 948 950
2 948 952
2 953 955
2 953 957
2 954 956
2 954 958
2 959 960
2 959 961
2 962 963
2 962 964
2 965 967
2 965 969
2 966 968
2 966 970
2 971 975
2 971 979
2 972 976
2 972 980
2 973 977
2 973 981
2 974 978
2 974 982
2 983 984
2 983 985
2 986 987
2 986 988
2 989 991
2 989 993
2 990 992
2 990 994
2 995 996
2 995 997
2 998 999
2 998 1000
2 1001 1003
2 1001 1005
2 1002 1004
2 1002 1006
2 1007 1011
2 1007 1015
2 1008 1012
2 1008 1016
2 1009 1013
2 1009 1017
2 1010 1014
2 1010 1018
2 1019 1021
2 1019 1023
2 1020 1022
2 1020 1024
2 1025 1501
2 1026 1028
2 1026 1030
2 1026 1196
2 1027 1029
2 1027 1031
2 1027 1197
2 1032 1047
2 1032 1227
2 1033 1420
2 1033 3068
2 1033 3185
2 1034 1421
2 1034 3069
2 1034 3186
2 1035 1036
2 1035 1038
2 1035 1153
2 1038 3061
2 1038 3070
2 1039 1055
2 1039 1240
2 1039 3068
2 1039 3261
2 1040 1241
2 1040 3262
2 1041 1056
2 1041 1242
2 1041 3069
2 1041 3263
2 1042 1243
2 1042 3264
2 1043 1474
2 1044 1475
2 1045 1046
2 1045 1047
2 1045 1204
2 1048 1471
2 1048 3082
2 1048 3222
2 1049 1051
2 1049 1055
2 1049 1190
2 1050 1053
2 1050 1056
2 1050 1191
2 1055 3077
2 1056 3078
2 1057 1495
2 1058 1496
2 1059 1060
2 1059 1062
2 1059 1166
2 1062 1063
2 1063 1268
2 1064 1269
2 1065 1070
2 1065 3097
2 1065 3209
2 1066 1068
2 1066 1071
2 1066 1172
2 1067 1069
2 1067 1072
2 1067 1173
2 1070 1178
2 1070 1179
2 1070 1180
2 1071 1073
2 1071 3091
2 1072 1074
2 1072 3092
2 1073 1276
2 1073 3113
2 1073 3300
2 1074 1277
2 1074 3114
2 1074 3301
2 1075 1516
2 1076 1078
2 1076 1082
2 1076 1183
2 1077 1080
2 1077 1083
2 1077 1184
2 1084 1450
2 1084 3113
2 1084 3193
2 1085 1451
2 1085 3114
2 1085 3194
2 1086 1087
2 1086 1088
2 1086 1161
2 1088 3098
2 1088 3108
2 1089 1489
2 1089 1600
2 1089 1643
2 1090 1490
2 1090 1601
2 1090 1644
2 1091 1092
2 1091 1093
2 1091 1138
2 1093 1595
2 1093 1602
2 1094 1136
2 1094 1406
2 1094 1600
2 1094 1883
2 1095 1137
2 1095 1407
2 1095 1601
2 1095 1884
2 1096 1101
2 1096 1615
2 1096 1648
2 1097 1099
2 1097 1105
2 1097 1141
2 1098 1100
2 1098 1106
2 1098 1142
2 1101 1102
2 1101 1103
2 1101 1104
2 1105 1107
2 1105 1603
2 1106 1108
2 1106 1604
2 1107 1388
2 1107 1643
2 1107 1871
2 1108 1389
2 1108 1644
2 1108 1872
2 1109 1504
2 1109 1624
2 1109 1655
2 1110 1505
2 1110 1625
2 1110 1656
2 1111 1112
2 1111 1114
2 1111 1149
2 1114 1617
2 1114 1626
2 1115 1147
2 1115 1416
2 1115 1624
2 1115 1899
2 1116 1148
2 1116 1417
2 1116 1625
2 1116 1900
2 1117 1418
2 1117 1901
2 1118 1419
2 1118 1902
2 1119 1468
2 1119 1633
2 1119 1638
2 1120 1124
2 1120 1126
2 1120 1132
2 1121 1125
2 1121 1127
2 1121 1133
2 1126 1130
2 1126 1628
2 1127 1131
2 1127 1629
2 1128 1371
2 1128 1911
2 1129 1372
2 1129 1912
2 1130 1373
2 1130 1655
2 1130 1913
2 1131 1374
2 1131 1656
2 1131 1914
2 1132 1134
2 1132 1136
2 1133 1135
2 1133 1137
2 1136 1628
2 1137 1629
2 1138 1139
2 1138 1140
2 1140 1595
2 1140 1616
2 1141 1143
2 1141 1147
2 1142 1144
2 1142 1148
2 1147 1603
2 1148 1604
2 1149 1151
2 1149 1152
2 1152 1617
2 1152 1635
2 1153 1155
2 1153 1156
2 1156 3061
2 1156 3188
2 1157 1344
2 1157 3352
2 1158 1181
2 1158 1345
2 1158 3185
2 1158 3353
2 1159 1346
2 1159 3354
2 1160 1182
2 1160 1347
2 1160 3186
2 1160 3355
2 1161 1162
2 1161 1163
2 1163 3108
2 1163 3195
2 1164 1194
2 1164 1328
2 1164 3193
2 1164 3393
2 1165 1195
2 1165 1329
2 1165 3194
2 1165 3394
2 1166 1167
2 1166 1169
2 1169 1170
2 1170 1334
2 1171 1335
2 1172 1175
2 1172 1181
2 1173 1177
2 1173 1182
2 1181 3091
2 1182 3092
2 1183 1185
2 1183 1187
2 1184 1186
2 1184 1188
2 1189 1206
2 1189 1321
2 1190 1192
2 1190 1194
2 1191 1193
2 1191 1195
2 1194 3077
2 1195 3078
2 1196 1198
2 1196 1202
2 1197 1199
2 1197 1203
2 1204 1205
2 1204 1206
2 1207 1213
2 1207 1221
2 1207 1406
2 1208 1214
2 1208 1222
2 1208 1407
2 1209 1211
2 1209 1221
2 1209 1402
2 1210 1212
2 1210 1222
2 1210 1403
2 1213 1215
2 1213 1217
2 1213 1219
2 1214 1216
2 1214 1218
2 1214 1220
2 1221 3070
2 1222 3071
2 1223 1226
2 1223 1227
2 1223 1362
2 1224 1225
2 1224 1227
2 1224 1357
2 1226 1359
2 1226 1360
2 1226 1361
2 1228 1240
2 1228 1416
2 1228 1456
2 1229 1241
2 1229 1417
2 1229 1457
2 1230 1242
2 1230 1418
2 1230 1458
2 1231 1243
2 1231 1419
2 1231 1459
2 1232 1236
2 1232 1240
2 1232 1408
2 1233 1237
2 1233 1241
2 1233 1409
2 1234 1238
2 1234 1242
2 1234 1410
2 1235 1239
2 1235 1243
2 1235 1411
2 1244 1250
2 1244 1400
2 1244 1525
2 1245 1251
2 1245 1401
2 1245 1526
2 1246 1248
2 1246 1250
2 1246 1396
2 1247 1249
2 1247 1251
2 1247 1397
2 1252 1255
2 1252 1259
2 1252 1377
2 1253 1254
2 1253 1259
2 1253 1375
2 1255 1256
2 1255 1257
2 1255 1258
2 1259 3098
2 1260 1266
2 1260 1268
2 1260 1388
2 1261 1267
2 1261 1269
2 1261 1389
2 1262 1264
2 1262 1268
2 1262 1378
2 1263 1265
2 1263 1269
2 1263 1379
2 1266 1382
2 1266 1384
2 1266 1386
2 1267 1383
2 1267 1385
2 1267 1387
2 1270 1276
2 1270 1394
2 1270 1519
2 1271 1277
2 1271 1395
2 1271 1520
2 1272 1274
2 1272 1276
2 1272 1390
2 1273 1275
2 1273 1277
2 1273 1391
2 1278 1290
2 1278 1371
2 1278 1438
2 1279 1291
2 1279 1372
2 1279 1439
2 1280 1292
2 1280 1373
2 1280 1440
2 1281 1293
2 1281 1374
2 1281 1441
2 1282 1286
2 1282 1290
2 1282 1363
2 1283 1287
2 1283 1291
2 1283 1364
2 1284 1288
2 1284 1292
2 1284 1365
2 1285 1289
2 1285 1293
2 1285 1366
2 1294 1306
2 1294 1344
2 1294 1426
2 1295 1307
2 1295 1345
2 1295 1427
2 1296 1308
2 1296 1346
2 1296 1428
2 1297 1309
2 1297 1347
2 1297 1429
2 1298 1302
2 1298 1306
2 1298 1336
2 1299 1303
2 1299 1307
2 1299 1337
2 1300 1304
2 1300 1308
2 1300 1338
2 1301 1305
2 1301 1309
2 1301 1339
2 1310 1316
2 1310 1352
2 1310 1510
2 1311 1317
2 1311 1353
2 1311 1511
2 1312 1314
2 1312 1316
2 1312 1348
2 1313 1315
2 1313 1317
2 1313 1349
2 1316 3187
2 1317 3188
2 1318 1321
2 1318 1356
2 1318 1480
2 1319 1320
2 1319 1321
2 1319 1354
2 1322 1328
2 1322 1334
2 1322 1483
2 1323 1329
2 1323 1335
2 1323 1484
2 1324 1326
2 1324 1328
2 1324 1330
2 1325 1327
2 1325 1329
2 1325 1331
2 1330 1332
2 1330 1334
2 1331 1333
2 1331 1335
2 1336 1340
2 1336 1344
2 1337 1341
2 1337 1345
2 1338 1342
2 1338 1346
2 1339 1343
2 1339 1347
2 1348 1350
2 1348 1352
2 1349 1351
2 1349 1353
2 1354 1355
2 1354 1356
2 1356 3195
2 1357 1358
2 1357 1362
2 1362 1616
2 1363 1367
2 1363 1371
2 1364 1368
2 1364 1372
2 1365 1369
2 1365 1373
2 1366 1370
2 1366 1374
2 1375 1376
2 1375 1377
2 1377 1602
2 1378 1380
2 1378 1388
2 1379 1381
2 1379 1389
2 1390 1392
2 1390 1394
2 1391 1393
2 1391 1395
2 1394 1626
2 1395 1627
2 1396 1398
2 1396 1400
2 1397 1399
2 1397 1401
2 1400 1634
2 1401 1635
2 1402 1404
2 1402 1406
2 1403 1405
2 1403 1407
2 1408 1412
2 1408 1416
2 1409 1413
2 1409 1417
2 1410 1414
2 1410 1418
2 1411 1415
2 1411 1419
2 1420 1422
2 1420 1424
2 1421 1423
2 1421 1425
2 1426 1430
2 1426 1434
2 1427 1431
2 1427 1435
2 1428 1432
2 1428 1436
2 1429 1433
2 1429 1437
2 1438 1442
2 1438 1446
2 1439 1443
2 1439 1447
2 1440 1444
2 1440 1448
2 1441 1445
2 1441 1449
2 1450 1452
2 1450 1454
2 1451 1453
2 1451 1455
2 1456 1460
2 1456 1464
2 1457 1461
2 1457 1465
2 1458 1462
2 1458 1466
2 1459 1463
2 1459 1467
2 1468 1469
2 1468 1470
2 1471 1472
2 1471 1473
2 1474 1476
2 1474 1478
2 1475 1477
2 1475 1479
2 1480 1481
2 1480 1482
2 1483 1485
2 1483 1487
2 1484 1486
2 1484 1488
2 1489 1491
2 1489 1493
2 1490 1492
2 1490 1494
2 1495 1497
2 1495 1499
2 1496 1498
2 1496 1500
2 1501 1502
2 1501 1503
2 1504 1506
2 1504 1508
2 1505 1507
2 1505 1509
2 1510 1512
2 1510 1514
2 1511 1513
2 1511 1515
2 1516 1517
2 1516 1518
2 1519 1521
2 1519 1523
2 1520 1522
2 1520 1524
2 1525 1527
2 1525 1529
2 1526 1528
2 1526 1530
2 1531 1993
2 1532 1535
2 1532 1538
2 1532 1700
2 1533 1537
2 1533 1539
2 1533 1701
2 1540 1727
2 1541 1554
2 1541 1728
2 1542 1924
2 1542 3573
2 1542 3687
2 1543 1925
2 1543 3574
2 1543 3688
2 1544 1545
2 1544 1546
2 1544 1657
2 1546 3568
2 1546 3575
2 1547 1560
2 1547 1735
2 1547 3573
2 1547 3749
2 1548 1561
2 1548 1736
2 1548 3574
2 1548 3750
2 1549 1969
2 1550 1970
2 1551 1553
2 1551 1554
2 1551 1708
2 1555 1966
2 1555 3586
2 1555 3724
2 1556 1558
2 1556 1560
2 1556 1694
2 1557 1559
2 1557 1561
2 1557 1695
2 1560 3582
2 1561 3583
2 1562 1987
2 1563 1988
2 1564 1565
2 1564 1566
2 1564 1670
2 1566 1567
2 1567 1773
2 1568 1575
2 1568 3600
2 1568 3711
2 1569 1572
2 1569 1576
2 1569 1676
2 1570 1574
2 1570 1577
2 1570 1677
2 1575 1682
2 1575 1683
2 1575 1684
2 1576 1579
2 1576 3593
2 1577 1581
2 1577 3594
2 1578 1786
2 1578 3809
2 1579 1787
2 1579 3617
2 1579 3810
2 1580 1788
2 1580 3811
2 1581 1789
2 1581 3618
2 1581 3812
2 1582 2005
2 1583 1585
2 1583 1587
2 1583 1687
2 1584 1586
2 1584 1588
2 1584 1688
2 1589 1948
2 1589 3617
2 1589 3695
2 1590 1949
2 1590 3618
2 1590 3696
2 1591 1593
2 1591 1594
2 1591 1665
2 1594 3602
2 1594 3610
2 1595 1984
2 1596 1598
2 1596 1600
2 1596 1639
2 1597 1599
2 1597 1601
2 1597 1640
2 1602 1638
2 1602 1917
2 1603 1607
2 1604 1608
2 1605 1606
2 1605 1615
2 1605 1645
2 1607 1609
2 1607 1611
2 1607 1613
2 1608 1610
2 1608 1612
2 1608 1614
2 1615 1616
2 1616 1890
2 1617 1996
2 1618 1620
2 1618 1624
2 1618 1649
2 1619 1621
2 1619 1625
2 1619 1650
2 1626 1648
2 1626 1922
2 1627 1923
2 1628 1960
2 1629 1961
2 1630 1632
2 1630 1633
2 1630 1636
2 1633 1635
2 1634 1877
2 1635 1878
2 1636 1637
2 1636 1638
2 1639 1641
2 1639 1643
2 1640 1642
2 1640 1644
2 1645 1646
2 1645 1648
2 1649 1653
2 1649 1655
2 1650 1654
2 1650 1656
2 1657 1659
2 1657 1660
2 1660 3568
2 1660 3690
2 1661 1848
2 1661 3854
2 1662 1685
2 1662 1849
2 1662 3687
2 1662 3855
2 1663 1850
2 1663 3856
2 1664 1686
2 1664 1851
2 1664 3688
2 1664 3857
2 1665 1666
2 1665 1667
2 1667 3610
2 1667 3697
2 1668 1698
2 1668 1832
2 1668 3695
2 1668 3895
2 1669 1699
2 1669 1833
2 1669 3696
2 1669 3896
2 1670 1671
2 1670 1673
2 1673 1674
2 1674 1838
2 1675 1839
2 1676 1679
2 1676 1685
2 1677 1681
2 1677 1686
2 1685 3593
2 1686 3594
2 1687 1689
2 1687 1691
2 1688 1690
2 1688 1692
2 1693 1710
2 1693 1825
2 1694 1696
2 1694 1698
2 1695 1697
2 1695 1699
2 1698 3582
2 1699 3583
2 1700 1702
2 1700 1706
2 1701 1703
2 1701 1707
2 1708 1709
2 1708 1710
2 1711 1714
2 1711 1718
2 1711 1917
2 1712 1713
2 1712 1718
2 1712 1915
2 1714 1715
2 1714 1716
2 1714 1717
2 1718 3575
2 1719 1725
2 1719 1727
2 1719 1871
2 1720 1726
2 1720 1728
2 1720 1872
2 1721 1723
2 1721 1727
2 1721 1861
2 1722 1724
2 1722 1728
2 1722 1862
2 1725 1865
2 1725 1867
2 1725 1869
2 1726 1866
2 1726 1868
2 1726 1870
2 1729 1735
2 1729 1922
2 1729 1954
2 1730 1736
2 1730 1923
2 1730 1955
2 1731 1733
2 1731 1735
2 1731 1918
2 1732 1734
2 1732 1736
2 1732 1919
2 1737 1749
2 1737 1911
2 1737 2020
2 1738 1750
2 1738 1912
2 1738 2021
2 1739 1751
2 1739 1913
2 1739 2022
2 1740 1752
2 1740 1914
2 1740 2023
2 1741 1745
2 1741 1749
2 1741 1903
2 1742 1746
2 1742 1750
2 1742 1904
2 1743 1747
2 1743 1751
2 1743 1905
2 1744 1748
2 1744 1752
2 1744 1906
2 1753 1759
2 1753 1767
2 1753 1883
2 1754 1760
2 1754 1768
2 1754 1884
2 1755 1757
2 1755 1767
2 1755 1879
2 1756 1758
2 1756 1768
2 1756 1880
2 1759 1761
2 1759 1763
2 1759 1765
2 1760 1762
2 1760 1764
2 1760 1766
2 1767 3601
2 1768 3602
2 1769 1772
2 1769 1773
2 1769 1890
2 1770 1771
2 1770 1773
2 1770 1885
2 1772 1887
2 1772 1888
2 1772 1889
2 1774 1786
2 1774 1899
2 1774 2008
2 1775 1787
2 1775 1900
2 1775 2009
2 1776 1788
2 1776 1901
2 1776 2010
2 1777 1789
2 1777 1902
2 1777 2011
2 1778 1782
2 1778 1786
2 1778 1891
2 1779 1783
2 1779 1787
2 1779 1892
2 1780 1784
2 1780 1788
2 1780 1893
2 1781 1785
2 1781 1789
2 1781 1894
2 1790 1796
2 1790 1877
2 1790 1942
2 1791 1797
2 1791 1878
2 1791 1943
2 1792 1794
2 1792 1796
2 1792 1873
2 1793 1795
2 1793 1797
2 1793 1874
2 1798 1810
2 1798 1848
2 1798 1930
2 1799 1811
2 1799 1849
2 1799 1931
2 1800 1812
2 1800 1850
2 1800 1932
2 1801 1813
2 1801 1851
2 1801 1933
2 1802 1806
2 1802 1810
2 1802 1840
2 1803 1807
2 1803 1811
2 1803 1841
2 1804 1808
2 1804 1812
2 1804 1842
2 1805 1809
2 1805 1813
2 1805 1843
2 1814 1820
2 1814 1856
2 1814 1999
2 1815 1821
2 1815 1857
2 1815 2000
2 1816 1818
2 1816 1820
2 1816 1852
2 1817 1819
2 1817 1821
2 1817 1853
2 1820 3689
2 1821 3690
2 1822 1825
2 1822 1860
2 1822 1975
2 1823 1824
2 1823 1825
2 1823 1858
2 1826 1832
2 1826 1838
2 1826 1978
2 1827 1833
2 1827 1839
2 1827 1979
2 1828 1830
2 1828 1832
2 1828 1834
2 1829 1831
2 1829 1833
2 1829 1835
2 1834 1836
2 1834 1838
2 1835 1837
2 1835 1839
2 1840 1844
2 1840 1848
2 1841 1845
2 1841 1849
2 1842 1846
2 1842 1850
2 1843 1847
2 1843 1851
2 1852 1854
2 1852 1856
2 1853 1855
2 1853 1857
2 1858 1859
2 1858 1860
2 1860 3697
2 1861 1863
2 1861 1871
2 1862 1864
2 1862 1872
2 1873 1875
2 1873 1877
2 1874 1876
2 1874 1878
2 1879 1881
2 1879 1883
2 1880 1882
2 1880 1884
2 1885 1886
2 1885 1890
2 1891 1895
2 1891 1899
2 1892 1896
2 1892 1900
2 1893 1897
2 1893 1901
2 1894 1898
2 1894 1902
2 1903 1907
2 1903 1911
2 1904 1908
2 1904 1912
2 1905 1909
2 1905 1913
2 1906 1910
2 1906 1914
2 1915 1916
2 1915 1917
2 1918 1920
2 1918 1922
2 1919 1921
2 1919 1923
2 1924 1926
2 1924 1928
2 1925 1927
2 1925 1929
2 1930 1934
2 1930 1938
2 1931 1935
2 1931 1939
2 1932 1936
2 1932 1940
2 1933 1937
2 1933 1941
2 1942 1944
2 1942 1946
2 1943 1945
2 1943 1947
2 1948 1950
2 1948 1952
2 1949 1951
2 1949 1953
2 1954 1956
2 1954 1958
2 1955 1957
2 1955 1959
2 1960 1962
2 1960 1964
2 1961 1963
2 1961 1965
2 1966 1967
2 1966 1968
2 1969 1971
2 1969 1973
2 1970 1972
2 1970 1974
2 1975 1976
2 1975 1977
2 1978 1980
2 1978 1982
2 1979 1981
2 1979 1983
2 1984 1985
2 1984 1986
2 1987 1989
2 1987 1991
2 1988 1990
2 1988 1992
2 1993 1994
2 1993 1995
2 1996 1997
2 1996 1998
2 1999 2001
2 1999 2003
2 2000 2002
2 2000 2004
2 2005 2006
2 2005 2007
2 2008 2012
2 2008 2016
2 2009 2013
2 2009 2017
2 2010 2014
2 2010 2018
2 2011 2015
2 2011 2019
2 2020 2024
2 2020 2028
2 2021 2025
2 2021 2029
2 2022 2026
2 2022 2030
2 2023 2027
2 2023 2031
2 2032 2515
2 2032 3058
2 2032 3227
2 2033 2516
2 2033 3059
2 2033 3228
2 2034 2035
2 2034 2036
2 2034 2207
2 2036 3053
2 2036 3060
2 2037 2055
2 2037 2258
2 2037 3058
2 2037 3284
2 2038 2056
2 2038 2259
2 2038 3059
2 2038 3285
2 2039 2455
2 2040 2042
2 2040 2046
2 2040 2161
2 2041 2044
2 2041 2047
2 2041 2162
2 2048 2062
2 2048 2266
2 2049 2267
2 2050 2485
2 2050 3076
2 2050 3232
2 2051 2053
2 2051 2055
2 2051 2210
2 2052 2054
2 2052 2056
2 2052 2211
2 2055 3072
2 2056 3073
2 2057 2479
2 2058 2480
2 2059 2060
2 2059 2062
2 2059 2203
2 2063 2512
2 2063 3088
2 2063 3198
2 2064 2066
2 2064 2070
2 2064 2178
2 2065 2068
2 2065 2071
2 2065 2179
2 2070 2072
2 2070 3083
2 2071 2074
2 2071 3084
2 2072 2304
2 2072 3106
2 2072 3328
2 2073 2305
2 2073 3329
2 2074 2306
2 2074 3107
2 2074 3330
2 2075 2307
2 2075 3331
2 2076 2080
2 2077 2081
2 2078 2079
2 2078 2082
2 2078 2186
2 2080 2188
2 2080 2190
2 2080 2192
2 2081 2189
2 2081 2191
2 2081 2193
2 2082 2083
2 2083 2311
2 2084 2533
2 2084 3106
2 2084 3216
2 2085 2534
2 2085 3107
2 2085 3217
2 2086 2087
2 2086 2089
2 2086 2195
2 2089 3089
2 2089 3099
2 2090 2467
2 2091 2093
2 2091 2095
2 2091 2168
2 2092 2094
2 2092 2096
2 2092 2169
2 2097 2506
2 2097 2617
2 2097 2661
2 2098 2507
2 2098 2618
2 2098 2662
2 2099 2101
2 2099 2102
2 2099 2148
2 2102 2610
2 2102 2620
2 2103 2445
2 2103 2929
2 2104 2446
2 2104 2930
2 2105 2146
2 2105 2447
2 2105 2617
2 2105 2931
2 2106 2147
2 2106 2448
2 2106 2618
2 2106 2932
2 2107 2114
2 2107 2634
2 2107 2665
2 2108 2110
2 2108 2118
2 2108 2152
2 2109 2111
2 2109 2119
2 2109 2153
2 2114 2115
2 2114 2116
2 2114 2117
2 2118 2120
2 2118 2621
2 2119 2121
2 2119 2622
2 2120 2427
2 2120 2661
2 2120 2914
2 2121 2428
2 2121 2662
2 2121 2915
2 2122 2429
2 2122 2916
2 2123 2430
2 2123 2917
2 2124 2521
2 2124 2642
2 2124 2670
2 2125 2522
2 2125 2643
2 2125 2671
2 2126 2127
2 2126 2128
2 2126 2158
2 2128 2637
2 2128 2644
2 2129 2156
2 2129 2453
2 2129 2642
2 2129 2949
2 2130 2157
2 2130 2454
2 2130 2643
2 2130 2950
2 2131 2476
2 2131 2649
2 2131 2654
2 2132 2134
2 2132 2136
2 2132 2140
2 2133 2135
2 2133 2137
2 2133 2141
2 2136 2138
2 2136 2645
2 2137 2139
2 2137 2646
2 2138 2399
2 2138 2670
2 2138 2955
2 2139 2400
2 2139 2671
2 2139 2956
2 2140 2144
2 2140 2146
2 2141 2145
2 2141 2147
2 2146 2645
2 2147 2646
2 2148 2149
2 2148 2151
2 2151 2610
2 2151 2635
2 2152 2154
2 2152 2156
2 2153 2155
2 2153 2157
2 2156 2621
2 2157 2622
2 2158 2159
2 2158 2160
2 2160 2637
2 2160 2650
2 2161 2163
2 2161 2165
2 2162 2164
2 2162 2166
2 2167 2194
2 2167 2364
2 2168 2170
2 2168 2174
2 2169 2172
2 2169 2175
2 2176 2206
2 2176 2354
2 2177 2355
2 2178 2180
2 2178 2182
2 2179 2181
2 2179 2183
2 2182 2184
2 2182 3083
2 2183 2185
2 2183 3084
2 2184 2360
2 2184 3227
2 2184 3338
2 2185 2361
2 2185 3228
2 2185 3339
2 2186 2187
2 2186 2194
2 2195 2197
2 2195 2198
2 2198 3099
2 2198 3219
2 2199 2344
2 2199 3385
2 2200 2345
2 2200 3386
2 2201 2216
2 2201 2346
2 2201 3216
2 2201 3387
2 2202 2217
2 2202 2347
2 2202 3217
2 2202 3388
2 2203 2204
2 2203 2206
2 2207 2208
2 2207 2209
2 2209 3053
2 2209 3199
2 2210 2214
2 2210 2216
2 2211 2215
2 2211 2217
2 2216 3072
2 2217 3073
2 2218 2230
2 2218 2246
2 2218 2445
2 2219 2231
2 2219 2247
2 2219 2446
2 2220 2232
2 2220 2248
2 2220 2447
2 2221 2233
2 2221 2249
2 2221 2448
2 2222 2226
2 2222 2246
2 2222 2437
2 2223 2227
2 2223 2247
2 2223 2438
2 2224 2228
2 2224 2248
2 2224 2439
2 2225 2229
2 2225 2249
2 2225 2440
2 2230 2234
2 2230 2238
2 2230 2242
2 2231 2235
2 2231 2239
2 2231 2243
2 2232 2236
2 2232 2240
2 2232 2244
2 2233 2237
2 2233 2241
2 2233 2245
2 2250 2256
2 2250 2258
2 2250 2393
2 2251 2257
2 2251 2259
2 2251 2394
2 2252 2254
2 2252 2258
2 2252 2383
2 2253 2255
2 2253 2259
2 2253 2384
2 2256 2387
2 2256 2389
2 2256 2391
2 2257 2388
2 2257 2390
2 2257 2392
2 2260 2266
2 2260 2453
2 2260 2470
2 2261 2267
2 2261 2454
2 2261 2471
2 2262 2264
2 2262 2266
2 2262 2449
2 2263 2265
2 2263 2267
2 2263 2450
2 2268 2271
2 2268 2436
2 2268 2542
2 2269 2270
2 2269 2271
2 2269 2434
2 2271 3060
2 2272 2278
2 2272 2286
2 2272 2405
2 2273 2279
2 2273 2287
2 2273 2406
2 2274 2276
2 2274 2286
2 2274 2401
2 2275 2277
2 2275 2287
2 2275 2402
2 2278 2280
2 2278 2282
2 2278 2284
2 2279 2281
2 2279 2283
2 2279 2285
2 2288 2300
2 2288 2304
2 2288 2427
2 2289 2301
2 2289 2305
2 2289 2428
2 2290 2302
2 2290 2306
2 2290 2429
2 2291 2303
2 2291 2307
2 2291 2430
2 2292 2296
2 2292 2304
2 2292 2407
2 2293 2297
2 2293 2305
2 2293 2408
2 2294 2298
2 2294 2306
2 2294 2409
2 2295 2299
2 2295 2307
2 2295 2410
2 2300 2415
2 2300 2419
2 2300 2423
2 2301 2416
2 2301 2420
2 2301 2424
2 2302 2417
2 2302 2421
2 2302 2425
2 2303 2418
2 2303 2422
2 2303 2426
2 2308 2311
2 2308 2433
2 2308 2539
2 2309 2310
2 2309 2311
2 2309 2431
2 2312 2318
2 2312 2399
2 2312 2461
2 2313 2319
2 2313 2400
2 2313 2462
2 2314 2316
2 2314 2318
2 2314 2395
2 2315 2317
2 2315 2319
2 2315 2396
2 2318 3089
2 2319 3090
2 2320 2323
2 2320 2364
2 2320 2458
2 2321 2322
2 2321 2323
2 2321 2362
2 2323 3199
2 2324 2330
2 2324 2369
2 2324 2527
2 2325 2331
2 2325 2370
2 2325 2528
2 2326 2328
2 2326 2330
2 2326 2365
2 2327 2329
2 2327 2331
2 2327 2366
2 2332 2344
2 2332 2379
2 2332 2488
2 2333 2345
2 2333 2380
2 2333 2489
2 2334 2346
2 2334 2381
2 2334 2490
2 2335 2347
2 2335 2382
2 2335 2491
2 2336 2340
2 2336 2344
2 2336 2371
2 2337 2341
2 2337 2345
2 2337 2372
2 2338 2342
2 2338 2346
2 2338 2373
2 2339 2343
2 2339 2347
2 2339 2374
2 2348 2354
2 2348 2360
2 2348 2500
2 2349 2355
2 2349 2361
2 2349 2501
2 2350 2352
2 2350 2354
2 2350 2356
2 2351 2353
2 2351 2355
2 2351 2357
2 2356 2358
2 2356 2360
2 2357 2359
2 2357 2361
2 2362 2363
2 2362 2364
2 2365 2367
2 2365 2369
2 2366 2368
2 2366 2370
2 2369 3218
2 2370 3219
2 2371 2375
2 2371 2379
2 2372 2376
2 2372 2380
2 2373 2377
2 2373 2381
2 2374 2378
2 2374 2382
2 2383 2385
2 2383 2393
2 2384 2386
2 2384 2394
2 2393 2635
2 2394 2636
2 2395 2397
2 2395 2399
2 2396 2398
2 2396 2400
2 2401 2403
2 2401 2405
2 2402 2404
2 2402 2406
2 2405 2619
2 2406 2620
2 2407 2411
2 2407 2427
2 2408 2412
2 2408 2428
2 2409 2413
2 2409 2429
2 2410 2414
2 2410 2430
2 2431 2432
2 2431 2433
2 2433 2644
2 2434 2435
2 2434 2436
2 2436 2650
2 2437 2441
2 2437 2445
2 2438 2442
2 2438 2446
2 2439 2443
2 2439 2447
2 2440 2444
2 2440 2448
2 2449 2451
2 2449 2453
2 2450 2452
2 2450 2454
2 2455 2456
2 2455 2457
2 2458 2459
2 2458 2460
2 2461 2463
2 2461 2465
2 2462 2464
2 2462 2466
2 2467 2468
2 2467 2469
2 2470 2472
2 2470 2474
2 2471 2473
2 2471 2475
2 2476 2477
2 2476 2478
2 2479 2481
2 2479 2483
2 2480 2482
2 2480 2484
2 2485 2486
2 2485 2487
2 2488 2492
2 2488 2496
2 2489 2493
2 2489 2497
2 2490 2494
2 2490 2498
2 2491 2495
2 2491 2499
2 2500 2502
2 2500 2504
2 2501 2503
2 2501 2505
2 2506 2508
2 2506 2510
2 2507 2509
2 2507 2511
2 2512 2513
2 2512 2514
2 2515 2517
2 2515 2519
2 2516 2518
2 2516 2520
2 2521 2523
2 2521 2525
2 2522 2524
2 2522 2526
2 2527 2529
2 2527 2531
2 2528 2530
2 2528 2532
2 2533 2535
2 2533 2537
2 2534 2536
2 2534 2538
2 2539 2540
2 2539 2541
2 2542 2543
2 2542 2544
2 2545 3020
2 2545 3564
2 2545 3729
2 2546 3021
2 2546 3565
2 2546 3730
2 2547 2549
2 2547 2550
2 2547 2718
2 2550 3557
2 2550 3567
2 2551 2761
2 2551 3777
2 2552 2570
2 2552 2762
2 2552 3564
2 2552 3778
2 2553 2763
2 2553 3779
2 2554 2571
2 2554 2764
2 2554 3565
2 2554 3780
2 2555 2966
2 2556 2558
2 2556 2560
2 2556 2672
2 2557 2559
2 2557 2561
2 2557 2673
2 2562 2576
2 2562 2768
2 2563 2993
2 2563 3581
2 2563 3734
2 2564 2567
2 2564 2570
2 2564 2721
2 2565 2569
2 2565 2571
2 2565 2722
2 2570 3576
2 2571 3577
2 2572 2987
2 2573 2988
2 2574 2575
2 2574 2576
2 2574 2714
2 2577 3017
2 2577 3591
2 2577 3700
2 2578 2580
2 2578 2582
2 2578 2689
2 2579 2581
2 2579 2583
2 2579 2690
2 2582 2584
2 2582 3587
2 2583 2585
2 2583 3588
2 2584 2817
2 2584 3608
2 2584 3832
2 2585 2818
2 2585 3609
2 2585 3833
2 2586 2591
2 2587 2592
2 2588 2590
2 2588 2593
2 2588 2697
2 2591 2699
2 2591 2701
2 2591 2703
2 2592 2700
2 2592 2702
2 2592 2704
2 2593 2595
2 2594 2825
2 2595 2826
2 2596 3035
2 2596 3608
2 2596 3718
2 2597 3036
2 2597 3609
2 2597 3719
2 2598 2599
2 2598 2600
2 2598 2706
2 2600 3592
2 2600 3603
2 2601 2975
2 2602 2605
2 2602 2608
2 2602 2679
2 2603 2607
2 2603 2609
2 2603 2680
2 2610 3014
2 2611 2615
2 2611 2617
2 2611 2655
2 2612 2616
2 2612 2618
2 2612 2656
2 2619 2961
2 2620 2654
2 2620 2962
2 2621 2626
2 2622 2627
2 2623 2624
2 2623 2634
2 2623 2663
2 2626 2628
2 2626 2630
2 2626 2632
2 2627 2629
2 2627 2631
2 2627 2633
2 2634 2635
2 2635 2943
2 2636 2944
2 2637 3026
2 2638 2640
2 2638 2642
2 2638 2666
2 2639 2641
2 2639 2643
2 2639 2667
2 2644 2665
2 2644 2965
2 2645 2981
2 2646 2982
2 2647 2648
2 2647 2649
2 2647 2651
2 2649 2650
2 2650 2920
2 2651 2653
2 2651 2654
2 2655 2657
2 2655 2661
2 2656 2658
2 2656 2662
2 2663 2664
2 2663 2665
2 2666 2668
2 2666 2670
2 2667 2669
2 2667 2671
2 2672 2674
2 2672 2676
2 2673 2675
2 2673 2677
2 2678 2705
2 2678 2875
2 2679 2681
2 2679 2685
2 2680 2683
2 2680 2686
2 2687 2717
2 2687 2865
2 2688 2866
2 2689 2691
2 2689 2693
2 2690 2692
2 2690 2694
2 2693 2695
2 2693 3587
2 2694 2696
2 2694 3588
2 2695 2871
2 2695 3729
2 2695 3840
2 2696 2872
2 2696 3730
2 2696 3841
2 2697 2698
2 2697 2705
2 2706 2708
2 2706 2709
2 2709 3603
2 2709 3721
2 2710 2855
2 2710 3887
2 2711 2856
2 2711 3888
2 2712 2727
2 2712 2857
2 2712 3718
2 2712 3889
2 2713 2728
2 2713 2858
2 2713 3719
2 2713 3890
2 2714 2715
2 2714 2717
2 2718 2719
2 2718 2720
2 2720 3557
2 2720 3701
2 2721 2725
2 2721 2727
2 2722 2726
2 2722 2728
2 2727 3576
2 2728 3577
2 2729 2735
2 2729 2743
2 2729 2961
2 2730 2736
2 2730 2744
2 2730 2962
2 2731 2733
2 2731 2743
2 2731 2957
2 2732 2734
2 2732 2744
2 2732 2958
2 2735 2737
2 2735 2739
2 2735 2741
2 2736 2738
2 2736 2740
2 2736 2742
2 2745 2757
2 2745 2761
2 2745 2914
2 2746 2758
2 2746 2762
2 2746 2915
2 2747 2759
2 2747 2763
2 2747 2916
2 2748 2760
2 2748 2764
2 2748 2917
2 2749 2753
2 2749 2761
2 2749 2894
2 2750 2754
2 2750 2762
2 2750 2895
2 2751 2755
2 2751 2763
2 2751 2896
2 2752 2756
2 2752 2764
2 2752 2897
2 2757 2902
2 2757 2906
2 2757 2910
2 2758 2903
2 2758 2907
2 2758 2911
2 2759 2904
2 2759 2908
2 2759 2912
2 2760 2905
2 2760 2909
2 2760 2913
2 2765 2768
2 2765 2965
2 2765 2978
2 2766 2767
2 2766 2768
2 2766 2963
2 2769 2775
2 2769 2955
2 2769 3047
2 2770 2776
2 2770 2956
2 2770 3048
2 2771 2773
2 2771 2775
2 2771 2951
2 2772 2774
2 2772 2776
2 2772 2952
2 2775 3566
2 2776 3567
2 2777 2789
2 2777 2805
2 2777 2929
2 2778 2790
2 2778 2806
2 2778 2930
2 2779 2791
2 2779 2807
2 2779 2931
2 2780 2792
2 2780 2808
2 2780 2932
2 2781 2785
2 2781 2805
2 2781 2921
2 2782 2786
2 2782 2806
2 2782 2922
2 2783 2787
2 2783 2807
2 2783 2923
2 2784 2788
2 2784 2808
2 2784 2924
2 2789 2793
2 2789 2797
2 2789 2801
2 2790 2794
2 2790 2798
2 2790 2802
2 2791 2795
2 2791 2799
2 2791 2803
2 2792 2796
2 2792 2800
2 2792 2804
2 2809 2815
2 2809 2817
2 2809 2943
2 2810 2816
2 2810 2818
2 2810 2944
2 2811 2813
2 2811 2817
2 2811 2933
2 2812 2814
2 2812 2818
2 2812 2934
2 2815 2937
2 2815 2939
2 2815 2941
2 2816 2938
2 2816 2940
2 2816 2942
2 2819 2825
2 2819 2949
2 2819 3041
2 2820 2826
2 2820 2950
2 2820 3042
2 2821 2823
2 2821 2825
2 2821 2945
2 2822 2824
2 2822 2826
2 2822 2946
2 2827 2830
2 2827 2920
2 2827 2972
2 2828 2829
2 2828 2830
2 2828 2918
2 2830 3592
2 2831 2834
2 2831 2875
2 2831 2969
2 2832 2833
2 2832 2834
2 2832 2873
2 2834 3701
2 2835 2841
2 2835 2880
2 2835 3029
2 2836 2842
2 2836 2881
2 2836 3030
2 2837 2839
2 2837 2841
2 2837 2876
2 2838 2840
2 2838 2842
2 2838 2877
2 2843 2855
2 2843 2890
2 2843 2996
2 2844 2856
2 2844 2891
2 2844 2997
2 2845 2857
2 2845 2892
2 2845 2998
2 2846 2858
2 2846 2893
2 2846 2999
2 2847 2851
2 2847 2855
2 2847 2882
2 2848 2852
2 2848 2856
2 2848 2883
2 2849 2853
2 2849 2857
2 2849 2884
2 2850 2854
2 2850 2858
2 2850 2885
2 2859 2865
2 2859 2871
2 2859 3008
2 2860 2866
2 2860 2872
2 2860 3009
2 2861 2863
2 2861 2865
2 2861 2867
2 2862 2864
2 2862 2866
2 2862 2868
2 2867 2869
2 2867 2871
2 2868 2870
2 2868 2872
2 2873 2874
2 2873 2875
2 2876 2878
2 2876 2880
2 2877 2879
2 2877 2881
2 2880 3720
2 2881 3721
2 2882 2886
2 2882 2890
2 2883 2887
2 2883 2891
2 2884 2888
2 2884 2892
2 2885 2889
2 2885 2893
2 2894 2898
2 2894 2914
2 2895 2899
2 2895 2915
2 2896 2900
2 2896 2916
2 2897 2901
2 2897 2917
2 2918 2919
2 2918 2920
2 2921 2925
2 2921 2929
2 2922 2926
2 2922 2930
2 2923 2927
2 2923 2931
2 2924 2928
2 2924 2932
2 2933 2935
2 2933 2943
2 2934 2936
2 2934 2944
2 2945 2947
2 2945 2949
2 2946 2948
2 2946 2950
2 2951 2953
2 2951 2955
2 2952 2954
2 2952 2956
2 2957 2959
2 2957 2961
2 2958 2960
2 2958 2962
2 2963 2964
2 2963 2965
2 2966 2967
2 2966 2968
2 2969 2970
2 2969 2971
2 2972 2973
2 2972 2974
2 2975 2976
2 2975 2977
2 2978 2979
2 2978 2980
2 2981 2983
2 2981 2985
2 2982 2984
2 2982 2986
2 2987 2989
2 2987 2991
2 2988 2990
2 2988 2992
2 2993 2994
2 2993 2995
2 2996 3000
2 2996 3004
2 2997 3001
2 2997 3005
2 2998 3002
2 2998 3006
2 2999 3003
2 2999 3007
2 3008 3010
2 3008 3012
2 3009 3011
2 3009 3013
2 3014 3015
2 3014 3016
2 3017 3018
2 3017 3019
2 3020 3022
2 3020 3024
2 3021 3023
2 3021 3025
2 3026 3027
2 3026 3028
2 3029 3031
2 3029 3033
2 3030 3032
2 3030 3034
2 3035 3037
2 3035 3039
2 3036 3038
2 3036 3040
2 3041 3043
2 3041 3045
2 3042 3044
2 3042 3046
2 3047 3049
2 3047 3051
2 3048 3050
2 3048 3052
2 3053 3524
2 3054 3056
2 3054 3058
2 3054 3223
2 3055 3057
2 3055 3059
2 3055 3224
2 3060 3076
2 3060 3269
2 3061 3458
2 3062 3064
2 3062 3068
2 3062 3179
2 3063 3066
2 3063 3069
2 3063 3180
2 3070 3082
2 3070 3276
2 3071 3277
2 3072 3497
2 3073 3498
2 3074 3075
2 3074 3076
2 3074 3229
2 3077 3491
2 3078 3492
2 3079 3080
2 3079 3082
2 3079 3220
2 3083 3518
2 3084 3519
2 3085 3086
2 3085 3088
2 3085 3196
2 3088 3089
2 3089 3310
2 3090 3311
2 3091 3095
2 3092 3096
2 3093 3094
2 3093 3097
2 3093 3200
2 3095 3203
2 3095 3205
2 3095 3207
2 3096 3204
2 3096 3206
2 3096 3208
2 3097 3098
2 3098 3315
2 3099 3545
2 3100 3102
2 3100 3106
2 3100 3210
2 3101 3104
2 3101 3107
2 3101 3211
2 3108 3479
2 3109 3111
2 3109 3113
2 3109 3189
2 3110 3112
2 3110 3114
2 3110 3190
2 3115 3512
2 3115 3626
2 3115 3668
2 3116 3513
2 3116 3627
2 3116 3669
2 3117 3119
2 3117 3120
2 3117 3166
2 3120 3619
2 3120 3629
2 3121 3448
2 3121 3923
2 3122 3449
2 3122 3924
2 3123 3164
2 3123 3450
2 3123 3626
2 3123 3925
2 3124 3165
2 3124 3451
2 3124 3627
2 3124 3926
2 3125 3130
2 3125 3642
2 3125 3672
2 3126 3128
2 3126 3134
2 3126 3169
2 3127 3129
2 3127 3135
2 3127 3170
2 3130 3131
2 3130 3132
2 3130 3133
2 3134 3136
2 3134 3630
2 3135 3137
2 3135 3631
2 3136 3429
2 3136 3668
2 3136 3907
2 3137 3430
2 3137 3669
2 3137 3908
2 3138 3527
2 3138 3649
2 3138 3679
2 3139 3528
2 3139 3650
2 3139 3680
2 3140 3141
2 3140 3142
2 3140 3175
2 3142 3644
2 3142 3651
2 3143 3173
2 3143 3456
2 3143 3649
2 3143 3937
2 3144 3174
2 3144 3457
2 3144 3650
2 3144 3938
2 3145 3488
2 3145 3657
2 3145 3663
2 3146 3150
2 3146 3152
2 3146 3158
2 3147 3151
2 3147 3153
2 3147 3159
2 3152 3156
2 3152 3652
2 3153 3157
2 3153 3653
2 3154 3409
2 3154 3947
2 3155 3410
2 3155 3948
2 3156 3411
2 3156 3679
2 3156 3949
2 3157 3412
2 3157 3680
2 3157 3950
2 3158 3162
2 3158 3164
2 3159 3163
2 3159 3165
2 3164 3652
2 3165 3653
2 3166 3167
2 3166 3168
2 3168 3619
2 3168 3643
2 3169 3171
2 3169 3173
2 3170 3172
2 3170 3174
2 3173 3630
2 3174 3631
2 3175 3177
2 3175 3178
2 3178 3644
2 3178 3659
2 3179 3182
2 3179 3185
2 3180 3184
2 3180 3186
2 3187 3375
2 3188 3209
2 3188 3376
2 3189 3191
2 3189 3193
2 3190 3192
2 3190 3194
2 3195 3222
2 3195 3367
2 3196 3197
2 3196 3198
2 3198 3199
2 3199 3370
2 3200 3202
2 3200 3209
2 3210 3214
2 3210 3216
2 3211 3215
2 3211 3217
2 3218 3362
2 3219 3232
2 3219 3363
2 3220 3221
2 3220 3222
2 3223 3225
2 3223 3227
2 3224 3226
2 3224 3228
2 3229 3231
2 3229 3232
2 3233 3245
2 3233 3261
2 3233 3448
2 3234 3246
2 3234 3262
2 3234 3449
2 3235 3247
2 3235 3263
2 3235 3450
2 3236 3248
2 3236 3264
2 3236 3451
2 3237 3241
2 3237 3261
2 3237 3440
2 3238 3242
2 3238 3262
2 3238 3441
2 3239 3243
2 3239 3263
2 3239 3442
2 3240 3244
2 3240 3264
2 3240 3443
2 3245 3249
2 3245 3253
2 3245 3257
2 3246 3250
2 3246 3254
2 3246 3258
2 3247 3251
2 3247 3255
2 3247 3259
2 3248 3252
2 3248 3256
2 3248 3260
2 3265 3268
2 3265 3269
2 3265 3400
2 3266 3267
2 3266 3269
2 3266 3395
2 3268 3397
2 3268 3398
2 3268 3399
2 3270 3276
2 3270 3456
2 3270 3482
2 3271 3277
2 3271 3457
2 3271 3483
2 3272 3274
2 3272 3276
2 3272 3452
2 3273 3275
2 3273 3277
2 3273 3453
2 3278 3284
2 3278 3438
2 3278 3551
2 3279 3285
2 3279 3439
2 3279 3552
2 3280 3282
2 3280 3284
2 3280 3434
2 3281 3283
2 3281 3285
2 3281 3435
2 3286 3292
2 3286 3300
2 3286 3417
2 3287 3293
2 3287 3301
2 3287 3418
2 3288 3290
2 3288 3300
2 3288 3413
2 3289 3291
2 3289 3301
2 3289 3414
2 3292 3294
2 3292 3296
2 3292 3298
2 3293 3295
2 3293 3297
2 3293 3299
2 3302 3308
2 3302 3310
2 3302 3429
2 3303 3309
2 3303 3311
2 3303 3430
2 3304 3306
2 3304 3310
2 3304 3419
2 3305 3307
2 3305 3311
2 3305 3420
2 3308 3423
2 3308 3425
2 3308 3427
2 3309 3424
2 3309 3426
2 3309 3428
2 3312 3315
2 3312 3433
2 3312 3548
2 3313 3314
2 3313 3315
2 3313 3431
2 3316 3328
2 3316 3409
2 3316 3467
2 3317 3329
2 3317 3410
2 3317 3468
2 3318 3330
2 3318 3411
2 3318 3469
2 3319 3331
2 3319 3412
2 3319 3470
2 3320 3324
2 3320 3328
2 3320 3401
2 3321 3325
2 3321 3329
2 3321 3402
2 3322 3326
2 3322 3330
2 3322 3403
2 3323 3327
2 3323 3331
2 3323 3404
2 3332 3338
2 3332 3375
2 3332 3461
2 3333 3339
2 3333 3376
2 3333 3462
2 3334 3336
2 3334 3338
2 3334 3371
2 3335 3337
2 3335 3339
2 3335 3372
2 3340 3352
2 3340 3385
2 3340 3533
2 3341 3353
2 3341 3386
2 3341 3534
2 3342 3354
2 3342 3387
2 3342 3535
2 3343 3355
2 3343 3388
2 3343 3536
2 3344 3348
2 3344 3352
2 3344 3377
2 3345 3349
2 3345 3353
2 3345 3378
2 3346 3350
2 3346 3354
2 3346 3379
2 3347 3351
2 3347 3355
2 3347 3380
2 3356 3362
2 3356 3393
2 3356 3503
2 3357 3363
2 3357 3394
2 3357 3504
2 3358 3360
2 3358 3362
2 3358 3389
2 3359 3361
2 3359 3363
2 3359 3390
2 3364 3367
2 3364 3370
2 3364 3509
2 3365 3366
2 3365 3367
2 3365 3368
2 3368 3369
2 3368 3370
2 3371 3373
2 3371 3375
2 3372 3374
2 3372 3376
2 3377 3381
2 3377 3385
2 3378 3382
2 3378 3386
2 3379 3383
2 3379 3387
2 3380 3384
2 3380 3388
2 3389 3391
2 3389 3393
2 3390 3392
2 3390 3394
2 3395 3396
2 3395 3400
2 3400 3643
2 3401 3405
2 3401 3409
2 3402 3406
2 3402 3410
2 3403 3407
2 3403 3411
2 3404 3408
2 3404 3412
2 3413 3415
2 3413 3417
2 3414 3416
2 3414 3418
2 3417 3628
2 3418 3629
2 3419 3421
2 3419 3429
2 3420 3422
2 3420 3430
2 3431 3432
2 3431 3433
2 3433 3651
2 3434 3436
2 3434 3438
2 3435 3437
2 3435 3439
2 3438 3658
2 3439 3659
2 3440 3444
2 3440 3448
2 3441 3445
2 3441 3449
2 3442 3446
2 3442 3450
2 3443 3447
2 3443 3451
2 3452 3454
2 3452 3456
2 3453 3455
2 3453 3457
2 3458 3459
2 3458 3460
2 3461 3463
2 3461 3465
2 3462 3464
2 3462 3466
2 3467 3471
2 3467 3475
2 3468 3472
2 3468 3476
2 3469 3473
2 3469 3477
2 3470 3474
2 3470 3478
2 3479 3480
2 3479 3481
2 3482 3484
2 3482 3486
2 3483 3485
2 3483 3487
2 3488 3489
2 3488 3490
2 3491 3493
2 3491 3495
2 3492 3494
2 3492 3496
2 3497 3499
2 3497 3501
2 3498 3500
2 3498 3502
2 3503 3505
2 3503 3507
2 3504 3506
2 3504 3508
2 3509 3510
2 3509 3511
2 3512 3514
2 3512 3516
2 3513 3515
2 3513 3517
2 3518 3520
2 3518 3522
2 3519 3521
2 3519 3523
2 3524 3525
2 3524 3526
2 3527 3529
2 3527 3531
2 3528 3530
2 3528 3532
2 3533 3537
2 3533 3541
2 3534 3538
2 3534 3542
2 3535 3539
2 3535 3543
2 3536 3540
2 3536 3544
2 3545 3546
2 3545 3547
2 3548 3549
2 3548 3550
2 3551 3553
2 3551 3555
2 3552 3554
2 3552 3556
2 3557 4017
2 3558 3561
2 3558 3564
2 3558 3725
2 3559 3563
2 3559 3565
2 3559 3726
2 3566 3759
2 3567 3581
2 3567 3760
2 3568 3960
2 3569 3571
2 3569 3573
2 3569 3681
2 3570 3572
2 3570 3574
2 3570 3682
2 3575 3586
2 3575 3764
2 3576 3993
2 3577 3994
2 3578 3580
2 3578 3581
2 3578 3731
2 3582 3987
2 3583 3988
2 3584 3585
2 3584 3586
2 3584 3722
2 3587 4011
2 3588 4012
2 3589 3590
2 3589 3591
2 3589 3698
2 3591 3592
2 3592 3817
2 3593 3598
2 3594 3599
2 3595 3597
2 3595 3600
2 3595 3702
2 3598 3705
2 3598 3707
2 3598 3709
2 3599 3706
2 3599 3708
2 3599 3710
2 3600 3602
2 3601 3824
2 3602 3825
2 3603 4035
2 3604 3606
2 3604 3608
2 3604 3712
2 3605 3607
2 3605 3609
2 3605 3713
2 3610 3975
2 3611 3614
2 3611 3617
2 3611 3691
2 3612 3616
2 3612 3618
2 3612 3692
2 3619 4008
2 3620 3624
2 3620 3626
2 3620 3664
2 3621 3625
2 3621 3627
2 3621 3665
2 3628 3955
2 3629 3663
2 3629 3956
2 3630 3634
2 3631 3635
2 3632 3633
2 3632 3642
2 3632 3670
2 3634 3636
2 3634 3638
2 3634 3640
2 3635 3637
2 3635 3639
2 3635 3641
2 3642 3643
2 3643 3932
2 3644 4020
2 3645 3647
2 3645 3649
2 3645 3673
2 3646 3648
2 3646 3650
2 3646 3674
2 3651 3672
2 3651 3959
2 3652 3981
2 3653 3982
2 3654 3656
2 3654 3657
2 3654 3660
2 3657 3659
2 3658 3913
2 3659 3914
2 3660 3662
2 3660 3663
2 3664 3666
2 3664 3668
2 3665 3667
2 3665 3669
2 3670 3671
2 3670 3672
2 3673 3677
2 3673 3679
2 3674 3678
2 3674 3680
2 3681 3684
2 3681 3687
2 3682 3686
2 3682 3688
2 3689 3877
2 3690 3711
2 3690 3878
2 3691 3693
2 3691 3695
2 3692 3694
2 3692 3696
2 3697 3724
2 3697 3869
2 3698 3699
2 3698 3700
2 3700 3701
2 3701 3872
2 3702 3704
2 3702 3711
2 3712 3716
2 3712 3718
2 3713 3717
2 3713 3719
2 3720 3864
2 3721 3734
2 3721 3865
2 3722 3723
2 3722 3724
2 3725 3727
2 3725 3729
2 3726 3728
2 3726 3730
2 3731 3733
2 3731 3734
2 3735 3741
2 3735 3749
2 3735 3955
2 3736 3742
2 3736 3750
2 3736 3956
2 3737 3739
2 3737 3749
2 3737 3951
2 3738 3740
2 3738 3750
2 3738 3952
2 3741 3743
2 3741 3745
2 3741 3747
2 3742 3744
2 3742 3746
2 3742 3748
2 3751 3757
2 3751 3759
2 3751 3907
2 3752 3758
2 3752 3760
2 3752 3908
2 3753 3755
2 3753 3759
2 3753 3897
2 3754 3756
2 3754 3760
2 3754 3898
2 3757 3901
2 3757 3903
2 3757 3905
2 3758 3902
2 3758 3904
2 3758 3906
2 3761 3764
2 3761 3959
2 3761 3978
2 3762 3763
2 3762 3764
2 3762 3957
2 3765 3777
2 3765 3947
2 3765 4044
2 3766 3778
2 3766 3948
2 3766 4045
2 3767 3779
2 3767 3949
2 3767 4046
2 3768 3780
2 3768 3950
2 3768 4047
2 3769 3773
2 3769 3777
2 3769 3939
2 3770 3774
2 3770 3778
2 3770 3940
2 3771 3775
2 3771 3779
2 3771 3941
2 3772 3776
2 3772 3780
2 3772 3942
2 3781 3793
2 3781 3809
2 3781 3923
2 3782 3794
2 3782 3810
2 3782 3924
2 3783 3795
2 3783 3811
2 3783 3925
2 3784 3796
2 3784 3812
2 3784 3926
2 3785 3789
2 3785 3809
2 3785 3915
2 3786 3790
2 3786 3810
2 3786 3916
2 3787 3791
2 3787 3811
2 3787 3917
2 3788 3792
2 3788 3812
2 3788 3918
2 3793 3797
2 3793 3801
2 3793 3805
2 3794 3798
2 3794 3802
2 3794 3806
2 3795 3799
2 3795 3803
2 3795 3807
2 3796 3800
2 3796 3804
2 3796 3808
2 3813 3816
2 3813 3817
2 3813 3932
2 3814 3815
2 3814 3817
2 3814 3927
2 3816 3929
2 3816 3930
2 3816 3931
2 3818 3824
2 3818 3937
2 3818 4038
2 3819 3825
2 3819 3938
2 3819 4039
2 3820 3822
2 3820 3824
2 3820 3933
2 3821 3823
2 3821 3825
2 3821 3934
2 3826 3832
2 3826 3913
2 3826 3969
2 3827 3833
2 3827 3914
2 3827 3970
2 3828 3830
2 3828 3832
2 3828 3909
2 3829 3831
2 3829 3833
2 3829 3910
2 3834 3840
2 3834 3877
2 3834 3963
2 3835 3841
2 3835 3878
2 3835 3964
2 3836 3838
2 3836 3840
2 3836 3873
2 3837 3839
2 3837 3841
2 3837 3874
2 3842 3854
2 3842 3887
2 3842 4023
2 3843 3855
2 3843 3888
2 3843 4024
2 3844 3856
2 3844 3889
2 3844 4025
2 3845 3857
2 3845 3890
2 3845 4026
2 3846 3850
2 3846 3854
2 3846 3879
2 3847 3851
2 3847 3855
2 3847 3880
2 3848 3852
2 3848 3856
2 3848 3881
2 3849 3853
2 3849 3857
2 3849 3882
2 3858 3864
2 3858 3895
2 3858 3999
2 3859 3865
2 3859 3896
2 3859 4000
2 3860 3862
2 3860 3864
2 3860 3891
2 3861 3863
2 3861 3865
2 3861 3892
2 3866 3869
2 3866 3872
2 3866 4005
2 3867 3868
2 3867 3869
2 3867 3870
2 3870 3871
2 3870 3872
2 3873 3875
2 3873 3877
2 3874 3876
2 3874 3878
2 3879 3883
2 3879 3887
2 3880 3884
2 3880 3888
2 3881 3885
2 3881 3889
2 3882 3886
2 3882 3890
2 3891 3893
2 3891 3895
2 3892 3894
2 3892 3896
2 3897 3899
2 3897 3907
2 3898 3900
2 3898 3908
2 3909 3911
2 3909 3913
2 3910 3912
2 3910 3914
2 3915 3919
2 3915 3923
2 3916 3920
2 3916 3924
2 3917 3921
2 3917 3925
2 3918 3922
2 3918 3926
2 3927 3928
2 3927 3932
2 3933 3935
2 3933 3937
2 3934 3936
2 3934 3938
2 3939 3943
2 3939 3947
2 3940 3944
2 3940 3948
2 3941 3945
2 3941 3949
2 3942 3946
2 3942 3950
2 3951 3953
2 3951 3955
2 3952 3954
2 3952 3956
2 3957 3958
2 3957 3959
2 3960 3961
2 3960 3962
2 3963 3965
2 3963 3967
2 3964 3966
2 3964 3968
2 3969 3971
2 3969 3973
2 3970 3972
2 3970 3974
2 3975 3976
2 3975 3977
2 3978 3979
2 3978 3980
2 3981 3983
2 3981 3985
2 3982 3984
2 3982 3986
2 3987 3989
2 3987 3991
2 3988 3990
2 3988 3992
2 3993 3995
2 3993 3997
2 3994 3996
2 3994 3998
2 3999 4001
2 3999 4003
2 4000 4002
2 4000 4004
2 4005 4006
2 4005 4007
2 4008 4009
2 4008 4010
2 4011 4013
2 4011 4015
2 4012 4014
2 4012 4016
2 4017 4018
2 4017 4019
2 4020 4021
2 4020 4022
2 4023 4027
2 4023 4031
2 4024 4028
2 4024 4032
2 4025 4029
2 4025 4033
2 4026 4030
2 4026 4034
2 4035 4036
2 4035 4037
2 4038 4040
2 4038 4042
2 4039 4041
2 4039 4043
2 4044 4048
2 4044 4052
2 4045 4049
2 4045 4053
2 4046 4050
2 4046 4054
2 4047 4051
2 4047 4055
