# vtk DataFile Version 1.0
Cube
ASCII

DATASET POLYDATA
POINTS 4236 float
6.406457 0.134229 10.584543
6.406457 34.116229 10.584543
6.261353 15.277288 11.681313
6.417501 14.593570 12.291289
6.961722 16.452725 11.601115
8.495500 0.000000 12.743250
8.495500 33.982000 12.743250
0.134229 10.584543 6.406457
34.116229 10.584543 6.406457
15.277288 10.729647 5.309687
14.593570 10.573499 4.699711
14.593570 10.573499 38.681711
1.452731 10.090955 6.900045
35.434731 10.090955 6.900045
16.452725 10.029278 5.389885
0.000000 8.495500 4.247750
0.000000 8.495500 38.229750
33.982000 8.495500 4.247750
33.982000 8.495500 38.229750
10.584543 16.856771 10.584543
10.729647 1.713712 11.681313
10.729647 35.695712 11.681313
10.573499 2.397430 12.291289
10.573499 36.379430 12.291289
10.029278 0.538275 11.601115
10.029278 34.520275 11.601115
16.856771 6.406457 6.406457
1.713712 6.261353 5.309687
35.695712 6.261353 5.309687
2.397430 6.417501 4.699711
2.397430 6.417501 38.681711
36.379430 6.417501 4.699711
36.379430 6.417501 38.681711
15.538270 6.900045 6.900045
15.635118 7.793772 7.233069
14.904505 6.894948 6.177928
15.225635 6.327448 7.603472
0.538275 6.961722 5.389885
34.520275 6.961722 5.389885
6.406457 16.856771 6.406457
6.261353 1.713712 5.309687
6.261353 35.695712 5.309687
6.417501 2.397430 4.699711
6.417501 2.397430 38.681711
6.417501 36.379430 4.699711
6.417501 36.379430 38.681711
6.961722 0.538275 5.389885
6.961722 34.520275 5.389885
8.495500 0.000000 4.247750
8.495500 0.000000 38.229750
8.495500 33.982000 4.247750
8.495500 33.982000 38.229750
16.856771 10.584543 10.584543
1.713712 10.729647 11.681313
35.695712 10.729647 11.681313
2.397430 10.573499 12.291289
36.379430 10.573499 12.291289
15.538270 10.090955 10.090955
0.538275 10.029278 11.601115
34.520275 10.029278 11.601115
0.000000 8.495500 12.743250
33.982000 8.495500 12.743250
10.584543 0.134229 6.406457
10.584543 34.116229 6.406457
10.729647 15.277288 5.309687
10.573499 14.593570 4.699711
10.573499 14.593570 38.681711
10.090955 1.452731 6.900045
10.090955 35.434731 6.900045
9.197228 1.355882 7.233069
9.197228 35.337882 7.233069
10.096052 2.086495 6.177928
10.096052 36.068495 6.177928
10.663552 1.765365 7.603472
10.663552 35.747365 7.603472
10.029278 16.452725 5.389885
0.134229 6.406457 10.584543
34.116229 6.406457 10.584543
15.277288 6.261353 11.681313
14.593570 6.417501 12.291289
1.452731 6.900045 10.090955
35.434731 6.900045 10.090955
1.355882 7.793772 9.757931
35.337882 7.793772 9.757931
2.086495 6.894948 10.813072
36.068495 6.894948 10.813072
1.765365 6.327448 9.387527
35.747365 6.327448 9.387527
16.452725 6.961722 11.601115
10.584543 6.406457 0.134229
10.584543 6.406457 34.116229
11.681313 6.261353 15.277288
12.291289 6.417501 14.593570
10.090955 6.900045 1.452731
10.090955 6.900045 35.434731
11.601115 6.961722 16.452725
12.743250 8.495500 0.000000
12.743250 8.495500 33.982000
6.406457 6.406457 16.856771
6.261353 5.309687 1.713712
6.261353 5.309688 35.695712
6.417501 4.699711 2.397430
6.417501 4.699711 36.379430
6.417501 38.681711 2.397430
6.417501 38.681711 36.379430
6.900045 6.900045 15.538270
7.793772 7.233069 15.635118
6.894948 6.177928 14.904505
6.327448 7.603472 15.225635
6.961722 5.389885 0.538275
6.961722 5.389885 34.520275
8.495500 4.247750 0.000000
8.495500 4.247750 33.982000
8.495500 38.229750 0.000000
8.495500 38.229750 33.982000
6.406457 10.584543 0.134229
6.406457 10.584543 34.116229
5.309688 10.729647 15.277288
4.699711 10.573499 14.593570
38.681711 10.573499 14.593570
5.389885 10.029278 16.452725
4.247750 8.495500 0.000000
4.247750 8.495500 33.982000
38.229750 8.495500 0.000000
38.229750 8.495500 33.982000
10.584543 10.584543 16.856771
10.729647 11.681313 1.713712
10.729647 11.681313 35.695712
10.573499 12.291289 2.397430
10.573499 12.291289 36.379430
10.090955 10.090955 15.538270
9.197228 9.757931 15.635118
10.096052 10.813072 14.904505
10.663552 9.387528 15.225635
10.029278 11.601115 0.538275
10.029278 11.601115 34.520275
8.495500 12.743250 0.000000
8.495500 12.743250 33.982000
11.681313 10.729647 1.713712
11.681313 10.729647 35.695712
12.291289 10.573499 2.397430
12.291289 10.573499 36.379430
11.601115 10.029278 0.538275
11.601115 10.029278 34.520275
10.729647 5.309688 15.277288
10.573499 4.699711 14.593570
10.573499 38.681711 14.593570
9.197228 7.233069 1.355882
9.197228 7.233069 35.337882
10.096052 6.177928 2.086495
10.096052 6.177928 36.068495
10.663552 7.603472 1.765365
10.663552 7.603472 35.747365
10.029278 5.389885 16.452725
5.309687 6.261353 1.713712
5.309688 6.261353 35.695712
4.699711 6.417501 2.397430
4.699711 6.417501 36.379430
38.681711 6.417501 2.397430
38.681711 6.417501 36.379430
5.389885 6.961722 0.538275
5.389885 6.961722 34.520275
6.261353 11.681313 15.277288
6.417501 12.291289 14.593570
6.961722 11.601115 16.452725
15.277288 11.681313 6.261353
14.593570 12.291289 6.417501
1.355882 9.757931 7.793772
35.337882 9.757931 7.793772
2.086495 10.813072 6.894948
36.068495 10.813072 6.894948
1.765365 9.387527 6.327448
35.747365 9.387527 6.327448
16.452725 11.601115 6.961722
0.000000 12.743250 8.495500
33.982000 12.743250 8.495500
15.277288 5.309688 10.729647
14.593570 4.699711 10.573499
14.593570 38.681711 10.573499
16.452725 5.389885 10.029278
0.000000 4.247750 8.495500
0.000000 38.229750 8.495500
33.982000 4.247750 8.495500
33.982000 38.229750 8.495500
5.309687 1.713712 6.261353
5.309688 35.695712 6.261353
4.699711 2.397430 6.417501
4.699711 36.379430 6.417501
38.681711 2.397430 6.417501
38.681711 36.379430 6.417501
5.389885 0.538275 6.961722
5.389885 34.520275 6.961722
4.247750 0.000000 8.495500
4.247750 33.982000 8.495500
38.229750 0.000000 8.495500
38.229750 33.982000 8.495500
1.713712 11.681313 10.729647
35.695712 11.681313 10.729647
2.397430 12.291289 10.573499
36.379430 12.291289 10.573499
15.635118 9.757931 9.197228
14.904505 10.813072 10.096052
15.225635 9.387527 10.663552
0.538275 11.601115 10.029278
34.520275 11.601115 10.029278
11.681313 15.277288 6.261353
12.291289 14.593570 6.417501
11.601115 16.452725 6.961722
12.743250 0.000000 8.495500
12.743250 33.982000 8.495500
1.713712 5.309687 6.261353
35.695712 5.309687 6.261353
2.397430 4.699711 6.417501
2.397430 38.681711 6.417501
36.379430 4.699711 6.417501
36.379430 38.681711 6.417501
0.538275 5.389885 6.961722
34.520275 5.389885 6.961722
5.309688 15.277288 10.729647
4.699711 14.593570 10.573499
38.681711 14.593570 10.573499
5.389885 16.452725 10.029278
11.681313 1.713712 10.729647
11.681313 35.695712 10.729647
12.291289 2.397430 10.573499
12.291289 36.379430 10.573499
11.601115 0.538275 10.029278
11.601115 34.520275 10.029278
14.901957 8.629729 2.089043
14.901957 8.629729 36.071043
14.756853 6.781788 3.185812
14.756853 6.781788 37.167812
14.913001 6.098070 3.795789
14.913001 6.098070 37.777789
15.457222 7.957225 3.105615
15.457222 7.957225 37.087615
8.629729 2.089043 14.901957
8.629729 36.071043 14.901957
6.781788 2.234147 13.805187
6.781788 36.216147 13.805187
6.098070 2.077999 13.195211
6.098070 36.059999 13.195211
7.957225 1.533778 13.885385
7.957225 35.515778 13.885385
2.089043 8.361271 2.089043
2.089043 8.361271 36.071043
36.071043 8.361271 2.089043
36.071043 8.361271 36.071043
2.234147 10.209212 3.185812
2.234147 10.209212 37.167812
36.216147 10.209212 3.185812
36.216147 10.209212 37.167812
2.077999 10.892930 3.795789
2.077999 10.892930 37.777789
36.059999 10.892930 3.795789
36.059999 10.892930 37.777789
1.595455 7.042769 1.595455
1.595455 7.042770 35.577455
35.577455 7.042769 1.595455
35.577455 7.042770 35.577455
0.701728 7.139618 1.262431
0.701728 7.139618 35.244431
34.683728 7.139618 1.262431
34.683728 7.139618 35.244431
1.600552 6.409005 2.317572
1.600552 6.409005 36.299572
35.582552 6.409005 2.317572
35.582552 6.409005 36.299572
2.168052 6.730135 0.892027
2.168052 6.730135 34.874028
36.150052 6.730135 0.892027
36.150052 6.730135 34.874028
1.533778 9.033775 3.105615
1.533778 9.033775 37.087615
35.515778 9.033775 3.105615
35.515778 9.033775 37.087615
8.361271 14.901957 14.901957
10.209212 14.756853 13.805187
10.892930 14.913001 13.195211
7.042770 15.395545 15.395545
7.139618 16.289272 15.728569
6.409005 15.390448 14.673428
6.730135 14.822948 16.098972
9.033775 15.457222 13.885385
14.901957 8.361271 14.901957
14.756853 10.209212 13.805187
14.913001 10.892930 13.195211
15.395545 7.042770 15.395545
16.289272 7.139618 15.728569
15.390448 6.409005 14.673428
14.822948 6.730135 16.098972
15.457222 9.033775 13.885385
8.361271 2.089043 2.089043
8.361271 2.089043 36.071043
8.361271 36.071043 2.089043
8.361271 36.071043 36.071043
10.209212 2.234147 3.185812
10.209212 2.234147 37.167812
10.209212 36.216147 3.185812
10.209212 36.216147 37.167812
10.892930 2.077999 3.795789
10.892930 2.077999 37.777789
10.892930 36.059999 3.795789
10.892930 36.059999 37.777789
7.042769 1.595455 1.595455
7.042770 1.595455 35.577455
7.042770 35.577455 1.595455
7.042770 35.577455 35.577455
9.033775 1.533778 3.105615
9.033775 1.533778 37.087615
9.033775 35.515778 3.105615
9.033775 35.515778 37.087615
2.089043 8.629729 14.901957
36.071043 8.629729 14.901957
2.234147 6.781788 13.805187
36.216147 6.781788 13.805187
2.077999 6.098070 13.195211
36.059999 6.098070 13.195211
1.595455 9.948230 15.395545
35.577455 9.948230 15.395545
1.533778 7.957225 13.885385
35.515778 7.957225 13.885385
8.629729 14.901957 2.089043
8.629729 14.901957 36.071043
6.781788 14.756853 3.185812
6.781788 14.756853 37.167812
6.098070 14.913001 3.795789
6.098070 14.913001 37.777789
9.948230 15.395545 1.595455
9.948230 15.395545 35.577455
7.957225 15.457222 3.105615
7.957225 15.457222 37.087615
2.089043 14.901957 8.629729
36.071043 14.901957 8.629729
3.185813 14.756853 6.781788
37.167812 14.756853 6.781788
3.795789 14.913001 6.098070
37.777789 14.913001 6.098070
1.595455 15.395545 9.948230
35.577455 15.395545 9.948230
3.105615 15.457222 7.957225
37.087615 15.457222 7.957225
14.901957 14.901957 8.361271
14.756853 13.805187 10.209212
14.913001 13.195211 10.892930
15.395545 15.395545 7.042769
16.289272 15.728569 7.139618
15.390448 14.673428 6.409005
14.822948 16.098972 6.730135
15.457222 13.885385 9.033775
14.901957 2.089043 8.629729
14.901957 36.071043 8.629729
13.805187 2.234147 6.781788
13.805187 36.216147 6.781788
13.195211 2.077999 6.098070
13.195211 36.059999 6.098070
15.395545 1.595455 9.948230
15.395545 35.577455 9.948230
13.885385 1.533778 7.957225
13.885385 35.515778 7.957225
2.089043 2.089043 8.361271
2.089043 36.071043 8.361271
36.071043 2.089043 8.361271
36.071043 36.071043 8.361271
2.234147 3.185813 10.209212
2.234147 37.167812 10.209212
36.216147 3.185813 10.209212
36.216147 37.167812 10.209212
2.077999 3.795789 10.892930
2.077999 37.777789 10.892930
36.059999 3.795789 10.892930
36.059999 37.777789 10.892930
1.595455 1.595455 7.042769
1.595455 35.577455 7.042769
35.577455 1.595455 7.042769
35.577455 35.577455 7.042769
0.701728 1.262431 7.139618
0.701728 35.244431 7.139618
34.683728 1.262431 7.139618
34.683728 35.244431 7.139618
1.600552 2.317572 6.409005
1.600552 36.299572 6.409005
35.582552 2.317572 6.409005
35.582552 36.299572 6.409005
2.168052 0.892028 6.730135
2.168052 34.874028 6.730135
36.150052 0.892028 6.730135
36.150052 34.874028 6.730135
1.533778 3.105615 9.033775
1.533778 37.087615 9.033775
35.515778 3.105615 9.033775
35.515778 37.087615 9.033775
3.185813 2.234147 10.209212
3.185813 36.216147 10.209212
37.167812 2.234147 10.209212
37.167812 36.216147 10.209212
3.795789 2.077999 10.892930
3.795789 36.059999 10.892930
37.777789 2.077999 10.892930
37.777789 36.059999 10.892930
3.105615 1.533778 9.033775
3.105615 35.515778 9.033775
37.087615 1.533778 9.033775
37.087615 35.515778 9.033775
2.234147 13.805187 6.781788
36.216147 13.805187 6.781788
2.077999 13.195211 6.098070
36.059999 13.195211 6.098070
0.701728 15.728569 9.851382
34.683728 15.728569 9.851382
1.600552 14.673428 10.581995
35.582552 14.673428 10.581995
2.168052 16.098972 10.260865
36.150052 16.098972 10.260865
1.533778 13.885385 7.957225
35.515778 13.885385 7.957225
13.805187 14.756853 10.209212
13.195211 14.913001 10.892930
13.885385 15.457222 9.033775
14.756853 3.185813 6.781788
14.756853 37.167812 6.781788
14.913001 3.795789 6.098070
14.913001 37.777789 6.098070
16.289272 1.262431 9.851382
16.289272 35.244431 9.851382
15.390448 2.317572 10.581995
15.390448 36.299572 10.581995
14.822948 0.892028 10.260865
14.822948 34.874028 10.260865
15.457222 3.105615 7.957225
15.457222 37.087615 7.957225
6.781788 3.185813 14.756853
6.781788 37.167812 14.756853
6.098070 3.795789 14.913001
6.098070 37.777789 14.913001
7.957225 3.105615 15.457222
7.957225 37.087615 15.457222
6.781788 13.805187 2.234147
6.781788 13.805187 36.216147
6.098070 13.195211 2.077999
6.098070 13.195211 36.059999
9.851382 15.728569 0.701728
9.851382 15.728569 34.683728
10.581995 14.673428 1.600552
10.581995 14.673428 35.582552
10.260865 16.098972 2.168052
10.260865 16.098973 36.150052
7.957225 13.885385 1.533778
7.957225 13.885385 35.515778
13.805187 10.209212 14.756853
13.195211 10.892930 14.913001
13.885385 9.033775 15.457222
10.209212 3.185812 2.234147
10.209212 3.185813 36.216147
10.209212 37.167812 2.234147
10.209212 37.167812 36.216147
10.892930 3.795789 2.077999
10.892930 3.795789 36.059999
10.892930 37.777789 2.077999
10.892930 37.777789 36.059999
7.139618 1.262431 0.701728
7.139618 1.262431 34.683728
7.139618 35.244431 0.701728
7.139618 35.244431 34.683728
6.409005 2.317572 1.600552
6.409005 2.317572 35.582552
6.409005 36.299572 1.600552
6.409005 36.299572 35.582552
6.730135 0.892028 2.168052
6.730135 0.892028 36.150052
6.730135 34.874028 2.168052
6.730135 34.874028 36.150052
9.033775 3.105615 1.533778
9.033775 3.105615 35.515778
9.033775 37.087615 1.533778
9.033775 37.087615 35.515778
3.185813 6.781788 14.756853
37.167812 6.781788 14.756853
3.795789 6.098070 14.913001
37.777789 6.098070 14.913001
1.262431 9.851382 16.289272
35.244431 9.851382 16.289272
2.317572 10.581995 15.390448
36.299572 10.581995 15.390448
0.892028 10.260865 14.822948
34.874028 10.260865 14.822948
3.105615 7.957225 15.457222
37.087615 7.957225 15.457222
10.209212 13.805187 14.756853
10.892930 13.195211 14.913001
9.033775 13.885385 15.457222
13.805187 6.781788 2.234147
13.805187 6.781788 36.216147
13.195211 6.098070 2.077999
13.195211 6.098070 36.059999
13.885385 7.957225 1.533778
13.885385 7.957225 35.515778
3.185813 10.209212 2.234147
3.185813 10.209212 36.216147
37.167812 10.209212 2.234147
37.167812 10.209212 36.216147
3.795789 10.892930 2.077999
3.795789 10.892930 36.059999
37.777789 10.892930 2.077999
37.777789 10.892930 36.059999
3.105615 9.033775 1.533778
3.105615 9.033775 35.515778
37.087615 9.033775 1.533778
37.087615 9.033775 35.515778
6.892806 15.557607 6.892806
8.084085 15.388908 7.094625
6.105165 14.648088 7.094625
9.928893 1.602694 15.388306
9.928893 35.584694 15.388306
10.838412 2.390335 15.590125
10.838412 36.372335 15.590125
10.097592 0.411415 15.590125
10.097592 34.393415 15.590125
10.098194 15.557607 10.098194
10.885835 14.648088 9.896375
8.906915 15.388908 9.896375
6.892806 1.433393 10.098194
6.892806 35.415393 10.098194
6.105165 2.342912 9.896375
6.105165 36.324912 9.896375
8.084085 1.602092 9.896375
8.084085 35.584092 9.896375
6.892806 10.098194 1.433393
6.892806 10.098194 35.415393
7.841697 10.643448 1.972502
7.841697 10.643448 35.954502
6.347552 9.149303 1.972502
6.347552 9.149303 35.954502
15.388306 9.928893 1.602694
15.388306 9.928893 35.584694
14.600665 10.838412 1.400875
14.600665 10.838412 35.382875
16.579585 10.097592 1.400875
16.579585 10.097592 35.382875
6.406457 0.134229 27.575543
6.406457 34.116229 27.575543
6.261353 15.277288 28.672313
6.417501 14.593570 -4.699711
6.417501 14.593570 29.282289
6.961722 16.452725 28.592115
8.495500 -0.000000 -4.247750
8.495500 0.000000 29.734250
8.495500 33.982000 -4.247750
8.495500 33.982000 29.734250
0.134229 10.584543 23.397457
34.116229 10.584543 23.397457
15.277288 10.729647 22.300687
14.593570 10.573499 21.690711
1.452731 10.090955 23.891045
35.434731 10.090955 23.891045
16.452725 10.029278 22.380885
0.000000 8.495500 21.238750
33.982000 8.495500 21.238750
10.584543 16.856771 27.575543
10.729647 1.713712 28.672313
10.729647 35.695712 28.672313
10.573499 2.397430 -4.699711
10.573499 2.397430 29.282289
10.573499 36.379430 -4.699711
10.573499 36.379430 29.282289
10.029278 0.538275 28.592115
10.029278 34.520275 28.592115
16.856771 6.406457 23.397457
1.713712 6.261353 22.300687
35.695712 6.261353 22.300687
2.397430 6.417501 21.690711
36.379430 6.417501 21.690711
15.538270 6.900045 23.891045
15.635118 7.793772 24.224069
14.904505 6.894948 23.168928
15.225635 6.327448 24.594472
0.538275 6.961722 22.380885
34.520275 6.961722 22.380885
6.406457 16.856771 23.397457
6.261353 1.713712 22.300687
6.261353 35.695712 22.300687
6.417501 2.397430 21.690711
6.417501 36.379430 21.690711
6.961722 0.538275 22.380885
6.961722 34.520275 22.380885
8.495500 0.000000 21.238750
8.495500 33.982000 21.238750
16.856771 10.584543 27.575543
1.713712 10.729647 28.672313
35.695712 10.729647 28.672313
2.397430 10.573499 -4.699711
2.397430 10.573499 29.282289
36.379430 10.573499 -4.699711
36.379430 10.573499 29.282289
15.538270 10.090955 27.081955
0.538275 10.029278 28.592115
34.520275 10.029278 28.592115
0.000000 8.495500 -4.247750
0.000000 8.495500 29.734250
33.982000 8.495500 -4.247750
33.982000 8.495500 29.734250
10.584543 0.134229 23.397457
10.584543 34.116229 23.397457
10.729647 15.277288 22.300687
10.573499 14.593570 21.690711
10.090955 1.452731 23.891045
10.090955 35.434731 23.891045
9.197228 1.355882 24.224069
9.197228 35.337882 24.224069
10.096052 2.086495 23.168928
10.096052 36.068495 23.168928
10.663552 1.765365 24.594472
10.663552 35.747365 24.594472
10.029278 16.452725 22.380885
0.134229 6.406457 27.575543
34.116229 6.406457 27.575543
15.277288 6.261353 28.672313
14.593570 6.417501 -4.699711
14.593570 6.417501 29.282289
1.452731 6.900045 27.081955
35.434731 6.900045 27.081955
1.355882 7.793772 26.748931
35.337882 7.793772 26.748931
2.086495 6.894948 27.804072
36.068495 6.894948 27.804072
1.765365 6.327448 26.378528
35.747365 6.327448 26.378528
16.452725 6.961722 28.592115
10.584543 6.406457 17.125229
11.681313 6.261353 -1.713712
11.681313 6.261353 32.268288
12.291289 6.417501 -2.397430
12.291289 6.417501 31.584570
10.090955 6.900045 18.443730
11.601115 6.961722 -0.538275
11.601115 6.961722 33.443725
12.743250 8.495500 16.991000
6.406457 6.406457 -0.134229
6.406457 6.406457 33.847771
6.261353 5.309688 18.704712
6.417501 4.699711 19.388430
6.417501 38.681711 19.388430
6.900045 6.900045 -1.452731
6.900045 6.900045 32.529269
7.793772 7.233069 -1.355882
7.793772 7.233069 32.626118
6.894948 6.177928 -2.086495
6.894948 6.177928 31.895505
6.327448 7.603472 -1.765365
6.327448 7.603472 32.216635
6.961722 5.389885 17.529275
8.495500 4.247750 16.991000
8.495500 38.229750 16.991000
6.406457 10.584543 17.125229
5.309688 10.729647 -1.713712
5.309688 10.729647 32.268288
4.699711 10.573499 -2.397430
4.699711 10.573499 31.584570
38.681711 10.573499 -2.397430
38.681711 10.573499 31.584570
5.389885 10.029278 -0.538275
5.389885 10.029278 33.443725
4.247750 8.495500 16.991000
38.229750 8.495500 16.991000
10.584543 10.584543 -0.134229
10.584543 10.584543 33.847771
10.729647 11.681313 18.704712
10.573499 12.291289 19.388430
10.090955 10.090955 -1.452731
10.090955 10.090955 32.529269
9.197228 9.757931 -1.355882
9.197228 9.757931 32.626118
10.096052 10.813072 -2.086495
10.096052 10.813072 31.895505
10.663552 9.387527 -1.765365
10.663552 9.387527 32.216635
10.029278 11.601115 17.529275
8.495500 12.743250 16.991000
11.681313 10.729647 18.704712
12.291289 10.573499 19.388430
11.601115 10.029278 17.529275
10.729647 5.309687 -1.713712
10.729647 5.309688 32.268288
10.573499 4.699711 -2.397430
10.573499 4.699711 31.584570
10.573499 38.681711 -2.397430
10.573499 38.681711 31.584570
9.197228 7.233069 18.346882
10.096052 6.177928 19.077495
10.663552 7.603472 18.756365
10.029278 5.389885 -0.538275
10.029278 5.389885 33.443725
5.309688 6.261353 18.704712
4.699711 6.417501 19.388430
38.681711 6.417501 19.388430
5.389885 6.961722 17.529275
6.261353 11.681313 -1.713712
6.261353 11.681313 32.268288
6.417501 12.291289 -2.397430
6.417501 12.291289 31.584570
6.961722 11.601115 -0.538275
6.961722 11.601115 33.443725
15.277288 11.681313 23.252353
14.593570 12.291289 23.408501
1.355882 9.757931 24.784772
35.337882 9.757931 24.784772
2.086495 10.813072 23.885948
36.068495 10.813072 23.885948
1.765365 9.387527 23.318448
35.747365 9.387527 23.318448
16.452725 11.601115 23.952722
0.000000 12.743250 25.486500
33.982000 12.743250 25.486500
15.277288 5.309688 27.720647
14.593570 4.699711 27.564499
14.593570 38.681711 27.564499
16.452725 5.389885 27.020278
0.000000 4.247750 25.486500
0.000000 38.229750 25.486500
33.982000 4.247750 25.486500
33.982000 38.229750 25.486500
5.309688 1.713712 23.252353
5.309688 35.695712 23.252353
4.699711 2.397430 23.408501
4.699711 36.379430 23.408501
38.681711 2.397430 23.408501
38.681711 36.379430 23.408501
5.389885 0.538275 23.952722
5.389885 34.520275 23.952722
4.247750 0.000000 25.486500
4.247750 33.982000 25.486500
38.229750 0.000000 25.486500
38.229750 33.982000 25.486500
1.713712 11.681313 27.720647
35.695712 11.681313 27.720647
2.397430 12.291289 27.564499
36.379430 12.291289 27.564499
15.635118 9.757931 26.188228
14.904505 10.813072 27.087052
15.225635 9.387527 27.654552
0.538275 11.601115 27.020278
34.520275 11.601115 27.020278
11.681313 15.277288 23.252353
12.291289 14.593570 23.408501
11.601115 16.452725 23.952722
12.743250 0.000000 25.486500
12.743250 33.982000 25.486500
1.713712 5.309688 23.252353
35.695712 5.309688 23.252353
2.397430 4.699711 23.408501
2.397430 38.681711 23.408501
36.379430 4.699711 23.408501
36.379430 38.681711 23.408501
0.538275 5.389885 23.952722
34.520275 5.389885 23.952722
5.309688 15.277288 27.720647
4.699711 14.593570 27.564499
38.681711 14.593570 27.564499
5.389885 16.452725 27.020278
11.681313 1.713712 27.720647
11.681313 35.695712 27.720647
12.291289 2.397430 27.564499
12.291289 36.379430 27.564499
11.601115 0.538275 27.020278
11.601115 34.520275 27.020278
14.901957 8.629729 19.080043
14.756853 6.781788 20.176813
14.913001 6.098070 20.786789
15.457222 7.957225 20.096615
8.629729 2.089043 -2.089043
8.629729 2.089043 31.892957
8.629729 36.071043 -2.089043
8.629729 36.071043 31.892957
6.781788 2.234147 -3.185813
6.781788 2.234147 30.796187
6.781788 36.216147 -3.185813
6.781788 36.216147 30.796187
6.098070 2.077999 -3.795789
6.098070 2.077999 30.186211
6.098070 36.059999 -3.795789
6.098070 36.059999 30.186211
7.957225 1.533778 -3.105615
7.957225 1.533778 30.876385
7.957225 35.515778 -3.105615
7.957225 35.515778 30.876385
2.089043 8.361271 19.080043
36.071043 8.361271 19.080043
2.234147 10.209212 20.176813
36.216147 10.209212 20.176813
2.077999 10.892930 20.786789
36.059999 10.892930 20.786789
1.595455 7.042770 18.586455
35.577455 7.042770 18.586455
0.701728 7.139618 18.253431
34.683728 7.139618 18.253431
1.600552 6.409005 19.308572
35.582552 6.409005 19.308572
2.168052 6.730135 17.883028
36.150052 6.730135 17.883028
1.533778 9.033775 20.096615
35.515778 9.033775 20.096615
8.361271 14.901957 -2.089043
8.361271 14.901957 31.892957
10.209212 14.756853 -3.185813
10.209212 14.756853 30.796187
10.892930 14.913001 -3.795789
10.892930 14.913001 30.186211
7.042770 15.395545 -1.595455
7.042770 15.395545 32.386545
7.139618 16.289272 -1.262431
7.139618 16.289272 32.719569
6.409005 15.390448 -2.317572
6.409005 15.390448 31.664428
6.730135 14.822948 -0.892028
6.730135 14.822948 33.089972
9.033775 15.457222 -3.105615
9.033775 15.457222 30.876385
14.901957 8.361271 -2.089043
14.901957 8.361271 31.892957
14.756853 10.209212 -3.185813
14.756853 10.209212 30.796187
14.913001 10.892930 -3.795789
14.913001 10.892930 30.186211
15.395545 7.042769 -1.595455
15.395545 7.042770 32.386545
16.289272 7.139618 -1.262431
16.289272 7.139618 32.719569
15.390448 6.409005 -2.317572
15.390448 6.409005 31.664428
14.822948 6.730135 -0.892028
14.822948 6.730135 33.089972
15.457222 9.033775 -3.105615
15.457222 9.033775 30.876385
8.361271 2.089043 19.080043
8.361271 36.071043 19.080043
10.209212 2.234147 20.176813
10.209212 36.216147 20.176813
10.892930 2.077999 20.786789
10.892930 36.059999 20.786789
7.042770 1.595455 18.586455
7.042770 35.577455 18.586455
9.033775 1.533778 20.096615
9.033775 35.515778 20.096615
2.089043 8.629729 -2.089043
2.089043 8.629729 31.892957
36.071043 8.629729 -2.089043
36.071043 8.629729 31.892957
2.234147 6.781788 -3.185813
2.234147 6.781788 30.796187
36.216147 6.781788 -3.185813
36.216147 6.781788 30.796187
2.077999 6.098070 -3.795789
2.077999 6.098070 30.186211
36.059999 6.098070 -3.795789
36.059999 6.098070 30.186211
1.595455 9.948230 -1.595455
1.595455 9.948230 32.386545
35.577455 9.948230 -1.595455
35.577455 9.948230 32.386545
1.533778 7.957225 -3.105615
1.533778 7.957225 30.876385
35.515778 7.957225 -3.105615
35.515778 7.957225 30.876385
8.629729 14.901957 19.080043
6.781788 14.756853 20.176813
6.098070 14.913001 20.786789
9.948230 15.395545 18.586455
7.957225 15.457222 20.096615
2.089043 14.901957 25.620729
36.071043 14.901957 25.620729
3.185813 14.756853 23.772788
37.167812 14.756853 23.772788
3.795789 14.913001 23.089070
37.777789 14.913001 23.089070
1.595455 15.395545 26.939230
35.577455 15.395545 26.939230
3.105615 15.457222 24.948225
37.087615 15.457222 24.948225
14.901957 14.901957 25.352271
14.756853 13.805187 27.200212
14.913001 13.195211 27.883930
15.395545 15.395545 24.033769
16.289272 15.728569 24.130618
15.390448 14.673428 23.400005
14.822948 16.098972 23.721135
15.457222 13.885385 26.024775
14.901957 2.089043 25.620729
14.901957 36.071043 25.620729
13.805187 2.234147 23.772788
13.805187 36.216147 23.772788
13.195211 2.077999 23.089070
13.195211 36.059999 23.089070
15.395545 1.595455 26.939230
15.395545 35.577455 26.939230
13.885385 1.533778 24.948225
13.885385 35.515778 24.948225
2.089043 2.089043 25.352271
2.089043 36.071043 25.352271
36.071043 2.089043 25.352271
36.071043 36.071043 25.352271
2.234147 3.185813 27.200212
2.234147 37.167812 27.200212
36.216147 3.185813 27.200212
36.216147 37.167812 27.200212
2.077999 3.795789 27.883930
2.077999 37.777789 27.883930
36.059999 3.795789 27.883930
36.059999 37.777789 27.883930
1.595455 1.595455 24.033769
1.595455 35.577455 24.033769
35.577455 1.595455 24.033769
35.577455 35.577455 24.033769
0.701728 1.262431 24.130618
0.701728 35.244431 24.130618
34.683728 1.262431 24.130618
34.683728 35.244431 24.130618
1.600552 2.317572 23.400005
1.600552 36.299572 23.400005
35.582552 2.317572 23.400005
35.582552 36.299572 23.400005
2.168052 0.892028 23.721135
2.168052 34.874028 23.721135
36.150052 0.892028 23.721135
36.150052 34.874028 23.721135
1.533778 3.105615 26.024775
1.533778 37.087615 26.024775
35.515778 3.105615 26.024775
35.515778 37.087615 26.024775
3.185813 2.234147 27.200212
3.185813 36.216147 27.200212
37.167812 2.234147 27.200212
37.167812 36.216147 27.200212
3.795789 2.077999 27.883930
3.795789 36.059999 27.883930
37.777789 2.077999 27.883930
37.777789 36.059999 27.883930
3.105615 1.533778 26.024775
3.105615 35.515778 26.024775
37.087615 1.533778 26.024775
37.087615 35.515778 26.024775
2.234147 13.805187 23.772788
36.216147 13.805187 23.772788
2.077999 13.195211 23.089070
36.059999 13.195211 23.089070
0.701728 15.728569 26.842382
34.683728 15.728569 26.842382
1.600552 14.673428 27.572995
35.582552 14.673428 27.572995
2.168052 16.098972 27.251865
36.150052 16.098972 27.251865
1.533778 13.885385 24.948225
35.515778 13.885385 24.948225
13.805187 14.756853 27.200212
13.195211 14.913001 27.883930
13.885385 15.457222 26.024775
14.756853 3.185813 23.772788
14.756853 37.167812 23.772788
14.913001 3.795789 23.089070
14.913001 37.777789 23.089070
16.289272 1.262431 26.842382
16.289272 35.244431 26.842382
15.390448 2.317572 27.572995
15.390448 36.299572 27.572995
14.822948 0.892028 27.251865
14.822948 34.874028 27.251865
15.457222 3.105615 24.948225
15.457222 37.087615 24.948225
6.781788 3.185812 -2.234147
6.781788 3.185813 31.747853
6.781788 37.167812 -2.234147
6.781788 37.167812 31.747853
6.098070 3.795789 -2.077999
6.098070 3.795789 31.904001
6.098070 37.777789 -2.077999
6.098070 37.777789 31.904001
7.957225 3.105615 -1.533778
7.957225 3.105615 32.448222
7.957225 37.087615 -1.533778
7.957225 37.087615 32.448222
6.781788 13.805187 19.225147
6.098070 13.195211 19.068999
9.851382 15.728569 17.692728
10.581995 14.673428 18.591552
10.260865 16.098972 19.159052
7.957225 13.885385 18.524778
13.805187 10.209212 -2.234147
13.805187 10.209212 31.747853
13.195211 10.892930 -2.077999
13.195211 10.892930 31.904001
13.885385 9.033775 -1.533778
13.885385 9.033775 32.448222
10.209212 3.185813 19.225147
10.209212 37.167812 19.225147
10.892930 3.795789 19.068999
10.892930 37.777789 19.068999
7.139618 1.262431 17.692728
7.139618 35.244431 17.692728
6.409005 2.317572 18.591552
6.409005 36.299572 18.591552
6.730135 0.892028 19.159052
6.730135 34.874028 19.159052
9.033775 3.105615 18.524778
9.033775 37.087615 18.524778
3.185812 6.781788 -2.234147
3.185813 6.781788 31.747853
37.167812 6.781788 -2.234147
37.167812 6.781788 31.747853
3.795789 6.098070 -2.077999
3.795789 6.098070 31.904001
37.777789 6.098070 -2.077999
37.777789 6.098070 31.904001
1.262431 9.851382 -0.701728
1.262431 9.851382 33.280272
35.244431 9.851382 -0.701728
35.244431 9.851382 33.280272
2.317572 10.581995 -1.600552
2.317572 10.581995 32.381448
36.299572 10.581995 -1.600552
36.299572 10.581995 32.381448
0.892028 10.260865 -2.168052
0.892028 10.260865 31.813948
34.874028 10.260865 -2.168052
34.874028 10.260865 31.813948
3.105615 7.957225 -1.533778
3.105615 7.957225 32.448222
37.087615 7.957225 -1.533778
37.087615 7.957225 32.448222
10.209212 13.805187 -2.234147
10.209212 13.805187 31.747853
10.892930 13.195211 -2.077999
10.892930 13.195211 31.904001
9.033775 13.885385 -1.533778
9.033775 13.885385 32.448222
13.805187 6.781788 19.225147
13.195211 6.098070 19.068999
13.885385 7.957225 18.524778
3.185813 10.209212 19.225147
37.167812 10.209212 19.225147
3.795789 10.892930 19.068999
37.777789 10.892930 19.068999
3.105615 9.033775 18.524778
37.087615 9.033775 18.524778
6.892806 15.557607 23.883806
8.084085 15.388908 24.085625
6.105165 14.648088 24.085625
9.928893 1.602694 -1.602694
9.928893 1.602694 32.379306
9.928893 35.584694 -1.602694
9.928893 35.584694 32.379306
10.838412 2.390335 -1.400875
10.838412 2.390335 32.581125
10.838412 36.372335 -1.400875
10.838412 36.372335 32.581125
10.097592 0.411415 -1.400875
10.097592 0.411415 32.581125
10.097592 34.393415 -1.400875
10.097592 34.393415 32.581125
10.098194 15.557607 27.089194
10.885835 14.648088 26.887375
8.906915 15.388908 26.887375
6.892806 1.433393 27.089194
6.892806 35.415393 27.089194
6.105165 2.342912 26.887375
6.105165 36.324912 26.887375
8.084085 1.602092 26.887375
8.084085 35.584092 26.887375
6.892806 10.098194 18.424393
7.841697 10.643448 18.963502
6.347552 9.149303 18.963502
15.388306 9.928893 18.593694
14.600665 10.838412 18.391875
16.579585 10.097592 18.391875
6.406457 17.125229 10.584543
6.261353 -1.713712 11.681313
6.261353 32.268288 11.681313
6.417501 -2.397430 12.291289
6.417501 31.584570 12.291289
6.961722 -0.538275 11.601115
6.961722 33.443725 11.601115
8.495500 16.991000 12.743250
0.134229 27.575543 6.406457
34.116229 27.575543 6.406457
15.277288 27.720647 5.309687
14.593570 27.564499 4.699711
14.593570 27.564499 38.681711
1.452731 27.081955 6.900045
35.434731 27.081955 6.900045
16.452725 27.020278 5.389885
0.000000 25.486500 4.247750
0.000000 25.486500 38.229750
33.982000 25.486500 4.247750
33.982000 25.486500 38.229750
10.584543 -0.134229 10.584543
10.584543 33.847771 10.584543
10.729647 18.704712 11.681313
10.573499 19.388430 12.291289
10.029278 17.529275 11.601115
16.856771 23.397457 6.406457
1.713712 23.252353 5.309687
35.695712 23.252353 5.309687
2.397430 23.408501 4.699711
2.397430 23.408501 38.681711
36.379430 23.408501 4.699711
36.379430 23.408501 38.681711
15.538270 23.891045 6.900045
15.635118 24.784772 7.233069
14.904505 23.885948 6.177928
15.225635 23.318448 7.603472
0.538275 23.952722 5.389885
34.520275 23.952722 5.389885
6.406457 -0.134229 6.406457
6.406457 33.847771 6.406457
6.261353 18.704712 5.309687
6.417501 19.388430 4.699711
6.417501 19.388430 38.681711
6.961722 17.529275 5.389885
8.495500 16.991000 4.247750
8.495500 16.991000 38.229750
16.856771 27.575543 10.584543
1.713712 27.720647 11.681313
35.695712 27.720647 11.681313
2.397430 27.564499 12.291289
36.379430 27.564499 12.291289
15.538270 27.081955 10.090955
0.538275 27.020278 11.601115
34.520275 27.020278 11.601115
0.000000 25.486500 12.743250
33.982000 25.486500 12.743250
10.584543 17.125229 6.406457
10.729647 -1.713712 5.309687
10.729647 32.268288 5.309687
10.573499 -2.397430 4.699711
10.573499 -2.397430 38.681711
10.573499 31.584570 4.699711
10.573499 31.584570 38.681711
10.090955 18.443730 6.900045
9.197228 18.346882 7.233069
10.096052 19.077495 6.177928
10.663552 18.756365 7.603472
10.029278 -0.538275 5.389885
10.029278 33.443725 5.389885
0.134229 23.397457 10.584543
34.116229 23.397457 10.584543
15.277288 23.252353 11.681313
14.593570 23.408501 12.291289
1.452731 23.891045 10.090955
35.434731 23.891045 10.090955
1.355882 24.784772 9.757931
35.337882 24.784772 9.757931
2.086495 23.885948 10.813072
36.068495 23.885948 10.813072
1.765365 23.318448 9.387527
35.747365 23.318448 9.387527
16.452725 23.952722 11.601115
10.584543 23.397457 0.134229
10.584543 23.397457 34.116229
11.681313 23.252353 15.277288
12.291289 23.408501 14.593570
10.090955 23.891045 1.452731
10.090955 23.891045 35.434731
11.601115 23.952722 16.452725
12.743250 25.486500 0.000000
12.743250 25.486500 33.982000
6.406457 23.397457 16.856771
6.261353 22.300687 1.713712
6.261353 22.300688 35.695712
6.417501 21.690711 2.397430
6.417501 21.690711 36.379430
6.900045 23.891045 15.538270
7.793772 24.224069 15.635118
6.894948 23.168928 14.904505
6.327448 24.594472 15.225635
6.961722 22.380885 0.538275
6.961722 22.380885 34.520275
8.495500 21.238750 0.000000
8.495500 21.238750 33.982000
6.406457 27.575543 0.134229
6.406457 27.575543 34.116229
5.309688 27.720647 15.277288
4.699711 27.564499 14.593570
38.681711 27.564499 14.593570
5.389885 27.020278 16.452725
4.247750 25.486500 0.000000
4.247750 25.486500 33.982000
38.229750 25.486500 0.000000
38.229750 25.486500 33.982000
10.584543 27.575543 16.856771
10.729647 28.672313 1.713712
10.729647 28.672313 35.695712
10.573499 -4.699711 2.397430
10.573499 -4.699711 36.379430
10.573499 29.282289 2.397430
10.573499 29.282289 36.379430
10.090955 27.081955 15.538270
9.197228 26.748931 15.635118
10.096052 27.804072 14.904505
10.663552 26.378528 15.225635
10.029278 28.592115 0.538275
10.029278 28.592115 34.520275
8.495500 -4.247750 0.000000
8.495500 -4.247750 33.982000
8.495500 29.734250 0.000000
8.495500 29.734250 33.982000
11.681313 27.720647 1.713712
11.681313 27.720647 35.695712
12.291289 27.564499 2.397430
12.291289 27.564499 36.379430
11.601115 27.020278 0.538275
11.601115 27.020278 34.520275
10.729647 22.300687 15.277288
10.573499 21.690711 14.593570
9.197228 24.224069 1.355882
9.197228 24.224069 35.337882
10.096052 23.168928 2.086495
10.096052 23.168928 36.068495
10.663552 24.594472 1.765365
10.663552 24.594472 35.747365
10.029278 22.380885 16.452725
5.309688 23.252353 1.713712
5.309688 23.252353 35.695712
4.699711 23.408501 2.397430
4.699711 23.408501 36.379430
38.681711 23.408501 2.397430
38.681711 23.408501 36.379430
5.389885 23.952722 0.538275
5.389885 23.952722 34.520275
6.261353 28.672313 15.277288
6.417501 -4.699711 14.593570
6.417501 29.282289 14.593570
6.961722 28.592115 16.452725
15.277288 28.672313 6.261353
14.593570 -4.699711 6.417501
14.593570 29.282289 6.417501
1.355882 26.748931 7.793772
35.337882 26.748931 7.793772
2.086495 27.804072 6.894948
36.068495 27.804072 6.894948
1.765365 26.378528 6.327448
35.747365 26.378528 6.327448
16.452725 28.592115 6.961722
0.000000 -4.247750 8.495500
0.000000 29.734250 8.495500
33.982000 -4.247750 8.495500
33.982000 29.734250 8.495500
15.277288 22.300687 10.729647
14.593570 21.690711 10.573499
16.452725 22.380885 10.029278
0.000000 21.238750 8.495500
33.982000 21.238750 8.495500
5.309688 18.704712 6.261353
4.699711 19.388430 6.417501
38.681711 19.388430 6.417501
5.389885 17.529275 6.961722
4.247750 16.991000 8.495500
38.229750 16.991000 8.495500
1.713712 28.672313 10.729647
35.695712 28.672313 10.729647
2.397430 -4.699711 10.573499
2.397430 29.282289 10.573499
36.379430 -4.699711 10.573499
36.379430 29.282289 10.573499
15.635118 26.748931 9.197228
14.904505 27.804072 10.096052
15.225635 26.378528 10.663552
0.538275 28.592115 10.029278
34.520275 28.592115 10.029278
11.681313 -1.713712 6.261353
11.681313 32.268288 6.261353
12.291289 -2.397430 6.417501
12.291289 31.584570 6.417501
11.601115 -0.538275 6.961722
11.601115 33.443725 6.961722
12.743250 16.991000 8.495500
1.713712 22.300687 6.261353
35.695712 22.300687 6.261353
2.397430 21.690711 6.417501
36.379430 21.690711 6.417501
0.538275 22.380885 6.961722
34.520275 22.380885 6.961722
5.309688 -1.713712 10.729647
5.309688 32.268288 10.729647
4.699711 -2.397430 10.573499
4.699711 31.584570 10.573499
38.681711 -2.397430 10.573499
38.681711 31.584570 10.573499
5.389885 -0.538275 10.029278
5.389885 33.443725 10.029278
11.681313 18.704712 10.729647
12.291289 19.388430 10.573499
11.601115 17.529275 10.029278
14.901957 25.620729 2.089043
14.901957 25.620729 36.071043
14.756853 23.772788 3.185812
14.756853 23.772788 37.167812
14.913001 23.089070 3.795789
14.913001 23.089070 37.777789
15.457222 24.948225 3.105615
15.457222 24.948225 37.087615
8.629729 19.080043 14.901957
6.781788 19.225147 13.805187
6.098070 19.068999 13.195211
7.957225 18.524778 13.885385
2.089043 25.352271 2.089043
2.089043 25.352271 36.071043
36.071043 25.352271 2.089043
36.071043 25.352271 36.071043
2.234147 27.200212 3.185812
2.234147 27.200212 37.167812
36.216147 27.200212 3.185812
36.216147 27.200212 37.167812
2.077999 27.883930 3.795789
2.077999 27.883930 37.777789
36.059999 27.883930 3.795789
36.059999 27.883930 37.777789
1.595455 24.033769 1.595455
1.595455 24.033770 35.577455
35.577455 24.033769 1.595455
35.577455 24.033770 35.577455
0.701728 24.130618 1.262431
0.701728 24.130618 35.244431
34.683728 24.130618 1.262431
34.683728 24.130618 35.244431
1.600552 23.400005 2.317572
1.600552 23.400005 36.299572
35.582552 23.400005 2.317572
35.582552 23.400005 36.299572
2.168052 23.721135 0.892027
2.168052 23.721135 34.874028
36.150052 23.721135 0.892027
36.150052 23.721135 34.874028
1.533778 26.024775 3.105615
1.533778 26.024775 37.087615
35.515778 26.024775 3.105615
35.515778 26.024775 37.087615
8.361271 -2.089043 14.901957
8.361271 31.892957 14.901957
10.209212 -2.234147 13.805187
10.209212 31.747853 13.805187
10.892930 -2.077999 13.195211
10.892930 31.904001 13.195211
7.042770 -1.595455 15.395545
7.042770 32.386545 15.395545
7.139618 -0.701728 15.728569
7.139618 33.280272 15.728569
6.409005 -1.600552 14.673428
6.409005 32.381448 14.673428
6.730135 -2.168052 16.098972
6.730135 31.813948 16.098972
9.033775 -1.533778 13.885385
9.033775 32.448222 13.885385
14.901957 25.352271 14.901957
14.756853 27.200212 13.805187
14.913001 27.883930 13.195211
15.395545 24.033769 15.395545
16.289272 24.130618 15.728569
15.390448 23.400005 14.673428
14.822948 23.721135 16.098972
15.457222 26.024775 13.885385
8.361271 19.080043 2.089043
8.361271 19.080043 36.071043
10.209212 19.225147 3.185812
10.209212 19.225147 37.167812
10.892930 19.068999 3.795789
10.892930 19.068999 37.777789
7.042770 18.586455 1.595455
7.042770 18.586455 35.577455
9.033775 18.524778 3.105615
9.033775 18.524778 37.087615
2.089043 25.620729 14.901957
36.071043 25.620729 14.901957
2.234147 23.772788 13.805187
36.216147 23.772788 13.805187
2.077999 23.089070 13.195211
36.059999 23.089070 13.195211
1.595455 26.939230 15.395545
35.577455 26.939230 15.395545
1.533778 24.948225 13.885385
35.515778 24.948225 13.885385
8.629729 -2.089043 2.089043
8.629729 -2.089043 36.071043
8.629729 31.892957 2.089043
8.629729 31.892957 36.071043
6.781788 -2.234147 3.185812
6.781788 -2.234147 37.167812
6.781788 31.747853 3.185812
6.781788 31.747853 37.167812
6.098070 -2.077999 3.795789
6.098070 -2.077999 37.777789
6.098070 31.904001 3.795789
6.098070 31.904001 37.777789
9.948230 -1.595455 1.595455
9.948230 -1.595455 35.577455
9.948230 32.386545 1.595455
9.948230 32.386545 35.577455
7.957225 -1.533778 3.105615
7.957225 -1.533778 37.087615
7.957225 32.448222 3.105615
7.957225 32.448222 37.087615
2.089043 -2.089043 8.629729
2.089043 31.892957 8.629729
36.071043 -2.089043 8.629729
36.071043 31.892957 8.629729
3.185812 -2.234147 6.781788
3.185813 31.747853 6.781788
37.167812 -2.234147 6.781788
37.167812 31.747853 6.781788
3.795789 -2.077999 6.098070
3.795789 31.904001 6.098070
37.777789 -2.077999 6.098070
37.777789 31.904001 6.098070
1.595455 -1.595455 9.948230
1.595455 32.386545 9.948230
35.577455 -1.595455 9.948230
35.577455 32.386545 9.948230
3.105615 -1.533778 7.957225
3.105615 32.448222 7.957225
37.087615 -1.533778 7.957225
37.087615 32.448222 7.957225
14.901957 -2.089043 8.361271
14.901957 31.892957 8.361271
14.756853 -3.185813 10.209212
14.756853 30.796187 10.209212
14.913001 -3.795789 10.892930
14.913001 30.186211 10.892930
15.395545 -1.595455 7.042769
15.395545 32.386545 7.042769
16.289272 -1.262431 7.139618
16.289272 32.719569 7.139618
15.390448 -2.317572 6.409005
15.390448 31.664428 6.409005
14.822948 -0.892028 6.730135
14.822948 33.089972 6.730135
15.457222 -3.105615 9.033775
15.457222 30.876385 9.033775
14.901957 19.080043 8.629729
13.805187 19.225147 6.781788
13.195211 19.068999 6.098070
15.395545 18.586455 9.948230
13.885385 18.524778 7.957225
2.089043 19.080043 8.361271
36.071043 19.080043 8.361271
2.234147 20.176813 10.209212
36.216147 20.176813 10.209212
2.077999 20.786789 10.892930
36.059999 20.786789 10.892930
1.595455 18.586455 7.042769
35.577455 18.586455 7.042769
0.701728 18.253431 7.139618
34.683728 18.253431 7.139618
1.600552 19.308572 6.409005
35.582552 19.308572 6.409005
2.168052 17.883028 6.730135
36.150052 17.883028 6.730135
1.533778 20.096615 9.033775
35.515778 20.096615 9.033775
3.185813 19.225147 10.209212
37.167812 19.225147 10.209212
3.795789 19.068999 10.892930
37.777789 19.068999 10.892930
3.105615 18.524778 9.033775
37.087615 18.524778 9.033775
2.234147 -3.185813 6.781788
2.234147 30.796187 6.781788
36.216147 -3.185813 6.781788
36.216147 30.796187 6.781788
2.077999 -3.795789 6.098070
2.077999 30.186211 6.098070
36.059999 -3.795789 6.098070
36.059999 30.186211 6.098070
0.701728 -1.262431 9.851382
0.701728 32.719569 9.851382
34.683728 -1.262431 9.851382
34.683728 32.719569 9.851382
1.600552 -2.317572 10.581995
1.600552 31.664428 10.581995
35.582552 -2.317572 10.581995
35.582552 31.664428 10.581995
2.168052 -0.892028 10.260865
2.168052 33.089972 10.260865
36.150052 -0.892028 10.260865
36.150052 33.089972 10.260865
1.533778 -3.105615 7.957225
1.533778 30.876385 7.957225
35.515778 -3.105615 7.957225
35.515778 30.876385 7.957225
13.805187 -2.234147 10.209212
13.805187 31.747853 10.209212
13.195211 -2.077999 10.892930
13.195211 31.904001 10.892930
13.885385 -1.533778 9.033775
13.885385 32.448222 9.033775
14.756853 20.176813 6.781788
14.913001 20.786789 6.098070
16.289272 18.253431 9.851382
15.390448 19.308572 10.581995
14.822948 17.883028 10.260865
15.457222 20.096615 7.957225
6.781788 20.176813 14.756853
6.098070 20.786789 14.913001
7.957225 20.096615 15.457222
6.781788 -3.185813 2.234147
6.781788 -3.185813 36.216147
6.781788 30.796187 2.234147
6.781788 30.796187 36.216147
6.098070 -3.795789 2.077999
6.098070 -3.795789 36.059999
6.098070 30.186211 2.077999
6.098070 30.186211 36.059999
9.851382 -1.262431 0.701728
9.851382 -1.262431 34.683728
9.851382 32.719569 0.701728
9.851382 32.719569 34.683728
10.581995 -2.317572 1.600552
10.581995 -2.317572 35.582552
10.581995 31.664428 1.600552
10.581995 31.664428 35.582552
10.260865 -0.892028 2.168052
10.260865 -0.892028 36.150052
10.260865 33.089972 2.168052
10.260865 33.089972 36.150052
7.957225 -3.105615 1.533778
7.957225 -3.105615 35.515778
7.957225 30.876385 1.533778
7.957225 30.876385 35.515778
13.805187 27.200212 14.756853
13.195211 27.883930 14.913001
13.885385 26.024775 15.457222
10.209212 20.176813 2.234147
10.209212 20.176813 36.216147
10.892930 20.786789 2.077999
10.892930 20.786789 36.059999
7.139618 18.253431 0.701728
7.139618 18.253431 34.683728
6.409005 19.308572 1.600552
6.409005 19.308572 35.582552
6.730135 17.883028 2.168052
6.730135 17.883028 36.150052
9.033775 20.096615 1.533778
9.033775 20.096615 35.515778
3.185813 23.772788 14.756853
37.167812 23.772788 14.756853
3.795789 23.089070 14.913001
37.777789 23.089070 14.913001
1.262431 26.842382 16.289272
35.244431 26.842382 16.289272
2.317572 27.572995 15.390448
36.299572 27.572995 15.390448
0.892028 27.251865 14.822948
34.874028 27.251865 14.822948
3.105615 24.948225 15.457222
37.087615 24.948225 15.457222
10.209212 -3.185813 14.756853
10.209212 30.796187 14.756853
10.892930 -3.795789 14.913001
10.892930 30.186211 14.913001
9.033775 -3.105615 15.457222
9.033775 30.876385 15.457222
13.805187 23.772788 2.234147
13.805187 23.772788 36.216147
13.195211 23.089070 2.077999
13.195211 23.089070 36.059999
13.885385 24.948225 1.533778
13.885385 24.948225 35.515778
3.185813 27.200212 2.234147
3.185813 27.200212 36.216147
37.167812 27.200212 2.234147
37.167812 27.200212 36.216147
3.795789 27.883930 2.077999
3.795789 27.883930 36.059999
37.777789 27.883930 2.077999
37.777789 27.883930 36.059999
3.105615 26.024775 1.533778
3.105615 26.024775 35.515778
37.087615 26.024775 1.533778
37.087615 26.024775 35.515778
6.892806 -1.433393 6.892806
6.892806 32.548607 6.892806
8.084085 -1.602092 7.094625
8.084085 32.379908 7.094625
6.105165 -2.342912 7.094625
6.105165 31.639088 7.094625
9.928893 18.593694 15.388306
10.838412 19.381335 15.590125
10.097592 17.402415 15.590125
10.098194 -1.433393 10.098194
10.098194 32.548607 10.098194
10.885835 -2.342912 9.896375
10.885835 31.639088 9.896375
8.906915 -1.602092 9.896375
8.906915 32.379908 9.896375
6.892806 18.424393 10.098194
6.105165 19.333912 9.896375
8.084085 18.593092 9.896375
6.892806 27.089194 1.433393
6.892806 27.089194 35.415393
7.841697 27.634448 1.972502
7.841697 27.634448 35.954502
6.347552 26.140303 1.972502
6.347552 26.140303 35.954502
15.388306 26.919893 1.602694
15.388306 26.919893 35.584694
14.600665 27.829412 1.400875
14.600665 27.829412 35.382875
16.579585 27.088592 1.400875
16.579585 27.088592 35.382875
6.406457 17.125229 27.575543
6.261353 -1.713712 28.672313
6.261353 32.268288 28.672313
6.417501 -2.397430 -4.699711
6.417501 -2.397430 29.282289
6.417501 31.584570 -4.699711
6.417501 31.584570 29.282289
6.961722 -0.538275 28.592115
6.961722 33.443725 28.592115
8.495500 16.991000 -4.247750
8.495500 16.991000 29.734250
0.134229 27.575543 23.397457
34.116229 27.575543 23.397457
15.277288 27.720647 22.300687
14.593570 27.564499 21.690711
1.452731 27.081955 23.891045
35.434731 27.081955 23.891045
16.452725 27.020278 22.380885
0.000000 25.486500 21.238750
33.982000 25.486500 21.238750
10.584543 -0.134229 27.575543
10.584543 33.847771 27.575543
10.729647 18.704712 28.672313
10.573499 19.388430 -4.699711
10.573499 19.388430 29.282289
10.029278 17.529275 28.592115
16.856771 23.397457 23.397457
1.713712 23.252353 22.300687
35.695712 23.252353 22.300687
2.397430 23.408501 21.690711
36.379430 23.408501 21.690711
15.538270 23.891045 23.891045
15.635118 24.784772 24.224069
14.904505 23.885948 23.168928
15.225635 23.318448 24.594472
0.538275 23.952722 22.380885
34.520275 23.952722 22.380885
6.406457 -0.134229 23.397457
6.406457 33.847771 23.397457
6.261353 18.704712 22.300687
6.417501 19.388430 21.690711
6.961722 17.529275 22.380885
8.495500 16.991000 21.238750
16.856771 27.575543 27.575543
1.713712 27.720647 28.672313
35.695712 27.720647 28.672313
2.397430 27.564499 -4.699711
2.397430 27.564499 29.282289
36.379430 27.564499 -4.699711
36.379430 27.564499 29.282289
15.538270 27.081955 27.081955
0.538275 27.020278 28.592115
34.520275 27.020278 28.592115
0.000000 25.486500 -4.247750
0.000000 25.486500 29.734250
33.982000 25.486500 -4.247750
33.982000 25.486500 29.734250
10.584543 17.125229 23.397457
10.729647 -1.713712 22.300687
10.729647 32.268288 22.300687
10.573499 -2.397430 21.690711
10.573499 31.584570 21.690711
10.090955 18.443730 23.891045
9.197228 18.346882 24.224069
10.096052 19.077495 23.168928
10.663552 18.756365 24.594472
10.029278 -0.538275 22.380885
10.029278 33.443725 22.380885
0.134229 23.397457 27.575543
34.116229 23.397457 27.575543
15.277288 23.252353 28.672313
14.593570 23.408501 -4.699711
14.593570 23.408501 29.282289
1.452731 23.891045 27.081955
35.434731 23.891045 27.081955
1.355882 24.784772 26.748931
35.337882 24.784772 26.748931
2.086495 23.885948 27.804072
36.068495 23.885948 27.804072
1.765365 23.318448 26.378528
35.747365 23.318448 26.378528
16.452725 23.952722 28.592115
10.584543 23.397457 17.125229
11.681313 23.252353 -1.713712
11.681313 23.252353 32.268288
12.291289 23.408501 -2.397430
12.291289 23.408501 31.584570
10.090955 23.891045 18.443730
11.601115 23.952722 -0.538275
11.601115 23.952722 33.443725
12.743250 25.486500 16.991000
6.406457 23.397457 -0.134229
6.406457 23.397457 33.847771
6.261353 22.300687 18.704712
6.417501 21.690711 19.388430
6.900045 23.891045 -1.452731
6.900045 23.891045 32.529269
7.793772 24.224069 -1.355882
7.793772 24.224069 32.626118
6.894948 23.168928 -2.086495
6.894948 23.168928 31.895505
6.327448 24.594472 -1.765365
6.327448 24.594472 32.216635
6.961722 22.380885 17.529275
8.495500 21.238750 16.991000
6.406457 27.575543 17.125229
5.309688 27.720647 -1.713712
5.309688 27.720647 32.268288
4.699711 27.564499 -2.397430
4.699711 27.564499 31.584570
38.681711 27.564499 -2.397430
38.681711 27.564499 31.584570
5.389885 27.020278 -0.538275
5.389885 27.020278 33.443725
4.247750 25.486500 16.991000
38.229750 25.486500 16.991000
10.584543 27.575543 -0.134229
10.584543 27.575543 33.847771
10.729647 28.672313 18.704712
10.573499 -4.699711 19.388430
10.573499 29.282289 19.388430
10.090955 27.081955 -1.452731
10.090955 27.081955 32.529269
9.197228 26.748931 -1.355882
9.197228 26.748931 32.626118
10.096052 27.804072 -2.086495
10.096052 27.804072 31.895505
10.663552 26.378528 -1.765365
10.663552 26.378528 32.216635
10.029278 28.592115 17.529275
8.495500 -4.247750 16.991000
8.495500 29.734250 16.991000
11.681313 27.720647 18.704712
12.291289 27.564499 19.388430
11.601115 27.020278 17.529275
10.729647 22.300687 -1.713712
10.729647 22.300687 32.268288
10.573499 21.690711 -2.397430
10.573499 21.690711 31.584570
9.197228 24.224069 18.346882
10.096052 23.168928 19.077495
10.663552 24.594472 18.756365
10.029278 22.380885 -0.538275
10.029278 22.380885 33.443725
5.309688 23.252353 18.704712
4.699711 23.408501 19.388430
38.681711 23.408501 19.388430
5.389885 23.952722 17.529275
6.261353 28.672313 -1.713712
6.261353 28.672313 32.268288
6.417501 -4.699711 -2.397430
6.417501 -4.699711 31.584570
6.417501 29.282289 -2.397430
6.417501 29.282289 31.584570
6.961722 28.592115 -0.538275
6.961722 28.592115 33.443725
15.277288 28.672313 23.252353
14.593570 -4.699711 23.408501
14.593570 29.282289 23.408501
1.355882 26.748931 24.784772
35.337882 26.748931 24.784772
2.086495 27.804072 23.885948
36.068495 27.804072 23.885948
1.765365 26.378528 23.318448
35.747365 26.378528 23.318448
16.452725 28.592115 23.952722
0.000000 -4.247750 25.486500
0.000000 29.734250 25.486500
33.982000 -4.247750 25.486500
33.982000 29.734250 25.486500
15.277288 22.300687 27.720647
14.593570 21.690711 27.564499
16.452725 22.380885 27.020278
0.000000 21.238750 25.486500
33.982000 21.238750 25.486500
5.309688 18.704712 23.252353
4.699711 19.388430 23.408501
38.681711 19.388430 23.408501
5.389885 17.529275 23.952722
4.247750 16.991000 25.486500
38.229750 16.991000 25.486500
1.713712 28.672313 27.720647
35.695712 28.672313 27.720647
2.397430 -4.699711 27.564499
2.397430 29.282289 27.564499
36.379430 -4.699711 27.564499
36.379430 29.282289 27.564499
15.635118 26.748931 26.188228
14.904505 27.804072 27.087052
15.225635 26.378528 27.654552
0.538275 28.592115 27.020278
34.520275 28.592115 27.020278
11.681313 -1.713712 23.252353
11.681313 32.268288 23.252353
12.291289 -2.397430 23.408501
12.291289 31.584570 23.408501
11.601115 -0.538275 23.952722
11.601115 33.443725 23.952722
12.743250 16.991000 25.486500
1.713712 22.300687 23.252353
35.695712 22.300687 23.252353
2.397430 21.690711 23.408501
36.379430 21.690711 23.408501
0.538275 22.380885 23.952722
34.520275 22.380885 23.952722
5.309688 -1.713712 27.720647
5.309688 32.268288 27.720647
4.699711 -2.397430 27.564499
4.699711 31.584570 27.564499
38.681711 -2.397430 27.564499
38.681711 31.584570 27.564499
5.389885 -0.538275 27.020278
5.389885 33.443725 27.020278
11.681313 18.704712 27.720647
12.291289 19.388430 27.564499
11.601115 17.529275 27.020278
14.901957 25.620729 19.080043
14.756853 23.772788 20.176813
14.913001 23.089070 20.786789
15.457222 24.948225 20.096615
8.629729 19.080043 -2.089043
8.629729 19.080043 31.892957
6.781788 19.225147 -3.185813
6.781788 19.225147 30.796187
6.098070 19.068999 -3.795789
6.098070 19.068999 30.186211
7.957225 18.524778 -3.105615
7.957225 18.524778 30.876385
2.089043 25.352271 19.080043
36.071043 25.352271 19.080043
2.234147 27.200212 20.176813
36.216147 27.200212 20.176813
2.077999 27.883930 20.786789
36.059999 27.883930 20.786789
1.595455 24.033769 18.586455
35.577455 24.033769 18.586455
0.701728 24.130618 18.253431
34.683728 24.130618 18.253431
1.600552 23.400005 19.308572
35.582552 23.400005 19.308572
2.168052 23.721135 17.883028
36.150052 23.721135 17.883028
1.533778 26.024775 20.096615
35.515778 26.024775 20.096615
8.361271 -2.089043 -2.089043
8.361271 -2.089043 31.892957
8.361271 31.892957 -2.089043
8.361271 31.892957 31.892957
10.209212 -2.234147 -3.185813
10.209212 -2.234147 30.796187
10.209212 31.747853 -3.185813
10.209212 31.747853 30.796187
10.892930 -2.077999 -3.795789
10.892930 -2.077999 30.186211
10.892930 31.904001 -3.795789
10.892930 31.904001 30.186211
7.042769 -1.595455 -1.595455
7.042770 -1.595455 32.386545
7.042770 32.386545 -1.595455
7.042770 32.386545 32.386545
7.139618 -0.701728 -1.262431
7.139618 -0.701728 32.719569
7.139618 33.280272 -1.262431
7.139618 33.280272 32.719569
6.409005 -1.600552 -2.317572
6.409005 -1.600552 31.664428
6.409005 32.381448 -2.317572
6.409005 32.381448 31.664428
6.730135 -2.168052 -0.892028
6.730135 -2.168052 33.089972
6.730135 31.813948 -0.892028
6.730135 31.813948 33.089972
9.033775 -1.533778 -3.105615
9.033775 -1.533778 30.876385
9.033775 32.448222 -3.105615
9.033775 32.448222 30.876385
14.901957 25.352271 -2.089043
14.901957 25.352271 31.892957
14.756853 27.200212 -3.185813
14.756853 27.200212 30.796187
14.913001 27.883930 -3.795789
14.913001 27.883930 30.186211
15.395545 24.033769 -1.595455
15.395545 24.033770 32.386545
16.289272 24.130618 -1.262431
16.289272 24.130618 32.719569
15.390448 23.400005 -2.317572
15.390448 23.400005 31.664428
14.822948 23.721135 -0.892028
14.822948 23.721135 33.089972
15.457222 26.024775 -3.105615
15.457222 26.024775 30.876385
8.361271 19.080043 19.080043
10.209212 19.225147 20.176813
10.892930 19.068999 20.786789
7.042770 18.586455 18.586455
9.033775 18.524778 20.096615
2.089043 25.620729 -2.089043
2.089043 25.620729 31.892957
36.071043 25.620729 -2.089043
36.071043 25.620729 31.892957
2.234147 23.772788 -3.185813
2.234147 23.772788 30.796187
36.216147 23.772788 -3.185813
36.216147 23.772788 30.796187
2.077999 23.089070 -3.795789
2.077999 23.089070 30.186211
36.059999 23.089070 -3.795789
36.059999 23.089070 30.186211
1.595455 26.939230 -1.595455
1.595455 26.939230 32.386545
35.577455 26.939230 -1.595455
35.577455 26.939230 32.386545
1.533778 24.948225 -3.105615
1.533778 24.948225 30.876385
35.515778 24.948225 -3.105615
35.515778 24.948225 30.876385
8.629729 -2.089043 19.080043
8.629729 31.892957 19.080043
6.781788 -2.234147 20.176813
6.781788 31.747853 20.176813
6.098070 -2.077999 20.786789
6.098070 31.904001 20.786789
9.948230 -1.595455 18.586455
9.948230 32.386545 18.586455
7.957225 -1.533778 20.096615
7.957225 32.448222 20.096615
2.089043 -2.089043 25.620729
2.089043 31.892957 25.620729
36.071043 -2.089043 25.620729
36.071043 31.892957 25.620729
3.185813 -2.234147 23.772788
3.185813 31.747853 23.772788
37.167812 -2.234147 23.772788
37.167812 31.747853 23.772788
3.795789 -2.077999 23.089070
3.795789 31.904001 23.089070
37.777789 -2.077999 23.089070
37.777789 31.904001 23.089070
1.595455 -1.595455 26.939230
1.595455 32.386545 26.939230
35.577455 -1.595455 26.939230
35.577455 32.386545 26.939230
3.105615 -1.533778 24.948225
3.105615 32.448222 24.948225
37.087615 -1.533778 24.948225
37.087615 32.448222 24.948225
14.901957 -2.089043 25.352271
14.901957 31.892957 25.352271
14.756853 -3.185813 27.200212
14.756853 30.796187 27.200212
14.913001 -3.795789 27.883930
14.913001 30.186211 27.883930
15.395545 -1.595455 24.033769
15.395545 32.386545 24.033769
16.289272 -1.262431 24.130618
16.289272 32.719569 24.130618
15.390448 -2.317572 23.400005
15.390448 31.664428 23.400005
14.822948 -0.892028 23.721135
14.822948 33.089972 23.721135
15.457222 -3.105615 26.024775
15.457222 30.876385 26.024775
14.901957 19.080043 25.620729
13.805187 19.225147 23.772788
13.195211 19.068999 23.089070
15.395545 18.586455 26.939230
13.885385 18.524778 24.948225
2.089043 19.080043 25.352271
36.071043 19.080043 25.352271
2.234147 20.176813 27.200212
36.216147 20.176813 27.200212
2.077999 20.786789 27.883930
36.059999 20.786789 27.883930
1.595455 18.586455 24.033769
35.577455 18.586455 24.033769
0.701728 18.253431 24.130618
34.683728 18.253431 24.130618
1.600552 19.308572 23.400005
35.582552 19.308572 23.400005
2.168052 17.883028 23.721135
36.150052 17.883028 23.721135
1.533778 20.096615 26.024775
35.515778 20.096615 26.024775
3.185813 19.225147 27.200212
37.167812 19.225147 27.200212
3.795789 19.068999 27.883930
37.777789 19.068999 27.883930
3.105615 18.524778 26.024775
37.087615 18.524778 26.024775
2.234147 -3.185813 23.772788
2.234147 30.796187 23.772788
36.216147 -3.185813 23.772788
36.216147 30.796187 23.772788
2.077999 -3.795789 23.089070
2.077999 30.186211 23.089070
36.059999 -3.795789 23.089070
36.059999 30.186211 23.089070
0.701728 -1.262431 26.842382
0.701728 32.719569 26.842382
34.683728 -1.262431 26.842382
34.683728 32.719569 26.842382
1.600552 -2.317572 27.572995
1.600552 31.664428 27.572995
35.582552 -2.317572 27.572995
35.582552 31.664428 27.572995
2.168052 -0.892028 27.251865
2.168052 33.089972 27.251865
36.150052 -0.892028 27.251865
36.150052 33.089972 27.251865
1.533778 -3.105615 24.948225
1.533778 30.876385 24.948225
35.515778 -3.105615 24.948225
35.515778 30.876385 24.948225
13.805187 -2.234147 27.200212
13.805187 31.747853 27.200212
13.195211 -2.077999 27.883930
13.195211 31.904001 27.883930
13.885385 -1.533778 26.024775
13.885385 32.448222 26.024775
14.756853 20.176813 23.772788
14.913001 20.786789 23.089070
16.289272 18.253431 26.842382
15.390448 19.308572 27.572995
14.822948 17.883028 27.251865
15.457222 20.096615 24.948225
6.781788 20.176813 -2.234147
6.781788 20.176813 31.747853
6.098070 20.786789 -2.077999
6.098070 20.786789 31.904001
7.957225 20.096615 -1.533778
7.957225 20.096615 32.448222
6.781788 -3.185813 19.225147
6.781788 30.796187 19.225147
6.098070 -3.795789 19.068999
6.098070 30.186211 19.068999
9.851382 -1.262431 17.692728
9.851382 32.719569 17.692728
10.581995 -2.317572 18.591552
10.581995 31.664428 18.591552
10.260865 -0.892028 19.159052
10.260865 33.089972 19.159052
7.957225 -3.105615 18.524778
7.957225 30.876385 18.524778
13.805187 27.200212 -2.234147
13.805187 27.200212 31.747853
13.195211 27.883930 -2.077999
13.195211 27.883930 31.904001
13.885385 26.024775 -1.533778
13.885385 26.024775 32.448222
10.209212 20.176813 19.225147
10.892930 20.786789 19.068999
7.139618 18.253431 17.692728
6.409005 19.308572 18.591552
6.730135 17.883028 19.159052
9.033775 20.096615 18.524778
3.185813 23.772788 -2.234147
3.185813 23.772788 31.747853
37.167812 23.772788 -2.234147
37.167812 23.772788 31.747853
3.795789 23.089070 -2.077999
3.795789 23.089070 31.904001
37.777789 23.089070 -2.077999
37.777789 23.089070 31.904001
1.262431 26.842382 -0.701728
1.262431 26.842382 33.280272
35.244431 26.842382 -0.701728
35.244431 26.842382 33.280272
2.317572 27.572995 -1.600552
2.317572 27.572995 32.381448
36.299572 27.572995 -1.600552
36.299572 27.572995 32.381448
0.892028 27.251865 -2.168052
0.892028 27.251865 31.813948
34.874028 27.251865 -2.168052
34.874028 27.251865 31.813948
3.105615 24.948225 -1.533778
3.105615 24.948225 32.448222
37.087615 24.948225 -1.533778
37.087615 24.948225 32.448222
10.209212 -3.185813 -2.234147
10.209212 -3.185813 31.747853
10.209212 30.796187 -2.234147
10.209212 30.796187 31.747853
10.892930 -3.795789 -2.077999
10.892930 -3.795789 31.904001
10.892930 30.186211 -2.077999
10.892930 30.186211 31.904001
9.033775 -3.105615 -1.533778
9.033775 -3.105615 32.448222
9.033775 30.876385 -1.533778
9.033775 30.876385 32.448222
13.805187 23.772788 19.225147
13.195211 23.089070 19.068999
13.885385 24.948225 18.524778
3.185813 27.200212 19.225147
37.167812 27.200212 19.225147
3.795789 27.883930 19.068999
37.777789 27.883930 19.068999
3.105615 26.024775 18.524778
37.087615 26.024775 18.524778
6.892806 -1.433393 23.883806
6.892806 32.548607 23.883806
8.084085 -1.602092 24.085625
8.084085 32.379908 24.085625
6.105165 -2.342912 24.085625
6.105165 31.639088 24.085625
9.928893 18.593694 -1.602694
9.928893 18.593694 32.379306
10.838412 19.381335 -1.400875
10.838412 19.381335 32.581125
10.097592 17.402415 -1.400875
10.097592 17.402415 32.581125
10.098194 -1.433393 27.089194
10.098194 32.548607 27.089194
10.885835 -2.342912 26.887375
10.885835 31.639088 26.887375
8.906915 -1.602092 26.887375
8.906915 32.379908 26.887375
6.892806 18.424393 27.089194
6.105165 19.333912 26.887375
8.084085 18.593092 26.887375
6.892806 27.089194 18.424393
7.841697 27.634448 18.963502
6.347552 26.140303 18.963502
15.388306 26.919893 18.593694
14.600665 27.829412 18.391875
16.579585 27.088592 18.391875
23.397457 0.134229 10.584543
23.397457 34.116229 10.584543
23.252353 15.277288 11.681313
23.408501 14.593570 12.291289
23.952722 16.452725 11.601115
25.486500 0.000000 12.743250
25.486500 33.982000 12.743250
17.125229 10.584543 6.406457
-1.713712 10.729647 5.309687
32.268288 10.729647 5.309687
-2.397430 10.573499 4.699711
-2.397430 10.573499 38.681711
31.584570 10.573499 4.699711
31.584570 10.573499 38.681711
18.443730 10.090955 6.900045
-0.538275 10.029278 5.389885
33.443725 10.029278 5.389885
16.991000 8.495500 4.247750
16.991000 8.495500 38.229750
27.575543 16.856771 10.584543
27.720647 1.713712 11.681313
27.720647 35.695712 11.681313
27.564499 2.397430 12.291289
27.564499 36.379430 12.291289
27.020278 0.538275 11.601115
27.020278 34.520275 11.601115
-0.134229 6.406457 6.406457
33.847771 6.406457 6.406457
18.704712 6.261353 5.309687
19.388430 6.417501 4.699711
19.388430 6.417501 38.681711
-1.452731 6.900045 6.900045
32.529269 6.900045 6.900045
-1.355882 7.793772 7.233069
32.626118 7.793772 7.233069
-2.086495 6.894948 6.177928
31.895505 6.894948 6.177928
-1.765365 6.327448 7.603472
32.216635 6.327448 7.603472
17.529275 6.961722 5.389885
23.397457 16.856771 6.406457
23.252353 1.713712 5.309687
23.252353 35.695712 5.309687
23.408501 2.397430 4.699711
23.408501 2.397430 38.681711
23.408501 36.379430 4.699711
23.408501 36.379430 38.681711
23.952722 0.538275 5.389885
23.952722 34.520275 5.389885
25.486500 0.000000 4.247750
25.486500 0.000000 38.229750
25.486500 33.982000 4.247750
25.486500 33.982000 38.229750
-0.134229 10.584543 10.584543
33.847771 10.584543 10.584543
18.704712 10.729647 11.681313
19.388430 10.573499 12.291289
-1.452731 10.090955 10.090955
32.529269 10.090955 10.090955
17.529275 10.029278 11.601115
16.991000 8.495500 12.743250
27.575543 0.134229 6.406457
27.575543 34.116229 6.406457
27.720647 15.277288 5.309687
27.564499 14.593570 4.699711
27.564499 14.593570 38.681711
27.081955 1.452731 6.900045
27.081955 35.434731 6.900045
26.188228 1.355882 7.233069
26.188228 35.337882 7.233069
27.087052 2.086495 6.177928
27.087052 36.068495 6.177928
27.654552 1.765365 7.603472
27.654552 35.747365 7.603472
27.020278 16.452725 5.389885
17.125229 6.406457 10.584543
-1.713712 6.261353 11.681313
32.268288 6.261353 11.681313
-2.397430 6.417501 12.291289
31.584570 6.417501 12.291289
18.443730 6.900045 10.090955
18.346882 7.793772 9.757931
19.077495 6.894948 10.813072
18.756365 6.327448 9.387527
-0.538275 6.961722 11.601115
33.443725 6.961722 11.601115
27.575543 6.406457 0.134229
27.575543 6.406457 34.116229
28.672313 6.261353 15.277288
-4.699711 6.417501 14.593570
29.282289 6.417501 14.593570
27.081955 6.900045 1.452731
27.081955 6.900045 35.434731
28.592115 6.961722 16.452725
-4.247750 8.495500 0.000000
-4.247750 8.495500 33.982000
29.734250 8.495500 0.000000
29.734250 8.495500 33.982000
23.397457 6.406457 16.856771
23.252353 5.309687 1.713712
23.252353 5.309688 35.695712
23.408501 4.699711 2.397430
23.408501 4.699711 36.379430
23.408501 38.681711 2.397430
23.408501 38.681711 36.379430
23.891045 6.900045 15.538270
24.784772 7.233069 15.635118
23.885948 6.177928 14.904505
23.318448 7.603472 15.225635
23.952722 5.389885 0.538275
23.952722 5.389885 34.520275
25.486500 4.247750 0.000000
25.486500 4.247750 33.982000
25.486500 38.229750 0.000000
25.486500 38.229750 33.982000
23.397457 10.584543 0.134229
23.397457 10.584543 34.116229
22.300687 10.729647 15.277288
21.690711 10.573499 14.593570
22.380885 10.029278 16.452725
21.238750 8.495500 0.000000
21.238750 8.495500 33.982000
27.575543 10.584543 16.856771
27.720647 11.681313 1.713712
27.720647 11.681313 35.695712
27.564499 12.291289 2.397430
27.564499 12.291289 36.379430
27.081955 10.090955 15.538270
26.188228 9.757931 15.635118
27.087052 10.813072 14.904505
27.654552 9.387528 15.225635
27.020278 11.601115 0.538275
27.020278 11.601115 34.520275
25.486500 12.743250 0.000000
25.486500 12.743250 33.982000
28.672313 10.729647 1.713712
28.672313 10.729647 35.695712
-4.699711 10.573499 2.397430
-4.699711 10.573499 36.379430
29.282289 10.573499 2.397430
29.282289 10.573499 36.379430
28.592115 10.029278 0.538275
28.592115 10.029278 34.520275
27.720647 5.309688 15.277288
27.564499 4.699711 14.593570
27.564499 38.681711 14.593570
26.188228 7.233069 1.355882
26.188228 7.233069 35.337882
27.087052 6.177928 2.086495
27.087052 6.177928 36.068495
27.654552 7.603472 1.765365
27.654552 7.603472 35.747365
27.020278 5.389885 16.452725
22.300687 6.261353 1.713712
22.300688 6.261353 35.695712
21.690711 6.417501 2.397430
21.690711 6.417501 36.379430
22.380885 6.961722 0.538275
22.380885 6.961722 34.520275
23.252353 11.681313 15.277288
23.408501 12.291289 14.593570
23.952722 11.601115 16.452725
-1.713712 11.681313 6.261353
32.268288 11.681313 6.261353
-2.397430 12.291289 6.417501
31.584570 12.291289 6.417501
18.346882 9.757931 7.793772
19.077495 10.813072 6.894948
18.756365 9.387527 6.327448
-0.538275 11.601115 6.961722
33.443725 11.601115 6.961722
16.991000 12.743250 8.495500
-1.713712 5.309688 10.729647
32.268288 5.309688 10.729647
-2.397430 4.699711 10.573499
-2.397430 38.681711 10.573499
31.584570 4.699711 10.573499
31.584570 38.681711 10.573499
-0.538275 5.389885 10.029278
33.443725 5.389885 10.029278
16.991000 4.247750 8.495500
16.991000 38.229750 8.495500
22.300687 1.713712 6.261353
22.300688 35.695712 6.261353
21.690711 2.397430 6.417501
21.690711 36.379430 6.417501
22.380885 0.538275 6.961722
22.380885 34.520275 6.961722
21.238750 0.000000 8.495500
21.238750 33.982000 8.495500
18.704712 11.681313 10.729647
19.388430 12.291289 10.573499
-1.355882 9.757931 9.197228
32.626118 9.757931 9.197228
-2.086495 10.813072 10.096052
31.895505 10.813072 10.096052
-1.765365 9.387527 10.663552
32.216635 9.387527 10.663552
17.529275 11.601115 10.029278
28.672313 15.277288 6.261353
-4.699711 14.593570 6.417501
29.282289 14.593570 6.417501
28.592115 16.452725 6.961722
-4.247750 0.000000 8.495500
-4.247750 33.982000 8.495500
29.734250 0.000000 8.495500
29.734250 33.982000 8.495500
18.704712 5.309687 6.261353
19.388430 4.699711 6.417501
19.388430 38.681711 6.417501
17.529275 5.389885 6.961722
22.300687 15.277288 10.729647
21.690711 14.593570 10.573499
22.380885 16.452725 10.029278
28.672313 1.713712 10.729647
28.672313 35.695712 10.729647
-4.699711 2.397430 10.573499
-4.699711 36.379430 10.573499
29.282289 2.397430 10.573499
29.282289 36.379430 10.573499
28.592115 0.538275 10.029278
28.592115 34.520275 10.029278
-2.089043 8.629729 2.089043
-2.089043 8.629729 36.071043
31.892957 8.629729 2.089043
31.892957 8.629729 36.071043
-2.234147 6.781788 3.185812
-2.234147 6.781788 37.167812
31.747853 6.781788 3.185812
31.747853 6.781788 37.167812
-2.077999 6.098070 3.795789
-2.077999 6.098070 37.777789
31.904001 6.098070 3.795789
31.904001 6.098070 37.777789
-1.533778 7.957225 3.105615
-1.533778 7.957225 37.087615
32.448222 7.957225 3.105615
32.448222 7.957225 37.087615
25.620729 2.089043 14.901957
25.620729 36.071043 14.901957
23.772788 2.234147 13.805187
23.772788 36.216147 13.805187
23.089070 2.077999 13.195211
23.089070 36.059999 13.195211
24.948225 1.533778 13.885385
24.948225 35.515778 13.885385
19.080043 8.361271 2.089043
19.080043 8.361271 36.071043
19.225147 10.209212 3.185812
19.225147 10.209212 37.167812
19.068999 10.892930 3.795789
19.068999 10.892930 37.777789
18.586455 7.042769 1.595455
18.586455 7.042770 35.577455
17.692728 7.139618 1.262431
17.692728 7.139618 35.244431
18.591552 6.409005 2.317572
18.591552 6.409005 36.299572
19.159052 6.730135 0.892027
19.159052 6.730135 34.874028
18.524778 9.033775 3.105615
18.524778 9.033775 37.087615
25.352271 14.901957 14.901957
27.200212 14.756853 13.805187
27.883930 14.913001 13.195211
24.033769 15.395545 15.395545
24.130618 16.289272 15.728569
23.400005 15.390448 14.673428
23.721135 14.822948 16.098972
26.024775 15.457222 13.885385
-2.089043 8.361271 14.901957
31.892957 8.361271 14.901957
-2.234147 10.209212 13.805187
31.747853 10.209212 13.805187
-2.077999 10.892930 13.195211
31.904001 10.892930 13.195211
-1.595455 7.042770 15.395545
32.386545 7.042770 15.395545
-0.701728 7.139618 15.728569
33.280272 7.139618 15.728569
-1.600552 6.409005 14.673428
32.381448 6.409005 14.673428
-2.168052 6.730135 16.098972
31.813948 6.730135 16.098972
-1.533778 9.033775 13.885385
32.448222 9.033775 13.885385
25.352271 2.089043 2.089043
25.352271 2.089043 36.071043
25.352271 36.071043 2.089043
25.352271 36.071043 36.071043
27.200212 2.234147 3.185812
27.200212 2.234147 37.167812
27.200212 36.216147 3.185812
27.200212 36.216147 37.167812
27.883930 2.077999 3.795789
27.883930 2.077999 37.777789
27.883930 36.059999 3.795789
27.883930 36.059999 37.777789
24.033769 1.595455 1.595455
24.033770 1.595455 35.577455
24.033770 35.577455 1.595455
24.033770 35.577455 35.577455
26.024775 1.533778 3.105615
26.024775 1.533778 37.087615
26.024775 35.515778 3.105615
26.024775 35.515778 37.087615
19.080043 8.629729 14.901957
19.225147 6.781788 13.805187
19.068999 6.098070 13.195211
18.586455 9.948230 15.395545
18.524778 7.957225 13.885385
25.620729 14.901957 2.089043
25.620729 14.901957 36.071043
23.772788 14.756853 3.185812
23.772788 14.756853 37.167812
23.089070 14.913001 3.795789
23.089070 14.913001 37.777789
26.939230 15.395545 1.595455
26.939230 15.395545 35.577455
24.948225 15.457222 3.105615
24.948225 15.457222 37.087615
19.080043 14.901957 8.629729
20.176813 14.756853 6.781788
20.786789 14.913001 6.098070
18.586455 15.395545 9.948230
20.096615 15.457222 7.957225
-2.089043 14.901957 8.361271
31.892957 14.901957 8.361271
-2.234147 13.805187 10.209212
31.747853 13.805187 10.209212
-2.077999 13.195211 10.892930
31.904001 13.195211 10.892930
-1.595455 15.395545 7.042769
32.386545 15.395545 7.042769
-0.701728 15.728569 7.139618
33.280272 15.728569 7.139618
-1.600552 14.673428 6.409005
32.381448 14.673428 6.409005
-2.168052 16.098972 6.730135
31.813948 16.098972 6.730135
-1.533778 13.885385 9.033775
32.448222 13.885385 9.033775
-2.089043 2.089043 8.629729
-2.089043 36.071043 8.629729
31.892957 2.089043 8.629729
31.892957 36.071043 8.629729
-3.185813 2.234147 6.781788
-3.185813 36.216147 6.781788
30.796187 2.234147 6.781788
30.796187 36.216147 6.781788
-3.795789 2.077999 6.098070
-3.795789 36.059999 6.098070
30.186211 2.077999 6.098070
30.186211 36.059999 6.098070
-1.595455 1.595455 9.948230
-1.595455 35.577455 9.948230
32.386545 1.595455 9.948230
32.386545 35.577455 9.948230
-3.105615 1.533778 7.957225
-3.105615 35.515778 7.957225
30.876385 1.533778 7.957225
30.876385 35.515778 7.957225
19.080043 2.089043 8.361271
19.080043 36.071043 8.361271
19.225147 3.185813 10.209212
19.225147 37.167812 10.209212
19.068999 3.795789 10.892930
19.068999 37.777789 10.892930
18.586455 1.595455 7.042769
18.586455 35.577455 7.042769
17.692728 1.262431 7.139618
17.692728 35.244431 7.139618
18.591552 2.317572 6.409005
18.591552 36.299572 6.409005
19.159052 0.892028 6.730135
19.159052 34.874028 6.730135
18.524778 3.105615 9.033775
18.524778 37.087615 9.033775
20.176813 2.234147 10.209212
20.176813 36.216147 10.209212
20.786789 2.077999 10.892930
20.786789 36.059999 10.892930
20.096615 1.533778 9.033775
20.096615 35.515778 9.033775
19.225147 13.805187 6.781788
19.068999 13.195211 6.098070
17.692728 15.728569 9.851382
18.591552 14.673428 10.581995
19.159052 16.098972 10.260865
18.524778 13.885385 7.957225
-3.185813 14.756853 10.209212
30.796187 14.756853 10.209212
-3.795789 14.913001 10.892930
30.186211 14.913001 10.892930
-3.105615 15.457222 9.033775
30.876385 15.457222 9.033775
-2.234147 3.185813 6.781788
-2.234147 37.167812 6.781788
31.747853 3.185813 6.781788
31.747853 37.167812 6.781788
-2.077999 3.795789 6.098070
-2.077999 37.777789 6.098070
31.904001 3.795789 6.098070
31.904001 37.777789 6.098070
-0.701728 1.262431 9.851382
-0.701728 35.244431 9.851382
33.280272 1.262431 9.851382
33.280272 35.244431 9.851382
-1.600552 2.317572 10.581995
-1.600552 36.299572 10.581995
32.381448 2.317572 10.581995
32.381448 36.299572 10.581995
-2.168052 0.892028 10.260865
-2.168052 34.874028 10.260865
31.813948 0.892028 10.260865
31.813948 34.874028 10.260865
-1.533778 3.105615 7.957225
-1.533778 37.087615 7.957225
32.448222 3.105615 7.957225
32.448222 37.087615 7.957225
23.772788 3.185813 14.756853
23.772788 37.167812 14.756853
23.089070 3.795789 14.913001
23.089070 37.777789 14.913001
24.948225 3.105615 15.457222
24.948225 37.087615 15.457222
23.772788 13.805187 2.234147
23.772788 13.805187 36.216147
23.089070 13.195211 2.077999
23.089070 13.195211 36.059999
26.842382 15.728569 0.701728
26.842382 15.728569 34.683728
27.572995 14.673428 1.600552
27.572995 14.673428 35.582552
27.251865 16.098972 2.168052
27.251865 16.098973 36.150052
24.948225 13.885385 1.533778
24.948225 13.885385 35.515778
-3.185813 10.209212 14.756853
30.796187 10.209212 14.756853
-3.795789 10.892930 14.913001
30.186211 10.892930 14.913001
-3.105615 9.033775 15.457222
30.876385 9.033775 15.457222
27.200212 3.185812 2.234147
27.200212 3.185813 36.216147
27.200212 37.167812 2.234147
27.200212 37.167812 36.216147
27.883930 3.795789 2.077999
27.883930 3.795789 36.059999
27.883930 37.777789 2.077999
27.883930 37.777789 36.059999
24.130618 1.262431 0.701728
24.130618 1.262431 34.683728
24.130618 35.244431 0.701728
24.130618 35.244431 34.683728
23.400005 2.317572 1.600552
23.400005 2.317572 35.582552
23.400005 36.299572 1.600552
23.400005 36.299572 35.582552
23.721135 0.892028 2.168052
23.721135 0.892028 36.150052
23.721135 34.874028 2.168052
23.721135 34.874028 36.150052
26.024775 3.105615 1.533778
26.024775 3.105615 35.515778
26.024775 37.087615 1.533778
26.024775 37.087615 35.515778
20.176813 6.781788 14.756853
20.786789 6.098070 14.913001
18.253431 9.851382 16.289272
19.308572 10.581995 15.390448
17.883028 10.260865 14.822948
20.096615 7.957225 15.457222
27.200212 13.805187 14.756853
27.883930 13.195211 14.913001
26.024775 13.885385 15.457222
-3.185813 6.781788 2.234147
-3.185813 6.781788 36.216147
30.796187 6.781788 2.234147
30.796187 6.781788 36.216147
-3.795789 6.098070 2.077999
-3.795789 6.098070 36.059999
30.186211 6.098070 2.077999
30.186211 6.098070 36.059999
-3.105615 7.957225 1.533778
-3.105615 7.957225 35.515778
30.876385 7.957225 1.533778
30.876385 7.957225 35.515778
20.176813 10.209212 2.234147
20.176813 10.209212 36.216147
20.786789 10.892930 2.077999
20.786789 10.892930 36.059999
20.096615 9.033775 1.533778
20.096615 9.033775 35.515778
23.883806 15.557607 6.892806
25.075085 15.388908 7.094625
23.096165 14.648088 7.094625
26.919893 1.602694 15.388306
26.919893 35.584694 15.388306
27.829412 2.390335 15.590125
27.829412 36.372335 15.590125
27.088592 0.411415 15.590125
27.088592 34.393415 15.590125
27.089194 15.557607 10.098194
27.876835 14.648088 9.896375
25.897915 15.388908 9.896375
23.883806 1.433393 10.098194
23.883806 35.415393 10.098194
23.096165 2.342912 9.896375
23.096165 36.324912 9.896375
25.075085 1.602092 9.896375
25.075085 35.584092 9.896375
23.883806 10.098194 1.433393
23.883806 10.098194 35.415393
24.832697 10.643448 1.972502
24.832697 10.643448 35.954502
23.338552 9.149303 1.972502
23.338552 9.149303 35.954502
-1.602694 9.928893 1.602694
-1.602694 9.928893 35.584694
32.379306 9.928893 1.602694
32.379306 9.928893 35.584694
-2.390335 10.838412 1.400875
-2.390335 10.838412 35.382875
31.591665 10.838412 1.400875
31.591665 10.838412 35.382875
-0.411415 10.097592 1.400875
-0.411415 10.097592 35.382875
33.570585 10.097592 1.400875
33.570585 10.097592 35.382875
23.397457 0.134229 27.575543
23.397457 34.116229 27.575543
23.252353 15.277288 28.672313
23.408501 14.593570 -4.699711
23.408501 14.593570 29.282289
23.952722 16.452725 28.592115
25.486500 -0.000000 -4.247750
25.486500 0.000000 29.734250
25.486500 33.982000 -4.247750
25.486500 33.982000 29.734250
17.125229 10.584543 23.397457
-1.713712 10.729647 22.300687
32.268288 10.729647 22.300687
-2.397430 10.573499 21.690711
31.584570 10.573499 21.690711
18.443730 10.090955 23.891045
-0.538275 10.029278 22.380885
33.443725 10.029278 22.380885
16.991000 8.495500 21.238750
27.575543 16.856771 27.575543
27.720647 1.713712 28.672313
27.720647 35.695712 28.672313
27.564499 2.397430 -4.699711
27.564499 2.397430 29.282289
27.564499 36.379430 -4.699711
27.564499 36.379430 29.282289
27.020278 0.538275 28.592115
27.020278 34.520275 28.592115
-0.134229 6.406457 23.397457
33.847771 6.406457 23.397457
18.704712 6.261353 22.300687
19.388430 6.417501 21.690711
-1.452731 6.900045 23.891045
32.529269 6.900045 23.891045
-1.355882 7.793772 24.224069
32.626118 7.793772 24.224069
-2.086495 6.894948 23.168928
31.895505 6.894948 23.168928
-1.765365 6.327448 24.594472
32.216635 6.327448 24.594472
17.529275 6.961722 22.380885
23.397457 16.856771 23.397457
23.252353 1.713712 22.300687
23.252353 35.695712 22.300687
23.408501 2.397430 21.690711
23.408501 36.379430 21.690711
23.952722 0.538275 22.380885
23.952722 34.520275 22.380885
25.486500 0.000000 21.238750
25.486500 33.982000 21.238750
-0.134229 10.584543 27.575543
33.847771 10.584543 27.575543
18.704712 10.729647 28.672313
19.388430 10.573499 -4.699711
19.388430 10.573499 29.282289
-1.452730 10.090955 27.081955
32.529269 10.090955 27.081955
17.529275 10.029278 28.592115
16.991000 8.495500 -4.247750
16.991000 8.495500 29.734250
27.575543 0.134229 23.397457
27.575543 34.116229 23.397457
27.720647 15.277288 22.300687
27.564499 14.593570 21.690711
27.081955 1.452731 23.891045
27.081955 35.434731 23.891045
26.188228 1.355882 24.224069
26.188228 35.337882 24.224069
27.087052 2.086495 23.168928
27.087052 36.068495 23.168928
27.654552 1.765365 24.594472
27.654552 35.747365 24.594472
27.020278 16.452725 22.380885
17.125229 6.406457 27.575543
-1.713712 6.261353 28.672313
32.268288 6.261353 28.672313
-2.397430 6.417501 -4.699711
-2.397430 6.417501 29.282289
31.584570 6.417501 -4.699711
31.584570 6.417501 29.282289
18.443730 6.900045 27.081955
18.346882 7.793772 26.748931
19.077495 6.894948 27.804072
18.756365 6.327448 26.378528
-0.538275 6.961722 28.592115
33.443725 6.961722 28.592115
27.575543 6.406457 17.125229
28.672313 6.261353 -1.713712
28.672313 6.261353 32.268288
-4.699711 6.417501 -2.397430
-4.699711 6.417501 31.584570
29.282289 6.417501 -2.397430
29.282289 6.417501 31.584570
27.081955 6.900045 18.443730
28.592115 6.961722 -0.538275
28.592115 6.961722 33.443725
-4.247750 8.495500 16.991000
29.734250 8.495500 16.991000
23.397457 6.406457 -0.134229
23.397457 6.406457 33.847771
23.252353 5.309688 18.704712
23.408501 4.699711 19.388430
23.408501 38.681711 19.388430
23.891045 6.900045 -1.452731
23.891045 6.900045 32.529269
24.784772 7.233069 -1.355882
24.784772 7.233069 32.626118
23.885948 6.177928 -2.086495
23.885948 6.177928 31.895505
23.318448 7.603472 -1.765365
23.318448 7.603472 32.216635
23.952722 5.389885 17.529275
25.486500 4.247750 16.991000
25.486500 38.229750 16.991000
23.397457 10.584543 17.125229
22.300687 10.729647 -1.713712
22.300687 10.729647 32.268288
21.690711 10.573499 -2.397430
21.690711 10.573499 31.584570
22.380885 10.029278 -0.538275
22.380885 10.029278 33.443725
21.238750 8.495500 16.991000
27.575543 10.584543 -0.134229
27.575543 10.584543 33.847771
27.720647 11.681313 18.704712
27.564499 12.291289 19.388430
27.081955 10.090955 -1.452731
27.081955 10.090955 32.529269
26.188228 9.757931 -1.355882
26.188228 9.757931 32.626118
27.087052 10.813072 -2.086495
27.087052 10.813072 31.895505
27.654552 9.387527 -1.765365
27.654552 9.387527 32.216635
27.020278 11.601115 17.529275
25.486500 12.743250 16.991000
28.672313 10.729647 18.704712
-4.699711 10.573499 19.388430
29.282289 10.573499 19.388430
28.592115 10.029278 17.529275
27.720647 5.309687 -1.713712
27.720647 5.309688 32.268288
27.564499 4.699711 -2.397430
27.564499 4.699711 31.584570
27.564499 38.681711 -2.397430
27.564499 38.681711 31.584570
26.188228 7.233069 18.346882
27.087052 6.177928 19.077495
27.654552 7.603472 18.756365
27.020278 5.389885 -0.538275
27.020278 5.389885 33.443725
22.300687 6.261353 18.704712
21.690711 6.417501 19.388430
22.380885 6.961722 17.529275
23.252353 11.681313 -1.713712
23.252353 11.681313 32.268288
23.408501 12.291289 -2.397430
23.408501 12.291289 31.584570
23.952722 11.601115 -0.538275
23.952722 11.601115 33.443725
-1.713712 11.681313 23.252353
32.268288 11.681313 23.252353
-2.397430 12.291289 23.408501
31.584570 12.291289 23.408501
18.346882 9.757931 24.784772
19.077495 10.813072 23.885948
18.756365 9.387527 23.318448
-0.538275 11.601115 23.952722
33.443725 11.601115 23.952722
16.991000 12.743250 25.486500
-1.713712 5.309688 27.720647
32.268288 5.309688 27.720647
-2.397430 4.699711 27.564499
-2.397430 38.681711 27.564499
31.584570 4.699711 27.564499
31.584570 38.681711 27.564499
-0.538275 5.389885 27.020278
33.443725 5.389885 27.020278
16.991000 4.247750 25.486500
16.991000 38.229750 25.486500
22.300687 1.713712 23.252353
22.300688 35.695712 23.252353
21.690711 2.397430 23.408501
21.690711 36.379430 23.408501
22.380885 0.538275 23.952722
22.380885 34.520275 23.952722
21.238750 0.000000 25.486500
21.238750 33.982000 25.486500
18.704712 11.681313 27.720647
19.388430 12.291289 27.564499
-1.355882 9.757931 26.188228
32.626118 9.757931 26.188228
-2.086495 10.813072 27.087052
31.895505 10.813072 27.087052
-1.765365 9.387527 27.654552
32.216635 9.387527 27.654552
17.529275 11.601115 27.020278
28.672313 15.277288 23.252353
-4.699711 14.593570 23.408501
29.282289 14.593570 23.408501
28.592115 16.452725 23.952722
-4.247750 0.000000 25.486500
-4.247750 33.982000 25.486500
29.734250 0.000000 25.486500
29.734250 33.982000 25.486500
18.704712 5.309688 23.252353
19.388430 4.699711 23.408501
19.388430 38.681711 23.408501
17.529275 5.389885 23.952722
22.300687 15.277288 27.720647
21.690711 14.593570 27.564499
22.380885 16.452725 27.020278
28.672313 1.713712 27.720647
28.672313 35.695712 27.720647
-4.699711 2.397430 27.564499
-4.699711 36.379430 27.564499
29.282289 2.397430 27.564499
29.282289 36.379430 27.564499
28.592115 0.538275 27.020278
28.592115 34.520275 27.020278
-2.089043 8.629729 19.080043
31.892957 8.629729 19.080043
-2.234147 6.781788 20.176813
31.747853 6.781788 20.176813
-2.077999 6.098070 20.786789
31.904001 6.098070 20.786789
-1.533778 7.957225 20.096615
32.448222 7.957225 20.096615
25.620729 2.089043 -2.089043
25.620729 2.089043 31.892957
25.620729 36.071043 -2.089043
25.620729 36.071043 31.892957
23.772788 2.234147 -3.185813
23.772788 2.234147 30.796187
23.772788 36.216147 -3.185813
23.772788 36.216147 30.796187
23.089070 2.077999 -3.795789
23.089070 2.077999 30.186211
23.089070 36.059999 -3.795789
23.089070 36.059999 30.186211
24.948225 1.533778 -3.105615
24.948225 1.533778 30.876385
24.948225 35.515778 -3.105615
24.948225 35.515778 30.876385
19.080043 8.361271 19.080043
19.225147 10.209212 20.176813
19.068999 10.892930 20.786789
18.586455 7.042770 18.586455
17.692728 7.139618 18.253431
18.591552 6.409005 19.308572
19.159052 6.730135 17.883028
18.524778 9.033775 20.096615
25.352271 14.901957 -2.089043
25.352271 14.901957 31.892957
27.200212 14.756853 -3.185813
27.200212 14.756853 30.796187
27.883930 14.913001 -3.795789
27.883930 14.913001 30.186211
24.033769 15.395545 -1.595455
24.033770 15.395545 32.386545
24.130618 16.289272 -1.262431
24.130618 16.289272 32.719569
23.400005 15.390448 -2.317572
23.400005 15.390448 31.664428
23.721135 14.822948 -0.892028
23.721135 14.822948 33.089972
26.024775 15.457222 -3.105615
26.024775 15.457222 30.876385
-2.089043 8.361271 -2.089043
-2.089043 8.361271 31.892957
31.892957 8.361271 -2.089043
31.892957 8.361271 31.892957
-2.234147 10.209212 -3.185813
-2.234147 10.209212 30.796187
31.747853 10.209212 -3.185813
31.747853 10.209212 30.796187
-2.077999 10.892930 -3.795789
-2.077999 10.892930 30.186211
31.904001 10.892930 -3.795789
31.904001 10.892930 30.186211
-1.595455 7.042769 -1.595455
-1.595455 7.042770 32.386545
32.386545 7.042769 -1.595455
32.386545 7.042770 32.386545
-0.701728 7.139618 -1.262431
-0.701728 7.139618 32.719569
33.280272 7.139618 -1.262431
33.280272 7.139618 32.719569
-1.600552 6.409005 -2.317572
-1.600552 6.409005 31.664428
32.381448 6.409005 -2.317572
32.381448 6.409005 31.664428
-2.168052 6.730135 -0.892028
-2.168052 6.730135 33.089972
31.813948 6.730135 -0.892028
31.813948 6.730135 33.089972
-1.533778 9.033775 -3.105615
-1.533778 9.033775 30.876385
32.448222 9.033775 -3.105615
32.448222 9.033775 30.876385
25.352271 2.089043 19.080043
25.352271 36.071043 19.080043
27.200212 2.234147 20.176813
27.200212 36.216147 20.176813
27.883930 2.077999 20.786789
27.883930 36.059999 20.786789
24.033769 1.595455 18.586455
24.033770 35.577455 18.586455
26.024775 1.533778 20.096615
26.024775 35.515778 20.096615
19.080043 8.629729 -2.089043
19.080043 8.629729 31.892957
19.225147 6.781788 -3.185813
19.225147 6.781788 30.796187
19.068999 6.098070 -3.795789
19.068999 6.098070 30.186211
18.586455 9.948230 -1.595455
18.586455 9.948230 32.386545
18.524778 7.957225 -3.105615
18.524778 7.957225 30.876385
25.620729 14.901957 19.080043
23.772788 14.756853 20.176813
23.089070 14.913001 20.786789
26.939230 15.395545 18.586455
24.948225 15.457222 20.096615
19.080043 14.901957 25.620729
20.176813 14.756853 23.772788
20.786789 14.913001 23.089070
18.586455 15.395545 26.939230
20.096615 15.457222 24.948225
-2.089043 14.901957 25.352271
31.892957 14.901957 25.352271
-2.234147 13.805187 27.200212
31.747853 13.805187 27.200212
-2.077999 13.195211 27.883930
31.904001 13.195211 27.883930
-1.595455 15.395545 24.033769
32.386545 15.395545 24.033769
-0.701728 15.728569 24.130618
33.280272 15.728569 24.130618
-1.600552 14.673428 23.400005
32.381448 14.673428 23.400005
-2.168052 16.098972 23.721135
31.813948 16.098972 23.721135
-1.533778 13.885385 26.024775
32.448222 13.885385 26.024775
-2.089043 2.089043 25.620729
-2.089043 36.071043 25.620729
31.892957 2.089043 25.620729
31.892957 36.071043 25.620729
-3.185813 2.234147 23.772788
-3.185812 36.216147 23.772788
30.796187 2.234147 23.772788
30.796187 36.216147 23.772788
-3.795789 2.077999 23.089070
-3.795789 36.059999 23.089070
30.186211 2.077999 23.089070
30.186211 36.059999 23.089070
-1.595455 1.595455 26.939230
-1.595455 35.577455 26.939230
32.386545 1.595455 26.939230
32.386545 35.577455 26.939230
-3.105615 1.533778 24.948225
-3.105615 35.515778 24.948225
30.876385 1.533778 24.948225
30.876385 35.515778 24.948225
19.080043 2.089043 25.352271
19.080043 36.071043 25.352271
19.225147 3.185813 27.200212
19.225147 37.167812 27.200212
19.068999 3.795789 27.883930
19.068999 37.777789 27.883930
18.586455 1.595455 24.033769
18.586455 35.577455 24.033769
17.692728 1.262431 24.130618
17.692728 35.244431 24.130618
18.591552 2.317572 23.400005
18.591552 36.299572 23.400005
19.159052 0.892028 23.721135
19.159052 34.874028 23.721135
18.524778 3.105615 26.024775
18.524778 37.087615 26.024775
20.176813 2.234147 27.200212
20.176813 36.216147 27.200212
20.786789 2.077999 27.883930
20.786789 36.059999 27.883930
20.096615 1.533778 26.024775
20.096615 35.515778 26.024775
19.225147 13.805187 23.772788
19.068999 13.195211 23.089070
17.692728 15.728569 26.842382
18.591552 14.673428 27.572995
19.159052 16.098972 27.251865
18.524778 13.885385 24.948225
-3.185813 14.756853 27.200212
30.796187 14.756853 27.200212
-3.795789 14.913001 27.883930
30.186211 14.913001 27.883930
-3.105615 15.457222 26.024775
30.876385 15.457222 26.024775
-2.234147 3.185813 23.772788
-2.234147 37.167812 23.772788
31.747853 3.185813 23.772788
31.747853 37.167812 23.772788
-2.077999 3.795789 23.089070
-2.077999 37.777789 23.089070
31.904001 3.795789 23.089070
31.904001 37.777789 23.089070
-0.701728 1.262431 26.842382
-0.701728 35.244431 26.842382
33.280272 1.262431 26.842382
33.280272 35.244431 26.842382
-1.600552 2.317572 27.572995
-1.600552 36.299572 27.572995
32.381448 2.317572 27.572995
32.381448 36.299572 27.572995
-2.168052 0.892028 27.251865
-2.168052 34.874028 27.251865
31.813948 0.892028 27.251865
31.813948 34.874028 27.251865
-1.533778 3.105615 24.948225
-1.533778 37.087615 24.948225
32.448222 3.105615 24.948225
32.448222 37.087615 24.948225
23.772788 3.185812 -2.234147
23.772788 3.185813 31.747853
23.772788 37.167812 -2.234147
23.772788 37.167812 31.747853
23.089070 3.795789 -2.077999
23.089070 3.795789 31.904001
23.089070 37.777789 -2.077999
23.089070 37.777789 31.904001
24.948225 3.105615 -1.533778
24.948225 3.105615 32.448222
24.948225 37.087615 -1.533778
24.948225 37.087615 32.448222
23.772788 13.805187 19.225147
23.089070 13.195211 19.068999
26.842382 15.728569 17.692728
27.572995 14.673428 18.591552
27.251865 16.098972 19.159052
24.948225 13.885385 18.524778
-3.185813 10.209212 -2.234147
-3.185813 10.209212 31.747853
30.796187 10.209212 -2.234147
30.796187 10.209212 31.747853
-3.795789 10.892930 -2.077999
-3.795789 10.892930 31.904001
30.186211 10.892930 -2.077999
30.186211 10.892930 31.904001
-3.105615 9.033775 -1.533778
-3.105615 9.033775 32.448222
30.876385 9.033775 -1.533778
30.876385 9.033775 32.448222
27.200212 3.185813 19.225147
27.200212 37.167812 19.225147
27.883930 3.795789 19.068999
27.883930 37.777789 19.068999
24.130618 1.262431 17.692728
24.130618 35.244431 17.692728
23.400005 2.317572 18.591552
23.400005 36.299572 18.591552
23.721135 0.892028 19.159052
23.721135 34.874028 19.159052
26.024775 3.105615 18.524778
26.024775 37.087615 18.524778
20.176813 6.781788 -2.234147
20.176813 6.781788 31.747853
20.786789 6.098070 -2.077999
20.786789 6.098070 31.904001
18.253431 9.851382 -0.701728
18.253431 9.851382 33.280272
19.308572 10.581995 -1.600552
19.308572 10.581995 32.381448
17.883028 10.260865 -2.168052
17.883028 10.260865 31.813948
20.096615 7.957225 -1.533778
20.096615 7.957225 32.448222
27.200212 13.805187 -2.234147
27.200212 13.805187 31.747853
27.883930 13.195211 -2.077999
27.883930 13.195211 31.904001
26.024775 13.885385 -1.533778
26.024775 13.885385 32.448222
-3.185813 6.781788 19.225147
30.796187 6.781788 19.225147
-3.795789 6.098070 19.068999
30.186211 6.098070 19.068999
-3.105615 7.957225 18.524778
30.876385 7.957225 18.524778
20.176813 10.209212 19.225147
20.786789 10.892930 19.068999
20.096615 9.033775 18.524778
23.883806 15.557607 23.883806
25.075085 15.388908 24.085625
23.096165 14.648088 24.085625
26.919893 1.602694 -1.602694
26.919893 1.602694 32.379306
26.919893 35.584694 -1.602694
26.919893 35.584694 32.379306
27.829412 2.390335 -1.400875
27.829412 2.390335 32.581125
27.829412 36.372335 -1.400875
27.829412 36.372335 32.581125
27.088592 0.411415 -1.400875
27.088592 0.411415 32.581125
27.088592 34.393415 -1.400875
27.088592 34.393415 32.581125
27.089194 15.557607 27.089194
27.876835 14.648088 26.887375
25.897915 15.388908 26.887375
23.883806 1.433393 27.089194
23.883806 35.415393 27.089194
23.096165 2.342912 26.887375
23.096165 36.324912 26.887375
25.075085 1.602092 26.887375
25.075085 35.584092 26.887375
23.883806 10.098194 18.424393
24.832697 10.643448 18.963502
23.338552 9.149303 18.963502
-1.602694 9.928893 18.593694
32.379306 9.928893 18.593694
-2.390335 10.838412 18.391875
31.591665 10.838412 18.391875
-0.411415 10.097592 18.391875
33.570585 10.097592 18.391875
23.397457 17.125229 10.584543
23.252353 -1.713712 11.681313
23.252353 32.268288 11.681313
23.408501 -2.397430 12.291289
23.408501 31.584570 12.291289
23.952722 -0.538275 11.601115
23.952722 33.443725 11.601115
25.486500 16.991000 12.743250
17.125229 27.575543 6.406457
-1.713712 27.720647 5.309687
32.268288 27.720647 5.309687
-2.397430 27.564499 4.699711
-2.397430 27.564499 38.681711
31.584570 27.564499 4.699711
31.584570 27.564499 38.681711
18.443730 27.081955 6.900045
-0.538275 27.020278 5.389885
33.443725 27.020278 5.389885
16.991000 25.486500 4.247750
16.991000 25.486500 38.229750
27.575543 -0.134229 10.584543
27.575543 33.847771 10.584543
27.720647 18.704712 11.681313
27.564499 19.388430 12.291289
27.020278 17.529275 11.601115
-0.134229 23.397457 6.406457
33.847771 23.397457 6.406457
18.704712 23.252353 5.309687
19.388430 23.408501 4.699711
19.388430 23.408501 38.681711
-1.452731 23.891045 6.900045
32.529269 23.891045 6.900045
-1.355882 24.784772 7.233069
32.626118 24.784772 7.233069
-2.086495 23.885948 6.177928
31.895505 23.885948 6.177928
-1.765365 23.318448 7.603472
32.216635 23.318448 7.603472
17.529275 23.952722 5.389885
23.397457 -0.134229 6.406457
23.397457 33.847771 6.406457
23.252353 18.704712 5.309687
23.408501 19.388430 4.699711
23.408501 19.388430 38.681711
23.952722 17.529275 5.389885
25.486500 16.991000 4.247750
25.486500 16.991000 38.229750
-0.134229 27.575543 10.584543
33.847771 27.575543 10.584543
18.704712 27.720647 11.681313
19.388430 27.564499 12.291289
-1.452730 27.081955 10.090955
32.529269 27.081955 10.090955
17.529275 27.020278 11.601115
16.991000 25.486500 12.743250
27.575543 17.125229 6.406457
27.720647 -1.713712 5.309687
27.720647 32.268288 5.309687
27.564499 -2.397430 4.699711
27.564499 -2.397430 38.681711
27.564499 31.584570 4.699711
27.564499 31.584570 38.681711
27.081955 18.443730 6.900045
26.188228 18.346882 7.233069
27.087052 19.077495 6.177928
27.654552 18.756365 7.603472
27.020278 -0.538275 5.389885
27.020278 33.443725 5.389885
17.125229 23.397457 10.584543
-1.713712 23.252353 11.681313
32.268288 23.252353 11.681313
-2.397430 23.408501 12.291289
31.584570 23.408501 12.291289
18.443730 23.891045 10.090955
18.346882 24.784772 9.757931
19.077495 23.885948 10.813072
18.756365 23.318448 9.387527
-0.538275 23.952722 11.601115
33.443725 23.952722 11.601115
27.575543 23.397457 0.134229
27.575543 23.397457 34.116229
28.672313 23.252353 15.277288
-4.699711 23.408501 14.593570
29.282289 23.408501 14.593570
27.081955 23.891045 1.452731
27.081955 23.891045 35.434731
28.592115 23.952722 16.452725
-4.247750 25.486500 0.000000
-4.247750 25.486500 33.982000
29.734250 25.486500 0.000000
29.734250 25.486500 33.982000
23.397457 23.397457 16.856771
23.252353 22.300687 1.713712
23.252353 22.300688 35.695712
23.408501 21.690711 2.397430
23.408501 21.690711 36.379430
23.891045 23.891045 15.538270
24.784772 24.224069 15.635118
23.885948 23.168928 14.904505
23.318448 24.594472 15.225635
23.952722 22.380885 0.538275
23.952722 22.380885 34.520275
25.486500 21.238750 0.000000
25.486500 21.238750 33.982000
23.397457 27.575543 0.134229
23.397457 27.575543 34.116229
22.300687 27.720647 15.277288
21.690711 27.564499 14.593570
22.380885 27.020278 16.452725
21.238750 25.486500 0.000000
21.238750 25.486500 33.982000
27.575543 27.575543 16.856771
27.720647 28.672313 1.713712
27.720647 28.672313 35.695712
27.564499 -4.699711 2.397430
27.564499 -4.699711 36.379430
27.564499 29.282289 2.397430
27.564499 29.282289 36.379430
27.081955 27.081955 15.538270
26.188228 26.748931 15.635118
27.087052 27.804072 14.904505
27.654552 26.378528 15.225635
27.020278 28.592115 0.538275
27.020278 28.592115 34.520275
25.486500 -4.247750 0.000000
25.486500 -4.247750 33.982000
25.486500 29.734250 0.000000
25.486500 29.734250 33.982000
28.672313 27.720647 1.713712
28.672313 27.720647 35.695712
-4.699711 27.564499 2.397430
-4.699711 27.564499 36.379430
29.282289 27.564499 2.397430
29.282289 27.564499 36.379430
28.592115 27.020278 0.538275
28.592115 27.020278 34.520275
27.720647 22.300687 15.277288
27.564499 21.690711 14.593570
26.188228 24.224069 1.355882
26.188228 24.224069 35.337882
27.087052 23.168928 2.086495
27.087052 23.168928 36.068495
27.654552 24.594472 1.765365
27.654552 24.594472 35.747365
27.020278 22.380885 16.452725
22.300687 23.252353 1.713712
22.300688 23.252353 35.695712
21.690711 23.408501 2.397430
21.690711 23.408501 36.379430
22.380885 23.952722 0.538275
22.380885 23.952722 34.520275
23.252353 28.672313 15.277288
23.408501 -4.699711 14.593570
23.408501 29.282289 14.593570
23.952722 28.592115 16.452725
-1.713712 28.672313 6.261353
32.268288 28.672313 6.261353
-2.397430 -4.699711 6.417501
-2.397430 29.282289 6.417501
31.584570 -4.699711 6.417501
31.584570 29.282289 6.417501
18.346882 26.748931 7.793772
19.077495 27.804072 6.894948
18.756365 26.378528 6.327448
-0.538275 28.592115 6.961722
33.443725 28.592115 6.961722
16.991000 -4.247750 8.495500
16.991000 29.734250 8.495500
-1.713712 22.300687 10.729647
32.268288 22.300687 10.729647
-2.397430 21.690711 10.573499
31.584570 21.690711 10.573499
-0.538275 22.380885 10.029278
33.443725 22.380885 10.029278
16.991000 21.238750 8.495500
22.300687 18.704712 6.261353
21.690711 19.388430 6.417501
22.380885 17.529275 6.961722
21.238750 16.991000 8.495500
18.704712 28.672313 10.729647
19.388430 -4.699711 10.573499
19.388430 29.282289 10.573499
-1.355882 26.748931 9.197228
32.626118 26.748931 9.197228
-2.086495 27.804072 10.096052
31.895505 27.804072 10.096052
-1.765365 26.378528 10.663552
32.216635 26.378528 10.663552
17.529275 28.592115 10.029278
28.672313 -1.713712 6.261353
28.672313 32.268288 6.261353
-4.699711 -2.397430 6.417501
-4.699711 31.584570 6.417501
29.282289 -2.397430 6.417501
29.282289 31.584570 6.417501
28.592115 -0.538275 6.961722
28.592115 33.443725 6.961722
-4.247750 16.991000 8.495500
29.734250 16.991000 8.495500
18.704712 22.300687 6.261353
19.388430 21.690711 6.417501
17.529275 22.380885 6.961722
22.300687 -1.713712 10.729647
22.300687 32.268288 10.729647
21.690711 -2.397430 10.573499
21.690711 31.584570 10.573499
22.380885 -0.538275 10.029278
22.380885 33.443725 10.029278
28.672313 18.704712 10.729647
-4.699711 19.388430 10.573499
29.282289 19.388430 10.573499
28.592115 17.529275 10.029278
-2.089043 25.620729 2.089043
-2.089043 25.620729 36.071043
31.892957 25.620729 2.089043
31.892957 25.620729 36.071043
-2.234147 23.772788 3.185812
-2.234147 23.772788 37.167812
31.747853 23.772788 3.185812
31.747853 23.772788 37.167812
-2.077999 23.089070 3.795789
-2.077999 23.089070 37.777789
31.904001 23.089070 3.795789
31.904001 23.089070 37.777789
-1.533778 24.948225 3.105615
-1.533778 24.948225 37.087615
32.448222 24.948225 3.105615
32.448222 24.948225 37.087615
25.620729 19.080043 14.901957
23.772788 19.225147 13.805187
23.089070 19.068999 13.195211
24.948225 18.524778 13.885385
19.080043 25.352271 2.089043
19.080043 25.352271 36.071043
19.225147 27.200212 3.185812
19.225147 27.200212 37.167812
19.068999 27.883930 3.795789
19.068999 27.883930 37.777789
18.586455 24.033769 1.595455
18.586455 24.033770 35.577455
17.692728 24.130618 1.262431
17.692728 24.130618 35.244431
18.591552 23.400005 2.317572
18.591552 23.400005 36.299572
19.159052 23.721135 0.892027
19.159052 23.721135 34.874028
18.524778 26.024775 3.105615
18.524778 26.024775 37.087615
25.352271 -2.089043 14.901957
25.352271 31.892957 14.901957
27.200212 -2.234147 13.805187
27.200212 31.747853 13.805187
27.883930 -2.077999 13.195211
27.883930 31.904001 13.195211
24.033769 -1.595455 15.395545
24.033770 32.386545 15.395545
24.130618 -0.701728 15.728569
24.130618 33.280272 15.728569
23.400005 -1.600552 14.673428
23.400005 32.381448 14.673428
23.721135 -2.168052 16.098972
23.721135 31.813948 16.098972
26.024775 -1.533778 13.885385
26.024775 32.448222 13.885385
-2.089043 25.352271 14.901957
31.892957 25.352271 14.901957
-2.234147 27.200212 13.805187
31.747853 27.200212 13.805187
-2.077999 27.883930 13.195211
31.904001 27.883930 13.195211
-1.595455 24.033769 15.395545
32.386545 24.033769 15.395545
-0.701728 24.130618 15.728569
33.280272 24.130618 15.728569
-1.600552 23.400005 14.673428
32.381448 23.400005 14.673428
-2.168052 23.721135 16.098972
31.813948 23.721135 16.098972
-1.533778 26.024775 13.885385
32.448222 26.024775 13.885385
25.352271 19.080043 2.089043
25.352271 19.080043 36.071043
27.200212 19.225147 3.185812
27.200212 19.225147 37.167812
27.883930 19.068999 3.795789
27.883930 19.068999 37.777789
24.033769 18.586455 1.595455
24.033770 18.586455 35.577455
26.024775 18.524778 3.105615
26.024775 18.524778 37.087615
19.080043 25.620729 14.901957
19.225147 23.772788 13.805187
19.068999 23.089070 13.195211
18.586455 26.939230 15.395545
18.524778 24.948225 13.885385
25.620729 -2.089043 2.089043
25.620729 -2.089043 36.071043
25.620729 31.892957 2.089043
25.620729 31.892957 36.071043
23.772788 -2.234147 3.185812
23.772788 -2.234147 37.167812
23.772788 31.747853 3.185812
23.772788 31.747853 37.167812
23.089070 -2.077999 3.795789
23.089070 -2.077999 37.777789
23.089070 31.904001 3.795789
23.089070 31.904001 37.777789
26.939230 -1.595455 1.595455
26.939230 -1.595455 35.577455
26.939230 32.386545 1.595455
26.939231 32.386545 35.577455
24.948225 -1.533778 3.105615
24.948225 -1.533778 37.087615
24.948225 32.448222 3.105615
24.948225 32.448222 37.087615
19.080043 -2.089043 8.629729
19.080043 31.892957 8.629729
20.176813 -2.234147 6.781788
20.176813 31.747853 6.781788
20.786789 -2.077999 6.098070
20.786789 31.904001 6.098070
18.586455 -1.595455 9.948230
18.586455 32.386545 9.948230
20.096615 -1.533778 7.957225
20.096615 32.448222 7.957225
-2.089043 -2.089043 8.361271
-2.089043 31.892957 8.361271
31.892957 -2.089043 8.361271
31.892957 31.892957 8.361271
-2.234147 -3.185813 10.209212
-2.234147 30.796187 10.209212
31.747853 -3.185813 10.209212
31.747853 30.796187 10.209212
-2.077999 -3.795789 10.892930
-2.077999 30.186211 10.892930
31.904001 -3.795789 10.892930
31.904001 30.186211 10.892930
-1.595455 -1.595455 7.042769
-1.595455 32.386545 7.042769
32.386545 -1.595455 7.042769
32.386545 32.386545 7.042769
-0.701728 -1.262431 7.139618
-0.701728 32.719569 7.139618
33.280272 -1.262431 7.139618
33.280272 32.719569 7.139618
-1.600552 -2.317572 6.409005
-1.600552 31.664428 6.409005
32.381448 -2.317572 6.409005
32.381448 31.664428 6.409005
-2.168052 -0.892028 6.730135
-2.168052 33.089972 6.730135
31.813948 -0.892028 6.730135
31.813948 33.089972 6.730135
-1.533778 -3.105615 9.033775
-1.533778 30.876385 9.033775
32.448222 -3.105615 9.033775
32.448222 30.876385 9.033775
-2.089043 19.080043 8.629729
31.892957 19.080043 8.629729
-3.185813 19.225147 6.781788
30.796187 19.225147 6.781788
-3.795789 19.068999 6.098070
30.186211 19.068999 6.098070
-1.595455 18.586455 9.948230
32.386545 18.586455 9.948230
-3.105615 18.524778 7.957225
30.876385 18.524778 7.957225
19.080043 19.080043 8.361271
19.225147 20.176813 10.209212
19.068999 20.786789 10.892930
18.586455 18.586455 7.042769
17.692728 18.253431 7.139618
18.591552 19.308572 6.409005
19.159052 17.883028 6.730135
18.524778 20.096615 9.033775
20.176813 19.225147 10.209212
20.786789 19.068999 10.892930
20.096615 18.524778 9.033775
19.225147 -3.185813 6.781788
19.225147 30.796187 6.781788
19.068999 -3.795789 6.098070
19.068999 30.186211 6.098070
17.692728 -1.262431 9.851382
17.692728 32.719569 9.851382
18.591552 -2.317572 10.581995
18.591552 31.664428 10.581995
19.159052 -0.892028 10.260865
19.159052 33.089972 10.260865
18.524778 -3.105615 7.957225
18.524778 30.876385 7.957225
-3.185813 -2.234147 10.209212
-3.185813 31.747853 10.209212
30.796187 -2.234147 10.209212
30.796187 31.747853 10.209212
-3.795789 -2.077999 10.892930
-3.795789 31.904001 10.892930
30.186211 -2.077999 10.892930
30.186211 31.904001 10.892930
-3.105615 -1.533778 9.033775
-3.105615 32.448222 9.033775
30.876385 -1.533778 9.033775
30.876385 32.448222 9.033775
-2.234147 20.176813 6.781788
31.747853 20.176813 6.781788
-2.077999 20.786789 6.098070
31.904001 20.786789 6.098070
-0.701728 18.253431 9.851382
33.280272 18.253431 9.851382
-1.600552 19.308572 10.581995
32.381448 19.308572 10.581995
-2.168052 17.883028 10.260865
31.813948 17.883028 10.260865
-1.533778 20.096615 7.957225
32.448222 20.096615 7.957225
23.772788 20.176813 14.756853
23.089070 20.786789 14.913001
24.948225 20.096615 15.457222
23.772788 -3.185813 2.234147
23.772788 -3.185813 36.216147
23.772788 30.796187 2.234147
23.772788 30.796187 36.216147
23.089070 -3.795789 2.077999
23.089070 -3.795789 36.059999
23.089070 30.186211 2.077999
23.089070 30.186211 36.059999
26.842382 -1.262431 0.701728
26.842382 -1.262431 34.683728
26.842382 32.719569 0.701728
26.842382 32.719569 34.683728
27.572995 -2.317572 1.600552
27.572995 -2.317572 35.582552
27.572995 31.664428 1.600552
27.572995 31.664428 35.582552
27.251865 -0.892028 2.168052
27.251865 -0.892028 36.150052
27.251865 33.089972 2.168052
27.251865 33.089972 36.150052
24.948225 -3.105615 1.533778
24.948225 -3.105615 35.515778
24.948225 30.876385 1.533778
24.948225 30.876385 35.515778
-3.185813 27.200212 14.756853
30.796187 27.200212 14.756853
-3.795789 27.883930 14.913001
30.186211 27.883930 14.913001
-3.105615 26.024775 15.457222
30.876385 26.024775 15.457222
27.200212 20.176813 2.234147
27.200212 20.176813 36.216147
27.883930 20.786789 2.077999
27.883930 20.786789 36.059999
24.130618 18.253431 0.701728
24.130618 18.253431 34.683728
23.400005 19.308572 1.600552
23.400005 19.308572 35.582552
23.721135 17.883028 2.168052
23.721135 17.883028 36.150052
26.024775 20.096615 1.533778
26.024775 20.096615 35.515778
20.176813 23.772788 14.756853
20.786789 23.089070 14.913001
18.253431 26.842382 16.289272
19.308572 27.572995 15.390448
17.883028 27.251865 14.822948
20.096615 24.948225 15.457222
27.200212 -3.185813 14.756853
27.200212 30.796187 14.756853
27.883930 -3.795789 14.913001
27.883930 30.186211 14.913001
26.024775 -3.105615 15.457222
26.024775 30.876385 15.457222
-3.185813 23.772788 2.234147
-3.185812 23.772788 36.216147
30.796187 23.772788 2.234147
30.796187 23.772788 36.216147
-3.795789 23.089070 2.077999
-3.795789 23.089070 36.059999
30.186211 23.089070 2.077999
30.186211 23.089070 36.059999
-3.105615 24.948225 1.533778
-3.105615 24.948225 35.515778
30.876385 24.948225 1.533778
30.876385 24.948225 35.515778
20.176813 27.200212 2.234147
20.176813 27.200212 36.216147
20.786789 27.883930 2.077999
20.786789 27.883930 36.059999
20.096615 26.024775 1.533778
20.096615 26.024775 35.515778
23.883806 -1.433393 6.892806
23.883806 32.548607 6.892806
25.075085 -1.602092 7.094625
25.075085 32.379908 7.094625
23.096165 -2.342912 7.094625
23.096165 31.639088 7.094625
26.919893 18.593694 15.388306
27.829412 19.381335 15.590125
27.088592 17.402415 15.590125
27.089194 -1.433393 10.098194
27.089194 32.548607 10.098194
27.876835 -2.342912 9.896375
27.876835 31.639088 9.896375
25.897915 -1.602092 9.896375
25.897915 32.379908 9.896375
23.883806 18.424393 10.098194
23.096165 19.333912 9.896375
25.075085 18.593092 9.896375
23.883806 27.089194 1.433393
23.883806 27.089194 35.415393
24.832697 27.634448 1.972502
24.832697 27.634448 35.954502
23.338552 26.140303 1.972502
23.338552 26.140303 35.954502
-1.602694 26.919893 1.602694
-1.602694 26.919893 35.584694
32.379306 26.919893 1.602694
32.379306 26.919893 35.584694
-2.390335 27.829412 1.400875
-2.390335 27.829412 35.382875
31.591665 27.829412 1.400875
31.591665 27.829412 35.382875
-0.411415 27.088592 1.400875
-0.411415 27.088592 35.382875
33.570585 27.088592 1.400875
33.570585 27.088592 35.382875
23.397457 17.125229 27.575543
23.252353 -1.713712 28.672313
23.252353 32.268288 28.672313
23.408501 -2.397430 -4.699711
23.408501 -2.397430 29.282289
23.408501 31.584570 -4.699711
23.408501 31.584570 29.282289
23.952722 -0.538275 28.592115
23.952722 33.443725 28.592115
25.486500 16.991000 -4.247750
25.486500 16.991000 29.734250
17.125229 27.575543 23.397457
-1.713712 27.720647 22.300687
32.268288 27.720647 22.300687
-2.397430 27.564499 21.690711
31.584570 27.564499 21.690711
18.443730 27.081955 23.891045
-0.538275 27.020278 22.380885
33.443725 27.020278 22.380885
16.991000 25.486500 21.238750
27.575543 -0.134229 27.575543
27.575543 33.847771 27.575543
27.720647 18.704712 28.672313
27.564499 19.388430 -4.699711
27.564499 19.388430 29.282289
27.020278 17.529275 28.592115
-0.134229 23.397457 23.397457
33.847771 23.397457 23.397457
18.704712 23.252353 22.300687
19.388430 23.408501 21.690711
-1.452730 23.891045 23.891045
32.529269 23.891045 23.891045
-1.355882 24.784772 24.224069
32.626118 24.784772 24.224069
-2.086495 23.885948 23.168928
31.895505 23.885948 23.168928
-1.765365 23.318448 24.594472
32.216635 23.318448 24.594472
17.529275 23.952722 22.380885
23.397457 -0.134229 23.397457
23.397457 33.847771 23.397457
23.252353 18.704712 22.300687
23.408501 19.388430 21.690711
23.952722 17.529275 22.380885
25.486500 16.991000 21.238750
-0.134229 27.575543 27.575543
33.847771 27.575543 27.575543
18.704712 27.720647 28.672313
19.388430 27.564499 -4.699711
19.388430 27.564499 29.282289
-1.452730 27.081955 27.081955
32.529269 27.081955 27.081955
17.529275 27.020278 28.592115
16.991000 25.486500 -4.247750
16.991000 25.486500 29.734250
27.575543 17.125229 23.397457
27.720647 -1.713712 22.300687
27.720647 32.268288 22.300687
27.564499 -2.397430 21.690711
27.564499 31.584570 21.690711
27.081955 18.443730 23.891045
26.188228 18.346882 24.224069
27.087052 19.077495 23.168928
27.654552 18.756365 24.594472
27.020278 -0.538275 22.380885
27.020278 33.443725 22.380885
17.125229 23.397457 27.575543
-1.713712 23.252353 28.672313
32.268288 23.252353 28.672313
-2.397430 23.408501 -4.699711
-2.397430 23.408501 29.282289
31.584570 23.408501 -4.699711
31.584570 23.408501 29.282289
18.443730 23.891045 27.081955
18.346882 24.784772 26.748931
19.077495 23.885948 27.804072
18.756365 23.318448 26.378528
-0.538275 23.952722 28.592115
33.443725 23.952722 28.592115
27.575543 23.397457 17.125229
28.672313 23.252353 -1.713712
28.672313 23.252353 32.268288
-4.699711 23.408501 -2.397430
-4.699711 23.408501 31.584570
29.282289 23.408501 -2.397430
29.282289 23.408501 31.584570
27.081955 23.891045 18.443730
28.592115 23.952722 -0.538275
28.592115 23.952722 33.443725
-4.247750 25.486500 16.991000
29.734250 25.486500 16.991000
23.397457 23.397457 -0.134229
23.397457 23.397457 33.847771
23.252353 22.300687 18.704712
23.408501 21.690711 19.388430
23.891045 23.891045 -1.452731
23.891045 23.891045 32.529269
24.784772 24.224069 -1.355882
24.784772 24.224069 32.626118
23.885948 23.168928 -2.086495
23.885948 23.168928 31.895505
23.318448 24.594472 -1.765365
23.318448 24.594472 32.216635
23.952722 22.380885 17.529275
25.486500 21.238750 16.991000
23.397457 27.575543 17.125229
22.300687 27.720647 -1.713712
22.300687 27.720647 32.268288
21.690711 27.564499 -2.397430
21.690711 27.564499 31.584570
22.380885 27.020278 -0.538275
22.380885 27.020278 33.443725
21.238750 25.486500 16.991000
27.575543 27.575543 -0.134229
27.575543 27.575543 33.847771
27.720647 28.672313 18.704712
27.564499 -4.699711 19.388430
27.564499 29.282289 19.388430
27.081955 27.081955 -1.452731
27.081955 27.081955 32.529269
26.188228 26.748931 -1.355882
26.188228 26.748931 32.626118
27.087052 27.804072 -2.086495
27.087052 27.804072 31.895505
27.654552 26.378528 -1.765365
27.654552 26.378528 32.216635
27.020278 28.592115 17.529275
25.486500 -4.247750 16.991000
25.486500 29.734250 16.991000
28.672313 27.720647 18.704712
-4.699711 27.564499 19.388430
29.282289 27.564499 19.388430
28.592115 27.020278 17.529275
27.720647 22.300687 -1.713712
27.720647 22.300687 32.268288
27.564499 21.690711 -2.397430
27.564499 21.690711 31.584570
26.188228 24.224069 18.346882
27.087052 23.168928 19.077495
27.654552 24.594472 18.756365
27.020278 22.380885 -0.538275
27.020278 22.380885 33.443725
22.300687 23.252353 18.704712
21.690711 23.408501 19.388430
22.380885 23.952722 17.529275
23.252353 28.672313 -1.713712
23.252353 28.672313 32.268288
23.408501 -4.699711 -2.397430
23.408501 -4.699711 31.584570
23.408501 29.282289 -2.397430
23.408501 29.282289 31.584570
23.952722 28.592115 -0.538275
23.952722 28.592115 33.443725
-1.713712 28.672313 23.252353
32.268288 28.672313 23.252353
-2.397430 -4.699711 23.408501
-2.397430 29.282289 23.408501
31.584570 -4.699711 23.408501
31.584570 29.282289 23.408501
18.346882 26.748931 24.784772
19.077495 27.804072 23.885948
18.756365 26.378528 23.318448
-0.538275 28.592115 23.952722
33.443725 28.592115 23.952722
16.991000 -4.247750 25.486500
16.991000 29.734250 25.486500
-1.713712 22.300687 27.720647
32.268288 22.300687 27.720647
-2.397430 21.690711 27.564499
31.584570 21.690711 27.564499
-0.538275 22.380885 27.020278
33.443725 22.380885 27.020278
16.991000 21.238750 25.486500
22.300687 18.704712 23.252353
21.690711 19.388430 23.408501
22.380885 17.529275 23.952722
21.238750 16.991000 25.486500
18.704712 28.672313 27.720647
19.388430 -4.699711 27.564499
19.388430 29.282289 27.564499
-1.355882 26.748931 26.188228
32.626118 26.748931 26.188228
-2.086495 27.804072 27.087052
31.895505 27.804072 27.087052
-1.765365 26.378528 27.654552
32.216635 26.378528 27.654552
17.529275 28.592115 27.020278
28.672313 -1.713712 23.252353
28.672313 32.268288 23.252353
-4.699711 -2.397430 23.408501
-4.699711 31.584570 23.408501
29.282289 -2.397430 23.408501
29.282289 31.584570 23.408501
28.592115 -0.538275 23.952722
28.592115 33.443725 23.952722
-4.247750 16.991000 25.486500
29.734250 16.991000 25.486500
18.704712 22.300687 23.252353
19.388430 21.690711 23.408501
17.529275 22.380885 23.952722
22.300687 -1.713712 27.720647
22.300687 32.268288 27.720647
21.690711 -2.397430 27.564499
21.690711 31.584570 27.564499
22.380885 -0.538275 27.020278
22.380885 33.443725 27.020278
28.672313 18.704712 27.720647
-4.699711 19.388430 27.564499
29.282289 19.388430 27.564499
28.592115 17.529275 27.020278
-2.089043 25.620729 19.080043
31.892957 25.620729 19.080043
-2.234147 23.772788 20.176813
31.747853 23.772788 20.176813
-2.077999 23.089070 20.786789
31.904001 23.089070 20.786789
-1.533778 24.948225 20.096615
32.448222 24.948225 20.096615
25.620729 19.080043 -2.089043
25.620729 19.080043 31.892957
23.772788 19.225147 -3.185813
23.772788 19.225147 30.796187
23.089070 19.068999 -3.795789
23.089070 19.068999 30.186211
24.948225 18.524778 -3.105615
24.948225 18.524778 30.876385
19.080043 25.352271 19.080043
19.225147 27.200212 20.176813
19.068999 27.883930 20.786789
18.586455 24.033769 18.586455
17.692728 24.130618 18.253431
18.591552 23.400005 19.308572
19.159052 23.721135 17.883028
18.524778 26.024775 20.096615
25.352271 -2.089043 -2.089043
25.352271 -2.089043 31.892957
25.352271 31.892957 -2.089043
25.352271 31.892957 31.892957
27.200212 -2.234147 -3.185813
27.200212 -2.234147 30.796187
27.200212 31.747853 -3.185813
27.200212 31.747853 30.796187
27.883930 -2.077999 -3.795789
27.883930 -2.077999 30.186211
27.883930 31.904001 -3.795789
27.883930 31.904001 30.186211
24.033769 -1.595455 -1.595455
24.033770 -1.595455 32.386545
24.033770 32.386545 -1.595455
24.033770 32.386545 32.386545
24.130618 -0.701728 -1.262431
24.130618 -0.701728 32.719569
24.130618 33.280272 -1.262431
24.130618 33.280272 32.719569
23.400005 -1.600552 -2.317572
23.400005 -1.600552 31.664428
23.400005 32.381448 -2.317572
23.400005 32.381448 31.664428
23.721135 -2.168052 -0.892028
23.721135 -2.168052 33.089972
23.721135 31.813948 -0.892028
23.721135 31.813948 33.089972
26.024775 -1.533778 -3.105615
26.024775 -1.533778 30.876385
26.024775 32.448222 -3.105615
26.024775 32.448222 30.876385
-2.089043 25.352271 -2.089043
-2.089043 25.352271 31.892957
31.892957 25.352271 -2.089043
31.892957 25.352271 31.892957
-2.234147 27.200212 -3.185813
-2.234147 27.200212 30.796187
31.747853 27.200212 -3.185813
31.747853 27.200212 30.796187
-2.077999 27.883930 -3.795789
-2.077999 27.883930 30.186211
31.904001 27.883930 -3.795789
31.904001 27.883930 30.186211
-1.595455 24.033769 -1.595455
-1.595455 24.033770 32.386545
32.386545 24.033769 -1.595455
32.386545 24.033770 32.386545
-0.701728 24.130618 -1.262431
-0.701728 24.130618 32.719569
33.280272 24.130618 -1.262431
33.280272 24.130618 32.719569
-1.600552 23.400005 -2.317572
-1.600552 23.400005 31.664428
32.381448 23.400005 -2.317572
32.381448 23.400005 31.664428
-2.168052 23.721135 -0.892028
-2.168052 23.721135 33.089972
31.813948 23.721135 -0.892028
31.813948 23.721135 33.089972
-1.533778 26.024775 -3.105615
-1.533778 26.024775 30.876385
32.448222 26.024775 -3.105615
32.448222 26.024775 30.876385
25.352271 19.080043 19.080043
27.200212 19.225147 20.176813
27.883930 19.068999 20.786789
24.033769 18.586455 18.586455
26.024775 18.524778 20.096615
19.080043 25.620729 -2.089043
19.080043 25.620729 31.892957
19.225147 23.772788 -3.185813
19.225147 23.772788 30.796187
19.068999 23.089070 -3.795789
19.068999 23.089070 30.186211
18.586455 26.939230 -1.595455
18.586455 26.939230 32.386545
18.524778 24.948225 -3.105615
18.524778 24.948225 30.876385
25.620729 -2.089043 19.080043
25.620729 31.892957 19.080043
23.772788 -2.234147 20.176813
23.772788 31.747853 20.176813
23.089070 -2.077999 20.786789
23.089070 31.904001 20.786789
26.939230 -1.595455 18.586455
26.939230 32.386545 18.586455
24.948225 -1.533778 20.096615
24.948225 32.448222 20.096615
19.080043 -2.089043 25.620729
19.080043 31.892957 25.620729
20.176813 -2.234147 23.772788
20.176813 31.747853 23.772788
20.786789 -2.077999 23.089070
20.786789 31.904001 23.089070
18.586455 -1.595455 26.939230
18.586455 32.386545 26.939230
20.096615 -1.533778 24.948225
20.096615 32.448222 24.948225
-2.089043 -2.089043 25.352271
-2.089043 31.892957 25.352271
31.892957 -2.089043 25.352271
31.892957 31.892957 25.352271
-2.234147 -3.185813 27.200212
-2.234147 30.796187 27.200212
31.747853 -3.185813 27.200212
31.747853 30.796187 27.200212
-2.077999 -3.795789 27.883930
-2.077999 30.186211 27.883930
31.904001 -3.795789 27.883930
31.904001 30.186211 27.883930
-1.595455 -1.595455 24.033769
-1.595455 32.386545 24.033769
32.386545 -1.595455 24.033769
32.386545 32.386545 24.033769
-0.701728 -1.262431 24.130618
-0.701728 32.719569 24.130618
33.280272 -1.262431 24.130618
33.280272 32.719569 24.130618
-1.600552 -2.317572 23.400005
-1.600552 31.664428 23.400005
32.381448 -2.317572 23.400005
32.381448 31.664428 23.400005
-2.168052 -0.892028 23.721135
-2.168052 33.089972 23.721135
31.813948 -0.892028 23.721135
31.813948 33.089972 23.721135
-1.533778 -3.105615 26.024775
-1.533778 30.876385 26.024775
32.448222 -3.105615 26.024775
32.448222 30.876385 26.024775
-2.089043 19.080043 25.620729
31.892957 19.080043 25.620729
-3.185813 19.225147 23.772788
30.796187 19.225147 23.772788
-3.795789 19.068999 23.089070
30.186211 19.068999 23.089070
-1.595455 18.586455 26.939230
32.386545 18.586455 26.939230
-3.105615 18.524778 24.948225
30.876385 18.524778 24.948225
19.080043 19.080043 25.352271
19.225147 20.176813 27.200212
19.068999 20.786789 27.883930
18.586455 18.586455 24.033769
17.692728 18.253431 24.130618
18.591552 19.308572 23.400005
19.159052 17.883028 23.721135
18.524778 20.096615 26.024775
20.176813 19.225147 27.200212
20.786789 19.068999 27.883930
20.096615 18.524778 26.024775
19.225147 -3.185813 23.772788
19.225147 30.796187 23.772788
19.068999 -3.795789 23.089070
19.068999 30.186211 23.089070
17.692728 -1.262431 26.842382
17.692728 32.719569 26.842382
18.591552 -2.317572 27.572995
18.591552 31.664428 27.572995
19.159052 -0.892028 27.251865
19.159052 33.089972 27.251865
18.524778 -3.105615 24.948225
18.524778 30.876385 24.948225
-3.185813 -2.234147 27.200212
-3.185813 31.747853 27.200212
30.796187 -2.234147 27.200212
30.796187 31.747853 27.200212
-3.795789 -2.077999 27.883930
-3.795789 31.904001 27.883930
30.186211 -2.077999 27.883930
30.186211 31.904001 27.883930
-3.105615 -1.533778 26.024775
-3.105615 32.448222 26.024775
30.876385 -1.533778 26.024775
30.876385 32.448222 26.024775
-2.234147 20.176813 23.772788
31.747853 20.176813 23.772788
-2.077999 20.786789 23.089070
31.904001 20.786789 23.089070
-0.701728 18.253431 26.842382
33.280272 18.253431 26.842382
-1.600552 19.308572 27.572995
32.381448 19.308572 27.572995
-2.168052 17.883028 27.251865
31.813948 17.883028 27.251865
-1.533778 20.096615 24.948225
32.448222 20.096615 24.948225
23.772788 20.176813 -2.234147
23.772788 20.176813 31.747853
23.089070 20.786789 -2.077999
23.089070 20.786789 31.904001
24.948225 20.096615 -1.533778
24.948225 20.096615 32.448222
23.772788 -3.185813 19.225147
23.772788 30.796187 19.225147
23.089070 -3.795789 19.068999
23.089070 30.186211 19.068999
26.842382 -1.262431 17.692728
26.842382 32.719569 17.692728
27.572995 -2.317572 18.591552
27.572995 31.664428 18.591552
27.251865 -0.892028 19.159052
27.251865 33.089972 19.159052
24.948225 -3.105615 18.524778
24.948225 30.876385 18.524778
-3.185813 27.200212 -2.234147
-3.185813 27.200212 31.747853
30.796187 27.200212 -2.234147
30.796187 27.200212 31.747853
-3.795789 27.883930 -2.077999
-3.795789 27.883930 31.904001
30.186211 27.883930 -2.077999
30.186211 27.883930 31.904001
-3.105615 26.024775 -1.533778
-3.105615 26.024775 32.448222
30.876385 26.024775 -1.533778
30.876385 26.024775 32.448222
27.200212 20.176813 19.225147
27.883930 20.786789 19.068999
24.130618 18.253431 17.692728
23.400005 19.308572 18.591552
23.721135 17.883028 19.159052
26.024775 20.096615 18.524778
20.176813 23.772788 -2.234147
20.176813 23.772788 31.747853
20.786789 23.089070 -2.077999
20.786789 23.089070 31.904001
18.253431 26.842382 -0.701728
18.253431 26.842382 33.280272
19.308572 27.572995 -1.600552
19.308572 27.572995 32.381448
17.883028 27.251865 -2.168052
17.883028 27.251865 31.813948
20.096615 24.948225 -1.533778
20.096615 24.948225 32.448222
27.200212 -3.185813 -2.234147
27.200212 -3.185813 31.747853
27.200212 30.796187 -2.234147
27.200212 30.796187 31.747853
27.883930 -3.795789 -2.077999
27.883930 -3.795789 31.904001
27.883930 30.186211 -2.077999
27.883930 30.186211 31.904001
26.024775 -3.105615 -1.533778
26.024775 -3.105615 32.448222
26.024775 30.876385 -1.533778
26.024775 30.876385 32.448222
-3.185813 23.772788 19.225147
30.796187 23.772788 19.225147
-3.795789 23.089070 19.068999
30.186211 23.089070 19.068999
-3.105615 24.948225 18.524778
30.876385 24.948225 18.524778
20.176813 27.200212 19.225147
20.786789 27.883930 19.068999
20.096615 26.024775 18.524778
23.883806 -1.433393 23.883806
23.883806 32.548607 23.883806
25.075085 -1.602092 24.085625
25.075085 32.379908 24.085625
23.096165 -2.342912 24.085625
23.096165 31.639088 24.085625
26.919893 18.593694 -1.602694
26.919893 18.593694 32.379306
27.829412 19.381335 -1.400875
27.829412 19.381335 32.581125
27.088592 17.402415 -1.400875
27.088592 17.402415 32.581125
27.089194 -1.433393 27.089194
27.089194 32.548607 27.089194
27.876835 -2.342912 26.887375
27.876835 31.639088 26.887375
25.897915 -1.602092 26.887375
25.897915 32.379908 26.887375
23.883806 18.424393 27.089194
23.096165 19.333912 26.887375
25.075085 18.593092 26.887375
23.883806 27.089194 18.424393
24.832697 27.634448 18.963502
23.338552 26.140303 18.963502
-1.602694 26.919893 18.593694
32.379306 26.919893 18.593694
-2.390335 27.829412 18.391875
31.591665 27.829412 18.391875
-0.411415 27.088592 18.391875
33.570585 27.088592 18.391875
LINES 4596 13788
2 0 521
2 0 1077
2 0 1285
2 1 522
2 1 1078
2 1 1286
2 2 3
2 2 4
2 2 218
2 4 1072
2 4 1079
2 5 24
2 5 242
2 5 1077
2 5 1348
2 6 25
2 6 243
2 6 1078
2 6 1349
2 7 12
2 7 2148
2 7 2302
2 8 13
2 8 2149
2 8 2303
2 9 10
2 9 14
2 9 165
2 12 167
2 12 169
2 12 171
2 13 168
2 13 170
2 13 172
2 14 2140
2 14 2150
2 15 37
2 15 272
2 15 2148
2 15 2367
2 16 273
2 16 2368
2 17 38
2 17 274
2 17 2149
2 17 2369
2 18 275
2 18 2370
2 19 518
2 19 1096
2 19 1289
2 20 22
2 20 24
2 20 222
2 21 23
2 21 25
2 21 223
2 24 1092
2 25 1093
2 26 33
2 26 2172
2 26 2343
2 27 29
2 27 37
2 27 210
2 28 31
2 28 38
2 28 211
2 33 34
2 33 35
2 33 36
2 37 2159
2 38 2160
2 39 509
2 39 1115
2 39 1252
2 40 42
2 40 46
2 40 184
2 41 44
2 41 47
2 41 185
2 46 48
2 46 1110
2 47 50
2 47 1111
2 48 308
2 48 1139
2 48 1394
2 49 309
2 49 1395
2 50 310
2 50 1140
2 50 1396
2 51 311
2 51 1397
2 52 57
2 52 2192
2 52 2331
2 53 55
2 53 58
2 53 196
2 54 56
2 54 59
2 54 197
2 57 200
2 57 201
2 57 202
2 58 60
2 58 2186
2 59 61
2 59 2187
2 60 320
2 60 2217
2 60 2417
2 61 321
2 61 2218
2 61 2418
2 62 67
2 62 1139
2 62 1270
2 63 68
2 63 1140
2 63 1271
2 64 65
2 64 75
2 64 205
2 67 69
2 67 71
2 67 73
2 68 70
2 68 72
2 68 74
2 75 1116
2 75 1128
2 76 80
2 76 2217
2 76 2311
2 77 81
2 77 2218
2 77 2312
2 78 79
2 78 88
2 78 176
2 80 82
2 80 84
2 80 86
2 81 83
2 81 85
2 81 87
2 88 2193
2 88 2208
2 89 93
2 89 634
2 89 690
2 90 94
2 90 635
2 90 691
2 91 92
2 91 95
2 91 144
2 93 147
2 93 149
2 93 151
2 94 148
2 94 150
2 94 152
2 95 628
2 95 636
2 96 142
2 96 495
2 96 634
2 96 989
2 97 143
2 97 496
2 97 635
2 97 990
2 98 105
2 98 650
2 98 695
2 99 101
2 99 109
2 99 154
2 100 102
2 100 110
2 100 155
2 105 106
2 105 107
2 105 108
2 109 111
2 109 637
2 110 112
2 110 638
2 111 472
2 111 690
2 111 975
2 112 473
2 112 691
2 112 976
2 113 474
2 113 977
2 114 475
2 114 978
2 115 527
2 115 660
2 115 700
2 116 528
2 116 661
2 116 701
2 117 118
2 117 120
2 117 162
2 120 653
2 120 662
2 121 160
2 121 505
2 121 660
2 121 1023
2 122 161
2 122 506
2 122 661
2 122 1024
2 123 507
2 123 1025
2 124 508
2 124 1026
2 125 130
2 125 676
2 125 680
2 126 128
2 126 134
2 126 138
2 127 129
2 127 135
2 127 139
2 130 131
2 130 132
2 130 133
2 134 136
2 134 664
2 135 137
2 135 665
2 136 447
2 136 700
2 136 1031
2 137 448
2 137 701
2 137 1032
2 138 140
2 138 142
2 139 141
2 139 143
2 142 664
2 143 665
2 144 145
2 144 153
2 153 628
2 153 651
2 154 156
2 154 160
2 155 157
2 155 161
2 160 637
2 161 638
2 162 163
2 162 164
2 164 653
2 164 677
2 165 166
2 165 173
2 173 2140
2 173 2304
2 174 203
2 174 414
2 174 2302
2 174 2473
2 175 204
2 175 415
2 175 2303
2 175 2474
2 176 177
2 176 179
2 179 2208
2 179 2313
2 180 216
2 180 388
2 180 2311
2 180 2549
2 181 389
2 181 2550
2 182 217
2 182 390
2 182 2312
2 182 2551
2 183 391
2 183 2552
2 184 186
2 184 190
2 185 187
2 185 191
2 190 192
2 190 1110
2 191 193
2 191 1111
2 192 400
2 192 1285
2 192 1414
2 193 401
2 193 1286
2 193 1415
2 194 402
2 194 1416
2 195 403
2 195 1417
2 196 198
2 196 203
2 197 199
2 197 204
2 203 2186
2 204 2187
2 205 206
2 205 207
2 207 1128
2 207 1272
2 208 226
2 208 358
2 208 1270
2 208 1489
2 209 227
2 209 359
2 209 1271
2 209 1490
2 210 212
2 210 216
2 211 214
2 211 217
2 216 2159
2 217 2160
2 218 219
2 218 221
2 221 1072
2 221 1253
2 222 224
2 222 226
2 223 225
2 223 227
2 226 1092
2 227 1093
2 228 234
2 228 495
2 228 533
2 229 235
2 229 496
2 229 534
2 230 232
2 230 234
2 230 491
2 231 233
2 231 235
2 231 492
2 234 2150
2 235 2151
2 236 242
2 236 435
2 236 512
2 237 243
2 237 436
2 237 513
2 238 240
2 238 242
2 238 431
2 239 241
2 239 243
2 239 432
2 244 256
2 244 272
2 244 505
2 245 257
2 245 273
2 245 506
2 246 258
2 246 274
2 246 507
2 247 259
2 247 275
2 247 508
2 248 252
2 248 272
2 248 497
2 249 253
2 249 273
2 249 498
2 250 254
2 250 274
2 250 499
2 251 255
2 251 275
2 251 500
2 256 260
2 256 264
2 256 268
2 257 261
2 257 265
2 257 269
2 258 262
2 258 266
2 258 270
2 259 263
2 259 267
2 259 271
2 276 279
2 276 283
2 276 490
2 277 278
2 277 283
2 277 488
2 279 280
2 279 281
2 279 282
2 283 1079
2 284 287
2 284 291
2 284 451
2 285 286
2 285 291
2 285 449
2 287 288
2 287 289
2 287 290
2 291 2193
2 292 304
2 292 308
2 292 472
2 293 305
2 293 309
2 293 473
2 294 306
2 294 310
2 294 474
2 295 307
2 295 311
2 295 475
2 296 300
2 296 308
2 296 452
2 297 301
2 297 309
2 297 453
2 298 302
2 298 310
2 298 454
2 299 303
2 299 311
2 299 455
2 304 460
2 304 464
2 304 468
2 305 461
2 305 465
2 305 469
2 306 462
2 306 466
2 306 470
2 307 463
2 307 467
2 307 471
2 312 318
2 312 320
2 312 486
2 313 319
2 313 321
2 313 487
2 314 316
2 314 320
2 314 476
2 315 317
2 315 321
2 315 477
2 318 480
2 318 482
2 318 484
2 319 481
2 319 483
2 319 485
2 322 328
2 322 330
2 322 447
2 323 329
2 323 331
2 323 448
2 324 326
2 324 330
2 324 437
2 325 327
2 325 331
2 325 438
2 328 441
2 328 443
2 328 445
2 329 442
2 329 444
2 329 446
2 330 1116
2 331 1117
2 332 338
2 332 340
2 332 414
2 333 339
2 333 341
2 333 415
2 334 336
2 334 340
2 334 404
2 335 337
2 335 341
2 335 405
2 338 408
2 338 410
2 338 412
2 339 409
2 339 411
2 339 413
2 340 1253
2 341 1254
2 342 345
2 342 349
2 342 418
2 343 344
2 343 349
2 343 416
2 345 346
2 345 347
2 345 348
2 349 2304
2 350 356
2 350 358
2 350 429
2 351 357
2 351 359
2 351 430
2 352 354
2 352 358
2 352 419
2 353 355
2 353 359
2 353 420
2 356 423
2 356 425
2 356 427
2 357 424
2 357 426
2 357 428
2 360 372
2 360 388
2 360 400
2 361 373
2 361 389
2 361 401
2 362 374
2 362 390
2 362 402
2 363 375
2 363 391
2 363 403
2 364 368
2 364 388
2 364 392
2 365 369
2 365 389
2 365 393
2 366 370
2 366 390
2 366 394
2 367 371
2 367 391
2 367 395
2 372 376
2 372 380
2 372 384
2 373 377
2 373 381
2 373 385
2 374 378
2 374 382
2 374 386
2 375 379
2 375 383
2 375 387
2 392 396
2 392 400
2 393 397
2 393 401
2 394 398
2 394 402
2 395 399
2 395 403
2 404 406
2 404 414
2 405 407
2 405 415
2 416 417
2 416 418
2 418 1272
2 419 421
2 419 429
2 420 422
2 420 430
2 429 2313
2 430 2314
2 431 433
2 431 435
2 432 434
2 432 436
2 435 651
2 436 652
2 437 439
2 437 447
2 438 440
2 438 448
2 449 450
2 449 451
2 451 636
2 452 456
2 452 472
2 453 457
2 453 473
2 454 458
2 454 474
2 455 459
2 455 475
2 476 478
2 476 486
2 477 479
2 477 487
2 486 662
2 487 663
2 488 489
2 488 490
2 490 677
2 491 493
2 491 495
2 492 494
2 492 496
2 497 501
2 497 505
2 498 502
2 498 506
2 499 503
2 499 507
2 500 504
2 500 508
2 509 510
2 509 511
2 512 514
2 512 516
2 513 515
2 513 517
2 518 519
2 518 520
2 521 523
2 521 525
2 522 524
2 522 526
2 527 529
2 527 531
2 528 530
2 528 532
2 533 535
2 533 537
2 534 536
2 534 538
2 539 1060
2 539 1612
2 539 1816
2 540 1061
2 540 1613
2 540 1817
2 541 543
2 541 544
2 541 755
2 544 1605
2 544 1615
2 545 781
2 545 1877
2 546 565
2 546 782
2 546 1612
2 546 1878
2 547 783
2 547 1879
2 548 566
2 548 784
2 548 1613
2 548 1880
2 549 553
2 549 2680
2 549 2831
2 550 554
2 550 2681
2 550 2832
2 551 552
2 551 555
2 551 702
2 553 704
2 553 706
2 553 708
2 554 705
2 554 707
2 554 709
2 555 2674
2 555 2682
2 556 576
2 556 799
2 556 2680
2 556 2890
2 557 577
2 557 800
2 557 2681
2 557 2891
2 558 1057
2 558 1630
2 558 1820
2 559 562
2 559 565
2 559 759
2 560 564
2 560 566
2 560 760
2 565 1625
2 566 1626
2 567 572
2 567 2704
2 567 2872
2 568 570
2 568 576
2 568 747
2 569 571
2 569 577
2 569 748
2 572 573
2 572 574
2 572 575
2 576 2692
2 577 2693
2 578 1042
2 578 1646
2 578 1783
2 579 581
2 579 583
2 579 721
2 580 582
2 580 584
2 580 722
2 583 585
2 583 1642
2 584 586
2 584 1643
2 585 841
2 585 1671
2 585 1930
2 586 842
2 586 1672
2 586 1931
2 587 594
2 587 2721
2 587 2860
2 588 591
2 588 595
2 588 733
2 589 593
2 589 596
2 589 734
2 594 737
2 594 738
2 594 739
2 595 598
2 595 2714
2 596 600
2 596 2715
2 597 859
2 597 2960
2 598 860
2 598 2748
2 598 2961
2 599 861
2 599 2962
2 600 862
2 600 2749
2 600 2963
2 601 605
2 601 1671
2 601 1801
2 602 606
2 602 1672
2 602 1802
2 603 604
2 603 613
2 603 742
2 605 607
2 605 609
2 605 611
2 606 608
2 606 610
2 606 612
2 613 1647
2 613 1662
2 614 619
2 614 2748
2 614 2840
2 615 620
2 615 2749
2 615 2841
2 616 618
2 616 627
2 616 713
2 619 621
2 619 623
2 619 625
2 620 622
2 620 624
2 620 626
2 627 2723
2 627 2737
2 628 633
2 629 631
2 629 634
2 629 681
2 630 632
2 630 635
2 630 682
2 633 687
2 633 688
2 633 689
2 636 680
2 636 1035
2 637 642
2 638 643
2 639 640
2 639 650
2 639 692
2 642 644
2 642 646
2 642 648
2 643 645
2 643 647
2 643 649
2 650 651
2 651 1001
2 652 1002
2 653 1066
2 654 656
2 654 660
2 654 696
2 655 657
2 655 661
2 655 697
2 662 695
2 662 1040
2 663 1041
2 664 668
2 665 669
2 666 667
2 666 676
2 666 678
2 668 670
2 668 672
2 668 674
2 669 671
2 669 673
2 669 675
2 676 677
2 677 984
2 678 679
2 678 680
2 681 683
2 681 690
2 682 684
2 682 691
2 692 693
2 692 695
2 696 698
2 696 700
2 697 699
2 697 701
2 702 703
2 702 710
2 710 2674
2 710 2833
2 711 740
2 711 950
2 711 2831
2 711 3008
2 712 741
2 712 951
2 712 2832
2 712 3009
2 713 714
2 713 716
2 716 2737
2 716 2842
2 717 753
2 717 924
2 717 2840
2 717 3084
2 718 925
2 718 3085
2 719 754
2 719 926
2 719 2841
2 719 3086
2 720 927
2 720 3087
2 721 723
2 721 727
2 722 724
2 722 728
2 727 729
2 727 1642
2 728 730
2 728 1643
2 729 936
2 729 1816
2 729 1948
2 730 937
2 730 1817
2 730 1949
2 731 938
2 731 1950
2 732 939
2 732 1951
2 733 735
2 733 740
2 734 736
2 734 741
2 740 2714
2 741 2715
2 742 743
2 742 744
2 744 1662
2 744 1803
2 745 763
2 745 894
2 745 1801
2 745 2023
2 746 764
2 746 895
2 746 1802
2 746 2024
2 747 749
2 747 753
2 748 751
2 748 754
2 753 2692
2 754 2693
2 755 756
2 755 758
2 758 1605
2 758 1784
2 759 761
2 759 763
2 760 762
2 760 764
2 763 1625
2 764 1626
2 765 768
2 765 1035
2 765 1069
2 766 767
2 766 768
2 766 1033
2 768 2682
2 769 781
2 769 975
2 769 1045
2 770 782
2 770 976
2 770 1046
2 771 783
2 771 977
2 771 1047
2 772 784
2 772 978
2 772 1048
2 773 777
2 773 781
2 773 967
2 774 778
2 774 782
2 774 968
2 775 779
2 775 783
2 775 969
2 776 780
2 776 784
2 776 970
2 785 791
2 785 799
2 785 1040
2 786 792
2 786 800
2 786 1041
2 787 789
2 787 799
2 787 1036
2 788 790
2 788 800
2 788 1037
2 791 793
2 791 795
2 791 797
2 792 794
2 792 796
2 792 798
2 801 807
2 801 815
2 801 1031
2 802 808
2 802 816
2 802 1032
2 803 805
2 803 815
2 803 1027
2 804 806
2 804 816
2 804 1028
2 807 809
2 807 811
2 807 813
2 808 810
2 808 812
2 808 814
2 815 1614
2 816 1615
2 817 823
2 817 831
2 817 989
2 818 824
2 818 832
2 818 990
2 819 821
2 819 831
2 819 985
2 820 822
2 820 832
2 820 986
2 823 825
2 823 827
2 823 829
2 824 826
2 824 828
2 824 830
2 831 2722
2 832 2723
2 833 839
2 833 841
2 833 1001
2 834 840
2 834 842
2 834 1002
2 835 837
2 835 841
2 835 991
2 836 838
2 836 842
2 836 992
2 839 995
2 839 997
2 839 999
2 840 996
2 840 998
2 840 1000
2 843 855
2 843 859
2 843 1023
2 844 856
2 844 860
2 844 1024
2 845 857
2 845 861
2 845 1025
2 846 858
2 846 862
2 846 1026
2 847 851
2 847 859
2 847 1003
2 848 852
2 848 860
2 848 1004
2 849 853
2 849 861
2 849 1005
2 850 854
2 850 862
2 850 1006
2 855 1011
2 855 1015
2 855 1019
2 856 1012
2 856 1016
2 856 1020
2 857 1013
2 857 1017
2 857 1021
2 858 1014
2 858 1018
2 858 1022
2 863 866
2 863 867
2 863 984
2 864 865
2 864 867
2 864 979
2 866 981
2 866 982
2 866 983
2 867 1647
2 868 874
2 868 876
2 868 950
2 869 875
2 869 877
2 869 951
2 870 872
2 870 876
2 870 940
2 871 873
2 871 877
2 871 941
2 874 944
2 874 946
2 874 948
2 875 945
2 875 947
2 875 949
2 876 1784
2 877 1785
2 878 881
2 878 885
2 878 954
2 879 880
2 879 885
2 879 952
2 881 882
2 881 883
2 881 884
2 885 2833
2 886 892
2 886 894
2 886 965
2 887 893
2 887 895
2 887 966
2 888 890
2 888 894
2 888 955
2 889 891
2 889 895
2 889 956
2 892 959
2 892 961
2 892 963
2 893 960
2 893 962
2 893 964
2 896 908
2 896 924
2 896 936
2 897 909
2 897 925
2 897 937
2 898 910
2 898 926
2 898 938
2 899 911
2 899 927
2 899 939
2 900 904
2 900 924
2 900 928
2 901 905
2 901 925
2 901 929
2 902 906
2 902 926
2 902 930
2 903 907
2 903 927
2 903 931
2 908 912
2 908 916
2 908 920
2 909 913
2 909 917
2 909 921
2 910 914
2 910 918
2 910 922
2 911 915
2 911 919
2 911 923
2 928 932
2 928 936
2 929 933
2 929 937
2 930 934
2 930 938
2 931 935
2 931 939
2 940 942
2 940 950
2 941 943
2 941 951
2 952 953
2 952 954
2 954 1803
2 955 957
2 955 965
2 956 958
2 956 966
2 965 2842
2 966 2843
2 967 971
2 967 975
2 968 972
2 968 976
2 969 973
2 969 977
2 970 974
2 970 978
2 979 980
2 979 984
2 985 987
2 985 989
2 986 988
2 986 990
2 991 993
2 991 1001
2 992 994
2 992 1002
2 1003 1007
2 1003 1023
2 1004 1008
2 1004 1024
2 1005 1009
2 1005 1025
2 1006 1010
2 1006 1026
2 1027 1029
2 1027 1031
2 1028 1030
2 1028 1032
2 1033 1034
2 1033 1035
2 1036 1038
2 1036 1040
2 1037 1039
2 1037 1041
2 1042 1043
2 1042 1044
2 1045 1049
2 1045 1053
2 1046 1050
2 1046 1054
2 1047 1051
2 1047 1055
2 1048 1052
2 1048 1056
2 1057 1058
2 1057 1059
2 1060 1062
2 1060 1064
2 1061 1063
2 1061 1065
2 1066 1067
2 1066 1068
2 1069 1070
2 1069 1071
2 1072 1590
2 1073 1075
2 1073 1077
2 1073 1279
2 1074 1076
2 1074 1078
2 1074 1280
2 1079 1096
2 1079 1301
2 1080 1085
2 1080 3206
2 1080 3354
2 1081 1086
2 1081 3207
2 1081 3355
2 1082 1083
2 1082 1087
2 1082 1230
2 1085 1233
2 1085 1235
2 1085 1237
2 1086 1234
2 1086 1236
2 1086 1238
2 1087 3198
2 1087 3208
2 1088 1108
2 1088 1330
2 1088 3206
2 1088 3414
2 1089 1331
2 1089 3415
2 1090 1109
2 1090 1332
2 1090 3207
2 1090 3416
2 1091 1333
2 1091 3417
2 1092 1584
2 1093 1585
2 1094 1095
2 1094 1096
2 1094 1287
2 1097 1104
2 1097 3228
2 1097 3391
2 1098 1100
2 1098 1108
2 1098 1273
2 1099 1102
2 1099 1109
2 1099 1274
2 1104 1105
2 1104 1106
2 1104 1107
2 1108 3215
2 1109 3216
2 1110 1575
2 1111 1576
2 1112 1113
2 1112 1115
2 1112 1249
2 1115 1116
2 1116 1366
2 1117 1367
2 1118 1123
2 1118 3243
2 1118 3378
2 1119 1121
2 1119 1124
2 1119 1255
2 1120 1122
2 1120 1125
2 1120 1256
2 1123 1261
2 1123 1262
2 1123 1263
2 1124 1126
2 1124 3237
2 1125 1127
2 1125 3238
2 1126 1376
2 1126 3267
2 1126 3468
2 1127 1377
2 1127 3268
2 1127 3469
2 1128 1135
2 1129 1131
2 1129 1139
2 1129 1266
2 1130 1133
2 1130 1140
2 1130 1267
2 1135 1136
2 1135 1137
2 1135 1138
2 1141 1145
2 1141 3267
2 1141 3362
2 1142 1146
2 1142 3268
2 1142 3363
2 1143 1144
2 1143 1153
2 1143 1244
2 1145 1147
2 1145 1149
2 1145 1151
2 1146 1148
2 1146 1150
2 1146 1152
2 1153 3244
2 1153 3258
2 1154 1158
2 1154 1693
2 1154 1747
2 1155 1159
2 1155 1694
2 1155 1748
2 1156 1157
2 1156 1160
2 1156 1209
2 1158 1211
2 1158 1213
2 1158 1215
2 1159 1212
2 1159 1214
2 1159 1216
2 1160 1687
2 1160 1695
2 1161 1207
2 1161 1561
2 1161 1693
2 1161 2053
2 1162 1208
2 1162 1562
2 1162 1694
2 1162 2054
2 1163 1168
2 1163 1708
2 1163 1752
2 1164 1166
2 1164 1172
2 1164 1218
2 1165 1167
2 1165 1173
2 1165 1219
2 1168 1169
2 1168 1170
2 1168 1171
2 1172 1174
2 1172 1696
2 1173 1175
2 1173 1697
2 1174 1537
2 1174 1747
2 1174 2035
2 1175 1538
2 1175 1748
2 1175 2036
2 1176 1593
2 1176 1717
2 1176 1759
2 1177 1594
2 1177 1718
2 1177 1760
2 1178 1179
2 1178 1181
2 1178 1226
2 1181 1710
2 1181 1719
2 1182 1224
2 1182 1571
2 1182 1717
2 1182 2081
2 1183 1225
2 1183 1572
2 1183 1718
2 1183 2082
2 1184 1573
2 1184 2083
2 1185 1574
2 1185 2084
2 1186 1193
2 1186 1734
2 1186 1739
2 1187 1191
2 1187 1197
2 1187 1203
2 1188 1192
2 1188 1198
2 1188 1204
2 1193 1194
2 1193 1195
2 1193 1196
2 1197 1201
2 1197 1721
2 1198 1202
2 1198 1722
2 1199 1520
2 1199 2093
2 1200 1521
2 1200 2094
2 1201 1522
2 1201 1759
2 1201 2095
2 1202 1523
2 1202 1760
2 1202 2096
2 1203 1205
2 1203 1207
2 1204 1206
2 1204 1208
2 1207 1721
2 1208 1722
2 1209 1210
2 1209 1217
2 1217 1687
2 1217 1709
2 1218 1220
2 1218 1224
2 1219 1221
2 1219 1225
2 1224 1696
2 1225 1697
2 1226 1228
2 1226 1229
2 1229 1710
2 1229 1736
2 1230 1232
2 1230 1239
2 1239 3198
2 1239 3357
2 1240 1481
2 1240 3543
2 1241 1264
2 1241 1482
2 1241 3354
2 1241 3544
2 1242 1483
2 1242 3545
2 1243 1265
2 1243 1484
2 1243 3355
2 1243 3546
2 1244 1245
2 1244 1246
2 1246 3258
2 1246 3364
2 1247 1277
2 1247 1453
2 1247 3362
2 1247 3602
2 1248 1278
2 1248 1454
2 1248 3363
2 1248 3603
2 1249 1250
2 1249 1252
2 1252 1253
2 1253 1459
2 1254 1460
2 1255 1258
2 1255 1264
2 1256 1260
2 1256 1265
2 1264 3237
2 1265 3238
2 1266 1268
2 1266 1270
2 1267 1269
2 1267 1271
2 1272 1289
2 1272 1438
2 1273 1275
2 1273 1277
2 1274 1276
2 1274 1278
2 1277 3215
2 1278 3216
2 1279 1281
2 1279 1285
2 1280 1282
2 1280 1286
2 1287 1288
2 1287 1289
2 1290 1296
2 1290 1561
2 1290 1599
2 1291 1297
2 1291 1562
2 1291 1600
2 1292 1294
2 1292 1296
2 1292 1557
2 1293 1295
2 1293 1297
2 1293 1558
2 1296 3208
2 1297 3209
2 1298 1301
2 1298 1499
2 1298 1581
2 1299 1300
2 1299 1301
2 1299 1497
2 1302 1314
2 1302 1330
2 1302 1571
2 1303 1315
2 1303 1331
2 1303 1572
2 1304 1316
2 1304 1332
2 1304 1573
2 1305 1317
2 1305 1333
2 1305 1574
2 1306 1310
2 1306 1330
2 1306 1563
2 1307 1311
2 1307 1331
2 1307 1564
2 1308 1312
2 1308 1332
2 1308 1565
2 1309 1313
2 1309 1333
2 1309 1566
2 1314 1318
2 1314 1322
2 1314 1326
2 1315 1319
2 1315 1323
2 1315 1327
2 1316 1320
2 1316 1324
2 1316 1328
2 1317 1321
2 1317 1325
2 1317 1329
2 1334 1340
2 1334 1348
2 1334 1555
2 1335 1341
2 1335 1349
2 1335 1556
2 1336 1338
2 1336 1348
2 1336 1551
2 1337 1339
2 1337 1349
2 1337 1552
2 1340 1342
2 1340 1344
2 1340 1346
2 1341 1343
2 1341 1345
2 1341 1347
2 1350 1353
2 1350 1357
2 1350 1526
2 1351 1352
2 1351 1357
2 1351 1524
2 1353 1354
2 1353 1355
2 1353 1356
2 1357 3244
2 1358 1364
2 1358 1366
2 1358 1537
2 1359 1365
2 1359 1367
2 1359 1538
2 1360 1362
2 1360 1366
2 1360 1527
2 1361 1363
2 1361 1367
2 1361 1528
2 1364 1531
2 1364 1533
2 1364 1535
2 1365 1532
2 1365 1534
2 1365 1536
2 1368 1374
2 1368 1376
2 1368 1549
2 1369 1375
2 1369 1377
2 1369 1550
2 1370 1372
2 1370 1376
2 1370 1539
2 1371 1373
2 1371 1377
2 1371 1540
2 1374 1543
2 1374 1545
2 1374 1547
2 1375 1544
2 1375 1546
2 1375 1548
2 1378 1390
2 1378 1394
2 1378 1520
2 1379 1391
2 1379 1395
2 1379 1521
2 1380 1392
2 1380 1396
2 1380 1522
2 1381 1393
2 1381 1397
2 1381 1523
2 1382 1386
2 1382 1394
2 1382 1500
2 1383 1387
2 1383 1395
2 1383 1501
2 1384 1388
2 1384 1396
2 1384 1502
2 1385 1389
2 1385 1397
2 1385 1503
2 1390 1508
2 1390 1512
2 1390 1516
2 1391 1509
2 1391 1513
2 1391 1517
2 1392 1510
2 1392 1514
2 1392 1518
2 1393 1511
2 1393 1515
2 1393 1519
2 1398 1410
2 1398 1414
2 1398 1481
2 1399 1411
2 1399 1415
2 1399 1482
2 1400 1412
2 1400 1416
2 1400 1483
2 1401 1413
2 1401 1417
2 1401 1484
2 1402 1406
2 1402 1414
2 1402 1461
2 1403 1407
2 1403 1415
2 1403 1462
2 1404 1408
2 1404 1416
2 1404 1463
2 1405 1409
2 1405 1417
2 1405 1464
2 1410 1469
2 1410 1473
2 1410 1477
2 1411 1470
2 1411 1474
2 1411 1478
2 1412 1471
2 1412 1475
2 1412 1479
2 1413 1472
2 1413 1476
2 1413 1480
2 1418 1424
2 1418 1432
2 1418 1489
2 1419 1425
2 1419 1433
2 1419 1490
2 1420 1422
2 1420 1432
2 1420 1485
2 1421 1423
2 1421 1433
2 1421 1486
2 1424 1426
2 1424 1428
2 1424 1430
2 1425 1427
2 1425 1429
2 1425 1431
2 1432 3356
2 1433 3357
2 1434 1437
2 1434 1438
2 1434 1496
2 1435 1436
2 1435 1438
2 1435 1491
2 1437 1493
2 1437 1494
2 1437 1495
2 1439 1445
2 1439 1453
2 1439 1459
2 1440 1446
2 1440 1454
2 1440 1460
2 1441 1443
2 1441 1453
2 1441 1455
2 1442 1444
2 1442 1454
2 1442 1456
2 1445 1447
2 1445 1449
2 1445 1451
2 1446 1448
2 1446 1450
2 1446 1452
2 1455 1457
2 1455 1459
2 1456 1458
2 1456 1460
2 1461 1465
2 1461 1481
2 1462 1466
2 1462 1482
2 1463 1467
2 1463 1483
2 1464 1468
2 1464 1484
2 1485 1487
2 1485 1489
2 1486 1488
2 1486 1490
2 1491 1492
2 1491 1496
2 1496 3364
2 1497 1498
2 1497 1499
2 1499 1709
2 1500 1504
2 1500 1520
2 1501 1505
2 1501 1521
2 1502 1506
2 1502 1522
2 1503 1507
2 1503 1523
2 1524 1525
2 1524 1526
2 1526 1695
2 1527 1529
2 1527 1537
2 1528 1530
2 1528 1538
2 1539 1541
2 1539 1549
2 1540 1542
2 1540 1550
2 1549 1719
2 1550 1720
2 1551 1553
2 1551 1555
2 1552 1554
2 1552 1556
2 1555 1735
2 1556 1736
2 1557 1559
2 1557 1561
2 1558 1560
2 1558 1562
2 1563 1567
2 1563 1571
2 1564 1568
2 1564 1572
2 1565 1569
2 1565 1573
2 1566 1570
2 1566 1574
2 1575 1577
2 1575 1579
2 1576 1578
2 1576 1580
2 1581 1582
2 1581 1583
2 1584 1586
2 1584 1588
2 1585 1587
2 1585 1589
2 1590 1591
2 1590 1592
2 1593 1595
2 1593 1597
2 1594 1596
2 1594 1598
2 1599 1601
2 1599 1603
2 1600 1602
2 1600 1604
2 1605 2124
2 1606 1609
2 1606 1612
2 1606 1810
2 1607 1611
2 1607 1613
2 1607 1811
2 1614 1831
2 1615 1630
2 1615 1832
2 1616 1620
2 1616 3732
2 1616 3877
2 1617 1621
2 1617 3733
2 1617 3878
2 1618 1619
2 1618 1622
2 1618 1761
2 1620 1764
2 1620 1766
2 1620 1768
2 1621 1765
2 1621 1767
2 1621 1769
2 1622 3726
2 1622 3734
2 1623 1640
2 1623 1847
2 1623 3732
2 1623 3931
2 1624 1641
2 1624 1848
2 1624 3733
2 1624 3932
2 1625 2118
2 1626 2119
2 1627 1629
2 1627 1630
2 1627 1818
2 1631 1636
2 1631 3753
2 1631 3914
2 1632 1634
2 1632 1640
2 1632 1804
2 1633 1635
2 1633 1641
2 1633 1805
2 1636 1637
2 1636 1638
2 1636 1639
2 1640 3741
2 1641 3742
2 1642 2106
2 1643 2107
2 1644 1645
2 1644 1646
2 1644 1780
2 1646 1647
2 1647 1901
2 1648 1655
2 1648 3767
2 1648 3901
2 1649 1652
2 1649 1656
2 1649 1786
2 1650 1654
2 1650 1657
2 1650 1787
2 1655 1792
2 1655 1793
2 1655 1794
2 1656 1659
2 1656 3760
2 1657 1661
2 1657 3761
2 1658 1918
2 1658 4009
2 1659 1919
2 1659 3792
2 1659 4010
2 1660 1920
2 1660 4011
2 1661 1921
2 1661 3793
2 1661 4012
2 1662 1667
2 1663 1665
2 1663 1671
2 1663 1797
2 1664 1666
2 1664 1672
2 1664 1798
2 1667 1668
2 1667 1669
2 1667 1670
2 1673 1678
2 1673 3792
2 1673 3885
2 1674 1679
2 1674 3793
2 1674 3886
2 1675 1677
2 1675 1686
2 1675 1775
2 1678 1680
2 1678 1682
2 1678 1684
2 1679 1681
2 1679 1683
2 1679 1685
2 1686 3769
2 1686 3781
2 1687 1692
2 1688 1690
2 1688 1693
2 1688 1740
2 1689 1691
2 1689 1694
2 1689 1741
2 1692 1744
2 1692 1745
2 1692 1746
2 1695 1739
2 1695 2099
2 1696 1700
2 1697 1701
2 1698 1699
2 1698 1708
2 1698 1749
2 1700 1702
2 1700 1704
2 1700 1706
2 1701 1703
2 1701 1705
2 1701 1707
2 1708 1709
2 1709 2060
2 1710 2127
2 1711 1713
2 1711 1717
2 1711 1753
2 1712 1714
2 1712 1718
2 1712 1754
2 1719 1752
2 1719 2104
2 1720 2105
2 1721 1726
2 1722 1727
2 1723 1725
2 1723 1734
2 1723 1737
2 1726 1728
2 1726 1730
2 1726 1732
2 1727 1729
2 1727 1731
2 1727 1733
2 1734 1736
2 1735 2047
2 1736 2048
2 1737 1738
2 1737 1739
2 1740 1742
2 1740 1747
2 1741 1743
2 1741 1748
2 1749 1750
2 1749 1752
2 1753 1757
2 1753 1759
2 1754 1758
2 1754 1760
2 1761 1763
2 1761 1770
2 1770 3726
2 1770 3880
2 1771 2015
2 1771 4076
2 1772 1795
2 1772 2016
2 1772 3877
2 1772 4077
2 1773 2017
2 1773 4078
2 1774 1796
2 1774 2018
2 1774 3878
2 1774 4079
2 1775 1776
2 1775 1777
2 1777 3781
2 1777 3887
2 1778 1808
2 1778 1987
2 1778 3885
2 1778 4135
2 1779 1809
2 1779 1988
2 1779 3886
2 1779 4136
2 1780 1781
2 1780 1783
2 1783 1784
2 1784 1993
2 1785 1994
2 1786 1789
2 1786 1795
2 1787 1791
2 1787 1796
2 1795 3760
2 1796 3761
2 1797 1799
2 1797 1801
2 1798 1800
2 1798 1802
2 1803 1820
2 1803 1972
2 1804 1806
2 1804 1808
2 1805 1807
2 1805 1809
2 1808 3741
2 1809 3742
2 1810 1812
2 1810 1816
2 1811 1813
2 1811 1817
2 1818 1819
2 1818 1820
2 1821 1824
2 1821 2099
2 1821 2130
2 1822 1823
2 1822 1824
2 1822 2097
2 1824 3734
2 1825 1831
2 1825 2035
2 1825 2112
2 1826 1832
2 1826 2036
2 1826 2113
2 1827 1829
2 1827 1831
2 1827 2031
2 1828 1830
2 1828 1832
2 1828 2032
2 1833 1839
2 1833 1847
2 1833 2104
2 1834 1840
2 1834 1848
2 1834 2105
2 1835 1837
2 1835 1847
2 1835 2100
2 1836 1838
2 1836 1848
2 1836 2101
2 1839 1841
2 1839 1843
2 1839 1845
2 1840 1842
2 1840 1844
2 1840 1846
2 1849 1861
2 1849 1877
2 1849 2093
2 1850 1862
2 1850 1878
2 1850 2094
2 1851 1863
2 1851 1879
2 1851 2095
2 1852 1864
2 1852 1880
2 1852 2096
2 1853 1857
2 1853 1877
2 1853 2085
2 1854 1858
2 1854 1878
2 1854 2086
2 1855 1859
2 1855 1879
2 1855 2087
2 1856 1860
2 1856 1880
2 1856 2088
2 1861 1865
2 1861 1869
2 1861 1873
2 1862 1866
2 1862 1870
2 1862 1874
2 1863 1867
2 1863 1871
2 1863 1875
2 1864 1868
2 1864 1872
2 1864 1876
2 1881 1887
2 1881 1895
2 1881 2053
2 1882 1888
2 1882 1896
2 1882 2054
2 1883 1885
2 1883 1895
2 1883 2049
2 1884 1886
2 1884 1896
2 1884 2050
2 1887 1889
2 1887 1891
2 1887 1893
2 1888 1890
2 1888 1892
2 1888 1894
2 1895 3768
2 1896 3769
2 1897 1900
2 1897 1901
2 1897 2060
2 1898 1899
2 1898 1901
2 1898 2055
2 1900 2057
2 1900 2058
2 1900 2059
2 1902 1914
2 1902 1918
2 1902 2081
2 1903 1915
2 1903 1919
2 1903 2082
2 1904 1916
2 1904 1920
2 1904 2083
2 1905 1917
2 1905 1921
2 1905 2084
2 1906 1910
2 1906 1918
2 1906 2061
2 1907 1911
2 1907 1919
2 1907 2062
2 1908 1912
2 1908 1920
2 1908 2063
2 1909 1913
2 1909 1921
2 1909 2064
2 1914 2069
2 1914 2073
2 1914 2077
2 1915 2070
2 1915 2074
2 1915 2078
2 1916 2071
2 1916 2075
2 1916 2079
2 1917 2072
2 1917 2076
2 1917 2080
2 1922 1928
2 1922 1930
2 1922 2047
2 1923 1929
2 1923 1931
2 1923 2048
2 1924 1926
2 1924 1930
2 1924 2037
2 1925 1927
2 1925 1931
2 1925 2038
2 1928 2041
2 1928 2043
2 1928 2045
2 1929 2042
2 1929 2044
2 1929 2046
2 1932 1944
2 1932 1948
2 1932 2015
2 1933 1945
2 1933 1949
2 1933 2016
2 1934 1946
2 1934 1950
2 1934 2017
2 1935 1947
2 1935 1951
2 1935 2018
2 1936 1940
2 1936 1948
2 1936 1995
2 1937 1941
2 1937 1949
2 1937 1996
2 1938 1942
2 1938 1950
2 1938 1997
2 1939 1943
2 1939 1951
2 1939 1998
2 1944 2003
2 1944 2007
2 1944 2011
2 1945 2004
2 1945 2008
2 1945 2012
2 1946 2005
2 1946 2009
2 1946 2013
2 1947 2006
2 1947 2010
2 1947 2014
2 1952 1958
2 1952 1966
2 1952 2023
2 1953 1959
2 1953 1967
2 1953 2024
2 1954 1956
2 1954 1966
2 1954 2019
2 1955 1957
2 1955 1967
2 1955 2020
2 1958 1960
2 1958 1962
2 1958 1964
2 1959 1961
2 1959 1963
2 1959 1965
2 1966 3879
2 1967 3880
2 1968 1971
2 1968 1972
2 1968 2030
2 1969 1970
2 1969 1972
2 1969 2025
2 1971 2027
2 1971 2028
2 1971 2029
2 1973 1979
2 1973 1987
2 1973 1993
2 1974 1980
2 1974 1988
2 1974 1994
2 1975 1977
2 1975 1987
2 1975 1989
2 1976 1978
2 1976 1988
2 1976 1990
2 1979 1981
2 1979 1983
2 1979 1985
2 1980 1982
2 1980 1984
2 1980 1986
2 1989 1991
2 1989 1993
2 1990 1992
2 1990 1994
2 1995 1999
2 1995 2015
2 1996 2000
2 1996 2016
2 1997 2001
2 1997 2017
2 1998 2002
2 1998 2018
2 2019 2021
2 2019 2023
2 2020 2022
2 2020 2024
2 2025 2026
2 2025 2030
2 2030 3887
2 2031 2033
2 2031 2035
2 2032 2034
2 2032 2036
2 2037 2039
2 2037 2047
2 2038 2040
2 2038 2048
2 2049 2051
2 2049 2053
2 2050 2052
2 2050 2054
2 2055 2056
2 2055 2060
2 2061 2065
2 2061 2081
2 2062 2066
2 2062 2082
2 2063 2067
2 2063 2083
2 2064 2068
2 2064 2084
2 2085 2089
2 2085 2093
2 2086 2090
2 2086 2094
2 2087 2091
2 2087 2095
2 2088 2092
2 2088 2096
2 2097 2098
2 2097 2099
2 2100 2102
2 2100 2104
2 2101 2103
2 2101 2105
2 2106 2108
2 2106 2110
2 2107 2109
2 2107 2111
2 2112 2114
2 2112 2116
2 2113 2115
2 2113 2117
2 2118 2120
2 2118 2122
2 2119 2121
2 2119 2123
2 2124 2125
2 2124 2126
2 2127 2128
2 2127 2129
2 2130 2131
2 2130 2132
2 2133 2640
2 2133 3195
2 2133 3396
2 2134 2641
2 2134 3196
2 2134 3397
2 2135 2136
2 2135 2137
2 2135 2344
2 2137 3190
2 2137 3197
2 2138 2157
2 2138 2377
2 2138 3195
2 2138 3452
2 2139 2158
2 2139 2378
2 2139 3196
2 2139 3453
2 2140 2147
2 2141 2143
2 2141 2148
2 2141 2295
2 2142 2145
2 2142 2149
2 2142 2296
2 2147 2299
2 2147 2300
2 2147 2301
2 2150 2172
2 2150 2393
2 2151 2394
2 2152 2637
2 2152 3214
2 2152 3401
2 2153 2155
2 2153 2157
2 2153 2347
2 2154 2156
2 2154 2158
2 2154 2348
2 2157 3210
2 2158 3211
2 2159 2164
2 2160 2165
2 2161 2162
2 2161 2172
2 2161 2340
2 2164 2166
2 2164 2168
2 2164 2170
2 2165 2167
2 2165 2169
2 2165 2171
2 2173 2628
2 2173 3234
2 2173 3367
2 2174 2176
2 2174 2180
2 2174 2315
2 2175 2178
2 2175 2181
2 2175 2316
2 2180 2182
2 2180 3229
2 2181 2184
2 2181 3230
2 2182 2435
2 2182 3256
2 2182 3501
2 2183 2436
2 2183 3502
2 2184 2437
2 2184 3257
2 2184 3503
2 2185 2438
2 2185 3504
2 2186 2190
2 2187 2191
2 2188 2189
2 2188 2192
2 2188 2323
2 2190 2325
2 2190 2327
2 2190 2329
2 2191 2326
2 2191 2328
2 2191 2330
2 2192 2193
2 2193 2443
2 2194 2199
2 2194 3256
2 2194 3385
2 2195 2200
2 2195 3257
2 2195 3386
2 2196 2197
2 2196 2207
2 2196 2332
2 2199 2201
2 2199 2203
2 2199 2205
2 2200 2202
2 2200 2204
2 2200 2206
2 2207 3235
2 2207 3245
2 2208 2213
2 2209 2211
2 2209 2217
2 2209 2305
2 2210 2212
2 2210 2218
2 2210 2306
2 2213 2214
2 2213 2215
2 2213 2216
2 2219 2224
2 2219 2758
2 2219 2813
2 2220 2225
2 2220 2759
2 2220 2814
2 2221 2223
2 2221 2226
2 2221 2276
2 2224 2279
2 2224 2281
2 2224 2283
2 2225 2280
2 2225 2282
2 2225 2284
2 2226 2750
2 2226 2761
2 2227 2618
2 2227 3114
2 2228 2619
2 2228 3115
2 2229 2274
2 2229 2620
2 2229 2758
2 2229 3116
2 2230 2275
2 2230 2621
2 2230 2759
2 2230 3117
2 2231 2238
2 2231 2775
2 2231 2817
2 2232 2234
2 2232 2242
2 2232 2286
2 2233 2235
2 2233 2243
2 2233 2287
2 2238 2239
2 2238 2240
2 2238 2241
2 2242 2244
2 2242 2762
2 2243 2245
2 2243 2763
2 2244 2597
2 2244 2813
2 2244 3096
2 2245 2598
2 2245 2814
2 2245 3097
2 2246 2599
2 2246 3098
2 2247 2600
2 2247 3099
2 2248 2646
2 2248 2783
2 2248 2822
2 2249 2647
2 2249 2784
2 2249 2823
2 2250 2251
2 2250 2252
2 2250 2292
2 2252 2778
2 2252 2785
2 2253 2290
2 2253 2626
2 2253 2783
2 2253 3140
2 2254 2291
2 2254 2627
2 2254 2784
2 2254 3141
2 2255 2260
2 2255 2798
2 2255 2803
2 2256 2258
2 2256 2264
2 2256 2268
2 2257 2259
2 2257 2265
2 2257 2269
2 2260 2261
2 2260 2262
2 2260 2263
2 2264 2266
2 2264 2786
2 2265 2267
2 2265 2787
2 2266 2569
2 2266 2822
2 2266 3146
2 2267 2570
2 2267 2823
2 2267 3147
2 2268 2272
2 2268 2274
2 2269 2273
2 2269 2275
2 2274 2786
2 2275 2787
2 2276 2277
2 2276 2285
2 2285 2750
2 2285 2776
2 2286 2288
2 2286 2290
2 2287 2289
2 2287 2291
2 2290 2762
2 2291 2763
2 2292 2293
2 2292 2294
2 2294 2778
2 2294 2799
2 2295 2297
2 2295 2302
2 2296 2298
2 2296 2303
2 2304 2331
2 2304 2522
2 2305 2307
2 2305 2311
2 2306 2309
2 2306 2312
2 2313 2343
2 2313 2509
2 2314 2510
2 2315 2317
2 2315 2319
2 2316 2318
2 2316 2320
2 2319 2321
2 2319 3229
2 2320 2322
2 2320 3230
2 2321 2515
2 2321 3396
2 2321 3513
2 2322 2516
2 2322 3397
2 2322 3514
2 2323 2324
2 2323 2331
2 2332 2334
2 2332 2335
2 2335 3245
2 2335 3388
2 2336 2491
2 2336 3588
2 2337 2492
2 2337 3589
2 2338 2353
2 2338 2493
2 2338 3385
2 2338 3590
2 2339 2354
2 2339 2494
2 2339 3386
2 2339 3591
2 2340 2341
2 2340 2343
2 2344 2345
2 2344 2346
2 2346 3190
2 2346 3368
2 2347 2351
2 2347 2353
2 2348 2352
2 2348 2354
2 2353 3210
2 2354 3211
2 2355 2367
2 2355 2618
2 2355 2652
2 2356 2368
2 2356 2619
2 2356 2653
2 2357 2369
2 2357 2620
2 2357 2654
2 2358 2370
2 2358 2621
2 2358 2655
2 2359 2363
2 2359 2367
2 2359 2610
2 2360 2364
2 2360 2368
2 2360 2611
2 2361 2365
2 2361 2369
2 2361 2612
2 2362 2366
2 2362 2370
2 2362 2613
2 2371 2377
2 2371 2557
2 2371 2631
2 2372 2378
2 2372 2558
2 2372 2632
2 2373 2375
2 2373 2377
2 2373 2553
2 2374 2376
2 2374 2378
2 2374 2554
2 2379 2385
2 2379 2393
2 2379 2626
2 2380 2386
2 2380 2394
2 2380 2627
2 2381 2383
2 2381 2393
2 2381 2622
2 2382 2384
2 2382 2394
2 2382 2623
2 2385 2387
2 2385 2389
2 2385 2391
2 2386 2388
2 2386 2390
2 2386 2392
2 2395 2398
2 2395 2402
2 2395 2609
2 2396 2397
2 2396 2402
2 2396 2607
2 2398 2399
2 2398 2400
2 2398 2401
2 2402 3197
2 2403 2409
2 2403 2417
2 2403 2575
2 2404 2410
2 2404 2418
2 2404 2576
2 2405 2407
2 2405 2417
2 2405 2571
2 2406 2408
2 2406 2418
2 2406 2572
2 2409 2411
2 2409 2413
2 2409 2415
2 2410 2412
2 2410 2414
2 2410 2416
2 2419 2431
2 2419 2435
2 2419 2597
2 2420 2432
2 2420 2436
2 2420 2598
2 2421 2433
2 2421 2437
2 2421 2599
2 2422 2434
2 2422 2438
2 2422 2600
2 2423 2427
2 2423 2435
2 2423 2577
2 2424 2428
2 2424 2436
2 2424 2578
2 2425 2429
2 2425 2437
2 2425 2579
2 2426 2430
2 2426 2438
2 2426 2580
2 2431 2585
2 2431 2589
2 2431 2593
2 2432 2586
2 2432 2590
2 2432 2594
2 2433 2587
2 2433 2591
2 2433 2595
2 2434 2588
2 2434 2592
2 2434 2596
2 2439 2442
2 2439 2443
2 2439 2606
2 2440 2441
2 2440 2443
2 2440 2601
2 2442 2603
2 2442 2604
2 2442 2605
2 2444 2450
2 2444 2452
2 2444 2569
2 2445 2451
2 2445 2453
2 2445 2570
2 2446 2448
2 2446 2452
2 2446 2559
2 2447 2449
2 2447 2453
2 2447 2560
2 2450 2563
2 2450 2565
2 2450 2567
2 2451 2564
2 2451 2566
2 2451 2568
2 2452 3235
2 2453 3236
2 2454 2457
2 2454 2458
2 2454 2522
2 2455 2456
2 2455 2458
2 2455 2517
2 2457 2519
2 2457 2520
2 2457 2521
2 2458 3368
2 2459 2465
2 2459 2473
2 2459 2527
2 2460 2466
2 2460 2474
2 2460 2528
2 2461 2463
2 2461 2473
2 2461 2523
2 2462 2464
2 2462 2474
2 2462 2524
2 2465 2467
2 2465 2469
2 2465 2471
2 2466 2468
2 2466 2470
2 2466 2472
2 2475 2487
2 2475 2491
2 2475 2549
2 2476 2488
2 2476 2492
2 2476 2550
2 2477 2489
2 2477 2493
2 2477 2551
2 2478 2490
2 2478 2494
2 2478 2552
2 2479 2483
2 2479 2491
2 2479 2529
2 2480 2484
2 2480 2492
2 2480 2530
2 2481 2485
2 2481 2493
2 2481 2531
2 2482 2486
2 2482 2494
2 2482 2532
2 2487 2537
2 2487 2541
2 2487 2545
2 2488 2538
2 2488 2542
2 2488 2546
2 2489 2539
2 2489 2543
2 2489 2547
2 2490 2540
2 2490 2544
2 2490 2548
2 2495 2501
2 2495 2509
2 2495 2515
2 2496 2502
2 2496 2510
2 2496 2516
2 2497 2499
2 2497 2509
2 2497 2511
2 2498 2500
2 2498 2510
2 2498 2512
2 2501 2503
2 2501 2505
2 2501 2507
2 2502 2504
2 2502 2506
2 2502 2508
2 2511 2513
2 2511 2515
2 2512 2514
2 2512 2516
2 2517 2518
2 2517 2522
2 2523 2525
2 2523 2527
2 2524 2526
2 2524 2528
2 2527 3387
2 2528 3388
2 2529 2533
2 2529 2549
2 2530 2534
2 2530 2550
2 2531 2535
2 2531 2551
2 2532 2536
2 2532 2552
2 2553 2555
2 2553 2557
2 2554 2556
2 2554 2558
2 2557 2776
2 2558 2777
2 2559 2561
2 2559 2569
2 2560 2562
2 2560 2570
2 2571 2573
2 2571 2575
2 2572 2574
2 2572 2576
2 2575 2760
2 2576 2761
2 2577 2581
2 2577 2597
2 2578 2582
2 2578 2598
2 2579 2583
2 2579 2599
2 2580 2584
2 2580 2600
2 2601 2602
2 2601 2606
2 2606 2785
2 2607 2608
2 2607 2609
2 2609 2799
2 2610 2614
2 2610 2618
2 2611 2615
2 2611 2619
2 2612 2616
2 2612 2620
2 2613 2617
2 2613 2621
2 2622 2624
2 2622 2626
2 2623 2625
2 2623 2627
2 2628 2629
2 2628 2630
2 2631 2633
2 2631 2635
2 2632 2634
2 2632 2636
2 2637 2638
2 2637 2639
2 2640 2642
2 2640 2644
2 2641 2643
2 2641 2645
2 2646 2648
2 2646 2650
2 2647 2649
2 2647 2651
2 2652 2656
2 2652 2660
2 2653 2657
2 2653 2661
2 2654 2658
2 2654 2662
2 2655 2659
2 2655 2663
2 2664 3175
2 2664 3722
2 2664 3919
2 2665 3176
2 2665 3723
2 2665 3920
2 2666 2668
2 2666 2669
2 2666 2873
2 2669 3715
2 2669 3725
2 2670 2904
2 2670 3977
2 2671 2690
2 2671 2905
2 2671 3722
2 2671 3978
2 2672 2906
2 2672 3979
2 2673 2691
2 2673 2907
2 2673 3723
2 2673 3980
2 2674 2679
2 2675 2677
2 2675 2680
2 2675 2824
2 2676 2678
2 2676 2681
2 2676 2825
2 2679 2828
2 2679 2829
2 2679 2830
2 2682 2704
2 2682 2915
2 2683 3172
2 2683 3740
2 2683 3924
2 2684 2687
2 2684 2690
2 2684 2876
2 2685 2689
2 2685 2691
2 2685 2877
2 2690 3735
2 2691 3736
2 2692 2696
2 2693 2697
2 2694 2695
2 2694 2704
2 2694 2869
2 2696 2698
2 2696 2700
2 2696 2702
2 2697 2699
2 2697 2701
2 2697 2703
2 2705 3157
2 2705 3758
2 2705 3890
2 2706 2708
2 2706 2710
2 2706 2844
2 2707 2709
2 2707 2711
2 2707 2845
2 2710 2712
2 2710 3754
2 2711 2713
2 2711 3755
2 2712 2972
2 2712 3779
2 2712 4036
2 2713 2973
2 2713 3780
2 2713 4037
2 2714 2719
2 2715 2720
2 2716 2718
2 2716 2721
2 2716 2852
2 2719 2854
2 2719 2856
2 2719 2858
2 2720 2855
2 2720 2857
2 2720 2859
2 2721 2723
2 2722 2982
2 2723 2983
2 2724 2728
2 2724 3779
2 2724 3908
2 2725 2729
2 2725 3780
2 2725 3909
2 2726 2727
2 2726 2736
2 2726 2861
2 2728 2730
2 2728 2732
2 2728 2734
2 2729 2731
2 2729 2733
2 2729 2735
2 2736 3759
2 2736 3770
2 2737 2744
2 2738 2741
2 2738 2748
2 2738 2834
2 2739 2743
2 2739 2749
2 2739 2835
2 2744 2745
2 2744 2746
2 2744 2747
2 2750 2757
2 2751 2755
2 2751 2758
2 2751 2804
2 2752 2756
2 2752 2759
2 2752 2805
2 2757 2810
2 2757 2811
2 2757 2812
2 2760 3152
2 2761 2803
2 2761 3153
2 2762 2767
2 2763 2768
2 2764 2765
2 2764 2775
2 2764 2815
2 2767 2769
2 2767 2771
2 2767 2773
2 2768 2770
2 2768 2772
2 2768 2774
2 2775 2776
2 2776 3128
2 2777 3129
2 2778 3181
2 2779 2781
2 2779 2783
2 2779 2818
2 2780 2782
2 2780 2784
2 2780 2819
2 2785 2817
2 2785 3156
2 2786 2790
2 2787 2791
2 2788 2789
2 2788 2798
2 2788 2800
2 2790 2792
2 2790 2794
2 2790 2796
2 2791 2793
2 2791 2795
2 2791 2797
2 2798 2799
2 2799 3105
2 2800 2802
2 2800 2803
2 2804 2806
2 2804 2813
2 2805 2807
2 2805 2814
2 2815 2816
2 2815 2817
2 2818 2820
2 2818 2822
2 2819 2821
2 2819 2823
2 2824 2826
2 2824 2831
2 2825 2827
2 2825 2832
2 2833 2860
2 2833 3057
2 2834 2836
2 2834 2840
2 2835 2838
2 2835 2841
2 2842 2872
2 2842 3044
2 2843 3045
2 2844 2846
2 2844 2848
2 2845 2847
2 2845 2849
2 2848 2850
2 2848 3754
2 2849 2851
2 2849 3755
2 2850 3050
2 2850 3919
2 2850 4046
2 2851 3051
2 2851 3920
2 2851 4047
2 2852 2853
2 2852 2860
2 2861 2863
2 2861 2864
2 2864 3770
2 2864 3911
2 2865 3026
2 2865 4121
2 2866 3027
2 2866 4122
2 2867 2882
2 2867 3028
2 2867 3908
2 2867 4123
2 2868 2883
2 2868 3029
2 2868 3909
2 2868 4124
2 2869 2870
2 2869 2872
2 2873 2874
2 2873 2875
2 2875 3715
2 2875 3891
2 2876 2880
2 2876 2882
2 2877 2881
2 2877 2883
2 2882 3735
2 2883 3736
2 2884 2890
2 2884 3152
2 2884 3184
2 2885 2891
2 2885 3153
2 2885 3185
2 2886 2888
2 2886 2890
2 2886 3148
2 2887 2889
2 2887 2891
2 2887 3149
2 2892 2904
2 2892 3096
2 2892 3160
2 2893 2905
2 2893 3097
2 2893 3161
2 2894 2906
2 2894 3098
2 2894 3162
2 2895 2907
2 2895 3099
2 2895 3163
2 2896 2900
2 2896 2904
2 2896 3088
2 2897 2901
2 2897 2905
2 2897 3089
2 2898 2902
2 2898 2906
2 2898 3090
2 2899 2903
2 2899 2907
2 2899 3091
2 2908 2911
2 2908 2915
2 2908 3156
2 2909 2910
2 2909 2915
2 2909 3154
2 2911 2912
2 2911 2913
2 2911 2914
2 2916 2922
2 2916 2930
2 2916 3146
2 2917 2923
2 2917 2931
2 2917 3147
2 2918 2920
2 2918 2930
2 2918 3142
2 2919 2921
2 2919 2931
2 2919 3143
2 2922 2924
2 2922 2926
2 2922 2928
2 2923 2925
2 2923 2927
2 2923 2929
2 2930 3724
2 2931 3725
2 2932 2944
2 2932 2960
2 2932 3114
2 2933 2945
2 2933 2961
2 2933 3115
2 2934 2946
2 2934 2962
2 2934 3116
2 2935 2947
2 2935 2963
2 2935 3117
2 2936 2940
2 2936 2960
2 2936 3106
2 2937 2941
2 2937 2961
2 2937 3107
2 2938 2942
2 2938 2962
2 2938 3108
2 2939 2943
2 2939 2963
2 2939 3109
2 2944 2948
2 2944 2952
2 2944 2956
2 2945 2949
2 2945 2953
2 2945 2957
2 2946 2950
2 2946 2954
2 2946 2958
2 2947 2951
2 2947 2955
2 2947 2959
2 2964 2970
2 2964 2972
2 2964 3128
2 2965 2971
2 2965 2973
2 2965 3129
2 2966 2968
2 2966 2972
2 2966 3118
2 2967 2969
2 2967 2973
2 2967 3119
2 2970 3122
2 2970 3124
2 2970 3126
2 2971 3123
2 2971 3125
2 2971 3127
2 2974 2980
2 2974 2982
2 2974 3140
2 2975 2981
2 2975 2983
2 2975 3141
2 2976 2978
2 2976 2982
2 2976 3130
2 2977 2979
2 2977 2983
2 2977 3131
2 2980 3134
2 2980 3136
2 2980 3138
2 2981 3135
2 2981 3137
2 2981 3139
2 2984 2987
2 2984 2988
2 2984 3105
2 2985 2986
2 2985 2988
2 2985 3100
2 2987 3102
2 2987 3103
2 2987 3104
2 2988 3759
2 2989 2992
2 2989 2993
2 2989 3057
2 2990 2991
2 2990 2993
2 2990 3052
2 2992 3054
2 2992 3055
2 2992 3056
2 2993 3891
2 2994 3000
2 2994 3008
2 2994 3062
2 2995 3001
2 2995 3009
2 2995 3063
2 2996 2998
2 2996 3008
2 2996 3058
2 2997 2999
2 2997 3009
2 2997 3059
2 3000 3002
2 3000 3004
2 3000 3006
2 3001 3003
2 3001 3005
2 3001 3007
2 3010 3022
2 3010 3026
2 3010 3084
2 3011 3023
2 3011 3027
2 3011 3085
2 3012 3024
2 3012 3028
2 3012 3086
2 3013 3025
2 3013 3029
2 3013 3087
2 3014 3018
2 3014 3026
2 3014 3064
2 3015 3019
2 3015 3027
2 3015 3065
2 3016 3020
2 3016 3028
2 3016 3066
2 3017 3021
2 3017 3029
2 3017 3067
2 3022 3072
2 3022 3076
2 3022 3080
2 3023 3073
2 3023 3077
2 3023 3081
2 3024 3074
2 3024 3078
2 3024 3082
2 3025 3075
2 3025 3079
2 3025 3083
2 3030 3036
2 3030 3044
2 3030 3050
2 3031 3037
2 3031 3045
2 3031 3051
2 3032 3034
2 3032 3044
2 3032 3046
2 3033 3035
2 3033 3045
2 3033 3047
2 3036 3038
2 3036 3040
2 3036 3042
2 3037 3039
2 3037 3041
2 3037 3043
2 3046 3048
2 3046 3050
2 3047 3049
2 3047 3051
2 3052 3053
2 3052 3057
2 3058 3060
2 3058 3062
2 3059 3061
2 3059 3063
2 3062 3910
2 3063 3911
2 3064 3068
2 3064 3084
2 3065 3069
2 3065 3085
2 3066 3070
2 3066 3086
2 3067 3071
2 3067 3087
2 3088 3092
2 3088 3096
2 3089 3093
2 3089 3097
2 3090 3094
2 3090 3098
2 3091 3095
2 3091 3099
2 3100 3101
2 3100 3105
2 3106 3110
2 3106 3114
2 3107 3111
2 3107 3115
2 3108 3112
2 3108 3116
2 3109 3113
2 3109 3117
2 3118 3120
2 3118 3128
2 3119 3121
2 3119 3129
2 3130 3132
2 3130 3140
2 3131 3133
2 3131 3141
2 3142 3144
2 3142 3146
2 3143 3145
2 3143 3147
2 3148 3150
2 3148 3152
2 3149 3151
2 3149 3153
2 3154 3155
2 3154 3156
2 3157 3158
2 3157 3159
2 3160 3164
2 3160 3168
2 3161 3165
2 3161 3169
2 3162 3166
2 3162 3170
2 3163 3167
2 3163 3171
2 3172 3173
2 3172 3174
2 3175 3177
2 3175 3179
2 3176 3178
2 3176 3180
2 3181 3182
2 3181 3183
2 3184 3186
2 3184 3188
2 3185 3187
2 3185 3189
2 3190 3694
2 3191 3193
2 3191 3195
2 3191 3392
2 3192 3194
2 3192 3196
2 3192 3393
2 3197 3214
2 3197 3421
2 3198 3205
2 3199 3201
2 3199 3206
2 3199 3345
2 3200 3203
2 3200 3207
2 3200 3346
2 3205 3351
2 3205 3352
2 3205 3353
2 3208 3228
2 3208 3436
2 3209 3437
2 3210 3688
2 3211 3689
2 3212 3213
2 3212 3214
2 3212 3398
2 3215 3220
2 3216 3221
2 3217 3218
2 3217 3228
2 3217 3389
2 3220 3222
2 3220 3224
2 3220 3226
2 3221 3223
2 3221 3225
2 3221 3227
2 3229 3679
2 3230 3680
2 3231 3232
2 3231 3234
2 3231 3365
2 3234 3235
2 3235 3478
2 3236 3479
2 3237 3241
2 3238 3242
2 3239 3240
2 3239 3243
2 3239 3369
2 3241 3372
2 3241 3374
2 3241 3376
2 3242 3373
2 3242 3375
2 3242 3377
2 3243 3244
2 3244 3484
2 3245 3252
2 3246 3248
2 3246 3256
2 3246 3379
2 3247 3250
2 3247 3257
2 3247 3380
2 3252 3253
2 3252 3254
2 3252 3255
2 3258 3263
2 3259 3261
2 3259 3267
2 3259 3358
2 3260 3262
2 3260 3268
2 3260 3359
2 3263 3264
2 3263 3265
2 3263 3266
2 3269 3274
2 3269 3802
2 3269 3855
2 3270 3275
2 3270 3803
2 3270 3856
2 3271 3273
2 3271 3276
2 3271 3326
2 3274 3328
2 3274 3330
2 3274 3332
2 3275 3329
2 3275 3331
2 3275 3333
2 3276 3794
2 3276 3805
2 3277 3669
2 3277 4163
2 3278 3670
2 3278 4164
2 3279 3324
2 3279 3671
2 3279 3802
2 3279 4165
2 3280 3325
2 3280 3672
2 3280 3803
2 3280 4166
2 3281 3286
2 3281 3818
2 3281 3859
2 3282 3284
2 3282 3290
2 3282 3335
2 3283 3285
2 3283 3291
2 3283 3336
2 3286 3287
2 3286 3288
2 3286 3289
2 3290 3292
2 3290 3806
2 3291 3293
2 3291 3807
2 3292 3647
2 3292 3855
2 3292 4141
2 3293 3648
2 3293 3856
2 3293 4142
2 3294 3697
2 3294 3825
2 3294 3866
2 3295 3698
2 3295 3826
2 3295 3867
2 3296 3297
2 3296 3298
2 3296 3341
2 3298 3820
2 3298 3827
2 3299 3339
2 3299 3677
2 3299 3825
2 3299 4183
2 3300 3340
2 3300 3678
2 3300 3826
2 3300 4184
2 3301 3308
2 3301 3841
2 3301 3847
2 3302 3306
2 3302 3312
2 3302 3318
2 3303 3307
2 3303 3313
2 3303 3319
2 3308 3309
2 3308 3310
2 3308 3311
2 3312 3316
2 3312 3828
2 3313 3317
2 3313 3829
2 3314 3627
2 3314 4193
2 3315 3628
2 3315 4194
2 3316 3629
2 3316 3866
2 3316 4195
2 3317 3630
2 3317 3867
2 3317 4196
2 3318 3322
2 3318 3324
2 3319 3323
2 3319 3325
2 3324 3828
2 3325 3829
2 3326 3327
2 3326 3334
2 3334 3794
2 3334 3819
2 3335 3337
2 3335 3339
2 3336 3338
2 3336 3340
2 3339 3806
2 3340 3807
2 3341 3343
2 3341 3344
2 3344 3820
2 3344 3843
2 3345 3348
2 3345 3354
2 3346 3350
2 3346 3355
2 3356 3578
2 3357 3378
2 3357 3579
2 3358 3360
2 3358 3362
2 3359 3361
2 3359 3363
2 3364 3391
2 3364 3564
2 3365 3366
2 3365 3367
2 3367 3368
2 3368 3567
2 3369 3371
2 3369 3378
2 3379 3383
2 3379 3385
2 3380 3384
2 3380 3386
2 3387 3555
2 3388 3401
2 3388 3556
2 3389 3390
2 3389 3391
2 3392 3394
2 3392 3396
2 3393 3395
2 3393 3397
2 3398 3400
2 3398 3401
2 3402 3414
2 3402 3669
2 3402 3703
2 3403 3415
2 3403 3670
2 3403 3704
2 3404 3416
2 3404 3671
2 3404 3705
2 3405 3417
2 3405 3672
2 3405 3706
2 3406 3410
2 3406 3414
2 3406 3661
2 3407 3411
2 3407 3415
2 3407 3662
2 3408 3412
2 3408 3416
2 3408 3663
2 3409 3413
2 3409 3417
2 3409 3664
2 3418 3421
2 3418 3606
2 3418 3685
2 3419 3420
2 3419 3421
2 3419 3604
2 3422 3428
2 3422 3436
2 3422 3677
2 3423 3429
2 3423 3437
2 3423 3678
2 3424 3426
2 3424 3436
2 3424 3673
2 3425 3427
2 3425 3437
2 3425 3674
2 3428 3430
2 3428 3432
2 3428 3434
2 3429 3431
2 3429 3433
2 3429 3435
2 3438 3444
2 3438 3452
2 3438 3659
2 3439 3445
2 3439 3453
2 3439 3660
2 3440 3442
2 3440 3452
2 3440 3655
2 3441 3443
2 3441 3453
2 3441 3656
2 3444 3446
2 3444 3448
2 3444 3450
2 3445 3447
2 3445 3449
2 3445 3451
2 3454 3460
2 3454 3468
2 3454 3635
2 3455 3461
2 3455 3469
2 3455 3636
2 3456 3458
2 3456 3468
2 3456 3631
2 3457 3459
2 3457 3469
2 3457 3632
2 3460 3462
2 3460 3464
2 3460 3466
2 3461 3463
2 3461 3465
2 3461 3467
2 3470 3476
2 3470 3478
2 3470 3647
2 3471 3477
2 3471 3479
2 3471 3648
2 3472 3474
2 3472 3478
2 3472 3637
2 3473 3475
2 3473 3479
2 3473 3638
2 3476 3641
2 3476 3643
2 3476 3645
2 3477 3642
2 3477 3644
2 3477 3646
2 3480 3483
2 3480 3484
2 3480 3654
2 3481 3482
2 3481 3484
2 3481 3649
2 3483 3651
2 3483 3652
2 3483 3653
2 3485 3497
2 3485 3501
2 3485 3627
2 3486 3498
2 3486 3502
2 3486 3628
2 3487 3499
2 3487 3503
2 3487 3629
2 3488 3500
2 3488 3504
2 3488 3630
2 3489 3493
2 3489 3501
2 3489 3607
2 3490 3494
2 3490 3502
2 3490 3608
2 3491 3495
2 3491 3503
2 3491 3609
2 3492 3496
2 3492 3504
2 3492 3610
2 3497 3615
2 3497 3619
2 3497 3623
2 3498 3616
2 3498 3620
2 3498 3624
2 3499 3617
2 3499 3621
2 3499 3625
2 3500 3618
2 3500 3622
2 3500 3626
2 3505 3511
2 3505 3513
2 3505 3578
2 3506 3512
2 3506 3514
2 3506 3579
2 3507 3509
2 3507 3513
2 3507 3568
2 3508 3510
2 3508 3514
2 3508 3569
2 3511 3572
2 3511 3574
2 3511 3576
2 3512 3573
2 3512 3575
2 3512 3577
2 3515 3527
2 3515 3543
2 3515 3588
2 3516 3528
2 3516 3544
2 3516 3589
2 3517 3529
2 3517 3545
2 3517 3590
2 3518 3530
2 3518 3546
2 3518 3591
2 3519 3523
2 3519 3543
2 3519 3580
2 3520 3524
2 3520 3544
2 3520 3581
2 3521 3525
2 3521 3545
2 3521 3582
2 3522 3526
2 3522 3546
2 3522 3583
2 3527 3531
2 3527 3535
2 3527 3539
2 3528 3532
2 3528 3536
2 3528 3540
2 3529 3533
2 3529 3537
2 3529 3541
2 3530 3534
2 3530 3538
2 3530 3542
2 3547 3553
2 3547 3555
2 3547 3602
2 3548 3554
2 3548 3556
2 3548 3603
2 3549 3551
2 3549 3555
2 3549 3592
2 3550 3552
2 3550 3556
2 3550 3593
2 3553 3596
2 3553 3598
2 3553 3600
2 3554 3597
2 3554 3599
2 3554 3601
2 3557 3560
2 3557 3564
2 3557 3567
2 3558 3559
2 3558 3564
2 3558 3565
2 3560 3561
2 3560 3562
2 3560 3563
2 3565 3566
2 3565 3567
2 3568 3570
2 3568 3578
2 3569 3571
2 3569 3579
2 3580 3584
2 3580 3588
2 3581 3585
2 3581 3589
2 3582 3586
2 3582 3590
2 3583 3587
2 3583 3591
2 3592 3594
2 3592 3602
2 3593 3595
2 3593 3603
2 3604 3605
2 3604 3606
2 3606 3819
2 3607 3611
2 3607 3627
2 3608 3612
2 3608 3628
2 3609 3613
2 3609 3629
2 3610 3614
2 3610 3630
2 3631 3633
2 3631 3635
2 3632 3634
2 3632 3636
2 3635 3804
2 3636 3805
2 3637 3639
2 3637 3647
2 3638 3640
2 3638 3648
2 3649 3650
2 3649 3654
2 3654 3827
2 3655 3657
2 3655 3659
2 3656 3658
2 3656 3660
2 3659 3842
2 3660 3843
2 3661 3665
2 3661 3669
2 3662 3666
2 3662 3670
2 3663 3667
2 3663 3671
2 3664 3668
2 3664 3672
2 3673 3675
2 3673 3677
2 3674 3676
2 3674 3678
2 3679 3681
2 3679 3683
2 3680 3682
2 3680 3684
2 3685 3686
2 3685 3687
2 3688 3690
2 3688 3692
2 3689 3691
2 3689 3693
2 3694 3695
2 3694 3696
2 3697 3699
2 3697 3701
2 3698 3700
2 3698 3702
2 3703 3707
2 3703 3711
2 3704 3708
2 3704 3712
2 3705 3709
2 3705 3713
2 3706 3710
2 3706 3714
2 3715 4224
2 3716 3719
2 3716 3722
2 3716 3915
2 3717 3721
2 3717 3723
2 3717 3916
2 3724 3939
2 3725 3740
2 3725 3940
2 3726 3731
2 3727 3729
2 3727 3732
2 3727 3868
2 3728 3730
2 3728 3733
2 3728 3869
2 3731 3874
2 3731 3875
2 3731 3876
2 3734 3753
2 3734 3948
2 3735 4218
2 3736 4219
2 3737 3739
2 3737 3740
2 3737 3921
2 3741 3745
2 3742 3746
2 3743 3744
2 3743 3753
2 3743 3912
2 3745 3747
2 3745 3749
2 3745 3751
2 3746 3748
2 3746 3750
2 3746 3752
2 3754 4206
2 3755 4207
2 3756 3757
2 3756 3758
2 3756 3888
2 3758 3759
2 3759 4017
2 3760 3765
2 3761 3766
2 3762 3764
2 3762 3767
2 3762 3892
2 3765 3895
2 3765 3897
2 3765 3899
2 3766 3896
2 3766 3898
2 3766 3900
2 3767 3769
2 3768 4026
2 3769 4027
2 3770 3775
2 3771 3773
2 3771 3779
2 3771 3902
2 3772 3774
2 3772 3780
2 3772 3903
2 3775 3776
2 3775 3777
2 3775 3778
2 3781 3788
2 3782 3785
2 3782 3792
2 3782 3881
2 3783 3787
2 3783 3793
2 3783 3882
2 3788 3789
2 3788 3790
2 3788 3791
2 3794 3801
2 3795 3799
2 3795 3802
2 3795 3848
2 3796 3800
2 3796 3803
2 3796 3849
2 3801 3852
2 3801 3853
2 3801 3854
2 3804 4201
2 3805 3847
2 3805 4202
2 3806 3810
2 3807 3811
2 3808 3809
2 3808 3818
2 3808 3857
2 3810 3812
2 3810 3814
2 3810 3816
2 3811 3813
2 3811 3815
2 3811 3817
2 3818 3819
2 3819 4172
2 3820 4227
2 3821 3823
2 3821 3825
2 3821 3860
2 3822 3824
2 3822 3826
2 3822 3861
2 3827 3859
2 3827 4205
2 3828 3833
2 3829 3834
2 3830 3832
2 3830 3841
2 3830 3844
2 3833 3835
2 3833 3837
2 3833 3839
2 3834 3836
2 3834 3838
2 3834 3840
2 3841 3843
2 3842 4153
2 3843 4154
2 3844 3846
2 3844 3847
2 3848 3850
2 3848 3855
2 3849 3851
2 3849 3856
2 3857 3858
2 3857 3859
2 3860 3864
2 3860 3866
2 3861 3865
2 3861 3867
2 3868 3871
2 3868 3877
2 3869 3873
2 3869 3878
2 3879 4111
2 3880 3901
2 3880 4112
2 3881 3883
2 3881 3885
2 3882 3884
2 3882 3886
2 3887 3914
2 3887 4097
2 3888 3889
2 3888 3890
2 3890 3891
2 3891 4100
2 3892 3894
2 3892 3901
2 3902 3906
2 3902 3908
2 3903 3907
2 3903 3909
2 3910 4088
2 3911 3924
2 3911 4089
2 3912 3913
2 3912 3914
2 3915 3917
2 3915 3919
2 3916 3918
2 3916 3920
2 3921 3923
2 3921 3924
2 3925 3931
2 3925 4201
2 3925 4230
2 3926 3932
2 3926 4202
2 3926 4231
2 3927 3929
2 3927 3931
2 3927 4197
2 3928 3930
2 3928 3932
2 3928 4198
2 3933 3939
2 3933 4141
2 3933 4212
2 3934 3940
2 3934 4142
2 3934 4213
2 3935 3937
2 3935 3939
2 3935 4137
2 3936 3938
2 3936 3940
2 3936 4138
2 3941 3944
2 3941 3948
2 3941 4205
2 3942 3943
2 3942 3948
2 3942 4203
2 3944 3945
2 3944 3946
2 3944 3947
2 3949 3961
2 3949 3977
2 3949 4193
2 3950 3962
2 3950 3978
2 3950 4194
2 3951 3963
2 3951 3979
2 3951 4195
2 3952 3964
2 3952 3980
2 3952 4196
2 3953 3957
2 3953 3977
2 3953 4185
2 3954 3958
2 3954 3978
2 3954 4186
2 3955 3959
2 3955 3979
2 3955 4187
2 3956 3960
2 3956 3980
2 3956 4188
2 3961 3965
2 3961 3969
2 3961 3973
2 3962 3966
2 3962 3970
2 3962 3974
2 3963 3967
2 3963 3971
2 3963 3975
2 3964 3968
2 3964 3972
2 3964 3976
2 3981 3993
2 3981 4009
2 3981 4163
2 3982 3994
2 3982 4010
2 3982 4164
2 3983 3995
2 3983 4011
2 3983 4165
2 3984 3996
2 3984 4012
2 3984 4166
2 3985 3989
2 3985 4009
2 3985 4155
2 3986 3990
2 3986 4010
2 3986 4156
2 3987 3991
2 3987 4011
2 3987 4157
2 3988 3992
2 3988 4012
2 3988 4158
2 3993 3997
2 3993 4001
2 3993 4005
2 3994 3998
2 3994 4002
2 3994 4006
2 3995 3999
2 3995 4003
2 3995 4007
2 3996 4000
2 3996 4004
2 3996 4008
2 4013 4016
2 4013 4017
2 4013 4172
2 4014 4015
2 4014 4017
2 4014 4167
2 4016 4169
2 4016 4170
2 4016 4171
2 4018 4024
2 4018 4026
2 4018 4183
2 4019 4025
2 4019 4027
2 4019 4184
2 4020 4022
2 4020 4026
2 4020 4173
2 4021 4023
2 4021 4027
2 4021 4174
2 4024 4177
2 4024 4179
2 4024 4181
2 4025 4178
2 4025 4180
2 4025 4182
2 4028 4034
2 4028 4036
2 4028 4153
2 4029 4035
2 4029 4037
2 4029 4154
2 4030 4032
2 4030 4036
2 4030 4143
2 4031 4033
2 4031 4037
2 4031 4144
2 4034 4147
2 4034 4149
2 4034 4151
2 4035 4148
2 4035 4150
2 4035 4152
2 4038 4044
2 4038 4046
2 4038 4111
2 4039 4045
2 4039 4047
2 4039 4112
2 4040 4042
2 4040 4046
2 4040 4101
2 4041 4043
2 4041 4047
2 4041 4102
2 4044 4105
2 4044 4107
2 4044 4109
2 4045 4106
2 4045 4108
2 4045 4110
2 4048 4060
2 4048 4076
2 4048 4121
2 4049 4061
2 4049 4077
2 4049 4122
2 4050 4062
2 4050 4078
2 4050 4123
2 4051 4063
2 4051 4079
2 4051 4124
2 4052 4056
2 4052 4076
2 4052 4113
2 4053 4057
2 4053 4077
2 4053 4114
2 4054 4058
2 4054 4078
2 4054 4115
2 4055 4059
2 4055 4079
2 4055 4116
2 4060 4064
2 4060 4068
2 4060 4072
2 4061 4065
2 4061 4069
2 4061 4073
2 4062 4066
2 4062 4070
2 4062 4074
2 4063 4067
2 4063 4071
2 4063 4075
2 4080 4086
2 4080 4088
2 4080 4135
2 4081 4087
2 4081 4089
2 4081 4136
2 4082 4084
2 4082 4088
2 4082 4125
2 4083 4085
2 4083 4089
2 4083 4126
2 4086 4129
2 4086 4131
2 4086 4133
2 4087 4130
2 4087 4132
2 4087 4134
2 4090 4093
2 4090 4097
2 4090 4100
2 4091 4092
2 4091 4097
2 4091 4098
2 4093 4094
2 4093 4095
2 4093 4096
2 4098 4099
2 4098 4100
2 4101 4103
2 4101 4111
2 4102 4104
2 4102 4112
2 4113 4117
2 4113 4121
2 4114 4118
2 4114 4122
2 4115 4119
2 4115 4123
2 4116 4120
2 4116 4124
2 4125 4127
2 4125 4135
2 4126 4128
2 4126 4136
2 4137 4139
2 4137 4141
2 4138 4140
2 4138 4142
2 4143 4145
2 4143 4153
2 4144 4146
2 4144 4154
2 4155 4159
2 4155 4163
2 4156 4160
2 4156 4164
2 4157 4161
2 4157 4165
2 4158 4162
2 4158 4166
2 4167 4168
2 4167 4172
2 4173 4175
2 4173 4183
2 4174 4176
2 4174 4184
2 4185 4189
2 4185 4193
2 4186 4190
2 4186 4194
2 4187 4191
2 4187 4195
2 4188 4192
2 4188 4196
2 4197 4199
2 4197 4201
2 4198 4200
2 4198 4202
2 4203 4204
2 4203 4205
2 4206 4208
2 4206 4210
2 4207 4209
2 4207 4211
2 4212 4214
2 4212 4216
2 4213 4215
2 4213 4217
2 4218 4220
2 4218 4222
2 4219 4221
2 4219 4223
2 4224 4225
2 4224 4226
2 4227 4228
2 4227 4229
2 4230 4232
2 4230 4234
2 4231 4233
2 4231 4235
