# vtk DataFile Version 1.0
Cube
ASCII

DATASET POLYDATA
POINTS 4236 float
6.406457 0.134229 10.584543
6.406457 34.116229 10.584543
6.261353 15.277288 11.681313
6.417501 14.593570 12.291289
6.961722 16.452725 11.601115
8.495500 0.000000 12.743250
8.495500 33.982000 12.743250
0.134229 10.584543 6.406457
34.116229 10.584543 6.406457
15.277288 10.729647 5.309687
14.593570 10.573499 4.699711
14.593570 10.573499 38.681711
1.452731 10.090955 6.900045
35.434731 10.090955 6.900045
16.452725 10.029278 5.389885
0.000000 8.495500 4.247750
0.000000 8.495500 38.229750
33.982000 8.495500 4.247750
33.982000 8.495500 38.229750
10.584543 16.856771 10.584543
10.729647 1.713712 11.681313
10.729647 35.695712 11.681313
10.573499 2.397430 12.291289
10.573499 36.379430 12.291289
10.029278 0.538275 11.601115
10.029278 34.520275 11.601115
16.856771 6.406457 6.406457
1.713712 6.261353 5.309687
35.695712 6.261353 5.309687
2.397430 6.417501 4.699711
2.397430 6.417501 38.681711
36.379430 6.417501 4.699711
36.379430 6.417501 38.681711
15.538270 6.900045 6.900045
15.635118 7.793772 7.233069
14.904505 6.894948 6.177928
15.225635 6.327448 7.603472
0.538275 6.961722 5.389885
34.520275 6.961722 5.389885
6.406457 16.856771 6.406457
6.261353 1.713712 5.309687
6.261353 35.695712 5.309687
6.417501 2.397430 4.699711
6.417501 2.397430 38.681711
6.417501 36.379430 4.699711
6.417501 36.379430 38.681711
6.900045 15.538270 6.900045
6.961722 0.538275 5.389885
6.961722 34.520275 5.389885
8.495500 0.000000 4.247750
8.495500 0.000000 38.229750
8.495500 33.982000 4.247750
8.495500 33.982000 38.229750
16.856771 10.584543 10.584543
1.713712 10.729647 11.681313
35.695712 10.729647 11.681313
2.397430 10.573499 12.291289
36.379430 10.573499 12.291289
15.538270 10.090955 10.090955
0.538275 10.029278 11.601115
34.520275 10.029278 11.601115
0.000000 8.495500 12.743250
33.982000 8.495500 12.743250
10.584543 0.134229 6.406457
10.584543 34.116229 6.406457
10.729647 15.277288 5.309687
10.573499 14.593570 4.699711
10.573499 14.593570 38.681711
10.090955 1.452731 6.900045
10.090955 35.434731 6.900045
9.197228 1.355882 7.233069
9.197228 35.337882 7.233069
10.096052 2.086495 6.177928
10.096052 36.068495 6.177928
10.663552 1.765365 7.603472
10.663552 35.747365 7.603472
10.029278 16.452725 5.389885
0.134229 6.406457 10.584543
34.116229 6.406457 10.584543
15.277288 6.261353 11.681313
14.593570 6.417501 12.291289
16.452725 6.961722 11.601115
10.584543 6.406457 0.134229
10.584543 6.406457 34.116229
11.681313 6.261353 15.277288
12.291289 6.417501 14.593570
10.090955 6.900045 1.452731
10.090955 6.900045 35.434731
11.601115 6.961722 16.452725
12.743250 8.495500 0.000000
12.743250 8.495500 33.982000
6.406457 6.406457 16.856771
6.261353 5.309687 1.713712
6.261353 5.309688 35.695712
6.417501 4.699711 2.397430
6.417501 4.699711 36.379430
6.417501 38.681711 2.397430
6.417501 38.681711 36.379430
6.900045 6.900045 15.538270
7.793772 7.233069 15.635118
6.894948 6.177928 14.904505
6.327448 7.603472 15.225635
6.961722 5.389885 0.538275
6.961722 5.389885 34.520275
8.495500 4.247750 0.000000
8.495500 4.247750 33.982000
8.495500 38.229750 0.000000
8.495500 38.229750 33.982000
6.406457 10.584543 0.134229
6.406457 10.584543 34.116229
5.309688 10.729647 15.277288
4.699711 10.573499 14.593570
38.681711 10.573499 14.593570
5.389885 10.029278 16.452725
4.247750 8.495500 0.000000
4.247750 8.495500 33.982000
38.229750 8.495500 0.000000
38.229750 8.495500 33.982000
10.584543 10.584543 16.856771
10.729647 11.681313 1.713712
10.729647 11.681313 35.695712
10.573499 12.291289 2.397430
10.573499 12.291289 36.379430
10.090955 10.090955 15.538270
9.197228 9.757931 15.635118
10.096052 10.813072 14.904505
10.663552 9.387528 15.225635
10.029278 11.601115 0.538275
10.029278 11.601115 34.520275
8.495500 12.743250 0.000000
8.495500 12.743250 33.982000
11.681313 10.729647 1.713712
11.681313 10.729647 35.695712
12.291289 10.573499 2.397430
12.291289 10.573499 36.379430
11.601115 10.029278 0.538275
11.601115 10.029278 34.520275
10.729647 5.309688 15.277288
10.573499 4.699711 14.593570
10.573499 38.681711 14.593570
9.197228 7.233069 1.355882
9.197228 7.233069 35.337882
10.096052 6.177928 2.086495
10.096052 6.177928 36.068495
10.663552 7.603472 1.765365
10.663552 7.603472 35.747365
10.029278 5.389885 16.452725
5.309687 6.261353 1.713712
5.309688 6.261353 35.695712
4.699711 6.417501 2.397430
4.699711 6.417501 36.379430
38.681711 6.417501 2.397430
38.681711 6.417501 36.379430
5.389885 6.961722 0.538275
5.389885 6.961722 34.520275
6.261353 11.681313 15.277288
6.417501 12.291289 14.593570
6.961722 11.601115 16.452725
15.277288 11.681313 6.261353
14.593570 12.291289 6.417501
1.355882 9.757931 7.793772
35.337882 9.757931 7.793772
2.086495 10.813072 6.894948
36.068495 10.813072 6.894948
1.765365 9.387527 6.327448
35.747365 9.387527 6.327448
16.452725 11.601115 6.961722
0.000000 12.743250 8.495500
33.982000 12.743250 8.495500
15.277288 5.309688 10.729647
14.593570 4.699711 10.573499
14.593570 38.681711 10.573499
16.452725 5.389885 10.029278
0.000000 4.247750 8.495500
0.000000 38.229750 8.495500
33.982000 4.247750 8.495500
33.982000 38.229750 8.495500
5.309687 1.713712 6.261353
5.309688 35.695712 6.261353
4.699711 2.397430 6.417501
4.699711 36.379430 6.417501
38.681711 2.397430 6.417501
38.681711 36.379430 6.417501
7.233069 15.635118 7.793772
6.177928 14.904505 6.894948
7.603472 15.225635 6.327448
5.389885 0.538275 6.961722
5.389885 34.520275 6.961722
4.247750 0.000000 8.495500
4.247750 33.982000 8.495500
38.229750 0.000000 8.495500
38.229750 33.982000 8.495500
1.713712 11.681313 10.729647
35.695712 11.681313 10.729647
2.397430 12.291289 10.573499
36.379430 12.291289 10.573499
15.635118 9.757931 9.197228
14.904505 10.813072 10.096052
15.225635 9.387527 10.663552
0.538275 11.601115 10.029278
34.520275 11.601115 10.029278
11.681313 15.277288 6.261353
12.291289 14.593570 6.417501
11.601115 16.452725 6.961722
12.743250 0.000000 8.495500
12.743250 33.982000 8.495500
1.713712 5.309687 6.261353
35.695712 5.309687 6.261353
2.397430 4.699711 6.417501
2.397430 38.681711 6.417501
36.379430 4.699711 6.417501
36.379430 38.681711 6.417501
0.538275 5.389885 6.961722
34.520275 5.389885 6.961722
5.309688 15.277288 10.729647
4.699711 14.593570 10.573499
38.681711 14.593570 10.573499
5.389885 16.452725 10.029278
11.681313 1.713712 10.729647
11.681313 35.695712 10.729647
12.291289 2.397430 10.573499
12.291289 36.379430 10.573499
11.601115 0.538275 10.029278
11.601115 34.520275 10.029278
14.901957 8.629729 2.089043
14.901957 8.629729 36.071043
14.756853 6.781788 3.185812
14.756853 6.781788 37.167812
14.913001 6.098070 3.795789
14.913001 6.098070 37.777789
15.395545 9.948230 1.595455
15.395545 9.948230 35.577455
16.289272 9.851382 1.262431
16.289272 9.851382 35.244431
15.390448 10.581995 2.317572
15.390448 10.581995 36.299572
14.822948 10.260865 0.892027
14.822948 10.260865 34.874028
15.457222 7.957225 3.105615
15.457222 7.957225 37.087615
8.629729 2.089043 14.901957
8.629729 36.071043 14.901957
6.781788 2.234147 13.805187
6.781788 36.216147 13.805187
6.098070 2.077999 13.195211
6.098070 36.059999 13.195211
9.948230 1.595455 15.395545
9.948230 35.577455 15.395545
7.957225 1.533778 13.885385
7.957225 35.515778 13.885385
2.089043 8.361271 2.089043
2.089043 8.361271 36.071043
36.071043 8.361271 2.089043
36.071043 8.361271 36.071043
2.234147 10.209212 3.185812
2.234147 10.209212 37.167812
36.216147 10.209212 3.185812
36.216147 10.209212 37.167812
2.077999 10.892930 3.795789
2.077999 10.892930 37.777789
36.059999 10.892930 3.795789
36.059999 10.892930 37.777789
1.595455 7.042769 1.595455
1.595455 7.042770 35.577455
35.577455 7.042769 1.595455
35.577455 7.042770 35.577455
0.701728 7.139618 1.262431
0.701728 7.139618 35.244431
34.683728 7.139618 1.262431
34.683728 7.139618 35.244431
1.600552 6.409005 2.317572
1.600552 6.409005 36.299572
35.582552 6.409005 2.317572
35.582552 6.409005 36.299572
2.168052 6.730135 0.892027
2.168052 6.730135 34.874028
36.150052 6.730135 0.892027
36.150052 6.730135 34.874028
1.533778 9.033775 3.105615
1.533778 9.033775 37.087615
35.515778 9.033775 3.105615
35.515778 9.033775 37.087615
8.361271 14.901957 14.901957
10.209212 14.756853 13.805187
10.892930 14.913001 13.195211
7.042770 15.395545 15.395545
7.139618 16.289272 15.728569
6.409005 15.390448 14.673428
6.730135 14.822948 16.098972
9.033775 15.457222 13.885385
14.901957 8.361271 14.901957
14.756853 10.209212 13.805187
14.913001 10.892930 13.195211
15.395545 7.042770 15.395545
16.289272 7.139618 15.728569
15.390448 6.409005 14.673428
14.822948 6.730135 16.098972
15.457222 9.033775 13.885385
8.361271 2.089043 2.089043
8.361271 2.089043 36.071043
8.361271 36.071043 2.089043
8.361271 36.071043 36.071043
10.209212 2.234147 3.185812
10.209212 2.234147 37.167812
10.209212 36.216147 3.185812
10.209212 36.216147 37.167812
10.892930 2.077999 3.795789
10.892930 2.077999 37.777789
10.892930 36.059999 3.795789
10.892930 36.059999 37.777789
7.042769 1.595455 1.595455
7.042770 1.595455 35.577455
7.042770 35.577455 1.595455
7.042770 35.577455 35.577455
9.033775 1.533778 3.105615
9.033775 1.533778 37.087615
9.033775 35.515778 3.105615
9.033775 35.515778 37.087615
2.089043 8.629729 14.901957
36.071043 8.629729 14.901957
2.234147 6.781788 13.805187
36.216147 6.781788 13.805187
2.077999 6.098070 13.195211
36.059999 6.098070 13.195211
1.595455 9.948230 15.395545
35.577455 9.948230 15.395545
1.533778 7.957225 13.885385
35.515778 7.957225 13.885385
8.629729 14.901957 2.089043
8.629729 14.901957 36.071043
6.781788 14.756853 3.185812
6.781788 14.756853 37.167812
6.098070 14.913001 3.795789
6.098070 14.913001 37.777789
9.948230 15.395545 1.595455
9.948230 15.395545 35.577455
7.957225 15.457222 3.105615
7.957225 15.457222 37.087615
2.089043 14.901957 8.629729
36.071043 14.901957 8.629729
3.185813 14.756853 6.781788
37.167812 14.756853 6.781788
3.795789 14.913001 6.098070
37.777789 14.913001 6.098070
1.595455 15.395545 9.948230
35.577455 15.395545 9.948230
3.105615 15.457222 7.957225
37.087615 15.457222 7.957225
14.901957 14.901957 8.361271
14.756853 13.805187 10.209212
14.913001 13.195211 10.892930
15.457222 13.885385 9.033775
14.901957 2.089043 8.629729
14.901957 36.071043 8.629729
13.805187 2.234147 6.781788
13.805187 36.216147 6.781788
13.195211 2.077999 6.098070
13.195211 36.059999 6.098070
13.885385 1.533778 7.957225
13.885385 35.515778 7.957225
2.089043 2.089043 8.361271
2.089043 36.071043 8.361271
36.071043 2.089043 8.361271
36.071043 36.071043 8.361271
2.234147 3.185813 10.209212
2.234147 37.167812 10.209212
36.216147 3.185813 10.209212
36.216147 37.167812 10.209212
2.077999 3.795789 10.892930
2.077999 37.777789 10.892930
36.059999 3.795789 10.892930
36.059999 37.777789 10.892930
1.595455 1.595455 7.042769
1.595455 35.577455 7.042769
35.577455 1.595455 7.042769
35.577455 35.577455 7.042769
0.701728 1.262431 7.139618
0.701728 35.244431 7.139618
34.683728 1.262431 7.139618
34.683728 35.244431 7.139618
1.600552 2.317572 6.409005
1.600552 36.299572 6.409005
35.582552 2.317572 6.409005
35.582552 36.299572 6.409005
2.168052 0.892028 6.730135
2.168052 34.874028 6.730135
36.150052 0.892028 6.730135
36.150052 34.874028 6.730135
1.533778 3.105615 9.033775
1.533778 37.087615 9.033775
35.515778 3.105615 9.033775
35.515778 37.087615 9.033775
3.185813 2.234147 10.209212
3.185813 36.216147 10.209212
37.167812 2.234147 10.209212
37.167812 36.216147 10.209212
3.795789 2.077999 10.892930
3.795789 36.059999 10.892930
37.777789 2.077999 10.892930
37.777789 36.059999 10.892930
3.105615 1.533778 9.033775
3.105615 35.515778 9.033775
37.087615 1.533778 9.033775
37.087615 35.515778 9.033775
2.234147 13.805187 6.781788
36.216147 13.805187 6.781788
2.077999 13.195211 6.098070
36.059999 13.195211 6.098070
0.701728 15.728569 9.851382
34.683728 15.728569 9.851382
1.600552 14.673428 10.581995
35.582552 14.673428 10.581995
2.168052 16.098972 10.260865
36.150052 16.098972 10.260865
1.533778 13.885385 7.957225
35.515778 13.885385 7.957225
13.805187 14.756853 10.209212
13.195211 14.913001 10.892930
13.885385 15.457222 9.033775
14.756853 3.185813 6.781788
14.756853 37.167812 6.781788
14.913001 3.795789 6.098070
14.913001 37.777789 6.098070
15.457222 3.105615 7.957225
15.457222 37.087615 7.957225
6.781788 3.185813 14.756853
6.781788 37.167812 14.756853
6.098070 3.795789 14.913001
6.098070 37.777789 14.913001
9.851382 1.262431 16.289272
9.851382 35.244431 16.289272
10.581995 2.317572 15.390448
10.581995 36.299572 15.390448
10.260865 0.892028 14.822948
10.260865 34.874028 14.822948
7.957225 3.105615 15.457222
7.957225 37.087615 15.457222
6.781788 13.805187 2.234147
6.781788 13.805187 36.216147
6.098070 13.195211 2.077999
6.098070 13.195211 36.059999
9.851382 15.728569 0.701728
9.851382 15.728569 34.683728
10.581995 14.673428 1.600552
10.581995 14.673428 35.582552
10.260865 16.098972 2.168052
10.260865 16.098973 36.150052
7.957225 13.885385 1.533778
7.957225 13.885385 35.515778
13.805187 10.209212 14.756853
13.195211 10.892930 14.913001
13.885385 9.033775 15.457222
10.209212 3.185812 2.234147
10.209212 3.185813 36.216147
10.209212 37.167812 2.234147
10.209212 37.167812 36.216147
10.892930 3.795789 2.077999
10.892930 3.795789 36.059999
10.892930 37.777789 2.077999
10.892930 37.777789 36.059999
7.139618 1.262431 0.701728
7.139618 1.262431 34.683728
7.139618 35.244431 0.701728
7.139618 35.244431 34.683728
6.409005 2.317572 1.600552
6.409005 2.317572 35.582552
6.409005 36.299572 1.600552
6.409005 36.299572 35.582552
6.730135 0.892028 2.168052
6.730135 0.892028 36.150052
6.730135 34.874028 2.168052
6.730135 34.874028 36.150052
9.033775 3.105615 1.533778
9.033775 3.105615 35.515778
9.033775 37.087615 1.533778
9.033775 37.087615 35.515778
3.185813 6.781788 14.756853
37.167812 6.781788 14.756853
3.795789 6.098070 14.913001
37.777789 6.098070 14.913001
1.262431 9.851382 16.289272
35.244431 9.851382 16.289272
2.317572 10.581995 15.390448
36.299572 10.581995 15.390448
0.892028 10.260865 14.822948
34.874028 10.260865 14.822948
3.105615 7.957225 15.457222
37.087615 7.957225 15.457222
10.209212 13.805187 14.756853
10.892930 13.195211 14.913001
9.033775 13.885385 15.457222
13.805187 6.781788 2.234147
13.805187 6.781788 36.216147
13.195211 6.098070 2.077999
13.195211 6.098070 36.059999
13.885385 7.957225 1.533778
13.885385 7.957225 35.515778
3.185813 10.209212 2.234147
3.185813 10.209212 36.216147
37.167812 10.209212 2.234147
37.167812 10.209212 36.216147
3.795789 10.892930 2.077999
3.795789 10.892930 36.059999
37.777789 10.892930 2.077999
37.777789 10.892930 36.059999
3.105615 9.033775 1.533778
3.105615 9.033775 35.515778
37.087615 9.033775 1.533778
37.087615 9.033775 35.515778
15.388306 1.602694 9.928893
15.388306 35.584694 9.928893
16.337197 2.147948 10.468002
16.337197 36.129948 10.468002
14.843052 0.653803 10.468002
14.843052 34.635803 10.468002
10.098194 15.557607 10.098194
10.885835 14.648088 9.896375
8.906915 15.388908 9.896375
6.892806 10.098194 1.433393
6.892806 10.098194 35.415393
7.841697 10.643448 1.972502
7.841697 10.643448 35.954502
6.347552 9.149303 1.972502
6.347552 9.149303 35.954502
1.433393 6.892806 10.098194
35.415393 6.892806 10.098194
1.602092 8.084085 9.896375
35.584092 8.084085 9.896375
2.342912 6.105165 9.896375
36.324912 6.105165 9.896375
15.388306 15.388306 7.062107
14.843052 16.337197 6.522998
16.337197 14.843052 6.522998
6.892806 1.433393 10.098194
6.892806 35.415393 10.098194
6.105165 2.342912 9.896375
6.105165 36.324912 9.896375
8.084085 1.602092 9.896375
8.084085 35.584092 9.896375
6.406457 0.134229 27.575543
6.406457 34.116229 27.575543
6.261353 15.277288 28.672313
6.417501 14.593570 -4.699711
6.417501 14.593570 29.282289
6.961722 16.452725 28.592115
8.495500 -0.000000 -4.247750
8.495500 0.000000 29.734250
8.495500 33.982000 -4.247750
8.495500 33.982000 29.734250
0.134229 10.584543 23.397457
34.116229 10.584543 23.397457
15.277288 10.729647 22.300687
14.593570 10.573499 21.690711
1.452731 10.090955 23.891045
35.434731 10.090955 23.891045
16.452725 10.029278 22.380885
0.000000 8.495500 21.238750
33.982000 8.495500 21.238750
10.584543 16.856771 27.575543
10.729647 1.713712 28.672313
10.729647 35.695712 28.672313
10.573499 2.397430 -4.699711
10.573499 2.397430 29.282289
10.573499 36.379430 -4.699711
10.573499 36.379430 29.282289
10.029278 0.538275 28.592115
10.029278 34.520275 28.592115
16.856771 6.406457 23.397457
1.713712 6.261353 22.300687
35.695712 6.261353 22.300687
2.397430 6.417501 21.690711
36.379430 6.417501 21.690711
15.538270 6.900045 23.891045
15.635118 7.793772 24.224069
14.904505 6.894948 23.168928
15.225635 6.327448 24.594472
0.538275 6.961722 22.380885
34.520275 6.961722 22.380885
6.406457 16.856771 23.397457
6.261353 1.713712 22.300687
6.261353 35.695712 22.300687
6.417501 2.397430 21.690711
6.417501 36.379430 21.690711
6.900045 15.538270 23.891045
6.961722 0.538275 22.380885
6.961722 34.520275 22.380885
8.495500 0.000000 21.238750
8.495500 33.982000 21.238750
16.856771 10.584543 27.575543
1.713712 10.729647 28.672313
35.695712 10.729647 28.672313
2.397430 10.573499 -4.699711
2.397430 10.573499 29.282289
36.379430 10.573499 -4.699711
36.379430 10.573499 29.282289
15.538270 10.090955 27.081955
0.538275 10.029278 28.592115
34.520275 10.029278 28.592115
0.000000 8.495500 -4.247750
0.000000 8.495500 29.734250
33.982000 8.495500 -4.247750
33.982000 8.495500 29.734250
10.584543 0.134229 23.397457
10.584543 34.116229 23.397457
10.729647 15.277288 22.300687
10.573499 14.593570 21.690711
10.090955 1.452731 23.891045
10.090955 35.434731 23.891045
9.197228 1.355882 24.224069
9.197228 35.337882 24.224069
10.096052 2.086495 23.168928
10.096052 36.068495 23.168928
10.663552 1.765365 24.594472
10.663552 35.747365 24.594472
10.029278 16.452725 22.380885
0.134229 6.406457 27.575543
34.116229 6.406457 27.575543
15.277288 6.261353 28.672313
14.593570 6.417501 -4.699711
14.593570 6.417501 29.282289
16.452725 6.961722 28.592115
10.584543 6.406457 17.125229
11.681313 6.261353 -1.713712
11.681313 6.261353 32.268288
12.291289 6.417501 -2.397430
12.291289 6.417501 31.584570
10.090955 6.900045 18.443730
11.601115 6.961722 -0.538275
11.601115 6.961722 33.443725
12.743250 8.495500 16.991000
6.406457 6.406457 -0.134229
6.406457 6.406457 33.847771
6.261353 5.309688 18.704712
6.417501 4.699711 19.388430
6.417501 38.681711 19.388430
6.900045 6.900045 -1.452731
6.900045 6.900045 32.529269
7.793772 7.233069 -1.355882
7.793772 7.233069 32.626118
6.894948 6.177928 -2.086495
6.894948 6.177928 31.895505
6.327448 7.603472 -1.765365
6.327448 7.603472 32.216635
6.961722 5.389885 17.529275
8.495500 4.247750 16.991000
8.495500 38.229750 16.991000
6.406457 10.584543 17.125229
5.309688 10.729647 -1.713712
5.309688 10.729647 32.268288
4.699711 10.573499 -2.397430
4.699711 10.573499 31.584570
38.681711 10.573499 -2.397430
38.681711 10.573499 31.584570
5.389885 10.029278 -0.538275
5.389885 10.029278 33.443725
4.247750 8.495500 16.991000
38.229750 8.495500 16.991000
10.584543 10.584543 -0.134229
10.584543 10.584543 33.847771
10.729647 11.681313 18.704712
10.573499 12.291289 19.388430
10.090955 10.090955 -1.452731
10.090955 10.090955 32.529269
9.197228 9.757931 -1.355882
9.197228 9.757931 32.626118
10.096052 10.813072 -2.086495
10.096052 10.813072 31.895505
10.663552 9.387527 -1.765365
10.663552 9.387527 32.216635
10.029278 11.601115 17.529275
8.495500 12.743250 16.991000
11.681313 10.729647 18.704712
12.291289 10.573499 19.388430
11.601115 10.029278 17.529275
10.729647 5.309687 -1.713712
10.729647 5.309688 32.268288
10.573499 4.699711 -2.397430
10.573499 4.699711 31.584570
10.573499 38.681711 -2.397430
10.573499 38.681711 31.584570
9.197228 7.233069 18.346882
10.096052 6.177928 19.077495
10.663552 7.603472 18.756365
10.029278 5.389885 -0.538275
10.029278 5.389885 33.443725
5.309688 6.261353 18.704712
4.699711 6.417501 19.388430
38.681711 6.417501 19.388430
5.389885 6.961722 17.529275
6.261353 11.681313 -1.713712
6.261353 11.681313 32.268288
6.417501 12.291289 -2.397430
6.417501 12.291289 31.584570
6.961722 11.601115 -0.538275
6.961722 11.601115 33.443725
15.277288 11.681313 23.252353
14.593570 12.291289 23.408501
1.355882 9.757931 24.784772
35.337882 9.757931 24.784772
2.086495 10.813072 23.885948
36.068495 10.813072 23.885948
1.765365 9.387527 23.318448
35.747365 9.387527 23.318448
16.452725 11.601115 23.952722
0.000000 12.743250 25.486500
33.982000 12.743250 25.486500
15.277288 5.309688 27.720647
14.593570 4.699711 27.564499
14.593570 38.681711 27.564499
16.452725 5.389885 27.020278
0.000000 4.247750 25.486500
0.000000 38.229750 25.486500
33.982000 4.247750 25.486500
33.982000 38.229750 25.486500
5.309688 1.713712 23.252353
5.309688 35.695712 23.252353
4.699711 2.397430 23.408501
4.699711 36.379430 23.408501
38.681711 2.397430 23.408501
38.681711 36.379430 23.408501
7.233069 15.635118 24.784772
6.177928 14.904505 23.885948
7.603472 15.225635 23.318448
5.389885 0.538275 23.952722
5.389885 34.520275 23.952722
4.247750 0.000000 25.486500
4.247750 33.982000 25.486500
38.229750 0.000000 25.486500
38.229750 33.982000 25.486500
1.713712 11.681313 27.720647
35.695712 11.681313 27.720647
2.397430 12.291289 27.564499
36.379430 12.291289 27.564499
15.635118 9.757931 26.188228
14.904505 10.813072 27.087052
15.225635 9.387527 27.654552
0.538275 11.601115 27.020278
34.520275 11.601115 27.020278
11.681313 15.277288 23.252353
12.291289 14.593570 23.408501
11.601115 16.452725 23.952722
12.743250 0.000000 25.486500
12.743250 33.982000 25.486500
1.713712 5.309688 23.252353
35.695712 5.309688 23.252353
2.397430 4.699711 23.408501
2.397430 38.681711 23.408501
36.379430 4.699711 23.408501
36.379430 38.681711 23.408501
0.538275 5.389885 23.952722
34.520275 5.389885 23.952722
5.309688 15.277288 27.720647
4.699711 14.593570 27.564499
38.681711 14.593570 27.564499
5.389885 16.452725 27.020278
11.681313 1.713712 27.720647
11.681313 35.695712 27.720647
12.291289 2.397430 27.564499
12.291289 36.379430 27.564499
11.601115 0.538275 27.020278
11.601115 34.520275 27.020278
14.901957 8.629729 19.080043
14.756853 6.781788 20.176813
14.913001 6.098070 20.786789
15.395545 9.948230 18.586455
16.289272 9.851382 18.253431
15.390448 10.581995 19.308572
14.822948 10.260865 17.883028
15.457222 7.957225 20.096615
8.629729 2.089043 -2.089043
8.629729 2.089043 31.892957
8.629729 36.071043 -2.089043
8.629729 36.071043 31.892957
6.781788 2.234147 -3.185813
6.781788 2.234147 30.796187
6.781788 36.216147 -3.185813
6.781788 36.216147 30.796187
6.098070 2.077999 -3.795789
6.098070 2.077999 30.186211
6.098070 36.059999 -3.795789
6.098070 36.059999 30.186211
9.948230 1.595455 -1.595455
9.948230 1.595455 32.386545
9.948230 35.577455 -1.595455
9.948230 35.577455 32.386545
7.957225 1.533778 -3.105615
7.957225 1.533778 30.876385
7.957225 35.515778 -3.105615
7.957225 35.515778 30.876385
2.089043 8.361271 19.080043
36.071043 8.361271 19.080043
2.234147 10.209212 20.176813
36.216147 10.209212 20.176813
2.077999 10.892930 20.786789
36.059999 10.892930 20.786789
1.595455 7.042770 18.586455
35.577455 7.042770 18.586455
0.701728 7.139618 18.253431
34.683728 7.139618 18.253431
1.600552 6.409005 19.308572
35.582552 6.409005 19.308572
2.168052 6.730135 17.883028
36.150052 6.730135 17.883028
1.533778 9.033775 20.096615
35.515778 9.033775 20.096615
8.361271 14.901957 -2.089043
8.361271 14.901957 31.892957
10.209212 14.756853 -3.185813
10.209212 14.756853 30.796187
10.892930 14.913001 -3.795789
10.892930 14.913001 30.186211
7.042770 15.395545 -1.595455
7.042770 15.395545 32.386545
7.139618 16.289272 -1.262431
7.139618 16.289272 32.719569
6.409005 15.390448 -2.317572
6.409005 15.390448 31.664428
6.730135 14.822948 -0.892028
6.730135 14.822948 33.089972
9.033775 15.457222 -3.105615
9.033775 15.457222 30.876385
14.901957 8.361271 -2.089043
14.901957 8.361271 31.892957
14.756853 10.209212 -3.185813
14.756853 10.209212 30.796187
14.913001 10.892930 -3.795789
14.913001 10.892930 30.186211
15.395545 7.042769 -1.595455
15.395545 7.042770 32.386545
16.289272 7.139618 -1.262431
16.289272 7.139618 32.719569
15.390448 6.409005 -2.317572
15.390448 6.409005 31.664428
14.822948 6.730135 -0.892028
14.822948 6.730135 33.089972
15.457222 9.033775 -3.105615
15.457222 9.033775 30.876385
8.361271 2.089043 19.080043
8.361271 36.071043 19.080043
10.209212 2.234147 20.176813
10.209212 36.216147 20.176813
10.892930 2.077999 20.786789
10.892930 36.059999 20.786789
7.042770 1.595455 18.586455
7.042770 35.577455 18.586455
9.033775 1.533778 20.096615
9.033775 35.515778 20.096615
2.089043 8.629729 -2.089043
2.089043 8.629729 31.892957
36.071043 8.629729 -2.089043
36.071043 8.629729 31.892957
2.234147 6.781788 -3.185813
2.234147 6.781788 30.796187
36.216147 6.781788 -3.185813
36.216147 6.781788 30.796187
2.077999 6.098070 -3.795789
2.077999 6.098070 30.186211
36.059999 6.098070 -3.795789
36.059999 6.098070 30.186211
1.595455 9.948230 -1.595455
1.595455 9.948230 32.386545
35.577455 9.948230 -1.595455
35.577455 9.948230 32.386545
1.533778 7.957225 -3.105615
1.533778 7.957225 30.876385
35.515778 7.957225 -3.105615
35.515778 7.957225 30.876385
8.629729 14.901957 19.080043
6.781788 14.756853 20.176813
6.098070 14.913001 20.786789
9.948230 15.395545 18.586455
7.957225 15.457222 20.096615
2.089043 14.901957 25.620729
36.071043 14.901957 25.620729
3.185813 14.756853 23.772788
37.167812 14.756853 23.772788
3.795789 14.913001 23.089070
37.777789 14.913001 23.089070
1.595455 15.395545 26.939230
35.577455 15.395545 26.939230
3.105615 15.457222 24.948225
37.087615 15.457222 24.948225
14.901957 14.901957 25.352271
14.756853 13.805187 27.200212
14.913001 13.195211 27.883930
15.457222 13.885385 26.024775
14.901957 2.089043 25.620729
14.901957 36.071043 25.620729
13.805187 2.234147 23.772788
13.805187 36.216147 23.772788
13.195211 2.077999 23.089070
13.195211 36.059999 23.089070
13.885385 1.533778 24.948225
13.885385 35.515778 24.948225
2.089043 2.089043 25.352271
2.089043 36.071043 25.352271
36.071043 2.089043 25.352271
36.071043 36.071043 25.352271
2.234147 3.185813 27.200212
2.234147 37.167812 27.200212
36.216147 3.185813 27.200212
36.216147 37.167812 27.200212
2.077999 3.795789 27.883930
2.077999 37.777789 27.883930
36.059999 3.795789 27.883930
36.059999 37.777789 27.883930
1.595455 1.595455 24.033769
1.595455 35.577455 24.033769
35.577455 1.595455 24.033769
35.577455 35.577455 24.033769
0.701728 1.262431 24.130618
0.701728 35.244431 24.130618
34.683728 1.262431 24.130618
34.683728 35.244431 24.130618
1.600552 2.317572 23.400005
1.600552 36.299572 23.400005
35.582552 2.317572 23.400005
35.582552 36.299572 23.400005
2.168052 0.892028 23.721135
2.168052 34.874028 23.721135
36.150052 0.892028 23.721135
36.150052 34.874028 23.721135
1.533778 3.105615 26.024775
1.533778 37.087615 26.024775
35.515778 3.105615 26.024775
35.515778 37.087615 26.024775
3.185813 2.234147 27.200212
3.185813 36.216147 27.200212
37.167812 2.234147 27.200212
37.167812 36.216147 27.200212
3.795789 2.077999 27.883930
3.795789 36.059999 27.883930
37.777789 2.077999 27.883930
37.777789 36.059999 27.883930
3.105615 1.533778 26.024775
3.105615 35.515778 26.024775
37.087615 1.533778 26.024775
37.087615 35.515778 26.024775
2.234147 13.805187 23.772788
36.216147 13.805187 23.772788
2.077999 13.195211 23.089070
36.059999 13.195211 23.089070
0.701728 15.728569 26.842382
34.683728 15.728569 26.842382
1.600552 14.673428 27.572995
35.582552 14.673428 27.572995
2.168052 16.098972 27.251865
36.150052 16.098972 27.251865
1.533778 13.885385 24.948225
35.515778 13.885385 24.948225
13.805187 14.756853 27.200212
13.195211 14.913001 27.883930
13.885385 15.457222 26.024775
14.756853 3.185813 23.772788
14.756853 37.167812 23.772788
14.913001 3.795789 23.089070
14.913001 37.777789 23.089070
15.457222 3.105615 24.948225
15.457222 37.087615 24.948225
6.781788 3.185812 -2.234147
6.781788 3.185813 31.747853
6.781788 37.167812 -2.234147
6.781788 37.167812 31.747853
6.098070 3.795789 -2.077999
6.098070 3.795789 31.904001
6.098070 37.777789 -2.077999
6.098070 37.777789 31.904001
9.851382 1.262431 -0.701728
9.851382 1.262431 33.280272
9.851382 35.244431 -0.701728
9.851382 35.244431 33.280272
10.581995 2.317572 -1.600552
10.581995 2.317572 32.381448
10.581995 36.299572 -1.600552
10.581995 36.299572 32.381448
10.260865 0.892027 -2.168052
10.260865 0.892028 31.813948
10.260865 34.874028 -2.168052
10.260865 34.874028 31.813948
7.957225 3.105615 -1.533778
7.957225 3.105615 32.448222
7.957225 37.087615 -1.533778
7.957225 37.087615 32.448222
6.781788 13.805187 19.225147
6.098070 13.195211 19.068999
9.851382 15.728569 17.692728
10.581995 14.673428 18.591552
10.260865 16.098972 19.159052
7.957225 13.885385 18.524778
13.805187 10.209212 -2.234147
13.805187 10.209212 31.747853
13.195211 10.892930 -2.077999
13.195211 10.892930 31.904001
13.885385 9.033775 -1.533778
13.885385 9.033775 32.448222
10.209212 3.185813 19.225147
10.209212 37.167812 19.225147
10.892930 3.795789 19.068999
10.892930 37.777789 19.068999
7.139618 1.262431 17.692728
7.139618 35.244431 17.692728
6.409005 2.317572 18.591552
6.409005 36.299572 18.591552
6.730135 0.892028 19.159052
6.730135 34.874028 19.159052
9.033775 3.105615 18.524778
9.033775 37.087615 18.524778
3.185812 6.781788 -2.234147
3.185813 6.781788 31.747853
37.167812 6.781788 -2.234147
37.167812 6.781788 31.747853
3.795789 6.098070 -2.077999
3.795789 6.098070 31.904001
37.777789 6.098070 -2.077999
37.777789 6.098070 31.904001
1.262431 9.851382 -0.701728
1.262431 9.851382 33.280272
35.244431 9.851382 -0.701728
35.244431 9.851382 33.280272
2.317572 10.581995 -1.600552
2.317572 10.581995 32.381448
36.299572 10.581995 -1.600552
36.299572 10.581995 32.381448
0.892028 10.260865 -2.168052
0.892028 10.260865 31.813948
34.874028 10.260865 -2.168052
34.874028 10.260865 31.813948
3.105615 7.957225 -1.533778
3.105615 7.957225 32.448222
37.087615 7.957225 -1.533778
37.087615 7.957225 32.448222
10.209212 13.805187 -2.234147
10.209212 13.805187 31.747853
10.892930 13.195211 -2.077999
10.892930 13.195211 31.904001
9.033775 13.885385 -1.533778
9.033775 13.885385 32.448222
13.805187 6.781788 19.225147
13.195211 6.098070 19.068999
13.885385 7.957225 18.524778
3.185813 10.209212 19.225147
37.167812 10.209212 19.225147
3.795789 10.892930 19.068999
37.777789 10.892930 19.068999
3.105615 9.033775 18.524778
37.087615 9.033775 18.524778
15.388306 1.602694 26.919893
15.388306 35.584694 26.919893
16.337197 2.147948 27.459002
16.337197 36.129948 27.459002
14.843052 0.653803 27.459002
14.843052 34.635803 27.459002
10.098194 15.557607 27.089194
10.885835 14.648088 26.887375
8.906915 15.388908 26.887375
6.892806 10.098194 18.424393
7.841697 10.643448 18.963502
6.347552 9.149303 18.963502
1.433393 6.892806 27.089194
35.415393 6.892806 27.089194
1.602092 8.084085 26.887375
35.584092 8.084085 26.887375
2.342912 6.105165 26.887375
36.324912 6.105165 26.887375
15.388306 15.388306 24.053107
14.843052 16.337197 23.513998
16.337197 14.843052 23.513998
6.892806 1.433393 27.089194
6.892806 35.415393 27.089194
6.105165 2.342912 26.887375
6.105165 36.324912 26.887375
8.084085 1.602092 26.887375
8.084085 35.584092 26.887375
6.406457 17.125229 10.584543
6.261353 -1.713712 11.681313
6.261353 32.268288 11.681313
6.417501 -2.397430 12.291289
6.417501 31.584570 12.291289
6.961722 -0.538275 11.601115
6.961722 33.443725 11.601115
8.495500 16.991000 12.743250
0.134229 27.575543 6.406457
34.116229 27.575543 6.406457
15.277288 27.720647 5.309687
14.593570 27.564499 4.699711
14.593570 27.564499 38.681711
1.452731 27.081955 6.900045
35.434731 27.081955 6.900045
16.452725 27.020278 5.389885
0.000000 25.486500 4.247750
0.000000 25.486500 38.229750
33.982000 25.486500 4.247750
33.982000 25.486500 38.229750
10.584543 -0.134229 10.584543
10.584543 33.847771 10.584543
10.729647 18.704712 11.681313
10.573499 19.388430 12.291289
10.029278 17.529275 11.601115
16.856771 23.397457 6.406457
1.713712 23.252353 5.309687
35.695712 23.252353 5.309687
2.397430 23.408501 4.699711
2.397430 23.408501 38.681711
36.379430 23.408501 4.699711
36.379430 23.408501 38.681711
15.538270 23.891045 6.900045
15.635118 24.784772 7.233069
14.904505 23.885948 6.177928
15.225635 23.318448 7.603472
0.538275 23.952722 5.389885
34.520275 23.952722 5.389885
6.406457 -0.134229 6.406457
6.406457 33.847771 6.406457
6.261353 18.704712 5.309687
6.417501 19.388430 4.699711
6.417501 19.388430 38.681711
6.900045 -1.452731 6.900045
6.900045 32.529269 6.900045
6.961722 17.529275 5.389885
8.495500 16.991000 4.247750
8.495500 16.991000 38.229750
16.856771 27.575543 10.584543
1.713712 27.720647 11.681313
35.695712 27.720647 11.681313
2.397430 27.564499 12.291289
36.379430 27.564499 12.291289
15.538270 27.081955 10.090955
0.538275 27.020278 11.601115
34.520275 27.020278 11.601115
0.000000 25.486500 12.743250
33.982000 25.486500 12.743250
10.584543 17.125229 6.406457
10.729647 -1.713712 5.309687
10.729647 32.268288 5.309687
10.573499 -2.397430 4.699711
10.573499 -2.397430 38.681711
10.573499 31.584570 4.699711
10.573499 31.584570 38.681711
10.090955 18.443730 6.900045
9.197228 18.346882 7.233069
10.096052 19.077495 6.177928
10.663552 18.756365 7.603472
10.029278 -0.538275 5.389885
10.029278 33.443725 5.389885
0.134229 23.397457 10.584543
34.116229 23.397457 10.584543
15.277288 23.252353 11.681313
14.593570 23.408501 12.291289
16.452725 23.952722 11.601115
10.584543 23.397457 0.134229
10.584543 23.397457 34.116229
11.681313 23.252353 15.277288
12.291289 23.408501 14.593570
10.090955 23.891045 1.452731
10.090955 23.891045 35.434731
11.601115 23.952722 16.452725
12.743250 25.486500 0.000000
12.743250 25.486500 33.982000
6.406457 23.397457 16.856771
6.261353 22.300687 1.713712
6.261353 22.300688 35.695712
6.417501 21.690711 2.397430
6.417501 21.690711 36.379430
6.900045 23.891045 15.538270
7.793772 24.224069 15.635118
6.894948 23.168928 14.904505
6.327448 24.594472 15.225635
6.961722 22.380885 0.538275
6.961722 22.380885 34.520275
8.495500 21.238750 0.000000
8.495500 21.238750 33.982000
6.406457 27.575543 0.134229
6.406457 27.575543 34.116229
5.309688 27.720647 15.277288
4.699711 27.564499 14.593570
38.681711 27.564499 14.593570
5.389885 27.020278 16.452725
4.247750 25.486500 0.000000
4.247750 25.486500 33.982000
38.229750 25.486500 0.000000
38.229750 25.486500 33.982000
10.584543 27.575543 16.856771
10.729647 28.672313 1.713712
10.729647 28.672313 35.695712
10.573499 -4.699711 2.397430
10.573499 -4.699711 36.379430
10.573499 29.282289 2.397430
10.573499 29.282289 36.379430
10.090955 27.081955 15.538270
9.197228 26.748931 15.635118
10.096052 27.804072 14.904505
10.663552 26.378528 15.225635
10.029278 28.592115 0.538275
10.029278 28.592115 34.520275
8.495500 -4.247750 0.000000
8.495500 -4.247750 33.982000
8.495500 29.734250 0.000000
8.495500 29.734250 33.982000
11.681313 27.720647 1.713712
11.681313 27.720647 35.695712
12.291289 27.564499 2.397430
12.291289 27.564499 36.379430
11.601115 27.020278 0.538275
11.601115 27.020278 34.520275
10.729647 22.300687 15.277288
10.573499 21.690711 14.593570
9.197228 24.224069 1.355882
9.197228 24.224069 35.337882
10.096052 23.168928 2.086495
10.096052 23.168928 36.068495
10.663552 24.594472 1.765365
10.663552 24.594472 35.747365
10.029278 22.380885 16.452725
5.309688 23.252353 1.713712
5.309688 23.252353 35.695712
4.699711 23.408501 2.397430
4.699711 23.408501 36.379430
38.681711 23.408501 2.397430
38.681711 23.408501 36.379430
5.389885 23.952722 0.538275
5.389885 23.952722 34.520275
6.261353 28.672313 15.277288
6.417501 -4.699711 14.593570
6.417501 29.282289 14.593570
6.961722 28.592115 16.452725
15.277288 28.672313 6.261353
14.593570 -4.699711 6.417501
14.593570 29.282289 6.417501
1.355882 26.748931 7.793772
35.337882 26.748931 7.793772
2.086495 27.804072 6.894948
36.068495 27.804072 6.894948
1.765365 26.378528 6.327448
35.747365 26.378528 6.327448
16.452725 28.592115 6.961722
0.000000 -4.247750 8.495500
0.000000 29.734250 8.495500
33.982000 -4.247750 8.495500
33.982000 29.734250 8.495500
15.277288 22.300687 10.729647
14.593570 21.690711 10.573499
16.452725 22.380885 10.029278
0.000000 21.238750 8.495500
33.982000 21.238750 8.495500
5.309688 18.704712 6.261353
4.699711 19.388430 6.417501
38.681711 19.388430 6.417501
7.233069 -1.355882 7.793772
7.233069 32.626118 7.793772
6.177928 -2.086495 6.894948
6.177928 31.895505 6.894948
7.603472 -1.765365 6.327448
7.603472 32.216635 6.327448
5.389885 17.529275 6.961722
4.247750 16.991000 8.495500
38.229750 16.991000 8.495500
1.713712 28.672313 10.729647
35.695712 28.672313 10.729647
2.397430 -4.699711 10.573499
2.397430 29.282289 10.573499
36.379430 -4.699711 10.573499
36.379430 29.282289 10.573499
15.635118 26.748931 9.197228
14.904505 27.804072 10.096052
15.225635 26.378528 10.663552
0.538275 28.592115 10.029278
34.520275 28.592115 10.029278
11.681313 -1.713712 6.261353
11.681313 32.268288 6.261353
12.291289 -2.397430 6.417501
12.291289 31.584570 6.417501
11.601115 -0.538275 6.961722
11.601115 33.443725 6.961722
12.743250 16.991000 8.495500
1.713712 22.300687 6.261353
35.695712 22.300687 6.261353
2.397430 21.690711 6.417501
36.379430 21.690711 6.417501
0.538275 22.380885 6.961722
34.520275 22.380885 6.961722
5.309688 -1.713712 10.729647
5.309688 32.268288 10.729647
4.699711 -2.397430 10.573499
4.699711 31.584570 10.573499
38.681711 -2.397430 10.573499
38.681711 31.584570 10.573499
5.389885 -0.538275 10.029278
5.389885 33.443725 10.029278
11.681313 18.704712 10.729647
12.291289 19.388430 10.573499
11.601115 17.529275 10.029278
14.901957 25.620729 2.089043
14.901957 25.620729 36.071043
14.756853 23.772788 3.185812
14.756853 23.772788 37.167812
14.913001 23.089070 3.795789
14.913001 23.089070 37.777789
15.395545 26.939230 1.595455
15.395545 26.939230 35.577455
16.289272 26.842382 1.262431
16.289272 26.842382 35.244431
15.390448 27.572995 2.317572
15.390448 27.572995 36.299572
14.822948 27.251865 0.892027
14.822948 27.251865 34.874028
15.457222 24.948225 3.105615
15.457222 24.948225 37.087615
8.629729 19.080043 14.901957
6.781788 19.225147 13.805187
6.098070 19.068999 13.195211
9.948230 18.586455 15.395545
7.957225 18.524778 13.885385
2.089043 25.352271 2.089043
2.089043 25.352271 36.071043
36.071043 25.352271 2.089043
36.071043 25.352271 36.071043
2.234147 27.200212 3.185812
2.234147 27.200212 37.167812
36.216147 27.200212 3.185812
36.216147 27.200212 37.167812
2.077999 27.883930 3.795789
2.077999 27.883930 37.777789
36.059999 27.883930 3.795789
36.059999 27.883930 37.777789
1.595455 24.033769 1.595455
1.595455 24.033770 35.577455
35.577455 24.033769 1.595455
35.577455 24.033770 35.577455
0.701728 24.130618 1.262431
0.701728 24.130618 35.244431
34.683728 24.130618 1.262431
34.683728 24.130618 35.244431
1.600552 23.400005 2.317572
1.600552 23.400005 36.299572
35.582552 23.400005 2.317572
35.582552 23.400005 36.299572
2.168052 23.721135 0.892027
2.168052 23.721135 34.874028
36.150052 23.721135 0.892027
36.150052 23.721135 34.874028
1.533778 26.024775 3.105615
1.533778 26.024775 37.087615
35.515778 26.024775 3.105615
35.515778 26.024775 37.087615
8.361271 -2.089043 14.901957
8.361271 31.892957 14.901957
10.209212 -2.234147 13.805187
10.209212 31.747853 13.805187
10.892930 -2.077999 13.195211
10.892930 31.904001 13.195211
7.042770 -1.595455 15.395545
7.042770 32.386545 15.395545
7.139618 -0.701728 15.728569
7.139618 33.280272 15.728569
6.409005 -1.600552 14.673428
6.409005 32.381448 14.673428
6.730135 -2.168052 16.098972
6.730135 31.813948 16.098972
9.033775 -1.533778 13.885385
9.033775 32.448222 13.885385
14.901957 25.352271 14.901957
14.756853 27.200212 13.805187
14.913001 27.883930 13.195211
15.395545 24.033769 15.395545
16.289272 24.130618 15.728569
15.390448 23.400005 14.673428
14.822948 23.721135 16.098972
15.457222 26.024775 13.885385
8.361271 19.080043 2.089043
8.361271 19.080043 36.071043
10.209212 19.225147 3.185812
10.209212 19.225147 37.167812
10.892930 19.068999 3.795789
10.892930 19.068999 37.777789
7.042770 18.586455 1.595455
7.042770 18.586455 35.577455
9.033775 18.524778 3.105615
9.033775 18.524778 37.087615
2.089043 25.620729 14.901957
36.071043 25.620729 14.901957
2.234147 23.772788 13.805187
36.216147 23.772788 13.805187
2.077999 23.089070 13.195211
36.059999 23.089070 13.195211
1.595455 26.939230 15.395545
35.577455 26.939230 15.395545
1.533778 24.948225 13.885385
35.515778 24.948225 13.885385
8.629729 -2.089043 2.089043
8.629729 -2.089043 36.071043
8.629729 31.892957 2.089043
8.629729 31.892957 36.071043
6.781788 -2.234147 3.185812
6.781788 -2.234147 37.167812
6.781788 31.747853 3.185812
6.781788 31.747853 37.167812
6.098070 -2.077999 3.795789
6.098070 -2.077999 37.777789
6.098070 31.904001 3.795789
6.098070 31.904001 37.777789
9.948230 -1.595455 1.595455
9.948230 -1.595455 35.577455
9.948230 32.386545 1.595455
9.948230 32.386545 35.577455
7.957225 -1.533778 3.105615
7.957225 -1.533778 37.087615
7.957225 32.448222 3.105615
7.957225 32.448222 37.087615
2.089043 -2.089043 8.629729
2.089043 31.892957 8.629729
36.071043 -2.089043 8.629729
36.071043 31.892957 8.629729
3.185812 -2.234147 6.781788
3.185813 31.747853 6.781788
37.167812 -2.234147 6.781788
37.167812 31.747853 6.781788
3.795789 -2.077999 6.098070
3.795789 31.904001 6.098070
37.777789 -2.077999 6.098070
37.777789 31.904001 6.098070
1.595455 -1.595455 9.948230
1.595455 32.386545 9.948230
35.577455 -1.595455 9.948230
35.577455 32.386545 9.948230
3.105615 -1.533778 7.957225
3.105615 32.448222 7.957225
37.087615 -1.533778 7.957225
37.087615 32.448222 7.957225
14.901957 -2.089043 8.361271
14.901957 31.892957 8.361271
14.756853 -3.185813 10.209212
14.756853 30.796187 10.209212
14.913001 -3.795789 10.892930
14.913001 30.186211 10.892930
15.457222 -3.105615 9.033775
15.457222 30.876385 9.033775
14.901957 19.080043 8.629729
13.805187 19.225147 6.781788
13.195211 19.068999 6.098070
13.885385 18.524778 7.957225
2.089043 19.080043 8.361271
36.071043 19.080043 8.361271
2.234147 20.176813 10.209212
36.216147 20.176813 10.209212
2.077999 20.786789 10.892930
36.059999 20.786789 10.892930
1.595455 18.586455 7.042769
35.577455 18.586455 7.042769
0.701728 18.253431 7.139618
34.683728 18.253431 7.139618
1.600552 19.308572 6.409005
35.582552 19.308572 6.409005
2.168052 17.883028 6.730135
36.150052 17.883028 6.730135
1.533778 20.096615 9.033775
35.515778 20.096615 9.033775
3.185813 19.225147 10.209212
37.167812 19.225147 10.209212
3.795789 19.068999 10.892930
37.777789 19.068999 10.892930
3.105615 18.524778 9.033775
37.087615 18.524778 9.033775
2.234147 -3.185813 6.781788
2.234147 30.796187 6.781788
36.216147 -3.185813 6.781788
36.216147 30.796187 6.781788
2.077999 -3.795789 6.098070
2.077999 30.186211 6.098070
36.059999 -3.795789 6.098070
36.059999 30.186211 6.098070
0.701728 -1.262431 9.851382
0.701728 32.719569 9.851382
34.683728 -1.262431 9.851382
34.683728 32.719569 9.851382
1.600552 -2.317572 10.581995
1.600552 31.664428 10.581995
35.582552 -2.317572 10.581995
35.582552 31.664428 10.581995
2.168052 -0.892028 10.260865
2.168052 33.089972 10.260865
36.150052 -0.892028 10.260865
36.150052 33.089972 10.260865
1.533778 -3.105615 7.957225
1.533778 30.876385 7.957225
35.515778 -3.105615 7.957225
35.515778 30.876385 7.957225
13.805187 -2.234147 10.209212
13.805187 31.747853 10.209212
13.195211 -2.077999 10.892930
13.195211 31.904001 10.892930
13.885385 -1.533778 9.033775
13.885385 32.448222 9.033775
14.756853 20.176813 6.781788
14.913001 20.786789 6.098070
15.457222 20.096615 7.957225
6.781788 20.176813 14.756853
6.098070 20.786789 14.913001
9.851382 18.253431 16.289272
10.581995 19.308572 15.390448
10.260865 17.883028 14.822948
7.957225 20.096615 15.457222
6.781788 -3.185813 2.234147
6.781788 -3.185813 36.216147
6.781788 30.796187 2.234147
6.781788 30.796187 36.216147
6.098070 -3.795789 2.077999
6.098070 -3.795789 36.059999
6.098070 30.186211 2.077999
6.098070 30.186211 36.059999
9.851382 -1.262431 0.701728
9.851382 -1.262431 34.683728
9.851382 32.719569 0.701728
9.851382 32.719569 34.683728
10.581995 -2.317572 1.600552
10.581995 -2.317572 35.582552
10.581995 31.664428 1.600552
10.581995 31.664428 35.582552
10.260865 -0.892028 2.168052
10.260865 -0.892028 36.150052
10.260865 33.089972 2.168052
10.260865 33.089972 36.150052
7.957225 -3.105615 1.533778
7.957225 -3.105615 35.515778
7.957225 30.876385 1.533778
7.957225 30.876385 35.515778
13.805187 27.200212 14.756853
13.195211 27.883930 14.913001
13.885385 26.024775 15.457222
10.209212 20.176813 2.234147
10.209212 20.176813 36.216147
10.892930 20.786789 2.077999
10.892930 20.786789 36.059999
7.139618 18.253431 0.701728
7.139618 18.253431 34.683728
6.409005 19.308572 1.600552
6.409005 19.308572 35.582552
6.730135 17.883028 2.168052
6.730135 17.883028 36.150052
9.033775 20.096615 1.533778
9.033775 20.096615 35.515778
3.185813 23.772788 14.756853
37.167812 23.772788 14.756853
3.795789 23.089070 14.913001
37.777789 23.089070 14.913001
1.262431 26.842382 16.289272
35.244431 26.842382 16.289272
2.317572 27.572995 15.390448
36.299572 27.572995 15.390448
0.892028 27.251865 14.822948
34.874028 27.251865 14.822948
3.105615 24.948225 15.457222
37.087615 24.948225 15.457222
10.209212 -3.185813 14.756853
10.209212 30.796187 14.756853
10.892930 -3.795789 14.913001
10.892930 30.186211 14.913001
9.033775 -3.105615 15.457222
9.033775 30.876385 15.457222
13.805187 23.772788 2.234147
13.805187 23.772788 36.216147
13.195211 23.089070 2.077999
13.195211 23.089070 36.059999
13.885385 24.948225 1.533778
13.885385 24.948225 35.515778
3.185813 27.200212 2.234147
3.185813 27.200212 36.216147
37.167812 27.200212 2.234147
37.167812 27.200212 36.216147
3.795789 27.883930 2.077999
3.795789 27.883930 36.059999
37.777789 27.883930 2.077999
37.777789 27.883930 36.059999
3.105615 26.024775 1.533778
3.105615 26.024775 35.515778
37.087615 26.024775 1.533778
37.087615 26.024775 35.515778
15.388306 18.593694 9.928893
16.337197 19.138948 10.468002
14.843052 17.644803 10.468002
10.098194 -1.433393 10.098194
10.098194 32.548607 10.098194
10.885835 -2.342912 9.896375
10.885835 31.639088 9.896375
8.906915 -1.602092 9.896375
8.906915 32.379908 9.896375
6.892806 27.089194 1.433393
6.892806 27.089194 35.415393
7.841697 27.634448 1.972502
7.841697 27.634448 35.954502
6.347552 26.140303 1.972502
6.347552 26.140303 35.954502
1.433393 23.883806 10.098194
35.415393 23.883806 10.098194
1.602092 25.075085 9.896375
35.584092 25.075085 9.896375
2.342912 23.096165 9.896375
36.324912 23.096165 9.896375
15.388306 -1.602694 7.062107
15.388306 32.379306 7.062107
14.843052 -0.653803 6.522998
14.843052 33.328197 6.522998
16.337197 -2.147948 6.522998
16.337197 31.834052 6.522998
6.892806 18.424393 10.098194
6.105165 19.333912 9.896375
8.084085 18.593092 9.896375
6.406457 17.125229 27.575543
6.261353 -1.713712 28.672313
6.261353 32.268288 28.672313
6.417501 -2.397430 -4.699711
6.417501 -2.397430 29.282289
6.417501 31.584570 -4.699711
6.417501 31.584570 29.282289
6.961722 -0.538275 28.592115
6.961722 33.443725 28.592115
8.495500 16.991000 -4.247750
8.495500 16.991000 29.734250
0.134229 27.575543 23.397457
34.116229 27.575543 23.397457
15.277288 27.720647 22.300687
14.593570 27.564499 21.690711
1.452731 27.081955 23.891045
35.434731 27.081955 23.891045
16.452725 27.020278 22.380885
0.000000 25.486500 21.238750
33.982000 25.486500 21.238750
10.584543 -0.134229 27.575543
10.584543 33.847771 27.575543
10.729647 18.704712 28.672313
10.573499 19.388430 -4.699711
10.573499 19.388430 29.282289
10.029278 17.529275 28.592115
16.856771 23.397457 23.397457
1.713712 23.252353 22.300687
35.695712 23.252353 22.300687
2.397430 23.408501 21.690711
36.379430 23.408501 21.690711
15.538270 23.891045 23.891045
15.635118 24.784772 24.224069
14.904505 23.885948 23.168928
15.225635 23.318448 24.594472
0.538275 23.952722 22.380885
34.520275 23.952722 22.380885
6.406457 -0.134229 23.397457
6.406457 33.847771 23.397457
6.261353 18.704712 22.300687
6.417501 19.388430 21.690711
6.900045 -1.452731 23.891045
6.900045 32.529269 23.891045
6.961722 17.529275 22.380885
8.495500 16.991000 21.238750
16.856771 27.575543 27.575543
1.713712 27.720647 28.672313
35.695712 27.720647 28.672313
2.397430 27.564499 -4.699711
2.397430 27.564499 29.282289
36.379430 27.564499 -4.699711
36.379430 27.564499 29.282289
15.538270 27.081955 27.081955
0.538275 27.020278 28.592115
34.520275 27.020278 28.592115
0.000000 25.486500 -4.247750
0.000000 25.486500 29.734250
33.982000 25.486500 -4.247750
33.982000 25.486500 29.734250
10.584543 17.125229 23.397457
10.729647 -1.713712 22.300687
10.729647 32.268288 22.300687
10.573499 -2.397430 21.690711
10.573499 31.584570 21.690711
10.090955 18.443730 23.891045
9.197228 18.346882 24.224069
10.096052 19.077495 23.168928
10.663552 18.756365 24.594472
10.029278 -0.538275 22.380885
10.029278 33.443725 22.380885
0.134229 23.397457 27.575543
34.116229 23.397457 27.575543
15.277288 23.252353 28.672313
14.593570 23.408501 -4.699711
14.593570 23.408501 29.282289
16.452725 23.952722 28.592115
10.584543 23.397457 17.125229
11.681313 23.252353 -1.713712
11.681313 23.252353 32.268288
12.291289 23.408501 -2.397430
12.291289 23.408501 31.584570
10.090955 23.891045 18.443730
11.601115 23.952722 -0.538275
11.601115 23.952722 33.443725
12.743250 25.486500 16.991000
6.406457 23.397457 -0.134229
6.406457 23.397457 33.847771
6.261353 22.300687 18.704712
6.417501 21.690711 19.388430
6.900045 23.891045 -1.452731
6.900045 23.891045 32.529269
7.793772 24.224069 -1.355882
7.793772 24.224069 32.626118
6.894948 23.168928 -2.086495
6.894948 23.168928 31.895505
6.327448 24.594472 -1.765365
6.327448 24.594472 32.216635
6.961722 22.380885 17.529275
8.495500 21.238750 16.991000
6.406457 27.575543 17.125229
5.309688 27.720647 -1.713712
5.309688 27.720647 32.268288
4.699711 27.564499 -2.397430
4.699711 27.564499 31.584570
38.681711 27.564499 -2.397430
38.681711 27.564499 31.584570
5.389885 27.020278 -0.538275
5.389885 27.020278 33.443725
4.247750 25.486500 16.991000
38.229750 25.486500 16.991000
10.584543 27.575543 -0.134229
10.584543 27.575543 33.847771
10.729647 28.672313 18.704712
10.573499 -4.699711 19.388430
10.573499 29.282289 19.388430
10.090955 27.081955 -1.452731
10.090955 27.081955 32.529269
9.197228 26.748931 -1.355882
9.197228 26.748931 32.626118
10.096052 27.804072 -2.086495
10.096052 27.804072 31.895505
10.663552 26.378528 -1.765365
10.663552 26.378528 32.216635
10.029278 28.592115 17.529275
8.495500 -4.247750 16.991000
8.495500 29.734250 16.991000
11.681313 27.720647 18.704712
12.291289 27.564499 19.388430
11.601115 27.020278 17.529275
10.729647 22.300687 -1.713712
10.729647 22.300687 32.268288
10.573499 21.690711 -2.397430
10.573499 21.690711 31.584570
9.197228 24.224069 18.346882
10.096052 23.168928 19.077495
10.663552 24.594472 18.756365
10.029278 22.380885 -0.538275
10.029278 22.380885 33.443725
5.309688 23.252353 18.704712
4.699711 23.408501 19.388430
38.681711 23.408501 19.388430
5.389885 23.952722 17.529275
6.261353 28.672313 -1.713712
6.261353 28.672313 32.268288
6.417501 -4.699711 -2.397430
6.417501 -4.699711 31.584570
6.417501 29.282289 -2.397430
6.417501 29.282289 31.584570
6.961722 28.592115 -0.538275
6.961722 28.592115 33.443725
15.277288 28.672313 23.252353
14.593570 -4.699711 23.408501
14.593570 29.282289 23.408501
1.355882 26.748931 24.784772
35.337882 26.748931 24.784772
2.086495 27.804072 23.885948
36.068495 27.804072 23.885948
1.765365 26.378528 23.318448
35.747365 26.378528 23.318448
16.452725 28.592115 23.952722
0.000000 -4.247750 25.486500
0.000000 29.734250 25.486500
33.982000 -4.247750 25.486500
33.982000 29.734250 25.486500
15.277288 22.300687 27.720647
14.593570 21.690711 27.564499
16.452725 22.380885 27.020278
0.000000 21.238750 25.486500
33.982000 21.238750 25.486500
5.309688 18.704712 23.252353
4.699711 19.388430 23.408501
38.681711 19.388430 23.408501
7.233069 -1.355882 24.784772
7.233069 32.626118 24.784772
6.177928 -2.086495 23.885948
6.177928 31.895505 23.885948
7.603472 -1.765365 23.318448
7.603473 32.216635 23.318448
5.389885 17.529275 23.952722
4.247750 16.991000 25.486500
38.229750 16.991000 25.486500
1.713712 28.672313 27.720647
35.695712 28.672313 27.720647
2.397430 -4.699711 27.564499
2.397430 29.282289 27.564499
36.379430 -4.699711 27.564499
36.379430 29.282289 27.564499
15.635118 26.748931 26.188228
14.904505 27.804072 27.087052
15.225635 26.378528 27.654552
0.538275 28.592115 27.020278
34.520275 28.592115 27.020278
11.681313 -1.713712 23.252353
11.681313 32.268288 23.252353
12.291289 -2.397430 23.408501
12.291289 31.584570 23.408501
11.601115 -0.538275 23.952722
11.601115 33.443725 23.952722
12.743250 16.991000 25.486500
1.713712 22.300687 23.252353
35.695712 22.300687 23.252353
2.397430 21.690711 23.408501
36.379430 21.690711 23.408501
0.538275 22.380885 23.952722
34.520275 22.380885 23.952722
5.309688 -1.713712 27.720647
5.309688 32.268288 27.720647
4.699711 -2.397430 27.564499
4.699711 31.584570 27.564499
38.681711 -2.397430 27.564499
38.681711 31.584570 27.564499
5.389885 -0.538275 27.020278
5.389885 33.443725 27.020278
11.681313 18.704712 27.720647
12.291289 19.388430 27.564499
11.601115 17.529275 27.020278
14.901957 25.620729 19.080043
14.756853 23.772788 20.176813
14.913001 23.089070 20.786789
15.395545 26.939230 18.586455
16.289272 26.842382 18.253431
15.390448 27.572995 19.308572
14.822948 27.251865 17.883028
15.457222 24.948225 20.096615
8.629729 19.080043 -2.089043
8.629729 19.080043 31.892957
6.781788 19.225147 -3.185813
6.781788 19.225147 30.796187
6.098070 19.068999 -3.795789
6.098070 19.068999 30.186211
9.948230 18.586455 -1.595455
9.948230 18.586455 32.386545
7.957225 18.524778 -3.105615
7.957225 18.524778 30.876385
2.089043 25.352271 19.080043
36.071043 25.352271 19.080043
2.234147 27.200212 20.176813
36.216147 27.200212 20.176813
2.077999 27.883930 20.786789
36.059999 27.883930 20.786789
1.595455 24.033769 18.586455
35.577455 24.033769 18.586455
0.701728 24.130618 18.253431
34.683728 24.130618 18.253431
1.600552 23.400005 19.308572
35.582552 23.400005 19.308572
2.168052 23.721135 17.883028
36.150052 23.721135 17.883028
1.533778 26.024775 20.096615
35.515778 26.024775 20.096615
8.361271 -2.089043 -2.089043
8.361271 -2.089043 31.892957
8.361271 31.892957 -2.089043
8.361271 31.892957 31.892957
10.209212 -2.234147 -3.185813
10.209212 -2.234147 30.796187
10.209212 31.747853 -3.185813
10.209212 31.747853 30.796187
10.892930 -2.077999 -3.795789
10.892930 -2.077999 30.186211
10.892930 31.904001 -3.795789
10.892930 31.904001 30.186211
7.042769 -1.595455 -1.595455
7.042770 -1.595455 32.386545
7.042770 32.386545 -1.595455
7.042770 32.386545 32.386545
7.139618 -0.701728 -1.262431
7.139618 -0.701728 32.719569
7.139618 33.280272 -1.262431
7.139618 33.280272 32.719569
6.409005 -1.600552 -2.317572
6.409005 -1.600552 31.664428
6.409005 32.381448 -2.317572
6.409005 32.381448 31.664428
6.730135 -2.168052 -0.892028
6.730135 -2.168052 33.089972
6.730135 31.813948 -0.892028
6.730135 31.813948 33.089972
9.033775 -1.533778 -3.105615
9.033775 -1.533778 30.876385
9.033775 32.448222 -3.105615
9.033775 32.448222 30.876385
14.901957 25.352271 -2.089043
14.901957 25.352271 31.892957
14.756853 27.200212 -3.185813
14.756853 27.200212 30.796187
14.913001 27.883930 -3.795789
14.913001 27.883930 30.186211
15.395545 24.033769 -1.595455
15.395545 24.033770 32.386545
16.289272 24.130618 -1.262431
16.289272 24.130618 32.719569
15.390448 23.400005 -2.317572
15.390448 23.400005 31.664428
14.822948 23.721135 -0.892028
14.822948 23.721135 33.089972
15.457222 26.024775 -3.105615
15.457222 26.024775 30.876385
8.361271 19.080043 19.080043
10.209212 19.225147 20.176813
10.892930 19.068999 20.786789
7.042770 18.586455 18.586455
9.033775 18.524778 20.096615
2.089043 25.620729 -2.089043
2.089043 25.620729 31.892957
36.071043 25.620729 -2.089043
36.071043 25.620729 31.892957
2.234147 23.772788 -3.185813
2.234147 23.772788 30.796187
36.216147 23.772788 -3.185813
36.216147 23.772788 30.796187
2.077999 23.089070 -3.795789
2.077999 23.089070 30.186211
36.059999 23.089070 -3.795789
36.059999 23.089070 30.186211
1.595455 26.939230 -1.595455
1.595455 26.939230 32.386545
35.577455 26.939230 -1.595455
35.577455 26.939230 32.386545
1.533778 24.948225 -3.105615
1.533778 24.948225 30.876385
35.515778 24.948225 -3.105615
35.515778 24.948225 30.876385
8.629729 -2.089043 19.080043
8.629729 31.892957 19.080043
6.781788 -2.234147 20.176813
6.781788 31.747853 20.176813
6.098070 -2.077999 20.786789
6.098070 31.904001 20.786789
9.948230 -1.595455 18.586455
9.948230 32.386545 18.586455
7.957225 -1.533778 20.096615
7.957225 32.448222 20.096615
2.089043 -2.089043 25.620729
2.089043 31.892957 25.620729
36.071043 -2.089043 25.620729
36.071043 31.892957 25.620729
3.185813 -2.234147 23.772788
3.185813 31.747853 23.772788
37.167812 -2.234147 23.772788
37.167812 31.747853 23.772788
3.795789 -2.077999 23.089070
3.795789 31.904001 23.089070
37.777789 -2.077999 23.089070
37.777789 31.904001 23.089070
1.595455 -1.595455 26.939230
1.595455 32.386545 26.939230
35.577455 -1.595455 26.939230
35.577455 32.386545 26.939230
3.105615 -1.533778 24.948225
3.105615 32.448222 24.948225
37.087615 -1.533778 24.948225
37.087615 32.448222 24.948225
14.901957 -2.089043 25.352271
14.901957 31.892957 25.352271
14.756853 -3.185813 27.200212
14.756853 30.796187 27.200212
14.913001 -3.795789 27.883930
14.913001 30.186211 27.883930
15.457222 -3.105615 26.024775
15.457222 30.876385 26.024775
14.901957 19.080043 25.620729
13.805187 19.225147 23.772788
13.195211 19.068999 23.089070
13.885385 18.524778 24.948225
2.089043 19.080043 25.352271
36.071043 19.080043 25.352271
2.234147 20.176813 27.200212
36.216147 20.176813 27.200212
2.077999 20.786789 27.883930
36.059999 20.786789 27.883930
1.595455 18.586455 24.033769
35.577455 18.586455 24.033769
0.701728 18.253431 24.130618
34.683728 18.253431 24.130618
1.600552 19.308572 23.400005
35.582552 19.308572 23.400005
2.168052 17.883028 23.721135
36.150052 17.883028 23.721135
1.533778 20.096615 26.024775
35.515778 20.096615 26.024775
3.185813 19.225147 27.200212
37.167812 19.225147 27.200212
3.795789 19.068999 27.883930
37.777789 19.068999 27.883930
3.105615 18.524778 26.024775
37.087615 18.524778 26.024775
2.234147 -3.185813 23.772788
2.234147 30.796187 23.772788
36.216147 -3.185813 23.772788
36.216147 30.796187 23.772788
2.077999 -3.795789 23.089070
2.077999 30.186211 23.089070
36.059999 -3.795789 23.089070
36.059999 30.186211 23.089070
0.701728 -1.262431 26.842382
0.701728 32.719569 26.842382
34.683728 -1.262431 26.842382
34.683728 32.719569 26.842382
1.600552 -2.317572 27.572995
1.600552 31.664428 27.572995
35.582552 -2.317572 27.572995
35.582552 31.664428 27.572995
2.168052 -0.892028 27.251865
2.168052 33.089972 27.251865
36.150052 -0.892028 27.251865
36.150052 33.089972 27.251865
1.533778 -3.105615 24.948225
1.533778 30.876385 24.948225
35.515778 -3.105615 24.948225
35.515778 30.876385 24.948225
13.805187 -2.234147 27.200212
13.805187 31.747853 27.200212
13.195211 -2.077999 27.883930
13.195211 31.904001 27.883930
13.885385 -1.533778 26.024775
13.885385 32.448222 26.024775
14.756853 20.176813 23.772788
14.913001 20.786789 23.089070
15.457222 20.096615 24.948225
6.781788 20.176813 -2.234147
6.781788 20.176813 31.747853
6.098070 20.786789 -2.077999
6.098070 20.786789 31.904001
9.851382 18.253431 -0.701728
9.851382 18.253431 33.280272
10.581995 19.308572 -1.600552
10.581995 19.308572 32.381448
10.260865 17.883028 -2.168052
10.260865 17.883028 31.813948
7.957225 20.096615 -1.533778
7.957225 20.096615 32.448222
6.781788 -3.185813 19.225147
6.781788 30.796187 19.225147
6.098070 -3.795789 19.068999
6.098070 30.186211 19.068999
9.851382 -1.262431 17.692728
9.851382 32.719569 17.692728
10.581995 -2.317572 18.591552
10.581995 31.664428 18.591552
10.260865 -0.892028 19.159052
10.260865 33.089972 19.159052
7.957225 -3.105615 18.524778
7.957225 30.876385 18.524778
13.805187 27.200212 -2.234147
13.805187 27.200212 31.747853
13.195211 27.883930 -2.077999
13.195211 27.883930 31.904001
13.885385 26.024775 -1.533778
13.885385 26.024775 32.448222
10.209212 20.176813 19.225147
10.892930 20.786789 19.068999
7.139618 18.253431 17.692728
6.409005 19.308572 18.591552
6.730135 17.883028 19.159052
9.033775 20.096615 18.524778
3.185813 23.772788 -2.234147
3.185813 23.772788 31.747853
37.167812 23.772788 -2.234147
37.167812 23.772788 31.747853
3.795789 23.089070 -2.077999
3.795789 23.089070 31.904001
37.777789 23.089070 -2.077999
37.777789 23.089070 31.904001
1.262431 26.842382 -0.701728
1.262431 26.842382 33.280272
35.244431 26.842382 -0.701728
35.244431 26.842382 33.280272
2.317572 27.572995 -1.600552
2.317572 27.572995 32.381448
36.299572 27.572995 -1.600552
36.299572 27.572995 32.381448
0.892028 27.251865 -2.168052
0.892028 27.251865 31.813948
34.874028 27.251865 -2.168052
34.874028 27.251865 31.813948
3.105615 24.948225 -1.533778
3.105615 24.948225 32.448222
37.087615 24.948225 -1.533778
37.087615 24.948225 32.448222
10.209212 -3.185813 -2.234147
10.209212 -3.185813 31.747853
10.209212 30.796187 -2.234147
10.209212 30.796187 31.747853
10.892930 -3.795789 -2.077999
10.892930 -3.795789 31.904001
10.892930 30.186211 -2.077999
10.892930 30.186211 31.904001
9.033775 -3.105615 -1.533778
9.033775 -3.105615 32.448222
9.033775 30.876385 -1.533778
9.033775 30.876385 32.448222
13.805187 23.772788 19.225147
13.195211 23.089070 19.068999
13.885385 24.948225 18.524778
3.185813 27.200212 19.225147
37.167812 27.200212 19.225147
3.795789 27.883930 19.068999
37.777789 27.883930 19.068999
3.105615 26.024775 18.524778
37.087615 26.024775 18.524778
15.388306 18.593694 26.919893
16.337197 19.138948 27.459002
14.843052 17.644803 27.459002
10.098194 -1.433393 27.089194
10.098194 32.548607 27.089194
10.885835 -2.342912 26.887375
10.885835 31.639088 26.887375
8.906915 -1.602092 26.887375
8.906915 32.379908 26.887375
6.892806 27.089194 18.424393
7.841697 27.634448 18.963502
6.347552 26.140303 18.963502
1.433393 23.883806 27.089194
35.415393 23.883806 27.089194
1.602092 25.075085 26.887375
35.584092 25.075085 26.887375
2.342912 23.096165 26.887375
36.324912 23.096165 26.887375
15.388306 -1.602694 24.053107
15.388306 32.379306 24.053107
14.843052 -0.653803 23.513998
14.843052 33.328197 23.513998
16.337197 -2.147948 23.513998
16.337197 31.834052 23.513998
6.892806 18.424393 27.089194
6.105165 19.333912 26.887375
8.084085 18.593092 26.887375
23.397457 0.134229 10.584543
23.397457 34.116229 10.584543
23.252353 15.277288 11.681313
23.408501 14.593570 12.291289
23.952722 16.452725 11.601115
25.486500 0.000000 12.743250
25.486500 33.982000 12.743250
17.125229 10.584543 6.406457
-1.713712 10.729647 5.309687
32.268288 10.729647 5.309687
-2.397430 10.573499 4.699711
-2.397430 10.573499 38.681711
31.584570 10.573499 4.699711
31.584570 10.573499 38.681711
18.443730 10.090955 6.900045
-0.538275 10.029278 5.389885
33.443725 10.029278 5.389885
16.991000 8.495500 4.247750
16.991000 8.495500 38.229750
27.575543 16.856771 10.584543
27.720647 1.713712 11.681313
27.720647 35.695712 11.681313
27.564499 2.397430 12.291289
27.564499 36.379430 12.291289
27.020278 0.538275 11.601115
27.020278 34.520275 11.601115
-0.134229 6.406457 6.406457
33.847771 6.406457 6.406457
18.704712 6.261353 5.309687
19.388430 6.417501 4.699711
19.388430 6.417501 38.681711
-1.452731 6.900045 6.900045
32.529269 6.900045 6.900045
-1.355882 7.793772 7.233069
32.626118 7.793772 7.233069
-2.086495 6.894948 6.177928
31.895505 6.894948 6.177928
-1.765365 6.327448 7.603472
32.216635 6.327448 7.603472
17.529275 6.961722 5.389885
23.397457 16.856771 6.406457
23.252353 1.713712 5.309687
23.252353 35.695712 5.309687
23.408501 2.397430 4.699711
23.408501 2.397430 38.681711
23.408501 36.379430 4.699711
23.408501 36.379430 38.681711
23.891045 15.538270 6.900045
23.952722 0.538275 5.389885
23.952722 34.520275 5.389885
25.486500 0.000000 4.247750
25.486500 0.000000 38.229750
25.486500 33.982000 4.247750
25.486500 33.982000 38.229750
-0.134229 10.584543 10.584543
33.847771 10.584543 10.584543
18.704712 10.729647 11.681313
19.388430 10.573499 12.291289
-1.452731 10.090955 10.090955
32.529269 10.090955 10.090955
17.529275 10.029278 11.601115
16.991000 8.495500 12.743250
27.575543 0.134229 6.406457
27.575543 34.116229 6.406457
27.720647 15.277288 5.309687
27.564499 14.593570 4.699711
27.564499 14.593570 38.681711
27.081955 1.452731 6.900045
27.081955 35.434731 6.900045
26.188228 1.355882 7.233069
26.188228 35.337882 7.233069
27.087052 2.086495 6.177928
27.087052 36.068495 6.177928
27.654552 1.765365 7.603472
27.654552 35.747365 7.603472
27.020278 16.452725 5.389885
17.125229 6.406457 10.584543
-1.713712 6.261353 11.681313
32.268288 6.261353 11.681313
-2.397430 6.417501 12.291289
31.584570 6.417501 12.291289
-0.538275 6.961722 11.601115
33.443725 6.961722 11.601115
27.575543 6.406457 0.134229
27.575543 6.406457 34.116229
28.672313 6.261353 15.277288
-4.699711 6.417501 14.593570
29.282289 6.417501 14.593570
27.081955 6.900045 1.452731
27.081955 6.900045 35.434731
28.592115 6.961722 16.452725
-4.247750 8.495500 0.000000
-4.247750 8.495500 33.982000
29.734250 8.495500 0.000000
29.734250 8.495500 33.982000
23.397457 6.406457 16.856771
23.252353 5.309687 1.713712
23.252353 5.309688 35.695712
23.408501 4.699711 2.397430
23.408501 4.699711 36.379430
23.408501 38.681711 2.397430
23.408501 38.681711 36.379430
23.891045 6.900045 15.538270
24.784772 7.233069 15.635118
23.885948 6.177928 14.904505
23.318448 7.603472 15.225635
23.952722 5.389885 0.538275
23.952722 5.389885 34.520275
25.486500 4.247750 0.000000
25.486500 4.247750 33.982000
25.486500 38.229750 0.000000
25.486500 38.229750 33.982000
23.397457 10.584543 0.134229
23.397457 10.584543 34.116229
22.300687 10.729647 15.277288
21.690711 10.573499 14.593570
22.380885 10.029278 16.452725
21.238750 8.495500 0.000000
21.238750 8.495500 33.982000
27.575543 10.584543 16.856771
27.720647 11.681313 1.713712
27.720647 11.681313 35.695712
27.564499 12.291289 2.397430
27.564499 12.291289 36.379430
27.081955 10.090955 15.538270
26.188228 9.757931 15.635118
27.087052 10.813072 14.904505
27.654552 9.387528 15.225635
27.020278 11.601115 0.538275
27.020278 11.601115 34.520275
25.486500 12.743250 0.000000
25.486500 12.743250 33.982000
28.672313 10.729647 1.713712
28.672313 10.729647 35.695712
-4.699711 10.573499 2.397430
-4.699711 10.573499 36.379430
29.282289 10.573499 2.397430
29.282289 10.573499 36.379430
28.592115 10.029278 0.538275
28.592115 10.029278 34.520275
27.720647 5.309688 15.277288
27.564499 4.699711 14.593570
27.564499 38.681711 14.593570
26.188228 7.233069 1.355882
26.188228 7.233069 35.337882
27.087052 6.177928 2.086495
27.087052 6.177928 36.068495
27.654552 7.603472 1.765365
27.654552 7.603472 35.747365
27.020278 5.389885 16.452725
22.300687 6.261353 1.713712
22.300688 6.261353 35.695712
21.690711 6.417501 2.397430
21.690711 6.417501 36.379430
22.380885 6.961722 0.538275
22.380885 6.961722 34.520275
23.252353 11.681313 15.277288
23.408501 12.291289 14.593570
23.952722 11.601115 16.452725
-1.713712 11.681313 6.261353
32.268288 11.681313 6.261353
-2.397430 12.291289 6.417501
31.584570 12.291289 6.417501
18.346882 9.757931 7.793772
19.077495 10.813072 6.894948
18.756365 9.387527 6.327448
-0.538275 11.601115 6.961722
33.443725 11.601115 6.961722
16.991000 12.743250 8.495500
-1.713712 5.309688 10.729647
32.268288 5.309688 10.729647
-2.397430 4.699711 10.573499
-2.397430 38.681711 10.573499
31.584570 4.699711 10.573499
31.584570 38.681711 10.573499
-0.538275 5.389885 10.029278
33.443725 5.389885 10.029278
16.991000 4.247750 8.495500
16.991000 38.229750 8.495500
22.300687 1.713712 6.261353
22.300688 35.695712 6.261353
21.690711 2.397430 6.417501
21.690711 36.379430 6.417501
24.224069 15.635118 7.793772
23.168928 14.904505 6.894948
24.594472 15.225635 6.327448
22.380885 0.538275 6.961722
22.380885 34.520275 6.961722
21.238750 0.000000 8.495500
21.238750 33.982000 8.495500
18.704712 11.681313 10.729647
19.388430 12.291289 10.573499
-1.355882 9.757931 9.197228
32.626118 9.757931 9.197228
-2.086495 10.813072 10.096052
31.895505 10.813072 10.096052
-1.765365 9.387527 10.663552
32.216635 9.387527 10.663552
17.529275 11.601115 10.029278
28.672313 15.277288 6.261353
-4.699711 14.593570 6.417501
29.282289 14.593570 6.417501
28.592115 16.452725 6.961722
-4.247750 0.000000 8.495500
-4.247750 33.982000 8.495500
29.734250 0.000000 8.495500
29.734250 33.982000 8.495500
18.704712 5.309687 6.261353
19.388430 4.699711 6.417501
19.388430 38.681711 6.417501
17.529275 5.389885 6.961722
22.300687 15.277288 10.729647
21.690711 14.593570 10.573499
22.380885 16.452725 10.029278
28.672313 1.713712 10.729647
28.672313 35.695712 10.729647
-4.699711 2.397430 10.573499
-4.699711 36.379430 10.573499
29.282289 2.397430 10.573499
29.282289 36.379430 10.573499
28.592115 0.538275 10.029278
28.592115 34.520275 10.029278
-2.089043 8.629729 2.089043
-2.089043 8.629729 36.071043
31.892957 8.629729 2.089043
31.892957 8.629729 36.071043
-2.234147 6.781788 3.185812
-2.234147 6.781788 37.167812
31.747853 6.781788 3.185812
31.747853 6.781788 37.167812
-2.077999 6.098070 3.795789
-2.077999 6.098070 37.777789
31.904001 6.098070 3.795789
31.904001 6.098070 37.777789
-1.595455 9.948230 1.595455
-1.595455 9.948230 35.577455
32.386545 9.948230 1.595455
32.386545 9.948230 35.577455
-0.701728 9.851382 1.262431
-0.701728 9.851382 35.244431
33.280272 9.851382 1.262431
33.280272 9.851382 35.244431
-1.600552 10.581995 2.317572
-1.600552 10.581995 36.299572
32.381448 10.581995 2.317572
32.381448 10.581995 36.299572
-2.168052 10.260865 0.892027
-2.168052 10.260865 34.874028
31.813948 10.260865 0.892027
31.813948 10.260865 34.874028
-1.533778 7.957225 3.105615
-1.533778 7.957225 37.087615
32.448222 7.957225 3.105615
32.448222 7.957225 37.087615
25.620729 2.089043 14.901957
25.620729 36.071043 14.901957
23.772788 2.234147 13.805187
23.772788 36.216147 13.805187
23.089070 2.077999 13.195211
23.089070 36.059999 13.195211
26.939230 1.595455 15.395545
26.939230 35.577455 15.395545
24.948225 1.533778 13.885385
24.948225 35.515778 13.885385
19.080043 8.361271 2.089043
19.080043 8.361271 36.071043
19.225147 10.209212 3.185812
19.225147 10.209212 37.167812
19.068999 10.892930 3.795789
19.068999 10.892930 37.777789
18.586455 7.042769 1.595455
18.586455 7.042770 35.577455
17.692728 7.139618 1.262431
17.692728 7.139618 35.244431
18.591552 6.409005 2.317572
18.591552 6.409005 36.299572
19.159052 6.730135 0.892027
19.159052 6.730135 34.874028
18.524778 9.033775 3.105615
18.524778 9.033775 37.087615
25.352271 14.901957 14.901957
27.200212 14.756853 13.805187
27.883930 14.913001 13.195211
24.033769 15.395545 15.395545
24.130618 16.289272 15.728569
23.400005 15.390448 14.673428
23.721135 14.822948 16.098972
26.024775 15.457222 13.885385
-2.089043 8.361271 14.901957
31.892957 8.361271 14.901957
-2.234147 10.209212 13.805187
31.747853 10.209212 13.805187
-2.077999 10.892930 13.195211
31.904001 10.892930 13.195211
-1.595455 7.042770 15.395545
32.386545 7.042770 15.395545
-0.701728 7.139618 15.728569
33.280272 7.139618 15.728569
-1.600552 6.409005 14.673428
32.381448 6.409005 14.673428
-2.168052 6.730135 16.098972
31.813948 6.730135 16.098972
-1.533778 9.033775 13.885385
32.448222 9.033775 13.885385
25.352271 2.089043 2.089043
25.352271 2.089043 36.071043
25.352271 36.071043 2.089043
25.352271 36.071043 36.071043
27.200212 2.234147 3.185812
27.200212 2.234147 37.167812
27.200212 36.216147 3.185812
27.200212 36.216147 37.167812
27.883930 2.077999 3.795789
27.883930 2.077999 37.777789
27.883930 36.059999 3.795789
27.883930 36.059999 37.777789
24.033769 1.595455 1.595455
24.033770 1.595455 35.577455
24.033770 35.577455 1.595455
24.033770 35.577455 35.577455
26.024775 1.533778 3.105615
26.024775 1.533778 37.087615
26.024775 35.515778 3.105615
26.024775 35.515778 37.087615
19.080043 8.629729 14.901957
19.225147 6.781788 13.805187
19.068999 6.098070 13.195211
18.586455 9.948230 15.395545
18.524778 7.957225 13.885385
25.620729 14.901957 2.089043
25.620729 14.901957 36.071043
23.772788 14.756853 3.185812
23.772788 14.756853 37.167812
23.089070 14.913001 3.795789
23.089070 14.913001 37.777789
26.939230 15.395545 1.595455
26.939230 15.395545 35.577455
24.948225 15.457222 3.105615
24.948225 15.457222 37.087615
19.080043 14.901957 8.629729
20.176813 14.756853 6.781788
20.786789 14.913001 6.098070
18.586455 15.395545 9.948230
20.096615 15.457222 7.957225
-2.089043 14.901957 8.361271
31.892957 14.901957 8.361271
-2.234147 13.805187 10.209212
31.747853 13.805187 10.209212
-2.077999 13.195211 10.892930
31.904001 13.195211 10.892930
-1.533778 13.885385 9.033775
32.448222 13.885385 9.033775
-2.089043 2.089043 8.629729
-2.089043 36.071043 8.629729
31.892957 2.089043 8.629729
31.892957 36.071043 8.629729
-3.185813 2.234147 6.781788
-3.185813 36.216147 6.781788
30.796187 2.234147 6.781788
30.796187 36.216147 6.781788
-3.795789 2.077999 6.098070
-3.795789 36.059999 6.098070
30.186211 2.077999 6.098070
30.186211 36.059999 6.098070
-3.105615 1.533778 7.957225
-3.105615 35.515778 7.957225
30.876385 1.533778 7.957225
30.876385 35.515778 7.957225
19.080043 2.089043 8.361271
19.080043 36.071043 8.361271
19.225147 3.185813 10.209212
19.225147 37.167812 10.209212
19.068999 3.795789 10.892930
19.068999 37.777789 10.892930
18.586455 1.595455 7.042769
18.586455 35.577455 7.042769
17.692728 1.262431 7.139618
17.692728 35.244431 7.139618
18.591552 2.317572 6.409005
18.591552 36.299572 6.409005
19.159052 0.892028 6.730135
19.159052 34.874028 6.730135
18.524778 3.105615 9.033775
18.524778 37.087615 9.033775
20.176813 2.234147 10.209212
20.176813 36.216147 10.209212
20.786789 2.077999 10.892930
20.786789 36.059999 10.892930
20.096615 1.533778 9.033775
20.096615 35.515778 9.033775
19.225147 13.805187 6.781788
19.068999 13.195211 6.098070
17.692728 15.728569 9.851382
18.591552 14.673428 10.581995
19.159052 16.098972 10.260865
18.524778 13.885385 7.957225
-3.185813 14.756853 10.209212
30.796187 14.756853 10.209212
-3.795789 14.913001 10.892930
30.186211 14.913001 10.892930
-3.105615 15.457222 9.033775
30.876385 15.457222 9.033775
-2.234147 3.185813 6.781788
-2.234147 37.167812 6.781788
31.747853 3.185813 6.781788
31.747853 37.167812 6.781788
-2.077999 3.795789 6.098070
-2.077999 37.777789 6.098070
31.904001 3.795789 6.098070
31.904001 37.777789 6.098070
-1.533778 3.105615 7.957225
-1.533778 37.087615 7.957225
32.448222 3.105615 7.957225
32.448222 37.087615 7.957225
23.772788 3.185813 14.756853
23.772788 37.167812 14.756853
23.089070 3.795789 14.913001
23.089070 37.777789 14.913001
26.842382 1.262431 16.289272
26.842382 35.244431 16.289272
27.572995 2.317572 15.390448
27.572995 36.299572 15.390448
27.251865 0.892028 14.822948
27.251865 34.874028 14.822948
24.948225 3.105615 15.457222
24.948225 37.087615 15.457222
23.772788 13.805187 2.234147
23.772788 13.805187 36.216147
23.089070 13.195211 2.077999
23.089070 13.195211 36.059999
26.842382 15.728569 0.701728
26.842382 15.728569 34.683728
27.572995 14.673428 1.600552
27.572995 14.673428 35.582552
27.251865 16.098972 2.168052
27.251865 16.098973 36.150052
24.948225 13.885385 1.533778
24.948225 13.885385 35.515778
-3.185813 10.209212 14.756853
30.796187 10.209212 14.756853
-3.795789 10.892930 14.913001
30.186211 10.892930 14.913001
-3.105615 9.033775 15.457222
30.876385 9.033775 15.457222
27.200212 3.185812 2.234147
27.200212 3.185813 36.216147
27.200212 37.167812 2.234147
27.200212 37.167812 36.216147
27.883930 3.795789 2.077999
27.883930 3.795789 36.059999
27.883930 37.777789 2.077999
27.883930 37.777789 36.059999
24.130618 1.262431 0.701728
24.130618 1.262431 34.683728
24.130618 35.244431 0.701728
24.130618 35.244431 34.683728
23.400005 2.317572 1.600552
23.400005 2.317572 35.582552
23.400005 36.299572 1.600552
23.400005 36.299572 35.582552
23.721135 0.892028 2.168052
23.721135 0.892028 36.150052
23.721135 34.874028 2.168052
23.721135 34.874028 36.150052
26.024775 3.105615 1.533778
26.024775 3.105615 35.515778
26.024775 37.087615 1.533778
26.024775 37.087615 35.515778
20.176813 6.781788 14.756853
20.786789 6.098070 14.913001
18.253431 9.851382 16.289272
19.308572 10.581995 15.390448
17.883028 10.260865 14.822948
20.096615 7.957225 15.457222
27.200212 13.805187 14.756853
27.883930 13.195211 14.913001
26.024775 13.885385 15.457222
-3.185813 6.781788 2.234147
-3.185813 6.781788 36.216147
30.796187 6.781788 2.234147
30.796187 6.781788 36.216147
-3.795789 6.098070 2.077999
-3.795789 6.098070 36.059999
30.186211 6.098070 2.077999
30.186211 6.098070 36.059999
-3.105615 7.957225 1.533778
-3.105615 7.957225 35.515778
30.876385 7.957225 1.533778
30.876385 7.957225 35.515778
20.176813 10.209212 2.234147
20.176813 10.209212 36.216147
20.786789 10.892930 2.077999
20.786789 10.892930 36.059999
20.096615 9.033775 1.533778
20.096615 9.033775 35.515778
-1.602694 1.602694 9.928893
-1.602694 35.584694 9.928893
32.379306 1.602694 9.928893
32.379306 35.584694 9.928893
-0.653803 2.147948 10.468002
-0.653803 36.129948 10.468002
33.328197 2.147948 10.468002
33.328197 36.129948 10.468002
-2.147948 0.653803 10.468002
-2.147948 34.635803 10.468002
31.834052 0.653803 10.468002
31.834052 34.635803 10.468002
27.089194 15.557607 10.098194
27.876835 14.648088 9.896375
25.897915 15.388908 9.896375
23.883806 10.098194 1.433393
23.883806 10.098194 35.415393
24.832697 10.643448 1.972502
24.832697 10.643448 35.954502
23.338552 9.149303 1.972502
23.338552 9.149303 35.954502
18.424393 6.892806 10.098194
18.593092 8.084085 9.896375
19.333912 6.105165 9.896375
-1.602694 15.388306 7.062107
32.379306 15.388306 7.062107
-2.147948 16.337197 6.522998
31.834052 16.337197 6.522998
-0.653803 14.843052 6.522998
33.328197 14.843052 6.522998
23.883806 1.433393 10.098194
23.883806 35.415393 10.098194
23.096165 2.342912 9.896375
23.096165 36.324912 9.896375
25.075085 1.602092 9.896375
25.075085 35.584092 9.896375
23.397457 0.134229 27.575543
23.397457 34.116229 27.575543
23.252353 15.277288 28.672313
23.408501 14.593570 -4.699711
23.408501 14.593570 29.282289
23.952722 16.452725 28.592115
25.486500 -0.000000 -4.247750
25.486500 0.000000 29.734250
25.486500 33.982000 -4.247750
25.486500 33.982000 29.734250
17.125229 10.584543 23.397457
-1.713712 10.729647 22.300687
32.268288 10.729647 22.300687
-2.397430 10.573499 21.690711
31.584570 10.573499 21.690711
18.443730 10.090955 23.891045
-0.538275 10.029278 22.380885
33.443725 10.029278 22.380885
16.991000 8.495500 21.238750
27.575543 16.856771 27.575543
27.720647 1.713712 28.672313
27.720647 35.695712 28.672313
27.564499 2.397430 -4.699711
27.564499 2.397430 29.282289
27.564499 36.379430 -4.699711
27.564499 36.379430 29.282289
27.020278 0.538275 28.592115
27.020278 34.520275 28.592115
-0.134229 6.406457 23.397457
33.847771 6.406457 23.397457
18.704712 6.261353 22.300687
19.388430 6.417501 21.690711
-1.452731 6.900045 23.891045
32.529269 6.900045 23.891045
-1.355882 7.793772 24.224069
32.626118 7.793772 24.224069
-2.086495 6.894948 23.168928
31.895505 6.894948 23.168928
-1.765365 6.327448 24.594472
32.216635 6.327448 24.594472
17.529275 6.961722 22.380885
23.397457 16.856771 23.397457
23.252353 1.713712 22.300687
23.252353 35.695712 22.300687
23.408501 2.397430 21.690711
23.408501 36.379430 21.690711
23.891045 15.538270 23.891045
23.952722 0.538275 22.380885
23.952722 34.520275 22.380885
25.486500 0.000000 21.238750
25.486500 33.982000 21.238750
-0.134229 10.584543 27.575543
33.847771 10.584543 27.575543
18.704712 10.729647 28.672313
19.388430 10.573499 -4.699711
19.388430 10.573499 29.282289
-1.452730 10.090955 27.081955
32.529269 10.090955 27.081955
17.529275 10.029278 28.592115
16.991000 8.495500 -4.247750
16.991000 8.495500 29.734250
27.575543 0.134229 23.397457
27.575543 34.116229 23.397457
27.720647 15.277288 22.300687
27.564499 14.593570 21.690711
27.081955 1.452731 23.891045
27.081955 35.434731 23.891045
26.188228 1.355882 24.224069
26.188228 35.337882 24.224069
27.087052 2.086495 23.168928
27.087052 36.068495 23.168928
27.654552 1.765365 24.594472
27.654552 35.747365 24.594472
27.020278 16.452725 22.380885
17.125229 6.406457 27.575543
-1.713712 6.261353 28.672313
32.268288 6.261353 28.672313
-2.397430 6.417501 -4.699711
-2.397430 6.417501 29.282289
31.584570 6.417501 -4.699711
31.584570 6.417501 29.282289
-0.538275 6.961722 28.592115
33.443725 6.961722 28.592115
27.575543 6.406457 17.125229
28.672313 6.261353 -1.713712
28.672313 6.261353 32.268288
-4.699711 6.417501 -2.397430
-4.699711 6.417501 31.584570
29.282289 6.417501 -2.397430
29.282289 6.417501 31.584570
27.081955 6.900045 18.443730
28.592115 6.961722 -0.538275
28.592115 6.961722 33.443725
-4.247750 8.495500 16.991000
29.734250 8.495500 16.991000
23.397457 6.406457 -0.134229
23.397457 6.406457 33.847771
23.252353 5.309688 18.704712
23.408501 4.699711 19.388430
23.408501 38.681711 19.388430
23.891045 6.900045 -1.452731
23.891045 6.900045 32.529269
24.784772 7.233069 -1.355882
24.784772 7.233069 32.626118
23.885948 6.177928 -2.086495
23.885948 6.177928 31.895505
23.318448 7.603472 -1.765365
23.318448 7.603472 32.216635
23.952722 5.389885 17.529275
25.486500 4.247750 16.991000
25.486500 38.229750 16.991000
23.397457 10.584543 17.125229
22.300687 10.729647 -1.713712
22.300687 10.729647 32.268288
21.690711 10.573499 -2.397430
21.690711 10.573499 31.584570
22.380885 10.029278 -0.538275
22.380885 10.029278 33.443725
21.238750 8.495500 16.991000
27.575543 10.584543 -0.134229
27.575543 10.584543 33.847771
27.720647 11.681313 18.704712
27.564499 12.291289 19.388430
27.081955 10.090955 -1.452731
27.081955 10.090955 32.529269
26.188228 9.757931 -1.355882
26.188228 9.757931 32.626118
27.087052 10.813072 -2.086495
27.087052 10.813072 31.895505
27.654552 9.387527 -1.765365
27.654552 9.387527 32.216635
27.020278 11.601115 17.529275
25.486500 12.743250 16.991000
28.672313 10.729647 18.704712
-4.699711 10.573499 19.388430
29.282289 10.573499 19.388430
28.592115 10.029278 17.529275
27.720647 5.309687 -1.713712
27.720647 5.309688 32.268288
27.564499 4.699711 -2.397430
27.564499 4.699711 31.584570
27.564499 38.681711 -2.397430
27.564499 38.681711 31.584570
26.188228 7.233069 18.346882
27.087052 6.177928 19.077495
27.654552 7.603472 18.756365
27.020278 5.389885 -0.538275
27.020278 5.389885 33.443725
22.300687 6.261353 18.704712
21.690711 6.417501 19.388430
22.380885 6.961722 17.529275
23.252353 11.681313 -1.713712
23.252353 11.681313 32.268288
23.408501 12.291289 -2.397430
23.408501 12.291289 31.584570
23.952722 11.601115 -0.538275
23.952722 11.601115 33.443725
-1.713712 11.681313 23.252353
32.268288 11.681313 23.252353
-2.397430 12.291289 23.408501
31.584570 12.291289 23.408501
18.346882 9.757931 24.784772
19.077495 10.813072 23.885948
18.756365 9.387527 23.318448
-0.538275 11.601115 23.952722
33.443725 11.601115 23.952722
16.991000 12.743250 25.486500
-1.713712 5.309688 27.720647
32.268288 5.309688 27.720647
-2.397430 4.699711 27.564499
-2.397430 38.681711 27.564499
31.584570 4.699711 27.564499
31.584570 38.681711 27.564499
-0.538275 5.389885 27.020278
33.443725 5.389885 27.020278
16.991000 4.247750 25.486500
16.991000 38.229750 25.486500
22.300687 1.713712 23.252353
22.300688 35.695712 23.252353
21.690711 2.397430 23.408501
21.690711 36.379430 23.408501
24.224069 15.635118 24.784772
23.168928 14.904505 23.885948
24.594472 15.225635 23.318448
22.380885 0.538275 23.952722
22.380885 34.520275 23.952722
21.238750 0.000000 25.486500
21.238750 33.982000 25.486500
18.704712 11.681313 27.720647
19.388430 12.291289 27.564499
-1.355882 9.757931 26.188228
32.626118 9.757931 26.188228
-2.086495 10.813072 27.087052
31.895505 10.813072 27.087052
-1.765365 9.387527 27.654552
32.216635 9.387527 27.654552
17.529275 11.601115 27.020278
28.672313 15.277288 23.252353
-4.699711 14.593570 23.408501
29.282289 14.593570 23.408501
28.592115 16.452725 23.952722
-4.247750 0.000000 25.486500
-4.247750 33.982000 25.486500
29.734250 0.000000 25.486500
29.734250 33.982000 25.486500
18.704712 5.309688 23.252353
19.388430 4.699711 23.408501
19.388430 38.681711 23.408501
17.529275 5.389885 23.952722
22.300687 15.277288 27.720647
21.690711 14.593570 27.564499
22.380885 16.452725 27.020278
28.672313 1.713712 27.720647
28.672313 35.695712 27.720647
-4.699711 2.397430 27.564499
-4.699711 36.379430 27.564499
29.282289 2.397430 27.564499
29.282289 36.379430 27.564499
28.592115 0.538275 27.020278
28.592115 34.520275 27.020278
-2.089043 8.629729 19.080043
31.892957 8.629729 19.080043
-2.234147 6.781788 20.176813
31.747853 6.781788 20.176813
-2.077999 6.098070 20.786789
31.904001 6.098070 20.786789
-1.595455 9.948230 18.586455
32.386545 9.948230 18.586455
-0.701728 9.851382 18.253431
33.280272 9.851382 18.253431
-1.600552 10.581995 19.308572
32.381448 10.581995 19.308572
-2.168052 10.260865 17.883028
31.813948 10.260865 17.883028
-1.533778 7.957225 20.096615
32.448222 7.957225 20.096615
25.620729 2.089043 -2.089043
25.620729 2.089043 31.892957
25.620729 36.071043 -2.089043
25.620729 36.071043 31.892957
23.772788 2.234147 -3.185813
23.772788 2.234147 30.796187
23.772788 36.216147 -3.185813
23.772788 36.216147 30.796187
23.089070 2.077999 -3.795789
23.089070 2.077999 30.186211
23.089070 36.059999 -3.795789
23.089070 36.059999 30.186211
26.939230 1.595455 -1.595455
26.939230 1.595455 32.386545
26.939230 35.577455 -1.595455
26.939231 35.577455 32.386545
24.948225 1.533778 -3.105615
24.948225 1.533778 30.876385
24.948225 35.515778 -3.105615
24.948225 35.515778 30.876385
19.080043 8.361271 19.080043
19.225147 10.209212 20.176813
19.068999 10.892930 20.786789
18.586455 7.042770 18.586455
17.692728 7.139618 18.253431
18.591552 6.409005 19.308572
19.159052 6.730135 17.883028
18.524778 9.033775 20.096615
25.352271 14.901957 -2.089043
25.352271 14.901957 31.892957
27.200212 14.756853 -3.185813
27.200212 14.756853 30.796187
27.883930 14.913001 -3.795789
27.883930 14.913001 30.186211
24.033769 15.395545 -1.595455
24.033770 15.395545 32.386545
24.130618 16.289272 -1.262431
24.130618 16.289272 32.719569
23.400005 15.390448 -2.317572
23.400005 15.390448 31.664428
23.721135 14.822948 -0.892028
23.721135 14.822948 33.089972
26.024775 15.457222 -3.105615
26.024775 15.457222 30.876385
-2.089043 8.361271 -2.089043
-2.089043 8.361271 31.892957
31.892957 8.361271 -2.089043
31.892957 8.361271 31.892957
-2.234147 10.209212 -3.185813
-2.234147 10.209212 30.796187
31.747853 10.209212 -3.185813
31.747853 10.209212 30.796187
-2.077999 10.892930 -3.795789
-2.077999 10.892930 30.186211
31.904001 10.892930 -3.795789
31.904001 10.892930 30.186211
-1.595455 7.042769 -1.595455
-1.595455 7.042770 32.386545
32.386545 7.042769 -1.595455
32.386545 7.042770 32.386545
-0.701728 7.139618 -1.262431
-0.701728 7.139618 32.719569
33.280272 7.139618 -1.262431
33.280272 7.139618 32.719569
-1.600552 6.409005 -2.317572
-1.600552 6.409005 31.664428
32.381448 6.409005 -2.317572
32.381448 6.409005 31.664428
-2.168052 6.730135 -0.892028
-2.168052 6.730135 33.089972
31.813948 6.730135 -0.892028
31.813948 6.730135 33.089972
-1.533778 9.033775 -3.105615
-1.533778 9.033775 30.876385
32.448222 9.033775 -3.105615
32.448222 9.033775 30.876385
25.352271 2.089043 19.080043
25.352271 36.071043 19.080043
27.200212 2.234147 20.176813
27.200212 36.216147 20.176813
27.883930 2.077999 20.786789
27.883930 36.059999 20.786789
24.033769 1.595455 18.586455
24.033770 35.577455 18.586455
26.024775 1.533778 20.096615
26.024775 35.515778 20.096615
19.080043 8.629729 -2.089043
19.080043 8.629729 31.892957
19.225147 6.781788 -3.185813
19.225147 6.781788 30.796187
19.068999 6.098070 -3.795789
19.068999 6.098070 30.186211
18.586455 9.948230 -1.595455
18.586455 9.948230 32.386545
18.524778 7.957225 -3.105615
18.524778 7.957225 30.876385
25.620729 14.901957 19.080043
23.772788 14.756853 20.176813
23.089070 14.913001 20.786789
26.939230 15.395545 18.586455
24.948225 15.457222 20.096615
19.080043 14.901957 25.620729
20.176813 14.756853 23.772788
20.786789 14.913001 23.089070
18.586455 15.395545 26.939230
20.096615 15.457222 24.948225
-2.089043 14.901957 25.352271
31.892957 14.901957 25.352271
-2.234147 13.805187 27.200212
31.747853 13.805187 27.200212
-2.077999 13.195211 27.883930
31.904001 13.195211 27.883930
-1.533778 13.885385 26.024775
32.448222 13.885385 26.024775
-2.089043 2.089043 25.620729
-2.089043 36.071043 25.620729
31.892957 2.089043 25.620729
31.892957 36.071043 25.620729
-3.185813 2.234147 23.772788
-3.185812 36.216147 23.772788
30.796187 2.234147 23.772788
30.796187 36.216147 23.772788
-3.795789 2.077999 23.089070
-3.795789 36.059999 23.089070
30.186211 2.077999 23.089070
30.186211 36.059999 23.089070
-3.105615 1.533778 24.948225
-3.105615 35.515778 24.948225
30.876385 1.533778 24.948225
30.876385 35.515778 24.948225
19.080043 2.089043 25.352271
19.080043 36.071043 25.352271
19.225147 3.185813 27.200212
19.225147 37.167812 27.200212
19.068999 3.795789 27.883930
19.068999 37.777789 27.883930
18.586455 1.595455 24.033769
18.586455 35.577455 24.033769
17.692728 1.262431 24.130618
17.692728 35.244431 24.130618
18.591552 2.317572 23.400005
18.591552 36.299572 23.400005
19.159052 0.892028 23.721135
19.159052 34.874028 23.721135
18.524778 3.105615 26.024775
18.524778 37.087615 26.024775
20.176813 2.234147 27.200212
20.176813 36.216147 27.200212
20.786789 2.077999 27.883930
20.786789 36.059999 27.883930
20.096615 1.533778 26.024775
20.096615 35.515778 26.024775
19.225147 13.805187 23.772788
19.068999 13.195211 23.089070
17.692728 15.728569 26.842382
18.591552 14.673428 27.572995
19.159052 16.098972 27.251865
18.524778 13.885385 24.948225
-3.185813 14.756853 27.200212
30.796187 14.756853 27.200212
-3.795789 14.913001 27.883930
30.186211 14.913001 27.883930
-3.105615 15.457222 26.024775
30.876385 15.457222 26.024775
-2.234147 3.185813 23.772788
-2.234147 37.167812 23.772788
31.747853 3.185813 23.772788
31.747853 37.167812 23.772788
-2.077999 3.795789 23.089070
-2.077999 37.777789 23.089070
31.904001 3.795789 23.089070
31.904001 37.777789 23.089070
-1.533778 3.105615 24.948225
-1.533778 37.087615 24.948225
32.448222 3.105615 24.948225
32.448222 37.087615 24.948225
23.772788 3.185812 -2.234147
23.772788 3.185813 31.747853
23.772788 37.167812 -2.234147
23.772788 37.167812 31.747853
23.089070 3.795789 -2.077999
23.089070 3.795789 31.904001
23.089070 37.777789 -2.077999
23.089070 37.777789 31.904001
26.842382 1.262431 -0.701728
26.842382 1.262431 33.280272
26.842382 35.244431 -0.701728
26.842382 35.244431 33.280272
27.572995 2.317572 -1.600552
27.572995 2.317572 32.381448
27.572995 36.299572 -1.600552
27.572995 36.299572 32.381448
27.251865 0.892027 -2.168052
27.251865 0.892028 31.813948
27.251865 34.874028 -2.168052
27.251865 34.874028 31.813948
24.948225 3.105615 -1.533778
24.948225 3.105615 32.448222
24.948225 37.087615 -1.533778
24.948225 37.087615 32.448222
23.772788 13.805187 19.225147
23.089070 13.195211 19.068999
26.842382 15.728569 17.692728
27.572995 14.673428 18.591552
27.251865 16.098972 19.159052
24.948225 13.885385 18.524778
-3.185813 10.209212 -2.234147
-3.185813 10.209212 31.747853
30.796187 10.209212 -2.234147
30.796187 10.209212 31.747853
-3.795789 10.892930 -2.077999
-3.795789 10.892930 31.904001
30.186211 10.892930 -2.077999
30.186211 10.892930 31.904001
-3.105615 9.033775 -1.533778
-3.105615 9.033775 32.448222
30.876385 9.033775 -1.533778
30.876385 9.033775 32.448222
27.200212 3.185813 19.225147
27.200212 37.167812 19.225147
27.883930 3.795789 19.068999
27.883930 37.777789 19.068999
24.130618 1.262431 17.692728
24.130618 35.244431 17.692728
23.400005 2.317572 18.591552
23.400005 36.299572 18.591552
23.721135 0.892028 19.159052
23.721135 34.874028 19.159052
26.024775 3.105615 18.524778
26.024775 37.087615 18.524778
20.176813 6.781788 -2.234147
20.176813 6.781788 31.747853
20.786789 6.098070 -2.077999
20.786789 6.098070 31.904001
18.253431 9.851382 -0.701728
18.253431 9.851382 33.280272
19.308572 10.581995 -1.600552
19.308572 10.581995 32.381448
17.883028 10.260865 -2.168052
17.883028 10.260865 31.813948
20.096615 7.957225 -1.533778
20.096615 7.957225 32.448222
27.200212 13.805187 -2.234147
27.200212 13.805187 31.747853
27.883930 13.195211 -2.077999
27.883930 13.195211 31.904001
26.024775 13.885385 -1.533778
26.024775 13.885385 32.448222
-3.185813 6.781788 19.225147
30.796187 6.781788 19.225147
-3.795789 6.098070 19.068999
30.186211 6.098070 19.068999
-3.105615 7.957225 18.524778
30.876385 7.957225 18.524778
20.176813 10.209212 19.225147
20.786789 10.892930 19.068999
20.096615 9.033775 18.524778
-1.602694 1.602694 26.919893
-1.602694 35.584694 26.919893
32.379306 1.602694 26.919893
32.379306 35.584694 26.919893
-0.653803 2.147948 27.459002
-0.653803 36.129948 27.459002
33.328197 2.147948 27.459002
33.328197 36.129948 27.459002
-2.147948 0.653803 27.459002
-2.147948 34.635803 27.459002
31.834052 0.653803 27.459002
31.834052 34.635803 27.459002
27.089194 15.557607 27.089194
27.876835 14.648088 26.887375
25.897915 15.388908 26.887375
23.883806 10.098194 18.424393
24.832697 10.643448 18.963502
23.338552 9.149303 18.963502
18.424393 6.892806 27.089194
18.593092 8.084085 26.887375
19.333912 6.105165 26.887375
-1.602694 15.388306 24.053107
32.379306 15.388306 24.053107
-2.147948 16.337197 23.513998
31.834052 16.337197 23.513998
-0.653803 14.843052 23.513998
33.328197 14.843052 23.513998
23.883806 1.433393 27.089194
23.883806 35.415393 27.089194
23.096165 2.342912 26.887375
23.096165 36.324912 26.887375
25.075085 1.602092 26.887375
25.075085 35.584092 26.887375
23.397457 17.125229 10.584543
23.252353 -1.713712 11.681313
23.252353 32.268288 11.681313
23.408501 -2.397430 12.291289
23.408501 31.584570 12.291289
23.952722 -0.538275 11.601115
23.952722 33.443725 11.601115
25.486500 16.991000 12.743250
17.125229 27.575543 6.406457
-1.713712 27.720647 5.309687
32.268288 27.720647 5.309687
-2.397430 27.564499 4.699711
-2.397430 27.564499 38.681711
31.584570 27.564499 4.699711
31.584570 27.564499 38.681711
18.443730 27.081955 6.900045
-0.538275 27.020278 5.389885
33.443725 27.020278 5.389885
16.991000 25.486500 4.247750
16.991000 25.486500 38.229750
27.575543 -0.134229 10.584543
27.575543 33.847771 10.584543
27.720647 18.704712 11.681313
27.564499 19.388430 12.291289
27.020278 17.529275 11.601115
-0.134229 23.397457 6.406457
33.847771 23.397457 6.406457
18.704712 23.252353 5.309687
19.388430 23.408501 4.699711
19.388430 23.408501 38.681711
-1.452731 23.891045 6.900045
32.529269 23.891045 6.900045
-1.355882 24.784772 7.233069
32.626118 24.784772 7.233069
-2.086495 23.885948 6.177928
31.895505 23.885948 6.177928
-1.765365 23.318448 7.603472
32.216635 23.318448 7.603472
17.529275 23.952722 5.389885
23.397457 -0.134229 6.406457
23.397457 33.847771 6.406457
23.252353 18.704712 5.309687
23.408501 19.388430 4.699711
23.408501 19.388430 38.681711
23.891045 -1.452731 6.900045
23.891045 32.529269 6.900045
23.952722 17.529275 5.389885
25.486500 16.991000 4.247750
25.486500 16.991000 38.229750
-0.134229 27.575543 10.584543
33.847771 27.575543 10.584543
18.704712 27.720647 11.681313
19.388430 27.564499 12.291289
-1.452730 27.081955 10.090955
32.529269 27.081955 10.090955
17.529275 27.020278 11.601115
16.991000 25.486500 12.743250
27.575543 17.125229 6.406457
27.720647 -1.713712 5.309687
27.720647 32.268288 5.309687
27.564499 -2.397430 4.699711
27.564499 -2.397430 38.681711
27.564499 31.584570 4.699711
27.564499 31.584570 38.681711
27.081955 18.443730 6.900045
26.188228 18.346882 7.233069
27.087052 19.077495 6.177928
27.654552 18.756365 7.603472
27.020278 -0.538275 5.389885
27.020278 33.443725 5.389885
17.125229 23.397457 10.584543
-1.713712 23.252353 11.681313
32.268288 23.252353 11.681313
-2.397430 23.408501 12.291289
31.584570 23.408501 12.291289
-0.538275 23.952722 11.601115
33.443725 23.952722 11.601115
27.575543 23.397457 0.134229
27.575543 23.397457 34.116229
28.672313 23.252353 15.277288
-4.699711 23.408501 14.593570
29.282289 23.408501 14.593570
27.081955 23.891045 1.452731
27.081955 23.891045 35.434731
28.592115 23.952722 16.452725
-4.247750 25.486500 0.000000
-4.247750 25.486500 33.982000
29.734250 25.486500 0.000000
29.734250 25.486500 33.982000
23.397457 23.397457 16.856771
23.252353 22.300687 1.713712
23.252353 22.300688 35.695712
23.408501 21.690711 2.397430
23.408501 21.690711 36.379430
23.891045 23.891045 15.538270
24.784772 24.224069 15.635118
23.885948 23.168928 14.904505
23.318448 24.594472 15.225635
23.952722 22.380885 0.538275
23.952722 22.380885 34.520275
25.486500 21.238750 0.000000
25.486500 21.238750 33.982000
23.397457 27.575543 0.134229
23.397457 27.575543 34.116229
22.300687 27.720647 15.277288
21.690711 27.564499 14.593570
22.380885 27.020278 16.452725
21.238750 25.486500 0.000000
21.238750 25.486500 33.982000
27.575543 27.575543 16.856771
27.720647 28.672313 1.713712
27.720647 28.672313 35.695712
27.564499 -4.699711 2.397430
27.564499 -4.699711 36.379430
27.564499 29.282289 2.397430
27.564499 29.282289 36.379430
27.081955 27.081955 15.538270
26.188228 26.748931 15.635118
27.087052 27.804072 14.904505
27.654552 26.378528 15.225635
27.020278 28.592115 0.538275
27.020278 28.592115 34.520275
25.486500 -4.247750 0.000000
25.486500 -4.247750 33.982000
25.486500 29.734250 0.000000
25.486500 29.734250 33.982000
28.672313 27.720647 1.713712
28.672313 27.720647 35.695712
-4.699711 27.564499 2.397430
-4.699711 27.564499 36.379430
29.282289 27.564499 2.397430
29.282289 27.564499 36.379430
28.592115 27.020278 0.538275
28.592115 27.020278 34.520275
27.720647 22.300687 15.277288
27.564499 21.690711 14.593570
26.188228 24.224069 1.355882
26.188228 24.224069 35.337882
27.087052 23.168928 2.086495
27.087052 23.168928 36.068495
27.654552 24.594472 1.765365
27.654552 24.594472 35.747365
27.020278 22.380885 16.452725
22.300687 23.252353 1.713712
22.300688 23.252353 35.695712
21.690711 23.408501 2.397430
21.690711 23.408501 36.379430
22.380885 23.952722 0.538275
22.380885 23.952722 34.520275
23.252353 28.672313 15.277288
23.408501 -4.699711 14.593570
23.408501 29.282289 14.593570
23.952722 28.592115 16.452725
-1.713712 28.672313 6.261353
32.268288 28.672313 6.261353
-2.397430 -4.699711 6.417501
-2.397430 29.282289 6.417501
31.584570 -4.699711 6.417501
31.584570 29.282289 6.417501
18.346882 26.748931 7.793772
19.077495 27.804072 6.894948
18.756365 26.378528 6.327448
-0.538275 28.592115 6.961722
33.443725 28.592115 6.961722
16.991000 -4.247750 8.495500
16.991000 29.734250 8.495500
-1.713712 22.300687 10.729647
32.268288 22.300687 10.729647
-2.397430 21.690711 10.573499
31.584570 21.690711 10.573499
-0.538275 22.380885 10.029278
33.443725 22.380885 10.029278
16.991000 21.238750 8.495500
22.300687 18.704712 6.261353
21.690711 19.388430 6.417501
24.224069 -1.355882 7.793772
24.224069 32.626118 7.793772
23.168928 -2.086495 6.894948
23.168928 31.895505 6.894948
24.594472 -1.765365 6.327448
24.594472 32.216635 6.327448
22.380885 17.529275 6.961722
21.238750 16.991000 8.495500
18.704712 28.672313 10.729647
19.388430 -4.699711 10.573499
19.388430 29.282289 10.573499
-1.355882 26.748931 9.197228
32.626118 26.748931 9.197228
-2.086495 27.804072 10.096052
31.895505 27.804072 10.096052
-1.765365 26.378528 10.663552
32.216635 26.378528 10.663552
17.529275 28.592115 10.029278
28.672313 -1.713712 6.261353
28.672313 32.268288 6.261353
-4.699711 -2.397430 6.417501
-4.699711 31.584570 6.417501
29.282289 -2.397430 6.417501
29.282289 31.584570 6.417501
28.592115 -0.538275 6.961722
28.592115 33.443725 6.961722
-4.247750 16.991000 8.495500
29.734250 16.991000 8.495500
18.704712 22.300687 6.261353
19.388430 21.690711 6.417501
17.529275 22.380885 6.961722
22.300687 -1.713712 10.729647
22.300687 32.268288 10.729647
21.690711 -2.397430 10.573499
21.690711 31.584570 10.573499
22.380885 -0.538275 10.029278
22.380885 33.443725 10.029278
28.672313 18.704712 10.729647
-4.699711 19.388430 10.573499
29.282289 19.388430 10.573499
28.592115 17.529275 10.029278
-2.089043 25.620729 2.089043
-2.089043 25.620729 36.071043
31.892957 25.620729 2.089043
31.892957 25.620729 36.071043
-2.234147 23.772788 3.185812
-2.234147 23.772788 37.167812
31.747853 23.772788 3.185812
31.747853 23.772788 37.167812
-2.077999 23.089070 3.795789
-2.077999 23.089070 37.777789
31.904001 23.089070 3.795789
31.904001 23.089070 37.777789
-1.595455 26.939230 1.595455
-1.595455 26.939230 35.577455
32.386545 26.939230 1.595455
32.386545 26.939230 35.577455
-0.701728 26.842382 1.262431
-0.701728 26.842382 35.244431
33.280272 26.842382 1.262431
33.280272 26.842382 35.244431
-1.600552 27.572995 2.317572
-1.600552 27.572995 36.299572
32.381448 27.572995 2.317572
32.381448 27.572995 36.299572
-2.168052 27.251865 0.892027
-2.168052 27.251865 34.874028
31.813948 27.251865 0.892027
31.813948 27.251865 34.874028
-1.533778 24.948225 3.105615
-1.533778 24.948225 37.087615
32.448222 24.948225 3.105615
32.448222 24.948225 37.087615
25.620729 19.080043 14.901957
23.772788 19.225147 13.805187
23.089070 19.068999 13.195211
26.939230 18.586455 15.395545
24.948225 18.524778 13.885385
19.080043 25.352271 2.089043
19.080043 25.352271 36.071043
19.225147 27.200212 3.185812
19.225147 27.200212 37.167812
19.068999 27.883930 3.795789
19.068999 27.883930 37.777789
18.586455 24.033769 1.595455
18.586455 24.033770 35.577455
17.692728 24.130618 1.262431
17.692728 24.130618 35.244431
18.591552 23.400005 2.317572
18.591552 23.400005 36.299572
19.159052 23.721135 0.892027
19.159052 23.721135 34.874028
18.524778 26.024775 3.105615
18.524778 26.024775 37.087615
25.352271 -2.089043 14.901957
25.352271 31.892957 14.901957
27.200212 -2.234147 13.805187
27.200212 31.747853 13.805187
27.883930 -2.077999 13.195211
27.883930 31.904001 13.195211
24.033769 -1.595455 15.395545
24.033770 32.386545 15.395545
24.130618 -0.701728 15.728569
24.130618 33.280272 15.728569
23.400005 -1.600552 14.673428
23.400005 32.381448 14.673428
23.721135 -2.168052 16.098972
23.721135 31.813948 16.098972
26.024775 -1.533778 13.885385
26.024775 32.448222 13.885385
-2.089043 25.352271 14.901957
31.892957 25.352271 14.901957
-2.234147 27.200212 13.805187
31.747853 27.200212 13.805187
-2.077999 27.883930 13.195211
31.904001 27.883930 13.195211
-1.595455 24.033769 15.395545
32.386545 24.033769 15.395545
-0.701728 24.130618 15.728569
33.280272 24.130618 15.728569
-1.600552 23.400005 14.673428
32.381448 23.400005 14.673428
-2.168052 23.721135 16.098972
31.813948 23.721135 16.098972
-1.533778 26.024775 13.885385
32.448222 26.024775 13.885385
25.352271 19.080043 2.089043
25.352271 19.080043 36.071043
27.200212 19.225147 3.185812
27.200212 19.225147 37.167812
27.883930 19.068999 3.795789
27.883930 19.068999 37.777789
24.033769 18.586455 1.595455
24.033770 18.586455 35.577455
26.024775 18.524778 3.105615
26.024775 18.524778 37.087615
19.080043 25.620729 14.901957
19.225147 23.772788 13.805187
19.068999 23.089070 13.195211
18.586455 26.939230 15.395545
18.524778 24.948225 13.885385
25.620729 -2.089043 2.089043
25.620729 -2.089043 36.071043
25.620729 31.892957 2.089043
25.620729 31.892957 36.071043
23.772788 -2.234147 3.185812
23.772788 -2.234147 37.167812
23.772788 31.747853 3.185812
23.772788 31.747853 37.167812
23.089070 -2.077999 3.795789
23.089070 -2.077999 37.777789
23.089070 31.904001 3.795789
23.089070 31.904001 37.777789
26.939230 -1.595455 1.595455
26.939230 -1.595455 35.577455
26.939230 32.386545 1.595455
26.939231 32.386545 35.577455
24.948225 -1.533778 3.105615
24.948225 -1.533778 37.087615
24.948225 32.448222 3.105615
24.948225 32.448222 37.087615
19.080043 -2.089043 8.629729
19.080043 31.892957 8.629729
20.176813 -2.234147 6.781788
20.176813 31.747853 6.781788
20.786789 -2.077999 6.098070
20.786789 31.904001 6.098070
18.586455 -1.595455 9.948230
18.586455 32.386545 9.948230
20.096615 -1.533778 7.957225
20.096615 32.448222 7.957225
-2.089043 -2.089043 8.361271
-2.089043 31.892957 8.361271
31.892957 -2.089043 8.361271
31.892957 31.892957 8.361271
-2.234147 -3.185813 10.209212
-2.234147 30.796187 10.209212
31.747853 -3.185813 10.209212
31.747853 30.796187 10.209212
-2.077999 -3.795789 10.892930
-2.077999 30.186211 10.892930
31.904001 -3.795789 10.892930
31.904001 30.186211 10.892930
-1.533778 -3.105615 9.033775
-1.533778 30.876385 9.033775
32.448222 -3.105615 9.033775
32.448222 30.876385 9.033775
-2.089043 19.080043 8.629729
31.892957 19.080043 8.629729
-3.185813 19.225147 6.781788
30.796187 19.225147 6.781788
-3.795789 19.068999 6.098070
30.186211 19.068999 6.098070
-3.105615 18.524778 7.957225
30.876385 18.524778 7.957225
19.080043 19.080043 8.361271
19.225147 20.176813 10.209212
19.068999 20.786789 10.892930
18.586455 18.586455 7.042769
17.692728 18.253431 7.139618
18.591552 19.308572 6.409005
19.159052 17.883028 6.730135
18.524778 20.096615 9.033775
20.176813 19.225147 10.209212
20.786789 19.068999 10.892930
20.096615 18.524778 9.033775
19.225147 -3.185813 6.781788
19.225147 30.796187 6.781788
19.068999 -3.795789 6.098070
19.068999 30.186211 6.098070
17.692728 -1.262431 9.851382
17.692728 32.719569 9.851382
18.591552 -2.317572 10.581995
18.591552 31.664428 10.581995
19.159052 -0.892028 10.260865
19.159052 33.089972 10.260865
18.524778 -3.105615 7.957225
18.524778 30.876385 7.957225
-3.185813 -2.234147 10.209212
-3.185813 31.747853 10.209212
30.796187 -2.234147 10.209212
30.796187 31.747853 10.209212
-3.795789 -2.077999 10.892930
-3.795789 31.904001 10.892930
30.186211 -2.077999 10.892930
30.186211 31.904001 10.892930
-3.105615 -1.533778 9.033775
-3.105615 32.448222 9.033775
30.876385 -1.533778 9.033775
30.876385 32.448222 9.033775
-2.234147 20.176813 6.781788
31.747853 20.176813 6.781788
-2.077999 20.786789 6.098070
31.904001 20.786789 6.098070
-1.533778 20.096615 7.957225
32.448222 20.096615 7.957225
23.772788 20.176813 14.756853
23.089070 20.786789 14.913001
26.842382 18.253431 16.289272
27.572995 19.308572 15.390448
27.251865 17.883028 14.822948
24.948225 20.096615 15.457222
23.772788 -3.185813 2.234147
23.772788 -3.185813 36.216147
23.772788 30.796187 2.234147
23.772788 30.796187 36.216147
23.089070 -3.795789 2.077999
23.089070 -3.795789 36.059999
23.089070 30.186211 2.077999
23.089070 30.186211 36.059999
26.842382 -1.262431 0.701728
26.842382 -1.262431 34.683728
26.842382 32.719569 0.701728
26.842382 32.719569 34.683728
27.572995 -2.317572 1.600552
27.572995 -2.317572 35.582552
27.572995 31.664428 1.600552
27.572995 31.664428 35.582552
27.251865 -0.892028 2.168052
27.251865 -0.892028 36.150052
27.251865 33.089972 2.168052
27.251865 33.089972 36.150052
24.948225 -3.105615 1.533778
24.948225 -3.105615 35.515778
24.948225 30.876385 1.533778
24.948225 30.876385 35.515778
-3.185813 27.200212 14.756853
30.796187 27.200212 14.756853
-3.795789 27.883930 14.913001
30.186211 27.883930 14.913001
-3.105615 26.024775 15.457222
30.876385 26.024775 15.457222
27.200212 20.176813 2.234147
27.200212 20.176813 36.216147
27.883930 20.786789 2.077999
27.883930 20.786789 36.059999
24.130618 18.253431 0.701728
24.130618 18.253431 34.683728
23.400005 19.308572 1.600552
23.400005 19.308572 35.582552
23.721135 17.883028 2.168052
23.721135 17.883028 36.150052
26.024775 20.096615 1.533778
26.024775 20.096615 35.515778
20.176813 23.772788 14.756853
20.786789 23.089070 14.913001
18.253431 26.842382 16.289272
19.308572 27.572995 15.390448
17.883028 27.251865 14.822948
20.096615 24.948225 15.457222
27.200212 -3.185813 14.756853
27.200212 30.796187 14.756853
27.883930 -3.795789 14.913001
27.883930 30.186211 14.913001
26.024775 -3.105615 15.457222
26.024775 30.876385 15.457222
-3.185813 23.772788 2.234147
-3.185812 23.772788 36.216147
30.796187 23.772788 2.234147
30.796187 23.772788 36.216147
-3.795789 23.089070 2.077999
-3.795789 23.089070 36.059999
30.186211 23.089070 2.077999
30.186211 23.089070 36.059999
-3.105615 24.948225 1.533778
-3.105615 24.948225 35.515778
30.876385 24.948225 1.533778
30.876385 24.948225 35.515778
20.176813 27.200212 2.234147
20.176813 27.200212 36.216147
20.786789 27.883930 2.077999
20.786789 27.883930 36.059999
20.096615 26.024775 1.533778
20.096615 26.024775 35.515778
-1.602694 18.593694 9.928893
32.379306 18.593694 9.928893
-0.653803 19.138948 10.468002
33.328197 19.138948 10.468002
-2.147948 17.644803 10.468002
31.834052 17.644803 10.468002
27.089194 -1.433393 10.098194
27.089194 32.548607 10.098194
27.876835 -2.342912 9.896375
27.876835 31.639088 9.896375
25.897915 -1.602092 9.896375
25.897915 32.379908 9.896375
23.883806 27.089194 1.433393
23.883806 27.089194 35.415393
24.832697 27.634448 1.972502
24.832697 27.634448 35.954502
23.338552 26.140303 1.972502
23.338552 26.140303 35.954502
18.424393 23.883806 10.098194
18.593092 25.075085 9.896375
19.333912 23.096165 9.896375
-1.602694 -1.602694 7.062107
-1.602694 32.379306 7.062107
32.379306 -1.602694 7.062107
32.379306 32.379306 7.062107
-2.147948 -0.653803 6.522998
-2.147948 33.328197 6.522998
31.834052 -0.653803 6.522998
31.834052 33.328197 6.522998
-0.653803 -2.147948 6.522998
-0.653803 31.834052 6.522998
33.328197 -2.147948 6.522998
33.328197 31.834052 6.522998
23.883806 18.424393 10.098194
23.096165 19.333912 9.896375
25.075085 18.593092 9.896375
23.397457 17.125229 27.575543
23.252353 -1.713712 28.672313
23.252353 32.268288 28.672313
23.408501 -2.397430 -4.699711
23.408501 -2.397430 29.282289
23.408501 31.584570 -4.699711
23.408501 31.584570 29.282289
23.952722 -0.538275 28.592115
23.952722 33.443725 28.592115
25.486500 16.991000 -4.247750
25.486500 16.991000 29.734250
17.125229 27.575543 23.397457
-1.713712 27.720647 22.300687
32.268288 27.720647 22.300687
-2.397430 27.564499 21.690711
31.584570 27.564499 21.690711
18.443730 27.081955 23.891045
-0.538275 27.020278 22.380885
33.443725 27.020278 22.380885
16.991000 25.486500 21.238750
27.575543 -0.134229 27.575543
27.575543 33.847771 27.575543
27.720647 18.704712 28.672313
27.564499 19.388430 -4.699711
27.564499 19.388430 29.282289
27.020278 17.529275 28.592115
-0.134229 23.397457 23.397457
33.847771 23.397457 23.397457
18.704712 23.252353 22.300687
19.388430 23.408501 21.690711
-1.452730 23.891045 23.891045
32.529269 23.891045 23.891045
-1.355882 24.784772 24.224069
32.626118 24.784772 24.224069
-2.086495 23.885948 23.168928
31.895505 23.885948 23.168928
-1.765365 23.318448 24.594472
32.216635 23.318448 24.594472
17.529275 23.952722 22.380885
23.397457 -0.134229 23.397457
23.397457 33.847771 23.397457
23.252353 18.704712 22.300687
23.408501 19.388430 21.690711
23.891045 -1.452731 23.891045
23.891045 32.529269 23.891045
23.952722 17.529275 22.380885
25.486500 16.991000 21.238750
-0.134229 27.575543 27.575543
33.847771 27.575543 27.575543
18.704712 27.720647 28.672313
19.388430 27.564499 -4.699711
19.388430 27.564499 29.282289
-1.452730 27.081955 27.081955
32.529269 27.081955 27.081955
17.529275 27.020278 28.592115
16.991000 25.486500 -4.247750
16.991000 25.486500 29.734250
27.575543 17.125229 23.397457
27.720647 -1.713712 22.300687
27.720647 32.268288 22.300687
27.564499 -2.397430 21.690711
27.564499 31.584570 21.690711
27.081955 18.443730 23.891045
26.188228 18.346882 24.224069
27.087052 19.077495 23.168928
27.654552 18.756365 24.594472
27.020278 -0.538275 22.380885
27.020278 33.443725 22.380885
17.125229 23.397457 27.575543
-1.713712 23.252353 28.672313
32.268288 23.252353 28.672313
-2.397430 23.408501 -4.699711
-2.397430 23.408501 29.282289
31.584570 23.408501 -4.699711
31.584570 23.408501 29.282289
-0.538275 23.952722 28.592115
33.443725 23.952722 28.592115
27.575543 23.397457 17.125229
28.672313 23.252353 -1.713712
28.672313 23.252353 32.268288
-4.699711 23.408501 -2.397430
-4.699711 23.408501 31.584570
29.282289 23.408501 -2.397430
29.282289 23.408501 31.584570
27.081955 23.891045 18.443730
28.592115 23.952722 -0.538275
28.592115 23.952722 33.443725
-4.247750 25.486500 16.991000
29.734250 25.486500 16.991000
23.397457 23.397457 -0.134229
23.397457 23.397457 33.847771
23.252353 22.300687 18.704712
23.408501 21.690711 19.388430
23.891045 23.891045 -1.452731
23.891045 23.891045 32.529269
24.784772 24.224069 -1.355882
24.784772 24.224069 32.626118
23.885948 23.168928 -2.086495
23.885948 23.168928 31.895505
23.318448 24.594472 -1.765365
23.318448 24.594472 32.216635
23.952722 22.380885 17.529275
25.486500 21.238750 16.991000
23.397457 27.575543 17.125229
22.300687 27.720647 -1.713712
22.300687 27.720647 32.268288
21.690711 27.564499 -2.397430
21.690711 27.564499 31.584570
22.380885 27.020278 -0.538275
22.380885 27.020278 33.443725
21.238750 25.486500 16.991000
27.575543 27.575543 -0.134229
27.575543 27.575543 33.847771
27.720647 28.672313 18.704712
27.564499 -4.699711 19.388430
27.564499 29.282289 19.388430
27.081955 27.081955 -1.452731
27.081955 27.081955 32.529269
26.188228 26.748931 -1.355882
26.188228 26.748931 32.626118
27.087052 27.804072 -2.086495
27.087052 27.804072 31.895505
27.654552 26.378528 -1.765365
27.654552 26.378528 32.216635
27.020278 28.592115 17.529275
25.486500 -4.247750 16.991000
25.486500 29.734250 16.991000
28.672313 27.720647 18.704712
-4.699711 27.564499 19.388430
29.282289 27.564499 19.388430
28.592115 27.020278 17.529275
27.720647 22.300687 -1.713712
27.720647 22.300687 32.268288
27.564499 21.690711 -2.397430
27.564499 21.690711 31.584570
26.188228 24.224069 18.346882
27.087052 23.168928 19.077495
27.654552 24.594472 18.756365
27.020278 22.380885 -0.538275
27.020278 22.380885 33.443725
22.300687 23.252353 18.704712
21.690711 23.408501 19.388430
22.380885 23.952722 17.529275
23.252353 28.672313 -1.713712
23.252353 28.672313 32.268288
23.408501 -4.699711 -2.397430
23.408501 -4.699711 31.584570
23.408501 29.282289 -2.397430
23.408501 29.282289 31.584570
23.952722 28.592115 -0.538275
23.952722 28.592115 33.443725
-1.713712 28.672313 23.252353
32.268288 28.672313 23.252353
-2.397430 -4.699711 23.408501
-2.397430 29.282289 23.408501
31.584570 -4.699711 23.408501
31.584570 29.282289 23.408501
18.346882 26.748931 24.784772
19.077495 27.804072 23.885948
18.756365 26.378528 23.318448
-0.538275 28.592115 23.952722
33.443725 28.592115 23.952722
16.991000 -4.247750 25.486500
16.991000 29.734250 25.486500
-1.713712 22.300687 27.720647
32.268288 22.300687 27.720647
-2.397430 21.690711 27.564499
31.584570 21.690711 27.564499
-0.538275 22.380885 27.020278
33.443725 22.380885 27.020278
16.991000 21.238750 25.486500
22.300687 18.704712 23.252353
21.690711 19.388430 23.408501
24.224069 -1.355882 24.784772
24.224069 32.626118 24.784772
23.168928 -2.086495 23.885948
23.168928 31.895505 23.885948
24.594472 -1.765365 23.318448
24.594472 32.216635 23.318448
22.380885 17.529275 23.952722
21.238750 16.991000 25.486500
18.704712 28.672313 27.720647
19.388430 -4.699711 27.564499
19.388430 29.282289 27.564499
-1.355882 26.748931 26.188228
32.626118 26.748931 26.188228
-2.086495 27.804072 27.087052
31.895505 27.804072 27.087052
-1.765365 26.378528 27.654552
32.216635 26.378528 27.654552
17.529275 28.592115 27.020278
28.672313 -1.713712 23.252353
28.672313 32.268288 23.252353
-4.699711 -2.397430 23.408501
-4.699711 31.584570 23.408501
29.282289 -2.397430 23.408501
29.282289 31.584570 23.408501
28.592115 -0.538275 23.952722
28.592115 33.443725 23.952722
-4.247750 16.991000 25.486500
29.734250 16.991000 25.486500
18.704712 22.300687 23.252353
19.388430 21.690711 23.408501
17.529275 22.380885 23.952722
22.300687 -1.713712 27.720647
22.300687 32.268288 27.720647
21.690711 -2.397430 27.564499
21.690711 31.584570 27.564499
22.380885 -0.538275 27.020278
22.380885 33.443725 27.020278
28.672313 18.704712 27.720647
-4.699711 19.388430 27.564499
29.282289 19.388430 27.564499
28.592115 17.529275 27.020278
-2.089043 25.620729 19.080043
31.892957 25.620729 19.080043
-2.234147 23.772788 20.176813
31.747853 23.772788 20.176813
-2.077999 23.089070 20.786789
31.904001 23.089070 20.786789
-1.595455 26.939230 18.586455
32.386545 26.939230 18.586455
-0.701728 26.842382 18.253431
33.280272 26.842382 18.253431
-1.600552 27.572995 19.308572
32.381448 27.572995 19.308572
-2.168052 27.251865 17.883028
31.813948 27.251865 17.883028
-1.533778 24.948225 20.096615
32.448222 24.948225 20.096615
25.620729 19.080043 -2.089043
25.620729 19.080043 31.892957
23.772788 19.225147 -3.185813
23.772788 19.225147 30.796187
23.089070 19.068999 -3.795789
23.089070 19.068999 30.186211
26.939230 18.586455 -1.595455
26.939230 18.586455 32.386545
24.948225 18.524778 -3.105615
24.948225 18.524778 30.876385
19.080043 25.352271 19.080043
19.225147 27.200212 20.176813
19.068999 27.883930 20.786789
18.586455 24.033769 18.586455
17.692728 24.130618 18.253431
18.591552 23.400005 19.308572
19.159052 23.721135 17.883028
18.524778 26.024775 20.096615
25.352271 -2.089043 -2.089043
25.352271 -2.089043 31.892957
25.352271 31.892957 -2.089043
25.352271 31.892957 31.892957
27.200212 -2.234147 -3.185813
27.200212 -2.234147 30.796187
27.200212 31.747853 -3.185813
27.200212 31.747853 30.796187
27.883930 -2.077999 -3.795789
27.883930 -2.077999 30.186211
27.883930 31.904001 -3.795789
27.883930 31.904001 30.186211
24.033769 -1.595455 -1.595455
24.033770 -1.595455 32.386545
24.033770 32.386545 -1.595455
24.033770 32.386545 32.386545
24.130618 -0.701728 -1.262431
24.130618 -0.701728 32.719569
24.130618 33.280272 -1.262431
24.130618 33.280272 32.719569
23.400005 -1.600552 -2.317572
23.400005 -1.600552 31.664428
23.400005 32.381448 -2.317572
23.400005 32.381448 31.664428
23.721135 -2.168052 -0.892028
23.721135 -2.168052 33.089972
23.721135 31.813948 -0.892028
23.721135 31.813948 33.089972
26.024775 -1.533778 -3.105615
26.024775 -1.533778 30.876385
26.024775 32.448222 -3.105615
26.024775 32.448222 30.876385
-2.089043 25.352271 -2.089043
-2.089043 25.352271 31.892957
31.892957 25.352271 -2.089043
31.892957 25.352271 31.892957
-2.234147 27.200212 -3.185813
-2.234147 27.200212 30.796187
31.747853 27.200212 -3.185813
31.747853 27.200212 30.796187
-2.077999 27.883930 -3.795789
-2.077999 27.883930 30.186211
31.904001 27.883930 -3.795789
31.904001 27.883930 30.186211
-1.595455 24.033769 -1.595455
-1.595455 24.033770 32.386545
32.386545 24.033769 -1.595455
32.386545 24.033770 32.386545
-0.701728 24.130618 -1.262431
-0.701728 24.130618 32.719569
33.280272 24.130618 -1.262431
33.280272 24.130618 32.719569
-1.600552 23.400005 -2.317572
-1.600552 23.400005 31.664428
32.381448 23.400005 -2.317572
32.381448 23.400005 31.664428
-2.168052 23.721135 -0.892028
-2.168052 23.721135 33.089972
31.813948 23.721135 -0.892028
31.813948 23.721135 33.089972
-1.533778 26.024775 -3.105615
-1.533778 26.024775 30.876385
32.448222 26.024775 -3.105615
32.448222 26.024775 30.876385
25.352271 19.080043 19.080043
27.200212 19.225147 20.176813
27.883930 19.068999 20.786789
24.033769 18.586455 18.586455
26.024775 18.524778 20.096615
19.080043 25.620729 -2.089043
19.080043 25.620729 31.892957
19.225147 23.772788 -3.185813
19.225147 23.772788 30.796187
19.068999 23.089070 -3.795789
19.068999 23.089070 30.186211
18.586455 26.939230 -1.595455
18.586455 26.939230 32.386545
18.524778 24.948225 -3.105615
18.524778 24.948225 30.876385
25.620729 -2.089043 19.080043
25.620729 31.892957 19.080043
23.772788 -2.234147 20.176813
23.772788 31.747853 20.176813
23.089070 -2.077999 20.786789
23.089070 31.904001 20.786789
26.939230 -1.595455 18.586455
26.939230 32.386545 18.586455
24.948225 -1.533778 20.096615
24.948225 32.448222 20.096615
19.080043 -2.089043 25.620729
19.080043 31.892957 25.620729
20.176813 -2.234147 23.772788
20.176813 31.747853 23.772788
20.786789 -2.077999 23.089070
20.786789 31.904001 23.089070
18.586455 -1.595455 26.939230
18.586455 32.386545 26.939230
20.096615 -1.533778 24.948225
20.096615 32.448222 24.948225
-2.089043 -2.089043 25.352271
-2.089043 31.892957 25.352271
31.892957 -2.089043 25.352271
31.892957 31.892957 25.352271
-2.234147 -3.185813 27.200212
-2.234147 30.796187 27.200212
31.747853 -3.185813 27.200212
31.747853 30.796187 27.200212
-2.077999 -3.795789 27.883930
-2.077999 30.186211 27.883930
31.904001 -3.795789 27.883930
31.904001 30.186211 27.883930
-1.533778 -3.105615 26.024775
-1.533778 30.876385 26.024775
32.448222 -3.105615 26.024775
32.448222 30.876385 26.024775
-2.089043 19.080043 25.620729
31.892957 19.080043 25.620729
-3.185813 19.225147 23.772788
30.796187 19.225147 23.772788
-3.795789 19.068999 23.089070
30.186211 19.068999 23.089070
-3.105615 18.524778 24.948225
30.876385 18.524778 24.948225
19.080043 19.080043 25.352271
19.225147 20.176813 27.200212
19.068999 20.786789 27.883930
18.586455 18.586455 24.033769
17.692728 18.253431 24.130618
18.591552 19.308572 23.400005
19.159052 17.883028 23.721135
18.524778 20.096615 26.024775
20.176813 19.225147 27.200212
20.786789 19.068999 27.883930
20.096615 18.524778 26.024775
19.225147 -3.185813 23.772788
19.225147 30.796187 23.772788
19.068999 -3.795789 23.089070
19.068999 30.186211 23.089070
17.692728 -1.262431 26.842382
17.692728 32.719569 26.842382
18.591552 -2.317572 27.572995
18.591552 31.664428 27.572995
19.159052 -0.892028 27.251865
19.159052 33.089972 27.251865
18.524778 -3.105615 24.948225
18.524778 30.876385 24.948225
-3.185813 -2.234147 27.200212
-3.185813 31.747853 27.200212
30.796187 -2.234147 27.200212
30.796187 31.747853 27.200212
-3.795789 -2.077999 27.883930
-3.795789 31.904001 27.883930
30.186211 -2.077999 27.883930
30.186211 31.904001 27.883930
-3.105615 -1.533778 26.024775
-3.105615 32.448222 26.024775
30.876385 -1.533778 26.024775
30.876385 32.448222 26.024775
-2.234147 20.176813 23.772788
31.747853 20.176813 23.772788
-2.077999 20.786789 23.089070
31.904001 20.786789 23.089070
-1.533778 20.096615 24.948225
32.448222 20.096615 24.948225
23.772788 20.176813 -2.234147
23.772788 20.176813 31.747853
23.089070 20.786789 -2.077999
23.089070 20.786789 31.904001
26.842382 18.253431 -0.701728
26.842382 18.253431 33.280272
27.572995 19.308572 -1.600552
27.572995 19.308572 32.381448
27.251865 17.883028 -2.168052
27.251865 17.883028 31.813948
24.948225 20.096615 -1.533778
24.948225 20.096615 32.448222
23.772788 -3.185813 19.225147
23.772788 30.796187 19.225147
23.089070 -3.795789 19.068999
23.089070 30.186211 19.068999
26.842382 -1.262431 17.692728
26.842382 32.719569 17.692728
27.572995 -2.317572 18.591552
27.572995 31.664428 18.591552
27.251865 -0.892028 19.159052
27.251865 33.089972 19.159052
24.948225 -3.105615 18.524778
24.948225 30.876385 18.524778
-3.185813 27.200212 -2.234147
-3.185813 27.200212 31.747853
30.796187 27.200212 -2.234147
30.796187 27.200212 31.747853
-3.795789 27.883930 -2.077999
-3.795789 27.883930 31.904001
30.186211 27.883930 -2.077999
30.186211 27.883930 31.904001
-3.105615 26.024775 -1.533778
-3.105615 26.024775 32.448222
30.876385 26.024775 -1.533778
30.876385 26.024775 32.448222
27.200212 20.176813 19.225147
27.883930 20.786789 19.068999
24.130618 18.253431 17.692728
23.400005 19.308572 18.591552
23.721135 17.883028 19.159052
26.024775 20.096615 18.524778
20.176813 23.772788 -2.234147
20.176813 23.772788 31.747853
20.786789 23.089070 -2.077999
20.786789 23.089070 31.904001
18.253431 26.842382 -0.701728
18.253431 26.842382 33.280272
19.308572 27.572995 -1.600552
19.308572 27.572995 32.381448
17.883028 27.251865 -2.168052
17.883028 27.251865 31.813948
20.096615 24.948225 -1.533778
20.096615 24.948225 32.448222
27.200212 -3.185813 -2.234147
27.200212 -3.185813 31.747853
27.200212 30.796187 -2.234147
27.200212 30.796187 31.747853
27.883930 -3.795789 -2.077999
27.883930 -3.795789 31.904001
27.883930 30.186211 -2.077999
27.883930 30.186211 31.904001
26.024775 -3.105615 -1.533778
26.024775 -3.105615 32.448222
26.024775 30.876385 -1.533778
26.024775 30.876385 32.448222
-3.185813 23.772788 19.225147
30.796187 23.772788 19.225147
-3.795789 23.089070 19.068999
30.186211 23.089070 19.068999
-3.105615 24.948225 18.524778
30.876385 24.948225 18.524778
20.176813 27.200212 19.225147
20.786789 27.883930 19.068999
20.096615 26.024775 18.524778
-1.602694 18.593694 26.919893
32.379306 18.593694 26.919893
-0.653803 19.138948 27.459002
33.328197 19.138948 27.459002
-2.147948 17.644803 27.459002
31.834052 17.644803 27.459002
27.089194 -1.433393 27.089194
27.089194 32.548607 27.089194
27.876835 -2.342912 26.887375
27.876835 31.639088 26.887375
25.897915 -1.602092 26.887375
25.897915 32.379908 26.887375
23.883806 27.089194 18.424393
24.832697 27.634448 18.963502
23.338552 26.140303 18.963502
18.424393 23.883806 27.089194
18.593092 25.075085 26.887375
19.333912 23.096165 26.887375
-1.602694 -1.602694 24.053107
-1.602694 32.379306 24.053107
32.379306 -1.602694 24.053107
32.379306 32.379306 24.053107
-2.147948 -0.653803 23.513998
-2.147948 33.328197 23.513998
31.834052 -0.653803 23.513998
31.834052 33.328197 23.513998
-0.653803 -2.147948 23.513998
-0.653803 31.834052 23.513998
33.328197 -2.147948 23.513998
33.328197 31.834052 23.513998
23.883806 18.424393 27.089194
23.096165 19.333912 26.887375
25.075085 18.593092 26.887375
LINES 4596 13788
2 0 533
2 0 1078
2 0 1286
2 1 534
2 1 1079
2 1 1287
2 2 3
2 2 4
2 2 214
2 4 1073
2 4 1080
2 5 24
2 5 248
2 5 1078
2 5 1358
2 6 25
2 6 249
2 6 1079
2 6 1359
2 7 12
2 7 2149
2 7 2300
2 8 13
2 8 2150
2 8 2301
2 9 10
2 9 14
2 9 158
2 12 160
2 12 162
2 12 164
2 13 161
2 13 163
2 13 165
2 14 2141
2 14 2151
2 15 37
2 15 278
2 15 2149
2 15 2384
2 16 279
2 16 2385
2 17 38
2 17 280
2 17 2150
2 17 2386
2 18 281
2 18 2387
2 19 515
2 19 1097
2 19 1290
2 20 22
2 20 24
2 20 218
2 21 23
2 21 25
2 21 219
2 24 1093
2 25 1094
2 26 33
2 26 2173
2 26 2344
2 27 29
2 27 37
2 27 206
2 28 31
2 28 38
2 28 207
2 33 34
2 33 35
2 33 36
2 37 2160
2 38 2161
2 39 46
2 39 1118
2 39 1253
2 40 42
2 40 47
2 40 177
2 41 44
2 41 48
2 41 178
2 46 183
2 46 184
2 46 185
2 47 49
2 47 1111
2 48 51
2 48 1112
2 49 314
2 49 1142
2 49 1404
2 50 315
2 50 1405
2 51 316
2 51 1143
2 51 1406
2 52 317
2 52 1407
2 53 58
2 53 2194
2 53 2332
2 54 56
2 54 59
2 54 192
2 55 57
2 55 60
2 55 193
2 58 196
2 58 197
2 58 198
2 59 61
2 59 2188
2 60 62
2 60 2189
2 61 326
2 61 2215
2 61 2436
2 62 327
2 62 2216
2 62 2437
2 63 68
2 63 1142
2 63 1271
2 64 69
2 64 1143
2 64 1272
2 65 66
2 65 76
2 65 201
2 68 70
2 68 72
2 68 74
2 69 71
2 69 73
2 69 75
2 76 1119
2 76 1131
2 77 524
2 77 2215
2 77 2309
2 78 525
2 78 2216
2 78 2310
2 79 80
2 79 81
2 79 169
2 81 2195
2 81 2210
2 82 86
2 82 627
2 82 683
2 83 87
2 83 628
2 83 684
2 84 85
2 84 88
2 84 137
2 86 140
2 86 142
2 86 144
2 87 141
2 87 143
2 87 145
2 88 621
2 88 629
2 89 135
2 89 495
2 89 627
2 89 993
2 90 136
2 90 496
2 90 628
2 90 994
2 91 98
2 91 643
2 91 688
2 92 94
2 92 102
2 92 147
2 93 95
2 93 103
2 93 148
2 98 99
2 98 100
2 98 101
2 102 104
2 102 630
2 103 105
2 103 631
2 104 472
2 104 683
2 104 979
2 105 473
2 105 684
2 105 980
2 106 474
2 106 981
2 107 475
2 107 982
2 108 518
2 108 653
2 108 693
2 109 519
2 109 654
2 109 694
2 110 111
2 110 113
2 110 155
2 113 646
2 113 655
2 114 153
2 114 505
2 114 653
2 114 1027
2 115 154
2 115 506
2 115 654
2 115 1028
2 116 507
2 116 1029
2 117 508
2 117 1030
2 118 123
2 118 669
2 118 673
2 119 121
2 119 127
2 119 131
2 120 122
2 120 128
2 120 132
2 123 124
2 123 125
2 123 126
2 127 129
2 127 657
2 128 130
2 128 658
2 129 447
2 129 693
2 129 1035
2 130 448
2 130 694
2 130 1036
2 131 133
2 131 135
2 132 134
2 132 136
2 135 657
2 136 658
2 137 138
2 137 146
2 146 621
2 146 644
2 147 149
2 147 153
2 148 150
2 148 154
2 153 630
2 154 631
2 155 156
2 155 157
2 157 646
2 157 670
2 158 159
2 158 166
2 166 2141
2 166 2302
2 167 199
2 167 414
2 167 2300
2 167 2484
2 168 200
2 168 415
2 168 2301
2 168 2485
2 169 170
2 169 172
2 172 2210
2 172 2311
2 173 212
2 173 388
2 173 2309
2 173 2544
2 174 389
2 174 2545
2 175 213
2 175 390
2 175 2310
2 175 2546
2 176 391
2 176 2547
2 177 179
2 177 186
2 178 180
2 178 187
2 186 188
2 186 1111
2 187 189
2 187 1112
2 188 400
2 188 1286
2 188 1424
2 189 401
2 189 1287
2 189 1425
2 190 402
2 190 1426
2 191 403
2 191 1427
2 192 194
2 192 199
2 193 195
2 193 200
2 199 2188
2 200 2189
2 201 202
2 201 203
2 203 1131
2 203 1273
2 204 222
2 204 358
2 204 1271
2 204 1490
2 205 223
2 205 359
2 205 1272
2 205 1491
2 206 208
2 206 212
2 207 210
2 207 213
2 212 2160
2 213 2161
2 214 215
2 214 217
2 217 1073
2 217 1254
2 218 220
2 218 222
2 219 221
2 219 223
2 222 1093
2 223 1094
2 224 230
2 224 238
2 224 495
2 225 231
2 225 239
2 225 496
2 226 228
2 226 238
2 226 491
2 227 229
2 227 239
2 227 492
2 230 232
2 230 234
2 230 236
2 231 233
2 231 235
2 231 237
2 238 2151
2 239 2152
2 240 246
2 240 248
2 240 435
2 241 247
2 241 249
2 241 436
2 242 244
2 242 248
2 242 425
2 243 245
2 243 249
2 243 426
2 246 429
2 246 431
2 246 433
2 247 430
2 247 432
2 247 434
2 250 262
2 250 278
2 250 505
2 251 263
2 251 279
2 251 506
2 252 264
2 252 280
2 252 507
2 253 265
2 253 281
2 253 508
2 254 258
2 254 278
2 254 497
2 255 259
2 255 279
2 255 498
2 256 260
2 256 280
2 256 499
2 257 261
2 257 281
2 257 500
2 262 266
2 262 270
2 262 274
2 263 267
2 263 271
2 263 275
2 264 268
2 264 272
2 264 276
2 265 269
2 265 273
2 265 277
2 282 285
2 282 289
2 282 490
2 283 284
2 283 289
2 283 488
2 285 286
2 285 287
2 285 288
2 289 1080
2 290 293
2 290 297
2 290 451
2 291 292
2 291 297
2 291 449
2 293 294
2 293 295
2 293 296
2 297 2195
2 298 310
2 298 314
2 298 472
2 299 311
2 299 315
2 299 473
2 300 312
2 300 316
2 300 474
2 301 313
2 301 317
2 301 475
2 302 306
2 302 314
2 302 452
2 303 307
2 303 315
2 303 453
2 304 308
2 304 316
2 304 454
2 305 309
2 305 317
2 305 455
2 310 460
2 310 464
2 310 468
2 311 461
2 311 465
2 311 469
2 312 462
2 312 466
2 312 470
2 313 463
2 313 467
2 313 471
2 318 324
2 318 326
2 318 486
2 319 325
2 319 327
2 319 487
2 320 322
2 320 326
2 320 476
2 321 323
2 321 327
2 321 477
2 324 480
2 324 482
2 324 484
2 325 481
2 325 483
2 325 485
2 328 334
2 328 336
2 328 447
2 329 335
2 329 337
2 329 448
2 330 332
2 330 336
2 330 437
2 331 333
2 331 337
2 331 438
2 334 441
2 334 443
2 334 445
2 335 442
2 335 444
2 335 446
2 336 1119
2 337 1120
2 338 344
2 338 346
2 338 414
2 339 345
2 339 347
2 339 415
2 340 342
2 340 346
2 340 404
2 341 343
2 341 347
2 341 405
2 344 408
2 344 410
2 344 412
2 345 409
2 345 411
2 345 413
2 346 1254
2 347 1255
2 348 351
2 348 418
2 348 530
2 349 350
2 349 351
2 349 416
2 351 2302
2 352 358
2 352 423
2 352 509
2 353 359
2 353 424
2 353 510
2 354 356
2 354 358
2 354 419
2 355 357
2 355 359
2 355 420
2 360 372
2 360 388
2 360 400
2 361 373
2 361 389
2 361 401
2 362 374
2 362 390
2 362 402
2 363 375
2 363 391
2 363 403
2 364 368
2 364 388
2 364 392
2 365 369
2 365 389
2 365 393
2 366 370
2 366 390
2 366 394
2 367 371
2 367 391
2 367 395
2 372 376
2 372 380
2 372 384
2 373 377
2 373 381
2 373 385
2 374 378
2 374 382
2 374 386
2 375 379
2 375 383
2 375 387
2 392 396
2 392 400
2 393 397
2 393 401
2 394 398
2 394 402
2 395 399
2 395 403
2 404 406
2 404 414
2 405 407
2 405 415
2 416 417
2 416 418
2 418 1273
2 419 421
2 419 423
2 420 422
2 420 424
2 423 2311
2 424 2312
2 425 427
2 425 435
2 426 428
2 426 436
2 435 644
2 436 645
2 437 439
2 437 447
2 438 440
2 438 448
2 449 450
2 449 451
2 451 629
2 452 456
2 452 472
2 453 457
2 453 473
2 454 458
2 454 474
2 455 459
2 455 475
2 476 478
2 476 486
2 477 479
2 477 487
2 486 655
2 487 656
2 488 489
2 488 490
2 490 670
2 491 493
2 491 495
2 492 494
2 492 496
2 497 501
2 497 505
2 498 502
2 498 506
2 499 503
2 499 507
2 500 504
2 500 508
2 509 511
2 509 513
2 510 512
2 510 514
2 515 516
2 515 517
2 518 520
2 518 522
2 519 521
2 519 523
2 524 526
2 524 528
2 525 527
2 525 529
2 530 531
2 530 532
2 533 535
2 533 537
2 534 536
2 534 538
2 539 1067
2 539 1613
2 539 1817
2 540 1068
2 540 1614
2 540 1818
2 541 543
2 541 544
2 541 751
2 544 1606
2 544 1616
2 545 785
2 545 1884
2 546 565
2 546 786
2 546 1613
2 546 1885
2 547 787
2 547 1886
2 548 566
2 548 788
2 548 1614
2 548 1887
2 549 553
2 549 2681
2 549 2829
2 550 554
2 550 2682
2 550 2830
2 551 552
2 551 555
2 551 695
2 553 697
2 553 699
2 553 701
2 554 698
2 554 700
2 554 702
2 555 2675
2 555 2683
2 556 576
2 556 803
2 556 2681
2 556 2899
2 557 577
2 557 804
2 557 2682
2 557 2900
2 558 1052
2 558 1631
2 558 1821
2 559 562
2 559 565
2 559 755
2 560 564
2 560 566
2 560 756
2 565 1626
2 566 1627
2 567 572
2 567 2705
2 567 2873
2 568 570
2 568 576
2 568 743
2 569 571
2 569 577
2 569 744
2 572 573
2 572 574
2 572 575
2 576 2693
2 577 2694
2 578 583
2 578 1649
2 578 1784
2 579 581
2 579 584
2 579 714
2 580 582
2 580 585
2 580 715
2 583 720
2 583 721
2 583 722
2 584 586
2 584 1643
2 585 587
2 585 1644
2 586 845
2 586 1674
2 586 1937
2 587 846
2 587 1675
2 587 1938
2 588 595
2 588 2723
2 588 2861
2 589 592
2 589 596
2 589 729
2 590 594
2 590 597
2 590 730
2 595 733
2 595 734
2 595 735
2 596 599
2 596 2716
2 597 601
2 597 2717
2 598 863
2 598 2973
2 599 864
2 599 2746
2 599 2974
2 600 865
2 600 2975
2 601 866
2 601 2747
2 601 2976
2 602 606
2 602 1674
2 602 1802
2 603 607
2 603 1675
2 603 1803
2 604 605
2 604 614
2 604 738
2 606 608
2 606 610
2 606 612
2 607 609
2 607 611
2 607 613
2 614 1650
2 614 1665
2 615 1058
2 615 2746
2 615 2838
2 616 1059
2 616 2747
2 616 2839
2 617 619
2 617 620
2 617 706
2 620 2725
2 620 2739
2 621 626
2 622 624
2 622 627
2 622 674
2 623 625
2 623 628
2 623 675
2 626 680
2 626 681
2 626 682
2 629 673
2 629 1039
2 630 635
2 631 636
2 632 633
2 632 643
2 632 685
2 635 637
2 635 639
2 635 641
2 636 638
2 636 640
2 636 642
2 643 644
2 644 1005
2 645 1006
2 646 1055
2 647 649
2 647 653
2 647 689
2 648 650
2 648 654
2 648 690
2 655 688
2 655 1044
2 656 1045
2 657 661
2 658 662
2 659 660
2 659 669
2 659 671
2 661 663
2 661 665
2 661 667
2 662 664
2 662 666
2 662 668
2 669 670
2 670 988
2 671 672
2 671 673
2 674 676
2 674 683
2 675 677
2 675 684
2 685 686
2 685 688
2 689 691
2 689 693
2 690 692
2 690 694
2 695 696
2 695 703
2 703 2675
2 703 2831
2 704 736
2 704 948
2 704 2829
2 704 3013
2 705 737
2 705 949
2 705 2830
2 705 3014
2 706 707
2 706 709
2 709 2739
2 709 2840
2 710 749
2 710 922
2 710 2838
2 710 3073
2 711 923
2 711 3074
2 712 750
2 712 924
2 712 2839
2 712 3075
2 713 925
2 713 3076
2 714 716
2 714 723
2 715 717
2 715 724
2 723 725
2 723 1643
2 724 726
2 724 1644
2 725 934
2 725 1817
2 725 1955
2 726 935
2 726 1818
2 726 1956
2 727 936
2 727 1957
2 728 937
2 728 1958
2 729 731
2 729 736
2 730 732
2 730 737
2 736 2716
2 737 2717
2 738 739
2 738 740
2 740 1665
2 740 1804
2 741 759
2 741 892
2 741 1802
2 741 2021
2 742 760
2 742 893
2 742 1803
2 742 2022
2 743 745
2 743 749
2 744 747
2 744 750
2 749 2693
2 750 2694
2 751 752
2 751 754
2 754 1606
2 754 1785
2 755 757
2 755 759
2 756 758
2 756 760
2 759 1626
2 760 1627
2 761 764
2 761 768
2 761 1039
2 762 763
2 762 768
2 762 1037
2 764 765
2 764 766
2 764 767
2 768 2683
2 769 781
2 769 785
2 769 979
2 770 782
2 770 786
2 770 980
2 771 783
2 771 787
2 771 981
2 772 784
2 772 788
2 772 982
2 773 777
2 773 785
2 773 959
2 774 778
2 774 786
2 774 960
2 775 779
2 775 787
2 775 961
2 776 780
2 776 788
2 776 962
2 781 967
2 781 971
2 781 975
2 782 968
2 782 972
2 782 976
2 783 969
2 783 973
2 783 977
2 784 970
2 784 974
2 784 978
2 789 795
2 789 803
2 789 1044
2 790 796
2 790 804
2 790 1045
2 791 793
2 791 803
2 791 1040
2 792 794
2 792 804
2 792 1041
2 795 797
2 795 799
2 795 801
2 796 798
2 796 800
2 796 802
2 805 811
2 805 819
2 805 1035
2 806 812
2 806 820
2 806 1036
2 807 809
2 807 819
2 807 1031
2 808 810
2 808 820
2 808 1032
2 811 813
2 811 815
2 811 817
2 812 814
2 812 816
2 812 818
2 819 1615
2 820 1616
2 821 827
2 821 835
2 821 993
2 822 828
2 822 836
2 822 994
2 823 825
2 823 835
2 823 989
2 824 826
2 824 836
2 824 990
2 827 829
2 827 831
2 827 833
2 828 830
2 828 832
2 828 834
2 835 2724
2 836 2725
2 837 843
2 837 845
2 837 1005
2 838 844
2 838 846
2 838 1006
2 839 841
2 839 845
2 839 995
2 840 842
2 840 846
2 840 996
2 843 999
2 843 1001
2 843 1003
2 844 1000
2 844 1002
2 844 1004
2 847 859
2 847 863
2 847 1027
2 848 860
2 848 864
2 848 1028
2 849 861
2 849 865
2 849 1029
2 850 862
2 850 866
2 850 1030
2 851 855
2 851 863
2 851 1007
2 852 856
2 852 864
2 852 1008
2 853 857
2 853 865
2 853 1009
2 854 858
2 854 866
2 854 1010
2 859 1015
2 859 1019
2 859 1023
2 860 1016
2 860 1020
2 860 1024
2 861 1017
2 861 1021
2 861 1025
2 862 1018
2 862 1022
2 862 1026
2 867 870
2 867 871
2 867 988
2 868 869
2 868 871
2 868 983
2 870 985
2 870 986
2 870 987
2 871 1650
2 872 878
2 872 880
2 872 948
2 873 879
2 873 881
2 873 949
2 874 876
2 874 880
2 874 938
2 875 877
2 875 881
2 875 939
2 878 942
2 878 944
2 878 946
2 879 943
2 879 945
2 879 947
2 880 1785
2 881 1786
2 882 885
2 882 952
2 882 1064
2 883 884
2 883 885
2 883 950
2 885 2831
2 886 892
2 886 957
2 886 1046
2 887 893
2 887 958
2 887 1047
2 888 890
2 888 892
2 888 953
2 889 891
2 889 893
2 889 954
2 894 906
2 894 922
2 894 934
2 895 907
2 895 923
2 895 935
2 896 908
2 896 924
2 896 936
2 897 909
2 897 925
2 897 937
2 898 902
2 898 922
2 898 926
2 899 903
2 899 923
2 899 927
2 900 904
2 900 924
2 900 928
2 901 905
2 901 925
2 901 929
2 906 910
2 906 914
2 906 918
2 907 911
2 907 915
2 907 919
2 908 912
2 908 916
2 908 920
2 909 913
2 909 917
2 909 921
2 926 930
2 926 934
2 927 931
2 927 935
2 928 932
2 928 936
2 929 933
2 929 937
2 938 940
2 938 948
2 939 941
2 939 949
2 950 951
2 950 952
2 952 1804
2 953 955
2 953 957
2 954 956
2 954 958
2 957 2840
2 958 2841
2 959 963
2 959 979
2 960 964
2 960 980
2 961 965
2 961 981
2 962 966
2 962 982
2 983 984
2 983 988
2 989 991
2 989 993
2 990 992
2 990 994
2 995 997
2 995 1005
2 996 998
2 996 1006
2 1007 1011
2 1007 1027
2 1008 1012
2 1008 1028
2 1009 1013
2 1009 1029
2 1010 1014
2 1010 1030
2 1031 1033
2 1031 1035
2 1032 1034
2 1032 1036
2 1037 1038
2 1037 1039
2 1040 1042
2 1040 1044
2 1041 1043
2 1041 1045
2 1046 1048
2 1046 1050
2 1047 1049
2 1047 1051
2 1052 1053
2 1052 1054
2 1055 1056
2 1055 1057
2 1058 1060
2 1058 1062
2 1059 1061
2 1059 1063
2 1064 1065
2 1064 1066
2 1067 1069
2 1067 1071
2 1068 1070
2 1068 1072
2 1073 1603
2 1074 1076
2 1074 1078
2 1074 1280
2 1075 1077
2 1075 1079
2 1075 1281
2 1080 1097
2 1080 1311
2 1081 1086
2 1081 3207
2 1081 3353
2 1082 1087
2 1082 3208
2 1082 3354
2 1083 1084
2 1083 1088
2 1083 1225
2 1086 1228
2 1086 1230
2 1086 1232
2 1087 1229
2 1087 1231
2 1087 1233
2 1088 3199
2 1088 3209
2 1089 1109
2 1089 1340
2 1089 3207
2 1089 3435
2 1090 1341
2 1090 3436
2 1091 1110
2 1091 1342
2 1091 3208
2 1091 3437
2 1092 1343
2 1092 3438
2 1093 1579
2 1094 1580
2 1095 1096
2 1095 1097
2 1095 1288
2 1098 1105
2 1098 3229
2 1098 3396
2 1099 1101
2 1099 1109
2 1099 1274
2 1100 1103
2 1100 1110
2 1100 1275
2 1105 1106
2 1105 1107
2 1105 1108
2 1109 3216
2 1110 3217
2 1111 1116
2 1112 1117
2 1113 1114
2 1113 1118
2 1113 1244
2 1116 1247
2 1116 1249
2 1116 1251
2 1117 1248
2 1117 1250
2 1117 1252
2 1118 1119
2 1119 1376
2 1120 1377
2 1121 1126
2 1121 3246
2 1121 3383
2 1122 1124
2 1122 1127
2 1122 1256
2 1123 1125
2 1123 1128
2 1123 1257
2 1126 1262
2 1126 1263
2 1126 1264
2 1127 1129
2 1127 3240
2 1128 1130
2 1128 3241
2 1129 1386
2 1129 3266
2 1129 3490
2 1130 1387
2 1130 3267
2 1130 3491
2 1131 1138
2 1132 1134
2 1132 1142
2 1132 1267
2 1133 1136
2 1133 1143
2 1133 1268
2 1138 1139
2 1138 1140
2 1138 1141
2 1144 1591
2 1144 3266
2 1144 3361
2 1145 1592
2 1145 3267
2 1145 3362
2 1146 1147
2 1146 1148
2 1146 1239
2 1148 3247
2 1148 3261
2 1149 1153
2 1149 1688
2 1149 1742
2 1150 1154
2 1150 1689
2 1150 1743
2 1151 1152
2 1151 1155
2 1151 1204
2 1153 1206
2 1153 1208
2 1153 1210
2 1154 1207
2 1154 1209
2 1154 1211
2 1155 1682
2 1155 1690
2 1156 1202
2 1156 1562
2 1156 1688
2 1156 2054
2 1157 1203
2 1157 1563
2 1157 1689
2 1157 2055
2 1158 1163
2 1158 1703
2 1158 1747
2 1159 1161
2 1159 1167
2 1159 1213
2 1160 1162
2 1160 1168
2 1160 1214
2 1163 1164
2 1163 1165
2 1163 1166
2 1167 1169
2 1167 1691
2 1168 1170
2 1168 1692
2 1169 1538
2 1169 1742
2 1169 2036
2 1170 1539
2 1170 1743
2 1170 2037
2 1171 1585
2 1171 1712
2 1171 1754
2 1172 1586
2 1172 1713
2 1172 1755
2 1173 1174
2 1173 1176
2 1173 1221
2 1176 1705
2 1176 1714
2 1177 1219
2 1177 1572
2 1177 1712
2 1177 2082
2 1178 1220
2 1178 1573
2 1178 1713
2 1178 2083
2 1179 1574
2 1179 2084
2 1180 1575
2 1180 2085
2 1181 1188
2 1181 1729
2 1181 1734
2 1182 1186
2 1182 1192
2 1182 1198
2 1183 1187
2 1183 1193
2 1183 1199
2 1188 1189
2 1188 1190
2 1188 1191
2 1192 1196
2 1192 1716
2 1193 1197
2 1193 1717
2 1194 1521
2 1194 2094
2 1195 1522
2 1195 2095
2 1196 1523
2 1196 1754
2 1196 2096
2 1197 1524
2 1197 1755
2 1197 2097
2 1198 1200
2 1198 1202
2 1199 1201
2 1199 1203
2 1202 1716
2 1203 1717
2 1204 1205
2 1204 1212
2 1212 1682
2 1212 1704
2 1213 1215
2 1213 1219
2 1214 1216
2 1214 1220
2 1219 1691
2 1220 1692
2 1221 1223
2 1221 1224
2 1224 1705
2 1224 1731
2 1225 1227
2 1225 1234
2 1234 3199
2 1234 3356
2 1235 1482
2 1235 3549
2 1236 1265
2 1236 1483
2 1236 3353
2 1236 3550
2 1237 1484
2 1237 3551
2 1238 1266
2 1238 1485
2 1238 3354
2 1238 3552
2 1239 1240
2 1239 1241
2 1241 3261
2 1241 3363
2 1242 1278
2 1242 1454
2 1242 3361
2 1242 3600
2 1243 1279
2 1243 1455
2 1243 3362
2 1243 3601
2 1244 1245
2 1244 1253
2 1253 1254
2 1254 1460
2 1255 1461
2 1256 1259
2 1256 1265
2 1257 1261
2 1257 1266
2 1265 3240
2 1266 3241
2 1267 1269
2 1267 1271
2 1268 1270
2 1268 1272
2 1273 1290
2 1273 1439
2 1274 1276
2 1274 1278
2 1275 1277
2 1275 1279
2 1278 3216
2 1279 3217
2 1280 1282
2 1280 1286
2 1281 1283
2 1281 1287
2 1288 1289
2 1288 1290
2 1291 1297
2 1291 1305
2 1291 1562
2 1292 1298
2 1292 1306
2 1292 1563
2 1293 1295
2 1293 1305
2 1293 1558
2 1294 1296
2 1294 1306
2 1294 1559
2 1297 1299
2 1297 1301
2 1297 1303
2 1298 1300
2 1298 1302
2 1298 1304
2 1305 3209
2 1306 3210
2 1307 1310
2 1307 1311
2 1307 1500
2 1308 1309
2 1308 1311
2 1308 1495
2 1310 1497
2 1310 1498
2 1310 1499
2 1312 1324
2 1312 1340
2 1312 1572
2 1313 1325
2 1313 1341
2 1313 1573
2 1314 1326
2 1314 1342
2 1314 1574
2 1315 1327
2 1315 1343
2 1315 1575
2 1316 1320
2 1316 1340
2 1316 1564
2 1317 1321
2 1317 1341
2 1317 1565
2 1318 1322
2 1318 1342
2 1318 1566
2 1319 1323
2 1319 1343
2 1319 1567
2 1324 1328
2 1324 1332
2 1324 1336
2 1325 1329
2 1325 1333
2 1325 1337
2 1326 1330
2 1326 1334
2 1326 1338
2 1327 1331
2 1327 1335
2 1327 1339
2 1344 1350
2 1344 1358
2 1344 1556
2 1345 1351
2 1345 1359
2 1345 1557
2 1346 1348
2 1346 1358
2 1346 1552
2 1347 1349
2 1347 1359
2 1347 1553
2 1350 1352
2 1350 1354
2 1350 1356
2 1351 1353
2 1351 1355
2 1351 1357
2 1360 1363
2 1360 1367
2 1360 1527
2 1361 1362
2 1361 1367
2 1361 1525
2 1363 1364
2 1363 1365
2 1363 1366
2 1367 3247
2 1368 1374
2 1368 1376
2 1368 1538
2 1369 1375
2 1369 1377
2 1369 1539
2 1370 1372
2 1370 1376
2 1370 1528
2 1371 1373
2 1371 1377
2 1371 1529
2 1374 1532
2 1374 1534
2 1374 1536
2 1375 1533
2 1375 1535
2 1375 1537
2 1378 1384
2 1378 1386
2 1378 1550
2 1379 1385
2 1379 1387
2 1379 1551
2 1380 1382
2 1380 1386
2 1380 1540
2 1381 1383
2 1381 1387
2 1381 1541
2 1384 1544
2 1384 1546
2 1384 1548
2 1385 1545
2 1385 1547
2 1385 1549
2 1388 1400
2 1388 1404
2 1388 1521
2 1389 1401
2 1389 1405
2 1389 1522
2 1390 1402
2 1390 1406
2 1390 1523
2 1391 1403
2 1391 1407
2 1391 1524
2 1392 1396
2 1392 1404
2 1392 1501
2 1393 1397
2 1393 1405
2 1393 1502
2 1394 1398
2 1394 1406
2 1394 1503
2 1395 1399
2 1395 1407
2 1395 1504
2 1400 1509
2 1400 1513
2 1400 1517
2 1401 1510
2 1401 1514
2 1401 1518
2 1402 1511
2 1402 1515
2 1402 1519
2 1403 1512
2 1403 1516
2 1403 1520
2 1408 1420
2 1408 1424
2 1408 1482
2 1409 1421
2 1409 1425
2 1409 1483
2 1410 1422
2 1410 1426
2 1410 1484
2 1411 1423
2 1411 1427
2 1411 1485
2 1412 1416
2 1412 1424
2 1412 1462
2 1413 1417
2 1413 1425
2 1413 1463
2 1414 1418
2 1414 1426
2 1414 1464
2 1415 1419
2 1415 1427
2 1415 1465
2 1420 1470
2 1420 1474
2 1420 1478
2 1421 1471
2 1421 1475
2 1421 1479
2 1422 1472
2 1422 1476
2 1422 1480
2 1423 1473
2 1423 1477
2 1423 1481
2 1428 1434
2 1428 1490
2 1428 1597
2 1429 1435
2 1429 1491
2 1429 1598
2 1430 1432
2 1430 1434
2 1430 1486
2 1431 1433
2 1431 1435
2 1431 1487
2 1434 3355
2 1435 3356
2 1436 1439
2 1436 1494
2 1436 1576
2 1437 1438
2 1437 1439
2 1437 1492
2 1440 1446
2 1440 1454
2 1440 1460
2 1441 1447
2 1441 1455
2 1441 1461
2 1442 1444
2 1442 1454
2 1442 1456
2 1443 1445
2 1443 1455
2 1443 1457
2 1446 1448
2 1446 1450
2 1446 1452
2 1447 1449
2 1447 1451
2 1447 1453
2 1456 1458
2 1456 1460
2 1457 1459
2 1457 1461
2 1462 1466
2 1462 1482
2 1463 1467
2 1463 1483
2 1464 1468
2 1464 1484
2 1465 1469
2 1465 1485
2 1486 1488
2 1486 1490
2 1487 1489
2 1487 1491
2 1492 1493
2 1492 1494
2 1494 3363
2 1495 1496
2 1495 1500
2 1500 1704
2 1501 1505
2 1501 1521
2 1502 1506
2 1502 1522
2 1503 1507
2 1503 1523
2 1504 1508
2 1504 1524
2 1525 1526
2 1525 1527
2 1527 1690
2 1528 1530
2 1528 1538
2 1529 1531
2 1529 1539
2 1540 1542
2 1540 1550
2 1541 1543
2 1541 1551
2 1550 1714
2 1551 1715
2 1552 1554
2 1552 1556
2 1553 1555
2 1553 1557
2 1556 1730
2 1557 1731
2 1558 1560
2 1558 1562
2 1559 1561
2 1559 1563
2 1564 1568
2 1564 1572
2 1565 1569
2 1565 1573
2 1566 1570
2 1566 1574
2 1567 1571
2 1567 1575
2 1576 1577
2 1576 1578
2 1579 1581
2 1579 1583
2 1580 1582
2 1580 1584
2 1585 1587
2 1585 1589
2 1586 1588
2 1586 1590
2 1591 1593
2 1591 1595
2 1592 1594
2 1592 1596
2 1597 1599
2 1597 1601
2 1598 1600
2 1598 1602
2 1603 1604
2 1603 1605
2 1606 2131
2 1607 1610
2 1607 1613
2 1607 1811
2 1608 1612
2 1608 1614
2 1608 1812
2 1615 1838
2 1616 1631
2 1616 1839
2 1617 1621
2 1617 3733
2 1617 3876
2 1618 1622
2 1618 3734
2 1618 3877
2 1619 1620
2 1619 1623
2 1619 1756
2 1621 1759
2 1621 1761
2 1621 1763
2 1622 1760
2 1622 1762
2 1622 1764
2 1623 3727
2 1623 3735
2 1624 1641
2 1624 1854
2 1624 3733
2 1624 3944
2 1625 1642
2 1625 1855
2 1625 3734
2 1625 3945
2 1626 2110
2 1627 2111
2 1628 1630
2 1628 1631
2 1628 1819
2 1632 1637
2 1632 3754
2 1632 3919
2 1633 1635
2 1633 1641
2 1633 1805
2 1634 1636
2 1634 1642
2 1634 1806
2 1637 1638
2 1637 1639
2 1637 1640
2 1641 3742
2 1642 3743
2 1643 1647
2 1644 1648
2 1645 1646
2 1645 1649
2 1645 1775
2 1647 1778
2 1647 1780
2 1647 1782
2 1648 1779
2 1648 1781
2 1648 1783
2 1649 1650
2 1650 1908
2 1651 1658
2 1651 3770
2 1651 3906
2 1652 1655
2 1652 1659
2 1652 1787
2 1653 1657
2 1653 1660
2 1653 1788
2 1658 1793
2 1658 1794
2 1658 1795
2 1659 1662
2 1659 3763
2 1660 1664
2 1660 3764
2 1661 1925
2 1661 4024
2 1662 1926
2 1662 3791
2 1662 4025
2 1663 1927
2 1663 4026
2 1664 1928
2 1664 3792
2 1664 4027
2 1665 1670
2 1666 1668
2 1666 1674
2 1666 1798
2 1667 1669
2 1667 1675
2 1667 1799
2 1670 1671
2 1670 1672
2 1670 1673
2 1676 2119
2 1676 3791
2 1676 3884
2 1677 2120
2 1677 3792
2 1677 3885
2 1678 1680
2 1678 1681
2 1678 1770
2 1681 3772
2 1681 3784
2 1682 1687
2 1683 1685
2 1683 1688
2 1683 1735
2 1684 1686
2 1684 1689
2 1684 1736
2 1687 1739
2 1687 1740
2 1687 1741
2 1690 1734
2 1690 2100
2 1691 1695
2 1692 1696
2 1693 1694
2 1693 1703
2 1693 1744
2 1695 1697
2 1695 1699
2 1695 1701
2 1696 1698
2 1696 1700
2 1696 1702
2 1703 1704
2 1704 2061
2 1705 2116
2 1706 1708
2 1706 1712
2 1706 1748
2 1707 1709
2 1707 1713
2 1707 1749
2 1714 1747
2 1714 2105
2 1715 2106
2 1716 1721
2 1717 1722
2 1718 1720
2 1718 1729
2 1718 1732
2 1721 1723
2 1721 1725
2 1721 1727
2 1722 1724
2 1722 1726
2 1722 1728
2 1729 1731
2 1730 2048
2 1731 2049
2 1732 1733
2 1732 1734
2 1735 1737
2 1735 1742
2 1736 1738
2 1736 1743
2 1744 1745
2 1744 1747
2 1748 1752
2 1748 1754
2 1749 1753
2 1749 1755
2 1756 1758
2 1756 1765
2 1765 3727
2 1765 3879
2 1766 2013
2 1766 4075
2 1767 1796
2 1767 2014
2 1767 3876
2 1767 4076
2 1768 2015
2 1768 4077
2 1769 1797
2 1769 2016
2 1769 3877
2 1769 4078
2 1770 1771
2 1770 1772
2 1772 3784
2 1772 3886
2 1773 1809
2 1773 1985
2 1773 3884
2 1773 4126
2 1774 1810
2 1774 1986
2 1774 3885
2 1774 4127
2 1775 1776
2 1775 1784
2 1784 1785
2 1785 1991
2 1786 1992
2 1787 1790
2 1787 1796
2 1788 1792
2 1788 1797
2 1796 3763
2 1797 3764
2 1798 1800
2 1798 1802
2 1799 1801
2 1799 1803
2 1804 1821
2 1804 1970
2 1805 1807
2 1805 1809
2 1806 1808
2 1806 1810
2 1809 3742
2 1810 3743
2 1811 1813
2 1811 1817
2 1812 1814
2 1812 1818
2 1819 1820
2 1819 1821
2 1822 1825
2 1822 1829
2 1822 2100
2 1823 1824
2 1823 1829
2 1823 2098
2 1825 1826
2 1825 1827
2 1825 1828
2 1829 3735
2 1830 1836
2 1830 1838
2 1830 2036
2 1831 1837
2 1831 1839
2 1831 2037
2 1832 1834
2 1832 1838
2 1832 2026
2 1833 1835
2 1833 1839
2 1833 2027
2 1836 2030
2 1836 2032
2 1836 2034
2 1837 2031
2 1837 2033
2 1837 2035
2 1840 1846
2 1840 1854
2 1840 2105
2 1841 1847
2 1841 1855
2 1841 2106
2 1842 1844
2 1842 1854
2 1842 2101
2 1843 1845
2 1843 1855
2 1843 2102
2 1846 1848
2 1846 1850
2 1846 1852
2 1847 1849
2 1847 1851
2 1847 1853
2 1856 1868
2 1856 1884
2 1856 2094
2 1857 1869
2 1857 1885
2 1857 2095
2 1858 1870
2 1858 1886
2 1858 2096
2 1859 1871
2 1859 1887
2 1859 2097
2 1860 1864
2 1860 1884
2 1860 2086
2 1861 1865
2 1861 1885
2 1861 2087
2 1862 1866
2 1862 1886
2 1862 2088
2 1863 1867
2 1863 1887
2 1863 2089
2 1868 1872
2 1868 1876
2 1868 1880
2 1869 1873
2 1869 1877
2 1869 1881
2 1870 1874
2 1870 1878
2 1870 1882
2 1871 1875
2 1871 1879
2 1871 1883
2 1888 1894
2 1888 1902
2 1888 2054
2 1889 1895
2 1889 1903
2 1889 2055
2 1890 1892
2 1890 1902
2 1890 2050
2 1891 1893
2 1891 1903
2 1891 2051
2 1894 1896
2 1894 1898
2 1894 1900
2 1895 1897
2 1895 1899
2 1895 1901
2 1902 3771
2 1903 3772
2 1904 1907
2 1904 1908
2 1904 2061
2 1905 1906
2 1905 1908
2 1905 2056
2 1907 2058
2 1907 2059
2 1907 2060
2 1909 1921
2 1909 1925
2 1909 2082
2 1910 1922
2 1910 1926
2 1910 2083
2 1911 1923
2 1911 1927
2 1911 2084
2 1912 1924
2 1912 1928
2 1912 2085
2 1913 1917
2 1913 1925
2 1913 2062
2 1914 1918
2 1914 1926
2 1914 2063
2 1915 1919
2 1915 1927
2 1915 2064
2 1916 1920
2 1916 1928
2 1916 2065
2 1921 2070
2 1921 2074
2 1921 2078
2 1922 2071
2 1922 2075
2 1922 2079
2 1923 2072
2 1923 2076
2 1923 2080
2 1924 2073
2 1924 2077
2 1924 2081
2 1929 1935
2 1929 1937
2 1929 2048
2 1930 1936
2 1930 1938
2 1930 2049
2 1931 1933
2 1931 1937
2 1931 2038
2 1932 1934
2 1932 1938
2 1932 2039
2 1935 2042
2 1935 2044
2 1935 2046
2 1936 2043
2 1936 2045
2 1936 2047
2 1939 1951
2 1939 1955
2 1939 2013
2 1940 1952
2 1940 1956
2 1940 2014
2 1941 1953
2 1941 1957
2 1941 2015
2 1942 1954
2 1942 1958
2 1942 2016
2 1943 1947
2 1943 1955
2 1943 1993
2 1944 1948
2 1944 1956
2 1944 1994
2 1945 1949
2 1945 1957
2 1945 1995
2 1946 1950
2 1946 1958
2 1946 1996
2 1951 2001
2 1951 2005
2 1951 2009
2 1952 2002
2 1952 2006
2 1952 2010
2 1953 2003
2 1953 2007
2 1953 2011
2 1954 2004
2 1954 2008
2 1954 2012
2 1959 1965
2 1959 2021
2 1959 2125
2 1960 1966
2 1960 2022
2 1960 2126
2 1961 1963
2 1961 1965
2 1961 2017
2 1962 1964
2 1962 1966
2 1962 2018
2 1965 3878
2 1966 3879
2 1967 1970
2 1967 2025
2 1967 2107
2 1968 1969
2 1968 1970
2 1968 2023
2 1971 1977
2 1971 1985
2 1971 1991
2 1972 1978
2 1972 1986
2 1972 1992
2 1973 1975
2 1973 1985
2 1973 1987
2 1974 1976
2 1974 1986
2 1974 1988
2 1977 1979
2 1977 1981
2 1977 1983
2 1978 1980
2 1978 1982
2 1978 1984
2 1987 1989
2 1987 1991
2 1988 1990
2 1988 1992
2 1993 1997
2 1993 2013
2 1994 1998
2 1994 2014
2 1995 1999
2 1995 2015
2 1996 2000
2 1996 2016
2 2017 2019
2 2017 2021
2 2018 2020
2 2018 2022
2 2023 2024
2 2023 2025
2 2025 3886
2 2026 2028
2 2026 2036
2 2027 2029
2 2027 2037
2 2038 2040
2 2038 2048
2 2039 2041
2 2039 2049
2 2050 2052
2 2050 2054
2 2051 2053
2 2051 2055
2 2056 2057
2 2056 2061
2 2062 2066
2 2062 2082
2 2063 2067
2 2063 2083
2 2064 2068
2 2064 2084
2 2065 2069
2 2065 2085
2 2086 2090
2 2086 2094
2 2087 2091
2 2087 2095
2 2088 2092
2 2088 2096
2 2089 2093
2 2089 2097
2 2098 2099
2 2098 2100
2 2101 2103
2 2101 2105
2 2102 2104
2 2102 2106
2 2107 2108
2 2107 2109
2 2110 2112
2 2110 2114
2 2111 2113
2 2111 2115
2 2116 2117
2 2116 2118
2 2119 2121
2 2119 2123
2 2120 2122
2 2120 2124
2 2125 2127
2 2125 2129
2 2126 2128
2 2126 2130
2 2131 2132
2 2131 2133
2 2134 2659
2 2134 3196
2 2134 3401
2 2135 2660
2 2135 3197
2 2135 3402
2 2136 2137
2 2136 2138
2 2136 2345
2 2138 3191
2 2138 3198
2 2139 2158
2 2139 2396
2 2139 3196
2 2139 3474
2 2140 2159
2 2140 2397
2 2140 3197
2 2140 3475
2 2141 2148
2 2142 2144
2 2142 2149
2 2142 2293
2 2143 2146
2 2143 2150
2 2143 2294
2 2148 2297
2 2148 2298
2 2148 2299
2 2151 2173
2 2151 2412
2 2152 2413
2 2153 2641
2 2153 3215
2 2153 3406
2 2154 2156
2 2154 2158
2 2154 2348
2 2155 2157
2 2155 2159
2 2155 2349
2 2158 3211
2 2159 3212
2 2160 2165
2 2161 2166
2 2162 2163
2 2162 2173
2 2162 2341
2 2165 2167
2 2165 2169
2 2165 2171
2 2166 2168
2 2166 2170
2 2166 2172
2 2174 2181
2 2174 3237
2 2174 3372
2 2175 2177
2 2175 2182
2 2175 2313
2 2176 2179
2 2176 2183
2 2176 2314
2 2181 2317
2 2181 2318
2 2181 2319
2 2182 2184
2 2182 3230
2 2183 2186
2 2183 3231
2 2184 2454
2 2184 3259
2 2184 3523
2 2185 2455
2 2185 3524
2 2186 2456
2 2186 3260
2 2186 3525
2 2187 2457
2 2187 3526
2 2188 2192
2 2189 2193
2 2190 2191
2 2190 2194
2 2190 2324
2 2192 2326
2 2192 2328
2 2192 2330
2 2193 2327
2 2193 2329
2 2193 2331
2 2194 2195
2 2195 2462
2 2196 2201
2 2196 3259
2 2196 3390
2 2197 2202
2 2197 3260
2 2197 3391
2 2198 2199
2 2198 2209
2 2198 2333
2 2201 2203
2 2201 2205
2 2201 2207
2 2202 2204
2 2202 2206
2 2202 2208
2 2209 3238
2 2209 3248
2 2210 2650
2 2211 2213
2 2211 2215
2 2211 2303
2 2212 2214
2 2212 2216
2 2212 2304
2 2217 2222
2 2217 2756
2 2217 2811
2 2218 2223
2 2218 2757
2 2218 2812
2 2219 2221
2 2219 2224
2 2219 2274
2 2222 2277
2 2222 2279
2 2222 2281
2 2223 2278
2 2223 2280
2 2223 2282
2 2224 2748
2 2224 2759
2 2225 2619
2 2225 3115
2 2226 2620
2 2226 3116
2 2227 2272
2 2227 2621
2 2227 2756
2 2227 3117
2 2228 2273
2 2228 2622
2 2228 2757
2 2228 3118
2 2229 2236
2 2229 2773
2 2229 2815
2 2230 2232
2 2230 2240
2 2230 2284
2 2231 2233
2 2231 2241
2 2231 2285
2 2236 2237
2 2236 2238
2 2236 2239
2 2240 2242
2 2240 2760
2 2241 2243
2 2241 2761
2 2242 2598
2 2242 2811
2 2242 3097
2 2243 2599
2 2243 2812
2 2243 3098
2 2244 2600
2 2244 3099
2 2245 2601
2 2245 3100
2 2246 2644
2 2246 2781
2 2246 2820
2 2247 2645
2 2247 2782
2 2247 2821
2 2248 2249
2 2248 2250
2 2248 2290
2 2250 2776
2 2250 2783
2 2251 2288
2 2251 2627
2 2251 2781
2 2251 3141
2 2252 2289
2 2252 2628
2 2252 2782
2 2252 3142
2 2253 2258
2 2253 2796
2 2253 2801
2 2254 2256
2 2254 2262
2 2254 2266
2 2255 2257
2 2255 2263
2 2255 2267
2 2258 2259
2 2258 2260
2 2258 2261
2 2262 2264
2 2262 2784
2 2263 2265
2 2263 2785
2 2264 2570
2 2264 2820
2 2264 3147
2 2265 2571
2 2265 2821
2 2265 3148
2 2266 2270
2 2266 2272
2 2267 2271
2 2267 2273
2 2272 2784
2 2273 2785
2 2274 2275
2 2274 2283
2 2283 2748
2 2283 2774
2 2284 2286
2 2284 2288
2 2285 2287
2 2285 2289
2 2288 2760
2 2289 2761
2 2290 2291
2 2290 2292
2 2292 2776
2 2292 2797
2 2293 2295
2 2293 2300
2 2294 2296
2 2294 2301
2 2302 2332
2 2302 2529
2 2303 2305
2 2303 2309
2 2304 2307
2 2304 2310
2 2311 2344
2 2311 2516
2 2312 2517
2 2313 2315
2 2313 2320
2 2314 2316
2 2314 2321
2 2320 2322
2 2320 3230
2 2321 2323
2 2321 3231
2 2322 2522
2 2322 3401
2 2322 3535
2 2323 2523
2 2323 3402
2 2323 3536
2 2324 2325
2 2324 2332
2 2333 2335
2 2333 2336
2 2336 3248
2 2336 3393
2 2337 2498
2 2337 3592
2 2338 2499
2 2338 3593
2 2339 2354
2 2339 2500
2 2339 3390
2 2339 3594
2 2340 2355
2 2340 2501
2 2340 3391
2 2340 3595
2 2341 2342
2 2341 2344
2 2345 2346
2 2345 2347
2 2347 3191
2 2347 3373
2 2348 2352
2 2348 2354
2 2349 2353
2 2349 2355
2 2354 3211
2 2355 3212
2 2356 2368
2 2356 2384
2 2356 2619
2 2357 2369
2 2357 2385
2 2357 2620
2 2358 2370
2 2358 2386
2 2358 2621
2 2359 2371
2 2359 2387
2 2359 2622
2 2360 2364
2 2360 2384
2 2360 2611
2 2361 2365
2 2361 2385
2 2361 2612
2 2362 2366
2 2362 2386
2 2362 2613
2 2363 2367
2 2363 2387
2 2363 2614
2 2368 2372
2 2368 2376
2 2368 2380
2 2369 2373
2 2369 2377
2 2369 2381
2 2370 2374
2 2370 2378
2 2370 2382
2 2371 2375
2 2371 2379
2 2371 2383
2 2388 2394
2 2388 2396
2 2388 2558
2 2389 2395
2 2389 2397
2 2389 2559
2 2390 2392
2 2390 2396
2 2390 2548
2 2391 2393
2 2391 2397
2 2391 2549
2 2394 2552
2 2394 2554
2 2394 2556
2 2395 2553
2 2395 2555
2 2395 2557
2 2398 2404
2 2398 2412
2 2398 2627
2 2399 2405
2 2399 2413
2 2399 2628
2 2400 2402
2 2400 2412
2 2400 2623
2 2401 2403
2 2401 2413
2 2401 2624
2 2404 2406
2 2404 2408
2 2404 2410
2 2405 2407
2 2405 2409
2 2405 2411
2 2414 2417
2 2414 2421
2 2414 2610
2 2415 2416
2 2415 2421
2 2415 2608
2 2417 2418
2 2417 2419
2 2417 2420
2 2421 3198
2 2422 2428
2 2422 2436
2 2422 2576
2 2423 2429
2 2423 2437
2 2423 2577
2 2424 2426
2 2424 2436
2 2424 2572
2 2425 2427
2 2425 2437
2 2425 2573
2 2428 2430
2 2428 2432
2 2428 2434
2 2429 2431
2 2429 2433
2 2429 2435
2 2438 2450
2 2438 2454
2 2438 2598
2 2439 2451
2 2439 2455
2 2439 2599
2 2440 2452
2 2440 2456
2 2440 2600
2 2441 2453
2 2441 2457
2 2441 2601
2 2442 2446
2 2442 2454
2 2442 2578
2 2443 2447
2 2443 2455
2 2443 2579
2 2444 2448
2 2444 2456
2 2444 2580
2 2445 2449
2 2445 2457
2 2445 2581
2 2450 2586
2 2450 2590
2 2450 2594
2 2451 2587
2 2451 2591
2 2451 2595
2 2452 2588
2 2452 2592
2 2452 2596
2 2453 2589
2 2453 2593
2 2453 2597
2 2458 2461
2 2458 2462
2 2458 2607
2 2459 2460
2 2459 2462
2 2459 2602
2 2461 2604
2 2461 2605
2 2461 2606
2 2463 2469
2 2463 2471
2 2463 2570
2 2464 2470
2 2464 2472
2 2464 2571
2 2465 2467
2 2465 2471
2 2465 2560
2 2466 2468
2 2466 2472
2 2466 2561
2 2469 2564
2 2469 2566
2 2469 2568
2 2470 2565
2 2470 2567
2 2470 2569
2 2471 3238
2 2472 3239
2 2473 2476
2 2473 2477
2 2473 2529
2 2474 2475
2 2474 2477
2 2474 2524
2 2476 2526
2 2476 2527
2 2476 2528
2 2477 3373
2 2478 2484
2 2478 2534
2 2478 2653
2 2479 2485
2 2479 2535
2 2479 2654
2 2480 2482
2 2480 2484
2 2480 2530
2 2481 2483
2 2481 2485
2 2481 2531
2 2486 2498
2 2486 2544
2 2486 2629
2 2487 2499
2 2487 2545
2 2487 2630
2 2488 2500
2 2488 2546
2 2488 2631
2 2489 2501
2 2489 2547
2 2489 2632
2 2490 2494
2 2490 2498
2 2490 2536
2 2491 2495
2 2491 2499
2 2491 2537
2 2492 2496
2 2492 2500
2 2492 2538
2 2493 2497
2 2493 2501
2 2493 2539
2 2502 2508
2 2502 2516
2 2502 2522
2 2503 2509
2 2503 2517
2 2503 2523
2 2504 2506
2 2504 2516
2 2504 2518
2 2505 2507
2 2505 2517
2 2505 2519
2 2508 2510
2 2508 2512
2 2508 2514
2 2509 2511
2 2509 2513
2 2509 2515
2 2518 2520
2 2518 2522
2 2519 2521
2 2519 2523
2 2524 2525
2 2524 2529
2 2530 2532
2 2530 2534
2 2531 2533
2 2531 2535
2 2534 3392
2 2535 3393
2 2536 2540
2 2536 2544
2 2537 2541
2 2537 2545
2 2538 2542
2 2538 2546
2 2539 2543
2 2539 2547
2 2548 2550
2 2548 2558
2 2549 2551
2 2549 2559
2 2558 2774
2 2559 2775
2 2560 2562
2 2560 2570
2 2561 2563
2 2561 2571
2 2572 2574
2 2572 2576
2 2573 2575
2 2573 2577
2 2576 2758
2 2577 2759
2 2578 2582
2 2578 2598
2 2579 2583
2 2579 2599
2 2580 2584
2 2580 2600
2 2581 2585
2 2581 2601
2 2602 2603
2 2602 2607
2 2607 2783
2 2608 2609
2 2608 2610
2 2610 2797
2 2611 2615
2 2611 2619
2 2612 2616
2 2612 2620
2 2613 2617
2 2613 2621
2 2614 2618
2 2614 2622
2 2623 2625
2 2623 2627
2 2624 2626
2 2624 2628
2 2629 2633
2 2629 2637
2 2630 2634
2 2630 2638
2 2631 2635
2 2631 2639
2 2632 2636
2 2632 2640
2 2641 2642
2 2641 2643
2 2644 2646
2 2644 2648
2 2645 2647
2 2645 2649
2 2650 2651
2 2650 2652
2 2653 2655
2 2653 2657
2 2654 2656
2 2654 2658
2 2659 2661
2 2659 2663
2 2660 2662
2 2660 2664
2 2665 3185
2 2665 3723
2 2665 3924
2 2666 3186
2 2666 3724
2 2666 3925
2 2667 2669
2 2667 2670
2 2667 2874
2 2670 3716
2 2670 3726
2 2671 2917
2 2671 3992
2 2672 2691
2 2672 2918
2 2672 3723
2 2672 3993
2 2673 2919
2 2673 3994
2 2674 2692
2 2674 2920
2 2674 3724
2 2674 3995
2 2675 2680
2 2676 2678
2 2676 2681
2 2676 2822
2 2677 2679
2 2677 2682
2 2677 2823
2 2680 2826
2 2680 2827
2 2680 2828
2 2683 2705
2 2683 2928
2 2684 3170
2 2684 3741
2 2684 3929
2 2685 2688
2 2685 2691
2 2685 2877
2 2686 2690
2 2686 2692
2 2686 2878
2 2691 3736
2 2692 3737
2 2693 2697
2 2694 2698
2 2695 2696
2 2695 2705
2 2695 2870
2 2697 2699
2 2697 2701
2 2697 2703
2 2698 2700
2 2698 2702
2 2698 2704
2 2706 2711
2 2706 3761
2 2706 3895
2 2707 2709
2 2707 2712
2 2707 2842
2 2708 2710
2 2708 2713
2 2708 2843
2 2711 2846
2 2711 2847
2 2711 2848
2 2712 2714
2 2712 3755
2 2713 2715
2 2713 3756
2 2714 2985
2 2714 3782
2 2714 4051
2 2715 2986
2 2715 3783
2 2715 4052
2 2716 2721
2 2717 2722
2 2718 2720
2 2718 2723
2 2718 2853
2 2721 2855
2 2721 2857
2 2721 2859
2 2722 2856
2 2722 2858
2 2722 2860
2 2723 2725
2 2724 2995
2 2725 2996
2 2726 2730
2 2726 3782
2 2726 3913
2 2727 2731
2 2727 3783
2 2727 3914
2 2728 2729
2 2728 2738
2 2728 2862
2 2730 2732
2 2730 2734
2 2730 2736
2 2731 2733
2 2731 2735
2 2731 2737
2 2738 3762
2 2738 3773
2 2739 3176
2 2740 2743
2 2740 2746
2 2740 2832
2 2741 2745
2 2741 2747
2 2741 2833
2 2748 2755
2 2749 2753
2 2749 2756
2 2749 2802
2 2750 2754
2 2750 2757
2 2750 2803
2 2755 2808
2 2755 2809
2 2755 2810
2 2758 3153
2 2759 2801
2 2759 3154
2 2760 2765
2 2761 2766
2 2762 2763
2 2762 2773
2 2762 2813
2 2765 2767
2 2765 2769
2 2765 2771
2 2766 2768
2 2766 2770
2 2766 2772
2 2773 2774
2 2774 3129
2 2775 3130
2 2776 3173
2 2777 2779
2 2777 2781
2 2777 2816
2 2778 2780
2 2778 2782
2 2778 2817
2 2783 2815
2 2783 3157
2 2784 2788
2 2785 2789
2 2786 2787
2 2786 2796
2 2786 2798
2 2788 2790
2 2788 2792
2 2788 2794
2 2789 2791
2 2789 2793
2 2789 2795
2 2796 2797
2 2797 3106
2 2798 2800
2 2798 2801
2 2802 2804
2 2802 2811
2 2803 2805
2 2803 2812
2 2813 2814
2 2813 2815
2 2816 2818
2 2816 2820
2 2817 2819
2 2817 2821
2 2822 2824
2 2822 2829
2 2823 2825
2 2823 2830
2 2831 2861
2 2831 3058
2 2832 2834
2 2832 2838
2 2833 2836
2 2833 2839
2 2840 2873
2 2840 3045
2 2841 3046
2 2842 2844
2 2842 2849
2 2843 2845
2 2843 2850
2 2849 2851
2 2849 3755
2 2850 2852
2 2850 3756
2 2851 3051
2 2851 3924
2 2851 4061
2 2852 3052
2 2852 3925
2 2852 4062
2 2853 2854
2 2853 2861
2 2862 2864
2 2862 2865
2 2865 3773
2 2865 3916
2 2866 3027
2 2866 4118
2 2867 3028
2 2867 4119
2 2868 2883
2 2868 3029
2 2868 3913
2 2868 4120
2 2869 2884
2 2869 3030
2 2869 3914
2 2869 4121
2 2870 2871
2 2870 2873
2 2874 2875
2 2874 2876
2 2876 3716
2 2876 3896
2 2877 2881
2 2877 2883
2 2878 2882
2 2878 2884
2 2883 3736
2 2884 3737
2 2885 2891
2 2885 2899
2 2885 3153
2 2886 2892
2 2886 2900
2 2886 3154
2 2887 2889
2 2887 2899
2 2887 3149
2 2888 2890
2 2888 2900
2 2888 3150
2 2891 2893
2 2891 2895
2 2891 2897
2 2892 2894
2 2892 2896
2 2892 2898
2 2901 2913
2 2901 2917
2 2901 3097
2 2902 2914
2 2902 2918
2 2902 3098
2 2903 2915
2 2903 2919
2 2903 3099
2 2904 2916
2 2904 2920
2 2904 3100
2 2905 2909
2 2905 2917
2 2905 3077
2 2906 2910
2 2906 2918
2 2906 3078
2 2907 2911
2 2907 2919
2 2907 3079
2 2908 2912
2 2908 2920
2 2908 3080
2 2913 3085
2 2913 3089
2 2913 3093
2 2914 3086
2 2914 3090
2 2914 3094
2 2915 3087
2 2915 3091
2 2915 3095
2 2916 3088
2 2916 3092
2 2916 3096
2 2921 2924
2 2921 2928
2 2921 3157
2 2922 2923
2 2922 2928
2 2922 3155
2 2924 2925
2 2924 2926
2 2924 2927
2 2929 2935
2 2929 2943
2 2929 3147
2 2930 2936
2 2930 2944
2 2930 3148
2 2931 2933
2 2931 2943
2 2931 3143
2 2932 2934
2 2932 2944
2 2932 3144
2 2935 2937
2 2935 2939
2 2935 2941
2 2936 2938
2 2936 2940
2 2936 2942
2 2943 3725
2 2944 3726
2 2945 2957
2 2945 2973
2 2945 3115
2 2946 2958
2 2946 2974
2 2946 3116
2 2947 2959
2 2947 2975
2 2947 3117
2 2948 2960
2 2948 2976
2 2948 3118
2 2949 2953
2 2949 2973
2 2949 3107
2 2950 2954
2 2950 2974
2 2950 3108
2 2951 2955
2 2951 2975
2 2951 3109
2 2952 2956
2 2952 2976
2 2952 3110
2 2957 2961
2 2957 2965
2 2957 2969
2 2958 2962
2 2958 2966
2 2958 2970
2 2959 2963
2 2959 2967
2 2959 2971
2 2960 2964
2 2960 2968
2 2960 2972
2 2977 2983
2 2977 2985
2 2977 3129
2 2978 2984
2 2978 2986
2 2978 3130
2 2979 2981
2 2979 2985
2 2979 3119
2 2980 2982
2 2980 2986
2 2980 3120
2 2983 3123
2 2983 3125
2 2983 3127
2 2984 3124
2 2984 3126
2 2984 3128
2 2987 2993
2 2987 2995
2 2987 3141
2 2988 2994
2 2988 2996
2 2988 3142
2 2989 2991
2 2989 2995
2 2989 3131
2 2990 2992
2 2990 2996
2 2990 3132
2 2993 3135
2 2993 3137
2 2993 3139
2 2994 3136
2 2994 3138
2 2994 3140
2 2997 3000
2 2997 3001
2 2997 3106
2 2998 2999
2 2998 3001
2 2998 3101
2 3000 3103
2 3000 3104
2 3000 3105
2 3001 3762
2 3002 3005
2 3002 3006
2 3002 3058
2 3003 3004
2 3003 3006
2 3003 3053
2 3005 3055
2 3005 3056
2 3005 3057
2 3006 3896
2 3007 3013
2 3007 3063
2 3007 3179
2 3008 3014
2 3008 3064
2 3008 3180
2 3009 3011
2 3009 3013
2 3009 3059
2 3010 3012
2 3010 3014
2 3010 3060
2 3015 3027
2 3015 3073
2 3015 3158
2 3016 3028
2 3016 3074
2 3016 3159
2 3017 3029
2 3017 3075
2 3017 3160
2 3018 3030
2 3018 3076
2 3018 3161
2 3019 3023
2 3019 3027
2 3019 3065
2 3020 3024
2 3020 3028
2 3020 3066
2 3021 3025
2 3021 3029
2 3021 3067
2 3022 3026
2 3022 3030
2 3022 3068
2 3031 3037
2 3031 3045
2 3031 3051
2 3032 3038
2 3032 3046
2 3032 3052
2 3033 3035
2 3033 3045
2 3033 3047
2 3034 3036
2 3034 3046
2 3034 3048
2 3037 3039
2 3037 3041
2 3037 3043
2 3038 3040
2 3038 3042
2 3038 3044
2 3047 3049
2 3047 3051
2 3048 3050
2 3048 3052
2 3053 3054
2 3053 3058
2 3059 3061
2 3059 3063
2 3060 3062
2 3060 3064
2 3063 3915
2 3064 3916
2 3065 3069
2 3065 3073
2 3066 3070
2 3066 3074
2 3067 3071
2 3067 3075
2 3068 3072
2 3068 3076
2 3077 3081
2 3077 3097
2 3078 3082
2 3078 3098
2 3079 3083
2 3079 3099
2 3080 3084
2 3080 3100
2 3101 3102
2 3101 3106
2 3107 3111
2 3107 3115
2 3108 3112
2 3108 3116
2 3109 3113
2 3109 3117
2 3110 3114
2 3110 3118
2 3119 3121
2 3119 3129
2 3120 3122
2 3120 3130
2 3131 3133
2 3131 3141
2 3132 3134
2 3132 3142
2 3143 3145
2 3143 3147
2 3144 3146
2 3144 3148
2 3149 3151
2 3149 3153
2 3150 3152
2 3150 3154
2 3155 3156
2 3155 3157
2 3158 3162
2 3158 3166
2 3159 3163
2 3159 3167
2 3160 3164
2 3160 3168
2 3161 3165
2 3161 3169
2 3170 3171
2 3170 3172
2 3173 3174
2 3173 3175
2 3176 3177
2 3176 3178
2 3179 3181
2 3179 3183
2 3180 3182
2 3180 3184
2 3185 3187
2 3185 3189
2 3186 3188
2 3186 3190
2 3191 3713
2 3192 3194
2 3192 3196
2 3192 3397
2 3193 3195
2 3193 3197
2 3193 3398
2 3198 3215
2 3198 3443
2 3199 3206
2 3200 3202
2 3200 3207
2 3200 3344
2 3201 3204
2 3201 3208
2 3201 3345
2 3206 3350
2 3206 3351
2 3206 3352
2 3209 3229
2 3209 3458
2 3210 3459
2 3211 3686
2 3212 3687
2 3213 3214
2 3213 3215
2 3213 3403
2 3216 3221
2 3217 3222
2 3218 3219
2 3218 3229
2 3218 3394
2 3221 3223
2 3221 3225
2 3221 3227
2 3222 3224
2 3222 3226
2 3222 3228
2 3230 3235
2 3231 3236
2 3232 3233
2 3232 3237
2 3232 3364
2 3235 3366
2 3235 3368
2 3235 3370
2 3236 3367
2 3236 3369
2 3236 3371
2 3237 3238
2 3238 3500
2 3239 3501
2 3240 3244
2 3241 3245
2 3242 3243
2 3242 3246
2 3242 3374
2 3244 3377
2 3244 3379
2 3244 3381
2 3245 3378
2 3245 3380
2 3245 3382
2 3246 3247
2 3247 3506
2 3248 3255
2 3249 3251
2 3249 3259
2 3249 3384
2 3250 3253
2 3250 3260
2 3250 3385
2 3255 3256
2 3255 3257
2 3255 3258
2 3261 3698
2 3262 3264
2 3262 3266
2 3262 3357
2 3263 3265
2 3263 3267
2 3263 3358
2 3268 3273
2 3268 3801
2 3268 3854
2 3269 3274
2 3269 3802
2 3269 3855
2 3270 3272
2 3270 3275
2 3270 3325
2 3273 3327
2 3273 3329
2 3273 3331
2 3274 3328
2 3274 3330
2 3274 3332
2 3275 3793
2 3275 3804
2 3276 3670
2 3276 4160
2 3277 3671
2 3277 4161
2 3278 3323
2 3278 3672
2 3278 3801
2 3278 4162
2 3279 3324
2 3279 3673
2 3279 3802
2 3279 4163
2 3280 3285
2 3280 3817
2 3280 3858
2 3281 3283
2 3281 3289
2 3281 3334
2 3282 3284
2 3282 3290
2 3282 3335
2 3285 3286
2 3285 3287
2 3285 3288
2 3289 3291
2 3289 3805
2 3290 3292
2 3290 3806
2 3291 3648
2 3291 3854
2 3291 4138
2 3292 3649
2 3292 3855
2 3292 4139
2 3293 3692
2 3293 3824
2 3293 3865
2 3294 3693
2 3294 3825
2 3294 3866
2 3295 3296
2 3295 3297
2 3295 3340
2 3297 3819
2 3297 3826
2 3298 3338
2 3298 3678
2 3298 3824
2 3298 4180
2 3299 3339
2 3299 3679
2 3299 3825
2 3299 4181
2 3300 3307
2 3300 3840
2 3300 3846
2 3301 3305
2 3301 3311
2 3301 3317
2 3302 3306
2 3302 3312
2 3302 3318
2 3307 3308
2 3307 3309
2 3307 3310
2 3311 3315
2 3311 3827
2 3312 3316
2 3312 3828
2 3313 3628
2 3313 4190
2 3314 3629
2 3314 4191
2 3315 3630
2 3315 3865
2 3315 4192
2 3316 3631
2 3316 3866
2 3316 4193
2 3317 3321
2 3317 3323
2 3318 3322
2 3318 3324
2 3323 3827
2 3324 3828
2 3325 3326
2 3325 3333
2 3333 3793
2 3333 3818
2 3334 3336
2 3334 3338
2 3335 3337
2 3335 3339
2 3338 3805
2 3339 3806
2 3340 3342
2 3340 3343
2 3343 3819
2 3343 3842
2 3344 3347
2 3344 3353
2 3345 3349
2 3345 3354
2 3355 3582
2 3356 3383
2 3356 3583
2 3357 3359
2 3357 3361
2 3358 3360
2 3358 3362
2 3363 3396
2 3363 3568
2 3364 3365
2 3364 3372
2 3372 3373
2 3373 3571
2 3374 3376
2 3374 3383
2 3384 3388
2 3384 3390
2 3385 3389
2 3385 3391
2 3392 3559
2 3393 3406
2 3393 3560
2 3394 3395
2 3394 3396
2 3397 3399
2 3397 3401
2 3398 3400
2 3398 3402
2 3403 3405
2 3403 3406
2 3407 3419
2 3407 3435
2 3407 3670
2 3408 3420
2 3408 3436
2 3408 3671
2 3409 3421
2 3409 3437
2 3409 3672
2 3410 3422
2 3410 3438
2 3410 3673
2 3411 3415
2 3411 3435
2 3411 3662
2 3412 3416
2 3412 3436
2 3412 3663
2 3413 3417
2 3413 3437
2 3413 3664
2 3414 3418
2 3414 3438
2 3414 3665
2 3419 3423
2 3419 3427
2 3419 3431
2 3420 3424
2 3420 3428
2 3420 3432
2 3421 3425
2 3421 3429
2 3421 3433
2 3422 3426
2 3422 3430
2 3422 3434
2 3439 3442
2 3439 3443
2 3439 3607
2 3440 3441
2 3440 3443
2 3440 3602
2 3442 3604
2 3442 3605
2 3442 3606
2 3444 3450
2 3444 3458
2 3444 3678
2 3445 3451
2 3445 3459
2 3445 3679
2 3446 3448
2 3446 3458
2 3446 3674
2 3447 3449
2 3447 3459
2 3447 3675
2 3450 3452
2 3450 3454
2 3450 3456
2 3451 3453
2 3451 3455
2 3451 3457
2 3460 3466
2 3460 3474
2 3460 3660
2 3461 3467
2 3461 3475
2 3461 3661
2 3462 3464
2 3462 3474
2 3462 3656
2 3463 3465
2 3463 3475
2 3463 3657
2 3466 3468
2 3466 3470
2 3466 3472
2 3467 3469
2 3467 3471
2 3467 3473
2 3476 3482
2 3476 3490
2 3476 3636
2 3477 3483
2 3477 3491
2 3477 3637
2 3478 3480
2 3478 3490
2 3478 3632
2 3479 3481
2 3479 3491
2 3479 3633
2 3482 3484
2 3482 3486
2 3482 3488
2 3483 3485
2 3483 3487
2 3483 3489
2 3492 3498
2 3492 3500
2 3492 3648
2 3493 3499
2 3493 3501
2 3493 3649
2 3494 3496
2 3494 3500
2 3494 3638
2 3495 3497
2 3495 3501
2 3495 3639
2 3498 3642
2 3498 3644
2 3498 3646
2 3499 3643
2 3499 3645
2 3499 3647
2 3502 3505
2 3502 3506
2 3502 3655
2 3503 3504
2 3503 3506
2 3503 3650
2 3505 3652
2 3505 3653
2 3505 3654
2 3507 3519
2 3507 3523
2 3507 3628
2 3508 3520
2 3508 3524
2 3508 3629
2 3509 3521
2 3509 3525
2 3509 3630
2 3510 3522
2 3510 3526
2 3510 3631
2 3511 3515
2 3511 3523
2 3511 3608
2 3512 3516
2 3512 3524
2 3512 3609
2 3513 3517
2 3513 3525
2 3513 3610
2 3514 3518
2 3514 3526
2 3514 3611
2 3519 3616
2 3519 3620
2 3519 3624
2 3520 3617
2 3520 3621
2 3520 3625
2 3521 3618
2 3521 3622
2 3521 3626
2 3522 3619
2 3522 3623
2 3522 3627
2 3527 3533
2 3527 3535
2 3527 3582
2 3528 3534
2 3528 3536
2 3528 3583
2 3529 3531
2 3529 3535
2 3529 3572
2 3530 3532
2 3530 3536
2 3530 3573
2 3533 3576
2 3533 3578
2 3533 3580
2 3534 3577
2 3534 3579
2 3534 3581
2 3537 3549
2 3537 3592
2 3537 3701
2 3538 3550
2 3538 3593
2 3538 3702
2 3539 3551
2 3539 3594
2 3539 3703
2 3540 3552
2 3540 3595
2 3540 3704
2 3541 3545
2 3541 3549
2 3541 3584
2 3542 3546
2 3542 3550
2 3542 3585
2 3543 3547
2 3543 3551
2 3543 3586
2 3544 3548
2 3544 3552
2 3544 3587
2 3553 3559
2 3553 3600
2 3553 3680
2 3554 3560
2 3554 3601
2 3554 3681
2 3555 3557
2 3555 3559
2 3555 3596
2 3556 3558
2 3556 3560
2 3556 3597
2 3561 3564
2 3561 3568
2 3561 3571
2 3562 3563
2 3562 3568
2 3562 3569
2 3564 3565
2 3564 3566
2 3564 3567
2 3569 3570
2 3569 3571
2 3572 3574
2 3572 3582
2 3573 3575
2 3573 3583
2 3584 3588
2 3584 3592
2 3585 3589
2 3585 3593
2 3586 3590
2 3586 3594
2 3587 3591
2 3587 3595
2 3596 3598
2 3596 3600
2 3597 3599
2 3597 3601
2 3602 3603
2 3602 3607
2 3607 3818
2 3608 3612
2 3608 3628
2 3609 3613
2 3609 3629
2 3610 3614
2 3610 3630
2 3611 3615
2 3611 3631
2 3632 3634
2 3632 3636
2 3633 3635
2 3633 3637
2 3636 3803
2 3637 3804
2 3638 3640
2 3638 3648
2 3639 3641
2 3639 3649
2 3650 3651
2 3650 3655
2 3655 3826
2 3656 3658
2 3656 3660
2 3657 3659
2 3657 3661
2 3660 3841
2 3661 3842
2 3662 3666
2 3662 3670
2 3663 3667
2 3663 3671
2 3664 3668
2 3664 3672
2 3665 3669
2 3665 3673
2 3674 3676
2 3674 3678
2 3675 3677
2 3675 3679
2 3680 3682
2 3680 3684
2 3681 3683
2 3681 3685
2 3686 3688
2 3686 3690
2 3687 3689
2 3687 3691
2 3692 3694
2 3692 3696
2 3693 3695
2 3693 3697
2 3698 3699
2 3698 3700
2 3701 3705
2 3701 3709
2 3702 3706
2 3702 3710
2 3703 3707
2 3703 3711
2 3704 3708
2 3704 3712
2 3713 3714
2 3713 3715
2 3716 4233
2 3717 3720
2 3717 3723
2 3717 3920
2 3718 3722
2 3718 3724
2 3718 3921
2 3725 3954
2 3726 3741
2 3726 3955
2 3727 3732
2 3728 3730
2 3728 3733
2 3728 3867
2 3729 3731
2 3729 3734
2 3729 3868
2 3732 3873
2 3732 3874
2 3732 3875
2 3735 3754
2 3735 3963
2 3736 4209
2 3737 4210
2 3738 3740
2 3738 3741
2 3738 3926
2 3742 3746
2 3743 3747
2 3744 3745
2 3744 3754
2 3744 3917
2 3746 3748
2 3746 3750
2 3746 3752
2 3747 3749
2 3747 3751
2 3747 3753
2 3755 3759
2 3756 3760
2 3757 3758
2 3757 3761
2 3757 3887
2 3759 3889
2 3759 3891
2 3759 3893
2 3760 3890
2 3760 3892
2 3760 3894
2 3761 3762
2 3762 4032
2 3763 3768
2 3764 3769
2 3765 3767
2 3765 3770
2 3765 3897
2 3768 3900
2 3768 3902
2 3768 3904
2 3769 3901
2 3769 3903
2 3769 3905
2 3770 3772
2 3771 4041
2 3772 4042
2 3773 3778
2 3774 3776
2 3774 3782
2 3774 3907
2 3775 3777
2 3775 3783
2 3775 3908
2 3778 3779
2 3778 3780
2 3778 3781
2 3784 4218
2 3785 3788
2 3785 3791
2 3785 3880
2 3786 3790
2 3786 3792
2 3786 3881
2 3793 3800
2 3794 3798
2 3794 3801
2 3794 3847
2 3795 3799
2 3795 3802
2 3795 3848
2 3800 3851
2 3800 3852
2 3800 3853
2 3803 4198
2 3804 3846
2 3804 4199
2 3805 3809
2 3806 3810
2 3807 3808
2 3807 3817
2 3807 3856
2 3809 3811
2 3809 3813
2 3809 3815
2 3810 3812
2 3810 3814
2 3810 3816
2 3817 3818
2 3818 4169
2 3819 4215
2 3820 3822
2 3820 3824
2 3820 3859
2 3821 3823
2 3821 3825
2 3821 3860
2 3826 3858
2 3826 4202
2 3827 3832
2 3828 3833
2 3829 3831
2 3829 3840
2 3829 3843
2 3832 3834
2 3832 3836
2 3832 3838
2 3833 3835
2 3833 3837
2 3833 3839
2 3840 3842
2 3841 4150
2 3842 4151
2 3843 3845
2 3843 3846
2 3847 3849
2 3847 3854
2 3848 3850
2 3848 3855
2 3856 3857
2 3856 3858
2 3859 3863
2 3859 3865
2 3860 3864
2 3860 3866
2 3867 3870
2 3867 3876
2 3868 3872
2 3868 3877
2 3878 4108
2 3879 3906
2 3879 4109
2 3880 3882
2 3880 3884
2 3881 3883
2 3881 3885
2 3886 3919
2 3886 4094
2 3887 3888
2 3887 3895
2 3895 3896
2 3896 4097
2 3897 3899
2 3897 3906
2 3907 3911
2 3907 3913
2 3908 3912
2 3908 3914
2 3915 4085
2 3916 3929
2 3916 4086
2 3917 3918
2 3917 3919
2 3920 3922
2 3920 3924
2 3921 3923
2 3921 3925
2 3926 3928
2 3926 3929
2 3930 3936
2 3930 3944
2 3930 4198
2 3931 3937
2 3931 3945
2 3931 4199
2 3932 3934
2 3932 3944
2 3932 4194
2 3933 3935
2 3933 3945
2 3933 4195
2 3936 3938
2 3936 3940
2 3936 3942
2 3937 3939
2 3937 3941
2 3937 3943
2 3946 3952
2 3946 3954
2 3946 4138
2 3947 3953
2 3947 3955
2 3947 4139
2 3948 3950
2 3948 3954
2 3948 4128
2 3949 3951
2 3949 3955
2 3949 4129
2 3952 4132
2 3952 4134
2 3952 4136
2 3953 4133
2 3953 4135
2 3953 4137
2 3956 3959
2 3956 3963
2 3956 4202
2 3957 3958
2 3957 3963
2 3957 4200
2 3959 3960
2 3959 3961
2 3959 3962
2 3964 3976
2 3964 3992
2 3964 4190
2 3965 3977
2 3965 3993
2 3965 4191
2 3966 3978
2 3966 3994
2 3966 4192
2 3967 3979
2 3967 3995
2 3967 4193
2 3968 3972
2 3968 3992
2 3968 4182
2 3969 3973
2 3969 3993
2 3969 4183
2 3970 3974
2 3970 3994
2 3970 4184
2 3971 3975
2 3971 3995
2 3971 4185
2 3976 3980
2 3976 3984
2 3976 3988
2 3977 3981
2 3977 3985
2 3977 3989
2 3978 3982
2 3978 3986
2 3978 3990
2 3979 3983
2 3979 3987
2 3979 3991
2 3996 4008
2 3996 4024
2 3996 4160
2 3997 4009
2 3997 4025
2 3997 4161
2 3998 4010
2 3998 4026
2 3998 4162
2 3999 4011
2 3999 4027
2 3999 4163
2 4000 4004
2 4000 4024
2 4000 4152
2 4001 4005
2 4001 4025
2 4001 4153
2 4002 4006
2 4002 4026
2 4002 4154
2 4003 4007
2 4003 4027
2 4003 4155
2 4008 4012
2 4008 4016
2 4008 4020
2 4009 4013
2 4009 4017
2 4009 4021
2 4010 4014
2 4010 4018
2 4010 4022
2 4011 4015
2 4011 4019
2 4011 4023
2 4028 4031
2 4028 4032
2 4028 4169
2 4029 4030
2 4029 4032
2 4029 4164
2 4031 4166
2 4031 4167
2 4031 4168
2 4033 4039
2 4033 4041
2 4033 4180
2 4034 4040
2 4034 4042
2 4034 4181
2 4035 4037
2 4035 4041
2 4035 4170
2 4036 4038
2 4036 4042
2 4036 4171
2 4039 4174
2 4039 4176
2 4039 4178
2 4040 4175
2 4040 4177
2 4040 4179
2 4043 4049
2 4043 4051
2 4043 4150
2 4044 4050
2 4044 4052
2 4044 4151
2 4045 4047
2 4045 4051
2 4045 4140
2 4046 4048
2 4046 4052
2 4046 4141
2 4049 4144
2 4049 4146
2 4049 4148
2 4050 4145
2 4050 4147
2 4050 4149
2 4053 4059
2 4053 4061
2 4053 4108
2 4054 4060
2 4054 4062
2 4054 4109
2 4055 4057
2 4055 4061
2 4055 4098
2 4056 4058
2 4056 4062
2 4056 4099
2 4059 4102
2 4059 4104
2 4059 4106
2 4060 4103
2 4060 4105
2 4060 4107
2 4063 4075
2 4063 4118
2 4063 4221
2 4064 4076
2 4064 4119
2 4064 4222
2 4065 4077
2 4065 4120
2 4065 4223
2 4066 4078
2 4066 4121
2 4066 4224
2 4067 4071
2 4067 4075
2 4067 4110
2 4068 4072
2 4068 4076
2 4068 4111
2 4069 4073
2 4069 4077
2 4069 4112
2 4070 4074
2 4070 4078
2 4070 4113
2 4079 4085
2 4079 4126
2 4079 4203
2 4080 4086
2 4080 4127
2 4080 4204
2 4081 4083
2 4081 4085
2 4081 4122
2 4082 4084
2 4082 4086
2 4082 4123
2 4087 4090
2 4087 4094
2 4087 4097
2 4088 4089
2 4088 4094
2 4088 4095
2 4090 4091
2 4090 4092
2 4090 4093
2 4095 4096
2 4095 4097
2 4098 4100
2 4098 4108
2 4099 4101
2 4099 4109
2 4110 4114
2 4110 4118
2 4111 4115
2 4111 4119
2 4112 4116
2 4112 4120
2 4113 4117
2 4113 4121
2 4122 4124
2 4122 4126
2 4123 4125
2 4123 4127
2 4128 4130
2 4128 4138
2 4129 4131
2 4129 4139
2 4140 4142
2 4140 4150
2 4141 4143
2 4141 4151
2 4152 4156
2 4152 4160
2 4153 4157
2 4153 4161
2 4154 4158
2 4154 4162
2 4155 4159
2 4155 4163
2 4164 4165
2 4164 4169
2 4170 4172
2 4170 4180
2 4171 4173
2 4171 4181
2 4182 4186
2 4182 4190
2 4183 4187
2 4183 4191
2 4184 4188
2 4184 4192
2 4185 4189
2 4185 4193
2 4194 4196
2 4194 4198
2 4195 4197
2 4195 4199
2 4200 4201
2 4200 4202
2 4203 4205
2 4203 4207
2 4204 4206
2 4204 4208
2 4209 4211
2 4209 4213
2 4210 4212
2 4210 4214
2 4215 4216
2 4215 4217
2 4218 4219
2 4218 4220
2 4221 4225
2 4221 4229
2 4222 4226
2 4222 4230
2 4223 4227
2 4223 4231
2 4224 4228
2 4224 4232
2 4233 4234
2 4233 4235
