# vtk DataFile Version 1.0
Cube
ASCII

DATASET POLYDATA
POINTS 4146 float
6.406457 0.134229 10.584543
6.406457 34.116229 10.584543
6.261353 15.277288 11.681313
6.417501 14.593570 12.291289
6.961722 16.452725 11.601115
8.495500 0.000000 12.743250
8.495500 33.982000 12.743250
0.134229 10.584543 6.406457
34.116229 10.584543 6.406457
15.277288 10.729647 5.309687
14.593570 10.573499 4.699711
14.593570 10.573499 38.681711
16.452725 10.029278 5.389885
0.000000 8.495500 4.247750
0.000000 8.495500 38.229750
33.982000 8.495500 4.247750
33.982000 8.495500 38.229750
10.584543 16.856771 10.584543
10.729647 1.713712 11.681313
10.729647 35.695712 11.681313
10.573499 2.397430 12.291289
10.573499 36.379430 12.291289
10.029278 0.538275 11.601115
10.029278 34.520275 11.601115
16.856771 6.406457 6.406457
1.713712 6.261353 5.309687
35.695712 6.261353 5.309687
2.397430 6.417501 4.699711
2.397430 6.417501 38.681711
36.379430 6.417501 4.699711
36.379430 6.417501 38.681711
15.538270 6.900045 6.900045
15.635118 7.793772 7.233069
14.904505 6.894948 6.177928
15.225635 6.327448 7.603472
0.538275 6.961722 5.389885
34.520275 6.961722 5.389885
6.406457 16.856771 6.406457
6.261353 1.713712 5.309687
6.261353 35.695712 5.309687
6.417501 2.397430 4.699711
6.417501 2.397430 38.681711
6.417501 36.379430 4.699711
6.417501 36.379430 38.681711
6.900045 15.538270 6.900045
6.961722 0.538275 5.389885
6.961722 34.520275 5.389885
8.495500 0.000000 4.247750
8.495500 0.000000 38.229750
8.495500 33.982000 4.247750
8.495500 33.982000 38.229750
16.856771 10.584543 10.584543
1.713712 10.729647 11.681313
35.695712 10.729647 11.681313
2.397430 10.573499 12.291289
36.379430 10.573499 12.291289
0.538275 10.029278 11.601115
34.520275 10.029278 11.601115
0.000000 8.495500 12.743250
33.982000 8.495500 12.743250
10.584543 0.134229 6.406457
10.584543 34.116229 6.406457
10.729647 15.277288 5.309687
10.573499 14.593570 4.699711
10.573499 14.593570 38.681711
10.090955 1.452731 6.900045
10.090955 35.434731 6.900045
9.197228 1.355882 7.233069
9.197228 35.337882 7.233069
10.096052 2.086495 6.177928
10.096052 36.068495 6.177928
10.663552 1.765365 7.603472
10.663552 35.747365 7.603472
10.029278 16.452725 5.389885
0.134229 6.406457 10.584543
34.116229 6.406457 10.584543
15.277288 6.261353 11.681313
14.593570 6.417501 12.291289
16.452725 6.961722 11.601115
10.584543 6.406457 0.134229
10.584543 6.406457 34.116229
11.681313 6.261353 15.277288
12.291289 6.417501 14.593570
11.601115 6.961722 16.452725
12.743250 8.495500 0.000000
12.743250 8.495500 33.982000
6.406457 6.406457 16.856771
6.261353 5.309687 1.713712
6.261353 5.309688 35.695712
6.417501 4.699711 2.397430
6.417501 4.699711 36.379430
6.417501 38.681711 2.397430
6.417501 38.681711 36.379430
6.900045 6.900045 15.538270
7.793772 7.233069 15.635118
6.894948 6.177928 14.904505
6.327448 7.603472 15.225635
6.961722 5.389885 0.538275
6.961722 5.389885 34.520275
8.495500 4.247750 0.000000
8.495500 4.247750 33.982000
8.495500 38.229750 0.000000
8.495500 38.229750 33.982000
6.406457 10.584543 0.134229
6.406457 10.584543 34.116229
5.309688 10.729647 15.277288
4.699711 10.573499 14.593570
38.681711 10.573499 14.593570
5.389885 10.029278 16.452725
4.247750 8.495500 0.000000
4.247750 8.495500 33.982000
38.229750 8.495500 0.000000
38.229750 8.495500 33.982000
10.584543 10.584543 16.856771
10.729647 11.681313 1.713712
10.729647 11.681313 35.695712
10.573499 12.291289 2.397430
10.573499 12.291289 36.379430
10.090955 10.090955 15.538270
9.197228 9.757931 15.635118
10.096052 10.813072 14.904505
10.663552 9.387528 15.225635
10.029278 11.601115 0.538275
10.029278 11.601115 34.520275
8.495500 12.743250 0.000000
8.495500 12.743250 33.982000
11.681313 10.729647 1.713712
11.681313 10.729647 35.695712
12.291289 10.573499 2.397430
12.291289 10.573499 36.379430
11.601115 10.029278 0.538275
11.601115 10.029278 34.520275
10.729647 5.309688 15.277288
10.573499 4.699711 14.593570
10.573499 38.681711 14.593570
10.029278 5.389885 16.452725
5.309687 6.261353 1.713712
5.309688 6.261353 35.695712
4.699711 6.417501 2.397430
4.699711 6.417501 36.379430
38.681711 6.417501 2.397430
38.681711 6.417501 36.379430
5.389885 6.961722 0.538275
5.389885 6.961722 34.520275
6.261353 11.681313 15.277288
6.417501 12.291289 14.593570
6.961722 11.601115 16.452725
15.277288 11.681313 6.261353
14.593570 12.291289 6.417501
16.452725 11.601115 6.961722
0.000000 12.743250 8.495500
33.982000 12.743250 8.495500
15.277288 5.309688 10.729647
14.593570 4.699711 10.573499
14.593570 38.681711 10.573499
16.452725 5.389885 10.029278
0.000000 4.247750 8.495500
0.000000 38.229750 8.495500
33.982000 4.247750 8.495500
33.982000 38.229750 8.495500
5.309687 1.713712 6.261353
5.309688 35.695712 6.261353
4.699711 2.397430 6.417501
4.699711 36.379430 6.417501
38.681711 2.397430 6.417501
38.681711 36.379430 6.417501
7.233069 15.635118 7.793772
6.177928 14.904505 6.894948
7.603472 15.225635 6.327448
5.389885 0.538275 6.961722
5.389885 34.520275 6.961722
4.247750 0.000000 8.495500
4.247750 33.982000 8.495500
38.229750 0.000000 8.495500
38.229750 33.982000 8.495500
1.713712 11.681313 10.729647
35.695712 11.681313 10.729647
2.397430 12.291289 10.573499
36.379430 12.291289 10.573499
0.538275 11.601115 10.029278
34.520275 11.601115 10.029278
11.681313 15.277288 6.261353
12.291289 14.593570 6.417501
11.601115 16.452725 6.961722
12.743250 0.000000 8.495500
12.743250 33.982000 8.495500
1.713712 5.309687 6.261353
35.695712 5.309687 6.261353
2.397430 4.699711 6.417501
2.397430 38.681711 6.417501
36.379430 4.699711 6.417501
36.379430 38.681711 6.417501
0.538275 5.389885 6.961722
34.520275 5.389885 6.961722
5.309688 15.277288 10.729647
4.699711 14.593570 10.573499
38.681711 14.593570 10.573499
5.389885 16.452725 10.029278
11.681313 1.713712 10.729647
11.681313 35.695712 10.729647
12.291289 2.397430 10.573499
12.291289 36.379430 10.573499
11.601115 0.538275 10.029278
11.601115 34.520275 10.029278
14.901957 8.629729 2.089043
14.901957 8.629729 36.071043
14.756853 6.781788 3.185812
14.756853 6.781788 37.167812
14.913001 6.098070 3.795789
14.913001 6.098070 37.777789
15.457222 7.957225 3.105615
15.457222 7.957225 37.087615
8.629729 2.089043 14.901957
8.629729 36.071043 14.901957
6.781788 2.234147 13.805187
6.781788 36.216147 13.805187
6.098070 2.077999 13.195211
6.098070 36.059999 13.195211
9.948230 1.595455 15.395545
9.948230 35.577455 15.395545
7.957225 1.533778 13.885385
7.957225 35.515778 13.885385
2.089043 8.361271 2.089043
2.089043 8.361271 36.071043
36.071043 8.361271 2.089043
36.071043 8.361271 36.071043
2.234147 10.209212 3.185812
2.234147 10.209212 37.167812
36.216147 10.209212 3.185812
36.216147 10.209212 37.167812
2.077999 10.892930 3.795789
2.077999 10.892930 37.777789
36.059999 10.892930 3.795789
36.059999 10.892930 37.777789
1.595455 7.042769 1.595455
1.595455 7.042770 35.577455
35.577455 7.042769 1.595455
35.577455 7.042770 35.577455
0.701728 7.139618 1.262431
0.701728 7.139618 35.244431
34.683728 7.139618 1.262431
34.683728 7.139618 35.244431
1.600552 6.409005 2.317572
1.600552 6.409005 36.299572
35.582552 6.409005 2.317572
35.582552 6.409005 36.299572
2.168052 6.730135 0.892027
2.168052 6.730135 34.874028
36.150052 6.730135 0.892027
36.150052 6.730135 34.874028
1.533778 9.033775 3.105615
1.533778 9.033775 37.087615
35.515778 9.033775 3.105615
35.515778 9.033775 37.087615
8.361271 14.901957 14.901957
10.209212 14.756853 13.805187
10.892930 14.913001 13.195211
9.033775 15.457222 13.885385
14.901957 8.361271 14.901957
14.756853 10.209212 13.805187
14.913001 10.892930 13.195211
15.457222 9.033775 13.885385
8.361271 2.089043 2.089043
8.361271 2.089043 36.071043
8.361271 36.071043 2.089043
8.361271 36.071043 36.071043
10.209212 2.234147 3.185812
10.209212 2.234147 37.167812
10.209212 36.216147 3.185812
10.209212 36.216147 37.167812
10.892930 2.077999 3.795789
10.892930 2.077999 37.777789
10.892930 36.059999 3.795789
10.892930 36.059999 37.777789
9.033775 1.533778 3.105615
9.033775 1.533778 37.087615
9.033775 35.515778 3.105615
9.033775 35.515778 37.087615
2.089043 8.629729 14.901957
36.071043 8.629729 14.901957
2.234147 6.781788 13.805187
36.216147 6.781788 13.805187
2.077999 6.098070 13.195211
36.059999 6.098070 13.195211
1.533778 7.957225 13.885385
35.515778 7.957225 13.885385
8.629729 14.901957 2.089043
8.629729 14.901957 36.071043
6.781788 14.756853 3.185812
6.781788 14.756853 37.167812
6.098070 14.913001 3.795789
6.098070 14.913001 37.777789
9.948230 15.395545 1.595455
9.948230 15.395545 35.577455
7.957225 15.457222 3.105615
7.957225 15.457222 37.087615
2.089043 14.901957 8.629729
36.071043 14.901957 8.629729
3.185813 14.756853 6.781788
37.167812 14.756853 6.781788
3.795789 14.913001 6.098070
37.777789 14.913001 6.098070
1.595455 15.395545 9.948230
35.577455 15.395545 9.948230
3.105615 15.457222 7.957225
37.087615 15.457222 7.957225
14.901957 14.901957 8.361271
14.756853 13.805187 10.209212
14.913001 13.195211 10.892930
15.395545 15.395545 7.042769
16.289272 15.728569 7.139618
15.390448 14.673428 6.409005
14.822948 16.098972 6.730135
15.457222 13.885385 9.033775
14.901957 2.089043 8.629729
14.901957 36.071043 8.629729
13.805187 2.234147 6.781788
13.805187 36.216147 6.781788
13.195211 2.077999 6.098070
13.195211 36.059999 6.098070
15.395545 1.595455 9.948230
15.395545 35.577455 9.948230
13.885385 1.533778 7.957225
13.885385 35.515778 7.957225
2.089043 2.089043 8.361271
2.089043 36.071043 8.361271
36.071043 2.089043 8.361271
36.071043 36.071043 8.361271
2.234147 3.185813 10.209212
2.234147 37.167812 10.209212
36.216147 3.185813 10.209212
36.216147 37.167812 10.209212
2.077999 3.795789 10.892930
2.077999 37.777789 10.892930
36.059999 3.795789 10.892930
36.059999 37.777789 10.892930
1.595455 1.595455 7.042769
1.595455 35.577455 7.042769
35.577455 1.595455 7.042769
35.577455 35.577455 7.042769
0.701728 1.262431 7.139618
0.701728 35.244431 7.139618
34.683728 1.262431 7.139618
34.683728 35.244431 7.139618
1.600552 2.317572 6.409005
1.600552 36.299572 6.409005
35.582552 2.317572 6.409005
35.582552 36.299572 6.409005
2.168052 0.892028 6.730135
2.168052 34.874028 6.730135
36.150052 0.892028 6.730135
36.150052 34.874028 6.730135
1.533778 3.105615 9.033775
1.533778 37.087615 9.033775
35.515778 3.105615 9.033775
35.515778 37.087615 9.033775
3.185813 2.234147 10.209212
3.185813 36.216147 10.209212
37.167812 2.234147 10.209212
37.167812 36.216147 10.209212
3.795789 2.077999 10.892930
3.795789 36.059999 10.892930
37.777789 2.077999 10.892930
37.777789 36.059999 10.892930
3.105615 1.533778 9.033775
3.105615 35.515778 9.033775
37.087615 1.533778 9.033775
37.087615 35.515778 9.033775
2.234147 13.805187 6.781788
36.216147 13.805187 6.781788
2.077999 13.195211 6.098070
36.059999 13.195211 6.098070
0.701728 15.728569 9.851382
34.683728 15.728569 9.851382
1.600552 14.673428 10.581995
35.582552 14.673428 10.581995
2.168052 16.098972 10.260865
36.150052 16.098972 10.260865
1.533778 13.885385 7.957225
35.515778 13.885385 7.957225
13.805187 14.756853 10.209212
13.195211 14.913001 10.892930
13.885385 15.457222 9.033775
14.756853 3.185813 6.781788
14.756853 37.167812 6.781788
14.913001 3.795789 6.098070
14.913001 37.777789 6.098070
16.289272 1.262431 9.851382
16.289272 35.244431 9.851382
15.390448 2.317572 10.581995
15.390448 36.299572 10.581995
14.822948 0.892028 10.260865
14.822948 34.874028 10.260865
15.457222 3.105615 7.957225
15.457222 37.087615 7.957225
6.781788 3.185813 14.756853
6.781788 37.167812 14.756853
6.098070 3.795789 14.913001
6.098070 37.777789 14.913001
9.851382 1.262431 16.289272
9.851382 35.244431 16.289272
10.581995 2.317572 15.390448
10.581995 36.299572 15.390448
10.260865 0.892028 14.822948
10.260865 34.874028 14.822948
7.957225 3.105615 15.457222
7.957225 37.087615 15.457222
6.781788 13.805187 2.234147
6.781788 13.805187 36.216147
6.098070 13.195211 2.077999
6.098070 13.195211 36.059999
9.851382 15.728569 0.701728
9.851382 15.728569 34.683728
10.581995 14.673428 1.600552
10.581995 14.673428 35.582552
10.260865 16.098972 2.168052
10.260865 16.098973 36.150052
7.957225 13.885385 1.533778
7.957225 13.885385 35.515778
13.805187 10.209212 14.756853
13.195211 10.892930 14.913001
13.885385 9.033775 15.457222
10.209212 3.185812 2.234147
10.209212 3.185813 36.216147
10.209212 37.167812 2.234147
10.209212 37.167812 36.216147
10.892930 3.795789 2.077999
10.892930 3.795789 36.059999
10.892930 37.777789 2.077999
10.892930 37.777789 36.059999
9.033775 3.105615 1.533778
9.033775 3.105615 35.515778
9.033775 37.087615 1.533778
9.033775 37.087615 35.515778
3.185813 6.781788 14.756853
37.167812 6.781788 14.756853
3.795789 6.098070 14.913001
37.777789 6.098070 14.913001
3.105615 7.957225 15.457222
37.087615 7.957225 15.457222
10.209212 13.805187 14.756853
10.892930 13.195211 14.913001
9.033775 13.885385 15.457222
13.805187 6.781788 2.234147
13.805187 6.781788 36.216147
13.195211 6.098070 2.077999
13.195211 6.098070 36.059999
13.885385 7.957225 1.533778
13.885385 7.957225 35.515778
3.185813 10.209212 2.234147
3.185813 10.209212 36.216147
37.167812 10.209212 2.234147
37.167812 10.209212 36.216147
3.795789 10.892930 2.077999
3.795789 10.892930 36.059999
37.777789 10.892930 2.077999
37.777789 10.892930 36.059999
3.105615 9.033775 1.533778
3.105615 9.033775 35.515778
37.087615 9.033775 1.533778
37.087615 9.033775 35.515778
7.062107 15.388306 15.388306
6.152588 14.600665 15.590125
6.893408 16.579585 15.590125
6.892806 1.433393 10.098194
6.892806 35.415393 10.098194
6.105165 2.342912 9.896375
6.105165 36.324912 9.896375
8.084085 1.602092 9.896375
8.084085 35.584092 9.896375
15.388306 7.062107 15.388306
16.579585 6.893408 15.590125
14.600665 6.152588 15.590125
1.433393 6.892806 10.098194
35.415393 6.892806 10.098194
1.602092 8.084085 9.896375
35.584092 8.084085 9.896375
2.342912 6.105165 9.896375
36.324912 6.105165 9.896375
1.602694 9.928893 15.388306
35.584694 9.928893 15.388306
0.411415 10.097592 15.590125
34.393415 10.097592 15.590125
2.390335 10.838412 15.590125
36.372335 10.838412 15.590125
10.098194 15.557607 10.098194
10.885835 14.648088 9.896375
8.906915 15.388908 9.896375
6.892806 10.098194 1.433393
6.892806 10.098194 35.415393
7.841697 10.643448 1.972502
7.841697 10.643448 35.954502
6.347552 9.149303 1.972502
6.347552 9.149303 35.954502
7.062107 1.602694 1.602694
7.062107 1.602694 35.584694
7.062107 35.584694 1.602694
7.062107 35.584694 35.584694
6.893408 0.411415 1.400875
6.893408 0.411415 35.382875
6.893408 34.393415 1.400875
6.893408 34.393415 35.382875
6.152588 2.390335 1.400875
6.152588 2.390335 35.382875
6.152588 36.372335 1.400875
6.152588 36.372335 35.382875
15.557607 10.098194 10.098194
15.388908 8.906915 9.896375
14.648088 10.885835 9.896375
15.388306 9.928893 1.602694
15.388306 9.928893 35.584694
14.600665 10.838412 1.400875
14.600665 10.838412 35.382875
16.579585 10.097592 1.400875
16.579585 10.097592 35.382875
1.433393 10.098194 6.892806
35.415393 10.098194 6.892806
2.342912 10.885835 7.094625
36.324912 10.885835 7.094625
1.602092 8.906915 7.094625
35.584092 8.906915 7.094625
10.098194 6.892806 1.433393
10.098194 6.892806 35.415393
9.149303 6.347552 1.972502
9.149303 6.347552 35.954502
10.643448 7.841697 1.972502
10.643448 7.841697 35.954502
6.406457 0.134229 27.575543
6.406457 34.116229 27.575543
6.261353 15.277288 28.672313
6.417501 14.593570 -4.699711
6.417501 14.593570 29.282289
6.961722 16.452725 28.592115
8.495500 -0.000000 -4.247750
8.495500 0.000000 29.734250
8.495500 33.982000 -4.247750
8.495500 33.982000 29.734250
0.134229 10.584543 23.397457
34.116229 10.584543 23.397457
15.277288 10.729647 22.300687
14.593570 10.573499 21.690711
16.452725 10.029278 22.380885
0.000000 8.495500 21.238750
33.982000 8.495500 21.238750
10.584543 16.856771 27.575543
10.729647 1.713712 28.672313
10.729647 35.695712 28.672313
10.573499 2.397430 -4.699711
10.573499 2.397430 29.282289
10.573499 36.379430 -4.699711
10.573499 36.379430 29.282289
10.029278 0.538275 28.592115
10.029278 34.520275 28.592115
16.856771 6.406457 23.397457
1.713712 6.261353 22.300687
35.695712 6.261353 22.300687
2.397430 6.417501 21.690711
36.379430 6.417501 21.690711
15.538270 6.900045 23.891045
15.635118 7.793772 24.224069
14.904505 6.894948 23.168928
15.225635 6.327448 24.594472
0.538275 6.961722 22.380885
34.520275 6.961722 22.380885
6.406457 16.856771 23.397457
6.261353 1.713712 22.300687
6.261353 35.695712 22.300687
6.417501 2.397430 21.690711
6.417501 36.379430 21.690711
6.900045 15.538270 23.891045
6.961722 0.538275 22.380885
6.961722 34.520275 22.380885
8.495500 0.000000 21.238750
8.495500 33.982000 21.238750
16.856771 10.584543 27.575543
1.713712 10.729647 28.672313
35.695712 10.729647 28.672313
2.397430 10.573499 -4.699711
2.397430 10.573499 29.282289
36.379430 10.573499 -4.699711
36.379430 10.573499 29.282289
0.538275 10.029278 28.592115
34.520275 10.029278 28.592115
0.000000 8.495500 -4.247750
0.000000 8.495500 29.734250
33.982000 8.495500 -4.247750
33.982000 8.495500 29.734250
10.584543 0.134229 23.397457
10.584543 34.116229 23.397457
10.729647 15.277288 22.300687
10.573499 14.593570 21.690711
10.090955 1.452731 23.891045
10.090955 35.434731 23.891045
9.197228 1.355882 24.224069
9.197228 35.337882 24.224069
10.096052 2.086495 23.168928
10.096052 36.068495 23.168928
10.663552 1.765365 24.594472
10.663552 35.747365 24.594472
10.029278 16.452725 22.380885
0.134229 6.406457 27.575543
34.116229 6.406457 27.575543
15.277288 6.261353 28.672313
14.593570 6.417501 -4.699711
14.593570 6.417501 29.282289
16.452725 6.961722 28.592115
10.584543 6.406457 17.125229
11.681313 6.261353 -1.713712
11.681313 6.261353 32.268288
12.291289 6.417501 -2.397430
12.291289 6.417501 31.584570
11.601115 6.961722 -0.538275
11.601115 6.961722 33.443725
12.743250 8.495500 16.991000
6.406457 6.406457 -0.134229
6.406457 6.406457 33.847771
6.261353 5.309688 18.704712
6.417501 4.699711 19.388430
6.417501 38.681711 19.388430
6.900045 6.900045 -1.452731
6.900045 6.900045 32.529269
7.793772 7.233069 -1.355882
7.793772 7.233069 32.626118
6.894948 6.177928 -2.086495
6.894948 6.177928 31.895505
6.327448 7.603472 -1.765365
6.327448 7.603472 32.216635
6.961722 5.389885 17.529275
8.495500 4.247750 16.991000
8.495500 38.229750 16.991000
6.406457 10.584543 17.125229
5.309688 10.729647 -1.713712
5.309688 10.729647 32.268288
4.699711 10.573499 -2.397430
4.699711 10.573499 31.584570
38.681711 10.573499 -2.397430
38.681711 10.573499 31.584570
5.389885 10.029278 -0.538275
5.389885 10.029278 33.443725
4.247750 8.495500 16.991000
38.229750 8.495500 16.991000
10.584543 10.584543 -0.134229
10.584543 10.584543 33.847771
10.729647 11.681313 18.704712
10.573499 12.291289 19.388430
10.090955 10.090955 -1.452731
10.090955 10.090955 32.529269
9.197228 9.757931 -1.355882
9.197228 9.757931 32.626118
10.096052 10.813072 -2.086495
10.096052 10.813072 31.895505
10.663552 9.387527 -1.765365
10.663552 9.387527 32.216635
10.029278 11.601115 17.529275
8.495500 12.743250 16.991000
11.681313 10.729647 18.704712
12.291289 10.573499 19.388430
11.601115 10.029278 17.529275
10.729647 5.309687 -1.713712
10.729647 5.309688 32.268288
10.573499 4.699711 -2.397430
10.573499 4.699711 31.584570
10.573499 38.681711 -2.397430
10.573499 38.681711 31.584570
10.029278 5.389885 -0.538275
10.029278 5.389885 33.443725
5.309688 6.261353 18.704712
4.699711 6.417501 19.388430
38.681711 6.417501 19.388430
5.389885 6.961722 17.529275
6.261353 11.681313 -1.713712
6.261353 11.681313 32.268288
6.417501 12.291289 -2.397430
6.417501 12.291289 31.584570
6.961722 11.601115 -0.538275
6.961722 11.601115 33.443725
15.277288 11.681313 23.252353
14.593570 12.291289 23.408501
16.452725 11.601115 23.952722
0.000000 12.743250 25.486500
33.982000 12.743250 25.486500
15.277288 5.309688 27.720647
14.593570 4.699711 27.564499
14.593570 38.681711 27.564499
16.452725 5.389885 27.020278
0.000000 4.247750 25.486500
0.000000 38.229750 25.486500
33.982000 4.247750 25.486500
33.982000 38.229750 25.486500
5.309688 1.713712 23.252353
5.309688 35.695712 23.252353
4.699711 2.397430 23.408501
4.699711 36.379430 23.408501
38.681711 2.397430 23.408501
38.681711 36.379430 23.408501
7.233069 15.635118 24.784772
6.177928 14.904505 23.885948
7.603472 15.225635 23.318448
5.389885 0.538275 23.952722
5.389885 34.520275 23.952722
4.247750 0.000000 25.486500
4.247750 33.982000 25.486500
38.229750 0.000000 25.486500
38.229750 33.982000 25.486500
1.713712 11.681313 27.720647
35.695712 11.681313 27.720647
2.397430 12.291289 27.564499
36.379430 12.291289 27.564499
0.538275 11.601115 27.020278
34.520275 11.601115 27.020278
11.681313 15.277288 23.252353
12.291289 14.593570 23.408501
11.601115 16.452725 23.952722
12.743250 0.000000 25.486500
12.743250 33.982000 25.486500
1.713712 5.309688 23.252353
35.695712 5.309688 23.252353
2.397430 4.699711 23.408501
2.397430 38.681711 23.408501
36.379430 4.699711 23.408501
36.379430 38.681711 23.408501
0.538275 5.389885 23.952722
34.520275 5.389885 23.952722
5.309688 15.277288 27.720647
4.699711 14.593570 27.564499
38.681711 14.593570 27.564499
5.389885 16.452725 27.020278
11.681313 1.713712 27.720647
11.681313 35.695712 27.720647
12.291289 2.397430 27.564499
12.291289 36.379430 27.564499
11.601115 0.538275 27.020278
11.601115 34.520275 27.020278
14.901957 8.629729 19.080043
14.756853 6.781788 20.176813
14.913001 6.098070 20.786789
15.457222 7.957225 20.096615
8.629729 2.089043 -2.089043
8.629729 2.089043 31.892957
8.629729 36.071043 -2.089043
8.629729 36.071043 31.892957
6.781788 2.234147 -3.185813
6.781788 2.234147 30.796187
6.781788 36.216147 -3.185813
6.781788 36.216147 30.796187
6.098070 2.077999 -3.795789
6.098070 2.077999 30.186211
6.098070 36.059999 -3.795789
6.098070 36.059999 30.186211
9.948230 1.595455 -1.595455
9.948230 1.595455 32.386545
9.948230 35.577455 -1.595455
9.948230 35.577455 32.386545
7.957225 1.533778 -3.105615
7.957225 1.533778 30.876385
7.957225 35.515778 -3.105615
7.957225 35.515778 30.876385
2.089043 8.361271 19.080043
36.071043 8.361271 19.080043
2.234147 10.209212 20.176813
36.216147 10.209212 20.176813
2.077999 10.892930 20.786789
36.059999 10.892930 20.786789
1.595455 7.042770 18.586455
35.577455 7.042770 18.586455
0.701728 7.139618 18.253431
34.683728 7.139618 18.253431
1.600552 6.409005 19.308572
35.582552 6.409005 19.308572
2.168052 6.730135 17.883028
36.150052 6.730135 17.883028
1.533778 9.033775 20.096615
35.515778 9.033775 20.096615
8.361271 14.901957 -2.089043
8.361271 14.901957 31.892957
10.209212 14.756853 -3.185813
10.209212 14.756853 30.796187
10.892930 14.913001 -3.795789
10.892930 14.913001 30.186211
9.033775 15.457222 -3.105615
9.033775 15.457222 30.876385
14.901957 8.361271 -2.089043
14.901957 8.361271 31.892957
14.756853 10.209212 -3.185813
14.756853 10.209212 30.796187
14.913001 10.892930 -3.795789
14.913001 10.892930 30.186211
15.457222 9.033775 -3.105615
15.457222 9.033775 30.876385
8.361271 2.089043 19.080043
8.361271 36.071043 19.080043
10.209212 2.234147 20.176813
10.209212 36.216147 20.176813
10.892930 2.077999 20.786789
10.892930 36.059999 20.786789
9.033775 1.533778 20.096615
9.033775 35.515778 20.096615
2.089043 8.629729 -2.089043
2.089043 8.629729 31.892957
36.071043 8.629729 -2.089043
36.071043 8.629729 31.892957
2.234147 6.781788 -3.185813
2.234147 6.781788 30.796187
36.216147 6.781788 -3.185813
36.216147 6.781788 30.796187
2.077999 6.098070 -3.795789
2.077999 6.098070 30.186211
36.059999 6.098070 -3.795789
36.059999 6.098070 30.186211
1.533778 7.957225 -3.105615
1.533778 7.957225 30.876385
35.515778 7.957225 -3.105615
35.515778 7.957225 30.876385
8.629729 14.901957 19.080043
6.781788 14.756853 20.176813
6.098070 14.913001 20.786789
9.948230 15.395545 18.586455
7.957225 15.457222 20.096615
2.089043 14.901957 25.620729
36.071043 14.901957 25.620729
3.185813 14.756853 23.772788
37.167812 14.756853 23.772788
3.795789 14.913001 23.089070
37.777789 14.913001 23.089070
1.595455 15.395545 26.939230
35.577455 15.395545 26.939230
3.105615 15.457222 24.948225
37.087615 15.457222 24.948225
14.901957 14.901957 25.352271
14.756853 13.805187 27.200212
14.913001 13.195211 27.883930
15.395545 15.395545 24.033769
16.289272 15.728569 24.130618
15.390448 14.673428 23.400005
14.822948 16.098972 23.721135
15.457222 13.885385 26.024775
14.901957 2.089043 25.620729
14.901957 36.071043 25.620729
13.805187 2.234147 23.772788
13.805187 36.216147 23.772788
13.195211 2.077999 23.089070
13.195211 36.059999 23.089070
15.395545 1.595455 26.939230
15.395545 35.577455 26.939230
13.885385 1.533778 24.948225
13.885385 35.515778 24.948225
2.089043 2.089043 25.352271
2.089043 36.071043 25.352271
36.071043 2.089043 25.352271
36.071043 36.071043 25.352271
2.234147 3.185813 27.200212
2.234147 37.167812 27.200212
36.216147 3.185813 27.200212
36.216147 37.167812 27.200212
2.077999 3.795789 27.883930
2.077999 37.777789 27.883930
36.059999 3.795789 27.883930
36.059999 37.777789 27.883930
1.595455 1.595455 24.033769
1.595455 35.577455 24.033769
35.577455 1.595455 24.033769
35.577455 35.577455 24.033769
0.701728 1.262431 24.130618
0.701728 35.244431 24.130618
34.683728 1.262431 24.130618
34.683728 35.244431 24.130618
1.600552 2.317572 23.400005
1.600552 36.299572 23.400005
35.582552 2.317572 23.400005
35.582552 36.299572 23.400005
2.168052 0.892028 23.721135
2.168052 34.874028 23.721135
36.150052 0.892028 23.721135
36.150052 34.874028 23.721135
1.533778 3.105615 26.024775
1.533778 37.087615 26.024775
35.515778 3.105615 26.024775
35.515778 37.087615 26.024775
3.185813 2.234147 27.200212
3.185813 36.216147 27.200212
37.167812 2.234147 27.200212
37.167812 36.216147 27.200212
3.795789 2.077999 27.883930
3.795789 36.059999 27.883930
37.777789 2.077999 27.883930
37.777789 36.059999 27.883930
3.105615 1.533778 26.024775
3.105615 35.515778 26.024775
37.087615 1.533778 26.024775
37.087615 35.515778 26.024775
2.234147 13.805187 23.772788
36.216147 13.805187 23.772788
2.077999 13.195211 23.089070
36.059999 13.195211 23.089070
0.701728 15.728569 26.842382
34.683728 15.728569 26.842382
1.600552 14.673428 27.572995
35.582552 14.673428 27.572995
2.168052 16.098972 27.251865
36.150052 16.098972 27.251865
1.533778 13.885385 24.948225
35.515778 13.885385 24.948225
13.805187 14.756853 27.200212
13.195211 14.913001 27.883930
13.885385 15.457222 26.024775
14.756853 3.185813 23.772788
14.756853 37.167812 23.772788
14.913001 3.795789 23.089070
14.913001 37.777789 23.089070
16.289272 1.262431 26.842382
16.289272 35.244431 26.842382
15.390448 2.317572 27.572995
15.390448 36.299572 27.572995
14.822948 0.892028 27.251865
14.822948 34.874028 27.251865
15.457222 3.105615 24.948225
15.457222 37.087615 24.948225
6.781788 3.185812 -2.234147
6.781788 3.185813 31.747853
6.781788 37.167812 -2.234147
6.781788 37.167812 31.747853
6.098070 3.795789 -2.077999
6.098070 3.795789 31.904001
6.098070 37.777789 -2.077999
6.098070 37.777789 31.904001
9.851382 1.262431 -0.701728
9.851382 1.262431 33.280272
9.851382 35.244431 -0.701728
9.851382 35.244431 33.280272
10.581995 2.317572 -1.600552
10.581995 2.317572 32.381448
10.581995 36.299572 -1.600552
10.581995 36.299572 32.381448
10.260865 0.892027 -2.168052
10.260865 0.892028 31.813948
10.260865 34.874028 -2.168052
10.260865 34.874028 31.813948
7.957225 3.105615 -1.533778
7.957225 3.105615 32.448222
7.957225 37.087615 -1.533778
7.957225 37.087615 32.448222
6.781788 13.805187 19.225147
6.098070 13.195211 19.068999
9.851382 15.728569 17.692728
10.581995 14.673428 18.591552
10.260865 16.098972 19.159052
7.957225 13.885385 18.524778
13.805187 10.209212 -2.234147
13.805187 10.209212 31.747853
13.195211 10.892930 -2.077999
13.195211 10.892930 31.904001
13.885385 9.033775 -1.533778
13.885385 9.033775 32.448222
10.209212 3.185813 19.225147
10.209212 37.167812 19.225147
10.892930 3.795789 19.068999
10.892930 37.777789 19.068999
9.033775 3.105615 18.524778
9.033775 37.087615 18.524778
3.185812 6.781788 -2.234147
3.185813 6.781788 31.747853
37.167812 6.781788 -2.234147
37.167812 6.781788 31.747853
3.795789 6.098070 -2.077999
3.795789 6.098070 31.904001
37.777789 6.098070 -2.077999
37.777789 6.098070 31.904001
3.105615 7.957225 -1.533778
3.105615 7.957225 32.448222
37.087615 7.957225 -1.533778
37.087615 7.957225 32.448222
10.209212 13.805187 -2.234147
10.209212 13.805187 31.747853
10.892930 13.195211 -2.077999
10.892930 13.195211 31.904001
9.033775 13.885385 -1.533778
9.033775 13.885385 32.448222
13.805187 6.781788 19.225147
13.195211 6.098070 19.068999
13.885385 7.957225 18.524778
3.185813 10.209212 19.225147
37.167812 10.209212 19.225147
3.795789 10.892930 19.068999
37.777789 10.892930 19.068999
3.105615 9.033775 18.524778
37.087615 9.033775 18.524778
7.062107 15.388306 -1.602694
7.062107 15.388306 32.379306
6.152588 14.600665 -1.400875
6.152588 14.600665 32.581125
6.893408 16.579585 -1.400875
6.893408 16.579585 32.581125
6.892806 1.433393 27.089194
6.892806 35.415393 27.089194
6.105165 2.342912 26.887375
6.105165 36.324912 26.887375
8.084085 1.602092 26.887375
8.084085 35.584092 26.887375
15.388306 7.062107 -1.602694
15.388306 7.062107 32.379306
16.579585 6.893408 -1.400875
16.579585 6.893408 32.581125
14.600665 6.152588 -1.400875
14.600665 6.152588 32.581125
1.433393 6.892806 27.089194
35.415393 6.892806 27.089194
1.602092 8.084085 26.887375
35.584092 8.084085 26.887375
2.342912 6.105165 26.887375
36.324912 6.105165 26.887375
1.602694 9.928893 -1.602694
1.602694 9.928893 32.379306
35.584694 9.928893 -1.602694
35.584694 9.928893 32.379306
0.411415 10.097592 -1.400875
0.411415 10.097592 32.581125
34.393415 10.097592 -1.400875
34.393415 10.097592 32.581125
2.390335 10.838412 -1.400875
2.390335 10.838412 32.581125
36.372335 10.838412 -1.400875
36.372335 10.838412 32.581125
10.098194 15.557607 27.089194
10.885835 14.648088 26.887375
8.906915 15.388908 26.887375
6.892806 10.098194 18.424393
7.841697 10.643448 18.963502
6.347552 9.149303 18.963502
7.062107 1.602694 18.593694
7.062107 35.584694 18.593694
6.893408 0.411415 18.391875
6.893408 34.393415 18.391875
6.152588 2.390335 18.391875
6.152588 36.372335 18.391875
15.557607 10.098194 27.089194
15.388908 8.906915 26.887375
14.648088 10.885835 26.887375
15.388306 9.928893 18.593694
14.600665 10.838412 18.391875
16.579585 10.097592 18.391875
1.433393 10.098194 23.883806
35.415393 10.098194 23.883806
2.342912 10.885835 24.085625
36.324912 10.885835 24.085625
1.602092 8.906915 24.085625
35.584092 8.906915 24.085625
10.098194 6.892806 18.424393
9.149303 6.347552 18.963502
10.643448 7.841697 18.963502
6.406457 17.125229 10.584543
6.261353 -1.713712 11.681313
6.261353 32.268288 11.681313
6.417501 -2.397430 12.291289
6.417501 31.584570 12.291289
6.961722 -0.538275 11.601115
6.961722 33.443725 11.601115
8.495500 16.991000 12.743250
0.134229 27.575543 6.406457
34.116229 27.575543 6.406457
15.277288 27.720647 5.309687
14.593570 27.564499 4.699711
14.593570 27.564499 38.681711
16.452725 27.020278 5.389885
0.000000 25.486500 4.247750
0.000000 25.486500 38.229750
33.982000 25.486500 4.247750
33.982000 25.486500 38.229750
10.584543 -0.134229 10.584543
10.584543 33.847771 10.584543
10.729647 18.704712 11.681313
10.573499 19.388430 12.291289
10.029278 17.529275 11.601115
16.856771 23.397457 6.406457
1.713712 23.252353 5.309687
35.695712 23.252353 5.309687
2.397430 23.408501 4.699711
2.397430 23.408501 38.681711
36.379430 23.408501 4.699711
36.379430 23.408501 38.681711
15.538270 23.891045 6.900045
15.635118 24.784772 7.233069
14.904505 23.885948 6.177928
15.225635 23.318448 7.603472
0.538275 23.952722 5.389885
34.520275 23.952722 5.389885
6.406457 -0.134229 6.406457
6.406457 33.847771 6.406457
6.261353 18.704712 5.309687
6.417501 19.388430 4.699711
6.417501 19.388430 38.681711
6.900045 -1.452731 6.900045
6.900045 32.529269 6.900045
6.961722 17.529275 5.389885
8.495500 16.991000 4.247750
8.495500 16.991000 38.229750
16.856771 27.575543 10.584543
1.713712 27.720647 11.681313
35.695712 27.720647 11.681313
2.397430 27.564499 12.291289
36.379430 27.564499 12.291289
0.538275 27.020278 11.601115
34.520275 27.020278 11.601115
0.000000 25.486500 12.743250
33.982000 25.486500 12.743250
10.584543 17.125229 6.406457
10.729647 -1.713712 5.309687
10.729647 32.268288 5.309687
10.573499 -2.397430 4.699711
10.573499 -2.397430 38.681711
10.573499 31.584570 4.699711
10.573499 31.584570 38.681711
10.090955 18.443730 6.900045
9.197228 18.346882 7.233069
10.096052 19.077495 6.177928
10.663552 18.756365 7.603472
10.029278 -0.538275 5.389885
10.029278 33.443725 5.389885
0.134229 23.397457 10.584543
34.116229 23.397457 10.584543
15.277288 23.252353 11.681313
14.593570 23.408501 12.291289
16.452725 23.952722 11.601115
10.584543 23.397457 0.134229
10.584543 23.397457 34.116229
11.681313 23.252353 15.277288
12.291289 23.408501 14.593570
11.601115 23.952722 16.452725
12.743250 25.486500 0.000000
12.743250 25.486500 33.982000
6.406457 23.397457 16.856771
6.261353 22.300687 1.713712
6.261353 22.300688 35.695712
6.417501 21.690711 2.397430
6.417501 21.690711 36.379430
6.900045 23.891045 15.538270
7.793772 24.224069 15.635118
6.894948 23.168928 14.904505
6.327448 24.594472 15.225635
6.961722 22.380885 0.538275
6.961722 22.380885 34.520275
8.495500 21.238750 0.000000
8.495500 21.238750 33.982000
6.406457 27.575543 0.134229
6.406457 27.575543 34.116229
5.309688 27.720647 15.277288
4.699711 27.564499 14.593570
38.681711 27.564499 14.593570
5.389885 27.020278 16.452725
4.247750 25.486500 0.000000
4.247750 25.486500 33.982000
38.229750 25.486500 0.000000
38.229750 25.486500 33.982000
10.584543 27.575543 16.856771
10.729647 28.672313 1.713712
10.729647 28.672313 35.695712
10.573499 -4.699711 2.397430
10.573499 -4.699711 36.379430
10.573499 29.282289 2.397430
10.573499 29.282289 36.379430
10.090955 27.081955 15.538270
9.197228 26.748931 15.635118
10.096052 27.804072 14.904505
10.663552 26.378528 15.225635
10.029278 28.592115 0.538275
10.029278 28.592115 34.520275
8.495500 -4.247750 0.000000
8.495500 -4.247750 33.982000
8.495500 29.734250 0.000000
8.495500 29.734250 33.982000
11.681313 27.720647 1.713712
11.681313 27.720647 35.695712
12.291289 27.564499 2.397430
12.291289 27.564499 36.379430
11.601115 27.020278 0.538275
11.601115 27.020278 34.520275
10.729647 22.300687 15.277288
10.573499 21.690711 14.593570
10.029278 22.380885 16.452725
5.309688 23.252353 1.713712
5.309688 23.252353 35.695712
4.699711 23.408501 2.397430
4.699711 23.408501 36.379430
38.681711 23.408501 2.397430
38.681711 23.408501 36.379430
5.389885 23.952722 0.538275
5.389885 23.952722 34.520275
6.261353 28.672313 15.277288
6.417501 -4.699711 14.593570
6.417501 29.282289 14.593570
6.961722 28.592115 16.452725
15.277288 28.672313 6.261353
14.593570 -4.699711 6.417501
14.593570 29.282289 6.417501
16.452725 28.592115 6.961722
0.000000 -4.247750 8.495500
0.000000 29.734250 8.495500
33.982000 -4.247750 8.495500
33.982000 29.734250 8.495500
15.277288 22.300687 10.729647
14.593570 21.690711 10.573499
16.452725 22.380885 10.029278
0.000000 21.238750 8.495500
33.982000 21.238750 8.495500
5.309688 18.704712 6.261353
4.699711 19.388430 6.417501
38.681711 19.388430 6.417501
7.233069 -1.355882 7.793772
7.233069 32.626118 7.793772
6.177928 -2.086495 6.894948
6.177928 31.895505 6.894948
7.603472 -1.765365 6.327448
7.603472 32.216635 6.327448
5.389885 17.529275 6.961722
4.247750 16.991000 8.495500
38.229750 16.991000 8.495500
1.713712 28.672313 10.729647
35.695712 28.672313 10.729647
2.397430 -4.699711 10.573499
2.397430 29.282289 10.573499
36.379430 -4.699711 10.573499
36.379430 29.282289 10.573499
0.538275 28.592115 10.029278
34.520275 28.592115 10.029278
11.681313 -1.713712 6.261353
11.681313 32.268288 6.261353
12.291289 -2.397430 6.417501
12.291289 31.584570 6.417501
11.601115 -0.538275 6.961722
11.601115 33.443725 6.961722
12.743250 16.991000 8.495500
1.713712 22.300687 6.261353
35.695712 22.300687 6.261353
2.397430 21.690711 6.417501
36.379430 21.690711 6.417501
0.538275 22.380885 6.961722
34.520275 22.380885 6.961722
5.309688 -1.713712 10.729647
5.309688 32.268288 10.729647
4.699711 -2.397430 10.573499
4.699711 31.584570 10.573499
38.681711 -2.397430 10.573499
38.681711 31.584570 10.573499
5.389885 -0.538275 10.029278
5.389885 33.443725 10.029278
11.681313 18.704712 10.729647
12.291289 19.388430 10.573499
11.601115 17.529275 10.029278
14.901957 25.620729 2.089043
14.901957 25.620729 36.071043
14.756853 23.772788 3.185812
14.756853 23.772788 37.167812
14.913001 23.089070 3.795789
14.913001 23.089070 37.777789
15.457222 24.948225 3.105615
15.457222 24.948225 37.087615
8.629729 19.080043 14.901957
6.781788 19.225147 13.805187
6.098070 19.068999 13.195211
9.948230 18.586455 15.395545
7.957225 18.524778 13.885385
2.089043 25.352271 2.089043
2.089043 25.352271 36.071043
36.071043 25.352271 2.089043
36.071043 25.352271 36.071043
2.234147 27.200212 3.185812
2.234147 27.200212 37.167812
36.216147 27.200212 3.185812
36.216147 27.200212 37.167812
2.077999 27.883930 3.795789
2.077999 27.883930 37.777789
36.059999 27.883930 3.795789
36.059999 27.883930 37.777789
1.595455 24.033769 1.595455
1.595455 24.033770 35.577455
35.577455 24.033769 1.595455
35.577455 24.033770 35.577455
0.701728 24.130618 1.262431
0.701728 24.130618 35.244431
34.683728 24.130618 1.262431
34.683728 24.130618 35.244431
1.600552 23.400005 2.317572
1.600552 23.400005 36.299572
35.582552 23.400005 2.317572
35.582552 23.400005 36.299572
2.168052 23.721135 0.892027
2.168052 23.721135 34.874028
36.150052 23.721135 0.892027
36.150052 23.721135 34.874028
1.533778 26.024775 3.105615
1.533778 26.024775 37.087615
35.515778 26.024775 3.105615
35.515778 26.024775 37.087615
8.361271 -2.089043 14.901957
8.361271 31.892957 14.901957
10.209212 -2.234147 13.805187
10.209212 31.747853 13.805187
10.892930 -2.077999 13.195211
10.892930 31.904001 13.195211
9.033775 -1.533778 13.885385
9.033775 32.448222 13.885385
14.901957 25.352271 14.901957
14.756853 27.200212 13.805187
14.913001 27.883930 13.195211
15.457222 26.024775 13.885385
8.361271 19.080043 2.089043
8.361271 19.080043 36.071043
10.209212 19.225147 3.185812
10.209212 19.225147 37.167812
10.892930 19.068999 3.795789
10.892930 19.068999 37.777789
9.033775 18.524778 3.105615
9.033775 18.524778 37.087615
2.089043 25.620729 14.901957
36.071043 25.620729 14.901957
2.234147 23.772788 13.805187
36.216147 23.772788 13.805187
2.077999 23.089070 13.195211
36.059999 23.089070 13.195211
1.533778 24.948225 13.885385
35.515778 24.948225 13.885385
8.629729 -2.089043 2.089043
8.629729 -2.089043 36.071043
8.629729 31.892957 2.089043
8.629729 31.892957 36.071043
6.781788 -2.234147 3.185812
6.781788 -2.234147 37.167812
6.781788 31.747853 3.185812
6.781788 31.747853 37.167812
6.098070 -2.077999 3.795789
6.098070 -2.077999 37.777789
6.098070 31.904001 3.795789
6.098070 31.904001 37.777789
9.948230 -1.595455 1.595455
9.948230 -1.595455 35.577455
9.948230 32.386545 1.595455
9.948230 32.386545 35.577455
7.957225 -1.533778 3.105615
7.957225 -1.533778 37.087615
7.957225 32.448222 3.105615
7.957225 32.448222 37.087615
2.089043 -2.089043 8.629729
2.089043 31.892957 8.629729
36.071043 -2.089043 8.629729
36.071043 31.892957 8.629729
3.185812 -2.234147 6.781788
3.185813 31.747853 6.781788
37.167812 -2.234147 6.781788
37.167812 31.747853 6.781788
3.795789 -2.077999 6.098070
3.795789 31.904001 6.098070
37.777789 -2.077999 6.098070
37.777789 31.904001 6.098070
1.595455 -1.595455 9.948230
1.595455 32.386545 9.948230
35.577455 -1.595455 9.948230
35.577455 32.386545 9.948230
3.105615 -1.533778 7.957225
3.105615 32.448222 7.957225
37.087615 -1.533778 7.957225
37.087615 32.448222 7.957225
14.901957 -2.089043 8.361271
14.901957 31.892957 8.361271
14.756853 -3.185813 10.209212
14.756853 30.796187 10.209212
14.913001 -3.795789 10.892930
14.913001 30.186211 10.892930
15.395545 -1.595455 7.042769
15.395545 32.386545 7.042769
16.289272 -1.262431 7.139618
16.289272 32.719569 7.139618
15.390448 -2.317572 6.409005
15.390448 31.664428 6.409005
14.822948 -0.892028 6.730135
14.822948 33.089972 6.730135
15.457222 -3.105615 9.033775
15.457222 30.876385 9.033775
14.901957 19.080043 8.629729
13.805187 19.225147 6.781788
13.195211 19.068999 6.098070
15.395545 18.586455 9.948230
13.885385 18.524778 7.957225
2.089043 19.080043 8.361271
36.071043 19.080043 8.361271
2.234147 20.176813 10.209212
36.216147 20.176813 10.209212
2.077999 20.786789 10.892930
36.059999 20.786789 10.892930
1.595455 18.586455 7.042769
35.577455 18.586455 7.042769
0.701728 18.253431 7.139618
34.683728 18.253431 7.139618
1.600552 19.308572 6.409005
35.582552 19.308572 6.409005
2.168052 17.883028 6.730135
36.150052 17.883028 6.730135
1.533778 20.096615 9.033775
35.515778 20.096615 9.033775
3.185813 19.225147 10.209212
37.167812 19.225147 10.209212
3.795789 19.068999 10.892930
37.777789 19.068999 10.892930
3.105615 18.524778 9.033775
37.087615 18.524778 9.033775
2.234147 -3.185813 6.781788
2.234147 30.796187 6.781788
36.216147 -3.185813 6.781788
36.216147 30.796187 6.781788
2.077999 -3.795789 6.098070
2.077999 30.186211 6.098070
36.059999 -3.795789 6.098070
36.059999 30.186211 6.098070
0.701728 -1.262431 9.851382
0.701728 32.719569 9.851382
34.683728 -1.262431 9.851382
34.683728 32.719569 9.851382
1.600552 -2.317572 10.581995
1.600552 31.664428 10.581995
35.582552 -2.317572 10.581995
35.582552 31.664428 10.581995
2.168052 -0.892028 10.260865
2.168052 33.089972 10.260865
36.150052 -0.892028 10.260865
36.150052 33.089972 10.260865
1.533778 -3.105615 7.957225
1.533778 30.876385 7.957225
35.515778 -3.105615 7.957225
35.515778 30.876385 7.957225
13.805187 -2.234147 10.209212
13.805187 31.747853 10.209212
13.195211 -2.077999 10.892930
13.195211 31.904001 10.892930
13.885385 -1.533778 9.033775
13.885385 32.448222 9.033775
14.756853 20.176813 6.781788
14.913001 20.786789 6.098070
16.289272 18.253431 9.851382
15.390448 19.308572 10.581995
14.822948 17.883028 10.260865
15.457222 20.096615 7.957225
6.781788 20.176813 14.756853
6.098070 20.786789 14.913001
9.851382 18.253431 16.289272
10.581995 19.308572 15.390448
10.260865 17.883028 14.822948
7.957225 20.096615 15.457222
6.781788 -3.185813 2.234147
6.781788 -3.185813 36.216147
6.781788 30.796187 2.234147
6.781788 30.796187 36.216147
6.098070 -3.795789 2.077999
6.098070 -3.795789 36.059999
6.098070 30.186211 2.077999
6.098070 30.186211 36.059999
9.851382 -1.262431 0.701728
9.851382 -1.262431 34.683728
9.851382 32.719569 0.701728
9.851382 32.719569 34.683728
10.581995 -2.317572 1.600552
10.581995 -2.317572 35.582552
10.581995 31.664428 1.600552
10.581995 31.664428 35.582552
10.260865 -0.892028 2.168052
10.260865 -0.892028 36.150052
10.260865 33.089972 2.168052
10.260865 33.089972 36.150052
7.957225 -3.105615 1.533778
7.957225 -3.105615 35.515778
7.957225 30.876385 1.533778
7.957225 30.876385 35.515778
13.805187 27.200212 14.756853
13.195211 27.883930 14.913001
13.885385 26.024775 15.457222
10.209212 20.176813 2.234147
10.209212 20.176813 36.216147
10.892930 20.786789 2.077999
10.892930 20.786789 36.059999
9.033775 20.096615 1.533778
9.033775 20.096615 35.515778
3.185813 23.772788 14.756853
37.167812 23.772788 14.756853
3.795789 23.089070 14.913001
37.777789 23.089070 14.913001
3.105615 24.948225 15.457222
37.087615 24.948225 15.457222
10.209212 -3.185813 14.756853
10.209212 30.796187 14.756853
10.892930 -3.795789 14.913001
10.892930 30.186211 14.913001
9.033775 -3.105615 15.457222
9.033775 30.876385 15.457222
13.805187 23.772788 2.234147
13.805187 23.772788 36.216147
13.195211 23.089070 2.077999
13.195211 23.089070 36.059999
13.885385 24.948225 1.533778
13.885385 24.948225 35.515778
3.185813 27.200212 2.234147
3.185813 27.200212 36.216147
37.167812 27.200212 2.234147
37.167812 27.200212 36.216147
3.795789 27.883930 2.077999
3.795789 27.883930 36.059999
37.777789 27.883930 2.077999
37.777789 27.883930 36.059999
3.105615 26.024775 1.533778
3.105615 26.024775 35.515778
37.087615 26.024775 1.533778
37.087615 26.024775 35.515778
7.062107 -1.602694 15.388306
7.062107 32.379306 15.388306
6.152588 -2.390335 15.590125
6.152588 31.591665 15.590125
6.893408 -0.411415 15.590125
6.893408 33.570585 15.590125
6.892806 18.424393 10.098194
6.105165 19.333912 9.896375
8.084085 18.593092 9.896375
15.388306 24.053107 15.388306
16.579585 23.884408 15.590125
14.600665 23.143588 15.590125
1.433393 23.883806 10.098194
35.415393 23.883806 10.098194
1.602092 25.075085 9.896375
35.584092 25.075085 9.896375
2.342912 23.096165 9.896375
36.324912 23.096165 9.896375
1.602694 26.919893 15.388306
35.584694 26.919893 15.388306
0.411415 27.088592 15.590125
34.393415 27.088592 15.590125
2.390335 27.829412 15.590125
36.372335 27.829412 15.590125
10.098194 -1.433393 10.098194
10.098194 32.548607 10.098194
10.885835 -2.342912 9.896375
10.885835 31.639088 9.896375
8.906915 -1.602092 9.896375
8.906915 32.379908 9.896375
6.892806 27.089194 1.433393
6.892806 27.089194 35.415393
7.841697 27.634448 1.972502
7.841697 27.634448 35.954502
6.347552 26.140303 1.972502
6.347552 26.140303 35.954502
7.062107 18.593694 1.602694
7.062107 18.593694 35.584694
6.893408 17.402415 1.400875
6.893408 17.402415 35.382875
6.152588 19.381335 1.400875
6.152588 19.381335 35.382875
15.557607 27.089194 10.098194
15.388908 25.897915 9.896375
14.648088 27.876835 9.896375
15.388306 26.919893 1.602694
15.388306 26.919893 35.584694
14.600665 27.829412 1.400875
14.600665 27.829412 35.382875
16.579585 27.088592 1.400875
16.579585 27.088592 35.382875
1.433393 27.089194 6.892806
35.415393 27.089194 6.892806
2.342912 27.876835 7.094625
36.324912 27.876835 7.094625
1.602092 25.897915 7.094625
35.584092 25.897915 7.094625
10.098194 23.883806 1.433393
10.098194 23.883806 35.415393
9.149303 23.338552 1.972502
9.149303 23.338552 35.954502
10.643448 24.832697 1.972502
10.643448 24.832697 35.954502
6.406457 17.125229 27.575543
6.261353 -1.713712 28.672313
6.261353 32.268288 28.672313
6.417501 -2.397430 -4.699711
6.417501 -2.397430 29.282289
6.417501 31.584570 -4.699711
6.417501 31.584570 29.282289
6.961722 -0.538275 28.592115
6.961722 33.443725 28.592115
8.495500 16.991000 -4.247750
8.495500 16.991000 29.734250
0.134229 27.575543 23.397457
34.116229 27.575543 23.397457
15.277288 27.720647 22.300687
14.593570 27.564499 21.690711
16.452725 27.020278 22.380885
0.000000 25.486500 21.238750
33.982000 25.486500 21.238750
10.584543 -0.134229 27.575543
10.584543 33.847771 27.575543
10.729647 18.704712 28.672313
10.573499 19.388430 -4.699711
10.573499 19.388430 29.282289
10.029278 17.529275 28.592115
16.856771 23.397457 23.397457
1.713712 23.252353 22.300687
35.695712 23.252353 22.300687
2.397430 23.408501 21.690711
36.379430 23.408501 21.690711
15.538270 23.891045 23.891045
15.635118 24.784772 24.224069
14.904505 23.885948 23.168928
15.225635 23.318448 24.594472
0.538275 23.952722 22.380885
34.520275 23.952722 22.380885
6.406457 -0.134229 23.397457
6.406457 33.847771 23.397457
6.261353 18.704712 22.300687
6.417501 19.388430 21.690711
6.900045 -1.452731 23.891045
6.900045 32.529269 23.891045
6.961722 17.529275 22.380885
8.495500 16.991000 21.238750
16.856771 27.575543 27.575543
1.713712 27.720647 28.672313
35.695712 27.720647 28.672313
2.397430 27.564499 -4.699711
2.397430 27.564499 29.282289
36.379430 27.564499 -4.699711
36.379430 27.564499 29.282289
0.538275 27.020278 28.592115
34.520275 27.020278 28.592115
0.000000 25.486500 -4.247750
0.000000 25.486500 29.734250
33.982000 25.486500 -4.247750
33.982000 25.486500 29.734250
10.584543 17.125229 23.397457
10.729647 -1.713712 22.300687
10.729647 32.268288 22.300687
10.573499 -2.397430 21.690711
10.573499 31.584570 21.690711
10.090955 18.443730 23.891045
9.197228 18.346882 24.224069
10.096052 19.077495 23.168928
10.663552 18.756365 24.594472
10.029278 -0.538275 22.380885
10.029278 33.443725 22.380885
0.134229 23.397457 27.575543
34.116229 23.397457 27.575543
15.277288 23.252353 28.672313
14.593570 23.408501 -4.699711
14.593570 23.408501 29.282289
16.452725 23.952722 28.592115
10.584543 23.397457 17.125229
11.681313 23.252353 -1.713712
11.681313 23.252353 32.268288
12.291289 23.408501 -2.397430
12.291289 23.408501 31.584570
11.601115 23.952722 -0.538275
11.601115 23.952722 33.443725
12.743250 25.486500 16.991000
6.406457 23.397457 -0.134229
6.406457 23.397457 33.847771
6.261353 22.300687 18.704712
6.417501 21.690711 19.388430
6.900045 23.891045 -1.452731
6.900045 23.891045 32.529269
7.793772 24.224069 -1.355882
7.793772 24.224069 32.626118
6.894948 23.168928 -2.086495
6.894948 23.168928 31.895505
6.327448 24.594472 -1.765365
6.327448 24.594472 32.216635
6.961722 22.380885 17.529275
8.495500 21.238750 16.991000
6.406457 27.575543 17.125229
5.309688 27.720647 -1.713712
5.309688 27.720647 32.268288
4.699711 27.564499 -2.397430
4.699711 27.564499 31.584570
38.681711 27.564499 -2.397430
38.681711 27.564499 31.584570
5.389885 27.020278 -0.538275
5.389885 27.020278 33.443725
4.247750 25.486500 16.991000
38.229750 25.486500 16.991000
10.584543 27.575543 -0.134229
10.584543 27.575543 33.847771
10.729647 28.672313 18.704712
10.573499 -4.699711 19.388430
10.573499 29.282289 19.388430
10.090955 27.081955 -1.452731
10.090955 27.081955 32.529269
9.197228 26.748931 -1.355882
9.197228 26.748931 32.626118
10.096052 27.804072 -2.086495
10.096052 27.804072 31.895505
10.663552 26.378528 -1.765365
10.663552 26.378528 32.216635
10.029278 28.592115 17.529275
8.495500 -4.247750 16.991000
8.495500 29.734250 16.991000
11.681313 27.720647 18.704712
12.291289 27.564499 19.388430
11.601115 27.020278 17.529275
10.729647 22.300687 -1.713712
10.729647 22.300687 32.268288
10.573499 21.690711 -2.397430
10.573499 21.690711 31.584570
10.029278 22.380885 -0.538275
10.029278 22.380885 33.443725
5.309688 23.252353 18.704712
4.699711 23.408501 19.388430
38.681711 23.408501 19.388430
5.389885 23.952722 17.529275
6.261353 28.672313 -1.713712
6.261353 28.672313 32.268288
6.417501 -4.699711 -2.397430
6.417501 -4.699711 31.584570
6.417501 29.282289 -2.397430
6.417501 29.282289 31.584570
6.961722 28.592115 -0.538275
6.961722 28.592115 33.443725
15.277288 28.672313 23.252353
14.593570 -4.699711 23.408501
14.593570 29.282289 23.408501
16.452725 28.592115 23.952722
0.000000 -4.247750 25.486500
0.000000 29.734250 25.486500
33.982000 -4.247750 25.486500
33.982000 29.734250 25.486500
15.277288 22.300687 27.720647
14.593570 21.690711 27.564499
16.452725 22.380885 27.020278
0.000000 21.238750 25.486500
33.982000 21.238750 25.486500
5.309688 18.704712 23.252353
4.699711 19.388430 23.408501
38.681711 19.388430 23.408501
7.233069 -1.355882 24.784772
7.233069 32.626118 24.784772
6.177928 -2.086495 23.885948
6.177928 31.895505 23.885948
7.603472 -1.765365 23.318448
7.603473 32.216635 23.318448
5.389885 17.529275 23.952722
4.247750 16.991000 25.486500
38.229750 16.991000 25.486500
1.713712 28.672313 27.720647
35.695712 28.672313 27.720647
2.397430 -4.699711 27.564499
2.397430 29.282289 27.564499
36.379430 -4.699711 27.564499
36.379430 29.282289 27.564499
0.538275 28.592115 27.020278
34.520275 28.592115 27.020278
11.681313 -1.713712 23.252353
11.681313 32.268288 23.252353
12.291289 -2.397430 23.408501
12.291289 31.584570 23.408501
11.601115 -0.538275 23.952722
11.601115 33.443725 23.952722
12.743250 16.991000 25.486500
1.713712 22.300687 23.252353
35.695712 22.300687 23.252353
2.397430 21.690711 23.408501
36.379430 21.690711 23.408501
0.538275 22.380885 23.952722
34.520275 22.380885 23.952722
5.309688 -1.713712 27.720647
5.309688 32.268288 27.720647
4.699711 -2.397430 27.564499
4.699711 31.584570 27.564499
38.681711 -2.397430 27.564499
38.681711 31.584570 27.564499
5.389885 -0.538275 27.020278
5.389885 33.443725 27.020278
11.681313 18.704712 27.720647
12.291289 19.388430 27.564499
11.601115 17.529275 27.020278
14.901957 25.620729 19.080043
14.756853 23.772788 20.176813
14.913001 23.089070 20.786789
15.457222 24.948225 20.096615
8.629729 19.080043 -2.089043
8.629729 19.080043 31.892957
6.781788 19.225147 -3.185813
6.781788 19.225147 30.796187
6.098070 19.068999 -3.795789
6.098070 19.068999 30.186211
9.948230 18.586455 -1.595455
9.948230 18.586455 32.386545
7.957225 18.524778 -3.105615
7.957225 18.524778 30.876385
2.089043 25.352271 19.080043
36.071043 25.352271 19.080043
2.234147 27.200212 20.176813
36.216147 27.200212 20.176813
2.077999 27.883930 20.786789
36.059999 27.883930 20.786789
1.595455 24.033769 18.586455
35.577455 24.033769 18.586455
0.701728 24.130618 18.253431
34.683728 24.130618 18.253431
1.600552 23.400005 19.308572
35.582552 23.400005 19.308572
2.168052 23.721135 17.883028
36.150052 23.721135 17.883028
1.533778 26.024775 20.096615
35.515778 26.024775 20.096615
8.361271 -2.089043 -2.089043
8.361271 -2.089043 31.892957
8.361271 31.892957 -2.089043
8.361271 31.892957 31.892957
10.209212 -2.234147 -3.185813
10.209212 -2.234147 30.796187
10.209212 31.747853 -3.185813
10.209212 31.747853 30.796187
10.892930 -2.077999 -3.795789
10.892930 -2.077999 30.186211
10.892930 31.904001 -3.795789
10.892930 31.904001 30.186211
9.033775 -1.533778 -3.105615
9.033775 -1.533778 30.876385
9.033775 32.448222 -3.105615
9.033775 32.448222 30.876385
14.901957 25.352271 -2.089043
14.901957 25.352271 31.892957
14.756853 27.200212 -3.185813
14.756853 27.200212 30.796187
14.913001 27.883930 -3.795789
14.913001 27.883930 30.186211
15.457222 26.024775 -3.105615
15.457222 26.024775 30.876385
8.361271 19.080043 19.080043
10.209212 19.225147 20.176813
10.892930 19.068999 20.786789
9.033775 18.524778 20.096615
2.089043 25.620729 -2.089043
2.089043 25.620729 31.892957
36.071043 25.620729 -2.089043
36.071043 25.620729 31.892957
2.234147 23.772788 -3.185813
2.234147 23.772788 30.796187
36.216147 23.772788 -3.185813
36.216147 23.772788 30.796187
2.077999 23.089070 -3.795789
2.077999 23.089070 30.186211
36.059999 23.089070 -3.795789
36.059999 23.089070 30.186211
1.533778 24.948225 -3.105615
1.533778 24.948225 30.876385
35.515778 24.948225 -3.105615
35.515778 24.948225 30.876385
8.629729 -2.089043 19.080043
8.629729 31.892957 19.080043
6.781788 -2.234147 20.176813
6.781788 31.747853 20.176813
6.098070 -2.077999 20.786789
6.098070 31.904001 20.786789
9.948230 -1.595455 18.586455
9.948230 32.386545 18.586455
7.957225 -1.533778 20.096615
7.957225 32.448222 20.096615
2.089043 -2.089043 25.620729
2.089043 31.892957 25.620729
36.071043 -2.089043 25.620729
36.071043 31.892957 25.620729
3.185813 -2.234147 23.772788
3.185813 31.747853 23.772788
37.167812 -2.234147 23.772788
37.167812 31.747853 23.772788
3.795789 -2.077999 23.089070
3.795789 31.904001 23.089070
37.777789 -2.077999 23.089070
37.777789 31.904001 23.089070
1.595455 -1.595455 26.939230
1.595455 32.386545 26.939230
35.577455 -1.595455 26.939230
35.577455 32.386545 26.939230
3.105615 -1.533778 24.948225
3.105615 32.448222 24.948225
37.087615 -1.533778 24.948225
37.087615 32.448222 24.948225
14.901957 -2.089043 25.352271
14.901957 31.892957 25.352271
14.756853 -3.185813 27.200212
14.756853 30.796187 27.200212
14.913001 -3.795789 27.883930
14.913001 30.186211 27.883930
15.395545 -1.595455 24.033769
15.395545 32.386545 24.033769
16.289272 -1.262431 24.130618
16.289272 32.719569 24.130618
15.390448 -2.317572 23.400005
15.390448 31.664428 23.400005
14.822948 -0.892028 23.721135
14.822948 33.089972 23.721135
15.457222 -3.105615 26.024775
15.457222 30.876385 26.024775
14.901957 19.080043 25.620729
13.805187 19.225147 23.772788
13.195211 19.068999 23.089070
15.395545 18.586455 26.939230
13.885385 18.524778 24.948225
2.089043 19.080043 25.352271
36.071043 19.080043 25.352271
2.234147 20.176813 27.200212
36.216147 20.176813 27.200212
2.077999 20.786789 27.883930
36.059999 20.786789 27.883930
1.595455 18.586455 24.033769
35.577455 18.586455 24.033769
0.701728 18.253431 24.130618
34.683728 18.253431 24.130618
1.600552 19.308572 23.400005
35.582552 19.308572 23.400005
2.168052 17.883028 23.721135
36.150052 17.883028 23.721135
1.533778 20.096615 26.024775
35.515778 20.096615 26.024775
3.185813 19.225147 27.200212
37.167812 19.225147 27.200212
3.795789 19.068999 27.883930
37.777789 19.068999 27.883930
3.105615 18.524778 26.024775
37.087615 18.524778 26.024775
2.234147 -3.185813 23.772788
2.234147 30.796187 23.772788
36.216147 -3.185813 23.772788
36.216147 30.796187 23.772788
2.077999 -3.795789 23.089070
2.077999 30.186211 23.089070
36.059999 -3.795789 23.089070
36.059999 30.186211 23.089070
0.701728 -1.262431 26.842382
0.701728 32.719569 26.842382
34.683728 -1.262431 26.842382
34.683728 32.719569 26.842382
1.600552 -2.317572 27.572995
1.600552 31.664428 27.572995
35.582552 -2.317572 27.572995
35.582552 31.664428 27.572995
2.168052 -0.892028 27.251865
2.168052 33.089972 27.251865
36.150052 -0.892028 27.251865
36.150052 33.089972 27.251865
1.533778 -3.105615 24.948225
1.533778 30.876385 24.948225
35.515778 -3.105615 24.948225
35.515778 30.876385 24.948225
13.805187 -2.234147 27.200212
13.805187 31.747853 27.200212
13.195211 -2.077999 27.883930
13.195211 31.904001 27.883930
13.885385 -1.533778 26.024775
13.885385 32.448222 26.024775
14.756853 20.176813 23.772788
14.913001 20.786789 23.089070
16.289272 18.253431 26.842382
15.390448 19.308572 27.572995
14.822948 17.883028 27.251865
15.457222 20.096615 24.948225
6.781788 20.176813 -2.234147
6.781788 20.176813 31.747853
6.098070 20.786789 -2.077999
6.098070 20.786789 31.904001
9.851382 18.253431 -0.701728
9.851382 18.253431 33.280272
10.581995 19.308572 -1.600552
10.581995 19.308572 32.381448
10.260865 17.883028 -2.168052
10.260865 17.883028 31.813948
7.957225 20.096615 -1.533778
7.957225 20.096615 32.448222
6.781788 -3.185813 19.225147
6.781788 30.796187 19.225147
6.098070 -3.795789 19.068999
6.098070 30.186211 19.068999
9.851382 -1.262431 17.692728
9.851382 32.719569 17.692728
10.581995 -2.317572 18.591552
10.581995 31.664428 18.591552
10.260865 -0.892028 19.159052
10.260865 33.089972 19.159052
7.957225 -3.105615 18.524778
7.957225 30.876385 18.524778
13.805187 27.200212 -2.234147
13.805187 27.200212 31.747853
13.195211 27.883930 -2.077999
13.195211 27.883930 31.904001
13.885385 26.024775 -1.533778
13.885385 26.024775 32.448222
10.209212 20.176813 19.225147
10.892930 20.786789 19.068999
9.033775 20.096615 18.524778
3.185813 23.772788 -2.234147
3.185813 23.772788 31.747853
37.167812 23.772788 -2.234147
37.167812 23.772788 31.747853
3.795789 23.089070 -2.077999
3.795789 23.089070 31.904001
37.777789 23.089070 -2.077999
37.777789 23.089070 31.904001
3.105615 24.948225 -1.533778
3.105615 24.948225 32.448222
37.087615 24.948225 -1.533778
37.087615 24.948225 32.448222
10.209212 -3.185813 -2.234147
10.209212 -3.185813 31.747853
10.209212 30.796187 -2.234147
10.209212 30.796187 31.747853
10.892930 -3.795789 -2.077999
10.892930 -3.795789 31.904001
10.892930 30.186211 -2.077999
10.892930 30.186211 31.904001
9.033775 -3.105615 -1.533778
9.033775 -3.105615 32.448222
9.033775 30.876385 -1.533778
9.033775 30.876385 32.448222
13.805187 23.772788 19.225147
13.195211 23.089070 19.068999
13.885385 24.948225 18.524778
3.185813 27.200212 19.225147
37.167812 27.200212 19.225147
3.795789 27.883930 19.068999
37.777789 27.883930 19.068999
3.105615 26.024775 18.524778
37.087615 26.024775 18.524778
7.062107 -1.602694 -1.602694
7.062107 -1.602694 32.379306
7.062107 32.379306 -1.602694
7.062107 32.379306 32.379306
6.152588 -2.390335 -1.400875
6.152588 -2.390335 32.581125
6.152588 31.591665 -1.400875
6.152588 31.591665 32.581125
6.893408 -0.411415 -1.400875
6.893408 -0.411415 32.581125
6.893408 33.570585 -1.400875
6.893408 33.570585 32.581125
6.892806 18.424393 27.089194
6.105165 19.333912 26.887375
8.084085 18.593092 26.887375
15.388306 24.053107 -1.602694
15.388306 24.053107 32.379306
16.579585 23.884408 -1.400875
16.579585 23.884408 32.581125
14.600665 23.143588 -1.400875
14.600665 23.143588 32.581125
1.433393 23.883806 27.089194
35.415393 23.883806 27.089194
1.602092 25.075085 26.887375
35.584092 25.075085 26.887375
2.342912 23.096165 26.887375
36.324912 23.096165 26.887375
1.602694 26.919893 -1.602694
1.602694 26.919893 32.379306
35.584694 26.919893 -1.602694
35.584694 26.919893 32.379306
0.411415 27.088592 -1.400875
0.411415 27.088592 32.581125
34.393415 27.088592 -1.400875
34.393415 27.088592 32.581125
2.390335 27.829412 -1.400875
2.390335 27.829412 32.581125
36.372335 27.829412 -1.400875
36.372335 27.829412 32.581125
10.098194 -1.433393 27.089194
10.098194 32.548607 27.089194
10.885835 -2.342912 26.887375
10.885835 31.639088 26.887375
8.906915 -1.602092 26.887375
8.906915 32.379908 26.887375
6.892806 27.089194 18.424393
7.841697 27.634448 18.963502
6.347552 26.140303 18.963502
7.062107 18.593694 18.593694
6.893408 17.402415 18.391875
6.152588 19.381335 18.391875
15.557607 27.089194 27.089194
15.388908 25.897915 26.887375
14.648088 27.876835 26.887375
15.388306 26.919893 18.593694
14.600665 27.829412 18.391875
16.579585 27.088592 18.391875
1.433393 27.089194 23.883806
35.415393 27.089194 23.883806
2.342912 27.876835 24.085625
36.324912 27.876835 24.085625
1.602092 25.897915 24.085625
35.584092 25.897915 24.085625
10.098194 23.883806 18.424393
9.149303 23.338552 18.963502
10.643448 24.832697 18.963502
23.397457 0.134229 10.584543
23.397457 34.116229 10.584543
23.252353 15.277288 11.681313
23.408501 14.593570 12.291289
23.952722 16.452725 11.601115
25.486500 0.000000 12.743250
25.486500 33.982000 12.743250
17.125229 10.584543 6.406457
-1.713712 10.729647 5.309687
32.268288 10.729647 5.309687
-2.397430 10.573499 4.699711
-2.397430 10.573499 38.681711
31.584570 10.573499 4.699711
31.584570 10.573499 38.681711
-0.538275 10.029278 5.389885
33.443725 10.029278 5.389885
16.991000 8.495500 4.247750
16.991000 8.495500 38.229750
27.575543 16.856771 10.584543
27.720647 1.713712 11.681313
27.720647 35.695712 11.681313
27.564499 2.397430 12.291289
27.564499 36.379430 12.291289
27.020278 0.538275 11.601115
27.020278 34.520275 11.601115
-0.134229 6.406457 6.406457
33.847771 6.406457 6.406457
18.704712 6.261353 5.309687
19.388430 6.417501 4.699711
19.388430 6.417501 38.681711
-1.452731 6.900045 6.900045
32.529269 6.900045 6.900045
-1.355882 7.793772 7.233069
32.626118 7.793772 7.233069
-2.086495 6.894948 6.177928
31.895505 6.894948 6.177928
-1.765365 6.327448 7.603472
32.216635 6.327448 7.603472
17.529275 6.961722 5.389885
23.397457 16.856771 6.406457
23.252353 1.713712 5.309687
23.252353 35.695712 5.309687
23.408501 2.397430 4.699711
23.408501 2.397430 38.681711
23.408501 36.379430 4.699711
23.408501 36.379430 38.681711
23.891045 15.538270 6.900045
23.952722 0.538275 5.389885
23.952722 34.520275 5.389885
25.486500 0.000000 4.247750
25.486500 0.000000 38.229750
25.486500 33.982000 4.247750
25.486500 33.982000 38.229750
-0.134229 10.584543 10.584543
33.847771 10.584543 10.584543
18.704712 10.729647 11.681313
19.388430 10.573499 12.291289
17.529275 10.029278 11.601115
16.991000 8.495500 12.743250
27.575543 0.134229 6.406457
27.575543 34.116229 6.406457
27.720647 15.277288 5.309687
27.564499 14.593570 4.699711
27.564499 14.593570 38.681711
27.081955 1.452731 6.900045
27.081955 35.434731 6.900045
26.188228 1.355882 7.233069
26.188228 35.337882 7.233069
27.087052 2.086495 6.177928
27.087052 36.068495 6.177928
27.654552 1.765365 7.603472
27.654552 35.747365 7.603472
27.020278 16.452725 5.389885
17.125229 6.406457 10.584543
-1.713712 6.261353 11.681313
32.268288 6.261353 11.681313
-2.397430 6.417501 12.291289
31.584570 6.417501 12.291289
-0.538275 6.961722 11.601115
33.443725 6.961722 11.601115
27.575543 6.406457 0.134229
27.575543 6.406457 34.116229
28.672313 6.261353 15.277288
-4.699711 6.417501 14.593570
29.282289 6.417501 14.593570
28.592115 6.961722 16.452725
-4.247750 8.495500 0.000000
-4.247750 8.495500 33.982000
29.734250 8.495500 0.000000
29.734250 8.495500 33.982000
23.397457 6.406457 16.856771
23.252353 5.309687 1.713712
23.252353 5.309688 35.695712
23.408501 4.699711 2.397430
23.408501 4.699711 36.379430
23.408501 38.681711 2.397430
23.408501 38.681711 36.379430
23.891045 6.900045 15.538270
24.784772 7.233069 15.635118
23.885948 6.177928 14.904505
23.318448 7.603472 15.225635
23.952722 5.389885 0.538275
23.952722 5.389885 34.520275
25.486500 4.247750 0.000000
25.486500 4.247750 33.982000
25.486500 38.229750 0.000000
25.486500 38.229750 33.982000
23.397457 10.584543 0.134229
23.397457 10.584543 34.116229
22.300687 10.729647 15.277288
21.690711 10.573499 14.593570
22.380885 10.029278 16.452725
21.238750 8.495500 0.000000
21.238750 8.495500 33.982000
27.575543 10.584543 16.856771
27.720647 11.681313 1.713712
27.720647 11.681313 35.695712
27.564499 12.291289 2.397430
27.564499 12.291289 36.379430
27.081955 10.090955 15.538270
26.188228 9.757931 15.635118
27.087052 10.813072 14.904505
27.654552 9.387528 15.225635
27.020278 11.601115 0.538275
27.020278 11.601115 34.520275
25.486500 12.743250 0.000000
25.486500 12.743250 33.982000
28.672313 10.729647 1.713712
28.672313 10.729647 35.695712
-4.699711 10.573499 2.397430
-4.699711 10.573499 36.379430
29.282289 10.573499 2.397430
29.282289 10.573499 36.379430
28.592115 10.029278 0.538275
28.592115 10.029278 34.520275
27.720647 5.309688 15.277288
27.564499 4.699711 14.593570
27.564499 38.681711 14.593570
27.020278 5.389885 16.452725
22.300687 6.261353 1.713712
22.300688 6.261353 35.695712
21.690711 6.417501 2.397430
21.690711 6.417501 36.379430
22.380885 6.961722 0.538275
22.380885 6.961722 34.520275
23.252353 11.681313 15.277288
23.408501 12.291289 14.593570
23.952722 11.601115 16.452725
-1.713712 11.681313 6.261353
32.268288 11.681313 6.261353
-2.397430 12.291289 6.417501
31.584570 12.291289 6.417501
-0.538275 11.601115 6.961722
33.443725 11.601115 6.961722
16.991000 12.743250 8.495500
-1.713712 5.309688 10.729647
32.268288 5.309688 10.729647
-2.397430 4.699711 10.573499
-2.397430 38.681711 10.573499
31.584570 4.699711 10.573499
31.584570 38.681711 10.573499
-0.538275 5.389885 10.029278
33.443725 5.389885 10.029278
16.991000 4.247750 8.495500
16.991000 38.229750 8.495500
22.300687 1.713712 6.261353
22.300688 35.695712 6.261353
21.690711 2.397430 6.417501
21.690711 36.379430 6.417501
24.224069 15.635118 7.793772
23.168928 14.904505 6.894948
24.594472 15.225635 6.327448
22.380885 0.538275 6.961722
22.380885 34.520275 6.961722
21.238750 0.000000 8.495500
21.238750 33.982000 8.495500
18.704712 11.681313 10.729647
19.388430 12.291289 10.573499
17.529275 11.601115 10.029278
28.672313 15.277288 6.261353
-4.699711 14.593570 6.417501
29.282289 14.593570 6.417501
28.592115 16.452725 6.961722
-4.247750 0.000000 8.495500
-4.247750 33.982000 8.495500
29.734250 0.000000 8.495500
29.734250 33.982000 8.495500
18.704712 5.309687 6.261353
19.388430 4.699711 6.417501
19.388430 38.681711 6.417501
17.529275 5.389885 6.961722
22.300687 15.277288 10.729647
21.690711 14.593570 10.573499
22.380885 16.452725 10.029278
28.672313 1.713712 10.729647
28.672313 35.695712 10.729647
-4.699711 2.397430 10.573499
-4.699711 36.379430 10.573499
29.282289 2.397430 10.573499
29.282289 36.379430 10.573499
28.592115 0.538275 10.029278
28.592115 34.520275 10.029278
-2.089043 8.629729 2.089043
-2.089043 8.629729 36.071043
31.892957 8.629729 2.089043
31.892957 8.629729 36.071043
-2.234147 6.781788 3.185812
-2.234147 6.781788 37.167812
31.747853 6.781788 3.185812
31.747853 6.781788 37.167812
-2.077999 6.098070 3.795789
-2.077999 6.098070 37.777789
31.904001 6.098070 3.795789
31.904001 6.098070 37.777789
-1.533778 7.957225 3.105615
-1.533778 7.957225 37.087615
32.448222 7.957225 3.105615
32.448222 7.957225 37.087615
25.620729 2.089043 14.901957
25.620729 36.071043 14.901957
23.772788 2.234147 13.805187
23.772788 36.216147 13.805187
23.089070 2.077999 13.195211
23.089070 36.059999 13.195211
26.939230 1.595455 15.395545
26.939230 35.577455 15.395545
24.948225 1.533778 13.885385
24.948225 35.515778 13.885385
19.080043 8.361271 2.089043
19.080043 8.361271 36.071043
19.225147 10.209212 3.185812
19.225147 10.209212 37.167812
19.068999 10.892930 3.795789
19.068999 10.892930 37.777789
18.586455 7.042769 1.595455
18.586455 7.042770 35.577455
17.692728 7.139618 1.262431
17.692728 7.139618 35.244431
18.591552 6.409005 2.317572
18.591552 6.409005 36.299572
19.159052 6.730135 0.892027
19.159052 6.730135 34.874028
18.524778 9.033775 3.105615
18.524778 9.033775 37.087615
25.352271 14.901957 14.901957
27.200212 14.756853 13.805187
27.883930 14.913001 13.195211
26.024775 15.457222 13.885385
-2.089043 8.361271 14.901957
31.892957 8.361271 14.901957
-2.234147 10.209212 13.805187
31.747853 10.209212 13.805187
-2.077999 10.892930 13.195211
31.904001 10.892930 13.195211
-1.533778 9.033775 13.885385
32.448222 9.033775 13.885385
25.352271 2.089043 2.089043
25.352271 2.089043 36.071043
25.352271 36.071043 2.089043
25.352271 36.071043 36.071043
27.200212 2.234147 3.185812
27.200212 2.234147 37.167812
27.200212 36.216147 3.185812
27.200212 36.216147 37.167812
27.883930 2.077999 3.795789
27.883930 2.077999 37.777789
27.883930 36.059999 3.795789
27.883930 36.059999 37.777789
26.024775 1.533778 3.105615
26.024775 1.533778 37.087615
26.024775 35.515778 3.105615
26.024775 35.515778 37.087615
19.080043 8.629729 14.901957
19.225147 6.781788 13.805187
19.068999 6.098070 13.195211
18.524778 7.957225 13.885385
25.620729 14.901957 2.089043
25.620729 14.901957 36.071043
23.772788 14.756853 3.185812
23.772788 14.756853 37.167812
23.089070 14.913001 3.795789
23.089070 14.913001 37.777789
26.939230 15.395545 1.595455
26.939230 15.395545 35.577455
24.948225 15.457222 3.105615
24.948225 15.457222 37.087615
19.080043 14.901957 8.629729
20.176813 14.756853 6.781788
20.786789 14.913001 6.098070
18.586455 15.395545 9.948230
20.096615 15.457222 7.957225
-2.089043 14.901957 8.361271
31.892957 14.901957 8.361271
-2.234147 13.805187 10.209212
31.747853 13.805187 10.209212
-2.077999 13.195211 10.892930
31.904001 13.195211 10.892930
-1.595455 15.395545 7.042769
32.386545 15.395545 7.042769
-0.701728 15.728569 7.139618
33.280272 15.728569 7.139618
-1.600552 14.673428 6.409005
32.381448 14.673428 6.409005
-2.168052 16.098972 6.730135
31.813948 16.098972 6.730135
-1.533778 13.885385 9.033775
32.448222 13.885385 9.033775
-2.089043 2.089043 8.629729
-2.089043 36.071043 8.629729
31.892957 2.089043 8.629729
31.892957 36.071043 8.629729
-3.185813 2.234147 6.781788
-3.185813 36.216147 6.781788
30.796187 2.234147 6.781788
30.796187 36.216147 6.781788
-3.795789 2.077999 6.098070
-3.795789 36.059999 6.098070
30.186211 2.077999 6.098070
30.186211 36.059999 6.098070
-1.595455 1.595455 9.948230
-1.595455 35.577455 9.948230
32.386545 1.595455 9.948230
32.386545 35.577455 9.948230
-3.105615 1.533778 7.957225
-3.105615 35.515778 7.957225
30.876385 1.533778 7.957225
30.876385 35.515778 7.957225
19.080043 2.089043 8.361271
19.080043 36.071043 8.361271
19.225147 3.185813 10.209212
19.225147 37.167812 10.209212
19.068999 3.795789 10.892930
19.068999 37.777789 10.892930
18.586455 1.595455 7.042769
18.586455 35.577455 7.042769
17.692728 1.262431 7.139618
17.692728 35.244431 7.139618
18.591552 2.317572 6.409005
18.591552 36.299572 6.409005
19.159052 0.892028 6.730135
19.159052 34.874028 6.730135
18.524778 3.105615 9.033775
18.524778 37.087615 9.033775
20.176813 2.234147 10.209212
20.176813 36.216147 10.209212
20.786789 2.077999 10.892930
20.786789 36.059999 10.892930
20.096615 1.533778 9.033775
20.096615 35.515778 9.033775
19.225147 13.805187 6.781788
19.068999 13.195211 6.098070
17.692728 15.728569 9.851382
18.591552 14.673428 10.581995
19.159052 16.098972 10.260865
18.524778 13.885385 7.957225
-3.185813 14.756853 10.209212
30.796187 14.756853 10.209212
-3.795789 14.913001 10.892930
30.186211 14.913001 10.892930
-3.105615 15.457222 9.033775
30.876385 15.457222 9.033775
-2.234147 3.185813 6.781788
-2.234147 37.167812 6.781788
31.747853 3.185813 6.781788
31.747853 37.167812 6.781788
-2.077999 3.795789 6.098070
-2.077999 37.777789 6.098070
31.904001 3.795789 6.098070
31.904001 37.777789 6.098070
-0.701728 1.262431 9.851382
-0.701728 35.244431 9.851382
33.280272 1.262431 9.851382
33.280272 35.244431 9.851382
-1.600552 2.317572 10.581995
-1.600552 36.299572 10.581995
32.381448 2.317572 10.581995
32.381448 36.299572 10.581995
-2.168052 0.892028 10.260865
-2.168052 34.874028 10.260865
31.813948 0.892028 10.260865
31.813948 34.874028 10.260865
-1.533778 3.105615 7.957225
-1.533778 37.087615 7.957225
32.448222 3.105615 7.957225
32.448222 37.087615 7.957225
23.772788 3.185813 14.756853
23.772788 37.167812 14.756853
23.089070 3.795789 14.913001
23.089070 37.777789 14.913001
26.842382 1.262431 16.289272
26.842382 35.244431 16.289272
27.572995 2.317572 15.390448
27.572995 36.299572 15.390448
27.251865 0.892028 14.822948
27.251865 34.874028 14.822948
24.948225 3.105615 15.457222
24.948225 37.087615 15.457222
23.772788 13.805187 2.234147
23.772788 13.805187 36.216147
23.089070 13.195211 2.077999
23.089070 13.195211 36.059999
26.842382 15.728569 0.701728
26.842382 15.728569 34.683728
27.572995 14.673428 1.600552
27.572995 14.673428 35.582552
27.251865 16.098972 2.168052
27.251865 16.098973 36.150052
24.948225 13.885385 1.533778
24.948225 13.885385 35.515778
-3.185813 10.209212 14.756853
30.796187 10.209212 14.756853
-3.795789 10.892930 14.913001
30.186211 10.892930 14.913001
-3.105615 9.033775 15.457222
30.876385 9.033775 15.457222
27.200212 3.185812 2.234147
27.200212 3.185813 36.216147
27.200212 37.167812 2.234147
27.200212 37.167812 36.216147
27.883930 3.795789 2.077999
27.883930 3.795789 36.059999
27.883930 37.777789 2.077999
27.883930 37.777789 36.059999
26.024775 3.105615 1.533778
26.024775 3.105615 35.515778
26.024775 37.087615 1.533778
26.024775 37.087615 35.515778
20.176813 6.781788 14.756853
20.786789 6.098070 14.913001
20.096615 7.957225 15.457222
27.200212 13.805187 14.756853
27.883930 13.195211 14.913001
26.024775 13.885385 15.457222
-3.185813 6.781788 2.234147
-3.185813 6.781788 36.216147
30.796187 6.781788 2.234147
30.796187 6.781788 36.216147
-3.795789 6.098070 2.077999
-3.795789 6.098070 36.059999
30.186211 6.098070 2.077999
30.186211 6.098070 36.059999
-3.105615 7.957225 1.533778
-3.105615 7.957225 35.515778
30.876385 7.957225 1.533778
30.876385 7.957225 35.515778
20.176813 10.209212 2.234147
20.176813 10.209212 36.216147
20.786789 10.892930 2.077999
20.786789 10.892930 36.059999
20.096615 9.033775 1.533778
20.096615 9.033775 35.515778
24.053107 15.388306 15.388306
23.143588 14.600665 15.590125
23.884408 16.579585 15.590125
23.883806 1.433393 10.098194
23.883806 35.415393 10.098194
23.096165 2.342912 9.896375
23.096165 36.324912 9.896375
25.075085 1.602092 9.896375
25.075085 35.584092 9.896375
-1.602694 7.062107 15.388306
32.379306 7.062107 15.388306
-0.411415 6.893408 15.590125
33.570585 6.893408 15.590125
-2.390335 6.152588 15.590125
31.591665 6.152588 15.590125
18.424393 6.892806 10.098194
18.593092 8.084085 9.896375
19.333912 6.105165 9.896375
18.593694 9.928893 15.388306
17.402415 10.097592 15.590125
19.381335 10.838412 15.590125
27.089194 15.557607 10.098194
27.876835 14.648088 9.896375
25.897915 15.388908 9.896375
23.883806 10.098194 1.433393
23.883806 10.098194 35.415393
24.832697 10.643448 1.972502
24.832697 10.643448 35.954502
23.338552 9.149303 1.972502
23.338552 9.149303 35.954502
24.053107 1.602694 1.602694
24.053107 1.602694 35.584694
24.053107 35.584694 1.602694
24.053107 35.584694 35.584694
23.884408 0.411415 1.400875
23.884408 0.411415 35.382875
23.884408 34.393415 1.400875
23.884408 34.393415 35.382875
23.143588 2.390335 1.400875
23.143588 2.390335 35.382875
23.143588 36.372335 1.400875
23.143588 36.372335 35.382875
-1.433393 10.098194 10.098194
32.548607 10.098194 10.098194
-1.602092 8.906915 9.896375
32.379908 8.906915 9.896375
-2.342912 10.885835 9.896375
31.639088 10.885835 9.896375
-1.602694 9.928893 1.602694
-1.602694 9.928893 35.584694
32.379306 9.928893 1.602694
32.379306 9.928893 35.584694
-2.390335 10.838412 1.400875
-2.390335 10.838412 35.382875
31.591665 10.838412 1.400875
31.591665 10.838412 35.382875
-0.411415 10.097592 1.400875
-0.411415 10.097592 35.382875
33.570585 10.097592 1.400875
33.570585 10.097592 35.382875
18.424393 10.098194 6.892806
19.333912 10.885835 7.094625
18.593092 8.906915 7.094625
27.089194 6.892806 1.433393
27.089194 6.892806 35.415393
26.140303 6.347552 1.972502
26.140303 6.347552 35.954502
27.634448 7.841697 1.972502
27.634448 7.841697 35.954502
23.397457 0.134229 27.575543
23.397457 34.116229 27.575543
23.252353 15.277288 28.672313
23.408501 14.593570 -4.699711
23.408501 14.593570 29.282289
23.952722 16.452725 28.592115
25.486500 -0.000000 -4.247750
25.486500 0.000000 29.734250
25.486500 33.982000 -4.247750
25.486500 33.982000 29.734250
17.125229 10.584543 23.397457
-1.713712 10.729647 22.300687
32.268288 10.729647 22.300687
-2.397430 10.573499 21.690711
31.584570 10.573499 21.690711
-0.538275 10.029278 22.380885
33.443725 10.029278 22.380885
16.991000 8.495500 21.238750
27.575543 16.856771 27.575543
27.720647 1.713712 28.672313
27.720647 35.695712 28.672313
27.564499 2.397430 -4.699711
27.564499 2.397430 29.282289
27.564499 36.379430 -4.699711
27.564499 36.379430 29.282289
27.020278 0.538275 28.592115
27.020278 34.520275 28.592115
-0.134229 6.406457 23.397457
33.847771 6.406457 23.397457
18.704712 6.261353 22.300687
19.388430 6.417501 21.690711
-1.452731 6.900045 23.891045
32.529269 6.900045 23.891045
-1.355882 7.793772 24.224069
32.626118 7.793772 24.224069
-2.086495 6.894948 23.168928
31.895505 6.894948 23.168928
-1.765365 6.327448 24.594472
32.216635 6.327448 24.594472
17.529275 6.961722 22.380885
23.397457 16.856771 23.397457
23.252353 1.713712 22.300687
23.252353 35.695712 22.300687
23.408501 2.397430 21.690711
23.408501 36.379430 21.690711
23.891045 15.538270 23.891045
23.952722 0.538275 22.380885
23.952722 34.520275 22.380885
25.486500 0.000000 21.238750
25.486500 33.982000 21.238750
-0.134229 10.584543 27.575543
33.847771 10.584543 27.575543
18.704712 10.729647 28.672313
19.388430 10.573499 -4.699711
19.388430 10.573499 29.282289
17.529275 10.029278 28.592115
16.991000 8.495500 -4.247750
16.991000 8.495500 29.734250
27.575543 0.134229 23.397457
27.575543 34.116229 23.397457
27.720647 15.277288 22.300687
27.564499 14.593570 21.690711
27.081955 1.452731 23.891045
27.081955 35.434731 23.891045
26.188228 1.355882 24.224069
26.188228 35.337882 24.224069
27.087052 2.086495 23.168928
27.087052 36.068495 23.168928
27.654552 1.765365 24.594472
27.654552 35.747365 24.594472
27.020278 16.452725 22.380885
17.125229 6.406457 27.575543
-1.713712 6.261353 28.672313
32.268288 6.261353 28.672313
-2.397430 6.417501 -4.699711
-2.397430 6.417501 29.282289
31.584570 6.417501 -4.699711
31.584570 6.417501 29.282289
-0.538275 6.961722 28.592115
33.443725 6.961722 28.592115
27.575543 6.406457 17.125229
28.672313 6.261353 -1.713712
28.672313 6.261353 32.268288
-4.699711 6.417501 -2.397430
-4.699711 6.417501 31.584570
29.282289 6.417501 -2.397430
29.282289 6.417501 31.584570
28.592115 6.961722 -0.538275
28.592115 6.961722 33.443725
-4.247750 8.495500 16.991000
29.734250 8.495500 16.991000
23.397457 6.406457 -0.134229
23.397457 6.406457 33.847771
23.252353 5.309688 18.704712
23.408501 4.699711 19.388430
23.408501 38.681711 19.388430
23.891045 6.900045 -1.452731
23.891045 6.900045 32.529269
24.784772 7.233069 -1.355882
24.784772 7.233069 32.626118
23.885948 6.177928 -2.086495
23.885948 6.177928 31.895505
23.318448 7.603472 -1.765365
23.318448 7.603472 32.216635
23.952722 5.389885 17.529275
25.486500 4.247750 16.991000
25.486500 38.229750 16.991000
23.397457 10.584543 17.125229
22.300687 10.729647 -1.713712
22.300687 10.729647 32.268288
21.690711 10.573499 -2.397430
21.690711 10.573499 31.584570
22.380885 10.029278 -0.538275
22.380885 10.029278 33.443725
21.238750 8.495500 16.991000
27.575543 10.584543 -0.134229
27.575543 10.584543 33.847771
27.720647 11.681313 18.704712
27.564499 12.291289 19.388430
27.081955 10.090955 -1.452731
27.081955 10.090955 32.529269
26.188228 9.757931 -1.355882
26.188228 9.757931 32.626118
27.087052 10.813072 -2.086495
27.087052 10.813072 31.895505
27.654552 9.387527 -1.765365
27.654552 9.387527 32.216635
27.020278 11.601115 17.529275
25.486500 12.743250 16.991000
28.672313 10.729647 18.704712
-4.699711 10.573499 19.388430
29.282289 10.573499 19.388430
28.592115 10.029278 17.529275
27.720647 5.309687 -1.713712
27.720647 5.309688 32.268288
27.564499 4.699711 -2.397430
27.564499 4.699711 31.584570
27.564499 38.681711 -2.397430
27.564499 38.681711 31.584570
27.020278 5.389885 -0.538275
27.020278 5.389885 33.443725
22.300687 6.261353 18.704712
21.690711 6.417501 19.388430
22.380885 6.961722 17.529275
23.252353 11.681313 -1.713712
23.252353 11.681313 32.268288
23.408501 12.291289 -2.397430
23.408501 12.291289 31.584570
23.952722 11.601115 -0.538275
23.952722 11.601115 33.443725
-1.713712 11.681313 23.252353
32.268288 11.681313 23.252353
-2.397430 12.291289 23.408501
31.584570 12.291289 23.408501
-0.538275 11.601115 23.952722
33.443725 11.601115 23.952722
16.991000 12.743250 25.486500
-1.713712 5.309688 27.720647
32.268288 5.309688 27.720647
-2.397430 4.699711 27.564499
-2.397430 38.681711 27.564499
31.584570 4.699711 27.564499
31.584570 38.681711 27.564499
-0.538275 5.389885 27.020278
33.443725 5.389885 27.020278
16.991000 4.247750 25.486500
16.991000 38.229750 25.486500
22.300687 1.713712 23.252353
22.300688 35.695712 23.252353
21.690711 2.397430 23.408501
21.690711 36.379430 23.408501
24.224069 15.635118 24.784772
23.168928 14.904505 23.885948
24.594472 15.225635 23.318448
22.380885 0.538275 23.952722
22.380885 34.520275 23.952722
21.238750 0.000000 25.486500
21.238750 33.982000 25.486500
18.704712 11.681313 27.720647
19.388430 12.291289 27.564499
17.529275 11.601115 27.020278
28.672313 15.277288 23.252353
-4.699711 14.593570 23.408501
29.282289 14.593570 23.408501
28.592115 16.452725 23.952722
-4.247750 0.000000 25.486500
-4.247750 33.982000 25.486500
29.734250 0.000000 25.486500
29.734250 33.982000 25.486500
18.704712 5.309688 23.252353
19.388430 4.699711 23.408501
19.388430 38.681711 23.408501
17.529275 5.389885 23.952722
22.300687 15.277288 27.720647
21.690711 14.593570 27.564499
22.380885 16.452725 27.020278
28.672313 1.713712 27.720647
28.672313 35.695712 27.720647
-4.699711 2.397430 27.564499
-4.699711 36.379430 27.564499
29.282289 2.397430 27.564499
29.282289 36.379430 27.564499
28.592115 0.538275 27.020278
28.592115 34.520275 27.020278
-2.089043 8.629729 19.080043
31.892957 8.629729 19.080043
-2.234147 6.781788 20.176813
31.747853 6.781788 20.176813
-2.077999 6.098070 20.786789
31.904001 6.098070 20.786789
-1.533778 7.957225 20.096615
32.448222 7.957225 20.096615
25.620729 2.089043 -2.089043
25.620729 2.089043 31.892957
25.620729 36.071043 -2.089043
25.620729 36.071043 31.892957
23.772788 2.234147 -3.185813
23.772788 2.234147 30.796187
23.772788 36.216147 -3.185813
23.772788 36.216147 30.796187
23.089070 2.077999 -3.795789
23.089070 2.077999 30.186211
23.089070 36.059999 -3.795789
23.089070 36.059999 30.186211
26.939230 1.595455 -1.595455
26.939230 1.595455 32.386545
26.939230 35.577455 -1.595455
26.939231 35.577455 32.386545
24.948225 1.533778 -3.105615
24.948225 1.533778 30.876385
24.948225 35.515778 -3.105615
24.948225 35.515778 30.876385
19.080043 8.361271 19.080043
19.225147 10.209212 20.176813
19.068999 10.892930 20.786789
18.586455 7.042770 18.586455
17.692728 7.139618 18.253431
18.591552 6.409005 19.308572
19.159052 6.730135 17.883028
18.524778 9.033775 20.096615
25.352271 14.901957 -2.089043
25.352271 14.901957 31.892957
27.200212 14.756853 -3.185813
27.200212 14.756853 30.796187
27.883930 14.913001 -3.795789
27.883930 14.913001 30.186211
26.024775 15.457222 -3.105615
26.024775 15.457222 30.876385
-2.089043 8.361271 -2.089043
-2.089043 8.361271 31.892957
31.892957 8.361271 -2.089043
31.892957 8.361271 31.892957
-2.234147 10.209212 -3.185813
-2.234147 10.209212 30.796187
31.747853 10.209212 -3.185813
31.747853 10.209212 30.796187
-2.077999 10.892930 -3.795789
-2.077999 10.892930 30.186211
31.904001 10.892930 -3.795789
31.904001 10.892930 30.186211
-1.533778 9.033775 -3.105615
-1.533778 9.033775 30.876385
32.448222 9.033775 -3.105615
32.448222 9.033775 30.876385
25.352271 2.089043 19.080043
25.352271 36.071043 19.080043
27.200212 2.234147 20.176813
27.200212 36.216147 20.176813
27.883930 2.077999 20.786789
27.883930 36.059999 20.786789
26.024775 1.533778 20.096615
26.024775 35.515778 20.096615
19.080043 8.629729 -2.089043
19.080043 8.629729 31.892957
19.225147 6.781788 -3.185813
19.225147 6.781788 30.796187
19.068999 6.098070 -3.795789
19.068999 6.098070 30.186211
18.524778 7.957225 -3.105615
18.524778 7.957225 30.876385
25.620729 14.901957 19.080043
23.772788 14.756853 20.176813
23.089070 14.913001 20.786789
26.939230 15.395545 18.586455
24.948225 15.457222 20.096615
19.080043 14.901957 25.620729
20.176813 14.756853 23.772788
20.786789 14.913001 23.089070
18.586455 15.395545 26.939230
20.096615 15.457222 24.948225
-2.089043 14.901957 25.352271
31.892957 14.901957 25.352271
-2.234147 13.805187 27.200212
31.747853 13.805187 27.200212
-2.077999 13.195211 27.883930
31.904001 13.195211 27.883930
-1.595455 15.395545 24.033769
32.386545 15.395545 24.033769
-0.701728 15.728569 24.130618
33.280272 15.728569 24.130618
-1.600552 14.673428 23.400005
32.381448 14.673428 23.400005
-2.168052 16.098972 23.721135
31.813948 16.098972 23.721135
-1.533778 13.885385 26.024775
32.448222 13.885385 26.024775
-2.089043 2.089043 25.620729
-2.089043 36.071043 25.620729
31.892957 2.089043 25.620729
31.892957 36.071043 25.620729
-3.185813 2.234147 23.772788
-3.185812 36.216147 23.772788
30.796187 2.234147 23.772788
30.796187 36.216147 23.772788
-3.795789 2.077999 23.089070
-3.795789 36.059999 23.089070
30.186211 2.077999 23.089070
30.186211 36.059999 23.089070
-1.595455 1.595455 26.939230
-1.595455 35.577455 26.939230
32.386545 1.595455 26.939230
32.386545 35.577455 26.939230
-3.105615 1.533778 24.948225
-3.105615 35.515778 24.948225
30.876385 1.533778 24.948225
30.876385 35.515778 24.948225
19.080043 2.089043 25.352271
19.080043 36.071043 25.352271
19.225147 3.185813 27.200212
19.225147 37.167812 27.200212
19.068999 3.795789 27.883930
19.068999 37.777789 27.883930
18.586455 1.595455 24.033769
18.586455 35.577455 24.033769
17.692728 1.262431 24.130618
17.692728 35.244431 24.130618
18.591552 2.317572 23.400005
18.591552 36.299572 23.400005
19.159052 0.892028 23.721135
19.159052 34.874028 23.721135
18.524778 3.105615 26.024775
18.524778 37.087615 26.024775
20.176813 2.234147 27.200212
20.176813 36.216147 27.200212
20.786789 2.077999 27.883930
20.786789 36.059999 27.883930
20.096615 1.533778 26.024775
20.096615 35.515778 26.024775
19.225147 13.805187 23.772788
19.068999 13.195211 23.089070
17.692728 15.728569 26.842382
18.591552 14.673428 27.572995
19.159052 16.098972 27.251865
18.524778 13.885385 24.948225
-3.185813 14.756853 27.200212
30.796187 14.756853 27.200212
-3.795789 14.913001 27.883930
30.186211 14.913001 27.883930
-3.105615 15.457222 26.024775
30.876385 15.457222 26.024775
-2.234147 3.185813 23.772788
-2.234147 37.167812 23.772788
31.747853 3.185813 23.772788
31.747853 37.167812 23.772788
-2.077999 3.795789 23.089070
-2.077999 37.777789 23.089070
31.904001 3.795789 23.089070
31.904001 37.777789 23.089070
-0.701728 1.262431 26.842382
-0.701728 35.244431 26.842382
33.280272 1.262431 26.842382
33.280272 35.244431 26.842382
-1.600552 2.317572 27.572995
-1.600552 36.299572 27.572995
32.381448 2.317572 27.572995
32.381448 36.299572 27.572995
-2.168052 0.892028 27.251865
-2.168052 34.874028 27.251865
31.813948 0.892028 27.251865
31.813948 34.874028 27.251865
-1.533778 3.105615 24.948225
-1.533778 37.087615 24.948225
32.448222 3.105615 24.948225
32.448222 37.087615 24.948225
23.772788 3.185812 -2.234147
23.772788 3.185813 31.747853
23.772788 37.167812 -2.234147
23.772788 37.167812 31.747853
23.089070 3.795789 -2.077999
23.089070 3.795789 31.904001
23.089070 37.777789 -2.077999
23.089070 37.777789 31.904001
26.842382 1.262431 -0.701728
26.842382 1.262431 33.280272
26.842382 35.244431 -0.701728
26.842382 35.244431 33.280272
27.572995 2.317572 -1.600552
27.572995 2.317572 32.381448
27.572995 36.299572 -1.600552
27.572995 36.299572 32.381448
27.251865 0.892027 -2.168052
27.251865 0.892028 31.813948
27.251865 34.874028 -2.168052
27.251865 34.874028 31.813948
24.948225 3.105615 -1.533778
24.948225 3.105615 32.448222
24.948225 37.087615 -1.533778
24.948225 37.087615 32.448222
23.772788 13.805187 19.225147
23.089070 13.195211 19.068999
26.842382 15.728569 17.692728
27.572995 14.673428 18.591552
27.251865 16.098972 19.159052
24.948225 13.885385 18.524778
-3.185813 10.209212 -2.234147
-3.185813 10.209212 31.747853
30.796187 10.209212 -2.234147
30.796187 10.209212 31.747853
-3.795789 10.892930 -2.077999
-3.795789 10.892930 31.904001
30.186211 10.892930 -2.077999
30.186211 10.892930 31.904001
-3.105615 9.033775 -1.533778
-3.105615 9.033775 32.448222
30.876385 9.033775 -1.533778
30.876385 9.033775 32.448222
27.200212 3.185813 19.225147
27.200212 37.167812 19.225147
27.883930 3.795789 19.068999
27.883930 37.777789 19.068999
26.024775 3.105615 18.524778
26.024775 37.087615 18.524778
20.176813 6.781788 -2.234147
20.176813 6.781788 31.747853
20.786789 6.098070 -2.077999
20.786789 6.098070 31.904001
20.096615 7.957225 -1.533778
20.096615 7.957225 32.448222
27.200212 13.805187 -2.234147
27.200212 13.805187 31.747853
27.883930 13.195211 -2.077999
27.883930 13.195211 31.904001
26.024775 13.885385 -1.533778
26.024775 13.885385 32.448222
-3.185813 6.781788 19.225147
30.796187 6.781788 19.225147
-3.795789 6.098070 19.068999
30.186211 6.098070 19.068999
-3.105615 7.957225 18.524778
30.876385 7.957225 18.524778
20.176813 10.209212 19.225147
20.786789 10.892930 19.068999
20.096615 9.033775 18.524778
24.053107 15.388306 -1.602694
24.053107 15.388306 32.379306
23.143588 14.600665 -1.400875
23.143588 14.600665 32.581125
23.884408 16.579585 -1.400875
23.884408 16.579585 32.581125
23.883806 1.433393 27.089194
23.883806 35.415393 27.089194
23.096165 2.342912 26.887375
23.096165 36.324912 26.887375
25.075085 1.602092 26.887375
25.075085 35.584092 26.887375
-1.602694 7.062107 -1.602694
-1.602694 7.062107 32.379306
32.379306 7.062107 -1.602694
32.379306 7.062107 32.379306
-0.411415 6.893408 -1.400875
-0.411415 6.893408 32.581125
33.570585 6.893408 -1.400875
33.570585 6.893408 32.581125
-2.390335 6.152588 -1.400875
-2.390335 6.152588 32.581125
31.591665 6.152588 -1.400875
31.591665 6.152588 32.581125
18.424393 6.892806 27.089194
18.593092 8.084085 26.887375
19.333912 6.105165 26.887375
18.593694 9.928893 -1.602694
18.593694 9.928893 32.379306
17.402415 10.097592 -1.400875
17.402415 10.097592 32.581125
19.381335 10.838412 -1.400875
19.381335 10.838412 32.581125
27.089194 15.557607 27.089194
27.876835 14.648088 26.887375
25.897915 15.388908 26.887375
23.883806 10.098194 18.424393
24.832697 10.643448 18.963502
23.338552 9.149303 18.963502
24.053107 1.602694 18.593694
24.053107 35.584694 18.593694
23.884408 0.411415 18.391875
23.884408 34.393415 18.391875
23.143588 2.390335 18.391875
23.143588 36.372335 18.391875
-1.433393 10.098194 27.089194
32.548607 10.098194 27.089194
-1.602092 8.906915 26.887375
32.379908 8.906915 26.887375
-2.342912 10.885835 26.887375
31.639088 10.885835 26.887375
-1.602694 9.928893 18.593694
32.379306 9.928893 18.593694
-2.390335 10.838412 18.391875
31.591665 10.838412 18.391875
-0.411415 10.097592 18.391875
33.570585 10.097592 18.391875
18.424393 10.098194 23.883806
19.333912 10.885835 24.085625
18.593092 8.906915 24.085625
27.089194 6.892806 18.424393
26.140303 6.347552 18.963502
27.634448 7.841697 18.963502
23.397457 17.125229 10.584543
23.252353 -1.713712 11.681313
23.252353 32.268288 11.681313
23.408501 -2.397430 12.291289
23.408501 31.584570 12.291289
23.952722 -0.538275 11.601115
23.952722 33.443725 11.601115
25.486500 16.991000 12.743250
17.125229 27.575543 6.406457
-1.713712 27.720647 5.309687
32.268288 27.720647 5.309687
-2.397430 27.564499 4.699711
-2.397430 27.564499 38.681711
31.584570 27.564499 4.699711
31.584570 27.564499 38.681711
-0.538275 27.020278 5.389885
33.443725 27.020278 5.389885
16.991000 25.486500 4.247750
16.991000 25.486500 38.229750
27.575543 -0.134229 10.584543
27.575543 33.847771 10.584543
27.720647 18.704712 11.681313
27.564499 19.388430 12.291289
27.020278 17.529275 11.601115
-0.134229 23.397457 6.406457
33.847771 23.397457 6.406457
18.704712 23.252353 5.309687
19.388430 23.408501 4.699711
19.388430 23.408501 38.681711
-1.452731 23.891045 6.900045
32.529269 23.891045 6.900045
-1.355882 24.784772 7.233069
32.626118 24.784772 7.233069
-2.086495 23.885948 6.177928
31.895505 23.885948 6.177928
-1.765365 23.318448 7.603472
32.216635 23.318448 7.603472
17.529275 23.952722 5.389885
23.397457 -0.134229 6.406457
23.397457 33.847771 6.406457
23.252353 18.704712 5.309687
23.408501 19.388430 4.699711
23.408501 19.388430 38.681711
23.891045 -1.452731 6.900045
23.891045 32.529269 6.900045
23.952722 17.529275 5.389885
25.486500 16.991000 4.247750
25.486500 16.991000 38.229750
-0.134229 27.575543 10.584543
33.847771 27.575543 10.584543
18.704712 27.720647 11.681313
19.388430 27.564499 12.291289
17.529275 27.020278 11.601115
16.991000 25.486500 12.743250
27.575543 17.125229 6.406457
27.720647 -1.713712 5.309687
27.720647 32.268288 5.309687
27.564499 -2.397430 4.699711
27.564499 -2.397430 38.681711
27.564499 31.584570 4.699711
27.564499 31.584570 38.681711
27.081955 18.443730 6.900045
26.188228 18.346882 7.233069
27.087052 19.077495 6.177928
27.654552 18.756365 7.603472
27.020278 -0.538275 5.389885
27.020278 33.443725 5.389885
17.125229 23.397457 10.584543
-1.713712 23.252353 11.681313
32.268288 23.252353 11.681313
-2.397430 23.408501 12.291289
31.584570 23.408501 12.291289
-0.538275 23.952722 11.601115
33.443725 23.952722 11.601115
27.575543 23.397457 0.134229
27.575543 23.397457 34.116229
28.672313 23.252353 15.277288
-4.699711 23.408501 14.593570
29.282289 23.408501 14.593570
28.592115 23.952722 16.452725
-4.247750 25.486500 0.000000
-4.247750 25.486500 33.982000
29.734250 25.486500 0.000000
29.734250 25.486500 33.982000
23.397457 23.397457 16.856771
23.252353 22.300687 1.713712
23.252353 22.300688 35.695712
23.408501 21.690711 2.397430
23.408501 21.690711 36.379430
23.891045 23.891045 15.538270
24.784772 24.224069 15.635118
23.885948 23.168928 14.904505
23.318448 24.594472 15.225635
23.952722 22.380885 0.538275
23.952722 22.380885 34.520275
25.486500 21.238750 0.000000
25.486500 21.238750 33.982000
23.397457 27.575543 0.134229
23.397457 27.575543 34.116229
22.300687 27.720647 15.277288
21.690711 27.564499 14.593570
22.380885 27.020278 16.452725
21.238750 25.486500 0.000000
21.238750 25.486500 33.982000
27.575543 27.575543 16.856771
27.720647 28.672313 1.713712
27.720647 28.672313 35.695712
27.564499 -4.699711 2.397430
27.564499 -4.699711 36.379430
27.564499 29.282289 2.397430
27.564499 29.282289 36.379430
27.081955 27.081955 15.538270
26.188228 26.748931 15.635118
27.087052 27.804072 14.904505
27.654552 26.378528 15.225635
27.020278 28.592115 0.538275
27.020278 28.592115 34.520275
25.486500 -4.247750 0.000000
25.486500 -4.247750 33.982000
25.486500 29.734250 0.000000
25.486500 29.734250 33.982000
28.672313 27.720647 1.713712
28.672313 27.720647 35.695712
-4.699711 27.564499 2.397430
-4.699711 27.564499 36.379430
29.282289 27.564499 2.397430
29.282289 27.564499 36.379430
28.592115 27.020278 0.538275
28.592115 27.020278 34.520275
27.720647 22.300687 15.277288
27.564499 21.690711 14.593570
27.020278 22.380885 16.452725
22.300687 23.252353 1.713712
22.300688 23.252353 35.695712
21.690711 23.408501 2.397430
21.690711 23.408501 36.379430
22.380885 23.952722 0.538275
22.380885 23.952722 34.520275
23.252353 28.672313 15.277288
23.408501 -4.699711 14.593570
23.408501 29.282289 14.593570
23.952722 28.592115 16.452725
-1.713712 28.672313 6.261353
32.268288 28.672313 6.261353
-2.397430 -4.699711 6.417501
-2.397430 29.282289 6.417501
31.584570 -4.699711 6.417501
31.584570 29.282289 6.417501
-0.538275 28.592115 6.961722
33.443725 28.592115 6.961722
16.991000 -4.247750 8.495500
16.991000 29.734250 8.495500
-1.713712 22.300687 10.729647
32.268288 22.300687 10.729647
-2.397430 21.690711 10.573499
31.584570 21.690711 10.573499
-0.538275 22.380885 10.029278
33.443725 22.380885 10.029278
16.991000 21.238750 8.495500
22.300687 18.704712 6.261353
21.690711 19.388430 6.417501
24.224069 -1.355882 7.793772
24.224069 32.626118 7.793772
23.168928 -2.086495 6.894948
23.168928 31.895505 6.894948
24.594472 -1.765365 6.327448
24.594472 32.216635 6.327448
22.380885 17.529275 6.961722
21.238750 16.991000 8.495500
18.704712 28.672313 10.729647
19.388430 -4.699711 10.573499
19.388430 29.282289 10.573499
17.529275 28.592115 10.029278
28.672313 -1.713712 6.261353
28.672313 32.268288 6.261353
-4.699711 -2.397430 6.417501
-4.699711 31.584570 6.417501
29.282289 -2.397430 6.417501
29.282289 31.584570 6.417501
28.592115 -0.538275 6.961722
28.592115 33.443725 6.961722
-4.247750 16.991000 8.495500
29.734250 16.991000 8.495500
18.704712 22.300687 6.261353
19.388430 21.690711 6.417501
17.529275 22.380885 6.961722
22.300687 -1.713712 10.729647
22.300687 32.268288 10.729647
21.690711 -2.397430 10.573499
21.690711 31.584570 10.573499
22.380885 -0.538275 10.029278
22.380885 33.443725 10.029278
28.672313 18.704712 10.729647
-4.699711 19.388430 10.573499
29.282289 19.388430 10.573499
28.592115 17.529275 10.029278
-2.089043 25.620729 2.089043
-2.089043 25.620729 36.071043
31.892957 25.620729 2.089043
31.892957 25.620729 36.071043
-2.234147 23.772788 3.185812
-2.234147 23.772788 37.167812
31.747853 23.772788 3.185812
31.747853 23.772788 37.167812
-2.077999 23.089070 3.795789
-2.077999 23.089070 37.777789
31.904001 23.089070 3.795789
31.904001 23.089070 37.777789
-1.533778 24.948225 3.105615
-1.533778 24.948225 37.087615
32.448222 24.948225 3.105615
32.448222 24.948225 37.087615
25.620729 19.080043 14.901957
23.772788 19.225147 13.805187
23.089070 19.068999 13.195211
26.939230 18.586455 15.395545
24.948225 18.524778 13.885385
19.080043 25.352271 2.089043
19.080043 25.352271 36.071043
19.225147 27.200212 3.185812
19.225147 27.200212 37.167812
19.068999 27.883930 3.795789
19.068999 27.883930 37.777789
18.586455 24.033769 1.595455
18.586455 24.033770 35.577455
17.692728 24.130618 1.262431
17.692728 24.130618 35.244431
18.591552 23.400005 2.317572
18.591552 23.400005 36.299572
19.159052 23.721135 0.892027
19.159052 23.721135 34.874028
18.524778 26.024775 3.105615
18.524778 26.024775 37.087615
25.352271 -2.089043 14.901957
25.352271 31.892957 14.901957
27.200212 -2.234147 13.805187
27.200212 31.747853 13.805187
27.883930 -2.077999 13.195211
27.883930 31.904001 13.195211
26.024775 -1.533778 13.885385
26.024775 32.448222 13.885385
-2.089043 25.352271 14.901957
31.892957 25.352271 14.901957
-2.234147 27.200212 13.805187
31.747853 27.200212 13.805187
-2.077999 27.883930 13.195211
31.904001 27.883930 13.195211
-1.533778 26.024775 13.885385
32.448222 26.024775 13.885385
25.352271 19.080043 2.089043
25.352271 19.080043 36.071043
27.200212 19.225147 3.185812
27.200212 19.225147 37.167812
27.883930 19.068999 3.795789
27.883930 19.068999 37.777789
26.024775 18.524778 3.105615
26.024775 18.524778 37.087615
19.080043 25.620729 14.901957
19.225147 23.772788 13.805187
19.068999 23.089070 13.195211
18.524778 24.948225 13.885385
25.620729 -2.089043 2.089043
25.620729 -2.089043 36.071043
25.620729 31.892957 2.089043
25.620729 31.892957 36.071043
23.772788 -2.234147 3.185812
23.772788 -2.234147 37.167812
23.772788 31.747853 3.185812
23.772788 31.747853 37.167812
23.089070 -2.077999 3.795789
23.089070 -2.077999 37.777789
23.089070 31.904001 3.795789
23.089070 31.904001 37.777789
26.939230 -1.595455 1.595455
26.939230 -1.595455 35.577455
26.939230 32.386545 1.595455
26.939231 32.386545 35.577455
24.948225 -1.533778 3.105615
24.948225 -1.533778 37.087615
24.948225 32.448222 3.105615
24.948225 32.448222 37.087615
19.080043 -2.089043 8.629729
19.080043 31.892957 8.629729
20.176813 -2.234147 6.781788
20.176813 31.747853 6.781788
20.786789 -2.077999 6.098070
20.786789 31.904001 6.098070
18.586455 -1.595455 9.948230
18.586455 32.386545 9.948230
20.096615 -1.533778 7.957225
20.096615 32.448222 7.957225
-2.089043 -2.089043 8.361271
-2.089043 31.892957 8.361271
31.892957 -2.089043 8.361271
31.892957 31.892957 8.361271
-2.234147 -3.185813 10.209212
-2.234147 30.796187 10.209212
31.747853 -3.185813 10.209212
31.747853 30.796187 10.209212
-2.077999 -3.795789 10.892930
-2.077999 30.186211 10.892930
31.904001 -3.795789 10.892930
31.904001 30.186211 10.892930
-1.595455 -1.595455 7.042769
-1.595455 32.386545 7.042769
32.386545 -1.595455 7.042769
32.386545 32.386545 7.042769
-0.701728 -1.262431 7.139618
-0.701728 32.719569 7.139618
33.280272 -1.262431 7.139618
33.280272 32.719569 7.139618
-1.600552 -2.317572 6.409005
-1.600552 31.664428 6.409005
32.381448 -2.317572 6.409005
32.381448 31.664428 6.409005
-2.168052 -0.892028 6.730135
-2.168052 33.089972 6.730135
31.813948 -0.892028 6.730135
31.813948 33.089972 6.730135
-1.533778 -3.105615 9.033775
-1.533778 30.876385 9.033775
32.448222 -3.105615 9.033775
32.448222 30.876385 9.033775
-2.089043 19.080043 8.629729
31.892957 19.080043 8.629729
-3.185813 19.225147 6.781788
30.796187 19.225147 6.781788
-3.795789 19.068999 6.098070
30.186211 19.068999 6.098070
-1.595455 18.586455 9.948230
32.386545 18.586455 9.948230
-3.105615 18.524778 7.957225
30.876385 18.524778 7.957225
19.080043 19.080043 8.361271
19.225147 20.176813 10.209212
19.068999 20.786789 10.892930
18.586455 18.586455 7.042769
17.692728 18.253431 7.139618
18.591552 19.308572 6.409005
19.159052 17.883028 6.730135
18.524778 20.096615 9.033775
20.176813 19.225147 10.209212
20.786789 19.068999 10.892930
20.096615 18.524778 9.033775
19.225147 -3.185813 6.781788
19.225147 30.796187 6.781788
19.068999 -3.795789 6.098070
19.068999 30.186211 6.098070
17.692728 -1.262431 9.851382
17.692728 32.719569 9.851382
18.591552 -2.317572 10.581995
18.591552 31.664428 10.581995
19.159052 -0.892028 10.260865
19.159052 33.089972 10.260865
18.524778 -3.105615 7.957225
18.524778 30.876385 7.957225
-3.185813 -2.234147 10.209212
-3.185813 31.747853 10.209212
30.796187 -2.234147 10.209212
30.796187 31.747853 10.209212
-3.795789 -2.077999 10.892930
-3.795789 31.904001 10.892930
30.186211 -2.077999 10.892930
30.186211 31.904001 10.892930
-3.105615 -1.533778 9.033775
-3.105615 32.448222 9.033775
30.876385 -1.533778 9.033775
30.876385 32.448222 9.033775
-2.234147 20.176813 6.781788
31.747853 20.176813 6.781788
-2.077999 20.786789 6.098070
31.904001 20.786789 6.098070
-0.701728 18.253431 9.851382
33.280272 18.253431 9.851382
-1.600552 19.308572 10.581995
32.381448 19.308572 10.581995
-2.168052 17.883028 10.260865
31.813948 17.883028 10.260865
-1.533778 20.096615 7.957225
32.448222 20.096615 7.957225
23.772788 20.176813 14.756853
23.089070 20.786789 14.913001
26.842382 18.253431 16.289272
27.572995 19.308572 15.390448
27.251865 17.883028 14.822948
24.948225 20.096615 15.457222
23.772788 -3.185813 2.234147
23.772788 -3.185813 36.216147
23.772788 30.796187 2.234147
23.772788 30.796187 36.216147
23.089070 -3.795789 2.077999
23.089070 -3.795789 36.059999
23.089070 30.186211 2.077999
23.089070 30.186211 36.059999
26.842382 -1.262431 0.701728
26.842382 -1.262431 34.683728
26.842382 32.719569 0.701728
26.842382 32.719569 34.683728
27.572995 -2.317572 1.600552
27.572995 -2.317572 35.582552
27.572995 31.664428 1.600552
27.572995 31.664428 35.582552
27.251865 -0.892028 2.168052
27.251865 -0.892028 36.150052
27.251865 33.089972 2.168052
27.251865 33.089972 36.150052
24.948225 -3.105615 1.533778
24.948225 -3.105615 35.515778
24.948225 30.876385 1.533778
24.948225 30.876385 35.515778
-3.185813 27.200212 14.756853
30.796187 27.200212 14.756853
-3.795789 27.883930 14.913001
30.186211 27.883930 14.913001
-3.105615 26.024775 15.457222
30.876385 26.024775 15.457222
27.200212 20.176813 2.234147
27.200212 20.176813 36.216147
27.883930 20.786789 2.077999
27.883930 20.786789 36.059999
26.024775 20.096615 1.533778
26.024775 20.096615 35.515778
20.176813 23.772788 14.756853
20.786789 23.089070 14.913001
20.096615 24.948225 15.457222
27.200212 -3.185813 14.756853
27.200212 30.796187 14.756853
27.883930 -3.795789 14.913001
27.883930 30.186211 14.913001
26.024775 -3.105615 15.457222
26.024775 30.876385 15.457222
-3.185813 23.772788 2.234147
-3.185812 23.772788 36.216147
30.796187 23.772788 2.234147
30.796187 23.772788 36.216147
-3.795789 23.089070 2.077999
-3.795789 23.089070 36.059999
30.186211 23.089070 2.077999
30.186211 23.089070 36.059999
-3.105615 24.948225 1.533778
-3.105615 24.948225 35.515778
30.876385 24.948225 1.533778
30.876385 24.948225 35.515778
20.176813 27.200212 2.234147
20.176813 27.200212 36.216147
20.786789 27.883930 2.077999
20.786789 27.883930 36.059999
20.096615 26.024775 1.533778
20.096615 26.024775 35.515778
24.053107 -1.602694 15.388306
24.053107 32.379306 15.388306
23.143588 -2.390335 15.590125
23.143588 31.591665 15.590125
23.884408 -0.411415 15.590125
23.884408 33.570585 15.590125
23.883806 18.424393 10.098194
23.096165 19.333912 9.896375
25.075085 18.593092 9.896375
-1.602694 24.053107 15.388306
32.379306 24.053107 15.388306
-0.411415 23.884408 15.590125
33.570585 23.884408 15.590125
-2.390335 23.143588 15.590125
31.591665 23.143588 15.590125
18.424393 23.883806 10.098194
18.593092 25.075085 9.896375
19.333912 23.096165 9.896375
18.593694 26.919893 15.388306
17.402415 27.088592 15.590125
19.381335 27.829412 15.590125
27.089194 -1.433393 10.098194
27.089194 32.548607 10.098194
27.876835 -2.342912 9.896375
27.876835 31.639088 9.896375
25.897915 -1.602092 9.896375
25.897915 32.379908 9.896375
23.883806 27.089194 1.433393
23.883806 27.089194 35.415393
24.832697 27.634448 1.972502
24.832697 27.634448 35.954502
23.338552 26.140303 1.972502
23.338552 26.140303 35.954502
24.053107 18.593694 1.602694
24.053107 18.593694 35.584694
23.884408 17.402415 1.400875
23.884408 17.402415 35.382875
23.143588 19.381335 1.400875
23.143588 19.381335 35.382875
-1.433393 27.089194 10.098194
32.548607 27.089194 10.098194
-1.602092 25.897915 9.896375
32.379908 25.897915 9.896375
-2.342912 27.876835 9.896375
31.639088 27.876835 9.896375
-1.602694 26.919893 1.602694
-1.602694 26.919893 35.584694
32.379306 26.919893 1.602694
32.379306 26.919893 35.584694
-2.390335 27.829412 1.400875
-2.390335 27.829412 35.382875
31.591665 27.829412 1.400875
31.591665 27.829412 35.382875
-0.411415 27.088592 1.400875
-0.411415 27.088592 35.382875
33.570585 27.088592 1.400875
33.570585 27.088592 35.382875
18.424393 27.089194 6.892806
19.333912 27.876835 7.094625
18.593092 25.897915 7.094625
27.089194 23.883806 1.433393
27.089194 23.883806 35.415393
26.140303 23.338552 1.972502
26.140303 23.338552 35.954502
27.634448 24.832697 1.972502
27.634448 24.832697 35.954502
23.397457 17.125229 27.575543
23.252353 -1.713712 28.672313
23.252353 32.268288 28.672313
23.408501 -2.397430 -4.699711
23.408501 -2.397430 29.282289
23.408501 31.584570 -4.699711
23.408501 31.584570 29.282289
23.952722 -0.538275 28.592115
23.952722 33.443725 28.592115
25.486500 16.991000 -4.247750
25.486500 16.991000 29.734250
17.125229 27.575543 23.397457
-1.713712 27.720647 22.300687
32.268288 27.720647 22.300687
-2.397430 27.564499 21.690711
31.584570 27.564499 21.690711
-0.538275 27.020278 22.380885
33.443725 27.020278 22.380885
16.991000 25.486500 21.238750
27.575543 -0.134229 27.575543
27.575543 33.847771 27.575543
27.720647 18.704712 28.672313
27.564499 19.388430 -4.699711
27.564499 19.388430 29.282289
27.020278 17.529275 28.592115
-0.134229 23.397457 23.397457
33.847771 23.397457 23.397457
18.704712 23.252353 22.300687
19.388430 23.408501 21.690711
-1.452730 23.891045 23.891045
32.529269 23.891045 23.891045
-1.355882 24.784772 24.224069
32.626118 24.784772 24.224069
-2.086495 23.885948 23.168928
31.895505 23.885948 23.168928
-1.765365 23.318448 24.594472
32.216635 23.318448 24.594472
17.529275 23.952722 22.380885
23.397457 -0.134229 23.397457
23.397457 33.847771 23.397457
23.252353 18.704712 22.300687
23.408501 19.388430 21.690711
23.891045 -1.452731 23.891045
23.891045 32.529269 23.891045
23.952722 17.529275 22.380885
25.486500 16.991000 21.238750
-0.134229 27.575543 27.575543
33.847771 27.575543 27.575543
18.704712 27.720647 28.672313
19.388430 27.564499 -4.699711
19.388430 27.564499 29.282289
17.529275 27.020278 28.592115
16.991000 25.486500 -4.247750
16.991000 25.486500 29.734250
27.575543 17.125229 23.397457
27.720647 -1.713712 22.300687
27.720647 32.268288 22.300687
27.564499 -2.397430 21.690711
27.564499 31.584570 21.690711
27.081955 18.443730 23.891045
26.188228 18.346882 24.224069
27.087052 19.077495 23.168928
27.654552 18.756365 24.594472
27.020278 -0.538275 22.380885
27.020278 33.443725 22.380885
17.125229 23.397457 27.575543
-1.713712 23.252353 28.672313
32.268288 23.252353 28.672313
-2.397430 23.408501 -4.699711
-2.397430 23.408501 29.282289
31.584570 23.408501 -4.699711
31.584570 23.408501 29.282289
-0.538275 23.952722 28.592115
33.443725 23.952722 28.592115
27.575543 23.397457 17.125229
28.672313 23.252353 -1.713712
28.672313 23.252353 32.268288
-4.699711 23.408501 -2.397430
-4.699711 23.408501 31.584570
29.282289 23.408501 -2.397430
29.282289 23.408501 31.584570
28.592115 23.952722 -0.538275
28.592115 23.952722 33.443725
-4.247750 25.486500 16.991000
29.734250 25.486500 16.991000
23.397457 23.397457 -0.134229
23.397457 23.397457 33.847771
23.252353 22.300687 18.704712
23.408501 21.690711 19.388430
23.891045 23.891045 -1.452731
23.891045 23.891045 32.529269
24.784772 24.224069 -1.355882
24.784772 24.224069 32.626118
23.885948 23.168928 -2.086495
23.885948 23.168928 31.895505
23.318448 24.594472 -1.765365
23.318448 24.594472 32.216635
23.952722 22.380885 17.529275
25.486500 21.238750 16.991000
23.397457 27.575543 17.125229
22.300687 27.720647 -1.713712
22.300687 27.720647 32.268288
21.690711 27.564499 -2.397430
21.690711 27.564499 31.584570
22.380885 27.020278 -0.538275
22.380885 27.020278 33.443725
21.238750 25.486500 16.991000
27.575543 27.575543 -0.134229
27.575543 27.575543 33.847771
27.720647 28.672313 18.704712
27.564499 -4.699711 19.388430
27.564499 29.282289 19.388430
27.081955 27.081955 -1.452731
27.081955 27.081955 32.529269
26.188228 26.748931 -1.355882
26.188228 26.748931 32.626118
27.087052 27.804072 -2.086495
27.087052 27.804072 31.895505
27.654552 26.378528 -1.765365
27.654552 26.378528 32.216635
27.020278 28.592115 17.529275
25.486500 -4.247750 16.991000
25.486500 29.734250 16.991000
28.672313 27.720647 18.704712
-4.699711 27.564499 19.388430
29.282289 27.564499 19.388430
28.592115 27.020278 17.529275
27.720647 22.300687 -1.713712
27.720647 22.300687 32.268288
27.564499 21.690711 -2.397430
27.564499 21.690711 31.584570
27.020278 22.380885 -0.538275
27.020278 22.380885 33.443725
22.300687 23.252353 18.704712
21.690711 23.408501 19.388430
22.380885 23.952722 17.529275
23.252353 28.672313 -1.713712
23.252353 28.672313 32.268288
23.408501 -4.699711 -2.397430
23.408501 -4.699711 31.584570
23.408501 29.282289 -2.397430
23.408501 29.282289 31.584570
23.952722 28.592115 -0.538275
23.952722 28.592115 33.443725
-1.713712 28.672313 23.252353
32.268288 28.672313 23.252353
-2.397430 -4.699711 23.408501
-2.397430 29.282289 23.408501
31.584570 -4.699711 23.408501
31.584570 29.282289 23.408501
-0.538275 28.592115 23.952722
33.443725 28.592115 23.952722
16.991000 -4.247750 25.486500
16.991000 29.734250 25.486500
-1.713712 22.300687 27.720647
32.268288 22.300687 27.720647
-2.397430 21.690711 27.564499
31.584570 21.690711 27.564499
-0.538275 22.380885 27.020278
33.443725 22.380885 27.020278
16.991000 21.238750 25.486500
22.300687 18.704712 23.252353
21.690711 19.388430 23.408501
24.224069 -1.355882 24.784772
24.224069 32.626118 24.784772
23.168928 -2.086495 23.885948
23.168928 31.895505 23.885948
24.594472 -1.765365 23.318448
24.594472 32.216635 23.318448
22.380885 17.529275 23.952722
21.238750 16.991000 25.486500
18.704712 28.672313 27.720647
19.388430 -4.699711 27.564499
19.388430 29.282289 27.564499
17.529275 28.592115 27.020278
28.672313 -1.713712 23.252353
28.672313 32.268288 23.252353
-4.699711 -2.397430 23.408501
-4.699711 31.584570 23.408501
29.282289 -2.397430 23.408501
29.282289 31.584570 23.408501
28.592115 -0.538275 23.952722
28.592115 33.443725 23.952722
-4.247750 16.991000 25.486500
29.734250 16.991000 25.486500
18.704712 22.300687 23.252353
19.388430 21.690711 23.408501
17.529275 22.380885 23.952722
22.300687 -1.713712 27.720647
22.300687 32.268288 27.720647
21.690711 -2.397430 27.564499
21.690711 31.584570 27.564499
22.380885 -0.538275 27.020278
22.380885 33.443725 27.020278
28.672313 18.704712 27.720647
-4.699711 19.388430 27.564499
29.282289 19.388430 27.564499
28.592115 17.529275 27.020278
-2.089043 25.620729 19.080043
31.892957 25.620729 19.080043
-2.234147 23.772788 20.176813
31.747853 23.772788 20.176813
-2.077999 23.089070 20.786789
31.904001 23.089070 20.786789
-1.533778 24.948225 20.096615
32.448222 24.948225 20.096615
25.620729 19.080043 -2.089043
25.620729 19.080043 31.892957
23.772788 19.225147 -3.185813
23.772788 19.225147 30.796187
23.089070 19.068999 -3.795789
23.089070 19.068999 30.186211
26.939230 18.586455 -1.595455
26.939230 18.586455 32.386545
24.948225 18.524778 -3.105615
24.948225 18.524778 30.876385
19.080043 25.352271 19.080043
19.225147 27.200212 20.176813
19.068999 27.883930 20.786789
18.586455 24.033769 18.586455
17.692728 24.130618 18.253431
18.591552 23.400005 19.308572
19.159052 23.721135 17.883028
18.524778 26.024775 20.096615
25.352271 -2.089043 -2.089043
25.352271 -2.089043 31.892957
25.352271 31.892957 -2.089043
25.352271 31.892957 31.892957
27.200212 -2.234147 -3.185813
27.200212 -2.234147 30.796187
27.200212 31.747853 -3.185813
27.200212 31.747853 30.796187
27.883930 -2.077999 -3.795789
27.883930 -2.077999 30.186211
27.883930 31.904001 -3.795789
27.883930 31.904001 30.186211
26.024775 -1.533778 -3.105615
26.024775 -1.533778 30.876385
26.024775 32.448222 -3.105615
26.024775 32.448222 30.876385
-2.089043 25.352271 -2.089043
-2.089043 25.352271 31.892957
31.892957 25.352271 -2.089043
31.892957 25.352271 31.892957
-2.234147 27.200212 -3.185813
-2.234147 27.200212 30.796187
31.747853 27.200212 -3.185813
31.747853 27.200212 30.796187
-2.077999 27.883930 -3.795789
-2.077999 27.883930 30.186211
31.904001 27.883930 -3.795789
31.904001 27.883930 30.186211
-1.533778 26.024775 -3.105615
-1.533778 26.024775 30.876385
32.448222 26.024775 -3.105615
32.448222 26.024775 30.876385
25.352271 19.080043 19.080043
27.200212 19.225147 20.176813
27.883930 19.068999 20.786789
26.024775 18.524778 20.096615
19.080043 25.620729 -2.089043
19.080043 25.620729 31.892957
19.225147 23.772788 -3.185813
19.225147 23.772788 30.796187
19.068999 23.089070 -3.795789
19.068999 23.089070 30.186211
18.524778 24.948225 -3.105615
18.524778 24.948225 30.876385
25.620729 -2.089043 19.080043
25.620729 31.892957 19.080043
23.772788 -2.234147 20.176813
23.772788 31.747853 20.176813
23.089070 -2.077999 20.786789
23.089070 31.904001 20.786789
26.939230 -1.595455 18.586455
26.939230 32.386545 18.586455
24.948225 -1.533778 20.096615
24.948225 32.448222 20.096615
19.080043 -2.089043 25.620729
19.080043 31.892957 25.620729
20.176813 -2.234147 23.772788
20.176813 31.747853 23.772788
20.786789 -2.077999 23.089070
20.786789 31.904001 23.089070
18.586455 -1.595455 26.939230
18.586455 32.386545 26.939230
20.096615 -1.533778 24.948225
20.096615 32.448222 24.948225
-2.089043 -2.089043 25.352271
-2.089043 31.892957 25.352271
31.892957 -2.089043 25.352271
31.892957 31.892957 25.352271
-2.234147 -3.185813 27.200212
-2.234147 30.796187 27.200212
31.747853 -3.185813 27.200212
31.747853 30.796187 27.200212
-2.077999 -3.795789 27.883930
-2.077999 30.186211 27.883930
31.904001 -3.795789 27.883930
31.904001 30.186211 27.883930
-1.595455 -1.595455 24.033769
-1.595455 32.386545 24.033769
32.386545 -1.595455 24.033769
32.386545 32.386545 24.033769
-0.701728 -1.262431 24.130618
-0.701728 32.719569 24.130618
33.280272 -1.262431 24.130618
33.280272 32.719569 24.130618
-1.600552 -2.317572 23.400005
-1.600552 31.664428 23.400005
32.381448 -2.317572 23.400005
32.381448 31.664428 23.400005
-2.168052 -0.892028 23.721135
-2.168052 33.089972 23.721135
31.813948 -0.892028 23.721135
31.813948 33.089972 23.721135
-1.533778 -3.105615 26.024775
-1.533778 30.876385 26.024775
32.448222 -3.105615 26.024775
32.448222 30.876385 26.024775
-2.089043 19.080043 25.620729
31.892957 19.080043 25.620729
-3.185813 19.225147 23.772788
30.796187 19.225147 23.772788
-3.795789 19.068999 23.089070
30.186211 19.068999 23.089070
-1.595455 18.586455 26.939230
32.386545 18.586455 26.939230
-3.105615 18.524778 24.948225
30.876385 18.524778 24.948225
19.080043 19.080043 25.352271
19.225147 20.176813 27.200212
19.068999 20.786789 27.883930
18.586455 18.586455 24.033769
17.692728 18.253431 24.130618
18.591552 19.308572 23.400005
19.159052 17.883028 23.721135
18.524778 20.096615 26.024775
20.176813 19.225147 27.200212
20.786789 19.068999 27.883930
20.096615 18.524778 26.024775
19.225147 -3.185813 23.772788
19.225147 30.796187 23.772788
19.068999 -3.795789 23.089070
19.068999 30.186211 23.089070
17.692728 -1.262431 26.842382
17.692728 32.719569 26.842382
18.591552 -2.317572 27.572995
18.591552 31.664428 27.572995
19.159052 -0.892028 27.251865
19.159052 33.089972 27.251865
18.524778 -3.105615 24.948225
18.524778 30.876385 24.948225
-3.185813 -2.234147 27.200212
-3.185813 31.747853 27.200212
30.796187 -2.234147 27.200212
30.796187 31.747853 27.200212
-3.795789 -2.077999 27.883930
-3.795789 31.904001 27.883930
30.186211 -2.077999 27.883930
30.186211 31.904001 27.883930
-3.105615 -1.533778 26.024775
-3.105615 32.448222 26.024775
30.876385 -1.533778 26.024775
30.876385 32.448222 26.024775
-2.234147 20.176813 23.772788
31.747853 20.176813 23.772788
-2.077999 20.786789 23.089070
31.904001 20.786789 23.089070
-0.701728 18.253431 26.842382
33.280272 18.253431 26.842382
-1.600552 19.308572 27.572995
32.381448 19.308572 27.572995
-2.168052 17.883028 27.251865
31.813948 17.883028 27.251865
-1.533778 20.096615 24.948225
32.448222 20.096615 24.948225
23.772788 20.176813 -2.234147
23.772788 20.176813 31.747853
23.089070 20.786789 -2.077999
23.089070 20.786789 31.904001
26.842382 18.253431 -0.701728
26.842382 18.253431 33.280272
27.572995 19.308572 -1.600552
27.572995 19.308572 32.381448
27.251865 17.883028 -2.168052
27.251865 17.883028 31.813948
24.948225 20.096615 -1.533778
24.948225 20.096615 32.448222
23.772788 -3.185813 19.225147
23.772788 30.796187 19.225147
23.089070 -3.795789 19.068999
23.089070 30.186211 19.068999
26.842382 -1.262431 17.692728
26.842382 32.719569 17.692728
27.572995 -2.317572 18.591552
27.572995 31.664428 18.591552
27.251865 -0.892028 19.159052
27.251865 33.089972 19.159052
24.948225 -3.105615 18.524778
24.948225 30.876385 18.524778
-3.185813 27.200212 -2.234147
-3.185813 27.200212 31.747853
30.796187 27.200212 -2.234147
30.796187 27.200212 31.747853
-3.795789 27.883930 -2.077999
-3.795789 27.883930 31.904001
30.186211 27.883930 -2.077999
30.186211 27.883930 31.904001
-3.105615 26.024775 -1.533778
-3.105615 26.024775 32.448222
30.876385 26.024775 -1.533778
30.876385 26.024775 32.448222
27.200212 20.176813 19.225147
27.883930 20.786789 19.068999
26.024775 20.096615 18.524778
20.176813 23.772788 -2.234147
20.176813 23.772788 31.747853
20.786789 23.089070 -2.077999
20.786789 23.089070 31.904001
20.096615 24.948225 -1.533778
20.096615 24.948225 32.448222
27.200212 -3.185813 -2.234147
27.200212 -3.185813 31.747853
27.200212 30.796187 -2.234147
27.200212 30.796187 31.747853
27.883930 -3.795789 -2.077999
27.883930 -3.795789 31.904001
27.883930 30.186211 -2.077999
27.883930 30.186211 31.904001
26.024775 -3.105615 -1.533778
26.024775 -3.105615 32.448222
26.024775 30.876385 -1.533778
26.024775 30.876385 32.448222
-3.185813 23.772788 19.225147
30.796187 23.772788 19.225147
-3.795789 23.089070 19.068999
30.186211 23.089070 19.068999
-3.105615 24.948225 18.524778
30.876385 24.948225 18.524778
20.176813 27.200212 19.225147
20.786789 27.883930 19.068999
20.096615 26.024775 18.524778
24.053107 -1.602694 -1.602694
24.053107 -1.602694 32.379306
24.053107 32.379306 -1.602694
24.053107 32.379306 32.379306
23.143588 -2.390335 -1.400875
23.143588 -2.390335 32.581125
23.143588 31.591665 -1.400875
23.143588 31.591665 32.581125
23.884408 -0.411415 -1.400875
23.884408 -0.411415 32.581125
23.884408 33.570585 -1.400875
23.884408 33.570585 32.581125
23.883806 18.424393 27.089194
23.096165 19.333912 26.887375
25.075085 18.593092 26.887375
-1.602694 24.053107 -1.602694
-1.602694 24.053107 32.379306
32.379306 24.053107 -1.602694
32.379306 24.053107 32.379306
-0.411415 23.884408 -1.400875
-0.411415 23.884408 32.581125
33.570585 23.884408 -1.400875
33.570585 23.884408 32.581125
-2.390335 23.143588 -1.400875
-2.390335 23.143588 32.581125
31.591665 23.143588 -1.400875
31.591665 23.143588 32.581125
18.424393 23.883806 27.089194
18.593092 25.075085 26.887375
19.333912 23.096165 26.887375
18.593694 26.919893 -1.602694
18.593694 26.919893 32.379306
17.402415 27.088592 -1.400875
17.402415 27.088592 32.581125
19.381335 27.829412 -1.400875
19.381335 27.829412 32.581125
27.089194 -1.433393 27.089194
27.089194 32.548607 27.089194
27.876835 -2.342912 26.887375
27.876835 31.639088 26.887375
25.897915 -1.602092 26.887375
25.897915 32.379908 26.887375
23.883806 27.089194 18.424393
24.832697 27.634448 18.963502
23.338552 26.140303 18.963502
24.053107 18.593694 18.593694
23.884408 17.402415 18.391875
23.143588 19.381335 18.391875
-1.433393 27.089194 27.089194
32.548607 27.089194 27.089194
-1.602092 25.897915 26.887375
32.379908 25.897915 26.887375
-2.342912 27.876835 26.887375
31.639088 27.876835 26.887375
-1.602694 26.919893 18.593694
32.379306 26.919893 18.593694
-2.390335 27.829412 18.391875
31.591665 27.829412 18.391875
-0.411415 27.088592 18.391875
33.570585 27.088592 18.391875
18.424393 27.089194 23.883806
19.333912 27.876835 24.085625
18.593092 25.897915 24.085625
27.089194 23.883806 18.424393
26.140303 23.338552 18.963502
27.634448 24.832697 18.963502
LINES 4506 13518
2 0 464
2 0 1054
2 0 1242
2 1 465
2 1 1055
2 1 1243
2 2 3
2 2 4
2 2 194
2 4 1049
2 4 1056
2 5 22
2 5 220
2 5 1054
2 5 1298
2 6 23
2 6 221
2 6 1055
2 6 1299
2 7 515
2 7 2100
2 7 2238
2 8 516
2 8 2101
2 8 2239
2 9 10
2 9 12
2 9 147
2 12 2093
2 12 2102
2 13 35
2 13 250
2 13 2100
2 13 2300
2 14 251
2 14 2301
2 15 36
2 15 252
2 15 2101
2 15 2302
2 16 253
2 16 2303
2 17 485
2 17 1071
2 17 1246
2 18 20
2 18 22
2 18 198
2 19 21
2 19 23
2 19 199
2 22 1067
2 23 1068
2 24 31
2 24 2124
2 24 2276
2 25 27
2 25 35
2 25 186
2 26 29
2 26 36
2 26 187
2 31 32
2 31 33
2 31 34
2 35 2111
2 36 2112
2 37 44
2 37 1092
2 37 1212
2 38 40
2 38 45
2 38 160
2 39 42
2 39 46
2 39 161
2 44 166
2 44 167
2 44 168
2 45 47
2 45 1085
2 46 49
2 46 1086
2 47 274
2 47 1115
2 47 1336
2 48 275
2 48 1337
2 49 276
2 49 1116
2 49 1338
2 50 277
2 50 1339
2 51 506
2 51 2143
2 51 2264
2 52 54
2 52 56
2 52 175
2 53 55
2 53 57
2 53 176
2 56 58
2 56 2139
2 57 59
2 57 2140
2 58 284
2 58 2164
2 58 2340
2 59 285
2 59 2165
2 59 2341
2 60 65
2 60 1115
2 60 1227
2 61 66
2 61 1116
2 61 1228
2 62 63
2 62 73
2 62 181
2 65 67
2 65 69
2 65 71
2 66 68
2 66 70
2 66 72
2 73 1093
2 73 1104
2 74 473
2 74 2164
2 74 2247
2 75 474
2 75 2165
2 75 2248
2 76 77
2 76 78
2 76 152
2 78 2144
2 78 2159
2 79 521
2 79 611
2 79 664
2 80 522
2 80 612
2 80 665
2 81 82
2 81 83
2 81 132
2 83 606
2 83 613
2 84 130
2 84 447
2 84 611
2 84 951
2 85 131
2 85 448
2 85 612
2 85 952
2 86 93
2 86 627
2 86 669
2 87 89
2 87 97
2 87 136
2 88 90
2 88 98
2 88 137
2 93 94
2 93 95
2 93 96
2 97 99
2 97 614
2 98 100
2 98 615
2 99 430
2 99 664
2 99 937
2 100 431
2 100 665
2 100 938
2 101 432
2 101 939
2 102 433
2 102 940
2 103 488
2 103 637
2 103 674
2 104 489
2 104 638
2 104 675
2 105 106
2 105 108
2 105 144
2 108 630
2 108 639
2 109 142
2 109 457
2 109 637
2 109 967
2 110 143
2 110 458
2 110 638
2 110 968
2 111 459
2 111 969
2 112 460
2 112 970
2 113 118
2 113 653
2 113 657
2 114 116
2 114 122
2 114 126
2 115 117
2 115 123
2 115 127
2 118 119
2 118 120
2 118 121
2 122 124
2 122 641
2 123 125
2 123 642
2 124 417
2 124 674
2 124 975
2 125 418
2 125 675
2 125 976
2 126 128
2 126 130
2 127 129
2 127 131
2 130 641
2 131 642
2 132 133
2 132 135
2 135 606
2 135 628
2 136 138
2 136 142
2 137 139
2 137 143
2 142 614
2 143 615
2 144 145
2 144 146
2 146 630
2 146 654
2 147 148
2 147 149
2 149 2093
2 149 2240
2 150 179
2 150 378
2 150 2238
2 150 2391
2 151 180
2 151 379
2 151 2239
2 151 2392
2 152 153
2 152 155
2 155 2159
2 155 2249
2 156 192
2 156 352
2 156 2247
2 156 2467
2 157 353
2 157 2468
2 158 193
2 158 354
2 158 2248
2 158 2469
2 159 355
2 159 2470
2 160 162
2 160 169
2 161 163
2 161 170
2 169 171
2 169 1085
2 170 172
2 170 1086
2 171 364
2 171 1242
2 171 1356
2 172 365
2 172 1243
2 172 1357
2 173 366
2 173 1358
2 174 367
2 174 1359
2 175 177
2 175 179
2 176 178
2 176 180
2 179 2139
2 180 2140
2 181 182
2 181 183
2 183 1104
2 183 1229
2 184 202
2 184 322
2 184 1227
2 184 1431
2 185 203
2 185 323
2 185 1228
2 185 1432
2 186 188
2 186 192
2 187 190
2 187 193
2 192 2111
2 193 2112
2 194 195
2 194 197
2 197 1049
2 197 1213
2 198 200
2 198 202
2 199 201
2 199 203
2 202 1067
2 203 1068
2 204 210
2 204 447
2 204 509
2 205 211
2 205 448
2 205 510
2 206 208
2 206 210
2 206 443
2 207 209
2 207 211
2 207 444
2 210 2102
2 211 2103
2 212 218
2 212 220
2 212 405
2 213 219
2 213 221
2 213 406
2 214 216
2 214 220
2 214 395
2 215 217
2 215 221
2 215 396
2 218 399
2 218 401
2 218 403
2 219 400
2 219 402
2 219 404
2 222 234
2 222 250
2 222 457
2 223 235
2 223 251
2 223 458
2 224 236
2 224 252
2 224 459
2 225 237
2 225 253
2 225 460
2 226 230
2 226 250
2 226 449
2 227 231
2 227 251
2 227 450
2 228 232
2 228 252
2 228 451
2 229 233
2 229 253
2 229 452
2 234 238
2 234 242
2 234 246
2 235 239
2 235 243
2 235 247
2 236 240
2 236 244
2 236 248
2 237 241
2 237 245
2 237 249
2 254 257
2 254 442
2 254 461
2 255 256
2 255 257
2 255 440
2 257 1056
2 258 261
2 258 421
2 258 470
2 259 260
2 259 261
2 259 419
2 261 2144
2 262 274
2 262 430
2 262 494
2 263 275
2 263 431
2 263 495
2 264 276
2 264 432
2 264 496
2 265 277
2 265 433
2 265 497
2 266 270
2 266 274
2 266 422
2 267 271
2 267 275
2 267 423
2 268 272
2 268 276
2 268 424
2 269 273
2 269 277
2 269 425
2 278 284
2 278 438
2 278 479
2 279 285
2 279 439
2 279 480
2 280 282
2 280 284
2 280 434
2 281 283
2 281 285
2 281 435
2 286 292
2 286 294
2 286 417
2 287 293
2 287 295
2 287 418
2 288 290
2 288 294
2 288 407
2 289 291
2 289 295
2 289 408
2 292 411
2 292 413
2 292 415
2 293 412
2 293 414
2 293 416
2 294 1093
2 295 1094
2 296 302
2 296 304
2 296 378
2 297 303
2 297 305
2 297 379
2 298 300
2 298 304
2 298 368
2 299 301
2 299 305
2 299 369
2 302 372
2 302 374
2 302 376
2 303 373
2 303 375
2 303 377
2 304 1213
2 305 1214
2 306 309
2 306 313
2 306 382
2 307 308
2 307 313
2 307 380
2 309 310
2 309 311
2 309 312
2 313 2240
2 314 320
2 314 322
2 314 393
2 315 321
2 315 323
2 315 394
2 316 318
2 316 322
2 316 383
2 317 319
2 317 323
2 317 384
2 320 387
2 320 389
2 320 391
2 321 388
2 321 390
2 321 392
2 324 336
2 324 352
2 324 364
2 325 337
2 325 353
2 325 365
2 326 338
2 326 354
2 326 366
2 327 339
2 327 355
2 327 367
2 328 332
2 328 352
2 328 356
2 329 333
2 329 353
2 329 357
2 330 334
2 330 354
2 330 358
2 331 335
2 331 355
2 331 359
2 336 340
2 336 344
2 336 348
2 337 341
2 337 345
2 337 349
2 338 342
2 338 346
2 338 350
2 339 343
2 339 347
2 339 351
2 356 360
2 356 364
2 357 361
2 357 365
2 358 362
2 358 366
2 359 363
2 359 367
2 368 370
2 368 378
2 369 371
2 369 379
2 380 381
2 380 382
2 382 1229
2 383 385
2 383 393
2 384 386
2 384 394
2 393 2249
2 394 2250
2 395 397
2 395 405
2 396 398
2 396 406
2 405 628
2 406 629
2 407 409
2 407 417
2 408 410
2 408 418
2 419 420
2 419 421
2 421 613
2 422 426
2 422 430
2 423 427
2 423 431
2 424 428
2 424 432
2 425 429
2 425 433
2 434 436
2 434 438
2 435 437
2 435 439
2 438 639
2 439 640
2 440 441
2 440 442
2 442 654
2 443 445
2 443 447
2 444 446
2 444 448
2 449 453
2 449 457
2 450 454
2 450 458
2 451 455
2 451 459
2 452 456
2 452 460
2 461 462
2 461 463
2 464 466
2 464 468
2 465 467
2 465 469
2 470 471
2 470 472
2 473 475
2 473 477
2 474 476
2 474 478
2 479 481
2 479 483
2 480 482
2 480 484
2 485 486
2 485 487
2 488 490
2 488 492
2 489 491
2 489 493
2 494 498
2 494 502
2 495 499
2 495 503
2 496 500
2 496 504
2 497 501
2 497 505
2 506 507
2 506 508
2 509 511
2 509 513
2 510 512
2 510 514
2 515 517
2 515 519
2 516 518
2 516 520
2 521 523
2 521 525
2 522 524
2 522 526
2 527 992
2 527 1578
2 527 1766
2 528 993
2 528 1579
2 528 1767
2 529 531
2 529 532
2 529 723
2 532 1571
2 532 1581
2 533 753
2 533 1813
2 534 551
2 534 754
2 534 1578
2 534 1814
2 535 755
2 535 1815
2 536 552
2 536 756
2 536 1579
2 536 1816
2 537 1040
2 537 2621
2 537 2760
2 538 1041
2 538 2622
2 538 2761
2 539 540
2 539 541
2 539 676
2 541 2616
2 541 2623
2 542 562
2 542 771
2 542 2621
2 542 2816
2 543 563
2 543 772
2 543 2622
2 543 2817
2 544 1022
2 544 1594
2 544 1770
2 545 548
2 545 551
2 545 727
2 546 550
2 546 552
2 546 728
2 551 1589
2 552 1590
2 553 558
2 553 2645
2 553 2798
2 554 556
2 554 562
2 554 715
2 555 557
2 555 563
2 555 716
2 558 559
2 558 560
2 558 561
2 562 2633
2 563 2634
2 564 569
2 564 1612
2 564 1736
2 565 567
2 565 570
2 565 689
2 566 568
2 566 571
2 566 690
2 569 695
2 569 696
2 569 697
2 570 572
2 570 1606
2 571 573
2 571 1607
2 572 795
2 572 1636
2 572 1853
2 573 796
2 573 1637
2 573 1854
2 574 1034
2 574 2661
2 574 2786
2 575 578
2 575 581
2 575 704
2 576 580
2 576 582
2 576 705
2 581 584
2 581 2656
2 582 586
2 582 2657
2 583 809
2 583 2866
2 584 810
2 584 2684
2 584 2867
2 585 811
2 585 2868
2 586 812
2 586 2685
2 586 2869
2 587 591
2 587 1636
2 587 1751
2 588 592
2 588 1637
2 588 1752
2 589 590
2 589 599
2 589 710
2 591 593
2 591 595
2 591 597
2 592 594
2 592 596
2 592 598
2 599 1613
2 599 1627
2 600 1004
2 600 2684
2 600 2769
2 601 1005
2 601 2685
2 601 2770
2 602 604
2 602 605
2 602 681
2 605 2663
2 605 2677
2 606 1046
2 607 609
2 607 611
2 607 658
2 608 610
2 608 612
2 608 659
2 613 657
2 613 979
2 614 619
2 615 620
2 616 617
2 616 627
2 616 666
2 619 621
2 619 623
2 619 625
2 620 622
2 620 624
2 620 626
2 627 628
2 628 957
2 629 958
2 630 1025
2 631 633
2 631 637
2 631 670
2 632 634
2 632 638
2 632 671
2 639 669
2 639 984
2 640 985
2 641 645
2 642 646
2 643 644
2 643 653
2 643 655
2 645 647
2 645 649
2 645 651
2 646 648
2 646 650
2 646 652
2 653 654
2 654 946
2 655 656
2 655 657
2 658 660
2 658 664
2 659 661
2 659 665
2 666 667
2 666 669
2 670 672
2 670 674
2 671 673
2 671 675
2 676 677
2 676 678
2 678 2616
2 678 2762
2 679 708
2 679 900
2 679 2760
2 679 2910
2 680 709
2 680 901
2 680 2761
2 680 2911
2 681 682
2 681 684
2 684 2677
2 684 2771
2 685 721
2 685 874
2 685 2769
2 685 2986
2 686 875
2 686 2987
2 687 722
2 687 876
2 687 2770
2 687 2988
2 688 877
2 688 2989
2 689 691
2 689 698
2 690 692
2 690 699
2 698 700
2 698 1606
2 699 701
2 699 1607
2 700 886
2 700 1766
2 700 1871
2 701 887
2 701 1767
2 701 1872
2 702 888
2 702 1873
2 703 889
2 703 1874
2 704 706
2 704 708
2 705 707
2 705 709
2 708 2656
2 709 2657
2 710 711
2 710 712
2 712 1627
2 712 1753
2 713 731
2 713 844
2 713 1751
2 713 1946
2 714 732
2 714 845
2 714 1752
2 714 1947
2 715 717
2 715 721
2 716 719
2 716 722
2 721 2633
2 722 2634
2 723 724
2 723 726
2 726 1571
2 726 1737
2 727 729
2 727 731
2 728 730
2 728 732
2 731 1589
2 732 1590
2 733 736
2 733 979
2 733 1037
2 734 735
2 734 736
2 734 977
2 736 2623
2 737 749
2 737 753
2 737 937
2 738 750
2 738 754
2 738 938
2 739 751
2 739 755
2 739 939
2 740 752
2 740 756
2 740 940
2 741 745
2 741 753
2 741 917
2 742 746
2 742 754
2 742 918
2 743 747
2 743 755
2 743 919
2 744 748
2 744 756
2 744 920
2 749 925
2 749 929
2 749 933
2 750 926
2 750 930
2 750 934
2 751 927
2 751 931
2 751 935
2 752 928
2 752 932
2 752 936
2 757 763
2 757 771
2 757 984
2 758 764
2 758 772
2 758 985
2 759 761
2 759 771
2 759 980
2 760 762
2 760 772
2 760 981
2 763 765
2 763 767
2 763 769
2 764 766
2 764 768
2 764 770
2 773 779
2 773 975
2 773 986
2 774 780
2 774 976
2 774 987
2 775 777
2 775 779
2 775 971
2 776 778
2 776 780
2 776 972
2 779 1580
2 780 1581
2 781 787
2 781 951
2 781 998
2 782 788
2 782 952
2 782 999
2 783 785
2 783 787
2 783 947
2 784 786
2 784 788
2 784 948
2 787 2662
2 788 2663
2 789 795
2 789 957
2 789 1028
2 790 796
2 790 958
2 790 1029
2 791 793
2 791 795
2 791 953
2 792 794
2 792 796
2 792 954
2 797 809
2 797 967
2 797 1010
2 798 810
2 798 968
2 798 1011
2 799 811
2 799 969
2 799 1012
2 800 812
2 800 970
2 800 1013
2 801 805
2 801 809
2 801 959
2 802 806
2 802 810
2 802 960
2 803 807
2 803 811
2 803 961
2 804 808
2 804 812
2 804 962
2 813 816
2 813 817
2 813 946
2 814 815
2 814 817
2 814 941
2 816 943
2 816 944
2 816 945
2 817 1613
2 818 824
2 818 826
2 818 900
2 819 825
2 819 827
2 819 901
2 820 822
2 820 826
2 820 890
2 821 823
2 821 827
2 821 891
2 824 894
2 824 896
2 824 898
2 825 895
2 825 897
2 825 899
2 826 1737
2 827 1738
2 828 831
2 828 835
2 828 904
2 829 830
2 829 835
2 829 902
2 831 832
2 831 833
2 831 834
2 835 2762
2 836 842
2 836 844
2 836 915
2 837 843
2 837 845
2 837 916
2 838 840
2 838 844
2 838 905
2 839 841
2 839 845
2 839 906
2 842 909
2 842 911
2 842 913
2 843 910
2 843 912
2 843 914
2 846 858
2 846 874
2 846 886
2 847 859
2 847 875
2 847 887
2 848 860
2 848 876
2 848 888
2 849 861
2 849 877
2 849 889
2 850 854
2 850 874
2 850 878
2 851 855
2 851 875
2 851 879
2 852 856
2 852 876
2 852 880
2 853 857
2 853 877
2 853 881
2 858 862
2 858 866
2 858 870
2 859 863
2 859 867
2 859 871
2 860 864
2 860 868
2 860 872
2 861 865
2 861 869
2 861 873
2 878 882
2 878 886
2 879 883
2 879 887
2 880 884
2 880 888
2 881 885
2 881 889
2 890 892
2 890 900
2 891 893
2 891 901
2 902 903
2 902 904
2 904 1753
2 905 907
2 905 915
2 906 908
2 906 916
2 915 2771
2 916 2772
2 917 921
2 917 937
2 918 922
2 918 938
2 919 923
2 919 939
2 920 924
2 920 940
2 941 942
2 941 946
2 947 949
2 947 951
2 948 950
2 948 952
2 953 955
2 953 957
2 954 956
2 954 958
2 959 963
2 959 967
2 960 964
2 960 968
2 961 965
2 961 969
2 962 966
2 962 970
2 971 973
2 971 975
2 972 974
2 972 976
2 977 978
2 977 979
2 980 982
2 980 984
2 981 983
2 981 985
2 986 988
2 986 990
2 987 989
2 987 991
2 992 994
2 992 996
2 993 995
2 993 997
2 998 1000
2 998 1002
2 999 1001
2 999 1003
2 1004 1006
2 1004 1008
2 1005 1007
2 1005 1009
2 1010 1014
2 1010 1018
2 1011 1015
2 1011 1019
2 1012 1016
2 1012 1020
2 1013 1017
2 1013 1021
2 1022 1023
2 1022 1024
2 1025 1026
2 1025 1027
2 1028 1030
2 1028 1032
2 1029 1031
2 1029 1033
2 1034 1035
2 1034 1036
2 1037 1038
2 1037 1039
2 1040 1042
2 1040 1044
2 1041 1043
2 1041 1045
2 1046 1047
2 1046 1048
2 1049 1514
2 1050 1052
2 1050 1054
2 1050 1236
2 1051 1053
2 1051 1055
2 1051 1237
2 1056 1071
2 1056 1259
2 1057 1559
2 1057 3137
2 1057 3270
2 1058 1560
2 1058 3138
2 1058 3271
2 1059 1060
2 1059 1062
2 1059 1190
2 1062 3130
2 1062 3139
2 1063 1083
2 1063 1288
2 1063 3137
2 1063 3330
2 1064 1289
2 1064 3331
2 1065 1084
2 1065 1290
2 1065 3138
2 1065 3332
2 1066 1291
2 1066 3333
2 1067 1532
2 1068 1533
2 1069 1070
2 1069 1071
2 1069 1244
2 1072 1079
2 1072 3159
2 1072 3307
2 1073 1075
2 1073 1083
2 1073 1230
2 1074 1077
2 1074 1084
2 1074 1231
2 1079 1080
2 1079 1081
2 1079 1082
2 1083 3146
2 1084 3147
2 1085 1090
2 1086 1091
2 1087 1088
2 1087 1092
2 1087 1203
2 1090 1206
2 1090 1208
2 1090 1210
2 1091 1207
2 1091 1209
2 1091 1211
2 1092 1093
2 1093 1310
2 1094 1311
2 1095 1550
2 1095 3174
2 1095 3294
2 1096 1098
2 1096 1100
2 1096 1215
2 1097 1099
2 1097 1101
2 1097 1216
2 1100 1102
2 1100 3170
2 1101 1103
2 1101 3171
2 1102 1318
2 1102 3194
2 1102 3369
2 1103 1319
2 1103 3195
2 1103 3370
2 1104 1111
2 1105 1107
2 1105 1115
2 1105 1223
2 1106 1109
2 1106 1116
2 1106 1224
2 1111 1112
2 1111 1113
2 1111 1114
2 1117 1520
2 1117 3194
2 1117 3278
2 1118 1521
2 1118 3195
2 1118 3279
2 1119 1120
2 1119 1121
2 1119 1198
2 1121 3175
2 1121 3189
2 1122 1565
2 1122 1649
2 1122 1700
2 1123 1566
2 1123 1650
2 1123 1701
2 1124 1125
2 1124 1126
2 1124 1175
2 1126 1644
2 1126 1651
2 1127 1173
2 1127 1494
2 1127 1649
2 1127 1982
2 1128 1174
2 1128 1495
2 1128 1650
2 1128 1983
2 1129 1134
2 1129 1664
2 1129 1705
2 1130 1132
2 1130 1138
2 1130 1178
2 1131 1133
2 1131 1139
2 1131 1179
2 1134 1135
2 1134 1136
2 1134 1137
2 1138 1140
2 1138 1652
2 1139 1141
2 1139 1653
2 1140 1476
2 1140 1700
2 1140 1964
2 1141 1477
2 1141 1701
2 1141 1965
2 1142 1538
2 1142 1673
2 1142 1712
2 1143 1539
2 1143 1674
2 1143 1713
2 1144 1145
2 1144 1147
2 1144 1186
2 1147 1666
2 1147 1675
2 1148 1184
2 1148 1504
2 1148 1673
2 1148 1995
2 1149 1185
2 1149 1505
2 1149 1674
2 1149 1996
2 1150 1506
2 1150 1997
2 1151 1507
2 1151 1998
2 1152 1159
2 1152 1690
2 1152 1695
2 1153 1157
2 1153 1163
2 1153 1169
2 1154 1158
2 1154 1164
2 1154 1170
2 1159 1160
2 1159 1161
2 1159 1162
2 1163 1167
2 1163 1677
2 1164 1168
2 1164 1678
2 1165 1465
2 1165 2007
2 1166 1466
2 1166 2008
2 1167 1467
2 1167 1712
2 1167 2009
2 1168 1468
2 1168 1713
2 1168 2010
2 1169 1171
2 1169 1173
2 1170 1172
2 1170 1174
2 1173 1677
2 1174 1678
2 1175 1176
2 1175 1177
2 1177 1644
2 1177 1665
2 1178 1180
2 1178 1184
2 1179 1181
2 1179 1185
2 1184 1652
2 1185 1653
2 1186 1188
2 1186 1189
2 1189 1666
2 1189 1692
2 1190 1192
2 1190 1193
2 1193 3130
2 1193 3273
2 1194 1423
2 1194 3441
2 1195 1221
2 1195 1424
2 1195 3270
2 1195 3442
2 1196 1425
2 1196 3443
2 1197 1222
2 1197 1426
2 1197 3271
2 1197 3444
2 1198 1199
2 1198 1200
2 1200 3189
2 1200 3280
2 1201 1234
2 1201 1395
2 1201 3278
2 1201 3500
2 1202 1235
2 1202 1396
2 1202 3279
2 1202 3501
2 1203 1204
2 1203 1212
2 1212 1213
2 1213 1401
2 1214 1402
2 1215 1218
2 1215 1221
2 1216 1220
2 1216 1222
2 1221 3170
2 1222 3171
2 1223 1225
2 1223 1227
2 1224 1226
2 1224 1228
2 1229 1246
2 1229 1380
2 1230 1232
2 1230 1234
2 1231 1233
2 1231 1235
2 1234 3146
2 1235 3147
2 1236 1238
2 1236 1242
2 1237 1239
2 1237 1243
2 1244 1245
2 1244 1246
2 1247 1253
2 1247 1494
2 1247 1553
2 1248 1254
2 1248 1495
2 1248 1554
2 1249 1251
2 1249 1253
2 1249 1490
2 1250 1252
2 1250 1254
2 1250 1491
2 1253 3139
2 1254 3140
2 1255 1258
2 1255 1259
2 1255 1444
2 1256 1257
2 1256 1259
2 1256 1439
2 1258 1441
2 1258 1442
2 1258 1443
2 1260 1272
2 1260 1288
2 1260 1504
2 1261 1273
2 1261 1289
2 1261 1505
2 1262 1274
2 1262 1290
2 1262 1506
2 1263 1275
2 1263 1291
2 1263 1507
2 1264 1268
2 1264 1288
2 1264 1496
2 1265 1269
2 1265 1289
2 1265 1497
2 1266 1270
2 1266 1290
2 1266 1498
2 1267 1271
2 1267 1291
2 1267 1499
2 1272 1276
2 1272 1280
2 1272 1284
2 1273 1277
2 1273 1281
2 1273 1285
2 1274 1278
2 1274 1282
2 1274 1286
2 1275 1279
2 1275 1283
2 1275 1287
2 1292 1298
2 1292 1488
2 1292 1508
2 1293 1299
2 1293 1489
2 1293 1509
2 1294 1296
2 1294 1298
2 1294 1484
2 1295 1297
2 1295 1299
2 1295 1485
2 1300 1303
2 1300 1471
2 1300 1517
2 1301 1302
2 1301 1303
2 1301 1469
2 1303 3175
2 1304 1310
2 1304 1476
2 1304 1544
2 1305 1311
2 1305 1477
2 1305 1545
2 1306 1308
2 1306 1310
2 1306 1472
2 1307 1309
2 1307 1311
2 1307 1473
2 1312 1318
2 1312 1482
2 1312 1526
2 1313 1319
2 1313 1483
2 1313 1527
2 1314 1316
2 1314 1318
2 1314 1478
2 1315 1317
2 1315 1319
2 1315 1479
2 1320 1332
2 1320 1336
2 1320 1465
2 1321 1333
2 1321 1337
2 1321 1466
2 1322 1334
2 1322 1338
2 1322 1467
2 1323 1335
2 1323 1339
2 1323 1468
2 1324 1328
2 1324 1336
2 1324 1445
2 1325 1329
2 1325 1337
2 1325 1446
2 1326 1330
2 1326 1338
2 1326 1447
2 1327 1331
2 1327 1339
2 1327 1448
2 1332 1453
2 1332 1457
2 1332 1461
2 1333 1454
2 1333 1458
2 1333 1462
2 1334 1455
2 1334 1459
2 1334 1463
2 1335 1456
2 1335 1460
2 1335 1464
2 1340 1352
2 1340 1356
2 1340 1423
2 1341 1353
2 1341 1357
2 1341 1424
2 1342 1354
2 1342 1358
2 1342 1425
2 1343 1355
2 1343 1359
2 1343 1426
2 1344 1348
2 1344 1356
2 1344 1403
2 1345 1349
2 1345 1357
2 1345 1404
2 1346 1350
2 1346 1358
2 1346 1405
2 1347 1351
2 1347 1359
2 1347 1406
2 1352 1411
2 1352 1415
2 1352 1419
2 1353 1412
2 1353 1416
2 1353 1420
2 1354 1413
2 1354 1417
2 1354 1421
2 1355 1414
2 1355 1418
2 1355 1422
2 1360 1366
2 1360 1374
2 1360 1431
2 1361 1367
2 1361 1375
2 1361 1432
2 1362 1364
2 1362 1374
2 1362 1427
2 1363 1365
2 1363 1375
2 1363 1428
2 1366 1368
2 1366 1370
2 1366 1372
2 1367 1369
2 1367 1371
2 1367 1373
2 1374 3272
2 1375 3273
2 1376 1379
2 1376 1380
2 1376 1438
2 1377 1378
2 1377 1380
2 1377 1433
2 1379 1435
2 1379 1436
2 1379 1437
2 1381 1387
2 1381 1395
2 1381 1401
2 1382 1388
2 1382 1396
2 1382 1402
2 1383 1385
2 1383 1395
2 1383 1397
2 1384 1386
2 1384 1396
2 1384 1398
2 1387 1389
2 1387 1391
2 1387 1393
2 1388 1390
2 1388 1392
2 1388 1394
2 1397 1399
2 1397 1401
2 1398 1400
2 1398 1402
2 1403 1407
2 1403 1423
2 1404 1408
2 1404 1424
2 1405 1409
2 1405 1425
2 1406 1410
2 1406 1426
2 1427 1429
2 1427 1431
2 1428 1430
2 1428 1432
2 1433 1434
2 1433 1438
2 1438 3280
2 1439 1440
2 1439 1444
2 1444 1665
2 1445 1449
2 1445 1465
2 1446 1450
2 1446 1466
2 1447 1451
2 1447 1467
2 1448 1452
2 1448 1468
2 1469 1470
2 1469 1471
2 1471 1651
2 1472 1474
2 1472 1476
2 1473 1475
2 1473 1477
2 1478 1480
2 1478 1482
2 1479 1481
2 1479 1483
2 1482 1675
2 1483 1676
2 1484 1486
2 1484 1488
2 1485 1487
2 1485 1489
2 1488 1691
2 1489 1692
2 1490 1492
2 1490 1494
2 1491 1493
2 1491 1495
2 1496 1500
2 1496 1504
2 1497 1501
2 1497 1505
2 1498 1502
2 1498 1506
2 1499 1503
2 1499 1507
2 1508 1510
2 1508 1512
2 1509 1511
2 1509 1513
2 1514 1515
2 1514 1516
2 1517 1518
2 1517 1519
2 1520 1522
2 1520 1524
2 1521 1523
2 1521 1525
2 1526 1528
2 1526 1530
2 1527 1529
2 1527 1531
2 1532 1534
2 1532 1536
2 1533 1535
2 1533 1537
2 1538 1540
2 1538 1542
2 1539 1541
2 1539 1543
2 1544 1546
2 1544 1548
2 1545 1547
2 1545 1549
2 1550 1551
2 1550 1552
2 1553 1555
2 1553 1557
2 1554 1556
2 1554 1558
2 1559 1561
2 1559 1563
2 1560 1562
2 1560 1564
2 1565 1567
2 1565 1569
2 1566 1568
2 1566 1570
2 1571 2032
2 1572 1575
2 1572 1578
2 1572 1760
2 1573 1577
2 1573 1579
2 1573 1761
2 1580 1783
2 1581 1594
2 1581 1784
2 1582 2077
2 1582 3653
2 1582 3787
2 1583 2078
2 1583 3654
2 1583 3788
2 1584 1585
2 1584 1586
2 1584 1714
2 1586 3648
2 1586 3655
2 1587 1604
2 1587 1799
2 1587 3653
2 1587 3841
2 1588 1605
2 1588 1800
2 1588 3654
2 1588 3842
2 1589 2059
2 1590 2060
2 1591 1593
2 1591 1594
2 1591 1768
2 1595 1600
2 1595 3674
2 1595 3824
2 1596 1598
2 1596 1604
2 1596 1754
2 1597 1599
2 1597 1605
2 1597 1755
2 1600 1601
2 1600 1602
2 1600 1603
2 1604 3662
2 1605 3663
2 1606 1610
2 1607 1611
2 1608 1609
2 1608 1612
2 1608 1727
2 1610 1730
2 1610 1732
2 1610 1734
2 1611 1731
2 1611 1733
2 1611 1735
2 1612 1613
2 1613 1828
2 1614 2071
2 1614 3688
2 1614 3811
2 1615 1618
2 1615 1621
2 1615 1739
2 1616 1620
2 1616 1622
2 1616 1740
2 1621 1624
2 1621 3683
2 1622 1626
2 1622 3684
2 1623 1841
2 1623 3889
2 1624 1842
2 1624 3709
2 1624 3890
2 1625 1843
2 1625 3891
2 1626 1844
2 1626 3710
2 1626 3892
2 1627 1632
2 1628 1630
2 1628 1636
2 1628 1747
2 1629 1631
2 1629 1637
2 1629 1748
2 1632 1633
2 1632 1634
2 1632 1635
2 1638 2041
2 1638 3709
2 1638 3795
2 1639 2042
2 1639 3710
2 1639 3796
2 1640 1642
2 1640 1643
2 1640 1722
2 1643 3690
2 1643 3702
2 1644 2083
2 1645 1647
2 1645 1649
2 1645 1696
2 1646 1648
2 1646 1650
2 1646 1697
2 1651 1695
2 1651 2013
2 1652 1656
2 1653 1657
2 1654 1655
2 1654 1664
2 1654 1702
2 1656 1658
2 1656 1660
2 1656 1662
2 1657 1659
2 1657 1661
2 1657 1663
2 1664 1665
2 1665 1986
2 1666 2065
2 1667 1669
2 1667 1673
2 1667 1706
2 1668 1670
2 1668 1674
2 1668 1707
2 1675 1705
2 1675 2018
2 1676 2019
2 1677 1682
2 1678 1683
2 1679 1681
2 1679 1690
2 1679 1693
2 1682 1684
2 1682 1686
2 1682 1688
2 1683 1685
2 1683 1687
2 1683 1689
2 1690 1692
2 1691 1976
2 1692 1977
2 1693 1694
2 1693 1695
2 1696 1698
2 1696 1700
2 1697 1699
2 1697 1701
2 1702 1703
2 1702 1705
2 1706 1710
2 1706 1712
2 1707 1711
2 1707 1713
2 1714 1716
2 1714 1717
2 1717 3648
2 1717 3790
2 1718 1938
2 1718 3953
2 1719 1745
2 1719 1939
2 1719 3787
2 1719 3954
2 1720 1940
2 1720 3955
2 1721 1746
2 1721 1941
2 1721 3788
2 1721 3956
2 1722 1723
2 1722 1724
2 1724 3702
2 1724 3797
2 1725 1758
2 1725 1910
2 1725 3795
2 1725 4012
2 1726 1759
2 1726 1911
2 1726 3796
2 1726 4013
2 1727 1728
2 1727 1736
2 1736 1737
2 1737 1916
2 1738 1917
2 1739 1742
2 1739 1745
2 1740 1744
2 1740 1746
2 1745 3683
2 1746 3684
2 1747 1749
2 1747 1751
2 1748 1750
2 1748 1752
2 1753 1770
2 1753 1895
2 1754 1756
2 1754 1758
2 1755 1757
2 1755 1759
2 1758 3662
2 1759 3663
2 1760 1762
2 1760 1766
2 1761 1763
2 1761 1767
2 1768 1769
2 1768 1770
2 1771 1774
2 1771 2013
2 1771 2074
2 1772 1773
2 1772 1774
2 1772 2011
2 1774 3655
2 1775 1781
2 1775 1783
2 1775 1964
2 1776 1782
2 1776 1784
2 1776 1965
2 1777 1779
2 1777 1783
2 1777 1954
2 1778 1780
2 1778 1784
2 1778 1955
2 1781 1958
2 1781 1960
2 1781 1962
2 1782 1959
2 1782 1961
2 1782 1963
2 1785 1791
2 1785 1799
2 1785 2018
2 1786 1792
2 1786 1800
2 1786 2019
2 1787 1789
2 1787 1799
2 1787 2014
2 1788 1790
2 1788 1800
2 1788 2015
2 1791 1793
2 1791 1795
2 1791 1797
2 1792 1794
2 1792 1796
2 1792 1798
2 1801 1813
2 1801 2007
2 1801 2020
2 1802 1814
2 1802 2008
2 1802 2021
2 1803 1815
2 1803 2009
2 1803 2022
2 1804 1816
2 1804 2010
2 1804 2023
2 1805 1809
2 1805 1813
2 1805 1999
2 1806 1810
2 1806 1814
2 1806 2000
2 1807 1811
2 1807 1815
2 1807 2001
2 1808 1812
2 1808 1816
2 1808 2002
2 1817 1823
2 1817 1982
2 1817 2035
2 1818 1824
2 1818 1983
2 1818 2036
2 1819 1821
2 1819 1823
2 1819 1978
2 1820 1822
2 1820 1824
2 1820 1979
2 1823 3689
2 1824 3690
2 1825 1828
2 1825 1986
2 1825 2068
2 1826 1827
2 1826 1828
2 1826 1984
2 1829 1841
2 1829 1995
2 1829 2047
2 1830 1842
2 1830 1996
2 1830 2048
2 1831 1843
2 1831 1997
2 1831 2049
2 1832 1844
2 1832 1998
2 1832 2050
2 1833 1837
2 1833 1841
2 1833 1987
2 1834 1838
2 1834 1842
2 1834 1988
2 1835 1839
2 1835 1843
2 1835 1989
2 1836 1840
2 1836 1844
2 1836 1990
2 1845 1851
2 1845 1853
2 1845 1976
2 1846 1852
2 1846 1854
2 1846 1977
2 1847 1849
2 1847 1853
2 1847 1966
2 1848 1850
2 1848 1854
2 1848 1967
2 1851 1970
2 1851 1972
2 1851 1974
2 1852 1971
2 1852 1973
2 1852 1975
2 1855 1867
2 1855 1871
2 1855 1938
2 1856 1868
2 1856 1872
2 1856 1939
2 1857 1869
2 1857 1873
2 1857 1940
2 1858 1870
2 1858 1874
2 1858 1941
2 1859 1863
2 1859 1871
2 1859 1918
2 1860 1864
2 1860 1872
2 1860 1919
2 1861 1865
2 1861 1873
2 1861 1920
2 1862 1866
2 1862 1874
2 1862 1921
2 1867 1926
2 1867 1930
2 1867 1934
2 1868 1927
2 1868 1931
2 1868 1935
2 1869 1928
2 1869 1932
2 1869 1936
2 1870 1929
2 1870 1933
2 1870 1937
2 1875 1881
2 1875 1889
2 1875 1946
2 1876 1882
2 1876 1890
2 1876 1947
2 1877 1879
2 1877 1889
2 1877 1942
2 1878 1880
2 1878 1890
2 1878 1943
2 1881 1883
2 1881 1885
2 1881 1887
2 1882 1884
2 1882 1886
2 1882 1888
2 1889 3789
2 1890 3790
2 1891 1894
2 1891 1895
2 1891 1953
2 1892 1893
2 1892 1895
2 1892 1948
2 1894 1950
2 1894 1951
2 1894 1952
2 1896 1902
2 1896 1910
2 1896 1916
2 1897 1903
2 1897 1911
2 1897 1917
2 1898 1900
2 1898 1910
2 1898 1912
2 1899 1901
2 1899 1911
2 1899 1913
2 1902 1904
2 1902 1906
2 1902 1908
2 1903 1905
2 1903 1907
2 1903 1909
2 1912 1914
2 1912 1916
2 1913 1915
2 1913 1917
2 1918 1922
2 1918 1938
2 1919 1923
2 1919 1939
2 1920 1924
2 1920 1940
2 1921 1925
2 1921 1941
2 1942 1944
2 1942 1946
2 1943 1945
2 1943 1947
2 1948 1949
2 1948 1953
2 1953 3797
2 1954 1956
2 1954 1964
2 1955 1957
2 1955 1965
2 1966 1968
2 1966 1976
2 1967 1969
2 1967 1977
2 1978 1980
2 1978 1982
2 1979 1981
2 1979 1983
2 1984 1985
2 1984 1986
2 1987 1991
2 1987 1995
2 1988 1992
2 1988 1996
2 1989 1993
2 1989 1997
2 1990 1994
2 1990 1998
2 1999 2003
2 1999 2007
2 2000 2004
2 2000 2008
2 2001 2005
2 2001 2009
2 2002 2006
2 2002 2010
2 2011 2012
2 2011 2013
2 2014 2016
2 2014 2018
2 2015 2017
2 2015 2019
2 2020 2024
2 2020 2028
2 2021 2025
2 2021 2029
2 2022 2026
2 2022 2030
2 2023 2027
2 2023 2031
2 2032 2033
2 2032 2034
2 2035 2037
2 2035 2039
2 2036 2038
2 2036 2040
2 2041 2043
2 2041 2045
2 2042 2044
2 2042 2046
2 2047 2051
2 2047 2055
2 2048 2052
2 2048 2056
2 2049 2053
2 2049 2057
2 2050 2054
2 2050 2058
2 2059 2061
2 2059 2063
2 2060 2062
2 2060 2064
2 2065 2066
2 2065 2067
2 2068 2069
2 2068 2070
2 2071 2072
2 2071 2073
2 2074 2075
2 2074 2076
2 2077 2079
2 2077 2081
2 2078 2080
2 2078 2082
2 2083 2084
2 2083 2085
2 2086 2540
2 2086 3127
2 2086 3312
2 2087 2541
2 2087 3128
2 2087 3313
2 2088 2089
2 2088 2090
2 2088 2277
2 2090 3122
2 2090 3129
2 2091 2109
2 2091 2312
2 2091 3127
2 2091 3361
2 2092 2110
2 2092 2313
2 2092 3128
2 2092 3362
2 2093 2597
2 2094 2096
2 2094 2100
2 2094 2234
2 2095 2098
2 2095 2101
2 2095 2235
2 2102 2124
2 2102 2328
2 2103 2329
2 2104 2558
2 2104 3145
2 2104 3317
2 2105 2107
2 2105 2109
2 2105 2280
2 2106 2108
2 2106 2110
2 2106 2281
2 2109 3141
2 2110 3142
2 2111 2116
2 2112 2117
2 2113 2114
2 2113 2124
2 2113 2273
2 2116 2118
2 2116 2120
2 2116 2122
2 2117 2119
2 2117 2121
2 2117 2123
2 2125 2132
2 2125 3167
2 2125 3289
2 2126 2128
2 2126 2133
2 2126 2251
2 2127 2130
2 2127 2134
2 2127 2252
2 2132 2255
2 2132 2256
2 2132 2257
2 2133 2135
2 2133 3160
2 2134 2137
2 2134 3161
2 2135 2354
2 2135 3187
2 2135 3399
2 2136 2355
2 2136 3400
2 2137 2356
2 2137 3188
2 2137 3401
2 2138 2357
2 2138 3402
2 2139 2579
2 2140 2580
2 2141 2142
2 2141 2143
2 2141 2262
2 2143 2144
2 2144 2361
2 2145 2150
2 2145 3187
2 2145 3301
2 2146 2151
2 2146 3188
2 2146 3302
2 2147 2148
2 2147 2158
2 2147 2265
2 2150 2152
2 2150 2154
2 2150 2156
2 2151 2153
2 2151 2155
2 2151 2157
2 2158 3168
2 2158 3176
2 2159 2552
2 2160 2162
2 2160 2164
2 2160 2241
2 2161 2163
2 2161 2165
2 2161 2242
2 2166 2600
2 2166 2693
2 2166 2745
2 2167 2601
2 2167 2694
2 2167 2746
2 2168 2170
2 2168 2171
2 2168 2221
2 2171 2686
2 2171 2696
2 2172 2527
2 2172 3028
2 2173 2528
2 2173 3029
2 2174 2219
2 2174 2529
2 2174 2693
2 2174 3030
2 2175 2220
2 2175 2530
2 2175 2694
2 2175 3031
2 2176 2183
2 2176 2710
2 2176 2749
2 2177 2179
2 2177 2187
2 2177 2225
2 2178 2180
2 2178 2188
2 2178 2226
2 2183 2184
2 2183 2185
2 2183 2186
2 2187 2189
2 2187 2697
2 2188 2190
2 2188 2698
2 2189 2509
2 2189 2745
2 2189 3010
2 2190 2510
2 2190 2746
2 2190 3011
2 2191 2511
2 2191 3012
2 2192 2512
2 2192 3013
2 2193 2561
2 2193 2718
2 2193 2754
2 2194 2562
2 2194 2719
2 2194 2755
2 2195 2196
2 2195 2197
2 2195 2231
2 2197 2713
2 2197 2720
2 2198 2229
2 2198 2535
2 2198 2718
2 2198 3042
2 2199 2230
2 2199 2536
2 2199 2719
2 2199 3043
2 2200 2205
2 2200 2733
2 2200 2738
2 2201 2203
2 2201 2209
2 2201 2213
2 2202 2204
2 2202 2210
2 2202 2214
2 2205 2206
2 2205 2207
2 2205 2208
2 2209 2211
2 2209 2721
2 2210 2212
2 2210 2722
2 2211 2493
2 2211 2754
2 2211 3048
2 2212 2494
2 2212 2755
2 2212 3049
2 2213 2217
2 2213 2219
2 2214 2218
2 2214 2220
2 2219 2721
2 2220 2722
2 2221 2222
2 2221 2224
2 2224 2686
2 2224 2711
2 2225 2227
2 2225 2229
2 2226 2228
2 2226 2230
2 2229 2697
2 2230 2698
2 2231 2232
2 2231 2233
2 2233 2713
2 2233 2734
2 2234 2236
2 2234 2238
2 2235 2237
2 2235 2239
2 2240 2264
2 2240 2440
2 2241 2243
2 2241 2247
2 2242 2245
2 2242 2248
2 2249 2276
2 2249 2427
2 2250 2428
2 2251 2253
2 2251 2258
2 2252 2254
2 2252 2259
2 2258 2260
2 2258 3160
2 2259 2261
2 2259 3161
2 2260 2433
2 2260 3312
2 2260 3411
2 2261 2434
2 2261 3313
2 2261 3412
2 2262 2263
2 2262 2264
2 2265 2267
2 2265 2268
2 2268 3176
2 2268 3304
2 2269 2409
2 2269 3486
2 2270 2410
2 2270 3487
2 2271 2286
2 2271 2411
2 2271 3301
2 2271 3488
2 2272 2287
2 2272 2412
2 2272 3302
2 2272 3489
2 2273 2274
2 2273 2276
2 2277 2278
2 2277 2279
2 2279 3122
2 2279 3290
2 2280 2284
2 2280 2286
2 2281 2285
2 2281 2287
2 2286 3141
2 2287 3142
2 2288 2300
2 2288 2527
2 2288 2585
2 2289 2301
2 2289 2528
2 2289 2586
2 2290 2302
2 2290 2529
2 2290 2587
2 2291 2303
2 2291 2530
2 2291 2588
2 2292 2296
2 2292 2300
2 2292 2519
2 2293 2297
2 2293 2301
2 2293 2520
2 2294 2298
2 2294 2302
2 2294 2521
2 2295 2299
2 2295 2303
2 2295 2522
2 2304 2310
2 2304 2312
2 2304 2481
2 2305 2311
2 2305 2313
2 2305 2482
2 2306 2308
2 2306 2312
2 2306 2471
2 2307 2309
2 2307 2313
2 2307 2472
2 2310 2475
2 2310 2477
2 2310 2479
2 2311 2476
2 2311 2478
2 2311 2480
2 2314 2320
2 2314 2328
2 2314 2535
2 2315 2321
2 2315 2329
2 2315 2536
2 2316 2318
2 2316 2328
2 2316 2531
2 2317 2319
2 2317 2329
2 2317 2532
2 2320 2322
2 2320 2324
2 2320 2326
2 2321 2323
2 2321 2325
2 2321 2327
2 2330 2333
2 2330 2518
2 2330 2537
2 2331 2332
2 2331 2333
2 2331 2516
2 2333 3129
2 2334 2340
2 2334 2499
2 2334 2546
2 2335 2341
2 2335 2500
2 2335 2547
2 2336 2338
2 2336 2340
2 2336 2495
2 2337 2339
2 2337 2341
2 2337 2496
2 2342 2354
2 2342 2509
2 2342 2567
2 2343 2355
2 2343 2510
2 2343 2568
2 2344 2356
2 2344 2511
2 2344 2569
2 2345 2357
2 2345 2512
2 2345 2570
2 2346 2350
2 2346 2354
2 2346 2501
2 2347 2351
2 2347 2355
2 2347 2502
2 2348 2352
2 2348 2356
2 2348 2503
2 2349 2353
2 2349 2357
2 2349 2504
2 2358 2361
2 2358 2515
2 2358 2555
2 2359 2360
2 2359 2361
2 2359 2513
2 2362 2368
2 2362 2370
2 2362 2493
2 2363 2369
2 2363 2371
2 2363 2494
2 2364 2366
2 2364 2370
2 2364 2483
2 2365 2367
2 2365 2371
2 2365 2484
2 2368 2487
2 2368 2489
2 2368 2491
2 2369 2488
2 2369 2490
2 2369 2492
2 2370 3168
2 2371 3169
2 2372 2375
2 2372 2376
2 2372 2440
2 2373 2374
2 2373 2376
2 2373 2435
2 2375 2437
2 2375 2438
2 2375 2439
2 2376 3290
2 2377 2383
2 2377 2391
2 2377 2445
2 2378 2384
2 2378 2392
2 2378 2446
2 2379 2381
2 2379 2391
2 2379 2441
2 2380 2382
2 2380 2392
2 2380 2442
2 2383 2385
2 2383 2387
2 2383 2389
2 2384 2386
2 2384 2388
2 2384 2390
2 2393 2405
2 2393 2409
2 2393 2467
2 2394 2406
2 2394 2410
2 2394 2468
2 2395 2407
2 2395 2411
2 2395 2469
2 2396 2408
2 2396 2412
2 2396 2470
2 2397 2401
2 2397 2409
2 2397 2447
2 2398 2402
2 2398 2410
2 2398 2448
2 2399 2403
2 2399 2411
2 2399 2449
2 2400 2404
2 2400 2412
2 2400 2450
2 2405 2455
2 2405 2459
2 2405 2463
2 2406 2456
2 2406 2460
2 2406 2464
2 2407 2457
2 2407 2461
2 2407 2465
2 2408 2458
2 2408 2462
2 2408 2466
2 2413 2419
2 2413 2427
2 2413 2433
2 2414 2420
2 2414 2428
2 2414 2434
2 2415 2417
2 2415 2427
2 2415 2429
2 2416 2418
2 2416 2428
2 2416 2430
2 2419 2421
2 2419 2423
2 2419 2425
2 2420 2422
2 2420 2424
2 2420 2426
2 2429 2431
2 2429 2433
2 2430 2432
2 2430 2434
2 2435 2436
2 2435 2440
2 2441 2443
2 2441 2445
2 2442 2444
2 2442 2446
2 2445 3303
2 2446 3304
2 2447 2451
2 2447 2467
2 2448 2452
2 2448 2468
2 2449 2453
2 2449 2469
2 2450 2454
2 2450 2470
2 2471 2473
2 2471 2481
2 2472 2474
2 2472 2482
2 2481 2711
2 2482 2712
2 2483 2485
2 2483 2493
2 2484 2486
2 2484 2494
2 2495 2497
2 2495 2499
2 2496 2498
2 2496 2500
2 2499 2695
2 2500 2696
2 2501 2505
2 2501 2509
2 2502 2506
2 2502 2510
2 2503 2507
2 2503 2511
2 2504 2508
2 2504 2512
2 2513 2514
2 2513 2515
2 2515 2720
2 2516 2517
2 2516 2518
2 2518 2734
2 2519 2523
2 2519 2527
2 2520 2524
2 2520 2528
2 2521 2525
2 2521 2529
2 2522 2526
2 2522 2530
2 2531 2533
2 2531 2535
2 2532 2534
2 2532 2536
2 2537 2538
2 2537 2539
2 2540 2542
2 2540 2544
2 2541 2543
2 2541 2545
2 2546 2548
2 2546 2550
2 2547 2549
2 2547 2551
2 2552 2553
2 2552 2554
2 2555 2556
2 2555 2557
2 2558 2559
2 2558 2560
2 2561 2563
2 2561 2565
2 2562 2564
2 2562 2566
2 2567 2571
2 2567 2575
2 2568 2572
2 2568 2576
2 2569 2573
2 2569 2577
2 2570 2574
2 2570 2578
2 2579 2581
2 2579 2583
2 2580 2582
2 2580 2584
2 2585 2589
2 2585 2593
2 2586 2590
2 2586 2594
2 2587 2591
2 2587 2595
2 2588 2592
2 2588 2596
2 2597 2598
2 2597 2599
2 2600 2602
2 2600 2604
2 2601 2603
2 2601 2605
2 2606 3065
2 2606 3644
2 2606 3829
2 2607 3066
2 2607 3645
2 2607 3830
2 2608 2610
2 2608 2611
2 2608 2799
2 2611 3637
2 2611 3647
2 2612 2834
2 2612 3873
2 2613 2631
2 2613 2835
2 2613 3644
2 2613 3874
2 2614 2836
2 2614 3875
2 2615 2632
2 2615 2837
2 2615 3645
2 2615 3876
2 2616 3116
2 2617 2619
2 2617 2621
2 2617 2756
2 2618 2620
2 2618 2622
2 2618 2757
2 2623 2645
2 2623 2845
2 2624 3092
2 2624 3661
2 2624 3834
2 2625 2628
2 2625 2631
2 2625 2802
2 2626 2630
2 2626 2632
2 2626 2803
2 2631 3656
2 2632 3657
2 2633 2637
2 2634 2638
2 2635 2636
2 2635 2645
2 2635 2795
2 2637 2639
2 2637 2641
2 2637 2643
2 2638 2640
2 2638 2642
2 2638 2644
2 2646 2651
2 2646 3681
2 2646 3806
2 2647 2649
2 2647 2652
2 2647 2773
2 2648 2650
2 2648 2653
2 2648 2774
2 2651 2777
2 2651 2778
2 2651 2779
2 2652 2654
2 2652 3675
2 2653 2655
2 2653 3676
2 2654 2876
2 2654 3700
2 2654 3913
2 2655 2877
2 2655 3701
2 2655 3914
2 2656 3104
2 2657 3105
2 2658 2660
2 2658 2661
2 2658 2784
2 2661 2663
2 2662 2884
2 2663 2885
2 2664 2668
2 2664 3700
2 2664 3818
2 2665 2669
2 2665 3701
2 2665 3819
2 2666 2667
2 2666 2676
2 2666 2787
2 2668 2670
2 2668 2672
2 2668 2674
2 2669 2671
2 2669 2673
2 2669 2675
2 2676 3682
2 2676 3691
2 2677 3083
2 2678 2681
2 2678 2684
2 2678 2763
2 2679 2683
2 2679 2685
2 2679 2764
2 2686 3119
2 2687 2691
2 2687 2693
2 2687 2739
2 2688 2692
2 2688 2694
2 2688 2740
2 2695 3054
2 2696 2738
2 2696 3055
2 2697 2702
2 2698 2703
2 2699 2700
2 2699 2710
2 2699 2747
2 2702 2704
2 2702 2706
2 2702 2708
2 2703 2705
2 2703 2707
2 2703 2709
2 2710 2711
2 2711 3036
2 2712 3037
2 2713 3095
2 2714 2716
2 2714 2718
2 2714 2750
2 2715 2717
2 2715 2719
2 2715 2751
2 2720 2749
2 2720 3058
2 2721 2725
2 2722 2726
2 2723 2724
2 2723 2733
2 2723 2735
2 2725 2727
2 2725 2729
2 2725 2731
2 2726 2728
2 2726 2730
2 2726 2732
2 2733 2734
2 2734 3019
2 2735 2737
2 2735 2738
2 2739 2741
2 2739 2745
2 2740 2742
2 2740 2746
2 2747 2748
2 2747 2749
2 2750 2752
2 2750 2754
2 2751 2753
2 2751 2755
2 2756 2758
2 2756 2760
2 2757 2759
2 2757 2761
2 2762 2786
2 2762 2959
2 2763 2765
2 2763 2769
2 2764 2767
2 2764 2770
2 2771 2798
2 2771 2946
2 2772 2947
2 2773 2775
2 2773 2780
2 2774 2776
2 2774 2781
2 2780 2782
2 2780 3675
2 2781 2783
2 2781 3676
2 2782 2952
2 2782 3829
2 2782 3923
2 2783 2953
2 2783 3830
2 2783 3924
2 2784 2785
2 2784 2786
2 2787 2789
2 2787 2790
2 2790 3691
2 2790 3821
2 2791 2928
2 2791 3998
2 2792 2929
2 2792 3999
2 2793 2808
2 2793 2930
2 2793 3818
2 2793 4000
2 2794 2809
2 2794 2931
2 2794 3819
2 2794 4001
2 2795 2796
2 2795 2798
2 2799 2800
2 2799 2801
2 2801 3637
2 2801 3807
2 2802 2806
2 2802 2808
2 2803 2807
2 2803 2809
2 2808 3656
2 2809 3657
2 2810 2816
2 2810 3054
2 2810 3110
2 2811 2817
2 2811 3055
2 2811 3111
2 2812 2814
2 2812 2816
2 2812 3050
2 2813 2815
2 2813 2817
2 2813 3051
2 2818 2830
2 2818 2834
2 2818 3010
2 2819 2831
2 2819 2835
2 2819 3011
2 2820 2832
2 2820 2836
2 2820 3012
2 2821 2833
2 2821 2837
2 2821 3013
2 2822 2826
2 2822 2834
2 2822 2990
2 2823 2827
2 2823 2835
2 2823 2991
2 2824 2828
2 2824 2836
2 2824 2992
2 2825 2829
2 2825 2837
2 2825 2993
2 2830 2998
2 2830 3002
2 2830 3006
2 2831 2999
2 2831 3003
2 2831 3007
2 2832 3000
2 2832 3004
2 2832 3008
2 2833 3001
2 2833 3005
2 2833 3009
2 2838 2841
2 2838 2845
2 2838 3058
2 2839 2840
2 2839 2845
2 2839 3056
2 2841 2842
2 2841 2843
2 2841 2844
2 2846 2852
2 2846 3048
2 2846 3059
2 2847 2853
2 2847 3049
2 2847 3060
2 2848 2850
2 2848 2852
2 2848 3044
2 2849 2851
2 2849 2853
2 2849 3045
2 2852 3646
2 2853 3647
2 2854 2866
2 2854 3028
2 2854 3071
2 2855 2867
2 2855 3029
2 2855 3072
2 2856 2868
2 2856 3030
2 2856 3073
2 2857 2869
2 2857 3031
2 2857 3074
2 2858 2862
2 2858 2866
2 2858 3020
2 2859 2863
2 2859 2867
2 2859 3021
2 2860 2864
2 2860 2868
2 2860 3022
2 2861 2865
2 2861 2869
2 2861 3023
2 2870 2876
2 2870 3036
2 2870 3098
2 2871 2877
2 2871 3037
2 2871 3099
2 2872 2874
2 2872 2876
2 2872 3032
2 2873 2875
2 2873 2877
2 2873 3033
2 2878 2884
2 2878 3042
2 2878 3086
2 2879 2885
2 2879 3043
2 2879 3087
2 2880 2882
2 2880 2884
2 2880 3038
2 2881 2883
2 2881 2885
2 2881 3039
2 2886 2889
2 2886 2890
2 2886 3019
2 2887 2888
2 2887 2890
2 2887 3014
2 2889 3016
2 2889 3017
2 2889 3018
2 2890 3682
2 2891 2894
2 2891 2895
2 2891 2959
2 2892 2893
2 2892 2895
2 2892 2954
2 2894 2956
2 2894 2957
2 2894 2958
2 2895 3807
2 2896 2902
2 2896 2910
2 2896 2964
2 2897 2903
2 2897 2911
2 2897 2965
2 2898 2900
2 2898 2910
2 2898 2960
2 2899 2901
2 2899 2911
2 2899 2961
2 2902 2904
2 2902 2906
2 2902 2908
2 2903 2905
2 2903 2907
2 2903 2909
2 2912 2924
2 2912 2928
2 2912 2986
2 2913 2925
2 2913 2929
2 2913 2987
2 2914 2926
2 2914 2930
2 2914 2988
2 2915 2927
2 2915 2931
2 2915 2989
2 2916 2920
2 2916 2928
2 2916 2966
2 2917 2921
2 2917 2929
2 2917 2967
2 2918 2922
2 2918 2930
2 2918 2968
2 2919 2923
2 2919 2931
2 2919 2969
2 2924 2974
2 2924 2978
2 2924 2982
2 2925 2975
2 2925 2979
2 2925 2983
2 2926 2976
2 2926 2980
2 2926 2984
2 2927 2977
2 2927 2981
2 2927 2985
2 2932 2938
2 2932 2946
2 2932 2952
2 2933 2939
2 2933 2947
2 2933 2953
2 2934 2936
2 2934 2946
2 2934 2948
2 2935 2937
2 2935 2947
2 2935 2949
2 2938 2940
2 2938 2942
2 2938 2944
2 2939 2941
2 2939 2943
2 2939 2945
2 2948 2950
2 2948 2952
2 2949 2951
2 2949 2953
2 2954 2955
2 2954 2959
2 2960 2962
2 2960 2964
2 2961 2963
2 2961 2965
2 2964 3820
2 2965 3821
2 2966 2970
2 2966 2986
2 2967 2971
2 2967 2987
2 2968 2972
2 2968 2988
2 2969 2973
2 2969 2989
2 2990 2994
2 2990 3010
2 2991 2995
2 2991 3011
2 2992 2996
2 2992 3012
2 2993 2997
2 2993 3013
2 3014 3015
2 3014 3019
2 3020 3024
2 3020 3028
2 3021 3025
2 3021 3029
2 3022 3026
2 3022 3030
2 3023 3027
2 3023 3031
2 3032 3034
2 3032 3036
2 3033 3035
2 3033 3037
2 3038 3040
2 3038 3042
2 3039 3041
2 3039 3043
2 3044 3046
2 3044 3048
2 3045 3047
2 3045 3049
2 3050 3052
2 3050 3054
2 3051 3053
2 3051 3055
2 3056 3057
2 3056 3058
2 3059 3061
2 3059 3063
2 3060 3062
2 3060 3064
2 3065 3067
2 3065 3069
2 3066 3068
2 3066 3070
2 3071 3075
2 3071 3079
2 3072 3076
2 3072 3080
2 3073 3077
2 3073 3081
2 3074 3078
2 3074 3082
2 3083 3084
2 3083 3085
2 3086 3088
2 3086 3090
2 3087 3089
2 3087 3091
2 3092 3093
2 3092 3094
2 3095 3096
2 3095 3097
2 3098 3100
2 3098 3102
2 3099 3101
2 3099 3103
2 3104 3106
2 3104 3108
2 3105 3107
2 3105 3109
2 3110 3112
2 3110 3114
2 3111 3113
2 3111 3115
2 3116 3117
2 3116 3118
2 3119 3120
2 3119 3121
2 3122 3577
2 3123 3125
2 3123 3127
2 3123 3308
2 3124 3126
2 3124 3128
2 3124 3309
2 3129 3145
2 3129 3338
2 3130 3628
2 3131 3133
2 3131 3137
2 3131 3264
2 3132 3135
2 3132 3138
2 3132 3265
2 3139 3159
2 3139 3353
2 3140 3354
2 3141 3592
2 3142 3593
2 3143 3144
2 3143 3145
2 3143 3314
2 3146 3151
2 3147 3152
2 3148 3149
2 3148 3159
2 3148 3305
2 3151 3153
2 3151 3155
2 3151 3157
2 3152 3154
2 3152 3156
2 3152 3158
2 3160 3165
2 3161 3166
2 3162 3163
2 3162 3167
2 3162 3281
2 3165 3283
2 3165 3285
2 3165 3287
2 3166 3284
2 3166 3286
2 3166 3288
2 3167 3168
2 3168 3377
2 3169 3378
2 3170 3610
2 3171 3611
2 3172 3173
2 3172 3174
2 3172 3291
2 3174 3175
2 3175 3382
2 3176 3183
2 3177 3179
2 3177 3187
2 3177 3295
2 3178 3181
2 3178 3188
2 3178 3296
2 3183 3184
2 3183 3185
2 3183 3186
2 3189 3586
2 3190 3192
2 3190 3194
2 3190 3274
2 3191 3193
2 3191 3195
2 3191 3275
2 3196 3631
2 3196 3718
2 3196 3768
2 3197 3632
2 3197 3719
2 3197 3769
2 3198 3200
2 3198 3201
2 3198 3251
2 3201 3711
2 3201 3721
2 3202 3561
2 3202 4046
2 3203 3562
2 3203 4047
2 3204 3249
2 3204 3563
2 3204 3718
2 3204 4048
2 3205 3250
2 3205 3564
2 3205 3719
2 3205 4049
2 3206 3211
2 3206 3734
2 3206 3772
2 3207 3209
2 3207 3215
2 3207 3254
2 3208 3210
2 3208 3216
2 3208 3255
2 3211 3212
2 3211 3213
2 3211 3214
2 3215 3217
2 3215 3722
2 3216 3218
2 3216 3723
2 3217 3542
2 3217 3768
2 3217 4024
2 3218 3543
2 3218 3769
2 3218 4025
2 3219 3598
2 3219 3741
2 3219 3779
2 3220 3599
2 3220 3742
2 3220 3780
2 3221 3222
2 3221 3223
2 3221 3260
2 3223 3736
2 3223 3743
2 3224 3258
2 3224 3569
2 3224 3741
2 3224 4057
2 3225 3259
2 3225 3570
2 3225 3742
2 3225 4058
2 3226 3233
2 3226 3757
2 3226 3763
2 3227 3231
2 3227 3237
2 3227 3243
2 3228 3232
2 3228 3238
2 3228 3244
2 3233 3234
2 3233 3235
2 3233 3236
2 3237 3241
2 3237 3744
2 3238 3242
2 3238 3745
2 3239 3528
2 3239 4067
2 3240 3529
2 3240 4068
2 3241 3530
2 3241 3779
2 3241 4069
2 3242 3531
2 3242 3780
2 3242 4070
2 3243 3247
2 3243 3249
2 3244 3248
2 3244 3250
2 3249 3744
2 3250 3745
2 3251 3252
2 3251 3253
2 3253 3711
2 3253 3735
2 3254 3256
2 3254 3258
2 3255 3257
2 3255 3259
2 3258 3722
2 3259 3723
2 3260 3262
2 3260 3263
2 3263 3736
2 3263 3759
2 3264 3267
2 3264 3270
2 3265 3269
2 3265 3271
2 3272 3476
2 3273 3294
2 3273 3477
2 3274 3276
2 3274 3278
2 3275 3277
2 3275 3279
2 3280 3307
2 3280 3462
2 3281 3282
2 3281 3289
2 3289 3290
2 3290 3465
2 3291 3293
2 3291 3294
2 3295 3299
2 3295 3301
2 3296 3300
2 3296 3302
2 3303 3453
2 3304 3317
2 3304 3454
2 3305 3306
2 3305 3307
2 3308 3310
2 3308 3312
2 3309 3311
2 3309 3313
2 3314 3316
2 3314 3317
2 3318 3330
2 3318 3561
2 3318 3616
2 3319 3331
2 3319 3562
2 3319 3617
2 3320 3332
2 3320 3563
2 3320 3618
2 3321 3333
2 3321 3564
2 3321 3619
2 3322 3326
2 3322 3330
2 3322 3553
2 3323 3327
2 3323 3331
2 3323 3554
2 3324 3328
2 3324 3332
2 3324 3555
2 3325 3329
2 3325 3333
2 3325 3556
2 3334 3337
2 3334 3338
2 3334 3507
2 3335 3336
2 3335 3338
2 3335 3502
2 3337 3504
2 3337 3505
2 3337 3506
2 3339 3345
2 3339 3353
2 3339 3569
2 3340 3346
2 3340 3354
2 3340 3570
2 3341 3343
2 3341 3353
2 3341 3565
2 3342 3344
2 3342 3354
2 3342 3566
2 3345 3347
2 3345 3349
2 3345 3351
2 3346 3348
2 3346 3350
2 3346 3352
2 3355 3361
2 3355 3551
2 3355 3571
2 3356 3362
2 3356 3552
2 3356 3572
2 3357 3359
2 3357 3361
2 3357 3547
2 3358 3360
2 3358 3362
2 3358 3548
2 3363 3369
2 3363 3536
2 3363 3580
2 3364 3370
2 3364 3537
2 3364 3581
2 3365 3367
2 3365 3369
2 3365 3532
2 3366 3368
2 3366 3370
2 3366 3533
2 3371 3377
2 3371 3542
2 3371 3604
2 3372 3378
2 3372 3543
2 3372 3605
2 3373 3375
2 3373 3377
2 3373 3538
2 3374 3376
2 3374 3378
2 3374 3539
2 3379 3382
2 3379 3546
2 3379 3589
2 3380 3381
2 3380 3382
2 3380 3544
2 3383 3395
2 3383 3399
2 3383 3528
2 3384 3396
2 3384 3400
2 3384 3529
2 3385 3397
2 3385 3401
2 3385 3530
2 3386 3398
2 3386 3402
2 3386 3531
2 3387 3391
2 3387 3399
2 3387 3508
2 3388 3392
2 3388 3400
2 3388 3509
2 3389 3393
2 3389 3401
2 3389 3510
2 3390 3394
2 3390 3402
2 3390 3511
2 3395 3516
2 3395 3520
2 3395 3524
2 3396 3517
2 3396 3521
2 3396 3525
2 3397 3518
2 3397 3522
2 3397 3526
2 3398 3519
2 3398 3523
2 3398 3527
2 3403 3409
2 3403 3411
2 3403 3476
2 3404 3410
2 3404 3412
2 3404 3477
2 3405 3407
2 3405 3411
2 3405 3466
2 3406 3408
2 3406 3412
2 3406 3467
2 3409 3470
2 3409 3472
2 3409 3474
2 3410 3471
2 3410 3473
2 3410 3475
2 3413 3425
2 3413 3441
2 3413 3486
2 3414 3426
2 3414 3442
2 3414 3487
2 3415 3427
2 3415 3443
2 3415 3488
2 3416 3428
2 3416 3444
2 3416 3489
2 3417 3421
2 3417 3441
2 3417 3478
2 3418 3422
2 3418 3442
2 3418 3479
2 3419 3423
2 3419 3443
2 3419 3480
2 3420 3424
2 3420 3444
2 3420 3481
2 3425 3429
2 3425 3433
2 3425 3437
2 3426 3430
2 3426 3434
2 3426 3438
2 3427 3431
2 3427 3435
2 3427 3439
2 3428 3432
2 3428 3436
2 3428 3440
2 3445 3451
2 3445 3453
2 3445 3500
2 3446 3452
2 3446 3454
2 3446 3501
2 3447 3449
2 3447 3453
2 3447 3490
2 3448 3450
2 3448 3454
2 3448 3491
2 3451 3494
2 3451 3496
2 3451 3498
2 3452 3495
2 3452 3497
2 3452 3499
2 3455 3458
2 3455 3462
2 3455 3465
2 3456 3457
2 3456 3462
2 3456 3463
2 3458 3459
2 3458 3460
2 3458 3461
2 3463 3464
2 3463 3465
2 3466 3468
2 3466 3476
2 3467 3469
2 3467 3477
2 3478 3482
2 3478 3486
2 3479 3483
2 3479 3487
2 3480 3484
2 3480 3488
2 3481 3485
2 3481 3489
2 3490 3492
2 3490 3500
2 3491 3493
2 3491 3501
2 3502 3503
2 3502 3507
2 3507 3735
2 3508 3512
2 3508 3528
2 3509 3513
2 3509 3529
2 3510 3514
2 3510 3530
2 3511 3515
2 3511 3531
2 3532 3534
2 3532 3536
2 3533 3535
2 3533 3537
2 3536 3720
2 3537 3721
2 3538 3540
2 3538 3542
2 3539 3541
2 3539 3543
2 3544 3545
2 3544 3546
2 3546 3743
2 3547 3549
2 3547 3551
2 3548 3550
2 3548 3552
2 3551 3758
2 3552 3759
2 3553 3557
2 3553 3561
2 3554 3558
2 3554 3562
2 3555 3559
2 3555 3563
2 3556 3560
2 3556 3564
2 3565 3567
2 3565 3569
2 3566 3568
2 3566 3570
2 3571 3573
2 3571 3575
2 3572 3574
2 3572 3576
2 3577 3578
2 3577 3579
2 3580 3582
2 3580 3584
2 3581 3583
2 3581 3585
2 3586 3587
2 3586 3588
2 3589 3590
2 3589 3591
2 3592 3594
2 3592 3596
2 3593 3595
2 3593 3597
2 3598 3600
2 3598 3602
2 3599 3601
2 3599 3603
2 3604 3606
2 3604 3608
2 3605 3607
2 3605 3609
2 3610 3612
2 3610 3614
2 3611 3613
2 3611 3615
2 3616 3620
2 3616 3624
2 3617 3621
2 3617 3625
2 3618 3622
2 3618 3626
2 3619 3623
2 3619 3627
2 3628 3629
2 3628 3630
2 3631 3633
2 3631 3635
2 3632 3634
2 3632 3636
2 3637 4092
2 3638 3641
2 3638 3644
2 3638 3825
2 3639 3643
2 3639 3645
2 3639 3826
2 3646 3851
2 3647 3661
2 3647 3852
2 3648 4140
2 3649 3651
2 3649 3653
2 3649 3781
2 3650 3652
2 3650 3654
2 3650 3782
2 3655 3674
2 3655 3860
2 3656 4116
2 3657 4117
2 3658 3660
2 3658 3661
2 3658 3831
2 3662 3666
2 3663 3667
2 3664 3665
2 3664 3674
2 3664 3822
2 3666 3668
2 3666 3670
2 3666 3672
2 3667 3669
2 3667 3671
2 3667 3673
2 3675 3679
2 3676 3680
2 3677 3678
2 3677 3681
2 3677 3798
2 3679 3800
2 3679 3802
2 3679 3804
2 3680 3801
2 3680 3803
2 3680 3805
2 3681 3682
2 3682 3896
2 3683 4128
2 3684 4129
2 3685 3687
2 3685 3688
2 3685 3808
2 3688 3690
2 3689 3903
2 3690 3904
2 3691 3696
2 3692 3694
2 3692 3700
2 3692 3812
2 3693 3695
2 3693 3701
2 3693 3813
2 3696 3697
2 3696 3698
2 3696 3699
2 3702 4107
2 3703 3706
2 3703 3709
2 3703 3791
2 3704 3708
2 3704 3710
2 3704 3792
2 3711 4143
2 3712 3716
2 3712 3718
2 3712 3764
2 3713 3717
2 3713 3719
2 3713 3765
2 3720 4075
2 3721 3763
2 3721 4076
2 3722 3726
2 3723 3727
2 3724 3725
2 3724 3734
2 3724 3770
2 3726 3728
2 3726 3730
2 3726 3732
2 3727 3729
2 3727 3731
2 3727 3733
2 3734 3735
2 3735 4052
2 3736 4122
2 3737 3739
2 3737 3741
2 3737 3773
2 3738 3740
2 3738 3742
2 3738 3774
2 3743 3772
2 3743 4079
2 3744 3749
2 3745 3750
2 3746 3748
2 3746 3757
2 3746 3760
2 3749 3751
2 3749 3753
2 3749 3755
2 3750 3752
2 3750 3754
2 3750 3756
2 3757 3759
2 3758 4036
2 3759 4037
2 3760 3762
2 3760 3763
2 3764 3766
2 3764 3768
2 3765 3767
2 3765 3769
2 3770 3771
2 3770 3772
2 3773 3777
2 3773 3779
2 3774 3778
2 3774 3780
2 3781 3784
2 3781 3787
2 3782 3786
2 3782 3788
2 3789 3988
2 3790 3811
2 3790 3989
2 3791 3793
2 3791 3795
2 3792 3794
2 3792 3796
2 3797 3824
2 3797 3974
2 3798 3799
2 3798 3806
2 3806 3807
2 3807 3977
2 3808 3810
2 3808 3811
2 3812 3816
2 3812 3818
2 3813 3817
2 3813 3819
2 3820 3965
2 3821 3834
2 3821 3966
2 3822 3823
2 3822 3824
2 3825 3827
2 3825 3829
2 3826 3828
2 3826 3830
2 3831 3833
2 3831 3834
2 3835 3841
2 3835 4075
2 3835 4134
2 3836 3842
2 3836 4076
2 3836 4135
2 3837 3839
2 3837 3841
2 3837 4071
2 3838 3840
2 3838 3842
2 3838 4072
2 3843 3849
2 3843 3851
2 3843 4024
2 3844 3850
2 3844 3852
2 3844 4025
2 3845 3847
2 3845 3851
2 3845 4014
2 3846 3848
2 3846 3852
2 3846 4015
2 3849 4018
2 3849 4020
2 3849 4022
2 3850 4019
2 3850 4021
2 3850 4023
2 3853 3856
2 3853 3860
2 3853 4079
2 3854 3855
2 3854 3860
2 3854 4077
2 3856 3857
2 3856 3858
2 3856 3859
2 3861 3873
2 3861 4067
2 3861 4080
2 3862 3874
2 3862 4068
2 3862 4081
2 3863 3875
2 3863 4069
2 3863 4082
2 3864 3876
2 3864 4070
2 3864 4083
2 3865 3869
2 3865 3873
2 3865 4059
2 3866 3870
2 3866 3874
2 3866 4060
2 3867 3871
2 3867 3875
2 3867 4061
2 3868 3872
2 3868 3876
2 3868 4062
2 3877 3889
2 3877 4046
2 3877 4095
2 3878 3890
2 3878 4047
2 3878 4096
2 3879 3891
2 3879 4048
2 3879 4097
2 3880 3892
2 3880 4049
2 3880 4098
2 3881 3885
2 3881 3889
2 3881 4038
2 3882 3886
2 3882 3890
2 3882 4039
2 3883 3887
2 3883 3891
2 3883 4040
2 3884 3888
2 3884 3892
2 3884 4041
2 3893 3896
2 3893 4052
2 3893 4125
2 3894 3895
2 3894 3896
2 3894 4050
2 3897 3903
2 3897 4057
2 3897 4110
2 3898 3904
2 3898 4058
2 3898 4111
2 3899 3901
2 3899 3903
2 3899 4053
2 3900 3902
2 3900 3904
2 3900 4054
2 3905 3911
2 3905 3913
2 3905 4036
2 3906 3912
2 3906 3914
2 3906 4037
2 3907 3909
2 3907 3913
2 3907 4026
2 3908 3910
2 3908 3914
2 3908 4027
2 3911 4030
2 3911 4032
2 3911 4034
2 3912 4031
2 3912 4033
2 3912 4035
2 3915 3921
2 3915 3923
2 3915 3988
2 3916 3922
2 3916 3924
2 3916 3989
2 3917 3919
2 3917 3923
2 3917 3978
2 3918 3920
2 3918 3924
2 3918 3979
2 3921 3982
2 3921 3984
2 3921 3986
2 3922 3983
2 3922 3985
2 3922 3987
2 3925 3937
2 3925 3953
2 3925 3998
2 3926 3938
2 3926 3954
2 3926 3999
2 3927 3939
2 3927 3955
2 3927 4000
2 3928 3940
2 3928 3956
2 3928 4001
2 3929 3933
2 3929 3953
2 3929 3990
2 3930 3934
2 3930 3954
2 3930 3991
2 3931 3935
2 3931 3955
2 3931 3992
2 3932 3936
2 3932 3956
2 3932 3993
2 3937 3941
2 3937 3945
2 3937 3949
2 3938 3942
2 3938 3946
2 3938 3950
2 3939 3943
2 3939 3947
2 3939 3951
2 3940 3944
2 3940 3948
2 3940 3952
2 3957 3963
2 3957 3965
2 3957 4012
2 3958 3964
2 3958 3966
2 3958 4013
2 3959 3961
2 3959 3965
2 3959 4002
2 3960 3962
2 3960 3966
2 3960 4003
2 3963 4006
2 3963 4008
2 3963 4010
2 3964 4007
2 3964 4009
2 3964 4011
2 3967 3970
2 3967 3974
2 3967 3977
2 3968 3969
2 3968 3974
2 3968 3975
2 3970 3971
2 3970 3972
2 3970 3973
2 3975 3976
2 3975 3977
2 3978 3980
2 3978 3988
2 3979 3981
2 3979 3989
2 3990 3994
2 3990 3998
2 3991 3995
2 3991 3999
2 3992 3996
2 3992 4000
2 3993 3997
2 3993 4001
2 4002 4004
2 4002 4012
2 4003 4005
2 4003 4013
2 4014 4016
2 4014 4024
2 4015 4017
2 4015 4025
2 4026 4028
2 4026 4036
2 4027 4029
2 4027 4037
2 4038 4042
2 4038 4046
2 4039 4043
2 4039 4047
2 4040 4044
2 4040 4048
2 4041 4045
2 4041 4049
2 4050 4051
2 4050 4052
2 4053 4055
2 4053 4057
2 4054 4056
2 4054 4058
2 4059 4063
2 4059 4067
2 4060 4064
2 4060 4068
2 4061 4065
2 4061 4069
2 4062 4066
2 4062 4070
2 4071 4073
2 4071 4075
2 4072 4074
2 4072 4076
2 4077 4078
2 4077 4079
2 4080 4084
2 4080 4088
2 4081 4085
2 4081 4089
2 4082 4086
2 4082 4090
2 4083 4087
2 4083 4091
2 4092 4093
2 4092 4094
2 4095 4099
2 4095 4103
2 4096 4100
2 4096 4104
2 4097 4101
2 4097 4105
2 4098 4102
2 4098 4106
2 4107 4108
2 4107 4109
2 4110 4112
2 4110 4114
2 4111 4113
2 4111 4115
2 4116 4118
2 4116 4120
2 4117 4119
2 4117 4121
2 4122 4123
2 4122 4124
2 4125 4126
2 4125 4127
2 4128 4130
2 4128 4132
2 4129 4131
2 4129 4133
2 4134 4136
2 4134 4138
2 4135 4137
2 4135 4139
2 4140 4141
2 4140 4142
2 4143 4144
2 4143 4145
