# vtk DataFile Version 1.0
Cube
ASCII

DATASET POLYDATA
POINTS 3430 float
4.035294 12.490743 3.469523
-6.902258 12.490743 30.628217
4.873010 7.633232 1.305654
-6.064542 7.633232 28.464348
3.553113 7.152630 1.201093
-7.384439 7.152630 28.359787
31.664713 7.152630 1.201093
20.727161 7.152630 28.359787
3.305805 5.764770 1.220104
-7.631747 5.764770 28.378798
31.417405 5.764770 1.220104
20.479853 5.764770 28.378798
4.379644 4.857511 1.342318
-6.557908 4.857511 28.501013
5.700518 5.340565 1.446200
-5.237034 5.340565 28.604895
5.946849 6.728425 1.427868
-4.990703 6.728425 28.586562
5.102777 9.128982 1.537861
-5.834775 9.128982 28.696555
4.193016 10.119610 1.332813
-6.744536 10.119610 28.491507
-0.776890 9.700310 1.986658
-11.714442 9.700310 29.145353
27.334710 9.700310 1.986658
16.397158 9.700310 29.145353
4.126646 3.369117 1.106717
-6.810905 3.369117 28.265411
4.126646 27.889617 1.106717
-6.810905 27.889617 28.265411
2.922597 2.741392 1.178687
-8.014955 2.741392 28.337381
2.922597 27.261892 1.178687
-8.014955 27.261892 28.337381
31.034197 2.741392 1.178687
20.096645 2.741392 28.337381
31.034197 27.261892 1.178687
20.096645 27.261892 28.337381
5.065362 2.437338 0.789639
-5.872190 2.437338 27.948333
5.065362 26.957838 0.789639
-5.872190 26.957838 27.948333
2.268909 5.438671 1.137386
-8.668643 5.438671 28.296080
30.380509 5.438671 1.137386
19.442957 5.438671 28.296080
-0.065403 7.110185 1.501570
-11.002954 7.110185 28.660264
28.046197 7.110185 1.501570
17.108646 7.110185 28.660264
3.156609 10.008067 1.094095
-7.780943 10.008067 28.252789
31.268209 10.008067 1.094095
20.330657 10.008067 28.252789
0.199105 9.189965 2.083785
-10.738447 9.189965 29.242479
28.310705 9.189965 2.083785
17.373153 9.189965 29.242479
1.936164 3.255317 1.407459
-9.001388 3.255317 28.566153
1.936164 27.775817 1.407459
-9.001388 27.775817 28.566153
30.047764 3.255317 1.407459
19.110212 3.255317 28.566153
30.047764 27.775817 1.407459
19.110212 27.775817 28.566153
6.097685 2.637915 0.685472
-4.839867 2.637915 27.844166
6.097685 27.158415 0.685472
-4.839867 27.158415 27.844166
-0.321946 4.494608 1.560267
-11.259498 4.494608 28.718961
27.789654 4.494608 1.560267
16.852102 4.494608 28.718961
2.524173 8.018204 1.084311
-8.413379 8.018204 28.243005
30.635773 8.018204 1.084311
19.698221 8.018204 28.243005
4.734782 11.284334 1.772784
-6.202770 11.284334 28.931478
6.060780 11.046485 2.031470
-4.876772 11.046485 29.190164
3.095365 1.451614 0.782849
-7.842187 1.451614 27.941543
3.095365 25.972114 0.782849
-7.842187 25.972114 27.941543
31.206965 1.451614 0.782849
20.269413 1.451614 27.941543
31.206965 25.972114 0.782849
20.269413 25.972114 27.941543
4.446379 1.230929 0.693226
-6.491173 1.230929 27.851920
4.446379 25.751429 0.693226
-6.491173 25.751429 27.851920
-1.108976 0.230493 6.714987
-1.108976 24.750993 6.714987
27.002624 0.230493 6.714987
27.002624 24.750993 6.714987
0.787696 19.893482 2.089183
-10.149856 19.893482 29.247877
28.899296 19.893482 2.089183
17.961744 19.893482 29.247877
2.107593 19.412880 2.193744
-8.829958 19.412880 29.352438
30.219193 19.412880 2.193744
19.281642 19.412880 29.352438
2.354901 18.025020 2.174732
-8.582651 18.025020 29.333426
30.466501 18.025020 2.174732
19.528949 18.025020 29.333426
1.281062 17.117761 2.052518
-9.656490 17.117761 29.211212
29.392662 17.117761 2.052518
18.455110 17.117761 29.211212
-0.039812 17.600815 1.948636
-10.977364 17.600815 29.107330
28.071788 17.600815 1.948636
17.134236 17.600815 29.107330
-0.286143 18.988675 1.966968
-11.223695 18.988675 29.125662
27.825457 18.988675 1.966968
16.887905 18.988675 29.125662
0.557929 -3.131268 1.856976
-10.379623 -3.131268 29.015670
0.557929 21.389232 1.856976
-10.379623 21.389232 29.015670
28.669529 -3.131268 1.856976
17.731977 -3.131268 29.015670
28.669529 21.389232 1.856976
17.731977 21.389232 29.015670
1.467690 -2.140640 2.062024
-9.469862 -2.140640 29.220718
1.467690 22.379860 2.062024
-9.469862 22.379860 29.220718
29.579290 -2.140640 2.062024
18.641738 -2.140640 29.220718
29.579290 22.379860 2.062024
18.641738 22.379860 29.220718
6.437596 -2.559940 1.408178
-4.499956 -2.559940 28.566872
6.437596 21.960560 1.408178
-4.499956 21.960560 28.566872
1.534060 15.629367 2.288120
-9.403492 15.629367 29.446814
29.645660 15.629367 2.288120
18.708108 15.629367 29.446814
2.738109 15.001642 2.216149
-8.199443 15.001642 29.374844
30.849709 15.001642 2.216149
19.912157 15.001642 29.374844
0.595344 14.697588 2.605198
-10.342208 14.697588 29.763892
28.706944 14.697588 2.605198
17.769392 14.697588 29.763892
3.391797 17.698921 2.257451
-7.545755 17.698921 29.416145
5.726109 19.370435 1.893267
-5.211443 19.370435 29.051961
2.504097 -2.252183 2.300742
-8.433455 -2.252183 29.459436
2.504097 22.268317 2.300742
-8.433455 22.268317 29.459436
30.615697 -2.252183 2.300742
19.678145 -2.252183 29.459436
30.615697 22.268317 2.300742
19.678145 22.268317 29.459436
5.461601 -3.070285 1.311052
-5.475951 -3.070285 28.469746
5.461601 21.450215 1.311052
-5.475951 21.450215 28.469746
3.724542 15.515567 1.987378
-7.213010 15.515567 29.146072
-0.436979 14.898165 2.709365
-11.374531 14.898165 29.868059
27.674621 14.898165 2.709365
16.737069 14.898165 29.868059
5.982652 16.754858 1.834570
-4.954900 16.754858 28.993264
3.136533 20.278454 2.310526
-7.801018 20.278454 29.469220
31.248133 20.278454 2.310526
20.310582 20.278454 29.469220
0.925924 -0.975916 1.622053
-10.011628 -0.975916 28.780747
0.925924 23.544584 1.622053
-10.011628 23.544584 28.780747
29.037524 -0.975916 1.622053
18.099972 -0.975916 28.780747
29.037524 23.544584 1.622053
18.099972 23.544584 28.780747
-0.400074 -1.213765 1.363366
-11.337626 -1.213765 28.522061
-0.400074 23.306735 1.363366
-11.337626 23.306735 28.522061
27.711526 -1.213765 1.363366
16.773974 -1.213765 28.522061
27.711526 23.306735 1.363366
16.773974 23.306735 28.522061
2.565341 13.711864 2.611987
-8.372211 13.711864 29.770681
30.676941 13.711864 2.611987
19.739389 13.711864 29.770681
1.214327 13.491179 2.701611
-9.723225 13.491179 29.860305
29.325927 13.491179 2.701611
18.388375 13.491179 29.860305
0.258218 12.029757 3.320150
-10.679334 12.029757 30.478844
28.369818 12.029757 3.320150
17.432266 12.029757 30.478844
-0.579498 16.887268 5.484019
27.532102 16.887268 5.484019
0.740399 17.367870 5.588580
28.851999 17.367870 5.588580
0.987707 18.755730 5.569569
29.099307 18.755730 5.569569
-0.086132 19.662989 5.447355
28.025468 19.662989 5.447355
-1.407006 19.179935 5.343473
26.704594 19.179935 5.343473
-1.653337 17.792075 5.361805
26.458263 17.792075 5.361805
-0.809265 15.391518 5.251812
27.302335 15.391518 5.251812
0.100496 14.400890 5.456861
28.212096 14.400890 5.456861
5.070402 14.820190 4.803015
0.166866 -3.369117 5.682957
0.166866 21.151383 5.682957
28.278466 -3.369117 5.682957
28.278466 21.151383 5.682957
1.370915 -2.741392 5.610986
1.370915 21.779108 5.610986
29.482515 -2.741392 5.610986
29.482515 21.779108 5.610986
-0.771850 -2.437338 6.000034
-0.771850 22.083162 6.000034
27.339750 -2.437338 6.000034
27.339750 22.083162 6.000034
2.024603 19.081829 5.652288
4.358915 17.410315 5.288103
1.136903 14.512433 5.695579
29.248503 14.512433 5.695579
4.094407 15.330535 4.705889
2.357348 -3.255317 5.382215
2.357348 21.265183 5.382215
-1.804173 -2.637915 6.104202
-1.804173 21.882585 6.104202
26.307427 -2.637915 6.104202
26.307427 21.882585 6.104202
4.615458 20.025892 5.229407
1.769340 16.502296 5.705363
29.880940 16.502296 5.705363
-0.441270 13.236166 5.016890
27.670330 13.236166 5.016890
-1.767268 13.474015 4.758203
26.344332 13.474015 4.758203
1.198147 -1.451614 6.006824
1.198147 23.068886 6.006824
29.309747 -1.451614 6.006824
29.309747 23.068886 6.006824
-0.152867 -1.230929 6.096448
-0.152867 23.289571 6.096448
27.958733 -1.230929 6.096448
27.958733 23.289571 6.096448
5.402488 -0.230493 0.074686
-5.535064 -0.230493 27.233380
5.402488 24.290007 0.074686
-5.535064 24.290007 27.233380
3.505816 4.627018 4.700491
2.185919 5.107620 4.595930
30.297519 5.107620 4.595930
1.938611 6.495480 4.614941
30.050211 6.495480 4.614941
3.012450 7.402739 4.737155
4.333324 6.919685 4.841037
4.579655 5.531825 4.822705
3.735583 3.131268 4.932698
3.735583 27.651768 4.932698
2.825822 2.140640 4.727650
2.825822 26.661140 4.727650
-2.144084 2.559940 5.381495
-2.144084 27.080440 5.381495
25.967516 2.559940 5.381495
25.967516 27.080440 5.381495
2.759453 8.891133 4.501554
1.555403 9.518858 4.573524
29.667003 9.518858 4.573524
3.698168 9.822912 4.184476
0.901715 6.821579 4.532222
29.013315 6.821579 4.532222
-1.432597 5.150065 4.896407
26.679003 5.150065 4.896407
1.789415 2.252183 4.488932
1.789415 26.772683 4.488932
29.901015 2.252183 4.488932
29.901015 26.772683 4.488932
-1.168089 3.070285 5.478622
-1.168089 27.590785 5.478622
26.943511 3.070285 5.478622
26.943511 27.590785 5.478622
0.568970 9.004933 4.802295
28.680570 9.004933 4.802295
4.730491 9.622335 4.080309
-6.207061 9.622335 31.239003
-1.689140 7.765642 4.955104
26.422460 7.765642 4.955104
1.156979 4.242046 4.479148
29.268579 4.242046 4.479148
3.367588 0.975916 5.167621
3.367588 25.496416 5.167621
4.693586 1.213765 5.426307
4.693586 25.734265 5.426307
1.728171 10.808636 4.177686
29.839771 10.808636 4.177686
3.079185 11.029321 4.088062
-7.858367 11.029321 31.246756
1.300906 12.490743 10.259197
2.138622 7.633232 8.095328
0.818725 7.152630 7.990767
28.930325 7.152630 7.990767
0.571417 5.764770 8.009778
28.683017 5.764770 8.009778
1.645256 4.857511 8.131992
2.966130 5.340565 8.235874
3.212461 6.728425 8.217542
2.368389 9.128982 8.327535
1.458628 10.119610 8.122486
-3.511278 9.700310 8.776332
24.600322 9.700310 8.776332
1.392259 3.369117 7.896390
1.392259 27.889617 7.896390
0.188209 2.741392 7.968361
0.188209 27.261892 7.968361
28.299809 2.741392 7.968361
28.299809 27.261892 7.968361
2.330974 2.437338 7.579313
2.330974 26.957838 7.579313
-0.465479 5.438671 7.927059
27.646121 5.438671 7.927059
-2.799791 7.110185 8.291244
25.311809 7.110185 8.291244
0.422221 10.008067 7.883768
28.533821 10.008067 7.883768
-2.535283 9.189965 8.873458
25.576317 9.189965 8.873458
-0.798224 3.255317 8.197132
-0.798224 27.775817 8.197132
27.313376 3.255317 8.197132
27.313376 27.775817 8.197132
3.363297 2.637915 7.475145
3.363297 27.158415 7.475145
-3.056334 4.494608 8.349940
25.055266 4.494608 8.349940
-0.210215 8.018204 7.873984
27.901385 8.018204 7.873984
2.000394 11.284334 8.562457
3.326392 11.046485 8.821144
0.360977 1.451614 7.572523
0.360977 25.972114 7.572523
28.472577 1.451614 7.572523
28.472577 25.972114 7.572523
1.711991 1.230929 7.482899
1.711991 25.751429 7.482899
-3.843364 0.230493 13.504661
-3.843364 24.750993 13.504661
24.268236 0.230493 13.504661
24.268236 24.750993 13.504661
-1.946692 19.893482 8.878856
26.164908 19.893482 8.878856
-0.626795 19.412880 8.983417
27.484805 19.412880 8.983417
-0.379487 18.025020 8.964406
27.732113 18.025020 8.964406
-1.453326 17.117761 8.842192
26.658274 17.117761 8.842192
-2.774200 17.600815 8.738310
25.337400 17.600815 8.738310
-3.020531 18.988675 8.756642
25.091069 18.988675 8.756642
-2.176459 -3.131268 8.646649
-2.176459 21.389232 8.646649
25.935141 -3.131268 8.646649
25.935141 21.389232 8.646649
-1.266698 -2.140640 8.851697
-1.266698 22.379860 8.851697
26.844902 -2.140640 8.851697
26.844902 22.379860 8.851697
3.703208 -2.559940 8.197852
3.703208 21.960560 8.197852
-1.200328 15.629367 9.077793
26.911272 15.629367 9.077793
0.003721 15.001642 9.005823
28.115321 15.001642 9.005823
-2.139044 14.697588 9.394871
25.972556 14.697588 9.394871
0.657409 17.698921 9.047125
2.991721 19.370435 8.682940
-0.230291 -2.252183 9.090415
-0.230291 22.268317 9.090415
27.881309 -2.252183 9.090415
27.881309 22.268317 9.090415
2.727213 -3.070285 8.100726
2.727213 21.450215 8.100726
0.990154 15.515567 8.777052
-3.171367 14.898165 9.499038
24.940233 14.898165 9.499038
3.248264 16.754858 8.624243
0.402146 20.278454 9.100199
28.513746 20.278454 9.100199
-1.808464 -0.975916 8.411727
-1.808464 23.544584 8.411727
26.303136 -0.975916 8.411727
26.303136 23.544584 8.411727
-3.134462 -1.213765 8.153040
-3.134462 23.306735 8.153040
24.977138 -1.213765 8.153040
24.977138 23.306735 8.153040
-0.169047 13.711864 9.401661
27.942553 13.711864 9.401661
-1.520061 13.491179 9.491285
26.591539 13.491179 9.491285
-2.476170 12.029757 10.109824
25.635430 12.029757 10.109824
-3.313886 16.887268 12.273693
24.797714 16.887268 12.273693
-1.993989 17.367870 12.378254
26.117611 17.367870 12.378254
-1.746681 18.755730 12.359243
26.364919 18.755730 12.359243
-2.820520 19.662989 12.237029
25.291080 19.662989 12.237029
-4.141394 19.179935 12.133147
23.970206 19.179935 12.133147
-4.387725 17.792075 12.151479
23.723875 17.792075 12.151479
-3.543653 15.391518 12.041486
24.567947 15.391518 12.041486
-2.633892 14.400890 12.246534
25.477708 14.400890 12.246534
2.336014 14.820190 11.592689
-2.567522 -3.369117 12.472630
-2.567522 21.151383 12.472630
25.544078 -3.369117 12.472630
25.544078 21.151383 12.472630
-1.363473 -2.741392 12.400660
-1.363473 21.779108 12.400660
26.748127 -2.741392 12.400660
26.748127 21.779108 12.400660
-3.506238 -2.437338 12.789708
-3.506238 22.083162 12.789708
24.605362 -2.437338 12.789708
24.605362 22.083162 12.789708
-0.709785 19.081829 12.441961
1.624527 17.410315 12.077777
-1.597485 14.512433 12.485252
26.514115 14.512433 12.485252
1.360019 15.330535 11.495562
-0.377040 -3.255317 12.171888
-0.377040 21.265183 12.171888
-4.538561 -2.637915 12.893875
-4.538561 21.882585 12.893875
23.573039 -2.637915 12.893875
23.573039 21.882585 12.893875
1.881070 20.025892 12.019080
-0.965048 16.502296 12.495036
27.146552 16.502296 12.495036
-3.175658 13.236166 11.806563
24.935942 13.236166 11.806563
-4.501656 13.474015 11.547877
23.609944 13.474015 11.547877
-1.536241 -1.451614 12.796498
-1.536241 23.068886 12.796498
26.575359 -1.451614 12.796498
26.575359 23.068886 12.796498
-2.887255 -1.230929 12.886121
-2.887255 23.289571 12.886121
25.224345 -1.230929 12.886121
25.224345 23.289571 12.886121
2.668100 -0.230493 6.864360
2.668100 24.290007 6.864360
0.771428 4.627018 11.490164
-0.548469 5.107620 11.385604
27.563131 5.107620 11.385604
-0.795777 6.495480 11.404615
27.315823 6.495480 11.404615
0.278062 7.402739 11.526829
1.598936 6.919685 11.630711
1.845267 5.531825 11.612379
1.001195 3.131268 11.722371
1.001195 27.651768 11.722371
0.091434 2.140640 11.517323
0.091434 26.661140 11.517323
-4.878472 2.559940 12.171169
-4.878472 27.080440 12.171169
23.233128 2.559940 12.171169
23.233128 27.080440 12.171169
0.025065 8.891133 11.291227
-1.178985 9.518858 11.363198
26.932615 9.518858 11.363198
0.963780 9.822912 10.974149
-1.832673 6.821579 11.321896
26.278927 6.821579 11.321896
-4.166985 5.150065 11.686081
23.944615 5.150065 11.686081
-0.944973 2.252183 11.278605
-0.944973 26.772683 11.278605
27.166627 2.252183 11.278605
27.166627 26.772683 11.278605
-3.902477 3.070285 12.268295
-3.902477 27.590785 12.268295
24.209123 3.070285 12.268295
24.209123 27.590785 12.268295
-2.165418 9.004933 11.591969
25.946182 9.004933 11.591969
1.996103 9.622335 10.869982
-4.423528 7.765642 11.744777
23.688072 7.765642 11.744777
-1.577409 4.242047 11.268821
26.534191 4.242047 11.268821
0.633200 0.975916 11.957294
0.633200 25.496416 11.957294
1.959198 1.213765 12.215981
1.959198 25.734265 12.215981
-1.006217 10.808636 10.967360
27.105383 10.808636 10.967360
0.344797 11.029321 10.877736
-1.433482 12.490743 17.048870
-0.595766 7.633232 14.885001
-1.915663 7.152630 14.780440
26.195937 7.152630 14.780440
-2.162971 5.764770 14.799451
25.948629 5.764770 14.799451
-1.089132 4.857511 14.921665
0.231742 5.340565 15.025547
0.478073 6.728425 15.007215
-0.365999 9.128982 15.117208
-1.275760 10.119610 14.912160
-6.245666 9.700310 15.566006
21.865934 9.700310 15.566006
-1.342129 3.369117 14.686064
-1.342129 27.889617 14.686064
-2.546179 2.741392 14.758034
-2.546179 27.261892 14.758034
25.565421 2.741392 14.758034
25.565421 27.261892 14.758034
-0.403414 2.437338 14.368986
-0.403414 26.957838 14.368986
-3.199867 5.438671 14.716733
24.911733 5.438671 14.716733
-5.534179 7.110185 15.080917
22.577421 7.110185 15.080917
-2.312167 10.008067 14.673442
25.799433 10.008067 14.673442
-5.269671 9.189965 15.663132
22.841929 9.189965 15.663132
-3.532612 3.255317 14.986806
-3.532612 27.775817 14.986806
24.578988 3.255317 14.986806
24.578988 27.775817 14.986806
0.628909 2.637915 14.264819
0.628909 27.158415 14.264819
-5.790722 4.494608 15.139614
22.320878 4.494608 15.139614
-2.944603 8.018204 14.663658
25.166997 8.018204 14.663658
-0.733994 11.284334 15.352131
0.592004 11.046485 15.610817
-2.373411 1.451614 14.362196
-2.373411 25.972114 14.362196
25.738189 1.451614 14.362196
25.738189 25.972114 14.362196
-1.022397 1.230929 14.272573
-1.022397 25.751429 14.272573
-6.577752 0.230493 20.294334
-6.577752 24.750993 20.294334
21.533848 0.230493 20.294334
21.533848 24.750993 20.294334
-4.681080 19.893482 15.668530
23.430520 19.893482 15.668530
-3.361183 19.412880 15.773091
24.750417 19.412880 15.773091
-3.113875 18.025020 15.754079
24.997725 18.025020 15.754079
-4.187714 17.117761 15.631865
23.923886 17.117761 15.631865
-5.508588 17.600815 15.527983
22.603012 17.600815 15.527983
-5.754919 18.988675 15.546315
22.356681 18.988675 15.546315
-4.910847 -3.131268 15.436323
-4.910847 21.389232 15.436323
23.200753 -3.131268 15.436323
23.200753 21.389232 15.436323
-4.001086 -2.140640 15.641371
-4.001086 22.379860 15.641371
24.110514 -2.140640 15.641371
24.110514 22.379860 15.641371
0.968820 -2.559940 14.987525
0.968820 21.960560 14.987525
-3.934716 15.629367 15.867467
24.176884 15.629367 15.867467
-2.730667 15.001642 15.795496
25.380933 15.001642 15.795496
-4.873432 14.697588 16.184545
23.238168 14.697588 16.184545
-2.076979 17.698921 15.836798
0.257333 19.370435 15.472614
-2.964679 -2.252183 15.880089
-2.964679 22.268317 15.880089
25.146921 -2.252183 15.880089
25.146921 22.268317 15.880089
-0.007175 -3.070285 14.890399
-0.007175 21.450215 14.890399
-1.744234 15.515567 15.566725
-5.905755 14.898165 16.288712
22.205845 14.898165 16.288712
0.513876 16.754858 15.413917
-2.332242 20.278453 15.889873
25.779358 20.278453 15.889873
-4.542852 -0.975916 15.201400
-4.542852 23.544584 15.201400
23.568748 -0.975916 15.201400
23.568748 23.544584 15.201400
-5.868850 -1.213765 14.942713
-5.868850 23.306735 14.942713
22.242750 -1.213765 14.942713
22.242750 23.306735 14.942713
-2.903435 13.711864 16.191334
25.208165 13.711864 16.191334
-4.254449 13.491179 16.280958
23.857151 13.491179 16.280958
-5.210558 12.029757 16.899497
22.901042 12.029757 16.899497
-6.048274 16.887268 19.063366
22.063326 16.887268 19.063366
-4.728376 17.367870 19.167927
23.383224 17.367870 19.167927
-4.481069 18.755730 19.148916
23.630531 18.755730 19.148916
-5.554908 19.662989 19.026702
22.556692 19.662989 19.026702
-6.875782 19.179935 18.922820
21.235818 19.179935 18.922820
-7.122113 17.792075 18.941152
20.989487 17.792075 18.941152
-6.278041 15.391518 18.831160
21.833559 15.391518 18.831160
-5.368280 14.400890 19.036208
22.743320 14.400890 19.036208
-0.398374 14.820190 18.382362
-5.301910 -3.369117 19.262304
-5.301910 21.151383 19.262304
22.809690 -3.369117 19.262304
22.809690 21.151383 19.262304
-4.097861 -2.741392 19.190333
-4.097861 21.779108 19.190333
24.013739 -2.741392 19.190333
24.013739 21.779108 19.190333
-6.240626 -2.437338 19.579382
-6.240626 22.083162 19.579382
21.870974 -2.437338 19.579382
21.870974 22.083162 19.579382
-3.444173 19.081829 19.231635
-1.109861 17.410315 18.867450
-4.331873 14.512433 19.274926
23.779727 14.512433 19.274926
-1.374369 15.330535 18.285236
-3.111428 -3.255317 18.961562
-3.111428 21.265183 18.961562
-7.272949 -2.637915 19.683549
-7.272949 21.882585 19.683549
20.838651 -2.637915 19.683549
20.838651 21.882585 19.683549
-0.853318 20.025892 18.808754
-3.699436 16.502296 19.284710
24.412164 16.502296 19.284710
-5.910046 13.236166 18.596237
22.201554 13.236166 18.596237
-7.236044 13.474015 18.337550
20.875556 13.474015 18.337550
-4.270629 -1.451614 19.586171
-4.270629 23.068886 19.586171
23.840971 -1.451614 19.586171
23.840971 23.068886 19.586171
-5.621643 -1.230929 19.675795
-5.621643 23.289571 19.675795
22.489957 -1.230929 19.675795
22.489957 23.289571 19.675795
-0.066288 -0.230493 13.654033
-0.066288 24.290007 13.654033
-1.962960 4.627018 18.279838
-3.282857 5.107620 18.175277
24.828743 5.107620 18.175277
-3.530165 6.495480 18.194288
24.581435 6.495480 18.194288
-2.456326 7.402739 18.316502
-1.135452 6.919685 18.420384
-0.889121 5.531825 18.402052
-1.733193 3.131268 18.512045
-1.733193 27.651768 18.512045
-2.642954 2.140640 18.306997
-2.642954 26.661140 18.306997
-7.612860 2.559940 18.960842
-7.612860 27.080440 18.960842
20.498740 2.559940 18.960842
20.498740 27.080440 18.960842
-2.709323 8.891133 18.080901
-3.913373 9.518858 18.152871
24.198227 9.518858 18.152871
-1.770608 9.822912 17.763823
-4.567061 6.821579 18.111570
23.544539 6.821579 18.111570
-6.901373 5.150065 18.475754
21.210227 5.150065 18.475754
-3.679361 2.252183 18.068279
-3.679361 26.772683 18.068279
24.432239 2.252183 18.068279
24.432239 26.772683 18.068279
-6.636865 3.070285 19.057969
-6.636865 27.590785 19.057969
21.474735 3.070285 19.057969
21.474735 27.590785 19.057969
-4.899806 9.004933 18.381642
23.211794 9.004933 18.381642
-0.738285 9.622335 17.659656
-7.157916 7.765642 18.534451
20.953684 7.765642 18.534451
-4.311797 4.242047 18.058495
23.799803 4.242047 18.058495
-2.101188 0.975916 18.746968
-2.101188 25.496416 18.746968
-0.775190 1.213765 19.005654
-0.775190 25.734265 19.005654
-3.740605 10.808636 17.757033
24.370995 10.808636 17.757033
-2.389591 11.029321 17.667409
6.769682 12.490743 -3.320150
-4.167870 12.490743 23.838544
-3.330154 7.633232 21.674675
-4.650051 7.152630 21.570114
23.461549 7.152630 21.570114
-4.897359 5.764770 21.589125
23.214241 5.764770 21.589125
-3.823520 4.857511 21.711339
-2.502646 5.340565 21.815221
-2.256315 6.728425 21.796889
-3.100387 9.128982 21.906882
-4.010148 10.119610 21.701833
-8.980054 9.700310 22.355679
19.131546 9.700310 22.355679
-4.076517 3.369117 21.475737
-4.076517 27.889617 21.475737
-5.280567 2.741392 21.547708
-5.280567 27.261892 21.547708
22.831033 2.741392 21.547708
22.831033 27.261892 21.547708
-3.137802 2.437338 21.158660
-3.137802 26.957838 21.158660
-5.934255 5.438671 21.506406
22.177345 5.438671 21.506406
-8.268567 7.110185 21.870591
19.843033 7.110185 21.870591
-5.046555 10.008067 21.463115
23.065045 10.008067 21.463115
-8.004059 9.189965 22.452805
20.107541 9.189965 22.452805
-6.267000 3.255317 21.776479
-6.267000 27.775817 21.776479
21.844600 3.255317 21.776479
21.844600 27.775817 21.776479
-2.105479 2.637915 21.054492
-2.105479 27.158415 21.054492
-8.525110 4.494608 21.929288
19.586490 4.494608 21.929288
-5.678991 8.018204 21.453331
22.432609 8.018204 21.453331
-3.468382 11.284334 22.141804
-2.142384 11.046485 22.400491
-5.107799 1.451614 21.151870
-5.107799 25.972114 21.151870
23.003801 1.451614 21.151870
23.003801 25.972114 21.151870
-3.756785 1.230929 21.062246
-3.756785 25.751429 21.062246
1.625412 0.230493 -0.074686
-9.312140 0.230493 27.084008
1.625412 24.750993 -0.074686
-9.312140 24.750993 27.084008
29.737012 0.230493 -0.074686
18.799460 0.230493 27.084008
29.737012 24.750993 -0.074686
18.799460 24.750993 27.084008
-7.415468 19.893482 22.458203
20.696132 19.893482 22.458203
-6.095570 19.412880 22.562764
22.016030 19.412880 22.562764
-5.848263 18.025020 22.543753
22.263337 18.025020 22.543753
-6.922102 17.117761 22.421539
21.189498 17.117761 22.421539
-8.242976 17.600815 22.317657
19.868624 17.600815 22.317657
-8.489307 18.988675 22.335989
19.622293 18.988675 22.335989
-7.645235 -3.131268 22.225996
-7.645235 21.389232 22.225996
20.466365 -3.131268 22.225996
20.466365 21.389232 22.225996
-6.735474 -2.140640 22.431044
-6.735474 22.379860 22.431044
21.376126 -2.140640 22.431044
21.376126 22.379860 22.431044
-1.765568 -2.559940 21.777199
-1.765568 21.960560 21.777199
-6.669104 15.629367 22.657141
21.442496 15.629367 22.657141
-5.465055 15.001642 22.585170
22.646545 15.001642 22.585170
-7.607820 14.697588 22.974218
20.503780 14.697588 22.974218
-4.811367 17.698921 22.626472
-2.477055 19.370435 22.262287
-5.699067 -2.252183 22.669763
-5.699067 22.268317 22.669763
22.412533 -2.252183 22.669763
22.412533 22.268317 22.669763
-2.741563 -3.070285 21.680073
-2.741563 21.450215 21.680073
-4.478622 15.515567 22.356399
2.297409 14.898165 -4.080309
-8.640143 14.898165 23.078385
30.409009 14.898165 -4.080309
19.471457 14.898165 23.078385
-2.220512 16.754858 22.203590
-5.066630 20.278454 22.679546
23.044970 20.278454 22.679546
-7.277240 -0.975916 21.991074
-7.277240 23.544584 21.991074
20.834360 -0.975916 21.991074
20.834360 23.544584 21.991074
-8.603238 -1.213765 21.732387
-8.603238 23.306735 21.732387
19.508362 -1.213765 21.732387
19.508362 23.306735 21.732387
-5.637823 13.711864 22.981008
22.473777 13.711864 22.981008
3.948715 13.491179 -4.088062
-6.988837 13.491179 23.070632
32.060315 13.491179 -4.088062
21.122763 13.491179 23.070632
2.992606 12.029757 -3.469523
-7.944946 12.029757 23.689171
31.104206 12.029757 -3.469523
20.166654 12.029757 23.689171
2.154890 16.887268 -1.305654
-8.782662 16.887268 25.853040
30.266490 16.887268 -1.305654
19.328938 16.887268 25.853040
3.474787 17.367870 -1.201093
-7.462764 17.367870 25.957601
31.586387 17.367870 -1.201093
20.648836 17.367870 25.957601
3.722095 18.755730 -1.220104
-7.215457 18.755730 25.938590
31.833695 18.755730 -1.220104
20.896143 18.755730 25.938590
2.648256 19.662989 -1.342318
-8.289296 19.662989 25.816376
30.759856 19.662989 -1.342318
19.822304 19.662989 25.816376
1.327382 19.179935 -1.446200
-9.610170 19.179935 25.712494
29.438982 19.179935 -1.446200
18.501430 19.179935 25.712494
1.081051 17.792075 -1.427868
-9.856501 17.792075 25.730826
29.192651 17.792075 -1.427868
18.255099 17.792075 25.730826
1.925123 15.391518 -1.537861
-9.012429 15.391518 25.620833
30.036723 15.391518 -1.537861
19.099171 15.391518 25.620833
2.834884 14.400890 -1.332813
-8.102668 14.400890 25.825881
30.946484 14.400890 -1.332813
20.008932 14.400890 25.825881
7.804790 14.820190 -1.986658
-3.132762 14.820190 25.172036
2.901254 -3.369117 -1.106717
-8.036298 -3.369117 26.051977
2.901254 21.151383 -1.106717
-8.036298 21.151383 26.051977
31.012854 -3.369117 -1.106717
20.075302 -3.369117 26.051977
31.012854 21.151383 -1.106717
20.075302 21.151383 26.051977
4.105303 -2.741392 -1.178687
-6.832249 -2.741392 25.980007
4.105303 21.779108 -1.178687
-6.832249 21.779108 25.980007
32.216903 -2.741392 -1.178687
21.279351 -2.741392 25.980007
32.216903 21.779108 -1.178687
21.279351 21.779108 25.980007
1.962538 -2.437338 -0.789639
-8.975014 -2.437338 26.369055
1.962538 22.083162 -0.789639
-8.975014 22.083162 26.369055
30.074138 -2.437338 -0.789639
19.136586 -2.437338 26.369055
30.074138 22.083162 -0.789639
19.136586 22.083162 26.369055
4.758991 19.081829 -1.137386
-6.178561 19.081829 26.021308
7.093303 17.410315 -1.501570
-3.844249 17.410315 25.657124
3.871291 14.512433 -1.094095
-7.066261 14.512433 26.064599
31.982891 14.512433 -1.094095
21.045339 14.512433 26.064599
6.828795 15.330535 -2.083785
-4.108757 15.330535 25.074909
5.091736 -3.255317 -1.407459
-5.845816 -3.255317 25.751235
5.091736 21.265183 -1.407459
-5.845816 21.265183 25.751235
0.930215 -2.637915 -0.685472
-10.007337 -2.637915 26.473222
0.930215 21.882585 -0.685472
-10.007337 21.882585 26.473222
29.041815 -2.637915 -0.685472
18.104263 -2.637915 26.473222
29.041815 21.882585 -0.685472
18.104263 21.882585 26.473222
7.349846 20.025892 -1.560267
-3.587706 20.025892 25.598427
4.503727 16.502297 -1.084311
-6.433824 16.502297 26.074383
32.615327 16.502297 -1.084311
21.677776 16.502297 26.074383
2.293118 13.236166 -1.772784
-8.644434 13.236166 25.385910
30.404718 13.236166 -1.772784
19.467166 13.236166 25.385910
0.967120 13.474015 -2.031470
-9.970432 13.474015 25.127224
29.078720 13.474015 -2.031470
18.141168 13.474015 25.127224
3.932535 -1.451614 -0.782849
-7.005017 -1.451614 26.375845
3.932535 23.068886 -0.782849
-7.005017 23.068886 26.375845
32.044135 -1.451614 -0.782849
21.106583 -1.451614 26.375845
32.044135 23.068886 -0.782849
21.106583 23.068886 26.375845
2.581521 -1.230929 -0.693226
-8.356031 -1.230929 26.465468
2.581521 23.289571 -0.693226
-8.356031 23.289571 26.465468
30.693121 -1.230929 -0.693226
19.755569 -1.230929 26.465468
30.693121 23.289571 -0.693226
19.755569 23.289571 26.465468
-2.800676 -0.230493 20.443707
-2.800676 24.290007 20.443707
6.240204 4.627018 -2.089183
-4.697348 4.627018 25.069512
4.920307 5.107620 -2.193744
-6.017245 5.107620 24.964951
33.031907 5.107620 -2.193744
22.094355 5.107620 24.964951
4.672999 6.495480 -2.174732
-6.264553 6.495480 24.983962
32.784599 6.495480 -2.174732
21.847047 6.495480 24.983962
5.746838 7.402739 -2.052518
-5.190714 7.402739 25.106176
7.067712 6.919685 -1.948636
-3.869840 6.919685 25.210058
7.314043 5.531825 -1.966968
-3.623509 5.531825 25.191726
6.469971 3.131268 -1.856976
-4.467581 3.131268 25.301718
6.469971 27.651768 -1.856976
-4.467581 27.651768 25.301718
5.560210 2.140640 -2.062024
-5.377342 2.140640 25.096670
5.560210 26.661140 -2.062024
-5.377342 26.661140 25.096670
0.590304 2.559940 -1.408178
-10.347248 2.559940 25.750516
0.590304 27.080440 -1.408178
-10.347248 27.080440 25.750516
28.701904 2.559940 -1.408178
17.764352 2.559940 25.750516
28.701904 27.080440 -1.408178
17.764352 27.080440 25.750516
5.493840 8.891133 -2.288120
-5.443711 8.891133 24.870574
4.289791 9.518858 -2.216149
-6.647761 9.518858 24.942545
32.401391 9.518858 -2.216149
21.463839 9.518858 24.942545
6.432556 9.822912 -2.605198
-4.504996 9.822912 24.553496
3.636103 6.821579 -2.257451
-7.301449 6.821579 24.901243
31.747703 6.821579 -2.257451
20.810151 6.821579 24.901243
1.301791 5.150065 -1.893267
-9.635760 5.150065 25.265428
29.413391 5.150065 -1.893267
18.475840 5.150065 25.265428
4.523803 2.252183 -2.300742
-6.413749 2.252183 24.857952
4.523803 26.772683 -2.300742
-6.413749 26.772683 24.857952
32.635403 2.252183 -2.300742
21.697851 2.252183 24.857952
32.635403 26.772683 -2.300742
21.697851 26.772683 24.857952
1.566299 3.070285 -1.311052
-9.371253 3.070285 25.847642
1.566299 27.590785 -1.311052
-9.371253 27.590785 25.847642
29.677899 3.070285 -1.311052
18.740347 3.070285 25.847642
29.677899 27.590785 -1.311052
18.740347 27.590785 25.847642
3.303358 9.004933 -1.987378
-7.634194 9.004933 25.171316
31.414958 9.004933 -1.987378
20.477406 9.004933 25.171316
7.464879 9.622335 -2.709365
-3.472673 9.622335 24.449329
1.045248 7.765642 -1.834570
-9.892304 7.765642 25.324124
29.156848 7.765642 -1.834570
18.219296 7.765642 25.324124
3.891367 4.242047 -2.310526
-7.046185 4.242047 24.848168
32.002967 4.242047 -2.310526
21.065415 4.242047 24.848168
6.101976 0.975916 -1.622053
-4.835576 0.975916 25.536641
6.101976 25.496416 -1.622053
-4.835576 25.496416 25.536641
7.427974 1.213765 -1.363366
-3.509578 1.213765 25.795328
7.427974 25.734265 -1.363366
-3.509578 25.734265 25.795328
4.462559 10.808636 -2.611987
-6.474993 10.808636 24.546707
32.574159 10.808636 -2.611987
21.636607 10.808636 24.546707
5.813573 11.029321 -2.701611
-5.123979 11.029321 24.457083
11.063194 12.490743 3.469523
0.125642 12.490743 30.628217
11.900910 7.633232 1.305654
0.963358 7.633232 28.464348
10.581013 7.152630 1.201093
-0.356539 7.152630 28.359787
10.333705 5.764770 1.220104
-0.603847 5.764770 28.378798
11.407544 4.857511 1.342318
0.469992 4.857511 28.501013
12.728418 5.340565 1.446200
1.790866 5.340565 28.604895
12.974749 6.728425 1.427868
2.037197 6.728425 28.586562
12.130677 9.128982 1.537861
1.193125 9.128982 28.696555
11.220916 10.119610 1.332813
0.283364 10.119610 28.491507
6.251010 9.700310 1.986658
-4.686542 9.700310 29.145353
11.154546 3.369117 1.106717
0.216995 3.369117 28.265411
11.154546 27.889617 1.106717
0.216995 27.889617 28.265411
9.950497 2.741392 1.178687
-0.987055 2.741392 28.337381
9.950497 27.261892 1.178687
-0.987055 27.261892 28.337381
12.093262 2.437338 0.789639
1.155710 2.437338 27.948333
12.093262 26.957838 0.789639
1.155710 26.957838 27.948333
9.296809 5.438671 1.137386
-1.640743 5.438671 28.296080
6.962497 7.110185 1.501570
-3.975054 7.110185 28.660264
10.184509 10.008067 1.094095
-0.753043 10.008067 28.252789
7.227005 9.189965 2.083785
-3.710547 9.189965 29.242479
8.964064 3.255317 1.407459
-1.973488 3.255317 28.566153
8.964064 27.775817 1.407459
-1.973488 27.775817 28.566153
13.125585 2.637915 0.685472
2.188033 2.637915 27.844166
13.125585 27.158415 0.685472
2.188033 27.158415 27.844166
6.705954 4.494608 1.560267
-4.231598 4.494608 28.718961
9.552073 8.018204 1.084311
-1.385479 8.018204 28.243005
11.762682 11.284334 1.772784
0.825130 11.284334 28.931478
13.088680 11.046485 2.031470
2.151128 11.046485 29.190164
10.123265 1.451614 0.782849
-0.814287 1.451614 27.941543
10.123265 25.972114 0.782849
-0.814287 25.972114 27.941543
11.474279 1.230929 0.693226
0.536727 1.230929 27.851920
11.474279 25.751429 0.693226
0.536727 25.751429 27.851920
5.918924 0.230493 6.714987
5.918924 24.750993 6.714987
7.815596 19.893482 2.089183
-3.121956 19.893482 29.247877
9.135493 19.412880 2.193744
-1.802058 19.412880 29.352438
9.382801 18.025020 2.174732
-1.554751 18.025020 29.333426
8.308962 17.117761 2.052518
-2.628590 17.117761 29.211212
6.988088 17.600815 1.948636
-3.949464 17.600815 29.107330
6.741757 18.988675 1.966968
-4.195795 18.988675 29.125662
7.585829 -3.131268 1.856976
-3.351723 -3.131268 29.015670
7.585829 21.389232 1.856976
-3.351723 21.389232 29.015670
8.495590 -2.140640 2.062024
-2.441962 -2.140640 29.220718
8.495590 22.379860 2.062024
-2.441962 22.379860 29.220718
13.465496 -2.559940 1.408178
2.527944 -2.559940 28.566872
13.465496 21.960560 1.408178
2.527944 21.960560 28.566872
8.561960 15.629367 2.288120
-2.375592 15.629367 29.446814
9.766009 15.001642 2.216149
-1.171543 15.001642 29.374844
7.623244 14.697588 2.605198
-3.314308 14.697588 29.763892
10.419697 17.698921 2.257451
-0.517855 17.698921 29.416145
12.754009 19.370435 1.893267
1.816457 19.370435 29.051961
9.531997 -2.252183 2.300742
-1.405555 -2.252183 29.459436
9.531997 22.268317 2.300742
-1.405555 22.268317 29.459436
12.489501 -3.070285 1.311052
1.551949 -3.070285 28.469746
12.489501 21.450215 1.311052
1.551949 21.450215 28.469746
10.752442 15.515567 1.987378
-0.185110 15.515567 29.146072
6.590921 14.898165 2.709365
-4.346631 14.898165 29.868059
13.010552 16.754858 1.834570
2.073000 16.754858 28.993264
10.164433 20.278454 2.310526
-0.773118 20.278454 29.469220
7.953824 -0.975916 1.622053
-2.983728 -0.975916 28.780747
7.953824 23.544584 1.622053
-2.983728 23.544584 28.780747
6.627826 -1.213765 1.363366
-4.309726 -1.213765 28.522061
6.627826 23.306735 1.363366
-4.309726 23.306735 28.522061
9.593241 13.711864 2.611987
-1.344311 13.711864 29.770681
8.242227 13.491179 2.701611
-2.695325 13.491179 29.860305
7.286118 12.029757 3.320150
-3.651434 12.029757 30.478844
6.448402 16.887268 5.484019
7.768299 17.367870 5.588580
8.015607 18.755730 5.569569
6.941768 19.662989 5.447355
5.620894 19.179935 5.343473
5.374563 17.792075 5.361805
6.218635 15.391518 5.251812
7.128396 14.400890 5.456861
12.098302 14.820190 4.803015
7.194766 -3.369117 5.682957
7.194766 21.151383 5.682957
8.398815 -2.741392 5.610986
8.398815 21.779108 5.610986
6.256050 -2.437338 6.000034
6.256050 22.083162 6.000034
9.052503 19.081829 5.652288
11.386815 17.410315 5.288103
8.164803 14.512433 5.695579
11.122307 15.330535 4.705889
9.385248 -3.255317 5.382215
9.385248 21.265183 5.382215
5.223727 -2.637915 6.104202
5.223727 21.882585 6.104202
11.643358 20.025892 5.229407
8.797240 16.502296 5.705363
6.586630 13.236166 5.016890
5.260632 13.474015 4.758203
8.226047 -1.451614 6.006824
8.226047 23.068886 6.006824
6.875033 -1.230929 6.096448
6.875033 23.289571 6.096448
12.430388 -0.230493 0.074686
1.492836 -0.230493 27.233380
12.430388 24.290007 0.074686
1.492836 24.290007 27.233380
10.533716 4.627018 4.700491
9.213819 5.107620 4.595930
8.966511 6.495480 4.614941
10.040350 7.402739 4.737155
11.361224 6.919685 4.841037
11.607555 5.531825 4.822705
10.763483 3.131268 4.932698
10.763483 27.651768 4.932698
9.853722 2.140640 4.727650
9.853722 26.661140 4.727650
4.883816 2.559940 5.381495
4.883816 27.080440 5.381495
9.787353 8.891133 4.501554
8.583303 9.518858 4.573524
10.726068 9.822912 4.184476
7.929615 6.821579 4.532222
5.595303 5.150065 4.896407
8.817315 2.252183 4.488932
8.817315 26.772683 4.488932
5.859811 3.070285 5.478622
5.859811 27.590785 5.478622
7.596870 9.004933 4.802295
11.758391 9.622335 4.080309
0.820839 9.622335 31.239003
5.338760 7.765642 4.955104
8.184879 4.242046 4.479148
10.395488 0.975916 5.167621
10.395488 25.496416 5.167621
11.721486 1.213765 5.426307
11.721486 25.734265 5.426307
8.756071 10.808636 4.177686
10.107085 11.029321 4.088062
-0.830467 11.029321 31.246756
8.328806 12.490743 10.259197
9.166522 7.633232 8.095328
7.846625 7.152630 7.990767
7.599317 5.764770 8.009778
8.673156 4.857511 8.131992
9.994030 5.340565 8.235874
10.240361 6.728425 8.217542
9.396289 9.128982 8.327535
8.486528 10.119610 8.122486
3.516622 9.700310 8.776332
8.420159 3.369117 7.896390
8.420159 27.889617 7.896390
7.216109 2.741392 7.968361
7.216109 27.261892 7.968361
9.358874 2.437338 7.579313
9.358874 26.957838 7.579313
6.562421 5.438671 7.927059
4.228109 7.110185 8.291244
7.450121 10.008067 7.883768
4.492617 9.189965 8.873458
6.229676 3.255317 8.197132
6.229676 27.775817 8.197132
10.391197 2.637915 7.475145
10.391197 27.158415 7.475145
3.971566 4.494608 8.349940
6.817685 8.018204 7.873984
9.028294 11.284334 8.562457
10.354292 11.046485 8.821144
7.388877 1.451614 7.572523
7.388877 25.972114 7.572523
8.739891 1.230929 7.482899
8.739891 25.751429 7.482899
3.184536 0.230493 13.504661
3.184536 24.750993 13.504661
5.081208 19.893482 8.878856
6.401105 19.412880 8.983417
6.648413 18.025020 8.964406
5.574574 17.117761 8.842192
4.253700 17.600815 8.738310
4.007369 18.988675 8.756642
4.851441 -3.131268 8.646649
4.851441 21.389232 8.646649
5.761202 -2.140640 8.851697
5.761202 22.379860 8.851697
10.731108 -2.559940 8.197852
10.731108 21.960560 8.197852
5.827572 15.629367 9.077793
7.031621 15.001642 9.005823
4.888856 14.697588 9.394871
7.685309 17.698921 9.047125
10.019621 19.370435 8.682940
6.797609 -2.252183 9.090415
6.797609 22.268317 9.090415
9.755113 -3.070285 8.100726
9.755113 21.450215 8.100726
8.018054 15.515567 8.777052
3.856533 14.898165 9.499038
10.276164 16.754858 8.624243
7.430046 20.278454 9.100199
5.219436 -0.975916 8.411727
5.219436 23.544584 8.411727
3.893438 -1.213765 8.153040
3.893438 23.306735 8.153040
6.858853 13.711864 9.401661
5.507839 13.491179 9.491285
4.551730 12.029757 10.109824
3.714014 16.887268 12.273693
5.033911 17.367870 12.378254
5.281219 18.755730 12.359243
4.207380 19.662989 12.237029
2.886506 19.179935 12.133147
2.640175 17.792075 12.151479
3.484247 15.391518 12.041486
4.394008 14.400890 12.246534
9.363914 14.820190 11.592689
4.460378 -3.369117 12.472630
4.460378 21.151383 12.472630
5.664427 -2.741392 12.400660
5.664427 21.779108 12.400660
3.521662 -2.437338 12.789708
3.521662 22.083162 12.789708
6.318115 19.081829 12.441961
8.652427 17.410315 12.077777
5.430415 14.512433 12.485252
8.387919 15.330535 11.495562
6.650860 -3.255317 12.171888
6.650860 21.265183 12.171888
2.489339 -2.637915 12.893875
2.489339 21.882585 12.893875
8.908970 20.025892 12.019080
6.062852 16.502296 12.495036
3.852242 13.236166 11.806563
2.526244 13.474015 11.547877
5.491659 -1.451614 12.796498
5.491659 23.068886 12.796498
4.140645 -1.230929 12.886121
4.140645 23.289571 12.886121
9.696000 -0.230493 6.864360
9.696000 24.290007 6.864360
7.799328 4.627018 11.490164
6.479431 5.107620 11.385604
6.232123 6.495480 11.404615
7.305962 7.402739 11.526829
8.626836 6.919685 11.630711
8.873167 5.531825 11.612379
8.029095 3.131268 11.722371
8.029095 27.651768 11.722371
7.119334 2.140640 11.517323
7.119334 26.661140 11.517323
2.149428 2.559940 12.171169
2.149428 27.080440 12.171169
7.052965 8.891133 11.291227
5.848915 9.518858 11.363198
7.991680 9.822912 10.974149
5.195227 6.821579 11.321896
2.860915 5.150065 11.686081
6.082927 2.252183 11.278605
6.082927 26.772683 11.278605
3.125423 3.070285 12.268295
3.125423 27.590785 12.268295
4.862482 9.004933 11.591969
9.024003 9.622335 10.869982
2.604372 7.765642 11.744777
5.450491 4.242047 11.268821
7.661100 0.975916 11.957294
7.661100 25.496416 11.957294
8.987098 1.213765 12.215981
8.987098 25.734265 12.215981
6.021683 10.808636 10.967360
7.372697 11.029321 10.877736
5.594418 12.490743 17.048870
6.432134 7.633232 14.885001
5.112237 7.152630 14.780440
4.864929 5.764770 14.799451
5.938768 4.857511 14.921665
7.259642 5.340565 15.025547
7.505973 6.728425 15.007215
6.661901 9.128982 15.117208
5.752140 10.119610 14.912160
0.782234 9.700310 15.566006
5.685771 3.369117 14.686064
5.685771 27.889617 14.686064
4.481721 2.741392 14.758034
4.481721 27.261892 14.758034
6.624486 2.437338 14.368986
6.624486 26.957838 14.368986
3.828033 5.438671 14.716733
1.493721 7.110185 15.080917
4.715733 10.008067 14.673442
1.758229 9.189965 15.663132
3.495288 3.255317 14.986806
3.495288 27.775817 14.986806
7.656809 2.637915 14.264819
7.656809 27.158415 14.264819
1.237178 4.494608 15.139614
4.083297 8.018204 14.663658
6.293906 11.284334 15.352131
7.619904 11.046485 15.610817
4.654489 1.451614 14.362196
4.654489 25.972114 14.362196
6.005503 1.230929 14.272573
6.005503 25.751429 14.272573
0.450148 0.230493 20.294334
0.450148 24.750993 20.294334
2.346820 19.893482 15.668530
3.666717 19.412880 15.773091
3.914025 18.025020 15.754079
2.840186 17.117761 15.631865
1.519312 17.600815 15.527983
1.272981 18.988675 15.546315
2.117053 -3.131268 15.436323
2.117053 21.389232 15.436323
3.026814 -2.140640 15.641371
3.026814 22.379860 15.641371
7.996720 -2.559940 14.987525
7.996720 21.960560 14.987525
3.093184 15.629367 15.867467
4.297233 15.001642 15.795496
2.154468 14.697588 16.184545
4.950921 17.698921 15.836798
7.285233 19.370435 15.472614
4.063221 -2.252183 15.880089
4.063221 22.268317 15.880089
7.020725 -3.070285 14.890399
7.020725 21.450215 14.890399
5.283666 15.515567 15.566725
1.122145 14.898165 16.288712
7.541776 16.754858 15.413917
4.695658 20.278453 15.889873
2.485048 -0.975916 15.201400
2.485048 23.544584 15.201400
1.159050 -1.213765 14.942713
1.159050 23.306735 14.942713
4.124465 13.711864 16.191334
2.773451 13.491179 16.280958
1.817342 12.029757 16.899497
0.979626 16.887268 19.063366
2.299524 17.367870 19.167927
2.546831 18.755730 19.148916
1.472992 19.662989 19.026702
0.152118 19.179935 18.922820
-0.094213 17.792075 18.941152
0.749859 15.391518 18.831160
1.659620 14.400890 19.036208
6.629526 14.820190 18.382362
1.725990 -3.369117 19.262304
1.725990 21.151383 19.262304
2.930039 -2.741392 19.190333
2.930039 21.779108 19.190333
0.787274 -2.437338 19.579382
0.787274 22.083162 19.579382
3.583727 19.081829 19.231635
5.918039 17.410315 18.867450
2.696027 14.512433 19.274926
5.653531 15.330535 18.285236
3.916472 -3.255317 18.961562
3.916472 21.265183 18.961562
-0.245049 -2.637915 19.683549
-0.245049 21.882585 19.683549
6.174582 20.025892 18.808754
3.328464 16.502296 19.284710
1.117854 13.236166 18.596237
-0.208144 13.474015 18.337550
2.757271 -1.451614 19.586171
2.757271 23.068886 19.586171
1.406257 -1.230929 19.675795
1.406257 23.289571 19.675795
6.961612 -0.230493 13.654033
6.961612 24.290007 13.654033
5.064940 4.627018 18.279838
3.745043 5.107620 18.175277
3.497735 6.495480 18.194288
4.571574 7.402739 18.316502
5.892448 6.919685 18.420384
6.138779 5.531825 18.402052
5.294707 3.131268 18.512045
5.294707 27.651768 18.512045
4.384946 2.140640 18.306997
4.384946 26.661140 18.306997
-0.584960 2.559940 18.960842
-0.584960 27.080440 18.960842
4.318577 8.891133 18.080901
3.114527 9.518858 18.152871
5.257292 9.822912 17.763823
2.460839 6.821579 18.111570
0.126527 5.150065 18.475754
3.348539 2.252183 18.068279
3.348539 26.772683 18.068279
0.391035 3.070285 19.057969
0.391035 27.590785 19.057969
2.128094 9.004933 18.381642
6.289615 9.622335 17.659656
-0.130016 7.765642 18.534451
2.716103 4.242047 18.058495
4.926712 0.975916 18.746968
4.926712 25.496416 18.746968
6.252710 1.213765 19.005654
6.252710 25.734265 19.005654
3.287295 10.808636 17.757033
4.638309 11.029321 17.667409
13.797582 12.490743 -3.320150
2.860030 12.490743 23.838544
3.697746 7.633232 21.674675
2.377849 7.152630 21.570114
2.130541 5.764770 21.589125
3.204380 4.857511 21.711339
4.525254 5.340565 21.815221
4.771585 6.728425 21.796889
3.927513 9.128982 21.906882
3.017752 10.119610 21.701833
-1.952154 9.700310 22.355679
2.951383 3.369117 21.475737
2.951383 27.889617 21.475737
1.747333 2.741392 21.547708
1.747333 27.261892 21.547708
3.890098 2.437338 21.158660
3.890098 26.957838 21.158660
1.093645 5.438671 21.506406
-1.240667 7.110185 21.870591
1.981345 10.008067 21.463115
-0.976159 9.189965 22.452805
0.760900 3.255317 21.776479
0.760900 27.775817 21.776479
4.922421 2.637915 21.054492
4.922421 27.158415 21.054492
-1.497210 4.494608 21.929288
1.348909 8.018204 21.453331
3.559518 11.284334 22.141804
4.885516 11.046485 22.400491
1.920101 1.451614 21.151870
1.920101 25.972114 21.151870
3.271115 1.230929 21.062246
3.271115 25.751429 21.062246
8.653312 0.230493 -0.074686
-2.284240 0.230493 27.084008
8.653312 24.750993 -0.074686
-2.284240 24.750993 27.084008
-0.387568 19.893482 22.458203
0.932330 19.412880 22.562764
1.179637 18.025020 22.543753
0.105798 17.117761 22.421539
-1.215076 17.600815 22.317657
-1.461407 18.988675 22.335989
-0.617335 -3.131268 22.225996
-0.617335 21.389232 22.225996
0.292426 -2.140640 22.431044
0.292426 22.379860 22.431044
5.262332 -2.559940 21.777199
5.262332 21.960560 21.777199
0.358796 15.629367 22.657141
1.562845 15.001642 22.585170
-0.579920 14.697588 22.974218
2.216533 17.698921 22.626472
4.550845 19.370435 22.262287
1.328833 -2.252183 22.669763
1.328833 22.268317 22.669763
4.286337 -3.070285 21.680073
4.286337 21.450215 21.680073
2.549278 15.515567 22.356399
9.325309 14.898165 -4.080309
-1.612243 14.898165 23.078385
4.807388 16.754858 22.203590
1.961270 20.278454 22.679546
-0.249340 -0.975916 21.991074
-0.249340 23.544584 21.991074
-1.575338 -1.213765 21.732387
-1.575338 23.306735 21.732387
1.390077 13.711864 22.981008
10.976615 13.491179 -4.088062
0.039063 13.491179 23.070632
10.020506 12.029757 -3.469523
-0.917046 12.029757 23.689171
9.182790 16.887268 -1.305654
-1.754762 16.887268 25.853040
10.502687 17.367870 -1.201093
-0.434864 17.367870 25.957601
10.749995 18.755730 -1.220104
-0.187557 18.755730 25.938590
9.676156 19.662989 -1.342318
-1.261396 19.662989 25.816376
8.355282 19.179935 -1.446200
-2.582270 19.179935 25.712494
8.108951 17.792075 -1.427868
-2.828601 17.792075 25.730826
8.953023 15.391518 -1.537861
-1.984529 15.391518 25.620833
9.862784 14.400890 -1.332813
-1.074768 14.400890 25.825881
14.832690 14.820190 -1.986658
3.895138 14.820190 25.172036
9.929154 -3.369117 -1.106717
-1.008398 -3.369117 26.051977
9.929154 21.151383 -1.106717
-1.008398 21.151383 26.051977
11.133203 -2.741392 -1.178687
0.195651 -2.741392 25.980007
11.133203 21.779108 -1.178687
0.195651 21.779108 25.980007
8.990438 -2.437338 -0.789639
-1.947114 -2.437338 26.369055
8.990438 22.083162 -0.789639
-1.947114 22.083162 26.369055
11.786891 19.081829 -1.137386
0.849339 19.081829 26.021308
14.121203 17.410315 -1.501570
3.183651 17.410315 25.657124
10.899191 14.512433 -1.094095
-0.038361 14.512433 26.064599
13.856695 15.330535 -2.083785
2.919143 15.330535 25.074909
12.119636 -3.255317 -1.407459
1.182084 -3.255317 25.751235
12.119636 21.265183 -1.407459
1.182084 21.265183 25.751235
7.958115 -2.637915 -0.685472
-2.979437 -2.637915 26.473222
7.958115 21.882585 -0.685472
-2.979437 21.882585 26.473222
14.377746 20.025892 -1.560267
3.440194 20.025892 25.598427
11.531627 16.502297 -1.084311
0.594076 16.502297 26.074383
9.321018 13.236166 -1.772784
-1.616534 13.236166 25.385910
7.995020 13.474015 -2.031470
-2.942532 13.474015 25.127224
10.960435 -1.451614 -0.782849
0.022883 -1.451614 26.375845
10.960435 23.068886 -0.782849
0.022883 23.068886 26.375845
9.609421 -1.230929 -0.693226
-1.328131 -1.230929 26.465468
9.609421 23.289571 -0.693226
-1.328131 23.289571 26.465468
4.227224 -0.230493 20.443707
4.227224 24.290007 20.443707
13.268104 4.627018 -2.089183
2.330552 4.627018 25.069512
11.948207 5.107620 -2.193744
1.010655 5.107620 24.964951
11.700899 6.495480 -2.174732
0.763347 6.495480 24.983962
12.774738 7.402739 -2.052518
1.837186 7.402739 25.106176
14.095612 6.919685 -1.948636
3.158060 6.919685 25.210058
14.341943 5.531825 -1.966968
3.404391 5.531825 25.191726
13.497871 3.131268 -1.856976
2.560319 3.131268 25.301718
13.497871 27.651768 -1.856976
2.560319 27.651768 25.301718
12.588110 2.140640 -2.062024
1.650558 2.140640 25.096670
12.588110 26.661140 -2.062024
1.650558 26.661140 25.096670
7.618204 2.559940 -1.408178
-3.319348 2.559940 25.750516
7.618204 27.080440 -1.408178
-3.319348 27.080440 25.750516
12.521740 8.891133 -2.288120
1.584189 8.891133 24.870574
11.317691 9.518858 -2.216149
0.380139 9.518858 24.942545
13.460456 9.822912 -2.605198
2.522904 9.822912 24.553496
10.664003 6.821579 -2.257451
-0.273549 6.821579 24.901243
8.329691 5.150065 -1.893267
-2.607860 5.150065 25.265428
11.551703 2.252183 -2.300742
0.614151 2.252183 24.857952
11.551703 26.772683 -2.300742
0.614151 26.772683 24.857952
8.594199 3.070285 -1.311052
-2.343353 3.070285 25.847642
8.594199 27.590785 -1.311052
-2.343353 27.590785 25.847642
10.331258 9.004933 -1.987378
-0.606294 9.004933 25.171316
14.492779 9.622335 -2.709365
3.555227 9.622335 24.449329
8.073148 7.765642 -1.834570
-2.864404 7.765642 25.324124
10.919267 4.242047 -2.310526
-0.018285 4.242047 24.848168
13.129876 0.975916 -1.622053
2.192324 0.975916 25.536641
13.129876 25.496416 -1.622053
2.192324 25.496416 25.536641
14.455874 1.213765 -1.363366
3.518322 1.213765 25.795328
14.455874 25.734265 -1.363366
3.518322 25.734265 25.795328
11.490459 10.808636 -2.611987
0.552907 10.808636 24.546707
12.841473 11.029321 -2.701611
1.903921 11.029321 24.457083
18.091094 12.490743 3.469523
7.153542 12.490743 30.628217
18.928810 7.633232 1.305654
7.991258 7.633232 28.464348
17.608913 7.152630 1.201093
6.671361 7.152630 28.359787
17.361605 5.764770 1.220104
6.424053 5.764770 28.378798
18.435444 4.857511 1.342318
7.497892 4.857511 28.501013
19.756318 5.340565 1.446200
8.818766 5.340565 28.604895
20.002649 6.728425 1.427868
9.065097 6.728425 28.586562
19.158577 9.128982 1.537861
8.221025 9.128982 28.696555
18.248816 10.119610 1.332813
7.311264 10.119610 28.491507
13.278910 9.700310 1.986658
2.341358 9.700310 29.145353
18.182446 3.369117 1.106717
7.244895 3.369117 28.265411
18.182446 27.889617 1.106717
7.244895 27.889617 28.265411
16.978397 2.741392 1.178687
6.040845 2.741392 28.337381
16.978397 27.261892 1.178687
6.040845 27.261892 28.337381
19.121162 2.437338 0.789639
8.183610 2.437338 27.948333
19.121162 26.957838 0.789639
8.183610 26.957838 27.948333
16.324709 5.438671 1.137386
5.387157 5.438671 28.296080
13.990397 7.110185 1.501570
3.052846 7.110185 28.660264
17.212409 10.008067 1.094095
6.274857 10.008067 28.252789
14.254905 9.189965 2.083785
3.317353 9.189965 29.242479
15.991964 3.255317 1.407459
5.054412 3.255317 28.566153
15.991964 27.775817 1.407459
5.054412 27.775817 28.566153
20.153485 2.637915 0.685472
9.215933 2.637915 27.844166
20.153485 27.158415 0.685472
9.215933 27.158415 27.844166
13.733854 4.494608 1.560267
2.796302 4.494608 28.718961
16.579973 8.018204 1.084311
5.642421 8.018204 28.243005
18.790582 11.284334 1.772784
7.853030 11.284334 28.931478
20.116580 11.046485 2.031470
9.179028 11.046485 29.190164
17.151165 1.451614 0.782849
6.213613 1.451614 27.941543
17.151165 25.972114 0.782849
6.213613 25.972114 27.941543
18.502179 1.230929 0.693226
7.564627 1.230929 27.851920
18.502179 25.751429 0.693226
7.564627 25.751429 27.851920
12.946824 0.230493 6.714987
12.946824 24.750993 6.714987
14.843496 19.893482 2.089183
3.905944 19.893482 29.247877
16.163393 19.412880 2.193744
5.225842 19.412880 29.352438
16.410701 18.025020 2.174732
5.473149 18.025020 29.333426
15.336862 17.117761 2.052518
4.399310 17.117761 29.211212
14.015988 17.600815 1.948636
3.078436 17.600815 29.107330
13.769657 18.988675 1.966968
2.832105 18.988675 29.125662
14.613729 -3.131268 1.856976
3.676177 -3.131268 29.015670
14.613729 21.389232 1.856976
3.676177 21.389232 29.015670
15.523490 -2.140640 2.062024
4.585938 -2.140640 29.220718
15.523490 22.379860 2.062024
4.585938 22.379860 29.220718
20.493396 -2.559940 1.408178
9.555844 -2.559940 28.566872
20.493396 21.960560 1.408178
9.555844 21.960560 28.566872
15.589860 15.629367 2.288120
4.652308 15.629367 29.446814
16.793909 15.001642 2.216149
5.856357 15.001642 29.374844
14.651144 14.697588 2.605198
3.713592 14.697588 29.763892
17.447597 17.698921 2.257451
6.510045 17.698921 29.416145
19.781909 19.370435 1.893267
8.844357 19.370435 29.051961
16.559897 -2.252183 2.300742
5.622345 -2.252183 29.459436
16.559897 22.268317 2.300742
5.622345 22.268317 29.459436
19.517401 -3.070285 1.311052
8.579849 -3.070285 28.469746
19.517401 21.450215 1.311052
8.579849 21.450215 28.469746
17.780342 15.515567 1.987378
6.842790 15.515567 29.146072
13.618821 14.898165 2.709365
2.681269 14.898165 29.868059
20.038452 16.754858 1.834570
9.100900 16.754858 28.993264
17.192333 20.278454 2.310526
6.254782 20.278454 29.469220
14.981724 -0.975916 1.622053
4.044172 -0.975916 28.780747
14.981724 23.544584 1.622053
4.044172 23.544584 28.780747
13.655726 -1.213765 1.363366
2.718174 -1.213765 28.522061
13.655726 23.306735 1.363366
2.718174 23.306735 28.522061
16.621141 13.711864 2.611987
5.683589 13.711864 29.770681
15.270127 13.491179 2.701611
4.332575 13.491179 29.860305
14.314018 12.029757 3.320150
3.376466 12.029757 30.478844
13.476302 16.887268 5.484019
14.796199 17.367870 5.588580
15.043507 18.755730 5.569569
13.969668 19.662989 5.447355
12.648794 19.179935 5.343473
12.402463 17.792075 5.361805
13.246535 15.391518 5.251812
14.156296 14.400890 5.456861
19.126202 14.820190 4.803015
14.222666 -3.369117 5.682957
14.222666 21.151383 5.682957
15.426715 -2.741392 5.610986
15.426715 21.779108 5.610986
13.283950 -2.437338 6.000034
13.283950 22.083162 6.000034
16.080403 19.081829 5.652288
18.414715 17.410315 5.288103
15.192703 14.512433 5.695579
18.150207 15.330535 4.705889
16.413148 -3.255317 5.382215
16.413148 21.265183 5.382215
12.251627 -2.637915 6.104202
12.251627 21.882585 6.104202
18.671258 20.025892 5.229407
15.825140 16.502296 5.705363
13.614530 13.236166 5.016890
12.288532 13.474015 4.758203
15.253947 -1.451614 6.006824
15.253947 23.068886 6.006824
13.902933 -1.230929 6.096448
13.902933 23.289571 6.096448
19.458288 -0.230493 0.074686
8.520736 -0.230493 27.233380
19.458288 24.290007 0.074686
8.520736 24.290007 27.233380
17.561616 4.627018 4.700491
16.241719 5.107620 4.595930
15.994411 6.495480 4.614941
17.068250 7.402739 4.737155
18.389124 6.919685 4.841037
18.635455 5.531825 4.822705
17.791383 3.131268 4.932698
17.791383 27.651768 4.932698
16.881622 2.140640 4.727650
16.881622 26.661140 4.727650
11.911716 2.559940 5.381495
11.911716 27.080440 5.381495
16.815253 8.891133 4.501554
15.611203 9.518858 4.573524
17.753968 9.822912 4.184476
14.957515 6.821579 4.532222
12.623203 5.150065 4.896407
15.845215 2.252183 4.488932
15.845215 26.772683 4.488932
12.887711 3.070285 5.478622
12.887711 27.590785 5.478622
14.624770 9.004933 4.802295
18.786291 9.622335 4.080309
7.848739 9.622335 31.239003
12.366660 7.765642 4.955104
15.212779 4.242046 4.479148
17.423388 0.975916 5.167621
17.423388 25.496416 5.167621
18.749386 1.213765 5.426307
18.749386 25.734265 5.426307
15.783971 10.808636 4.177686
17.134985 11.029321 4.088062
6.197433 11.029321 31.246756
15.356706 12.490743 10.259197
16.194422 7.633232 8.095328
14.874525 7.152630 7.990767
14.627217 5.764770 8.009778
15.701056 4.857511 8.131992
17.021930 5.340565 8.235874
17.268261 6.728425 8.217542
16.424189 9.128982 8.327535
15.514428 10.119610 8.122486
10.544522 9.700310 8.776332
15.448059 3.369117 7.896390
15.448059 27.889617 7.896390
14.244009 2.741392 7.968361
14.244009 27.261892 7.968361
16.386774 2.437338 7.579313
16.386774 26.957838 7.579313
13.590321 5.438671 7.927059
11.256009 7.110185 8.291244
14.478021 10.008067 7.883768
11.520517 9.189965 8.873458
13.257576 3.255317 8.197132
13.257576 27.775817 8.197132
17.419097 2.637915 7.475145
17.419097 27.158415 7.475145
10.999466 4.494608 8.349940
13.845585 8.018204 7.873984
16.056194 11.284334 8.562457
17.382192 11.046485 8.821144
14.416777 1.451614 7.572523
14.416777 25.972114 7.572523
15.767791 1.230929 7.482899
15.767791 25.751429 7.482899
10.212436 0.230493 13.504661
10.212436 24.750993 13.504661
12.109108 19.893482 8.878856
13.429005 19.412880 8.983417
13.676313 18.025020 8.964406
12.602474 17.117761 8.842192
11.281600 17.600815 8.738310
11.035269 18.988675 8.756642
11.879341 -3.131268 8.646649
11.879341 21.389232 8.646649
12.789102 -2.140640 8.851697
12.789102 22.379860 8.851697
17.759008 -2.559940 8.197852
17.759008 21.960560 8.197852
12.855472 15.629367 9.077793
14.059521 15.001642 9.005823
11.916756 14.697588 9.394871
14.713209 17.698921 9.047125
17.047521 19.370435 8.682940
13.825509 -2.252183 9.090415
13.825509 22.268317 9.090415
16.783013 -3.070285 8.100726
16.783013 21.450215 8.100726
15.045954 15.515567 8.777052
10.884433 14.898165 9.499038
17.304064 16.754858 8.624243
14.457946 20.278454 9.100199
12.247336 -0.975916 8.411727
12.247336 23.544584 8.411727
10.921338 -1.213765 8.153040
10.921338 23.306735 8.153040
13.886753 13.711864 9.401661
12.535739 13.491179 9.491285
11.579630 12.029757 10.109824
10.741914 16.887268 12.273693
12.061811 17.367870 12.378254
12.309119 18.755730 12.359243
11.235280 19.662989 12.237029
9.914406 19.179935 12.133147
9.668075 17.792075 12.151479
10.512147 15.391518 12.041486
11.421908 14.400890 12.246534
16.391814 14.820190 11.592689
11.488278 -3.369117 12.472630
11.488278 21.151383 12.472630
12.692327 -2.741392 12.400660
12.692327 21.779108 12.400660
10.549562 -2.437338 12.789708
10.549562 22.083162 12.789708
13.346015 19.081829 12.441961
15.680327 17.410315 12.077777
12.458315 14.512433 12.485252
15.415819 15.330535 11.495562
13.678760 -3.255317 12.171888
13.678760 21.265183 12.171888
9.517239 -2.637915 12.893875
9.517239 21.882585 12.893875
15.936870 20.025892 12.019080
13.090752 16.502296 12.495036
10.880142 13.236166 11.806563
9.554144 13.474015 11.547877
12.519559 -1.451614 12.796498
12.519559 23.068886 12.796498
11.168545 -1.230929 12.886121
11.168545 23.289571 12.886121
16.723900 -0.230493 6.864360
16.723900 24.290007 6.864360
14.827228 4.627018 11.490164
13.507331 5.107620 11.385604
13.260023 6.495480 11.404615
14.333862 7.402739 11.526829
15.654736 6.919685 11.630711
15.901067 5.531825 11.612379
15.056995 3.131268 11.722371
15.056995 27.651768 11.722371
14.147234 2.140640 11.517323
14.147234 26.661140 11.517323
9.177328 2.559940 12.171169
9.177328 27.080440 12.171169
14.080865 8.891133 11.291227
12.876815 9.518858 11.363198
15.019580 9.822912 10.974149
12.223127 6.821579 11.321896
9.888815 5.150065 11.686081
13.110827 2.252183 11.278605
13.110827 26.772683 11.278605
10.153323 3.070285 12.268295
10.153323 27.590785 12.268295
11.890382 9.004933 11.591969
16.051903 9.622335 10.869982
9.632272 7.765642 11.744777
12.478391 4.242047 11.268821
14.689000 0.975916 11.957294
14.689000 25.496416 11.957294
16.014998 1.213765 12.215981
16.014998 25.734265 12.215981
13.049583 10.808636 10.967360
14.400597 11.029321 10.877736
12.622318 12.490743 17.048870
13.460034 7.633232 14.885001
12.140137 7.152630 14.780440
11.892829 5.764770 14.799451
12.966668 4.857511 14.921665
14.287542 5.340565 15.025547
14.533873 6.728425 15.007215
13.689801 9.128982 15.117208
12.780040 10.119610 14.912160
7.810134 9.700310 15.566006
12.713671 3.369117 14.686064
12.713671 27.889617 14.686064
11.509621 2.741392 14.758034
11.509621 27.261892 14.758034
13.652386 2.437338 14.368986
13.652386 26.957838 14.368986
10.855933 5.438671 14.716733
8.521621 7.110185 15.080917
11.743633 10.008067 14.673442
8.786129 9.189965 15.663132
10.523188 3.255317 14.986806
10.523188 27.775817 14.986806
14.684709 2.637915 14.264819
14.684709 27.158415 14.264819
8.265078 4.494608 15.139614
11.111197 8.018204 14.663658
13.321806 11.284334 15.352131
14.647804 11.046485 15.610817
11.682389 1.451614 14.362196
11.682389 25.972114 14.362196
13.033403 1.230929 14.272573
13.033403 25.751429 14.272573
7.478048 0.230493 20.294334
7.478048 24.750993 20.294334
9.374720 19.893482 15.668530
10.694617 19.412880 15.773091
10.941925 18.025020 15.754079
9.868086 17.117761 15.631865
8.547212 17.600815 15.527983
8.300881 18.988675 15.546315
9.144953 -3.131268 15.436323
9.144953 21.389232 15.436323
10.054714 -2.140640 15.641371
10.054714 22.379860 15.641371
15.024620 -2.559940 14.987525
15.024620 21.960560 14.987525
10.121084 15.629367 15.867467
11.325133 15.001642 15.795496
9.182368 14.697588 16.184545
11.978821 17.698921 15.836798
14.313133 19.370435 15.472614
11.091121 -2.252183 15.880089
11.091121 22.268317 15.880089
14.048625 -3.070285 14.890399
14.048625 21.450215 14.890399
12.311566 15.515567 15.566725
8.150045 14.898165 16.288712
14.569676 16.754858 15.413917
11.723558 20.278453 15.889873
9.512948 -0.975916 15.201400
9.512948 23.544584 15.201400
8.186950 -1.213765 14.942713
8.186950 23.306735 14.942713
11.152365 13.711864 16.191334
9.801351 13.491179 16.280958
8.845242 12.029757 16.899497
8.007526 16.887268 19.063366
9.327424 17.367870 19.167927
9.574731 18.755730 19.148916
8.500892 19.662989 19.026702
7.180018 19.179935 18.922820
6.933687 17.792075 18.941152
7.777759 15.391518 18.831160
8.687520 14.400890 19.036208
13.657426 14.820190 18.382362
8.753890 -3.369117 19.262304
8.753890 21.151383 19.262304
9.957939 -2.741392 19.190333
9.957939 21.779108 19.190333
7.815174 -2.437338 19.579382
7.815174 22.083162 19.579382
10.611627 19.081829 19.231635
12.945939 17.410315 18.867450
9.723927 14.512433 19.274926
12.681431 15.330535 18.285236
10.944372 -3.255317 18.961562
10.944372 21.265183 18.961562
6.782851 -2.637915 19.683549
6.782851 21.882585 19.683549
13.202482 20.025892 18.808754
10.356364 16.502296 19.284710
8.145754 13.236166 18.596237
6.819756 13.474015 18.337550
9.785171 -1.451614 19.586171
9.785171 23.068886 19.586171
8.434157 -1.230929 19.675795
8.434157 23.289571 19.675795
13.989512 -0.230493 13.654033
13.989512 24.290007 13.654033
12.092840 4.627018 18.279838
10.772943 5.107620 18.175277
10.525635 6.495480 18.194288
11.599474 7.402739 18.316502
12.920348 6.919685 18.420384
13.166679 5.531825 18.402052
12.322607 3.131268 18.512045
12.322607 27.651768 18.512045
11.412846 2.140640 18.306997
11.412846 26.661140 18.306997
6.442940 2.559940 18.960842
6.442940 27.080440 18.960842
11.346477 8.891133 18.080901
10.142427 9.518858 18.152871
12.285192 9.822912 17.763823
9.488739 6.821579 18.111570
7.154427 5.150065 18.475754
10.376439 2.252183 18.068279
10.376439 26.772683 18.068279
7.418935 3.070285 19.057969
7.418935 27.590785 19.057969
9.155994 9.004933 18.381642
13.317515 9.622335 17.659656
6.897884 7.765642 18.534451
9.744003 4.242047 18.058495
11.954612 0.975916 18.746968
11.954612 25.496416 18.746968
13.280610 1.213765 19.005654
13.280610 25.734265 19.005654
10.315195 10.808636 17.757033
11.666209 11.029321 17.667409
20.825482 12.490743 -3.320150
9.887930 12.490743 23.838544
10.725646 7.633232 21.674675
9.405749 7.152630 21.570114
9.158441 5.764770 21.589125
10.232280 4.857511 21.711339
11.553154 5.340565 21.815221
11.799485 6.728425 21.796889
10.955413 9.128982 21.906882
10.045652 10.119610 21.701833
5.075746 9.700310 22.355679
9.979283 3.369117 21.475737
9.979283 27.889617 21.475737
8.775233 2.741392 21.547708
8.775233 27.261892 21.547708
10.917998 2.437338 21.158660
10.917998 26.957838 21.158660
8.121545 5.438671 21.506406
5.787233 7.110185 21.870591
9.009245 10.008067 21.463115
6.051741 9.189965 22.452805
7.788800 3.255317 21.776479
7.788800 27.775817 21.776479
11.950321 2.637915 21.054492
11.950321 27.158415 21.054492
5.530690 4.494608 21.929288
8.376809 8.018204 21.453331
10.587418 11.284334 22.141804
11.913416 11.046485 22.400491
8.948001 1.451614 21.151870
8.948001 25.972114 21.151870
10.299015 1.230929 21.062246
10.299015 25.751429 21.062246
15.681212 0.230493 -0.074686
4.743660 0.230493 27.084008
15.681212 24.750993 -0.074686
4.743660 24.750993 27.084008
6.640332 19.893482 22.458203
7.960230 19.412880 22.562764
8.207537 18.025020 22.543753
7.133698 17.117761 22.421539
5.812824 17.600815 22.317657
5.566493 18.988675 22.335989
6.410565 -3.131268 22.225996
6.410565 21.389232 22.225996
7.320326 -2.140640 22.431044
7.320326 22.379860 22.431044
12.290232 -2.559940 21.777199
12.290232 21.960560 21.777199
7.386696 15.629367 22.657141
8.590745 15.001642 22.585170
6.447980 14.697588 22.974218
9.244433 17.698921 22.626472
11.578745 19.370435 22.262287
8.356733 -2.252183 22.669763
8.356733 22.268317 22.669763
11.314237 -3.070285 21.680073
11.314237 21.450215 21.680073
9.577178 15.515567 22.356399
16.353209 14.898165 -4.080309
5.415657 14.898165 23.078385
11.835288 16.754858 22.203590
8.989170 20.278454 22.679546
6.778560 -0.975916 21.991074
6.778560 23.544584 21.991074
5.452562 -1.213765 21.732387
5.452562 23.306735 21.732387
8.417977 13.711864 22.981008
18.004515 13.491179 -4.088062
7.066963 13.491179 23.070632
17.048406 12.029757 -3.469523
6.110854 12.029757 23.689171
16.210690 16.887268 -1.305654
5.273138 16.887268 25.853040
17.530587 17.367870 -1.201093
6.593036 17.367870 25.957601
17.777895 18.755730 -1.220104
6.840343 18.755730 25.938590
16.704056 19.662989 -1.342318
5.766504 19.662989 25.816376
15.383182 19.179935 -1.446200
4.445630 19.179935 25.712494
15.136851 17.792075 -1.427868
4.199299 17.792075 25.730826
15.980923 15.391518 -1.537861
5.043371 15.391518 25.620833
16.890684 14.400890 -1.332813
5.953132 14.400890 25.825881
21.860590 14.820190 -1.986658
10.923038 14.820190 25.172036
16.957054 -3.369117 -1.106717
6.019502 -3.369117 26.051977
16.957054 21.151383 -1.106717
6.019502 21.151383 26.051977
18.161103 -2.741392 -1.178687
7.223551 -2.741392 25.980007
18.161103 21.779108 -1.178687
7.223551 21.779108 25.980007
16.018338 -2.437338 -0.789639
5.080786 -2.437338 26.369055
16.018338 22.083162 -0.789639
5.080786 22.083162 26.369055
18.814791 19.081829 -1.137386
7.877239 19.081829 26.021308
21.149103 17.410315 -1.501570
10.211551 17.410315 25.657124
17.927091 14.512433 -1.094095
6.989539 14.512433 26.064599
20.884595 15.330535 -2.083785
9.947043 15.330535 25.074909
19.147536 -3.255317 -1.407459
8.209984 -3.255317 25.751235
19.147536 21.265183 -1.407459
8.209984 21.265183 25.751235
14.986015 -2.637915 -0.685472
4.048463 -2.637915 26.473222
14.986015 21.882585 -0.685472
4.048463 21.882585 26.473222
21.405646 20.025892 -1.560267
10.468094 20.025892 25.598427
18.559527 16.502297 -1.084311
7.621976 16.502297 26.074383
16.348918 13.236166 -1.772784
5.411366 13.236166 25.385910
15.022920 13.474015 -2.031470
4.085368 13.474015 25.127224
17.988335 -1.451614 -0.782849
7.050783 -1.451614 26.375845
17.988335 23.068886 -0.782849
7.050783 23.068886 26.375845
16.637321 -1.230929 -0.693226
5.699769 -1.230929 26.465468
16.637321 23.289571 -0.693226
5.699769 23.289571 26.465468
11.255124 -0.230493 20.443707
11.255124 24.290007 20.443707
20.296004 4.627018 -2.089183
9.358452 4.627018 25.069512
18.976107 5.107620 -2.193744
8.038555 5.107620 24.964951
18.728799 6.495480 -2.174732
7.791247 6.495480 24.983962
19.802638 7.402739 -2.052518
8.865086 7.402739 25.106176
21.123512 6.919685 -1.948636
10.185960 6.919685 25.210058
21.369843 5.531825 -1.966968
10.432291 5.531825 25.191726
20.525771 3.131268 -1.856976
9.588219 3.131268 25.301718
20.525771 27.651768 -1.856976
9.588219 27.651768 25.301718
19.616010 2.140640 -2.062024
8.678458 2.140640 25.096670
19.616010 26.661140 -2.062024
8.678458 26.661140 25.096670
14.646104 2.559940 -1.408178
3.708552 2.559940 25.750516
14.646104 27.080440 -1.408178
3.708552 27.080440 25.750516
19.549640 8.891133 -2.288120
8.612089 8.891133 24.870574
18.345591 9.518858 -2.216149
7.408039 9.518858 24.942545
20.488356 9.822912 -2.605198
9.550804 9.822912 24.553496
17.691903 6.821579 -2.257451
6.754351 6.821579 24.901243
15.357591 5.150065 -1.893267
4.420040 5.150065 25.265428
18.579603 2.252183 -2.300742
7.642051 2.252183 24.857952
18.579603 26.772683 -2.300742
7.642051 26.772683 24.857952
15.622099 3.070285 -1.311052
4.684547 3.070285 25.847642
15.622099 27.590785 -1.311052
4.684547 27.590785 25.847642
17.359158 9.004933 -1.987378
6.421606 9.004933 25.171316
21.520679 9.622335 -2.709365
10.583127 9.622335 24.449329
15.101048 7.765642 -1.834570
4.163496 7.765642 25.324124
17.947167 4.242047 -2.310526
7.009615 4.242047 24.848168
20.157776 0.975916 -1.622053
9.220224 0.975916 25.536641
20.157776 25.496416 -1.622053
9.220224 25.496416 25.536641
21.483774 1.213765 -1.363366
10.546222 1.213765 25.795328
21.483774 25.734265 -1.363366
10.546222 25.734265 25.795328
18.518359 10.808636 -2.611987
7.580807 10.808636 24.546707
19.869373 11.029321 -2.701611
8.931821 11.029321 24.457083
-2.992606 12.490743 3.469523
-13.930158 12.490743 30.628217
25.118994 12.490743 3.469523
14.181442 12.490743 30.628217
-2.154890 7.633232 1.305654
-13.092442 7.633232 28.464348
25.956710 7.633232 1.305654
15.019158 7.633232 28.464348
-3.474787 7.152630 1.201093
-14.412339 7.152630 28.359787
24.636813 7.152630 1.201093
13.699261 7.152630 28.359787
-3.722095 5.764770 1.220104
-14.659647 5.764770 28.378798
24.389505 5.764770 1.220104
13.451953 5.764770 28.378798
-2.648256 4.857511 1.342318
-13.585808 4.857511 28.501013
25.463344 4.857511 1.342318
14.525792 4.857511 28.501013
-1.327382 5.340565 1.446200
-12.264934 5.340565 28.604895
26.784218 5.340565 1.446200
15.846666 5.340565 28.604895
-1.081051 6.728425 1.427868
-12.018603 6.728425 28.586562
27.030549 6.728425 1.427868
16.092997 6.728425 28.586562
-1.925123 9.128982 1.537861
-12.862675 9.128982 28.696555
26.186477 9.128982 1.537861
15.248925 9.128982 28.696555
-2.834884 10.119610 1.332813
-13.772436 10.119610 28.491507
25.276716 10.119610 1.332813
14.339164 10.119610 28.491507
20.306810 9.700310 1.986658
9.369258 9.700310 29.145353
-2.901254 3.369117 1.106717
-13.838805 3.369117 28.265411
-2.901254 27.889617 1.106717
-13.838805 27.889617 28.265411
25.210346 3.369117 1.106717
14.272795 3.369117 28.265411
25.210346 27.889617 1.106717
14.272795 27.889617 28.265411
-4.105303 2.741392 1.178687
-15.042855 2.741392 28.337381
-4.105303 27.261892 1.178687
-15.042855 27.261892 28.337381
24.006297 2.741392 1.178687
13.068745 2.741392 28.337381
24.006297 27.261892 1.178687
13.068745 27.261892 28.337381
-1.962538 2.437338 0.789639
-12.900090 2.437338 27.948333
-1.962538 26.957838 0.789639
-12.900090 26.957838 27.948333
26.149062 2.437338 0.789639
15.211510 2.437338 27.948333
26.149062 26.957838 0.789639
15.211510 26.957838 27.948333
23.352609 5.438671 1.137386
12.415057 5.438671 28.296080
21.018297 7.110185 1.501570
10.080746 7.110185 28.660264
-3.871291 10.008067 1.094095
-14.808843 10.008067 28.252789
24.240309 10.008067 1.094095
13.302757 10.008067 28.252789
21.282805 9.189965 2.083785
10.345253 9.189965 29.242479
23.019864 3.255317 1.407459
12.082312 3.255317 28.566153
23.019864 27.775817 1.407459
12.082312 27.775817 28.566153
-0.930215 2.637915 0.685472
-11.867767 2.637915 27.844166
-0.930215 27.158415 0.685472
-11.867767 27.158415 27.844166
27.181385 2.637915 0.685472
16.243833 2.637915 27.844166
27.181385 27.158415 0.685472
16.243833 27.158415 27.844166
20.761754 4.494608 1.560267
9.824202 4.494608 28.718961
-4.503727 8.018204 1.084311
-15.441279 8.018204 28.243005
23.607873 8.018204 1.084311
12.670321 8.018204 28.243005
-2.293118 11.284334 1.772784
-13.230670 11.284334 28.931478
25.818482 11.284334 1.772784
14.880930 11.284334 28.931478
-0.967120 11.046485 2.031470
-11.904672 11.046485 29.190164
27.144480 11.046485 2.031470
16.206928 11.046485 29.190164
-3.932535 1.451614 0.782849
-14.870087 1.451614 27.941543
-3.932535 25.972114 0.782849
-14.870087 25.972114 27.941543
24.179065 1.451614 0.782849
13.241513 1.451614 27.941543
24.179065 25.972114 0.782849
13.241513 25.972114 27.941543
-2.581521 1.230929 0.693226
-13.519073 1.230929 27.851920
-2.581521 25.751429 0.693226
-13.519073 25.751429 27.851920
25.530079 1.230929 0.693226
14.592527 1.230929 27.851920
25.530079 25.751429 0.693226
14.592527 25.751429 27.851920
19.974724 0.230493 6.714987
19.974724 24.750993 6.714987
21.871396 19.893482 2.089183
10.933844 19.893482 29.247877
-4.920307 19.412880 2.193744
-15.857858 19.412880 29.352438
23.191293 19.412880 2.193744
12.253742 19.412880 29.352438
-4.672999 18.025020 2.174732
-15.610551 18.025020 29.333426
23.438601 18.025020 2.174732
12.501049 18.025020 29.333426
22.364762 17.117761 2.052518
11.427210 17.117761 29.211212
21.043888 17.600815 1.948636
10.106336 17.600815 29.107330
20.797557 18.988675 1.966968
9.860005 18.988675 29.125662
21.641629 -3.131268 1.856976
10.704077 -3.131268 29.015670
21.641629 21.389232 1.856976
10.704077 21.389232 29.015670
22.551390 -2.140640 2.062024
11.613838 -2.140640 29.220718
22.551390 22.379860 2.062024
11.613838 22.379860 29.220718
-0.590304 -2.559940 1.408178
-11.527856 -2.559940 28.566872
-0.590304 21.960560 1.408178
-11.527856 21.960560 28.566872
27.521296 -2.559940 1.408178
16.583744 -2.559940 28.566872
27.521296 21.960560 1.408178
16.583744 21.960560 28.566872
22.617760 15.629367 2.288120
11.680208 15.629367 29.446814
-4.289791 15.001642 2.216149
-15.227343 15.001642 29.374844
23.821809 15.001642 2.216149
12.884257 15.001642 29.374844
21.679044 14.697588 2.605198
10.741492 14.697588 29.763892
-3.636103 17.698921 2.257451
-14.573655 17.698921 29.416145
24.475497 17.698921 2.257451
13.537945 17.698921 29.416145
-1.301791 19.370435 1.893267
-12.239343 19.370435 29.051961
26.809809 19.370435 1.893267
15.872257 19.370435 29.051961
-4.523803 -2.252183 2.300742
-15.461355 -2.252183 29.459436
-4.523803 22.268317 2.300742
-15.461355 22.268317 29.459436
23.587797 -2.252183 2.300742
12.650245 -2.252183 29.459436
23.587797 22.268317 2.300742
12.650245 22.268317 29.459436
-1.566299 -3.070285 1.311052
-12.503851 -3.070285 28.469746
-1.566299 21.450215 1.311052
-12.503851 21.450215 28.469746
26.545301 -3.070285 1.311052
15.607749 -3.070285 28.469746
26.545301 21.450215 1.311052
15.607749 21.450215 28.469746
-3.303358 15.515567 1.987378
-14.240910 15.515567 29.146072
24.808242 15.515567 1.987378
13.870690 15.515567 29.146072
20.646721 14.898165 2.709365
9.709169 14.898165 29.868059
-1.045248 16.754858 1.834570
-11.982800 16.754858 28.993264
27.066352 16.754858 1.834570
16.128800 16.754858 28.993264
-3.891367 20.278454 2.310526
-14.828918 20.278454 29.469220
24.220233 20.278454 2.310526
13.282682 20.278454 29.469220
22.009624 -0.975916 1.622053
11.072072 -0.975916 28.780747
22.009624 23.544584 1.622053
11.072072 23.544584 28.780747
20.683626 -1.213765 1.363366
9.746074 -1.213765 28.522061
20.683626 23.306735 1.363366
9.746074 23.306735 28.522061
-4.462559 13.711864 2.611987
-15.400111 13.711864 29.770681
23.649041 13.711864 2.611987
12.711489 13.711864 29.770681
22.298027 13.491179 2.701611
11.360475 13.491179 29.860305
21.341918 12.029757 3.320150
10.404366 12.029757 30.478844
20.504202 16.887268 5.484019
-6.287501 17.367870 5.588580
21.824099 17.367870 5.588580
-6.040193 18.755730 5.569569
22.071407 18.755730 5.569569
20.997568 19.662989 5.447355
19.676694 19.179935 5.343473
19.430363 17.792075 5.361805
20.274435 15.391518 5.251812
21.184196 14.400890 5.456861
-1.957498 14.820190 4.803015
26.154102 14.820190 4.803015
21.250566 -3.369117 5.682957
21.250566 21.151383 5.682957
-5.656985 -2.741392 5.610986
-5.656985 21.779108 5.610986
22.454615 -2.741392 5.610986
22.454615 21.779108 5.610986
20.311850 -2.437338 6.000034
20.311850 22.083162 6.000034
-5.003297 19.081829 5.652288
23.108303 19.081829 5.652288
-2.668985 17.410315 5.288103
25.442615 17.410315 5.288103
-5.890997 14.512433 5.695579
22.220603 14.512433 5.695579
-2.933493 15.330535 4.705889
25.178107 15.330535 4.705889
-4.670552 -3.255317 5.382215
-4.670552 21.265183 5.382215
23.441048 -3.255317 5.382215
23.441048 21.265183 5.382215
19.279527 -2.637915 6.104202
19.279527 21.882585 6.104202
-2.412442 20.025892 5.229407
25.699158 20.025892 5.229407
-5.258560 16.502296 5.705363
22.853040 16.502296 5.705363
20.642430 13.236166 5.016890
19.316432 13.474015 4.758203
-5.829753 -1.451614 6.006824
-5.829753 23.068886 6.006824
22.281847 -1.451614 6.006824
22.281847 23.068886 6.006824
20.930833 -1.230929 6.096448
20.930833 23.289571 6.096448
-1.625412 -0.230493 0.074686
-12.562964 -0.230493 27.233380
-1.625412 24.290007 0.074686
-12.562964 24.290007 27.233380
26.486188 -0.230493 0.074686
15.548636 -0.230493 27.233380
26.486188 24.290007 0.074686
15.548636 24.290007 27.233380
-3.522084 4.627018 4.700491
24.589516 4.627018 4.700491
-4.841981 5.107620 4.595930
23.269619 5.107620 4.595930
-5.089289 6.495480 4.614941
23.022311 6.495480 4.614941
-4.015450 7.402739 4.737155
24.096150 7.402739 4.737155
-2.694576 6.919685 4.841037
25.417024 6.919685 4.841037
-2.448245 5.531825 4.822705
25.663355 5.531825 4.822705
-3.292317 3.131268 4.932698
-3.292317 27.651768 4.932698
24.819283 3.131268 4.932698
24.819283 27.651768 4.932698
-4.202078 2.140640 4.727650
-4.202078 26.661140 4.727650
23.909522 2.140640 4.727650
23.909522 26.661140 4.727650
18.939616 2.559940 5.381495
18.939616 27.080440 5.381495
-4.268447 8.891133 4.501554
23.843153 8.891133 4.501554
-5.472497 9.518858 4.573524
22.639103 9.518858 4.573524
-3.329732 9.822912 4.184476
24.781868 9.822912 4.184476
21.985415 6.821579 4.532222
19.651103 5.150065 4.896407
-5.238485 2.252183 4.488932
-5.238485 26.772683 4.488932
22.873115 2.252183 4.488932
22.873115 26.772683 4.488932
19.915611 3.070285 5.478622
19.915611 27.590785 5.478622
21.652670 9.004933 4.802295
-2.297409 9.622335 4.080309
-13.234961 9.622335 31.239003
25.814191 9.622335 4.080309
14.876639 9.622335 31.239003
19.394560 7.765642 4.955104
-5.870921 4.242046 4.479148
22.240679 4.242046 4.479148
-3.660312 0.975916 5.167621
-3.660312 25.496416 5.167621
24.451288 0.975916 5.167621
24.451288 25.496416 5.167621
-2.334314 1.213765 5.426307
-2.334314 25.734265 5.426307
25.777286 1.213765 5.426307
25.777286 25.734265 5.426307
-5.299729 10.808636 4.177686
22.811871 10.808636 4.177686
-3.948715 11.029321 4.088062
-14.886267 11.029321 31.246756
24.162885 11.029321 4.088062
13.225333 11.029321 31.246756
-5.726994 12.490743 10.259197
22.384606 12.490743 10.259197
-4.889278 7.633232 8.095328
23.222322 7.633232 8.095328
-6.209175 7.152630 7.990767
21.902425 7.152630 7.990767
-6.456483 5.764770 8.009778
21.655117 5.764770 8.009778
-5.382644 4.857511 8.131992
22.728956 4.857511 8.131992
-4.061770 5.340565 8.235874
24.049830 5.340565 8.235874
-3.815439 6.728425 8.217542
24.296161 6.728425 8.217542
-4.659511 9.128982 8.327535
23.452089 9.128982 8.327535
-5.569272 10.119610 8.122486
22.542328 10.119610 8.122486
17.572422 9.700310 8.776332
-5.635641 3.369117 7.896390
-5.635641 27.889617 7.896390
22.475959 3.369117 7.896390
22.475959 27.889617 7.896390
-6.839691 2.741392 7.968361
-6.839691 27.261892 7.968361
21.271909 2.741392 7.968361
21.271909 27.261892 7.968361
-4.696926 2.437338 7.579313
-4.696926 26.957838 7.579313
23.414674 2.437338 7.579313
23.414674 26.957838 7.579313
20.618221 5.438671 7.927059
18.283909 7.110185 8.291244
-6.605679 10.008067 7.883768
21.505921 10.008067 7.883768
18.548417 9.189965 8.873458
20.285476 3.255317 8.197132
20.285476 27.775817 8.197132
-3.664603 2.637915 7.475145
-3.664603 27.158415 7.475145
24.446997 2.637915 7.475145
24.446997 27.158415 7.475145
18.027366 4.494608 8.349940
-7.238115 8.018204 7.873984
20.873485 8.018204 7.873984
-5.027506 11.284334 8.562457
23.084094 11.284334 8.562457
-3.701508 11.046485 8.821144
24.410092 11.046485 8.821144
-6.666923 1.451614 7.572523
-6.666923 25.972114 7.572523
21.444677 1.451614 7.572523
21.444677 25.972114 7.572523
-5.315909 1.230929 7.482899
-5.315909 25.751429 7.482899
22.795691 1.230929 7.482899
22.795691 25.751429 7.482899
17.240336 0.230493 13.504661
17.240336 24.750993 13.504661
19.137008 19.893482 8.878856
-7.654695 19.412880 8.983417
20.456905 19.412880 8.983417
-7.407387 18.025020 8.964406
20.704213 18.025020 8.964406
19.630374 17.117761 8.842192
18.309500 17.600815 8.738310
18.063169 18.988675 8.756642
18.907241 -3.131268 8.646649
18.907241 21.389232 8.646649
19.817002 -2.140640 8.851697
19.817002 22.379860 8.851697
-3.324692 -2.559940 8.197852
-3.324692 21.960560 8.197852
24.786908 -2.559940 8.197852
24.786908 21.960560 8.197852
19.883372 15.629367 9.077793
-7.024179 15.001642 9.005823
21.087421 15.001642 9.005823
18.944656 14.697588 9.394871
-6.370491 17.698921 9.047125
21.741109 17.698921 9.047125
-4.036179 19.370435 8.682940
24.075421 19.370435 8.682940
-7.258191 -2.252183 9.090415
-7.258191 22.268317 9.090415
20.853409 -2.252183 9.090415
20.853409 22.268317 9.090415
-4.300687 -3.070285 8.100726
-4.300687 21.450215 8.100726
23.810913 -3.070285 8.100726
23.810913 21.450215 8.100726
-6.037746 15.515567 8.777052
22.073854 15.515567 8.777052
17.912333 14.898165 9.499038
-3.779636 16.754858 8.624243
24.331964 16.754858 8.624243
-6.625754 20.278454 9.100199
21.485846 20.278454 9.100199
19.275236 -0.975916 8.411727
19.275236 23.544584 8.411727
17.949238 -1.213765 8.153040
17.949238 23.306735 8.153040
-7.196947 13.711864 9.401661
20.914653 13.711864 9.401661
19.563639 13.491179 9.491285
18.607530 12.029757 10.109824
17.769814 16.887268 12.273693
-9.021889 17.367870 12.378254
19.089711 17.367870 12.378254
-8.774581 18.755730 12.359243
19.337019 18.755730 12.359243
18.263180 19.662989 12.237029
16.942306 19.179935 12.133147
16.695975 17.792075 12.151479
17.540047 15.391518 12.041486
18.449808 14.400890 12.246534
-4.691886 14.820190 11.592689
23.419714 14.820190 11.592689
18.516178 -3.369117 12.472630
18.516178 21.151383 12.472630
-8.391373 -2.741392 12.400660
-8.391373 21.779108 12.400660
19.720227 -2.741392 12.400660
19.720227 21.779108 12.400660
17.577462 -2.437338 12.789708
17.577462 22.083162 12.789708
-7.737685 19.081829 12.441961
20.373915 19.081829 12.441961
-5.403373 17.410315 12.077777
22.708227 17.410315 12.077777
-8.625385 14.512433 12.485252
19.486215 14.512433 12.485252
-5.667881 15.330535 11.495562
22.443719 15.330535 11.495562
-7.404940 -3.255317 12.171888
-7.404940 21.265183 12.171888
20.706660 -3.255317 12.171888
20.706660 21.265183 12.171888
16.545139 -2.637915 12.893875
16.545139 21.882585 12.893875
-5.146830 20.025892 12.019080
22.964770 20.025892 12.019080
-7.992948 16.502296 12.495036
20.118652 16.502296 12.495036
17.908042 13.236166 11.806563
16.582044 13.474015 11.547877
-8.564141 -1.451614 12.796498
-8.564141 23.068886 12.796498
19.547459 -1.451614 12.796498
19.547459 23.068886 12.796498
18.196445 -1.230929 12.886121
18.196445 23.289571 12.886121
-4.359800 -0.230493 6.864360
-4.359800 24.290007 6.864360
23.751800 -0.230493 6.864360
23.751800 24.290007 6.864360
-6.256472 4.627018 11.490164
21.855128 4.627018 11.490164
-7.576369 5.107620 11.385604
20.535231 5.107620 11.385604
-7.823677 6.495480 11.404615
20.287923 6.495480 11.404615
-6.749838 7.402739 11.526829
21.361762 7.402739 11.526829
-5.428964 6.919685 11.630711
22.682636 6.919685 11.630711
-5.182633 5.531825 11.612379
22.928967 5.531825 11.612379
-6.026705 3.131268 11.722371
-6.026705 27.651768 11.722371
22.084895 3.131268 11.722371
22.084895 27.651768 11.722371
-6.936466 2.140640 11.517323
-6.936466 26.661140 11.517323
21.175134 2.140640 11.517323
21.175134 26.661140 11.517323
16.205228 2.559940 12.171169
16.205228 27.080440 12.171169
-7.002835 8.891133 11.291227
21.108765 8.891133 11.291227
-8.206885 9.518858 11.363198
19.904715 9.518858 11.363198
-6.064120 9.822912 10.974149
22.047480 9.822912 10.974149
19.251027 6.821579 11.321896
16.916715 5.150065 11.686081
-7.972873 2.252183 11.278605
-7.972873 26.772683 11.278605
20.138727 2.252183 11.278605
20.138727 26.772683 11.278605
17.181223 3.070285 12.268295
17.181223 27.590785 12.268295
18.918282 9.004933 11.591969
-5.031797 9.622335 10.869982
23.079803 9.622335 10.869982
16.660172 7.765642 11.744777
-8.605309 4.242047 11.268821
19.506291 4.242047 11.268821
-6.394700 0.975916 11.957294
-6.394700 25.496416 11.957294
21.716900 0.975916 11.957294
21.716900 25.496416 11.957294
-5.068702 1.213765 12.215981
-5.068702 25.734265 12.215981
23.042898 1.213765 12.215981
23.042898 25.734265 12.215981
-8.034117 10.808636 10.967360
20.077483 10.808636 10.967360
-6.683103 11.029321 10.877736
21.428497 11.029321 10.877736
-8.461382 12.490743 17.048870
19.650218 12.490743 17.048870
-7.623666 7.633232 14.885001
20.487934 7.633232 14.885001
-8.943563 7.152630 14.780440
19.168037 7.152630 14.780440
-9.190871 5.764770 14.799451
18.920729 5.764770 14.799451
-8.117032 4.857511 14.921665
19.994568 4.857511 14.921665
-6.796158 5.340565 15.025547
21.315442 5.340565 15.025547
-6.549827 6.728425 15.007215
21.561773 6.728425 15.007215
-7.393899 9.128982 15.117208
20.717701 9.128982 15.117208
-8.303660 10.119610 14.912160
19.807940 10.119610 14.912160
14.838034 9.700310 15.566006
-8.370029 3.369117 14.686064
-8.370029 27.889617 14.686064
19.741571 3.369117 14.686064
19.741571 27.889617 14.686064
-9.574079 2.741392 14.758034
-9.574079 27.261892 14.758034
18.537521 2.741392 14.758034
18.537521 27.261892 14.758034
-7.431314 2.437338 14.368986
-7.431314 26.957838 14.368986
20.680286 2.437338 14.368986
20.680286 26.957838 14.368986
17.883833 5.438671 14.716733
15.549521 7.110185 15.080917
-9.340067 10.008067 14.673442
18.771533 10.008067 14.673442
15.814029 9.189965 15.663132
17.551088 3.255317 14.986806
17.551088 27.775817 14.986806
-6.398991 2.637915 14.264819
-6.398991 27.158415 14.264819
21.712609 2.637915 14.264819
21.712609 27.158415 14.264819
15.292978 4.494608 15.139614
-9.972503 8.018204 14.663658
18.139097 8.018204 14.663658
-7.761894 11.284334 15.352131
20.349706 11.284334 15.352131
-6.435896 11.046485 15.610817
21.675704 11.046485 15.610817
-9.401311 1.451614 14.362196
-9.401311 25.972114 14.362196
18.710289 1.451614 14.362196
18.710289 25.972114 14.362196
-8.050297 1.230929 14.272573
-8.050297 25.751429 14.272573
20.061303 1.230929 14.272573
20.061303 25.751429 14.272573
14.505948 0.230493 20.294334
14.505948 24.750993 20.294334
16.402620 19.893482 15.668530
-10.389083 19.412880 15.773091
17.722517 19.412880 15.773091
-10.141775 18.025020 15.754079
17.969825 18.025020 15.754079
16.895986 17.117761 15.631865
15.575112 17.600815 15.527983
15.328781 18.988675 15.546315
16.172853 -3.131268 15.436323
16.172853 21.389232 15.436323
17.082614 -2.140640 15.641371
17.082614 22.379860 15.641371
-6.059080 -2.559940 14.987525
-6.059080 21.960560 14.987525
22.052520 -2.559940 14.987525
22.052520 21.960560 14.987525
17.148984 15.629367 15.867467
-9.758567 15.001642 15.795496
18.353033 15.001642 15.795496
16.210268 14.697588 16.184545
-9.104879 17.698921 15.836798
19.006721 17.698921 15.836798
-6.770567 19.370435 15.472614
21.341033 19.370435 15.472614
-9.992579 -2.252183 15.880089
-9.992579 22.268317 15.880089
18.119021 -2.252183 15.880089
18.119021 22.268317 15.880089
-7.035075 -3.070285 14.890399
-7.035075 21.450215 14.890399
21.076525 -3.070285 14.890399
21.076525 21.450215 14.890399
-8.772134 15.515567 15.566725
19.339466 15.515567 15.566725
15.177945 14.898165 16.288712
-6.514024 16.754858 15.413917
21.597576 16.754858 15.413917
-9.360142 20.278453 15.889873
18.751458 20.278453 15.889873
16.540848 -0.975916 15.201400
16.540848 23.544584 15.201400
15.214850 -1.213765 14.942713
15.214850 23.306735 14.942713
-9.931335 13.711864 16.191334
18.180265 13.711864 16.191334
16.829251 13.491179 16.280958
15.873142 12.029757 16.899497
15.035426 16.887268 19.063366
-11.756276 17.367870 19.167927
16.355324 17.367870 19.167927
-11.508969 18.755730 19.148916
16.602631 18.755730 19.148916
15.528792 19.662989 19.026702
14.207918 19.179935 18.922820
13.961587 17.792075 18.941152
14.805659 15.391518 18.831160
15.715420 14.400890 19.036208
-7.426274 14.820190 18.382362
20.685326 14.820190 18.382362
15.781790 -3.369117 19.262304
15.781790 21.151383 19.262304
-11.125761 -2.741392 19.190333
-11.125761 21.779108 19.190333
16.985839 -2.741392 19.190333
16.985839 21.779108 19.190333
14.843074 -2.437338 19.579382
14.843074 22.083162 19.579382
-10.472073 19.081829 19.231635
17.639527 19.081829 19.231635
-8.137761 17.410315 18.867450
19.973839 17.410315 18.867450
-11.359773 14.512433 19.274926
16.751827 14.512433 19.274926
-8.402269 15.330535 18.285236
19.709331 15.330535 18.285236
-10.139328 -3.255317 18.961562
-10.139328 21.265183 18.961562
17.972272 -3.255317 18.961562
17.972272 21.265183 18.961562
13.810751 -2.637915 19.683549
13.810751 21.882585 19.683549
-7.881218 20.025892 18.808754
20.230382 20.025892 18.808754
-10.727336 16.502296 19.284710
17.384264 16.502296 19.284710
15.173654 13.236166 18.596237
13.847656 13.474015 18.337550
-11.298529 -1.451614 19.586171
-11.298529 23.068886 19.586171
16.813071 -1.451614 19.586171
16.813071 23.068886 19.586171
15.462057 -1.230929 19.675795
15.462057 23.289571 19.675795
-7.094188 -0.230493 13.654033
-7.094188 24.290007 13.654033
21.017412 -0.230493 13.654033
21.017412 24.290007 13.654033
-8.990860 4.627018 18.279838
19.120740 4.627018 18.279838
-10.310757 5.107620 18.175277
17.800843 5.107620 18.175277
-10.558065 6.495480 18.194288
17.553535 6.495480 18.194288
-9.484226 7.402739 18.316502
18.627374 7.402739 18.316502
-8.163352 6.919685 18.420384
19.948248 6.919685 18.420384
-7.917021 5.531825 18.402052
20.194579 5.531825 18.402052
-8.761093 3.131268 18.512045
-8.761093 27.651768 18.512045
19.350507 3.131268 18.512045
19.350507 27.651768 18.512045
-9.670854 2.140640 18.306997
-9.670854 26.661140 18.306997
18.440746 2.140640 18.306997
18.440746 26.661140 18.306997
13.470840 2.559940 18.960842
13.470840 27.080440 18.960842
-9.737223 8.891133 18.080901
18.374377 8.891133 18.080901
-10.941273 9.518858 18.152871
17.170327 9.518858 18.152871
-8.798508 9.822912 17.763823
19.313092 9.822912 17.763823
16.516639 6.821579 18.111570
14.182327 5.150065 18.475754
-10.707261 2.252183 18.068279
-10.707261 26.772683 18.068279
17.404339 2.252183 18.068279
17.404339 26.772683 18.068279
14.446835 3.070285 19.057969
14.446835 27.590785 19.057969
16.183894 9.004933 18.381642
-7.766185 9.622335 17.659656
20.345415 9.622335 17.659656
13.925784 7.765642 18.534451
-11.339697 4.242047 18.058495
16.771903 4.242047 18.058495
-9.129088 0.975916 18.746968
-9.129088 25.496416 18.746968
18.982512 0.975916 18.746968
18.982512 25.496416 18.746968
-7.803090 1.213765 19.005654
-7.803090 25.734265 19.005654
20.308510 1.213765 19.005654
20.308510 25.734265 19.005654
-10.768505 10.808636 17.757033
17.343095 10.808636 17.757033
-9.417491 11.029321 17.667409
18.694109 11.029321 17.667409
-0.258218 12.490743 -3.320150
-11.195770 12.490743 23.838544
27.853382 12.490743 -3.320150
16.915830 12.490743 23.838544
-10.358054 7.633232 21.674675
17.753546 7.633232 21.674675
-11.677951 7.152630 21.570114
16.433649 7.152630 21.570114
-11.925259 5.764770 21.589125
16.186341 5.764770 21.589125
-10.851420 4.857511 21.711339
17.260180 4.857511 21.711339
-9.530546 5.340565 21.815221
18.581054 5.340565 21.815221
-9.284215 6.728425 21.796889
18.827385 6.728425 21.796889
-10.128287 9.128982 21.906882
17.983313 9.128982 21.906882
-11.038048 10.119610 21.701833
17.073552 10.119610 21.701833
12.103646 9.700310 22.355679
-11.104417 3.369117 21.475737
-11.104417 27.889617 21.475737
17.007183 3.369117 21.475737
17.007183 27.889617 21.475737
-12.308467 2.741392 21.547708
-12.308467 27.261892 21.547708
15.803133 2.741392 21.547708
15.803133 27.261892 21.547708
-10.165702 2.437338 21.158660
-10.165702 26.957838 21.158660
17.945898 2.437338 21.158660
17.945898 26.957838 21.158660
15.149445 5.438671 21.506406
12.815133 7.110185 21.870591
-12.074455 10.008067 21.463115
16.037145 10.008067 21.463115
13.079641 9.189965 22.452805
14.816700 3.255317 21.776479
14.816700 27.775817 21.776479
-9.133379 2.637915 21.054492
-9.133379 27.158415 21.054492
18.978221 2.637915 21.054492
18.978221 27.158415 21.054492
12.558590 4.494608 21.929288
-12.706891 8.018204 21.453331
15.404709 8.018204 21.453331
-10.496282 11.284334 22.141804
17.615318 11.284334 22.141804
-9.170284 11.046485 22.400491
18.941316 11.046485 22.400491
-12.135699 1.451614 21.151870
-12.135699 25.972114 21.151870
15.975901 1.451614 21.151870
15.975901 25.972114 21.151870
-10.784685 1.230929 21.062246
-10.784685 25.751429 21.062246
17.326915 1.230929 21.062246
17.326915 25.751429 21.062246
22.709112 0.230493 -0.074686
11.771560 0.230493 27.084008
22.709112 24.750993 -0.074686
11.771560 24.750993 27.084008
13.668232 19.893482 22.458203
-13.123470 19.412880 22.562764
14.988130 19.412880 22.562764
-12.876163 18.025020 22.543753
15.235437 18.025020 22.543753
14.161598 17.117761 22.421539
12.840724 17.600815 22.317657
12.594393 18.988675 22.335989
13.438465 -3.131268 22.225996
13.438465 21.389232 22.225996
14.348226 -2.140640 22.431044
14.348226 22.379860 22.431044
-8.793468 -2.559940 21.777199
-8.793468 21.960560 21.777199
19.318132 -2.559940 21.777199
19.318132 21.960560 21.777199
14.414596 15.629367 22.657141
-12.492955 15.001642 22.585170
15.618645 15.001642 22.585170
13.475880 14.697588 22.974218
-11.839267 17.698921 22.626472
16.272333 17.698921 22.626472
-9.504955 19.370435 22.262287
18.606645 19.370435 22.262287
-12.726967 -2.252183 22.669763
-12.726967 22.268317 22.669763
15.384633 -2.252183 22.669763
15.384633 22.268317 22.669763
-9.769463 -3.070285 21.680073
-9.769463 21.450215 21.680073
18.342137 -3.070285 21.680073
18.342137 21.450215 21.680073
-11.506522 15.515567 22.356399
16.605078 15.515567 22.356399
23.381109 14.898165 -4.080309
12.443557 14.898165 23.078385
-9.248412 16.754858 22.203590
18.863188 16.754858 22.203590
-12.094530 20.278454 22.679546
16.017070 20.278454 22.679546
13.806460 -0.975916 21.991074
13.806460 23.544584 21.991074
12.480462 -1.213765 21.732387
12.480462 23.306735 21.732387
-12.665723 13.711864 22.981008
15.445877 13.711864 22.981008
25.032415 13.491179 -4.088062
14.094863 13.491179 23.070632
24.076306 12.029757 -3.469523
13.138754 12.029757 23.689171
23.238590 16.887268 -1.305654
12.301038 16.887268 25.853040
-3.553113 17.367870 -1.201093
-14.490664 17.367870 25.957601
24.558487 17.367870 -1.201093
13.620936 17.367870 25.957601
-3.305805 18.755730 -1.220104
-14.243357 18.755730 25.938590
24.805795 18.755730 -1.220104
13.868243 18.755730 25.938590
23.731956 19.662989 -1.342318
12.794404 19.662989 25.816376
22.411082 19.179935 -1.446200
11.473530 19.179935 25.712494
22.164751 17.792075 -1.427868
11.227199 17.792075 25.730826
23.008823 15.391518 -1.537861
12.071271 15.391518 25.620833
23.918584 14.400890 -1.332813
12.981032 14.400890 25.825881
0.776890 14.820190 -1.986658
-10.160662 14.820190 25.172036
28.888490 14.820190 -1.986658
17.950938 14.820190 25.172036
23.984954 -3.369117 -1.106717
13.047402 -3.369117 26.051977
23.984954 21.151383 -1.106717
13.047402 21.151383 26.051977
-2.922597 -2.741392 -1.178687
-13.860149 -2.741392 25.980007
-2.922597 21.779108 -1.178687
-13.860149 21.779108 25.980007
25.189003 -2.741392 -1.178687
14.251451 -2.741392 25.980007
25.189003 21.779108 -1.178687
14.251451 21.779108 25.980007
23.046238 -2.437338 -0.789639
12.108686 -2.437338 26.369055
23.046238 22.083162 -0.789639
12.108686 22.083162 26.369055
-2.268909 19.081829 -1.137386
-13.206461 19.081829 26.021308
25.842691 19.081829 -1.137386
14.905139 19.081829 26.021308
0.065403 17.410315 -1.501570
-10.872149 17.410315 25.657124
28.177003 17.410315 -1.501570
17.239451 17.410315 25.657124
-3.156609 14.512433 -1.094095
-14.094161 14.512433 26.064599
24.954991 14.512433 -1.094095
14.017439 14.512433 26.064599
-0.199105 15.330535 -2.083785
-11.136657 15.330535 25.074909
27.912495 15.330535 -2.083785
16.974943 15.330535 25.074909
-1.936164 -3.255317 -1.407459
-12.873716 -3.255317 25.751235
-1.936164 21.265183 -1.407459
-12.873716 21.265183 25.751235
26.175436 -3.255317 -1.407459
15.237884 -3.255317 25.751235
26.175436 21.265183 -1.407459
15.237884 21.265183 25.751235
22.013915 -2.637915 -0.685472
11.076363 -2.637915 26.473222
22.013915 21.882585 -0.685472
11.076363 21.882585 26.473222
0.321946 20.025892 -1.560267
-10.615606 20.025892 25.598427
28.433546 20.025892 -1.560267
17.495994 20.025892 25.598427
-2.524173 16.502297 -1.084311
-13.461724 16.502297 26.074383
25.587427 16.502297 -1.084311
14.649876 16.502297 26.074383
23.376818 13.236166 -1.772784
12.439266 13.236166 25.385910
22.050820 13.474015 -2.031470
11.113268 13.474015 25.127224
-3.095365 -1.451614 -0.782849
-14.032917 -1.451614 26.375845
-3.095365 23.068886 -0.782849
-14.032917 23.068886 26.375845
25.016235 -1.451614 -0.782849
14.078683 -1.451614 26.375845
25.016235 23.068886 -0.782849
14.078683 23.068886 26.375845
23.665221 -1.230929 -0.693226
12.727669 -1.230929 26.465468
23.665221 23.289571 -0.693226
12.727669 23.289571 26.465468
-9.828576 -0.230493 20.443707
-9.828576 24.290007 20.443707
18.283024 -0.230493 20.443707
18.283024 24.290007 20.443707
-0.787696 4.627018 -2.089183
-11.725248 4.627018 25.069512
27.323904 4.627018 -2.089183
16.386352 4.627018 25.069512
-2.107593 5.107620 -2.193744
-13.045145 5.107620 24.964951
26.004007 5.107620 -2.193744
15.066455 5.107620 24.964951
-2.354901 6.495480 -2.174732
-13.292453 6.495480 24.983962
25.756699 6.495480 -2.174732
14.819147 6.495480 24.983962
-1.281062 7.402739 -2.052518
-12.218614 7.402739 25.106176
26.830538 7.402739 -2.052518
15.892986 7.402739 25.106176
0.039812 6.919685 -1.948636
-10.897740 6.919685 25.210058
28.151412 6.919685 -1.948636
17.213860 6.919685 25.210058
0.286143 5.531825 -1.966968
-10.651409 5.531825 25.191726
28.397743 5.531825 -1.966968
17.460191 5.531825 25.191726
-0.557929 3.131268 -1.856976
-11.495481 3.131268 25.301718
-0.557929 27.651768 -1.856976
-11.495481 27.651768 25.301718
27.553671 3.131268 -1.856976
16.616119 3.131268 25.301718
27.553671 27.651768 -1.856976
16.616119 27.651768 25.301718
-1.467690 2.140640 -2.062024
-12.405242 2.140640 25.096670
-1.467690 26.661140 -2.062024
-12.405242 26.661140 25.096670
26.643910 2.140640 -2.062024
15.706358 2.140640 25.096670
26.643910 26.661140 -2.062024
15.706358 26.661140 25.096670
21.674004 2.559940 -1.408178
10.736452 2.559940 25.750516
21.674004 27.080440 -1.408178
10.736452 27.080440 25.750516
-1.534060 8.891133 -2.288120
-12.471611 8.891133 24.870574
26.577540 8.891133 -2.288120
15.639989 8.891133 24.870574
-2.738109 9.518858 -2.216149
-13.675661 9.518858 24.942545
25.373491 9.518858 -2.216149
14.435939 9.518858 24.942545
-0.595344 9.822912 -2.605198
-11.532896 9.822912 24.553496
27.516256 9.822912 -2.605198
16.578704 9.822912 24.553496
24.719803 6.821579 -2.257451
13.782251 6.821579 24.901243
22.385491 5.150065 -1.893267
11.447940 5.150065 25.265428
-2.504097 2.252183 -2.300742
-13.441649 2.252183 24.857952
-2.504097 26.772683 -2.300742
-13.441649 26.772683 24.857952
25.607503 2.252183 -2.300742
14.669951 2.252183 24.857952
25.607503 26.772683 -2.300742
14.669951 26.772683 24.857952
22.649999 3.070285 -1.311052
11.712447 3.070285 25.847642
22.649999 27.590785 -1.311052
11.712447 27.590785 25.847642
24.387058 9.004933 -1.987378
13.449506 9.004933 25.171316
0.436979 9.622335 -2.709365
-10.500573 9.622335 24.449329
28.548579 9.622335 -2.709365
17.611027 9.622335 24.449329
22.128948 7.765642 -1.834570
11.191396 7.765642 25.324124
-3.136533 4.242047 -2.310526
-14.074085 4.242047 24.848168
24.975067 4.242047 -2.310526
14.037515 4.242047 24.848168
-0.925924 0.975916 -1.622053
-11.863476 0.975916 25.536641
-0.925924 25.496416 -1.622053
-11.863476 25.496416 25.536641
27.185676 0.975916 -1.622053
16.248124 0.975916 25.536641
27.185676 25.496416 -1.622053
16.248124 25.496416 25.536641
0.400074 1.213765 -1.363366
-10.537478 1.213765 25.795328
0.400074 25.734265 -1.363366
-10.537478 25.734265 25.795328
28.511674 1.213765 -1.363366
17.574122 1.213765 25.795328
28.511674 25.734265 -1.363366
17.574122 25.734265 25.795328
-2.565341 10.808636 -2.611987
-13.502893 10.808636 24.546707
25.546259 10.808636 -2.611987
14.608707 10.808636 24.546707
-1.214327 11.029321 -2.701611
-12.151879 11.029321 24.457083
26.897273 11.029321 -2.701611
15.959721 11.029321 24.457083
LINES 3980 11940
2 0 78
2 0 198
2 0 315
2 0 1215
2 1 79
2 1 199
2 1 316
2 2 4
2 2 16
2 2 18
2 3 5
2 3 17
2 3 19
2 4 8
2 4 74
2 5 9
2 5 75
2 6 10
2 6 76
2 7 11
2 7 77
2 8 12
2 8 42
2 9 13
2 9 43
2 10 44
2 11 45
2 12 14
2 12 26
2 13 15
2 13 27
2 14 16
2 14 1107
2 15 17
2 15 1108
2 16 1093
2 17 1094
2 18 20
2 18 1077
2 19 21
2 19 1078
2 20 50
2 20 78
2 21 51
2 21 79
2 22 54
2 22 2399
2 22 2465
2 23 55
2 23 2400
2 23 2466
2 24 56
2 24 2401
2 24 2467
2 25 57
2 25 2402
2 25 2468
2 26 30
2 26 38
2 27 31
2 27 39
2 28 32
2 28 40
2 29 33
2 29 41
2 30 58
2 30 82
2 31 59
2 31 83
2 32 60
2 32 84
2 33 61
2 33 85
2 34 62
2 34 86
2 35 63
2 35 87
2 36 64
2 36 88
2 37 65
2 37 89
2 38 66
2 38 90
2 39 67
2 39 91
2 40 68
2 40 92
2 41 69
2 41 93
2 46 2395
2 47 2396
2 48 2397
2 49 2398
2 70 2391
2 71 2392
2 72 2393
2 73 2394
2 78 80
2 79 81
2 80 1077
2 80 1187
2 81 1078
2 81 1188
2 82 90
2 82 785
2 83 91
2 83 786
2 84 92
2 84 787
2 85 93
2 85 788
2 86 789
2 87 790
2 88 791
2 89 792
2 90 265
2 91 266
2 92 267
2 93 268
2 94 261
2 94 358
2 94 410
2 94 2683
2 95 262
2 95 359
2 95 411
2 95 2684
2 96 263
2 96 360
2 96 412
2 96 2685
2 97 264
2 97 361
2 97 413
2 97 2686
2 98 102
2 98 118
2 98 124
2 99 103
2 99 119
2 99 125
2 100 104
2 100 120
2 100 128
2 101 105
2 101 121
2 101 129
2 102 106
2 102 178
2 103 107
2 103 179
2 104 108
2 104 180
2 105 109
2 105 181
2 106 110
2 106 154
2 107 111
2 107 155
2 108 112
2 109 113
2 110 114
2 110 142
2 111 115
2 111 143
2 112 116
2 112 144
2 113 117
2 113 145
2 114 118
2 114 2557
2 115 119
2 115 2558
2 116 120
2 116 2559
2 117 121
2 117 2560
2 118 2531
2 119 2532
2 120 2533
2 121 2534
2 122 130
2 122 2511
2 123 131
2 123 2512
2 124 132
2 124 2513
2 125 133
2 125 2514
2 126 134
2 126 2515
2 127 135
2 127 2516
2 128 136
2 128 2517
2 129 137
2 129 2518
2 130 158
2 130 182
2 131 159
2 131 183
2 132 160
2 132 184
2 133 161
2 133 185
2 134 162
2 134 186
2 135 163
2 135 187
2 136 164
2 136 188
2 137 165
2 137 189
2 138 166
2 138 1137
2 138 1179
2 139 167
2 139 1138
2 139 1180
2 140 168
2 140 1139
2 140 1181
2 141 169
2 141 1140
2 141 1182
2 142 146
2 142 150
2 143 147
2 143 151
2 144 148
2 144 152
2 145 149
2 145 153
2 146 170
2 146 198
2 147 171
2 147 199
2 148 200
2 149 201
2 150 172
2 150 202
2 151 173
2 151 203
2 152 174
2 152 204
2 153 175
2 153 205
2 156 1135
2 157 1136
2 176 1133
2 177 1134
2 182 190
2 182 785
2 183 191
2 183 786
2 184 192
2 184 787
2 185 193
2 185 788
2 186 194
2 186 789
2 187 195
2 187 790
2 188 196
2 188 791
2 189 197
2 189 792
2 190 2511
2 190 2627
2 191 2512
2 191 2628
2 192 2513
2 192 2629
2 193 2514
2 193 2630
2 194 2515
2 194 2631
2 195 2516
2 195 2632
2 196 2517
2 196 2633
2 197 2518
2 197 2634
2 198 202
2 199 203
2 200 204
2 201 205
2 202 206
2 203 207
2 204 208
2 205 209
2 206 253
2 206 313
2 206 2465
2 207 2466
2 208 254
2 208 314
2 208 2467
2 209 2468
2 210 212
2 210 220
2 210 222
2 211 213
2 211 221
2 211 223
2 212 214
2 212 251
2 213 215
2 213 252
2 214 216
2 214 239
2 215 217
2 216 218
2 216 228
2 217 219
2 217 230
2 218 220
2 218 2615
2 219 221
2 219 2616
2 220 2603
2 221 2604
2 222 224
2 222 2591
2 223 225
2 223 2592
2 224 241
2 224 253
2 225 242
2 225 254
2 226 243
2 226 1195
2 226 1215
2 227 231
2 227 235
2 228 232
2 228 236
2 229 233
2 229 237
2 230 234
2 230 238
2 231 244
2 231 257
2 232 245
2 232 258
2 233 259
2 234 260
2 235 246
2 235 261
2 236 247
2 236 262
2 237 248
2 237 263
2 238 249
2 238 264
2 240 1194
2 250 1193
2 253 255
2 254 256
2 255 2371
2 255 2591
2 256 2373
2 256 2592
2 257 261
2 257 479
2 258 262
2 258 480
2 259 263
2 260 264
2 265 949
2 265 1045
2 265 1179
2 266 950
2 266 1046
2 266 1180
2 267 951
2 267 1047
2 267 1181
2 268 952
2 268 1048
2 268 1182
2 269 270
2 269 276
2 269 277
2 270 272
2 270 307
2 271 273
2 271 308
2 272 274
2 272 289
2 273 290
2 274 275
2 274 285
2 275 276
2 275 1248
2 276 1240
2 277 279
2 277 1234
2 278 280
2 278 1235
2 279 293
2 279 309
2 280 294
2 280 310
2 281 297
2 281 2647
2 281 2683
2 282 298
2 282 2648
2 282 2684
2 283 299
2 283 2649
2 283 2685
2 284 300
2 284 2650
2 284 2686
2 285 286
2 285 288
2 286 301
2 286 313
2 287 302
2 287 314
2 288 303
2 288 315
2 291 2645
2 292 2646
2 305 2643
2 306 2644
2 309 311
2 309 479
2 310 312
2 310 480
2 311 1123
2 311 1234
2 312 1124
2 312 1235
2 313 315
2 317 356
2 317 418
2 317 526
2 317 1349
2 318 319
2 318 325
2 318 326
2 319 321
2 319 354
2 320 322
2 320 355
2 321 323
2 321 338
2 322 339
2 323 324
2 323 330
2 324 325
2 324 1281
2 325 1274
2 326 327
2 326 1266
2 327 342
2 327 356
2 328 344
2 328 2707
2 328 2740
2 329 345
2 329 2708
2 329 2741
2 330 332
2 330 336
2 331 333
2 331 337
2 332 346
2 332 358
2 333 347
2 333 359
2 334 348
2 334 360
2 335 349
2 335 361
2 336 350
2 336 362
2 337 351
2 337 363
2 340 2705
2 341 2706
2 352 2703
2 353 2704
2 356 357
2 357 1266
2 357 1322
2 358 362
2 359 363
2 362 479
2 363 480
2 364 475
2 364 568
2 364 620
2 364 2895
2 365 476
2 365 569
2 365 621
2 365 2896
2 366 477
2 366 570
2 366 622
2 366 2897
2 367 478
2 367 571
2 367 623
2 367 2898
2 368 370
2 368 378
2 368 381
2 369 371
2 369 379
2 369 383
2 370 372
2 370 408
2 371 373
2 371 409
2 372 374
2 372 396
2 373 375
2 374 376
2 374 390
2 375 377
2 375 391
2 376 378
2 376 2787
2 377 379
2 377 2788
2 378 2774
2 379 2775
2 380 384
2 380 2764
2 381 385
2 381 2765
2 382 386
2 382 2766
2 383 387
2 383 2767
2 384 398
2 384 410
2 385 399
2 385 411
2 386 400
2 386 412
2 387 401
2 387 413
2 388 402
2 388 1297
2 388 1318
2 389 403
2 389 1298
2 389 1319
2 390 392
2 390 394
2 391 393
2 391 395
2 392 404
2 392 418
2 393 419
2 394 405
2 394 420
2 395 406
2 395 421
2 397 1296
2 407 1295
2 410 414
2 411 415
2 412 416
2 413 417
2 414 2764
2 414 2845
2 415 2765
2 415 2846
2 416 2766
2 416 2847
2 417 2767
2 417 2848
2 418 420
2 419 421
2 420 422
2 421 423
2 422 467
2 422 524
2 422 2740
2 423 468
2 423 525
2 423 2741
2 424 426
2 424 434
2 424 436
2 425 427
2 425 435
2 425 437
2 426 428
2 426 465
2 427 429
2 427 466
2 428 430
2 428 453
2 429 431
2 430 432
2 430 442
2 431 433
2 431 444
2 432 434
2 432 2833
2 433 435
2 433 2834
2 434 2821
2 435 2822
2 436 438
2 436 2809
2 437 439
2 437 2810
2 438 455
2 438 467
2 439 456
2 439 468
2 440 457
2 440 1329
2 440 1349
2 441 445
2 441 449
2 442 446
2 442 450
2 443 447
2 443 451
2 444 448
2 444 452
2 445 458
2 445 471
2 446 459
2 446 472
2 447 473
2 448 474
2 449 460
2 449 475
2 450 461
2 450 476
2 451 462
2 451 477
2 452 463
2 452 478
2 454 1328
2 464 1327
2 467 469
2 468 470
2 469 2693
2 469 2809
2 470 2694
2 470 2810
2 471 475
2 471 689
2 472 476
2 472 690
2 473 477
2 474 478
2 479 1318
2 480 1319
2 481 482
2 481 488
2 481 489
2 482 484
2 482 518
2 483 485
2 483 519
2 484 486
2 484 501
2 485 502
2 486 487
2 486 497
2 487 488
2 487 1379
2 488 1372
2 489 491
2 489 1366
2 490 492
2 490 1367
2 491 505
2 491 520
2 492 506
2 492 521
2 493 509
2 493 2861
2 493 2895
2 494 510
2 494 2862
2 494 2896
2 495 511
2 495 2863
2 495 2897
2 496 512
2 496 2864
2 496 2898
2 497 498
2 497 500
2 498 513
2 498 524
2 499 514
2 499 525
2 500 515
2 500 526
2 503 2859
2 504 2860
2 516 2857
2 517 2858
2 520 522
2 520 689
2 521 523
2 521 690
2 522 1289
2 522 1366
2 523 1290
2 523 1367
2 524 526
2 527 566
2 527 628
2 527 736
2 527 1479
2 528 529
2 528 535
2 528 536
2 529 531
2 529 564
2 530 532
2 530 565
2 531 533
2 531 548
2 532 549
2 533 534
2 533 540
2 534 535
2 534 1411
2 535 1404
2 536 537
2 536 1396
2 537 552
2 537 566
2 538 554
2 538 2917
2 538 2950
2 539 555
2 539 2918
2 539 2951
2 540 542
2 540 546
2 541 543
2 541 547
2 542 556
2 542 568
2 543 557
2 543 569
2 544 558
2 544 570
2 545 559
2 545 571
2 546 560
2 546 572
2 547 561
2 547 573
2 550 2915
2 551 2916
2 562 2913
2 563 2914
2 566 567
2 567 1396
2 567 1452
2 568 572
2 569 573
2 572 689
2 573 690
2 574 685
2 574 779
2 574 837
2 574 3105
2 575 686
2 575 780
2 575 838
2 575 3106
2 576 687
2 576 781
2 576 839
2 576 3107
2 577 688
2 577 782
2 577 840
2 577 3108
2 578 580
2 578 588
2 578 591
2 579 581
2 579 589
2 579 593
2 580 582
2 580 618
2 581 583
2 581 619
2 582 584
2 582 606
2 583 585
2 584 586
2 584 600
2 585 587
2 585 601
2 586 588
2 586 2997
2 587 589
2 587 2998
2 588 2984
2 589 2985
2 590 594
2 590 2974
2 591 595
2 591 2975
2 592 596
2 592 2976
2 593 597
2 593 2977
2 594 608
2 594 620
2 595 609
2 595 621
2 596 610
2 596 622
2 597 611
2 597 623
2 598 612
2 598 1427
2 598 1448
2 599 613
2 599 1428
2 599 1449
2 600 602
2 600 604
2 601 603
2 601 605
2 602 614
2 602 628
2 603 629
2 604 615
2 604 630
2 605 616
2 605 631
2 607 1426
2 617 1425
2 620 624
2 621 625
2 622 626
2 623 627
2 624 2974
2 624 3055
2 625 2975
2 625 3056
2 626 2976
2 626 3057
2 627 2977
2 627 3058
2 628 630
2 629 631
2 630 632
2 631 633
2 632 677
2 632 734
2 632 2950
2 633 678
2 633 735
2 633 2951
2 634 636
2 634 644
2 634 646
2 635 637
2 635 645
2 635 647
2 636 638
2 636 675
2 637 639
2 637 676
2 638 640
2 638 663
2 639 641
2 640 642
2 640 652
2 641 643
2 641 654
2 642 644
2 642 3043
2 643 645
2 643 3044
2 644 3031
2 645 3032
2 646 648
2 646 3019
2 647 649
2 647 3020
2 648 665
2 648 677
2 649 666
2 649 678
2 650 667
2 650 1459
2 650 1479
2 651 655
2 651 659
2 652 656
2 652 660
2 653 657
2 653 661
2 654 658
2 654 662
2 655 668
2 655 681
2 656 669
2 656 682
2 657 683
2 658 684
2 659 670
2 659 685
2 660 671
2 660 686
2 661 672
2 661 687
2 662 673
2 662 688
2 664 1458
2 674 1457
2 677 679
2 678 680
2 679 2903
2 679 3019
2 680 2904
2 680 3020
2 681 685
2 681 965
2 682 686
2 682 966
2 683 687
2 684 688
2 689 1448
2 690 1449
2 691 692
2 691 698
2 691 699
2 692 694
2 692 728
2 693 695
2 693 729
2 694 696
2 694 711
2 695 712
2 696 697
2 696 707
2 697 698
2 697 1509
2 698 1502
2 699 701
2 699 1496
2 700 702
2 700 1497
2 701 715
2 701 730
2 702 716
2 702 731
2 703 719
2 703 3071
2 703 3105
2 704 720
2 704 3072
2 704 3106
2 705 721
2 705 3073
2 705 3107
2 706 722
2 706 3074
2 706 3108
2 707 708
2 707 710
2 708 723
2 708 734
2 709 724
2 709 735
2 710 725
2 710 736
2 713 3069
2 714 3070
2 726 3067
2 727 3068
2 730 732
2 730 965
2 731 733
2 731 966
2 732 1419
2 732 1496
2 733 1420
2 733 1497
2 734 736
2 737 1057
2 737 1641
2 738 777
2 738 845
2 738 1058
2 738 1642
2 739 740
2 739 746
2 739 747
2 740 742
2 740 775
2 741 743
2 741 776
2 742 744
2 742 759
2 743 760
2 744 745
2 744 751
2 745 746
2 745 1542
2 746 1535
2 747 748
2 747 1527
2 748 763
2 748 777
2 749 765
2 749 3129
2 749 3162
2 750 766
2 750 3130
2 750 3163
2 751 753
2 751 757
2 752 754
2 752 758
2 753 767
2 753 779
2 754 768
2 754 780
2 755 769
2 755 781
2 756 770
2 756 782
2 757 771
2 757 783
2 758 772
2 758 784
2 761 3127
2 762 3128
2 773 3125
2 774 3126
2 777 778
2 778 1527
2 778 1588
2 779 783
2 780 784
2 783 965
2 784 966
2 785 957
2 785 3414
2 786 958
2 786 3415
2 787 959
2 787 3416
2 788 960
2 788 3417
2 789 961
2 789 3418
2 790 962
2 790 3419
2 791 963
2 791 3420
2 792 964
2 792 3421
2 793 795
2 793 803
2 793 806
2 794 796
2 794 804
2 794 808
2 795 797
2 795 835
2 796 798
2 796 836
2 797 799
2 797 821
2 798 800
2 799 801
2 799 815
2 800 802
2 800 816
2 801 803
2 801 3212
2 802 804
2 802 3213
2 803 3198
2 804 3199
2 805 809
2 805 3188
2 806 810
2 806 3189
2 807 811
2 807 3190
2 808 812
2 808 3191
2 809 823
2 809 837
2 810 824
2 810 838
2 811 825
2 811 839
2 812 826
2 812 840
2 813 827
2 813 1560
2 813 1582
2 814 828
2 814 1561
2 814 1583
2 815 817
2 815 819
2 816 818
2 816 820
2 817 829
2 817 845
2 818 846
2 819 831
2 819 848
2 820 833
2 820 850
2 822 1559
2 834 1558
2 837 841
2 838 842
2 839 843
2 840 844
2 841 3188
2 841 3318
2 842 3189
2 842 3319
2 843 3190
2 843 3320
2 844 3191
2 844 3321
2 845 848
2 846 850
2 847 851
2 848 852
2 849 853
2 850 854
2 851 941
2 851 1053
2 852 942
2 852 1054
2 852 3162
2 853 943
2 853 1055
2 854 944
2 854 1056
2 854 3163
2 855 859
2 855 875
2 855 879
2 856 860
2 856 876
2 856 880
2 857 861
2 857 877
2 857 881
2 858 862
2 858 878
2 858 882
2 859 863
2 859 937
2 860 864
2 860 938
2 861 865
2 861 939
2 862 866
2 862 940
2 863 867
2 863 913
2 864 868
2 864 914
2 865 869
2 866 870
2 867 871
2 867 891
2 868 872
2 868 892
2 869 873
2 869 895
2 870 874
2 870 896
2 871 875
2 871 3294
2 872 876
2 872 3295
2 873 877
2 873 3296
2 874 878
2 874 3297
2 875 3270
2 876 3271
2 877 3272
2 878 3273
2 879 883
2 879 3246
2 880 884
2 880 3247
2 881 885
2 881 3248
2 882 886
2 882 3249
2 883 917
2 883 941
2 884 918
2 884 942
2 885 919
2 885 943
2 886 920
2 886 944
2 887 921
2 887 1601
2 887 1641
2 888 922
2 888 1602
2 888 1642
2 889 897
2 889 905
2 890 898
2 890 906
2 891 899
2 891 907
2 892 900
2 892 908
2 893 901
2 893 909
2 894 902
2 894 910
2 895 903
2 895 911
2 896 904
2 896 912
2 897 923
2 897 949
2 898 924
2 898 950
2 899 925
2 899 951
2 900 926
2 900 952
2 901 953
2 902 954
2 903 955
2 904 956
2 905 927
2 905 957
2 906 928
2 906 958
2 907 929
2 907 959
2 908 930
2 908 960
2 909 931
2 909 961
2 910 932
2 910 962
2 911 933
2 911 963
2 912 934
2 912 964
2 915 1599
2 916 1600
2 935 1597
2 936 1598
2 941 945
2 942 946
2 943 947
2 944 948
2 945 3113
2 945 3246
2 946 3114
2 946 3247
2 947 3115
2 947 3248
2 948 3116
2 948 3249
2 949 957
2 950 958
2 951 959
2 952 960
2 953 961
2 954 962
2 955 963
2 956 964
2 965 1582
2 966 1583
2 967 969
2 967 981
2 967 983
2 968 970
2 968 982
2 968 984
2 969 973
2 969 1041
2 970 974
2 970 1042
2 971 975
2 971 1043
2 972 976
2 972 1044
2 973 977
2 973 1007
2 974 978
2 974 1008
2 975 1009
2 976 1010
2 977 979
2 977 999
2 978 980
2 978 1000
2 979 981
2 979 1699
2 980 982
2 980 1700
2 981 1685
2 982 1686
2 983 987
2 983 1673
2 984 988
2 984 1674
2 985 989
2 985 1675
2 986 990
2 986 1676
2 987 1015
2 987 1045
2 988 1016
2 988 1046
2 989 1017
2 989 1047
2 990 1018
2 990 1048
2 991 1023
2 991 3346
2 991 3414
2 992 1024
2 992 3347
2 992 3415
2 993 1025
2 993 3348
2 993 3416
2 994 1026
2 994 3349
2 994 3417
2 995 1027
2 995 3350
2 995 3418
2 996 1028
2 996 3351
2 996 3419
2 997 1029
2 997 3352
2 997 3420
2 998 1030
2 998 3353
2 998 3421
2 999 1001
2 999 1005
2 1000 1002
2 1000 1006
2 1001 1031
2 1001 1053
2 1002 1032
2 1002 1054
2 1003 1033
2 1003 1055
2 1004 1034
2 1004 1056
2 1005 1035
2 1005 1057
2 1006 1036
2 1006 1058
2 1011 3342
2 1012 3343
2 1013 3344
2 1014 3345
2 1037 3338
2 1038 3339
2 1039 3340
2 1040 3341
2 1045 1049
2 1046 1050
2 1047 1051
2 1048 1052
2 1049 1550
2 1049 1673
2 1050 1551
2 1050 1674
2 1051 1552
2 1051 1675
2 1052 1553
2 1052 1676
2 1053 1057
2 1054 1058
2 1059 1111
2 1059 1183
2 1059 1255
2 1059 1871
2 1060 1112
2 1060 1184
2 1060 1256
2 1061 1063
2 1061 1071
2 1061 1073
2 1062 1064
2 1062 1072
2 1062 1074
2 1063 1065
2 1063 1109
2 1064 1066
2 1064 1110
2 1065 1067
2 1065 1091
2 1066 1068
2 1066 1092
2 1067 1069
2 1067 1079
2 1068 1070
2 1068 1080
2 1069 1071
2 1069 1763
2 1070 1072
2 1070 1764
2 1071 1749
2 1072 1750
2 1073 1075
2 1073 1733
2 1074 1076
2 1074 1734
2 1075 1095
2 1075 1111
2 1076 1096
2 1076 1112
2 1077 1097
2 1078 1098
2 1079 1083
2 1079 1087
2 1080 1084
2 1080 1088
2 1081 1085
2 1081 1089
2 1082 1086
2 1082 1090
2 1083 1099
2 1083 1115
2 1084 1100
2 1084 1116
2 1085 1101
2 1085 1117
2 1086 1102
2 1086 1118
2 1087 1103
2 1087 1119
2 1088 1104
2 1088 1120
2 1089 1105
2 1089 1121
2 1090 1106
2 1090 1122
2 1111 1113
2 1112 1114
2 1113 1733
2 1113 1843
2 1114 1734
2 1114 1844
2 1115 1119
2 1115 1550
2 1116 1120
2 1116 1551
2 1117 1121
2 1117 1552
2 1118 1122
2 1118 1553
2 1119 1220
2 1120 1221
2 1121 1222
2 1122 1223
2 1123 1218
2 1123 1285
2 1123 1316
2 1124 1219
2 1124 1286
2 1124 1317
2 1125 1127
2 1125 1135
2 1125 1139
2 1126 1128
2 1126 1136
2 1126 1140
2 1127 1129
2 1127 1173
2 1128 1130
2 1128 1174
2 1129 1131
2 1129 1155
2 1130 1132
2 1130 1156
2 1131 1133
2 1131 1149
2 1132 1134
2 1132 1150
2 1133 1135
2 1134 1136
2 1137 1141
2 1138 1142
2 1139 1143
2 1140 1144
2 1141 1159
2 1141 1175
2 1142 1160
2 1142 1176
2 1143 1161
2 1143 1177
2 1144 1162
2 1144 1178
2 1145 1163
2 1145 1793
2 1145 1835
2 1146 1164
2 1146 1794
2 1146 1836
2 1147 1165
2 1147 1795
2 1147 1837
2 1148 1166
2 1148 1796
2 1148 1838
2 1149 1151
2 1149 1153
2 1150 1152
2 1150 1154
2 1151 1167
2 1151 1183
2 1152 1168
2 1152 1184
2 1153 1169
2 1153 1185
2 1154 1170
2 1154 1186
2 1157 1791
2 1158 1792
2 1171 1789
2 1172 1790
2 1175 1179
2 1175 1550
2 1176 1180
2 1176 1551
2 1177 1181
2 1177 1552
2 1178 1182
2 1178 1553
2 1183 1185
2 1184 1186
2 1185 1187
2 1186 1188
2 1187 1214
2 1187 1254
2 1189 1190
2 1189 1194
2 1189 1195
2 1190 1191
2 1190 1213
2 1191 1192
2 1191 1204
2 1192 1193
2 1192 1199
2 1193 1194
2 1195 1196
2 1196 1206
2 1196 1214
2 1197 1207
2 1197 1851
2 1197 1871
2 1198 1200
2 1198 1202
2 1199 1201
2 1199 1203
2 1200 1208
2 1200 1216
2 1201 1209
2 1201 1217
2 1202 1210
2 1202 1218
2 1203 1211
2 1203 1219
2 1205 1850
2 1212 1849
2 1214 1215
2 1216 1218
2 1216 1354
2 1217 1219
2 1217 1355
2 1220 1643
2 1220 1703
2 1220 1835
2 1221 1644
2 1221 1704
2 1221 1836
2 1222 1645
2 1222 1705
2 1222 1837
2 1223 1646
2 1223 1706
2 1223 1838
2 1224 1225
2 1224 1229
2 1224 1230
2 1225 1226
2 1225 1249
2 1226 1227
2 1226 1239
2 1227 1228
2 1227 1236
2 1228 1229
2 1228 1904
2 1229 1896
2 1230 1232
2 1230 1890
2 1231 1233
2 1231 1891
2 1232 1241
2 1232 1250
2 1233 1242
2 1233 1251
2 1234 1243
2 1235 1244
2 1236 1237
2 1236 1238
2 1237 1245
2 1237 1254
2 1238 1246
2 1238 1255
2 1250 1252
2 1250 1354
2 1251 1253
2 1251 1355
2 1252 1779
2 1252 1890
2 1253 1780
2 1253 1891
2 1254 1255
2 1257 1283
2 1257 1320
2 1257 1386
2 1257 2005
2 1258 1259
2 1258 1263
2 1258 1264
2 1259 1260
2 1259 1282
2 1260 1261
2 1260 1273
2 1261 1262
2 1261 1267
2 1262 1263
2 1262 1937
2 1263 1930
2 1264 1265
2 1264 1922
2 1265 1275
2 1265 1283
2 1266 1276
2 1267 1269
2 1267 1271
2 1268 1270
2 1268 1272
2 1269 1277
2 1269 1285
2 1270 1278
2 1270 1286
2 1271 1279
2 1271 1287
2 1272 1280
2 1272 1288
2 1283 1284
2 1284 1922
2 1284 1978
2 1285 1287
2 1286 1288
2 1287 1354
2 1288 1355
2 1289 1352
2 1289 1415
2 1289 1446
2 1290 1353
2 1290 1416
2 1290 1447
2 1291 1292
2 1291 1296
2 1291 1298
2 1292 1293
2 1292 1315
2 1293 1294
2 1293 1306
2 1294 1295
2 1294 1303
2 1295 1296
2 1297 1299
2 1298 1300
2 1299 1308
2 1299 1316
2 1300 1309
2 1300 1317
2 1301 1310
2 1301 1953
2 1301 1974
2 1302 1311
2 1302 1954
2 1302 1975
2 1303 1304
2 1303 1305
2 1304 1312
2 1304 1320
2 1305 1313
2 1305 1321
2 1307 1952
2 1314 1951
2 1316 1318
2 1317 1319
2 1320 1321
2 1321 1322
2 1322 1348
2 1322 1385
2 1323 1324
2 1323 1328
2 1323 1329
2 1324 1325
2 1324 1347
2 1325 1326
2 1325 1338
2 1326 1327
2 1326 1333
2 1327 1328
2 1329 1330
2 1330 1340
2 1330 1348
2 1331 1341
2 1331 1985
2 1331 2005
2 1332 1334
2 1332 1336
2 1333 1335
2 1333 1337
2 1334 1342
2 1334 1350
2 1335 1343
2 1335 1351
2 1336 1344
2 1336 1352
2 1337 1345
2 1337 1353
2 1339 1984
2 1346 1983
2 1348 1349
2 1350 1352
2 1350 1484
2 1351 1353
2 1351 1485
2 1354 1974
2 1355 1975
2 1356 1357
2 1356 1361
2 1356 1362
2 1357 1358
2 1357 1380
2 1358 1359
2 1358 1371
2 1359 1360
2 1359 1368
2 1360 1361
2 1360 2035
2 1361 2028
2 1362 1364
2 1362 2022
2 1363 1365
2 1363 2023
2 1364 1373
2 1364 1381
2 1365 1374
2 1365 1382
2 1366 1375
2 1367 1376
2 1368 1369
2 1368 1370
2 1369 1377
2 1369 1385
2 1370 1378
2 1370 1386
2 1381 1383
2 1381 1484
2 1382 1384
2 1382 1485
2 1383 1945
2 1383 2022
2 1384 1946
2 1384 2023
2 1385 1386
2 1387 1413
2 1387 1450
2 1387 1516
2 1387 2135
2 1388 1389
2 1388 1393
2 1388 1394
2 1389 1390
2 1389 1412
2 1390 1391
2 1390 1403
2 1391 1392
2 1391 1397
2 1392 1393
2 1392 2067
2 1393 2060
2 1394 1395
2 1394 2052
2 1395 1405
2 1395 1413
2 1396 1406
2 1397 1399
2 1397 1401
2 1398 1400
2 1398 1402
2 1399 1407
2 1399 1415
2 1400 1408
2 1400 1416
2 1401 1409
2 1401 1417
2 1402 1410
2 1402 1418
2 1413 1414
2 1414 2052
2 1414 2108
2 1415 1417
2 1416 1418
2 1417 1484
2 1418 1485
2 1419 1482
2 1419 1546
2 1419 1580
2 1420 1483
2 1420 1547
2 1420 1581
2 1421 1422
2 1421 1426
2 1421 1428
2 1422 1423
2 1422 1445
2 1423 1424
2 1423 1436
2 1424 1425
2 1424 1433
2 1425 1426
2 1427 1429
2 1428 1430
2 1429 1438
2 1429 1446
2 1430 1439
2 1430 1447
2 1431 1440
2 1431 2083
2 1431 2104
2 1432 1441
2 1432 2084
2 1432 2105
2 1433 1434
2 1433 1435
2 1434 1442
2 1434 1450
2 1435 1443
2 1435 1451
2 1437 2082
2 1444 2081
2 1446 1448
2 1447 1449
2 1450 1451
2 1451 1452
2 1452 1478
2 1452 1515
2 1453 1454
2 1453 1458
2 1453 1459
2 1454 1455
2 1454 1477
2 1455 1456
2 1455 1468
2 1456 1457
2 1456 1463
2 1457 1458
2 1459 1460
2 1460 1470
2 1460 1478
2 1461 1471
2 1461 2115
2 1461 2135
2 1462 1464
2 1462 1466
2 1463 1465
2 1463 1467
2 1464 1472
2 1464 1480
2 1465 1473
2 1465 1481
2 1466 1474
2 1466 1482
2 1467 1475
2 1467 1483
2 1469 2114
2 1476 2113
2 1478 1479
2 1480 1482
2 1480 1651
2 1481 1483
2 1481 1652
2 1484 2104
2 1485 2105
2 1486 1487
2 1486 1491
2 1486 1492
2 1487 1488
2 1487 1510
2 1488 1489
2 1488 1501
2 1489 1490
2 1489 1498
2 1490 1491
2 1490 2165
2 1491 2158
2 1492 1494
2 1492 2152
2 1493 1495
2 1493 2153
2 1494 1503
2 1494 1511
2 1495 1504
2 1495 1512
2 1496 1505
2 1497 1506
2 1498 1499
2 1498 1500
2 1499 1507
2 1499 1515
2 1500 1508
2 1500 1516
2 1511 1513
2 1511 1651
2 1512 1514
2 1512 1652
2 1513 2075
2 1513 2152
2 1514 2076
2 1514 2153
2 1515 1516
2 1517 1713
2 1517 2297
2 1518 1544
2 1518 1584
2 1518 1714
2 1518 2298
2 1519 1520
2 1519 1524
2 1519 1525
2 1520 1521
2 1520 1543
2 1521 1522
2 1521 1534
2 1522 1523
2 1522 1528
2 1523 1524
2 1523 2198
2 1524 2191
2 1525 1526
2 1525 2183
2 1526 1536
2 1526 1544
2 1527 1537
2 1528 1530
2 1528 1532
2 1529 1531
2 1529 1533
2 1530 1538
2 1530 1546
2 1531 1539
2 1531 1547
2 1532 1540
2 1532 1548
2 1533 1541
2 1533 1549
2 1544 1545
2 1545 2183
2 1545 2244
2 1546 1548
2 1547 1549
2 1548 1651
2 1549 1652
2 1550 1647
2 1551 1648
2 1552 1649
2 1553 1650
2 1554 1555
2 1554 1559
2 1554 1561
2 1555 1556
2 1555 1579
2 1556 1557
2 1556 1569
2 1557 1558
2 1557 1566
2 1558 1559
2 1560 1562
2 1561 1563
2 1562 1571
2 1562 1580
2 1563 1572
2 1563 1581
2 1564 1573
2 1564 2216
2 1564 2238
2 1565 1574
2 1565 2217
2 1565 2239
2 1566 1567
2 1566 1568
2 1567 1575
2 1567 1584
2 1568 1577
2 1568 1586
2 1570 2215
2 1578 2214
2 1580 1582
2 1581 1583
2 1584 1586
2 1585 1587
2 1586 1588
2 1587 1639
2 1587 1711
2 1588 1640
2 1588 1712
2 1589 1591
2 1589 1599
2 1589 1601
2 1590 1592
2 1590 1600
2 1590 1602
2 1591 1593
2 1591 1637
2 1592 1594
2 1592 1638
2 1593 1595
2 1593 1619
2 1594 1596
2 1594 1620
2 1595 1597
2 1595 1609
2 1596 1598
2 1596 1610
2 1597 1599
2 1598 1600
2 1601 1603
2 1602 1604
2 1603 1623
2 1603 1639
2 1604 1624
2 1604 1640
2 1605 1625
2 1605 2257
2 1605 2297
2 1606 1626
2 1606 2258
2 1606 2298
2 1607 1611
2 1607 1615
2 1608 1612
2 1608 1616
2 1609 1613
2 1609 1617
2 1610 1614
2 1610 1618
2 1611 1627
2 1611 1643
2 1612 1628
2 1612 1644
2 1613 1629
2 1613 1645
2 1614 1630
2 1614 1646
2 1615 1631
2 1615 1647
2 1616 1632
2 1616 1648
2 1617 1633
2 1617 1649
2 1618 1634
2 1618 1650
2 1621 2255
2 1622 2256
2 1635 2253
2 1636 2254
2 1639 1641
2 1640 1642
2 1643 1647
2 1644 1648
2 1645 1649
2 1646 1650
2 1651 2238
2 1652 2239
2 1653 1655
2 1653 1663
2 1653 1665
2 1654 1656
2 1654 1664
2 1654 1666
2 1655 1657
2 1655 1701
2 1656 1658
2 1656 1702
2 1657 1659
2 1657 1683
2 1658 1660
2 1658 1684
2 1659 1661
2 1659 1677
2 1660 1662
2 1660 1678
2 1661 1663
2 1661 2355
2 1662 1664
2 1662 2356
2 1663 2341
2 1664 2342
2 1665 1669
2 1665 2329
2 1666 1670
2 1666 2330
2 1667 1671
2 1667 2331
2 1668 1672
2 1668 2332
2 1669 1687
2 1669 1703
2 1670 1688
2 1670 1704
2 1671 1689
2 1671 1705
2 1672 1690
2 1672 1706
2 1673 1691
2 1674 1692
2 1675 1693
2 1676 1694
2 1677 1679
2 1677 1681
2 1678 1680
2 1678 1682
2 1679 1695
2 1679 1711
2 1680 1696
2 1680 1712
2 1681 1697
2 1681 1713
2 1682 1698
2 1682 1714
2 1703 1707
2 1704 1708
2 1705 1709
2 1706 1710
2 1707 2206
2 1707 2329
2 1708 2207
2 1708 2330
2 1709 2208
2 1709 2331
2 1710 2209
2 1710 2332
2 1711 1713
2 1712 1714
2 1715 1767
2 1715 1839
2 1715 1911
2 1715 2620
2 1716 1768
2 1716 1840
2 1716 1912
2 1717 1719
2 1717 1727
2 1717 1729
2 1718 1720
2 1718 1728
2 1718 1730
2 1719 1721
2 1719 1765
2 1720 1722
2 1720 1766
2 1721 1723
2 1721 1747
2 1722 1724
2 1722 1748
2 1723 1725
2 1723 1735
2 1724 1726
2 1724 1736
2 1725 1727
2 1725 2455
2 1726 1728
2 1726 2456
2 1727 2435
2 1728 2436
2 1729 1731
2 1729 2407
2 1730 1732
2 1730 2408
2 1731 1751
2 1731 1767
2 1732 1752
2 1732 1768
2 1733 1753
2 1734 1754
2 1735 1739
2 1735 1743
2 1736 1740
2 1736 1744
2 1737 1741
2 1737 1745
2 1738 1742
2 1738 1746
2 1739 1755
2 1739 1771
2 1740 1756
2 1740 1772
2 1741 1757
2 1741 1773
2 1742 1758
2 1742 1774
2 1743 1759
2 1743 1775
2 1744 1760
2 1744 1776
2 1745 1761
2 1745 1777
2 1746 1762
2 1746 1778
2 1767 1769
2 1768 1770
2 1769 2407
2 1769 2579
2 1770 2408
2 1770 2580
2 1771 1775
2 1771 2206
2 1772 1776
2 1772 2207
2 1773 1777
2 1773 2208
2 1774 1778
2 1774 2209
2 1775 1876
2 1776 1877
2 1777 1878
2 1778 1879
2 1779 1874
2 1779 1941
2 1779 1972
2 1780 1875
2 1780 1942
2 1780 1973
2 1781 1783
2 1781 1791
2 1781 1795
2 1782 1784
2 1782 1792
2 1782 1796
2 1783 1785
2 1783 1829
2 1784 1786
2 1784 1830
2 1785 1787
2 1785 1811
2 1786 1788
2 1786 1812
2 1787 1789
2 1787 1805
2 1788 1790
2 1788 1806
2 1789 1791
2 1790 1792
2 1793 1797
2 1794 1798
2 1795 1799
2 1796 1800
2 1797 1815
2 1797 1831
2 1798 1816
2 1798 1832
2 1799 1817
2 1799 1833
2 1800 1818
2 1800 1834
2 1801 1819
2 1801 2503
2 1801 2569
2 1802 1820
2 1802 2504
2 1802 2570
2 1803 1821
2 1803 2505
2 1803 2571
2 1804 1822
2 1804 2506
2 1804 2572
2 1805 1807
2 1805 1809
2 1806 1808
2 1806 1810
2 1807 1823
2 1807 1839
2 1808 1824
2 1808 1840
2 1809 1825
2 1809 1841
2 1810 1826
2 1810 1842
2 1813 2501
2 1814 2502
2 1827 2499
2 1828 2500
2 1831 1835
2 1831 2206
2 1832 1836
2 1832 2207
2 1833 1837
2 1833 2208
2 1834 1838
2 1834 2209
2 1839 1841
2 1840 1842
2 1841 1843
2 1842 1844
2 1843 1870
2 1843 1910
2 1845 1846
2 1845 1850
2 1845 1851
2 1846 1847
2 1846 1869
2 1847 1848
2 1847 1860
2 1848 1849
2 1848 1855
2 1849 1850
2 1851 1852
2 1852 1862
2 1852 1870
2 1853 1863
2 1853 2589
2 1853 2620
2 1854 1856
2 1854 1858
2 1855 1857
2 1855 1859
2 1856 1864
2 1856 1872
2 1857 1865
2 1857 1873
2 1858 1866
2 1858 1874
2 1859 1867
2 1859 1875
2 1861 2588
2 1868 2587
2 1870 1871
2 1872 1874
2 1872 2010
2 1873 1875
2 1873 2011
2 1876 2299
2 1876 2359
2 1876 2569
2 1877 2300
2 1877 2360
2 1877 2570
2 1878 2301
2 1878 2361
2 1878 2571
2 1879 2302
2 1879 2362
2 1879 2572
2 1880 1881
2 1880 1885
2 1880 1886
2 1881 1882
2 1881 1905
2 1882 1883
2 1882 1895
2 1883 1884
2 1883 1892
2 1884 1885
2 1884 2676
2 1885 2664
2 1886 1888
2 1886 2655
2 1887 1889
2 1887 2656
2 1888 1897
2 1888 1906
2 1889 1898
2 1889 1907
2 1890 1899
2 1891 1900
2 1892 1893
2 1892 1894
2 1893 1901
2 1893 1910
2 1894 1902
2 1894 1911
2 1906 1908
2 1906 2010
2 1907 1909
2 1907 2011
2 1908 2485
2 1908 2655
2 1909 2486
2 1909 2656
2 1910 1911
2 1913 1939
2 1913 1976
2 1913 2042
2 1913 2838
2 1914 1915
2 1914 1919
2 1914 1920
2 1915 1916
2 1915 1938
2 1916 1917
2 1916 1929
2 1917 1918
2 1917 1923
2 1918 1919
2 1918 2735
2 1919 2725
2 1920 1921
2 1920 2711
2 1921 1931
2 1921 1939
2 1922 1932
2 1923 1925
2 1923 1927
2 1924 1926
2 1924 1928
2 1925 1933
2 1925 1941
2 1926 1934
2 1926 1942
2 1927 1935
2 1927 1943
2 1928 1936
2 1928 1944
2 1939 1940
2 1940 2711
2 1940 2798
2 1941 1943
2 1942 1944
2 1943 2010
2 1944 2011
2 1945 2008
2 1945 2071
2 1945 2102
2 1946 2009
2 1946 2072
2 1946 2103
2 1947 1948
2 1947 1952
2 1947 1954
2 1948 1949
2 1948 1971
2 1949 1950
2 1949 1962
2 1950 1951
2 1950 1959
2 1951 1952
2 1953 1955
2 1954 1956
2 1955 1964
2 1955 1972
2 1956 1965
2 1956 1973
2 1957 1966
2 1957 2760
2 1957 2793
2 1958 1967
2 1958 2761
2 1958 2794
2 1959 1960
2 1959 1961
2 1960 1968
2 1960 1976
2 1961 1969
2 1961 1977
2 1963 2759
2 1970 2758
2 1972 1974
2 1973 1975
2 1976 1977
2 1977 1978
2 1978 2004
2 1978 2041
2 1979 1980
2 1979 1984
2 1979 1985
2 1980 1981
2 1980 2003
2 1981 1982
2 1981 1994
2 1982 1983
2 1982 1989
2 1983 1984
2 1985 1986
2 1986 1996
2 1986 2004
2 1987 1997
2 1987 2807
2 1987 2838
2 1988 1990
2 1988 1992
2 1989 1991
2 1989 1993
2 1990 1998
2 1990 2006
2 1991 1999
2 1991 2007
2 1992 2000
2 1992 2008
2 1993 2001
2 1993 2009
2 1995 2806
2 2002 2805
2 2004 2005
2 2006 2008
2 2006 2140
2 2007 2009
2 2007 2141
2 2010 2793
2 2011 2794
2 2012 2013
2 2012 2017
2 2012 2018
2 2013 2014
2 2013 2036
2 2014 2015
2 2014 2027
2 2015 2016
2 2015 2024
2 2016 2017
2 2016 2888
2 2017 2878
2 2018 2020
2 2018 2869
2 2019 2021
2 2019 2870
2 2020 2029
2 2020 2037
2 2021 2030
2 2021 2038
2 2022 2031
2 2023 2032
2 2024 2025
2 2024 2026
2 2025 2033
2 2025 2041
2 2026 2034
2 2026 2042
2 2037 2039
2 2037 2140
2 2038 2040
2 2038 2141
2 2039 2750
2 2039 2869
2 2040 2751
2 2040 2870
2 2041 2042
2 2043 2069
2 2043 2106
2 2043 2172
2 2043 3048
2 2044 2045
2 2044 2049
2 2044 2050
2 2045 2046
2 2045 2068
2 2046 2047
2 2046 2059
2 2047 2048
2 2047 2053
2 2048 2049
2 2048 2945
2 2049 2935
2 2050 2051
2 2050 2921
2 2051 2061
2 2051 2069
2 2052 2062
2 2053 2055
2 2053 2057
2 2054 2056
2 2054 2058
2 2055 2063
2 2055 2071
2 2056 2064
2 2056 2072
2 2057 2065
2 2057 2073
2 2058 2066
2 2058 2074
2 2069 2070
2 2070 2921
2 2070 3008
2 2071 2073
2 2072 2074
2 2073 2140
2 2074 2141
2 2075 2138
2 2075 2202
2 2075 2236
2 2076 2139
2 2076 2203
2 2076 2237
2 2077 2078
2 2077 2082
2 2077 2084
2 2078 2079
2 2078 2101
2 2079 2080
2 2079 2092
2 2080 2081
2 2080 2089
2 2081 2082
2 2083 2085
2 2084 2086
2 2085 2094
2 2085 2102
2 2086 2095
2 2086 2103
2 2087 2096
2 2087 2970
2 2087 3003
2 2088 2097
2 2088 2971
2 2088 3004
2 2089 2090
2 2089 2091
2 2090 2098
2 2090 2106
2 2091 2099
2 2091 2107
2 2093 2969
2 2100 2968
2 2102 2104
2 2103 2105
2 2106 2107
2 2107 2108
2 2108 2134
2 2108 2171
2 2109 2110
2 2109 2114
2 2109 2115
2 2110 2111
2 2110 2133
2 2111 2112
2 2111 2124
2 2112 2113
2 2112 2119
2 2113 2114
2 2115 2116
2 2116 2126
2 2116 2134
2 2117 2127
2 2117 3017
2 2117 3048
2 2118 2120
2 2118 2122
2 2119 2121
2 2119 2123
2 2120 2128
2 2120 2136
2 2121 2129
2 2121 2137
2 2122 2130
2 2122 2138
2 2123 2131
2 2123 2139
2 2125 3016
2 2132 3015
2 2134 2135
2 2136 2138
2 2136 2307
2 2137 2139
2 2137 2308
2 2140 3003
2 2141 3004
2 2142 2143
2 2142 2147
2 2142 2148
2 2143 2144
2 2143 2166
2 2144 2145
2 2144 2157
2 2145 2146
2 2145 2154
2 2146 2147
2 2146 3098
2 2147 3088
2 2148 2150
2 2148 3079
2 2149 2151
2 2149 3080
2 2150 2159
2 2150 2167
2 2151 2160
2 2151 2168
2 2152 2161
2 2153 2162
2 2154 2155
2 2154 2156
2 2155 2163
2 2155 2171
2 2156 2164
2 2156 2172
2 2167 2169
2 2167 2307
2 2168 2170
2 2168 2308
2 2169 2960
2 2169 3079
2 2170 2961
2 2170 3080
2 2171 2172
2 2173 2369
2 2173 3304
2 2174 2200
2 2174 2240
2 2174 2370
2 2174 3305
2 2175 2176
2 2175 2180
2 2175 2181
2 2176 2177
2 2176 2199
2 2177 2178
2 2177 2190
2 2178 2179
2 2178 2184
2 2179 2180
2 2179 3157
2 2180 3147
2 2181 2182
2 2181 3133
2 2182 2192
2 2182 2200
2 2183 2193
2 2184 2186
2 2184 2188
2 2185 2187
2 2185 2189
2 2186 2194
2 2186 2202
2 2187 2195
2 2187 2203
2 2188 2196
2 2188 2204
2 2189 2197
2 2189 2205
2 2200 2201
2 2201 3133
2 2201 3225
2 2202 2204
2 2203 2205
2 2204 2307
2 2205 2308
2 2206 2303
2 2207 2304
2 2208 2305
2 2209 2306
2 2210 2211
2 2210 2215
2 2210 2217
2 2211 2212
2 2211 2235
2 2212 2213
2 2212 2225
2 2213 2214
2 2213 2222
2 2214 2215
2 2216 2218
2 2217 2219
2 2218 2227
2 2218 2236
2 2219 2228
2 2219 2237
2 2220 2229
2 2220 3184
2 2220 3218
2 2221 2230
2 2221 3185
2 2221 3219
2 2222 2223
2 2222 2224
2 2223 2231
2 2223 2240
2 2224 2233
2 2224 2242
2 2226 3183
2 2234 3182
2 2236 2238
2 2237 2239
2 2240 2242
2 2241 2243
2 2242 2244
2 2243 2295
2 2243 2367
2 2244 2296
2 2244 2368
2 2245 2247
2 2245 2255
2 2245 2257
2 2246 2248
2 2246 2256
2 2246 2258
2 2247 2249
2 2247 2293
2 2248 2250
2 2248 2294
2 2249 2251
2 2249 2275
2 2250 2252
2 2250 2276
2 2251 2253
2 2251 2265
2 2252 2254
2 2252 2266
2 2253 2255
2 2254 2256
2 2257 2259
2 2258 2260
2 2259 2279
2 2259 2295
2 2260 2280
2 2260 2296
2 2261 2281
2 2261 3242
2 2261 3304
2 2262 2282
2 2262 3243
2 2262 3305
2 2263 2267
2 2263 2271
2 2264 2268
2 2264 2272
2 2265 2269
2 2265 2273
2 2266 2270
2 2266 2274
2 2267 2283
2 2267 2299
2 2268 2284
2 2268 2300
2 2269 2285
2 2269 2301
2 2270 2286
2 2270 2302
2 2271 2287
2 2271 2303
2 2272 2288
2 2272 2304
2 2273 2289
2 2273 2305
2 2274 2290
2 2274 2306
2 2277 3240
2 2278 3241
2 2291 3238
2 2292 3239
2 2295 2297
2 2296 2298
2 2299 2303
2 2300 2304
2 2301 2305
2 2302 2306
2 2307 3218
2 2308 3219
2 2309 2311
2 2309 2319
2 2309 2321
2 2310 2312
2 2310 2320
2 2310 2322
2 2311 2313
2 2311 2357
2 2312 2314
2 2312 2358
2 2313 2315
2 2313 2339
2 2314 2316
2 2314 2340
2 2315 2317
2 2315 2333
2 2316 2318
2 2316 2334
2 2317 2319
2 2317 3400
2 2318 2320
2 2318 3401
2 2319 3380
2 2320 3381
2 2321 2325
2 2321 3362
2 2322 2326
2 2322 3363
2 2323 2327
2 2323 3364
2 2324 2328
2 2324 3365
2 2325 2343
2 2325 2359
2 2326 2344
2 2326 2360
2 2327 2345
2 2327 2361
2 2328 2346
2 2328 2362
2 2329 2347
2 2330 2348
2 2331 2349
2 2332 2350
2 2333 2335
2 2333 2337
2 2334 2336
2 2334 2338
2 2335 2351
2 2335 2367
2 2336 2352
2 2336 2368
2 2337 2353
2 2337 2369
2 2338 2354
2 2338 2370
2 2359 2363
2 2360 2364
2 2361 2365
2 2362 2366
2 2363 3172
2 2363 3362
2 2364 3173
2 2364 3363
2 2365 3174
2 2365 3364
2 2366 3175
2 2366 3365
2 2367 2369
2 2368 2370
2 2371 2461
2 2371 2573
2 2371 2689
2 2372 2462
2 2372 2574
2 2372 2690
2 2373 2463
2 2373 2575
2 2373 2691
2 2374 2464
2 2374 2576
2 2374 2692
2 2375 2379
2 2375 2395
2 2375 2399
2 2376 2380
2 2376 2396
2 2376 2400
2 2377 2381
2 2377 2397
2 2377 2401
2 2378 2382
2 2378 2398
2 2378 2402
2 2379 2383
2 2379 2457
2 2380 2384
2 2380 2458
2 2381 2385
2 2381 2459
2 2382 2386
2 2382 2460
2 2383 2387
2 2384 2388
2 2385 2389
2 2385 2433
2 2386 2390
2 2386 2434
2 2387 2391
2 2387 2409
2 2388 2392
2 2388 2410
2 2389 2393
2 2389 2413
2 2390 2394
2 2390 2414
2 2391 2395
2 2392 2396
2 2393 2397
2 2394 2398
2 2399 2403
2 2400 2404
2 2401 2405
2 2402 2406
2 2403 2437
2 2403 2461
2 2404 2438
2 2404 2462
2 2405 2439
2 2405 2463
2 2406 2440
2 2406 2464
2 2407 2441
2 2408 2442
2 2409 2417
2 2409 2425
2 2410 2418
2 2410 2426
2 2411 2419
2 2411 2427
2 2412 2420
2 2412 2428
2 2413 2421
2 2413 2429
2 2414 2422
2 2414 2430
2 2415 2423
2 2415 2431
2 2416 2424
2 2416 2432
2 2417 2469
2 2418 2470
2 2419 2471
2 2420 2472
2 2421 2443
2 2421 2473
2 2422 2444
2 2422 2474
2 2423 2445
2 2423 2475
2 2424 2446
2 2424 2476
2 2425 2447
2 2425 2477
2 2426 2448
2 2426 2478
2 2427 2449
2 2427 2479
2 2428 2450
2 2428 2480
2 2429 2451
2 2429 2481
2 2430 2452
2 2430 2482
2 2431 2453
2 2431 2483
2 2432 2454
2 2432 2484
2 2461 2465
2 2462 2466
2 2463 2467
2 2464 2468
2 2469 2477
2 2470 2478
2 2471 2479
2 2472 2480
2 2473 2481
2 2473 3172
2 2474 2482
2 2474 3173
2 2475 2483
2 2475 3174
2 2476 2484
2 2476 3175
2 2477 2627
2 2478 2628
2 2479 2629
2 2480 2630
2 2481 2631
2 2482 2632
2 2483 2633
2 2484 2634
2 2485 2625
2 2485 2744
2 2485 2791
2 2486 2626
2 2486 2745
2 2486 2792
2 2487 2491
2 2487 2501
2 2487 2505
2 2488 2492
2 2488 2502
2 2488 2506
2 2489 2493
2 2489 2561
2 2490 2494
2 2490 2562
2 2491 2495
2 2491 2563
2 2492 2496
2 2492 2564
2 2493 2527
2 2494 2528
2 2495 2497
2 2495 2529
2 2496 2498
2 2496 2530
2 2497 2499
2 2497 2519
2 2498 2500
2 2498 2520
2 2499 2501
2 2500 2502
2 2503 2507
2 2504 2508
2 2505 2509
2 2506 2510
2 2507 2539
2 2507 2565
2 2508 2540
2 2508 2566
2 2509 2541
2 2509 2567
2 2510 2542
2 2510 2568
2 2511 2543
2 2512 2544
2 2513 2545
2 2514 2546
2 2515 2547
2 2516 2548
2 2517 2549
2 2518 2550
2 2519 2523
2 2519 2525
2 2520 2524
2 2520 2526
2 2521 2551
2 2521 2573
2 2522 2552
2 2522 2574
2 2523 2553
2 2523 2575
2 2524 2554
2 2524 2576
2 2525 2555
2 2525 2577
2 2526 2556
2 2526 2578
2 2565 2569
2 2565 3172
2 2566 2570
2 2566 3173
2 2567 2571
2 2567 3174
2 2568 2572
2 2568 3175
2 2575 2577
2 2576 2578
2 2577 2579
2 2578 2580
2 2579 2619
2 2579 2688
2 2581 2583
2 2581 2588
2 2581 2589
2 2582 2584
2 2582 2617
2 2583 2585
2 2583 2618
2 2584 2601
2 2585 2586
2 2585 2602
2 2586 2587
2 2586 2594
2 2587 2588
2 2589 2590
2 2590 2606
2 2590 2619
2 2591 2607
2 2592 2608
2 2593 2597
2 2593 2599
2 2594 2598
2 2594 2600
2 2595 2609
2 2595 2621
2 2596 2610
2 2596 2622
2 2597 2611
2 2597 2623
2 2598 2612
2 2598 2624
2 2599 2613
2 2599 2625
2 2600 2614
2 2600 2626
2 2619 2620
2 2621 2845
2 2622 2846
2 2623 2625
2 2623 2847
2 2624 2626
2 2624 2848
2 2627 3306
2 2627 3406
2 2628 3307
2 2628 3407
2 2629 3308
2 2629 3408
2 2630 3309
2 2630 3409
2 2631 3310
2 2631 3410
2 2632 3311
2 2632 3411
2 2633 3312
2 2633 3412
2 2634 3313
2 2634 3413
2 2635 2637
2 2635 2645
2 2635 2647
2 2636 2638
2 2636 2646
2 2636 2649
2 2637 2639
2 2637 2677
2 2638 2640
2 2638 2678
2 2639 2641
2 2640 2642
2 2640 2663
2 2641 2643
2 2641 2657
2 2642 2644
2 2642 2658
2 2643 2645
2 2644 2646
2 2647 2651
2 2648 2652
2 2649 2653
2 2650 2654
2 2651 2665
2 2651 2679
2 2652 2666
2 2652 2680
2 2653 2667
2 2653 2681
2 2654 2668
2 2654 2682
2 2655 2669
2 2656 2670
2 2657 2659
2 2657 2661
2 2658 2660
2 2658 2662
2 2659 2687
2 2660 2671
2 2660 2688
2 2661 2672
2 2661 2689
2 2662 2674
2 2662 2691
2 2679 2683
2 2679 2845
2 2680 2684
2 2680 2846
2 2681 2685
2 2681 2847
2 2682 2686
2 2682 2848
2 2687 2689
2 2688 2691
2 2693 2738
2 2693 2795
2 2693 2901
2 2694 2739
2 2694 2796
2 2694 2902
2 2695 2697
2 2695 2705
2 2695 2707
2 2696 2698
2 2696 2706
2 2696 2708
2 2697 2699
2 2697 2736
2 2698 2700
2 2698 2737
2 2699 2701
2 2700 2702
2 2700 2724
2 2701 2703
2 2701 2712
2 2702 2704
2 2702 2714
2 2703 2705
2 2704 2706
2 2707 2709
2 2708 2710
2 2709 2726
2 2709 2738
2 2710 2727
2 2710 2739
2 2711 2728
2 2712 2716
2 2712 2720
2 2713 2717
2 2713 2721
2 2714 2718
2 2714 2722
2 2715 2719
2 2715 2723
2 2716 2742
2 2717 2743
2 2718 2729
2 2718 2744
2 2719 2730
2 2719 2745
2 2720 2731
2 2720 2746
2 2721 2732
2 2721 2747
2 2722 2733
2 2722 2748
2 2723 2734
2 2723 2749
2 2738 2740
2 2739 2741
2 2742 2746
2 2743 2747
2 2744 2748
2 2745 2749
2 2746 2845
2 2747 2846
2 2748 2847
2 2749 2848
2 2750 2843
2 2750 2954
2 2750 3001
2 2751 2844
2 2751 2955
2 2751 3002
2 2752 2754
2 2752 2759
2 2752 2761
2 2753 2755
2 2753 2789
2 2754 2756
2 2754 2790
2 2755 2772
2 2756 2757
2 2756 2773
2 2757 2758
2 2757 2768
2 2758 2759
2 2760 2762
2 2761 2763
2 2762 2778
2 2762 2791
2 2763 2779
2 2763 2792
2 2764 2780
2 2765 2781
2 2766 2782
2 2767 2783
2 2768 2770
2 2768 2771
2 2769 2784
2 2769 2795
2 2770 2785
2 2770 2796
2 2771 2786
2 2771 2797
2 2791 2793
2 2792 2794
2 2796 2797
2 2797 2798
2 2798 2837
2 2798 2900
2 2799 2801
2 2799 2806
2 2799 2807
2 2800 2802
2 2800 2835
2 2801 2803
2 2801 2836
2 2802 2819
2 2803 2804
2 2803 2820
2 2804 2805
2 2804 2812
2 2805 2806
2 2807 2808
2 2808 2824
2 2808 2837
2 2809 2825
2 2810 2826
2 2811 2815
2 2811 2817
2 2812 2816
2 2812 2818
2 2813 2827
2 2813 2839
2 2814 2828
2 2814 2840
2 2815 2829
2 2815 2841
2 2816 2830
2 2816 2842
2 2817 2831
2 2817 2843
2 2818 2832
2 2818 2844
2 2837 2838
2 2839 3055
2 2840 3056
2 2841 2843
2 2841 3057
2 2842 2844
2 2842 3058
2 2849 2851
2 2849 2859
2 2849 2861
2 2850 2852
2 2850 2860
2 2850 2863
2 2851 2853
2 2851 2889
2 2852 2854
2 2852 2890
2 2853 2855
2 2854 2856
2 2854 2877
2 2855 2857
2 2855 2871
2 2856 2858
2 2856 2872
2 2857 2859
2 2858 2860
2 2861 2865
2 2862 2866
2 2863 2867
2 2864 2868
2 2865 2879
2 2865 2891
2 2866 2880
2 2866 2892
2 2867 2881
2 2867 2893
2 2868 2882
2 2868 2894
2 2869 2883
2 2870 2884
2 2871 2873
2 2871 2875
2 2872 2874
2 2872 2876
2 2873 2899
2 2874 2885
2 2874 2900
2 2875 2886
2 2875 2901
2 2876 2887
2 2876 2902
2 2891 2895
2 2891 3055
2 2892 2896
2 2892 3056
2 2893 2897
2 2893 3057
2 2894 2898
2 2894 3058
2 2899 2901
2 2900 2902
2 2903 2948
2 2903 3005
2 2903 3111
2 2904 2949
2 2904 3006
2 2904 3112
2 2905 2907
2 2905 2915
2 2905 2917
2 2906 2908
2 2906 2916
2 2906 2918
2 2907 2909
2 2907 2946
2 2908 2910
2 2908 2947
2 2909 2911
2 2910 2912
2 2910 2934
2 2911 2913
2 2911 2922
2 2912 2914
2 2912 2924
2 2913 2915
2 2914 2916
2 2917 2919
2 2918 2920
2 2919 2936
2 2919 2948
2 2920 2937
2 2920 2949
2 2921 2938
2 2922 2926
2 2922 2930
2 2923 2927
2 2923 2931
2 2924 2928
2 2924 2932
2 2925 2929
2 2925 2933
2 2926 2952
2 2927 2953
2 2928 2939
2 2928 2954
2 2929 2940
2 2929 2955
2 2930 2941
2 2930 2956
2 2931 2942
2 2931 2957
2 2932 2943
2 2932 2958
2 2933 2944
2 2933 2959
2 2948 2950
2 2949 2951
2 2952 2956
2 2953 2957
2 2954 2958
2 2955 2959
2 2956 3055
2 2957 3056
2 2958 3057
2 2959 3058
2 2960 3053
2 2960 3166
2 2960 3216
2 2961 3054
2 2961 3167
2 2961 3217
2 2962 2964
2 2962 2969
2 2962 2971
2 2963 2965
2 2963 2999
2 2964 2966
2 2964 3000
2 2965 2982
2 2966 2967
2 2966 2983
2 2967 2968
2 2967 2978
2 2968 2969
2 2970 2972
2 2971 2973
2 2972 2988
2 2972 3001
2 2973 2989
2 2973 3002
2 2974 2990
2 2975 2991
2 2976 2992
2 2977 2993
2 2978 2980
2 2978 2981
2 2979 2994
2 2979 3005
2 2980 2995
2 2980 3006
2 2981 2996
2 2981 3007
2 3001 3003
2 3002 3004
2 3006 3007
2 3007 3008
2 3008 3047
2 3008 3110
2 3009 3011
2 3009 3016
2 3009 3017
2 3010 3012
2 3010 3045
2 3011 3013
2 3011 3046
2 3012 3029
2 3013 3014
2 3013 3030
2 3014 3015
2 3014 3022
2 3015 3016
2 3017 3018
2 3018 3034
2 3018 3047
2 3019 3035
2 3020 3036
2 3021 3025
2 3021 3027
2 3022 3026
2 3022 3028
2 3023 3037
2 3023 3049
2 3024 3038
2 3024 3050
2 3025 3039
2 3025 3051
2 3026 3040
2 3026 3052
2 3027 3041
2 3027 3053
2 3028 3042
2 3028 3054
2 3047 3048
2 3049 3318
2 3050 3319
2 3051 3053
2 3051 3320
2 3052 3054
2 3052 3321
2 3059 3061
2 3059 3069
2 3059 3071
2 3060 3062
2 3060 3070
2 3060 3073
2 3061 3063
2 3061 3099
2 3062 3064
2 3062 3100
2 3063 3065
2 3064 3066
2 3064 3087
2 3065 3067
2 3065 3081
2 3066 3068
2 3066 3082
2 3067 3069
2 3068 3070
2 3071 3075
2 3072 3076
2 3073 3077
2 3074 3078
2 3075 3089
2 3075 3101
2 3076 3090
2 3076 3102
2 3077 3091
2 3077 3103
2 3078 3092
2 3078 3104
2 3079 3093
2 3080 3094
2 3081 3083
2 3081 3085
2 3082 3084
2 3082 3086
2 3083 3109
2 3084 3095
2 3084 3110
2 3085 3096
2 3085 3111
2 3086 3097
2 3086 3112
2 3101 3105
2 3101 3318
2 3102 3106
2 3102 3319
2 3103 3107
2 3103 3320
2 3104 3108
2 3104 3321
2 3109 3111
2 3110 3112
2 3113 3426
2 3114 3160
2 3114 3220
2 3114 3427
2 3115 3428
2 3116 3161
2 3116 3221
2 3116 3429
2 3117 3119
2 3117 3127
2 3117 3129
2 3118 3120
2 3118 3128
2 3118 3130
2 3119 3121
2 3119 3158
2 3120 3122
2 3120 3159
2 3121 3123
2 3122 3124
2 3122 3146
2 3123 3125
2 3123 3134
2 3124 3126
2 3124 3136
2 3125 3127
2 3126 3128
2 3129 3131
2 3130 3132
2 3131 3148
2 3131 3160
2 3132 3149
2 3132 3161
2 3133 3150
2 3134 3138
2 3134 3142
2 3135 3139
2 3135 3143
2 3136 3140
2 3136 3144
2 3137 3141
2 3137 3145
2 3138 3164
2 3139 3165
2 3140 3151
2 3140 3166
2 3141 3152
2 3141 3167
2 3142 3153
2 3142 3168
2 3143 3154
2 3143 3169
2 3144 3155
2 3144 3170
2 3145 3156
2 3145 3171
2 3160 3162
2 3161 3163
2 3164 3168
2 3165 3169
2 3166 3170
2 3167 3171
2 3168 3318
2 3169 3319
2 3170 3320
2 3171 3321
2 3172 3314
2 3173 3315
2 3174 3316
2 3175 3317
2 3176 3178
2 3176 3183
2 3176 3185
2 3177 3179
2 3177 3214
2 3178 3180
2 3178 3215
2 3179 3196
2 3180 3181
2 3180 3197
2 3181 3182
2 3181 3192
2 3182 3183
2 3184 3186
2 3185 3187
2 3186 3202
2 3186 3216
2 3187 3203
2 3187 3217
2 3188 3204
2 3189 3205
2 3190 3206
2 3191 3207
2 3192 3194
2 3192 3195
2 3193 3208
2 3193 3220
2 3194 3209
2 3194 3221
2 3195 3211
2 3195 3223
2 3216 3218
2 3217 3219
2 3221 3223
2 3222 3224
2 3223 3225
2 3224 3302
2 3224 3424
2 3225 3303
2 3225 3425
2 3226 3230
2 3226 3240
2 3226 3242
2 3227 3231
2 3227 3241
2 3227 3243
2 3228 3232
2 3228 3298
2 3229 3233
2 3229 3299
2 3230 3234
2 3230 3300
2 3231 3235
2 3231 3301
2 3232 3266
2 3233 3267
2 3234 3236
2 3234 3268
2 3235 3237
2 3235 3269
2 3236 3238
2 3236 3252
2 3237 3239
2 3237 3253
2 3238 3240
2 3239 3241
2 3242 3244
2 3243 3245
2 3244 3276
2 3244 3302
2 3245 3277
2 3245 3303
2 3246 3278
2 3247 3279
2 3248 3280
2 3249 3281
2 3250 3258
2 3250 3262
2 3251 3259
2 3251 3263
2 3252 3260
2 3252 3264
2 3253 3261
2 3253 3265
2 3254 3282
2 3254 3306
2 3255 3283
2 3255 3307
2 3256 3284
2 3256 3308
2 3257 3285
2 3257 3309
2 3258 3286
2 3258 3310
2 3259 3287
2 3259 3311
2 3260 3288
2 3260 3312
2 3261 3289
2 3261 3313
2 3262 3290
2 3262 3314
2 3263 3291
2 3263 3315
2 3264 3292
2 3264 3316
2 3265 3293
2 3265 3317
2 3302 3304
2 3303 3305
2 3310 3314
2 3311 3315
2 3312 3316
2 3313 3317
2 3322 3326
2 3322 3342
2 3322 3346
2 3323 3327
2 3323 3343
2 3323 3347
2 3324 3328
2 3324 3344
2 3324 3350
2 3325 3329
2 3325 3345
2 3325 3351
2 3326 3330
2 3326 3402
2 3327 3331
2 3327 3403
2 3328 3332
2 3328 3404
2 3329 3333
2 3329 3405
2 3330 3334
2 3331 3335
2 3332 3336
2 3332 3378
2 3333 3337
2 3333 3379
2 3334 3338
2 3334 3366
2 3335 3339
2 3335 3367
2 3336 3340
2 3336 3368
2 3337 3341
2 3337 3369
2 3338 3342
2 3339 3343
2 3340 3344
2 3341 3345
2 3346 3354
2 3347 3355
2 3348 3356
2 3349 3357
2 3350 3358
2 3351 3359
2 3352 3360
2 3353 3361
2 3354 3382
2 3354 3406
2 3355 3383
2 3355 3407
2 3356 3384
2 3356 3408
2 3357 3385
2 3357 3409
2 3358 3386
2 3358 3410
2 3359 3387
2 3359 3411
2 3360 3388
2 3360 3412
2 3361 3389
2 3361 3413
2 3362 3390
2 3363 3391
2 3364 3392
2 3365 3393
2 3366 3370
2 3366 3374
2 3367 3371
2 3367 3375
2 3368 3372
2 3368 3376
2 3369 3373
2 3369 3377
2 3370 3422
2 3371 3423
2 3372 3394
2 3372 3424
2 3373 3395
2 3373 3425
2 3374 3396
2 3374 3426
2 3375 3397
2 3375 3427
2 3376 3398
2 3376 3428
2 3377 3399
2 3377 3429
2 3406 3414
2 3407 3415
2 3408 3416
2 3409 3417
2 3410 3418
2 3411 3419
2 3412 3420
2 3413 3421
2 3422 3426
2 3423 3427
2 3424 3428
2 3425 3429
