# vtk DataFile Version 1.0
Cube
ASCII

DATASET POLYDATA
POINTS 3140 float
12.317530 0.305846 1.782361
12.277214 0.305846 30.300132
12.317530 26.394476 1.782361
12.277214 26.394476 30.300132
9.975279 1.765331 2.801871
9.934963 1.765331 31.319643
9.975279 27.853961 2.801871
9.934963 27.853961 31.319643
9.583093 1.017457 4.833762
9.583093 27.106087 4.833762
9.008057 1.591406 3.742958
8.967741 1.591406 32.260729
9.008057 27.680036 3.742958
8.967741 27.680036 32.260729
7.564349 1.965343 3.600369
7.524033 1.965343 32.118140
7.564349 28.053973 3.600369
7.524033 28.053973 32.118140
6.909905 2.634952 4.648397
6.909905 28.723582 4.648397
7.696745 3.156724 5.810496
7.696745 29.245354 5.810496
5.525201 2.826268 4.598491
5.525201 28.914898 4.598491
11.144969 1.295735 3.308061
11.104653 1.295735 31.825833
11.144969 27.384365 3.308061
11.104653 27.384365 31.825833
10.904186 0.834836 4.562843
10.904186 26.923466 4.562843
9.835930 2.204385 1.815092
9.795614 2.204385 30.332863
9.835930 28.293015 1.815092
9.795614 28.293015 30.332863
9.076070 0.751172 5.760012
9.076070 26.839802 5.760012
8.432259 3.877597 5.456526
8.432259 29.966227 5.456526
7.023762 3.641512 6.516190
7.023762 29.730142 6.516190
8.206492 2.330567 6.303989
8.206492 28.419197 6.303989
5.037071 3.340545 5.425035
5.037071 29.429175 5.425035
14.659781 1.765331 0.762850
14.619465 1.765331 29.280622
14.659781 27.853961 0.762850
14.619465 27.853961 29.280622
15.041888 1.017457 5.860402
15.041888 27.106087 5.860402
15.616924 1.591406 6.951207
15.616924 27.680036 6.951207
17.060633 1.965343 7.093796
17.060633 28.053973 7.093796
17.715077 2.634952 6.045768
17.715077 28.723582 6.045768
16.928237 3.156724 4.883668
16.928237 29.245354 4.883668
19.099780 2.826268 6.095674
19.099780 28.914898 6.095674
13.490092 1.295735 0.256660
13.449776 1.295735 28.774431
13.490092 27.384365 0.256660
13.449776 27.384365 28.774431
13.720796 0.834836 6.131321
13.720796 26.923466 6.131321
14.799130 2.204385 1.749629
14.758814 2.204385 30.267401
14.799130 28.293015 1.749629
14.758814 28.293015 30.267401
15.548911 0.751172 4.934152
15.548911 26.839802 4.934152
16.192722 3.877597 5.237638
16.192722 29.966227 5.237638
17.601219 3.641512 4.177975
17.560903 3.641512 32.695746
17.601219 29.730142 4.177975
17.560903 29.730142 32.695746
16.418490 2.330567 4.390175
16.418490 28.419197 4.390175
19.587911 3.340545 5.269129
19.587911 29.429175 5.269129
12.312491 8.390364 5.347082
14.654742 6.930879 4.327572
15.046928 7.678753 2.295681
15.006612 7.678753 30.813452
15.621964 7.104804 3.386485
15.581648 7.104804 31.904257
17.065672 6.730867 3.529074
17.025356 6.730867 32.046846
17.720116 6.061258 2.481046
17.679800 6.061258 30.998818
16.933276 5.539486 1.318947
16.892960 5.539486 29.836718
19.104819 5.869942 2.530952
19.064503 5.869942 31.048724
13.485052 7.400475 3.821381
13.444736 7.400475 32.339153
13.725835 7.861374 2.566599
13.685519 7.861374 31.084371
14.794091 6.491825 5.314351
15.553951 7.945038 1.369431
15.513634 7.945038 29.887202
16.197762 4.818613 1.672917
16.157445 4.818613 30.190688
17.606259 5.054698 0.613253
17.565942 5.054698 29.131025
16.423529 6.365643 0.825454
16.383213 6.365643 29.343226
19.592950 5.355665 1.704407
19.552634 5.355665 30.222179
9.970240 6.930879 6.366592
9.588133 7.678753 1.269041
9.547817 7.678753 29.786812
9.013097 7.104804 0.178236
8.972781 7.104804 28.696008
7.569388 6.730867 0.035647
7.529072 6.730867 28.553419
6.914944 6.061258 1.083675
6.874628 6.061258 29.601447
7.701784 5.539486 2.245775
7.661468 5.539486 30.763546
5.530241 5.869942 1.033769
5.489925 5.869942 29.551541
11.139929 7.400475 6.872783
10.909225 7.861374 0.998122
10.868909 7.861374 29.515894
9.830891 6.491825 5.379813
9.081110 7.945038 2.195291
9.040794 7.945038 30.713062
8.437299 4.818613 1.891805
8.396983 4.818613 30.409576
7.028802 5.054698 2.951468
6.988486 5.054698 31.469240
8.211531 6.365643 2.739267
8.171215 6.365643 31.257039
5.042110 5.355665 1.860314
5.001794 5.355665 30.378086
-0.002520 4.653951 1.782361
-0.042836 4.653951 30.300132
24.637580 4.653951 1.782361
24.597264 4.653951 30.300132
-2.344771 6.113436 2.801871
-2.385087 6.113436 31.319643
22.295329 6.113436 2.801871
22.255013 6.113436 31.319643
-2.736957 5.365562 4.833762
21.903143 5.365562 4.833762
-3.311993 5.939511 3.742958
-3.352309 5.939511 32.260729
21.328107 5.939511 3.742958
21.287791 5.939511 32.260729
19.884399 6.313448 3.600369
19.844083 6.313448 32.118140
19.229955 6.983057 4.648397
20.016795 7.504829 5.810496
17.845251 7.174373 4.598491
-1.175081 5.643840 3.308061
-1.215397 5.643840 31.825833
23.465019 5.643840 3.308061
23.424703 5.643840 31.825833
-1.415864 5.182941 4.562843
23.224236 5.182941 4.562843
-2.484120 6.552490 1.815092
-2.524436 6.552490 30.332863
22.155980 6.552490 1.815092
22.115664 6.552490 30.332863
-3.243980 5.099277 5.760012
21.396120 5.099277 5.760012
20.752309 8.225702 5.456526
19.343812 7.989617 6.516190
20.526542 6.678672 6.303989
17.357121 7.688650 5.425035
2.339731 6.113436 0.762850
2.299415 6.113436 29.280622
26.979831 6.113436 0.762850
26.939515 6.113436 29.280622
2.721838 5.365562 5.860402
27.361938 5.365562 5.860402
3.296874 5.939511 6.951207
27.936974 5.939511 6.951207
4.740583 6.313448 7.093796
5.395027 6.983057 6.045768
4.608187 7.504829 4.883668
6.779730 7.174373 6.095674
1.170042 5.643840 0.256660
1.129726 5.643840 28.774431
25.810142 5.643840 0.256660
25.769826 5.643840 28.774431
1.400746 5.182941 6.131321
26.040846 5.182941 6.131321
2.479080 6.552490 1.749629
2.438764 6.552490 30.267401
27.119180 6.552490 1.749629
27.078864 6.552490 30.267401
3.228861 5.099277 4.934152
27.868961 5.099277 4.934152
3.872672 8.225702 5.237638
5.281169 7.989617 4.177975
5.240853 7.989617 32.695746
4.098440 6.678672 4.390175
7.267861 7.688650 5.269129
-0.007559 4.042259 5.347082
24.632541 4.042259 5.347082
2.334692 2.582774 4.327572
2.334692 28.671404 4.327572
26.974792 2.582774 4.327572
26.974792 28.671404 4.327572
2.726878 3.330648 2.295681
2.686562 3.330648 30.813452
2.726878 29.419278 2.295681
2.686562 29.419278 30.813452
27.366978 3.330648 2.295681
27.326662 3.330648 30.813452
27.366978 29.419278 2.295681
27.326662 29.419278 30.813452
3.301914 2.756699 3.386485
3.261598 2.756699 31.904257
3.301914 28.845329 3.386485
3.261598 28.845329 31.904257
27.942014 2.756699 3.386485
27.901698 2.756699 31.904257
27.942014 28.845329 3.386485
27.901698 28.845329 31.904257
4.745622 2.382762 3.529074
4.705306 2.382762 32.046846
4.745622 28.471392 3.529074
4.705306 28.471392 32.046846
5.400066 1.713153 2.481046
5.359750 1.713153 30.998818
5.400066 27.801783 2.481046
5.359750 27.801783 30.998818
4.613226 1.191381 1.318947
4.572910 1.191381 29.836718
4.613226 27.280011 1.318947
4.572910 27.280011 29.836718
6.784769 1.521837 2.530952
6.744453 1.521837 31.048724
6.784769 27.610467 2.530952
6.744453 27.610467 31.048724
1.165002 3.052370 3.821381
1.124686 3.052370 32.339153
1.165002 29.141000 3.821381
1.124686 29.141000 32.339153
25.805102 3.052370 3.821381
25.764786 3.052370 32.339153
25.805102 29.141000 3.821381
25.764786 29.141000 32.339153
1.405785 3.513269 2.566599
1.365469 3.513269 31.084371
1.405785 29.601899 2.566599
1.365469 29.601899 31.084371
26.045885 3.513269 2.566599
26.005569 3.513269 31.084371
26.045885 29.601899 2.566599
26.005569 29.601899 31.084371
2.474041 2.143720 5.314351
2.474041 28.232350 5.314351
27.114141 2.143720 5.314351
27.114141 28.232350 5.314351
3.233901 3.596933 1.369431
3.193584 3.596933 29.887202
3.233901 29.685563 1.369431
3.193584 29.685563 29.887202
27.874001 3.596933 1.369431
27.833684 3.596933 29.887202
27.874001 29.685563 1.369431
27.833684 29.685563 29.887202
3.877712 0.470508 1.672917
3.837395 0.470508 30.190688
3.877712 26.559138 1.672917
3.837395 26.559138 30.190688
5.286209 0.706593 0.613253
5.245892 0.706593 29.131025
5.286209 26.795223 0.613253
5.245892 26.795223 29.131025
4.103479 2.017538 0.825454
4.063163 2.017538 29.343226
4.103479 28.106168 0.825454
4.063163 28.106168 29.343226
7.272900 1.007560 1.704407
7.232584 1.007560 30.222179
7.272900 27.096190 1.704407
7.232584 27.096190 30.222179
-2.349810 2.582774 6.366592
-2.349810 28.671404 6.366592
22.290290 2.582774 6.366592
22.290290 28.671404 6.366592
-2.731917 3.330648 1.269041
-2.772233 3.330648 29.786812
-2.731917 29.419278 1.269041
-2.772233 29.419278 29.786812
21.908183 3.330648 1.269041
21.867867 3.330648 29.786812
21.908183 29.419278 1.269041
21.867867 29.419278 29.786812
-3.306953 2.756699 0.178236
-3.347269 2.756699 28.696008
-3.306953 28.845329 0.178236
-3.347269 28.845329 28.696008
21.333147 2.756699 0.178236
21.292831 2.756699 28.696008
21.333147 28.845329 0.178236
21.292831 28.845329 28.696008
19.889438 2.382762 0.035647
19.849122 2.382762 28.553419
19.889438 28.471392 0.035647
19.849122 28.471392 28.553419
19.234994 1.713153 1.083675
19.194678 1.713153 29.601447
19.234994 27.801783 1.083675
19.194678 27.801783 29.601447
20.021834 1.191381 2.245775
19.981518 1.191381 30.763546
20.021834 27.280011 2.245775
19.981518 27.280011 30.763546
17.850291 1.521837 1.033769
17.809975 1.521837 29.551541
17.850291 27.610467 1.033769
17.809975 27.610467 29.551541
-1.180121 3.052370 6.872783
-1.180121 29.141000 6.872783
23.459979 3.052370 6.872783
23.459979 29.141000 6.872783
-1.410825 3.513269 0.998122
-1.451141 3.513269 29.515894
-1.410825 29.601899 0.998122
-1.451141 29.601899 29.515894
23.229275 3.513269 0.998122
23.188959 3.513269 29.515894
23.229275 29.601899 0.998122
23.188959 29.601899 29.515894
-2.489159 2.143720 5.379813
-2.489159 28.232350 5.379813
22.150941 2.143720 5.379813
22.150941 28.232350 5.379813
-3.238940 3.596933 2.195291
-3.279256 3.596933 30.713062
-3.238940 29.685563 2.195291
-3.279256 29.685563 30.713062
21.401160 3.596933 2.195291
21.360844 3.596933 30.713062
21.401160 29.685563 2.195291
21.360844 29.685563 30.713062
20.757349 0.470508 1.891805
20.717033 0.470508 30.409576
20.757349 26.559138 1.891805
20.717033 26.559138 30.409576
19.348852 0.706593 2.951468
19.308536 0.706593 31.469240
19.348852 26.795223 2.951468
19.308536 26.795223 31.469240
20.531581 2.017538 2.739267
20.491265 2.017538 31.257039
20.531581 28.106168 2.739267
20.491265 28.106168 31.257039
17.362160 1.007560 1.860314
17.321844 1.007560 30.378086
17.362160 27.096190 1.860314
17.321844 27.096190 30.378086
12.307451 0.305846 8.911804
12.307451 26.394476 8.911804
9.965200 1.765331 9.931314
9.965200 27.853961 9.931314
9.573014 1.017457 11.963205
9.573014 27.106087 11.963205
8.997978 1.591406 10.872400
8.997978 27.680036 10.872400
7.554270 1.965343 10.729812
7.554270 28.053973 10.729812
6.899826 2.634952 11.777840
6.899826 28.723582 11.777840
7.686666 3.156724 12.939939
7.686666 29.245354 12.939939
5.515122 2.826268 11.727934
5.515122 28.914898 11.727934
11.134890 1.295735 10.437504
11.134890 27.384365 10.437504
10.894107 0.834836 11.692286
10.894107 26.923466 11.692286
9.825851 2.204385 8.944535
9.825851 28.293015 8.944535
9.065991 0.751172 12.889455
9.065991 26.839802 12.889455
8.422180 3.877597 12.585969
8.422180 29.966227 12.585969
7.013683 3.641512 13.645632
7.013683 29.730142 13.645632
8.196413 2.330567 13.433432
8.196413 28.419197 13.433432
5.026992 3.340545 12.554478
5.026992 29.429175 12.554478
14.649702 1.765331 7.892293
14.649702 27.853961 7.892293
15.031809 1.017457 12.989845
15.031809 27.106087 12.989845
15.606845 1.591406 14.080650
15.606845 27.680036 14.080650
17.050554 1.965343 14.223239
17.050554 28.053973 14.223239
17.704998 2.634952 13.175210
17.704998 28.723582 13.175210
16.918158 3.156724 12.013111
16.918158 29.245354 12.013111
19.089701 2.826268 13.225117
19.089701 28.914898 13.225117
13.480013 1.295735 7.386103
13.480013 27.384365 7.386103
13.710717 0.834836 13.260764
13.710717 26.923466 13.260764
14.789051 2.204385 8.879072
14.789051 28.293015 8.879072
15.538832 0.751172 12.063595
15.538832 26.839802 12.063595
16.182643 3.877597 12.367081
16.182643 29.966227 12.367081
17.591140 3.641512 11.307418
17.591140 29.730142 11.307418
16.408411 2.330567 11.519618
16.408411 28.419197 11.519618
19.577832 3.340545 12.398572
19.577832 29.429175 12.398572
12.302412 8.390364 12.476525
14.644663 6.930879 11.457015
15.036849 7.678753 9.425123
15.611885 7.104804 10.515928
17.055593 6.730867 10.658517
17.710037 6.061258 9.610489
16.923197 5.539486 8.448390
19.094740 5.869942 9.660395
13.474973 7.400475 10.950824
13.715756 7.861374 9.696042
14.784012 6.491825 12.443794
15.543871 7.945038 8.498873
16.187682 4.818613 8.802360
17.596180 5.054698 7.742696
16.413450 6.365643 7.954897
19.582871 5.355665 8.833850
9.960161 6.930879 13.496035
9.578054 7.678753 8.398484
9.003018 7.104804 7.307679
7.559309 6.730867 7.165090
6.904865 6.061258 8.213118
7.691705 5.539486 9.375217
5.520162 5.869942 8.163212
11.129850 7.400475 14.002226
10.899146 7.861374 8.127565
9.820812 6.491825 12.509256
9.071031 7.945038 9.324734
8.427220 4.818613 9.021248
7.018723 5.054698 10.080911
8.201452 6.365643 9.868710
5.032031 5.355665 8.989757
-0.012599 4.653951 8.911804
24.627501 4.653951 8.911804
-2.354850 6.113436 9.931314
22.285250 6.113436 9.931314
-2.747036 5.365562 11.963205
21.893064 5.365562 11.963205
-3.322072 5.939511 10.872400
21.318028 5.939511 10.872400
19.874320 6.313448 10.729812
19.219876 6.983057 11.777840
20.006716 7.504829 12.939939
17.835172 7.174373 11.727934
-1.185160 5.643840 10.437504
23.454940 5.643840 10.437504
-1.425943 5.182941 11.692286
23.214157 5.182941 11.692286
-2.494199 6.552490 8.944535
22.145901 6.552490 8.944535
-3.254059 5.099277 12.889455
21.386041 5.099277 12.889455
20.742230 8.225702 12.585969
19.333733 7.989617 13.645632
20.516463 6.678672 13.433432
17.347042 7.688650 12.554478
2.329652 6.113436 7.892293
26.969752 6.113436 7.892293
2.711759 5.365562 12.989845
27.351859 5.365562 12.989845
3.286795 5.939511 14.080650
27.926895 5.939511 14.080650
4.730504 6.313448 14.223239
5.384948 6.983057 13.175210
4.598108 7.504829 12.013111
6.769651 7.174373 13.225117
1.159963 5.643840 7.386103
25.800063 5.643840 7.386103
1.390667 5.182941 13.260764
26.030767 5.182941 13.260764
2.469001 6.552490 8.879072
27.109101 6.552490 8.879072
3.218782 5.099277 12.063595
27.858882 5.099277 12.063595
3.862593 8.225702 12.367081
5.271090 7.989617 11.307418
4.088361 6.678672 11.519618
7.257782 7.688650 12.398572
-0.017638 4.042259 12.476525
24.622462 4.042259 12.476525
2.324613 2.582774 11.457015
2.324613 28.671404 11.457015
26.964713 2.582774 11.457015
26.964713 28.671404 11.457015
2.716799 3.330648 9.425123
2.716799 29.419278 9.425123
27.356899 3.330648 9.425123
27.356899 29.419278 9.425123
3.291835 2.756699 10.515928
3.291835 28.845329 10.515928
27.931935 2.756699 10.515928
27.931935 28.845329 10.515928
4.735543 2.382762 10.658517
4.735543 28.471392 10.658517
5.389987 1.713153 9.610489
5.389987 27.801783 9.610489
4.603147 1.191381 8.448390
4.603147 27.280011 8.448390
6.774690 1.521837 9.660395
6.774690 27.610467 9.660395
1.154923 3.052370 10.950824
1.154923 29.141000 10.950824
25.795023 3.052370 10.950824
25.795023 29.141000 10.950824
1.395706 3.513269 9.696042
1.395706 29.601899 9.696042
26.035806 3.513269 9.696042
26.035806 29.601899 9.696042
2.463962 2.143720 12.443794
2.463962 28.232350 12.443794
27.104062 2.143720 12.443794
27.104062 28.232350 12.443794
3.223821 3.596933 8.498873
3.223821 29.685563 8.498873
27.863921 3.596933 8.498873
27.863921 29.685563 8.498873
3.867632 0.470508 8.802360
3.867632 26.559138 8.802360
5.276130 0.706593 7.742696
5.276130 26.795223 7.742696
4.093400 2.017538 7.954897
4.093400 28.106168 7.954897
7.262821 1.007560 8.833850
7.262821 27.096190 8.833850
-2.359889 2.582774 13.496035
-2.359889 28.671404 13.496035
22.280211 2.582774 13.496035
22.280211 28.671404 13.496035
-2.741996 3.330648 8.398484
-2.741996 29.419278 8.398484
21.898104 3.330648 8.398484
21.898104 29.419278 8.398484
-3.317032 2.756699 7.307679
-3.317032 28.845329 7.307679
21.323068 2.756699 7.307679
21.323068 28.845329 7.307679
19.879359 2.382762 7.165090
19.879359 28.471392 7.165090
19.224915 1.713153 8.213118
19.224915 27.801783 8.213118
20.011755 1.191381 9.375217
20.011755 27.280011 9.375217
17.840212 1.521837 8.163212
17.840212 27.610467 8.163212
-1.190200 3.052370 14.002226
-1.190200 29.141000 14.002226
23.449900 3.052370 14.002226
23.449900 29.141000 14.002226
-1.420904 3.513269 8.127565
-1.420904 29.601899 8.127565
23.219196 3.513269 8.127565
23.219196 29.601899 8.127565
-2.499238 2.143720 12.509256
-2.499238 28.232350 12.509256
22.140862 2.143720 12.509256
22.140862 28.232350 12.509256
-3.249019 3.596933 9.324734
-3.249019 29.685563 9.324734
21.391081 3.596933 9.324734
21.391081 29.685563 9.324734
20.747270 0.470508 9.021248
20.747270 26.559138 9.021248
19.338773 0.706593 10.080911
19.338773 26.795223 10.080911
20.521502 2.017538 9.868710
20.521502 28.106168 9.868710
17.352081 1.007560 8.989757
17.352081 27.096190 8.989757
12.297372 0.305846 16.041246
12.297372 26.394476 16.041246
9.955121 1.765331 17.060757
9.955121 27.853961 17.060757
9.562935 1.017457 19.092648
9.562935 27.106087 19.092648
8.987899 1.591406 18.001843
8.987899 27.680036 18.001843
7.544191 1.965343 17.859254
7.544191 28.053973 17.859254
6.889747 2.634952 18.907283
6.889747 28.723582 18.907283
7.676587 3.156724 20.069382
7.676587 29.245354 20.069382
5.505043 2.826268 18.857376
5.505043 28.914898 18.857376
11.124811 1.295735 17.566947
11.124811 27.384365 17.566947
10.884028 0.834836 18.821729
10.884028 26.923466 18.821729
9.815772 2.204385 16.073978
9.815772 28.293015 16.073978
9.055912 0.751172 20.018898
9.055912 26.839802 20.018898
8.412101 3.877597 19.715412
8.412101 29.966227 19.715412
7.003604 3.641512 20.775075
7.003604 29.730142 20.775075
8.186333 2.330567 20.562875
8.186333 28.419197 20.562875
5.016913 3.340545 19.683921
5.016913 29.429175 19.683921
14.639623 1.765331 15.021736
14.639623 27.853961 15.021736
15.021730 1.017457 20.119288
15.021730 27.106087 20.119288
15.596766 1.591406 21.210093
15.596766 27.680036 21.210093
17.040475 1.965343 21.352681
17.040475 28.053973 21.352681
17.694919 2.634952 20.304653
17.694919 28.723582 20.304653
16.908079 3.156724 19.142554
16.908079 29.245354 19.142554
19.079622 2.826268 20.354559
19.079622 28.914898 20.354559
13.469934 1.295735 14.515546
13.469934 27.384365 14.515546
13.700638 0.834836 20.390207
13.700638 26.923466 20.390207
14.778972 2.204385 16.008515
14.778972 28.293015 16.008515
15.528753 0.751172 19.193038
15.528753 26.839802 19.193038
16.172564 3.877597 19.496524
16.172564 29.966227 19.496524
17.581061 3.641512 18.436860
17.581061 29.730142 18.436860
16.398332 2.330567 18.649061
16.398332 28.419197 18.649061
19.567753 3.340545 19.528015
19.567753 29.429175 19.528015
12.292333 8.390364 19.605968
14.634583 6.930879 18.586458
15.026770 7.678753 16.554566
15.601806 7.104804 17.645371
17.045514 6.730867 17.787960
17.699958 6.061258 16.739932
16.913118 5.539486 15.577833
19.084661 5.869942 16.789838
13.464894 7.400475 18.080267
13.705677 7.861374 16.825485
14.773933 6.491825 19.573237
15.533792 7.945038 15.628316
16.177603 4.818613 15.931802
17.586101 5.054698 14.872139
16.403371 6.365643 15.084340
19.572792 5.355665 15.963293
9.950082 6.930879 20.625478
9.567975 7.678753 15.527927
8.992939 7.104804 14.437122
7.549230 6.730867 14.294533
6.894786 6.061258 15.342561
7.681626 5.539486 16.504660
5.510083 5.869942 15.292655
11.119771 7.400475 21.131669
10.889067 7.861374 15.257008
9.810733 6.491825 19.638699
9.060952 7.945038 16.454177
8.417141 4.818613 16.150691
7.008644 5.054698 17.210354
8.191373 6.365643 16.998153
5.021952 5.355665 16.119200
-0.022678 4.653951 16.041246
24.617422 4.653951 16.041246
-2.364929 6.113436 17.060757
22.275171 6.113436 17.060757
-2.757115 5.365562 19.092648
21.882985 5.365562 19.092648
-3.332151 5.939511 18.001843
21.307949 5.939511 18.001843
19.864241 6.313448 17.859254
19.209797 6.983057 18.907283
19.996637 7.504829 20.069382
17.825093 7.174373 18.857376
-1.195239 5.643840 17.566947
23.444861 5.643840 17.566947
-1.436022 5.182941 18.821729
23.204078 5.182941 18.821729
-2.504278 6.552490 16.073978
22.135822 6.552490 16.073978
-3.264138 5.099277 20.018898
21.375962 5.099277 20.018898
20.732151 8.225702 19.715412
19.323654 7.989617 20.775075
20.506383 6.678672 20.562875
17.336963 7.688650 19.683921
2.319573 6.113436 15.021736
26.959673 6.113436 15.021736
2.701680 5.365562 20.119288
27.341780 5.365562 20.119288
3.276716 5.939511 21.210093
27.916816 5.939511 21.210093
4.720425 6.313448 21.352681
5.374869 6.983057 20.304653
4.588029 7.504829 19.142554
6.759572 7.174373 20.354559
1.149884 5.643840 14.515546
25.789984 5.643840 14.515546
1.380588 5.182941 20.390207
26.020688 5.182941 20.390207
2.458922 6.552490 16.008515
27.099022 6.552490 16.008515
3.208703 5.099277 19.193038
27.848803 5.099277 19.193038
3.852514 8.225702 19.496524
5.261011 7.989617 18.436860
4.078282 6.678672 18.649061
7.247703 7.688650 19.528015
-0.027717 4.042259 19.605968
24.612383 4.042259 19.605968
2.314533 2.582774 18.586458
2.314533 28.671404 18.586458
26.954633 2.582774 18.586458
26.954633 28.671404 18.586458
2.706720 3.330648 16.554566
2.706720 29.419278 16.554566
27.346820 3.330648 16.554566
27.346820 29.419278 16.554566
3.281756 2.756699 17.645371
3.281756 28.845329 17.645371
27.921856 2.756699 17.645371
27.921856 28.845329 17.645371
4.725464 2.382762 17.787960
4.725464 28.471392 17.787960
5.379908 1.713153 16.739932
5.379908 27.801783 16.739932
4.593068 1.191381 15.577833
4.593068 27.280011 15.577833
6.764611 1.521837 16.789838
6.764611 27.610467 16.789838
1.144844 3.052370 18.080267
1.144844 29.141000 18.080267
25.784944 3.052370 18.080267
25.784944 29.141000 18.080267
1.385627 3.513269 16.825485
1.385627 29.601899 16.825485
26.025727 3.513269 16.825485
26.025727 29.601899 16.825485
2.453883 2.143720 19.573237
2.453883 28.232350 19.573237
27.093983 2.143720 19.573237
27.093983 28.232350 19.573237
3.213742 3.596933 15.628316
3.213742 29.685563 15.628316
27.853842 3.596933 15.628316
27.853842 29.685563 15.628316
3.857553 0.470508 15.931802
3.857553 26.559138 15.931802
5.266051 0.706593 14.872139
5.266051 26.795223 14.872139
4.083321 2.017538 15.084340
4.083321 28.106168 15.084340
7.252742 1.007560 15.963293
7.252742 27.096190 15.963293
-2.369968 2.582774 20.625478
-2.369968 28.671404 20.625478
22.270132 2.582774 20.625478
22.270132 28.671404 20.625478
-2.752075 3.330648 15.527927
-2.752075 29.419278 15.527927
21.888025 3.330648 15.527927
21.888025 29.419278 15.527927
-3.327111 2.756699 14.437122
-3.327111 28.845329 14.437122
21.312989 2.756699 14.437122
21.312989 28.845329 14.437122
19.869280 2.382762 14.294533
19.869280 28.471392 14.294533
19.214836 1.713153 15.342561
19.214836 27.801783 15.342561
20.001676 1.191381 16.504660
20.001676 27.280011 16.504660
17.830133 1.521837 15.292655
17.830133 27.610467 15.292655
-1.200279 3.052370 21.131669
-1.200279 29.141000 21.131669
23.439821 3.052370 21.131669
23.439821 29.141000 21.131669
-1.430983 3.513269 15.257008
-1.430983 29.601899 15.257008
23.209117 3.513269 15.257008
23.209117 29.601899 15.257008
-2.509317 2.143720 19.638699
-2.509317 28.232350 19.638699
22.130783 2.143720 19.638699
22.130783 28.232350 19.638699
-3.259098 3.596933 16.454177
-3.259098 29.685563 16.454177
21.381002 3.596933 16.454177
21.381002 29.685563 16.454177
20.737191 0.470508 16.150691
20.737191 26.559138 16.150691
19.328694 0.706593 17.210354
19.328694 26.795223 17.210354
20.511423 2.017538 16.998153
20.511423 28.106168 16.998153
17.342002 1.007560 16.119200
17.342002 27.096190 16.119200
12.287293 0.305846 23.170689
12.287293 26.394476 23.170689
9.945042 1.765331 24.190200
9.945042 27.853961 24.190200
9.593172 1.017457 -2.295681
9.552856 1.017457 26.222091
9.593172 27.106087 -2.295681
9.552856 27.106087 26.222091
9.018136 1.591406 -3.386485
8.977820 1.591406 25.131286
9.018136 27.680036 -3.386485
8.977820 27.680036 25.131286
7.574428 1.965343 -3.529074
7.534112 1.965343 24.988697
7.574428 28.053973 -3.529074
7.534112 28.053973 24.988697
6.919984 2.634952 -2.481046
6.879667 2.634952 26.036725
6.919984 28.723582 -2.481046
6.879667 28.723582 26.036725
7.706824 3.156724 -1.318947
7.666508 3.156724 27.198825
7.706824 29.245354 -1.318947
7.666508 29.245354 27.198825
5.535281 2.826268 -2.530952
5.494964 2.826268 25.986819
5.535281 28.914898 -2.530952
5.494964 28.914898 25.986819
11.155048 1.295735 -3.821381
11.114732 1.295735 24.696390
11.155048 27.384365 -3.821381
11.114732 27.384365 24.696390
10.914265 0.834836 -2.566599
10.873949 0.834836 25.951172
10.914265 26.923466 -2.566599
10.873949 26.923466 25.951172
9.805693 2.204385 23.203421
9.805693 28.293015 23.203421
9.086149 0.751172 -1.369431
9.045833 0.751172 27.148341
9.086149 26.839802 -1.369431
9.045833 26.839802 27.148341
8.442338 3.877597 -1.672917
8.402022 3.877597 26.844855
8.442338 29.966227 -1.672917
8.402022 29.966227 26.844855
7.033841 3.641512 -0.613253
6.993525 3.641512 27.904518
7.033841 29.730142 -0.613253
6.993525 29.730142 27.904518
8.216571 2.330567 -0.825454
8.176254 2.330567 27.692317
8.216571 28.419197 -0.825454
8.176254 28.419197 27.692317
5.047150 3.340545 -1.704407
5.006834 3.340545 26.813364
5.047150 29.429175 -1.704407
5.006834 29.429175 26.813364
14.629544 1.765331 22.151179
14.629544 27.853961 22.151179
15.051967 1.017457 -1.269041
15.011651 1.017457 27.248731
15.051967 27.106087 -1.269041
15.011651 27.106087 27.248731
15.627003 1.591406 -0.178236
15.586687 1.591406 28.339535
15.627003 27.680036 -0.178236
15.586687 27.680036 28.339535
17.070712 1.965343 -0.035647
17.030396 1.965343 28.482124
17.070712 28.053973 -0.035647
17.030396 28.053973 28.482124
17.725156 2.634952 -1.083675
17.684840 2.634952 27.434096
17.725156 28.723582 -1.083675
17.684840 28.723582 27.434096
16.938316 3.156724 -2.245775
16.898000 3.156724 26.271997
16.938316 29.245354 -2.245775
16.898000 29.245354 26.271997
19.109859 2.826268 -1.033769
19.069543 2.826268 27.484002
19.109859 28.914898 -1.033769
19.069543 28.914898 27.484002
13.459855 1.295735 21.644989
13.459855 27.384365 21.644989
13.730875 0.834836 -0.998122
13.690559 0.834836 27.519649
13.730875 26.923466 -0.998122
13.690559 26.923466 27.519649
14.768893 2.204385 23.137958
14.768893 28.293015 23.137958
15.558990 0.751172 -2.195291
15.518674 0.751172 26.322481
15.558990 26.839802 -2.195291
15.518674 26.839802 26.322481
16.202801 3.877597 -1.891805
16.162485 3.877597 26.625967
16.202801 29.966227 -1.891805
16.162485 29.966227 26.625967
17.611298 3.641512 -2.951468
17.570982 3.641512 25.566303
17.611298 29.730142 -2.951468
17.570982 29.730142 25.566303
16.428569 2.330567 -2.739267
16.388253 2.330567 25.778504
16.428569 28.419197 -2.739267
16.388253 28.419197 25.778504
19.597990 3.340545 -1.860314
19.557674 3.340545 26.657457
19.597990 29.429175 -1.860314
19.557674 29.429175 26.657457
12.322570 8.390364 -1.782361
12.282254 8.390364 26.735411
14.664821 6.930879 -2.801871
14.624504 6.930879 25.715900
15.016691 7.678753 23.684009
15.632043 7.104804 -3.742958
15.591727 7.104804 24.774814
17.075751 6.730867 -3.600369
17.035435 6.730867 24.917403
17.689879 6.061258 23.869375
16.903039 5.539486 22.707276
19.074582 5.869942 23.919281
13.495131 7.400475 -3.308061
13.454815 7.400475 25.209710
13.695598 7.861374 23.954928
14.804170 6.491825 -1.815092
14.763854 6.491825 26.702680
15.523713 7.945038 22.757759
16.167524 4.818613 23.061245
17.576022 5.054698 22.001582
16.393292 6.365643 22.213783
19.562713 5.355665 23.092736
9.980319 6.930879 -0.762850
9.940003 6.930879 27.754921
9.557896 7.678753 22.657369
8.982860 7.104804 21.566565
7.539151 6.730867 21.423976
6.884707 6.061258 22.472004
7.671547 5.539486 23.634103
5.500004 5.869942 22.422098
11.150008 7.400475 -0.256660
11.109692 7.400475 28.261112
10.878988 7.861374 22.386451
9.840970 6.491825 -1.749629
9.800654 6.491825 26.768142
9.050873 7.945038 23.583620
8.407062 4.818613 23.280133
7.038881 5.054698 -4.177975
6.998565 5.054698 24.339797
8.181294 6.365643 24.127596
5.011873 5.355665 23.248643
-0.032757 4.653951 23.170689
24.607343 4.653951 23.170689
-2.375008 6.113436 24.190200
22.265092 6.113436 24.190200
-2.726878 5.365562 -2.295681
-2.767194 5.365562 26.222091
21.913222 5.365562 -2.295681
21.872906 5.365562 26.222091
-3.301914 5.939511 -3.386485
-3.342230 5.939511 25.131286
21.338186 5.939511 -3.386485
21.297870 5.939511 25.131286
19.894478 6.313448 -3.529074
19.854162 6.313448 24.988697
19.240034 6.983057 -2.481046
19.199717 6.983057 26.036725
20.026874 7.504829 -1.318947
19.986558 7.504829 27.198825
17.855331 7.174373 -2.530952
17.815014 7.174373 25.986819
-1.165002 5.643840 -3.821381
-1.205318 5.643840 24.696390
23.475098 5.643840 -3.821381
23.434782 5.643840 24.696390
-1.405785 5.182941 -2.566599
-1.446101 5.182941 25.951172
23.234315 5.182941 -2.566599
23.193999 5.182941 25.951172
-2.514357 6.552490 23.203421
22.125743 6.552490 23.203421
-3.233901 5.099277 -1.369431
-3.274217 5.099277 27.148341
21.406199 5.099277 -1.369431
21.365883 5.099277 27.148341
20.762388 8.225702 -1.672917
20.722072 8.225702 26.844855
19.353891 7.989617 -0.613253
19.313575 7.989617 27.904518
20.536621 6.678672 -0.825454
20.496304 6.678672 27.692317
17.367200 7.688650 -1.704407
17.326884 7.688650 26.813364
2.309494 6.113436 22.151179
26.949594 6.113436 22.151179
2.731917 5.365562 -1.269041
2.691601 5.365562 27.248731
27.372017 5.365562 -1.269041
27.331701 5.365562 27.248731
3.306953 5.939511 -0.178236
3.266637 5.939511 28.339535
27.947053 5.939511 -0.178236
27.906737 5.939511 28.339535
4.750662 6.313448 -0.035647
4.710346 6.313448 28.482124
5.405106 6.983057 -1.083675
5.364790 6.983057 27.434096
4.618266 7.504829 -2.245775
4.577950 7.504829 26.271997
6.789809 7.174373 -1.033769
6.749493 7.174373 27.484002
1.139805 5.643840 21.644989
25.779905 5.643840 21.644989
1.410825 5.182941 -0.998122
1.370509 5.182941 27.519649
26.050925 5.182941 -0.998122
26.010609 5.182941 27.519649
2.448843 6.552490 23.137958
27.088943 6.552490 23.137958
3.238940 5.099277 -2.195291
3.198624 5.099277 26.322481
27.879040 5.099277 -2.195291
27.838724 5.099277 26.322481
3.882751 8.225702 -1.891805
3.842435 8.225702 26.625967
5.291248 7.989617 -2.951468
5.250932 7.989617 25.566303
4.108519 6.678672 -2.739267
4.068203 6.678672 25.778504
7.277940 7.688650 -1.860314
7.237624 7.688650 26.657457
0.002520 4.042259 -1.782361
-0.037796 4.042259 26.735411
24.642620 4.042259 -1.782361
24.602304 4.042259 26.735411
2.344771 2.582774 -2.801871
2.304454 2.582774 25.715900
2.344771 28.671404 -2.801871
2.304454 28.671404 25.715900
26.984871 2.582774 -2.801871
26.944554 2.582774 25.715900
26.984871 28.671404 -2.801871
26.944554 28.671404 25.715900
2.696641 3.330648 23.684009
2.696641 29.419278 23.684009
27.336741 3.330648 23.684009
27.336741 29.419278 23.684009
3.311993 2.756699 -3.742958
3.271677 2.756699 24.774814
3.311993 28.845329 -3.742958
3.271677 28.845329 24.774814
27.952093 2.756699 -3.742958
27.911777 2.756699 24.774814
27.952093 28.845329 -3.742958
27.911777 28.845329 24.774814
4.755701 2.382762 -3.600369
4.715385 2.382762 24.917403
4.755701 28.471392 -3.600369
4.715385 28.471392 24.917403
5.369829 1.713153 23.869375
5.369829 27.801783 23.869375
4.582989 1.191381 22.707276
4.582989 27.280011 22.707276
6.754532 1.521837 23.919281
6.754532 27.610467 23.919281
1.175081 3.052370 -3.308061
1.134765 3.052370 25.209710
1.175081 29.141000 -3.308061
1.134765 29.141000 25.209710
25.815181 3.052370 -3.308061
25.774865 3.052370 25.209710
25.815181 29.141000 -3.308061
25.774865 29.141000 25.209710
1.375548 3.513269 23.954928
1.375548 29.601899 23.954928
26.015648 3.513269 23.954928
26.015648 29.601899 23.954928
2.484120 2.143720 -1.815092
2.443804 2.143720 26.702680
2.484120 28.232350 -1.815092
2.443804 28.232350 26.702680
27.124220 2.143720 -1.815092
27.083904 2.143720 26.702680
27.124220 28.232350 -1.815092
27.083904 28.232350 26.702680
3.203663 3.596933 22.757759
3.203663 29.685563 22.757759
27.843763 3.596933 22.757759
27.843763 29.685563 22.757759
3.847474 0.470508 23.061245
3.847474 26.559138 23.061245
5.255972 0.706593 22.001582
5.255972 26.795223 22.001582
4.073242 2.017538 22.213783
4.073242 28.106168 22.213783
7.242663 1.007560 23.092736
7.242663 27.096190 23.092736
-2.339731 2.582774 -0.762850
-2.380047 2.582774 27.754921
-2.339731 28.671404 -0.762850
-2.380047 28.671404 27.754921
22.300369 2.582774 -0.762850
22.260053 2.582774 27.754921
22.300369 28.671404 -0.762850
22.260053 28.671404 27.754921
-2.762154 3.330648 22.657369
-2.762154 29.419278 22.657369
21.877946 3.330648 22.657369
21.877946 29.419278 22.657369
-3.337190 2.756699 21.566565
-3.337190 28.845329 21.566565
21.302910 2.756699 21.566565
21.302910 28.845329 21.566565
19.859201 2.382762 21.423976
19.859201 28.471392 21.423976
19.204757 1.713153 22.472004
19.204757 27.801783 22.472004
19.991597 1.191381 23.634103
19.991597 27.280011 23.634103
17.820054 1.521837 22.422098
17.820054 27.610467 22.422098
-1.170042 3.052370 -0.256660
-1.210358 3.052370 28.261112
-1.170042 29.141000 -0.256660
-1.210358 29.141000 28.261112
23.470058 3.052370 -0.256660
23.429742 3.052370 28.261112
23.470058 29.141000 -0.256660
23.429742 29.141000 28.261112
-1.441062 3.513269 22.386451
-1.441062 29.601899 22.386451
23.199038 3.513269 22.386451
23.199038 29.601899 22.386451
-2.479080 2.143720 -1.749629
-2.519396 2.143720 26.768142
-2.479080 28.232350 -1.749629
-2.519396 28.232350 26.768142
22.161020 2.143720 -1.749629
22.120704 2.143720 26.768142
22.161020 28.232350 -1.749629
22.120704 28.232350 26.768142
-3.269177 3.596933 23.583620
-3.269177 29.685563 23.583620
21.370923 3.596933 23.583620
21.370923 29.685563 23.583620
20.727112 0.470508 23.280133
20.727112 26.559138 23.280133
19.358931 0.706593 -4.177975
19.318615 0.706593 24.339797
19.358931 26.795223 -4.177975
19.318615 26.795223 24.339797
20.501344 2.017538 24.127596
20.501344 28.106168 24.127596
17.331923 1.007560 23.248643
17.331923 27.096190 23.248643
12.317530 9.002056 1.782361
12.277214 9.002056 30.300132
9.975279 10.461541 2.801871
9.934963 10.461541 31.319643
9.583093 9.713667 4.833762
9.008057 10.287616 3.742958
8.967741 10.287616 32.260729
7.564349 10.661553 3.600369
7.524033 10.661553 32.118140
6.909905 11.331162 4.648397
7.696745 11.852934 5.810496
5.525201 11.522478 4.598491
11.144969 9.991945 3.308061
11.104653 9.991945 31.825833
10.904186 9.531046 4.562843
9.835930 10.900595 1.815092
9.795614 10.900595 30.332863
9.076070 9.447382 5.760012
8.432259 12.573807 5.456526
7.023762 12.337722 6.516190
8.206492 11.026777 6.303989
5.037071 12.036755 5.425035
14.659781 10.461541 0.762850
14.619465 10.461541 29.280622
15.041888 9.713667 5.860402
15.616924 10.287616 6.951207
17.060633 10.661553 7.093796
17.715077 11.331162 6.045768
16.928237 11.852934 4.883668
19.099780 11.522478 6.095674
13.490092 9.991945 0.256660
13.449776 9.991945 28.774431
13.720796 9.531046 6.131321
14.799130 10.900595 1.749629
14.758814 10.900595 30.267401
15.548911 9.447382 4.934152
16.192722 12.573807 5.237638
17.601219 12.337722 4.177975
17.560903 12.337722 32.695746
16.418490 11.026777 4.390175
19.587911 12.036755 5.269129
12.312491 17.086574 5.347082
14.654742 15.627089 4.327572
15.046928 16.374963 2.295681
15.006612 16.374963 30.813452
15.621964 15.801014 3.386485
15.581648 15.801014 31.904257
17.065672 15.427077 3.529074
17.025356 15.427077 32.046846
17.720116 14.757468 2.481046
17.679800 14.757468 30.998818
16.933276 14.235696 1.318947
16.892960 14.235696 29.836718
19.104819 14.566152 2.530952
19.064503 14.566152 31.048724
13.485052 16.096685 3.821381
13.444736 16.096685 32.339153
13.725835 16.557584 2.566599
13.685519 16.557584 31.084371
14.794091 15.188035 5.314351
15.553951 16.641248 1.369431
15.513634 16.641248 29.887202
16.197762 13.514823 1.672917
16.157445 13.514823 30.190688
17.606259 13.750908 0.613253
17.565942 13.750908 29.131025
16.423529 15.061853 0.825454
16.383213 15.061853 29.343226
19.592950 14.051875 1.704407
19.552634 14.051875 30.222179
9.970240 15.627089 6.366592
9.588133 16.374963 1.269041
9.547817 16.374963 29.786812
9.013097 15.801014 0.178236
8.972781 15.801014 28.696008
7.569388 15.427077 0.035647
7.529072 15.427077 28.553419
6.914944 14.757468 1.083675
6.874628 14.757468 29.601447
7.701784 14.235696 2.245775
7.661468 14.235696 30.763546
5.530241 14.566152 1.033769
5.489925 14.566152 29.551541
11.139929 16.096685 6.872783
10.909225 16.557584 0.998122
10.868909 16.557584 29.515894
9.830891 15.188035 5.379813
9.081110 16.641248 2.195291
9.040794 16.641248 30.713062
8.437299 13.514823 1.891805
8.396983 13.514823 30.409576
7.028802 13.750908 2.951468
6.988486 13.750908 31.469240
8.211531 15.061853 2.739267
8.171215 15.061853 31.257039
5.042110 14.051875 1.860314
5.001794 14.051875 30.378086
-0.002520 13.350161 1.782361
-0.042836 13.350161 30.300132
24.637580 13.350161 1.782361
24.597264 13.350161 30.300132
-2.344771 14.809646 2.801871
-2.385087 14.809646 31.319643
22.295329 14.809646 2.801871
22.255013 14.809646 31.319643
-2.736957 14.061772 4.833762
21.903143 14.061772 4.833762
-3.311993 14.635721 3.742958
-3.352309 14.635721 32.260729
21.328107 14.635721 3.742958
21.287791 14.635721 32.260729
19.884399 15.009658 3.600369
19.844083 15.009658 32.118140
19.229955 15.679267 4.648397
20.016795 16.201039 5.810496
17.845251 15.870583 4.598491
-1.175081 14.340050 3.308061
-1.215397 14.340050 31.825833
23.465019 14.340050 3.308061
23.424703 14.340050 31.825833
-1.415864 13.879151 4.562843
23.224236 13.879151 4.562843
-2.484120 15.248700 1.815092
-2.524436 15.248700 30.332863
22.155980 15.248700 1.815092
22.115664 15.248700 30.332863
-3.243980 13.795487 5.760012
21.396120 13.795487 5.760012
20.752309 16.921912 5.456526
19.343812 16.685827 6.516190
20.526542 15.374882 6.303989
17.357121 16.384860 5.425035
2.339731 14.809646 0.762850
2.299415 14.809646 29.280622
26.979831 14.809646 0.762850
26.939515 14.809646 29.280622
2.721838 14.061772 5.860402
27.361938 14.061772 5.860402
3.296874 14.635721 6.951207
27.936974 14.635721 6.951207
4.740583 15.009658 7.093796
5.395027 15.679267 6.045768
4.608187 16.201039 4.883668
6.779730 15.870583 6.095674
1.170042 14.340050 0.256660
1.129726 14.340050 28.774431
25.810142 14.340050 0.256660
25.769826 14.340050 28.774431
1.400746 13.879151 6.131321
26.040846 13.879151 6.131321
2.479080 15.248700 1.749629
2.438764 15.248700 30.267401
27.119180 15.248700 1.749629
27.078864 15.248700 30.267401
3.228861 13.795487 4.934152
27.868961 13.795487 4.934152
3.872672 16.921912 5.237638
5.281169 16.685827 4.177975
5.240853 16.685827 32.695746
4.098440 15.374882 4.390175
7.267861 16.384860 5.269129
-0.007559 12.738469 5.347082
24.632541 12.738469 5.347082
2.334692 11.278984 4.327572
26.974792 11.278984 4.327572
2.726878 12.026858 2.295681
2.686562 12.026858 30.813452
27.366978 12.026858 2.295681
27.326662 12.026858 30.813452
3.301914 11.452909 3.386485
3.261598 11.452909 31.904257
27.942014 11.452909 3.386485
27.901698 11.452909 31.904257
4.745622 11.078972 3.529074
4.705306 11.078972 32.046846
5.400066 10.409363 2.481046
5.359750 10.409363 30.998818
4.613226 9.887591 1.318947
4.572910 9.887591 29.836718
6.784769 10.218047 2.530952
6.744453 10.218047 31.048724
1.165002 11.748580 3.821381
1.124686 11.748580 32.339153
25.805102 11.748580 3.821381
25.764786 11.748580 32.339153
1.405785 12.209479 2.566599
1.365469 12.209479 31.084371
26.045885 12.209479 2.566599
26.005569 12.209479 31.084371
2.474041 10.839930 5.314351
27.114141 10.839930 5.314351
3.233901 12.293143 1.369431
3.193584 12.293143 29.887202
27.874001 12.293143 1.369431
27.833684 12.293143 29.887202
3.877712 9.166718 1.672917
3.837395 9.166718 30.190688
5.286209 9.402803 0.613253
5.245892 9.402803 29.131025
4.103479 10.713748 0.825454
4.063163 10.713748 29.343226
7.272900 9.703770 1.704407
7.232584 9.703770 30.222179
-2.349810 11.278984 6.366592
22.290290 11.278984 6.366592
-2.731917 12.026858 1.269041
-2.772233 12.026858 29.786812
21.908183 12.026858 1.269041
21.867867 12.026858 29.786812
-3.306953 11.452909 0.178236
-3.347269 11.452909 28.696008
21.333147 11.452909 0.178236
21.292831 11.452909 28.696008
19.889438 11.078972 0.035647
19.849122 11.078972 28.553419
19.234994 10.409363 1.083675
19.194678 10.409363 29.601447
20.021834 9.887591 2.245775
19.981518 9.887591 30.763546
17.850291 10.218047 1.033769
17.809975 10.218047 29.551541
-1.180121 11.748580 6.872783
23.459979 11.748580 6.872783
-1.410825 12.209479 0.998122
-1.451141 12.209479 29.515894
23.229275 12.209479 0.998122
23.188959 12.209479 29.515894
-2.489159 10.839930 5.379813
22.150941 10.839930 5.379813
-3.238940 12.293143 2.195291
-3.279256 12.293143 30.713062
21.401160 12.293143 2.195291
21.360844 12.293143 30.713062
20.757349 9.166718 1.891805
20.717033 9.166718 30.409576
19.348852 9.402803 2.951468
19.308536 9.402803 31.469240
20.531581 10.713748 2.739267
20.491265 10.713748 31.257039
17.362160 9.703770 1.860314
17.321844 9.703770 30.378086
12.307451 9.002056 8.911804
9.965200 10.461541 9.931314
9.573014 9.713667 11.963205
8.997978 10.287616 10.872400
7.554270 10.661553 10.729812
6.899826 11.331162 11.777840
7.686666 11.852934 12.939939
5.515122 11.522478 11.727934
11.134890 9.991945 10.437504
10.894107 9.531046 11.692286
9.825851 10.900595 8.944535
9.065991 9.447382 12.889455
8.422180 12.573807 12.585969
7.013683 12.337722 13.645632
8.196413 11.026777 13.433432
5.026992 12.036755 12.554478
14.649702 10.461541 7.892293
15.031809 9.713667 12.989845
15.606845 10.287616 14.080650
17.050554 10.661553 14.223239
17.704998 11.331162 13.175210
16.918158 11.852934 12.013111
19.089701 11.522478 13.225117
13.480013 9.991945 7.386103
13.710717 9.531046 13.260764
14.789051 10.900595 8.879072
15.538832 9.447382 12.063595
16.182643 12.573807 12.367081
17.591140 12.337722 11.307418
16.408411 11.026777 11.519618
19.577832 12.036755 12.398572
12.302412 17.086574 12.476525
14.644663 15.627089 11.457015
15.036849 16.374963 9.425123
15.611885 15.801014 10.515928
17.055593 15.427077 10.658517
17.710037 14.757468 9.610489
16.923197 14.235696 8.448390
19.094740 14.566152 9.660395
13.474973 16.096685 10.950824
13.715756 16.557584 9.696042
14.784012 15.188035 12.443794
15.543871 16.641248 8.498873
16.187682 13.514823 8.802360
17.596180 13.750908 7.742696
16.413450 15.061853 7.954897
19.582871 14.051875 8.833850
9.960161 15.627089 13.496035
9.578054 16.374963 8.398484
9.003018 15.801014 7.307679
7.559309 15.427077 7.165090
6.904865 14.757468 8.213118
7.691705 14.235696 9.375217
5.520162 14.566152 8.163212
11.129850 16.096685 14.002226
10.899146 16.557584 8.127565
9.820812 15.188035 12.509256
9.071031 16.641248 9.324734
8.427220 13.514823 9.021248
7.018723 13.750908 10.080911
8.201452 15.061853 9.868710
5.032031 14.051875 8.989757
-0.012599 13.350161 8.911804
24.627501 13.350161 8.911804
-2.354850 14.809646 9.931314
22.285250 14.809646 9.931314
-2.747036 14.061772 11.963205
21.893064 14.061772 11.963205
-3.322072 14.635721 10.872400
21.318028 14.635721 10.872400
19.874320 15.009658 10.729812
19.219876 15.679267 11.777840
20.006716 16.201039 12.939939
17.835172 15.870583 11.727934
-1.185160 14.340050 10.437504
23.454940 14.340050 10.437504
-1.425943 13.879151 11.692286
23.214157 13.879151 11.692286
-2.494199 15.248700 8.944535
22.145901 15.248700 8.944535
-3.254059 13.795487 12.889455
21.386041 13.795487 12.889455
20.742230 16.921912 12.585969
19.333733 16.685827 13.645632
20.516463 15.374882 13.433432
17.347042 16.384860 12.554478
2.329652 14.809646 7.892293
26.969752 14.809646 7.892293
2.711759 14.061772 12.989845
27.351859 14.061772 12.989845
3.286795 14.635721 14.080650
27.926895 14.635721 14.080650
4.730504 15.009658 14.223239
5.384948 15.679267 13.175210
4.598108 16.201039 12.013111
6.769651 15.870583 13.225117
1.159963 14.340050 7.386103
25.800063 14.340050 7.386103
1.390667 13.879151 13.260764
26.030767 13.879151 13.260764
2.469001 15.248700 8.879072
27.109101 15.248700 8.879072
3.218782 13.795487 12.063595
27.858882 13.795487 12.063595
3.862593 16.921912 12.367081
5.271090 16.685827 11.307418
4.088361 15.374882 11.519618
7.257782 16.384860 12.398572
-0.017638 12.738469 12.476525
24.622462 12.738469 12.476525
2.324613 11.278984 11.457015
26.964713 11.278984 11.457015
2.716799 12.026858 9.425123
27.356899 12.026858 9.425123
3.291835 11.452909 10.515928
27.931935 11.452909 10.515928
4.735543 11.078972 10.658517
5.389987 10.409363 9.610489
4.603147 9.887591 8.448390
6.774690 10.218047 9.660395
1.154923 11.748580 10.950824
25.795023 11.748580 10.950824
1.395706 12.209479 9.696042
26.035806 12.209479 9.696042
2.463962 10.839930 12.443794
27.104062 10.839930 12.443794
3.223821 12.293143 8.498873
27.863921 12.293143 8.498873
3.867632 9.166718 8.802360
5.276130 9.402803 7.742696
4.093400 10.713748 7.954897
7.262821 9.703770 8.833850
-2.359889 11.278984 13.496035
22.280211 11.278984 13.496035
-2.741996 12.026858 8.398484
21.898104 12.026858 8.398484
-3.317032 11.452909 7.307679
21.323068 11.452909 7.307679
19.879359 11.078972 7.165090
19.224915 10.409363 8.213118
20.011755 9.887591 9.375217
17.840212 10.218047 8.163212
-1.190200 11.748580 14.002226
23.449900 11.748580 14.002226
-1.420904 12.209479 8.127565
23.219196 12.209479 8.127565
-2.499238 10.839930 12.509256
22.140862 10.839930 12.509256
-3.249019 12.293143 9.324734
21.391081 12.293143 9.324734
20.747270 9.166718 9.021248
19.338773 9.402803 10.080911
20.521502 10.713748 9.868710
17.352081 9.703770 8.989757
12.297372 9.002056 16.041246
9.955121 10.461541 17.060757
9.562935 9.713667 19.092648
8.987899 10.287616 18.001843
7.544191 10.661553 17.859254
6.889747 11.331162 18.907283
7.676587 11.852934 20.069382
5.505043 11.522478 18.857376
11.124811 9.991945 17.566947
10.884028 9.531046 18.821729
9.815772 10.900595 16.073978
9.055912 9.447382 20.018898
8.412101 12.573807 19.715412
7.003604 12.337722 20.775075
8.186333 11.026777 20.562875
5.016913 12.036755 19.683921
14.639623 10.461541 15.021736
15.021730 9.713667 20.119288
15.596766 10.287616 21.210093
17.040475 10.661553 21.352681
17.694919 11.331162 20.304653
16.908079 11.852934 19.142554
19.079622 11.522478 20.354559
13.469934 9.991945 14.515546
13.700638 9.531046 20.390207
14.778972 10.900595 16.008515
15.528753 9.447382 19.193038
16.172564 12.573807 19.496524
17.581061 12.337722 18.436860
16.398332 11.026777 18.649061
19.567753 12.036755 19.528015
12.292333 17.086574 19.605968
14.634583 15.627089 18.586458
15.026770 16.374963 16.554566
15.601806 15.801014 17.645371
17.045514 15.427077 17.787960
17.699958 14.757468 16.739932
16.913118 14.235696 15.577833
19.084661 14.566152 16.789838
13.464894 16.096685 18.080267
13.705677 16.557584 16.825485
14.773933 15.188035 19.573237
15.533792 16.641248 15.628316
16.177603 13.514823 15.931802
17.586101 13.750908 14.872139
16.403371 15.061853 15.084340
19.572792 14.051875 15.963293
9.950082 15.627089 20.625478
9.567975 16.374963 15.527927
8.992939 15.801014 14.437122
7.549230 15.427077 14.294533
6.894786 14.757468 15.342561
7.681626 14.235696 16.504660
5.510083 14.566152 15.292655
11.119771 16.096685 21.131669
10.889067 16.557584 15.257008
9.810733 15.188035 19.638699
9.060952 16.641248 16.454177
8.417141 13.514823 16.150691
7.008644 13.750908 17.210354
8.191373 15.061853 16.998153
5.021952 14.051875 16.119200
-0.022678 13.350161 16.041246
24.617422 13.350161 16.041246
-2.364929 14.809646 17.060757
22.275171 14.809646 17.060757
-2.757115 14.061772 19.092648
21.882985 14.061772 19.092648
-3.332151 14.635721 18.001843
21.307949 14.635721 18.001843
19.864241 15.009658 17.859254
19.209797 15.679267 18.907283
19.996637 16.201039 20.069382
17.825093 15.870583 18.857376
-1.195239 14.340050 17.566947
23.444861 14.340050 17.566947
-1.436022 13.879151 18.821729
23.204078 13.879151 18.821729
-2.504278 15.248700 16.073978
22.135822 15.248700 16.073978
-3.264138 13.795487 20.018898
21.375962 13.795487 20.018898
20.732151 16.921912 19.715412
19.323654 16.685827 20.775075
20.506383 15.374882 20.562875
17.336963 16.384860 19.683921
2.319573 14.809646 15.021736
26.959673 14.809646 15.021736
2.701680 14.061772 20.119288
27.341780 14.061772 20.119288
3.276716 14.635721 21.210093
27.916816 14.635721 21.210093
4.720425 15.009658 21.352681
5.374869 15.679267 20.304653
4.588029 16.201039 19.142554
6.759572 15.870583 20.354559
1.149884 14.340050 14.515546
25.789984 14.340050 14.515546
1.380588 13.879151 20.390207
26.020688 13.879151 20.390207
2.458922 15.248700 16.008515
27.099022 15.248700 16.008515
3.208703 13.795487 19.193038
27.848803 13.795487 19.193038
3.852514 16.921912 19.496524
5.261011 16.685827 18.436860
4.078282 15.374882 18.649061
7.247703 16.384860 19.528015
-0.027717 12.738469 19.605968
24.612383 12.738469 19.605968
2.314533 11.278984 18.586458
26.954633 11.278984 18.586458
2.706720 12.026858 16.554566
27.346820 12.026858 16.554566
3.281756 11.452909 17.645371
27.921856 11.452909 17.645371
4.725464 11.078972 17.787960
5.379908 10.409363 16.739932
4.593068 9.887591 15.577833
6.764611 10.218047 16.789838
1.144844 11.748580 18.080267
25.784944 11.748580 18.080267
1.385627 12.209479 16.825485
26.025727 12.209479 16.825485
2.453883 10.839930 19.573237
27.093983 10.839930 19.573237
3.213742 12.293143 15.628316
27.853842 12.293143 15.628316
3.857553 9.166718 15.931802
5.266051 9.402803 14.872139
4.083321 10.713748 15.084340
7.252742 9.703770 15.963293
-2.369968 11.278984 20.625478
22.270132 11.278984 20.625478
-2.752075 12.026858 15.527927
21.888025 12.026858 15.527927
-3.327111 11.452909 14.437122
21.312989 11.452909 14.437122
19.869280 11.078972 14.294533
19.214836 10.409363 15.342561
20.001676 9.887591 16.504660
17.830133 10.218047 15.292655
-1.200279 11.748580 21.131669
23.439821 11.748580 21.131669
-1.430983 12.209479 15.257008
23.209117 12.209479 15.257008
-2.509317 10.839930 19.638699
22.130783 10.839930 19.638699
-3.259098 12.293143 16.454177
21.381002 12.293143 16.454177
20.737191 9.166718 16.150691
19.328694 9.402803 17.210354
20.511423 10.713748 16.998153
17.342002 9.703770 16.119200
12.287293 9.002056 23.170689
9.945042 10.461541 24.190200
9.593172 9.713667 -2.295681
9.552856 9.713667 26.222091
9.018136 10.287616 -3.386485
8.977820 10.287616 25.131286
7.574428 10.661553 -3.529074
7.534112 10.661553 24.988697
6.919984 11.331162 -2.481046
6.879667 11.331162 26.036725
7.706824 11.852934 -1.318947
7.666508 11.852934 27.198825
5.535281 11.522478 -2.530952
5.494964 11.522478 25.986819
11.155048 9.991945 -3.821381
11.114732 9.991945 24.696390
10.914265 9.531046 -2.566599
10.873949 9.531046 25.951172
9.805693 10.900595 23.203421
9.086149 9.447382 -1.369431
9.045833 9.447382 27.148341
8.442338 12.573807 -1.672917
8.402022 12.573807 26.844855
7.033841 12.337722 -0.613253
6.993525 12.337722 27.904518
8.216571 11.026777 -0.825454
8.176254 11.026777 27.692317
5.047150 12.036755 -1.704407
5.006834 12.036755 26.813364
14.629544 10.461541 22.151179
15.051967 9.713667 -1.269041
15.011651 9.713667 27.248731
15.627003 10.287616 -0.178236
15.586687 10.287616 28.339535
17.070712 10.661553 -0.035647
17.030396 10.661553 28.482124
17.725156 11.331162 -1.083675
17.684840 11.331162 27.434096
16.938316 11.852934 -2.245775
16.898000 11.852934 26.271997
19.109859 11.522478 -1.033769
19.069543 11.522478 27.484002
13.459855 9.991945 21.644989
13.730875 9.531046 -0.998122
13.690559 9.531046 27.519649
14.768893 10.900595 23.137958
15.558990 9.447382 -2.195291
15.518674 9.447382 26.322481
16.202801 12.573807 -1.891805
16.162485 12.573807 26.625967
17.611298 12.337722 -2.951468
17.570982 12.337722 25.566303
16.428569 11.026777 -2.739267
16.388253 11.026777 25.778504
19.597990 12.036755 -1.860314
19.557674 12.036755 26.657457
12.322570 17.086574 -1.782361
12.282254 17.086574 26.735411
14.664821 15.627089 -2.801871
14.624504 15.627089 25.715900
15.016691 16.374963 23.684009
15.632043 15.801014 -3.742958
15.591727 15.801014 24.774814
17.075751 15.427077 -3.600369
17.035435 15.427077 24.917403
17.689879 14.757468 23.869375
16.903039 14.235696 22.707276
19.074582 14.566152 23.919281
13.495131 16.096685 -3.308061
13.454815 16.096685 25.209710
13.695598 16.557584 23.954928
14.804170 15.188035 -1.815092
14.763854 15.188035 26.702680
15.523713 16.641248 22.757759
16.167524 13.514823 23.061245
17.576022 13.750908 22.001582
16.393292 15.061853 22.213783
19.562713 14.051875 23.092736
9.980319 15.627089 -0.762850
9.940003 15.627089 27.754921
9.557896 16.374963 22.657369
8.982860 15.801014 21.566565
7.539151 15.427077 21.423976
6.884707 14.757468 22.472004
7.671547 14.235696 23.634103
5.500004 14.566152 22.422098
11.150008 16.096685 -0.256660
11.109692 16.096685 28.261112
10.878988 16.557584 22.386451
9.840970 15.188035 -1.749629
9.800654 15.188035 26.768142
9.050873 16.641248 23.583620
8.407062 13.514823 23.280133
7.038881 13.750908 -4.177975
6.998565 13.750908 24.339797
8.181294 15.061853 24.127596
5.011873 14.051875 23.248643
-0.032757 13.350161 23.170689
24.607343 13.350161 23.170689
-2.375008 14.809646 24.190200
22.265092 14.809646 24.190200
-2.726878 14.061772 -2.295681
-2.767194 14.061772 26.222091
21.913222 14.061772 -2.295681
21.872906 14.061772 26.222091
-3.301914 14.635721 -3.386485
-3.342230 14.635721 25.131286
21.338186 14.635721 -3.386485
21.297870 14.635721 25.131286
19.894478 15.009658 -3.529074
19.854162 15.009658 24.988697
19.240034 15.679267 -2.481046
19.199717 15.679267 26.036725
20.026874 16.201039 -1.318947
19.986558 16.201039 27.198825
17.855331 15.870583 -2.530952
17.815014 15.870583 25.986819
-1.165002 14.340050 -3.821381
-1.205318 14.340050 24.696390
23.475098 14.340050 -3.821381
23.434782 14.340050 24.696390
-1.405785 13.879151 -2.566599
-1.446101 13.879151 25.951172
23.234315 13.879151 -2.566599
23.193999 13.879151 25.951172
-2.514357 15.248700 23.203421
22.125743 15.248700 23.203421
-3.233901 13.795487 -1.369431
-3.274217 13.795487 27.148341
21.406199 13.795487 -1.369431
21.365883 13.795487 27.148341
20.762388 16.921912 -1.672917
20.722072 16.921912 26.844855
19.353891 16.685827 -0.613253
19.313575 16.685827 27.904518
20.536621 15.374882 -0.825454
20.496304 15.374882 27.692317
17.367200 16.384860 -1.704407
17.326884 16.384860 26.813364
2.309494 14.809646 22.151179
26.949594 14.809646 22.151179
2.731917 14.061772 -1.269041
2.691601 14.061772 27.248731
27.372017 14.061772 -1.269041
27.331701 14.061772 27.248731
3.306953 14.635721 -0.178236
3.266637 14.635721 28.339535
27.947053 14.635721 -0.178236
27.906737 14.635721 28.339535
4.750662 15.009658 -0.035647
4.710346 15.009658 28.482124
5.405106 15.679267 -1.083675
5.364790 15.679267 27.434096
4.618266 16.201039 -2.245775
4.577950 16.201039 26.271997
6.789809 15.870583 -1.033769
6.749493 15.870583 27.484002
1.139805 14.340050 21.644989
25.779905 14.340050 21.644989
1.410825 13.879151 -0.998122
1.370509 13.879151 27.519649
26.050925 13.879151 -0.998122
26.010609 13.879151 27.519649
2.448843 15.248700 23.137958
27.088943 15.248700 23.137958
3.238940 13.795487 -2.195291
3.198624 13.795487 26.322481
27.879040 13.795487 -2.195291
27.838724 13.795487 26.322481
3.882751 16.921912 -1.891805
3.842435 16.921912 26.625967
5.291248 16.685827 -2.951468
5.250932 16.685827 25.566303
4.108519 15.374882 -2.739267
4.068203 15.374882 25.778504
7.277940 16.384860 -1.860314
7.237624 16.384860 26.657457
0.002520 12.738469 -1.782361
-0.037796 12.738469 26.735411
24.642620 12.738469 -1.782361
24.602304 12.738469 26.735411
2.344771 11.278984 -2.801871
2.304454 11.278984 25.715900
26.984871 11.278984 -2.801871
26.944554 11.278984 25.715900
2.696641 12.026858 23.684009
27.336741 12.026858 23.684009
3.311993 11.452909 -3.742958
3.271677 11.452909 24.774814
27.952093 11.452909 -3.742958
27.911777 11.452909 24.774814
4.755701 11.078972 -3.600369
4.715385 11.078972 24.917403
5.369829 10.409363 23.869375
4.582989 9.887591 22.707276
6.754532 10.218047 23.919281
1.175081 11.748580 -3.308061
1.134765 11.748580 25.209710
25.815181 11.748580 -3.308061
25.774865 11.748580 25.209710
1.375548 12.209479 23.954928
26.015648 12.209479 23.954928
2.484120 10.839930 -1.815092
2.443804 10.839930 26.702680
27.124220 10.839930 -1.815092
27.083904 10.839930 26.702680
3.203663 12.293143 22.757759
27.843763 12.293143 22.757759
3.847474 9.166718 23.061245
5.255972 9.402803 22.001582
4.073242 10.713748 22.213783
7.242663 9.703770 23.092736
-2.339731 11.278984 -0.762850
-2.380047 11.278984 27.754921
22.300369 11.278984 -0.762850
22.260053 11.278984 27.754921
-2.762154 12.026858 22.657369
21.877946 12.026858 22.657369
-3.337190 11.452909 21.566565
21.302910 11.452909 21.566565
19.859201 11.078972 21.423976
19.204757 10.409363 22.472004
19.991597 9.887591 23.634103
17.820054 10.218047 22.422098
-1.170042 11.748580 -0.256660
-1.210358 11.748580 28.261112
23.470058 11.748580 -0.256660
23.429742 11.748580 28.261112
-1.441062 12.209479 22.386451
23.199038 12.209479 22.386451
-2.479080 10.839930 -1.749629
-2.519396 10.839930 26.768142
22.161020 10.839930 -1.749629
22.120704 10.839930 26.768142
-3.269177 12.293143 23.583620
21.370923 12.293143 23.583620
20.727112 9.166718 23.280133
19.358931 9.402803 -4.177975
19.318615 9.402803 24.339797
20.501344 10.713748 24.127596
17.331923 9.703770 23.248643
12.317530 17.698266 1.782361
12.277214 17.698266 30.300132
9.975279 19.157751 2.801871
9.934963 19.157751 31.319643
9.583093 18.409877 4.833762
9.008057 18.983826 3.742958
8.967741 18.983826 32.260729
7.564349 19.357763 3.600369
7.524033 19.357763 32.118140
6.909905 20.027372 4.648397
7.696745 20.549144 5.810496
5.525201 20.218688 4.598491
11.144969 18.688155 3.308061
11.104653 18.688155 31.825833
10.904186 18.227256 4.562843
9.835930 19.596805 1.815092
9.795614 19.596805 30.332863
9.076070 18.143592 5.760012
8.432259 21.270017 5.456526
7.023762 21.033932 6.516190
8.206492 19.722987 6.303989
5.037071 20.732965 5.425035
14.659781 19.157751 0.762850
14.619465 19.157751 29.280622
15.041888 18.409877 5.860402
15.616924 18.983826 6.951207
17.060633 19.357763 7.093796
17.715077 20.027372 6.045768
16.928237 20.549144 4.883668
19.099780 20.218688 6.095674
13.490092 18.688155 0.256660
13.449776 18.688155 28.774431
13.720796 18.227256 6.131321
14.799130 19.596805 1.749629
14.758814 19.596805 30.267401
15.548911 18.143592 4.934152
16.192722 21.270017 5.237638
17.601219 21.033932 4.177975
17.560903 21.033932 32.695746
16.418490 19.722987 4.390175
19.587911 20.732965 5.269129
12.312491 -0.305846 5.347082
12.312491 25.782784 5.347082
14.654742 -1.765331 4.327572
14.654742 24.323299 4.327572
15.046928 -1.017457 2.295681
15.006612 -1.017457 30.813452
15.046928 25.071173 2.295681
15.006612 25.071173 30.813452
15.621964 -1.591406 3.386485
15.581648 -1.591406 31.904257
15.621964 24.497224 3.386485
15.581648 24.497224 31.904257
17.065672 -1.965343 3.529074
17.025356 -1.965343 32.046846
17.065672 24.123287 3.529074
17.025356 24.123287 32.046846
17.720116 -2.634952 2.481046
17.679800 -2.634952 30.998818
17.720116 23.453678 2.481046
17.679800 23.453678 30.998818
16.933276 -3.156724 1.318947
16.892960 -3.156724 29.836718
16.933276 22.931906 1.318947
16.892960 22.931906 29.836718
19.104819 -2.826268 2.530952
19.064503 -2.826268 31.048724
19.104819 23.262362 2.530952
19.064503 23.262362 31.048724
13.485052 -1.295735 3.821381
13.444736 -1.295735 32.339153
13.485052 24.792895 3.821381
13.444736 24.792895 32.339153
13.725835 -0.834836 2.566599
13.685519 -0.834836 31.084371
13.725835 25.253794 2.566599
13.685519 25.253794 31.084371
14.794091 -2.204385 5.314351
14.794091 23.884245 5.314351
15.553951 -0.751172 1.369431
15.513634 -0.751172 29.887202
15.553951 25.337458 1.369431
15.513634 25.337458 29.887202
16.197762 -3.877597 1.672917
16.157445 -3.877597 30.190688
16.197762 22.211033 1.672917
16.157445 22.211033 30.190688
17.606259 -3.641512 0.613253
17.565942 -3.641512 29.131025
17.606259 22.447118 0.613253
17.565942 22.447118 29.131025
16.423529 -2.330567 0.825454
16.383213 -2.330567 29.343226
16.423529 23.758063 0.825454
16.383213 23.758063 29.343226
19.592950 -3.340545 1.704407
19.552634 -3.340545 30.222179
19.592950 22.748085 1.704407
19.552634 22.748085 30.222179
9.970240 -1.765331 6.366592
9.970240 24.323299 6.366592
9.588133 -1.017457 1.269041
9.547817 -1.017457 29.786812
9.588133 25.071173 1.269041
9.547817 25.071173 29.786812
9.013097 -1.591406 0.178236
8.972781 -1.591406 28.696008
9.013097 24.497224 0.178236
8.972781 24.497224 28.696008
7.569388 -1.965343 0.035647
7.529072 -1.965343 28.553419
7.569388 24.123287 0.035647
7.529072 24.123287 28.553419
6.914944 -2.634952 1.083675
6.874628 -2.634952 29.601447
6.914944 23.453678 1.083675
6.874628 23.453678 29.601447
7.701784 -3.156724 2.245775
7.661468 -3.156724 30.763546
7.701784 22.931906 2.245775
7.661468 22.931906 30.763546
5.530241 -2.826268 1.033769
5.489925 -2.826268 29.551541
5.530241 23.262362 1.033769
5.489925 23.262362 29.551541
11.139929 -1.295735 6.872783
11.139929 24.792895 6.872783
10.909225 -0.834836 0.998122
10.868909 -0.834836 29.515894
10.909225 25.253794 0.998122
10.868909 25.253794 29.515894
9.830891 -2.204385 5.379813
9.830891 23.884245 5.379813
9.081110 -0.751172 2.195291
9.040794 -0.751172 30.713062
9.081110 25.337458 2.195291
9.040794 25.337458 30.713062
8.437299 -3.877597 1.891805
8.396983 -3.877597 30.409576
8.437299 22.211033 1.891805
8.396983 22.211033 30.409576
7.028802 -3.641512 2.951468
6.988486 -3.641512 31.469240
7.028802 22.447118 2.951468
6.988486 22.447118 31.469240
8.211531 -2.330567 2.739267
8.171215 -2.330567 31.257039
8.211531 23.758063 2.739267
8.171215 23.758063 31.257039
5.042110 -3.340545 1.860314
5.001794 -3.340545 30.378086
5.042110 22.748085 1.860314
5.001794 22.748085 30.378086
-0.002520 22.046371 1.782361
-0.042836 22.046371 30.300132
24.637580 22.046371 1.782361
24.597264 22.046371 30.300132
-2.344771 -2.582774 2.801871
-2.385087 -2.582774 31.319643
-2.344771 23.505856 2.801871
-2.385087 23.505856 31.319643
22.295329 -2.582774 2.801871
22.255013 -2.582774 31.319643
22.295329 23.505856 2.801871
22.255013 23.505856 31.319643
-2.736957 -3.330648 4.833762
-2.736957 22.757982 4.833762
21.903143 -3.330648 4.833762
21.903143 22.757982 4.833762
-3.311993 -2.756699 3.742958
-3.352309 -2.756699 32.260729
-3.311993 23.331931 3.742958
-3.352309 23.331931 32.260729
21.328107 -2.756699 3.742958
21.287791 -2.756699 32.260729
21.328107 23.331931 3.742958
21.287791 23.331931 32.260729
19.884399 -2.382762 3.600369
19.844083 -2.382762 32.118140
19.884399 23.705868 3.600369
19.844083 23.705868 32.118140
19.229955 -1.713153 4.648397
19.229955 24.375477 4.648397
20.016795 -1.191381 5.810496
20.016795 24.897249 5.810496
17.845251 -1.521837 4.598491
17.845251 24.566793 4.598491
-1.175081 -3.052370 3.308061
-1.215397 -3.052370 31.825833
-1.175081 23.036260 3.308061
-1.215397 23.036260 31.825833
23.465019 -3.052370 3.308061
23.424703 -3.052370 31.825833
23.465019 23.036260 3.308061
23.424703 23.036260 31.825833
-1.415864 -3.513269 4.562843
-1.415864 22.575361 4.562843
23.224236 -3.513269 4.562843
23.224236 22.575361 4.562843
-2.484120 -2.143720 1.815092
-2.524436 -2.143720 30.332863
-2.484120 23.944910 1.815092
-2.524436 23.944910 30.332863
22.155980 -2.143720 1.815092
22.115664 -2.143720 30.332863
22.155980 23.944910 1.815092
22.115664 23.944910 30.332863
-3.243980 -3.596933 5.760012
-3.243980 22.491697 5.760012
21.396120 -3.596933 5.760012
21.396120 22.491697 5.760012
20.752309 -0.470508 5.456526
20.752309 25.618122 5.456526
19.343812 -0.706593 6.516190
19.343812 25.382037 6.516190
20.526542 -2.017538 6.303989
20.526542 24.071092 6.303989
17.357121 -1.007560 5.425035
17.357121 25.081070 5.425035
2.339731 -2.582774 0.762850
2.299415 -2.582774 29.280622
2.339731 23.505856 0.762850
2.299415 23.505856 29.280622
26.979831 -2.582774 0.762850
26.939515 -2.582774 29.280622
26.979831 23.505856 0.762850
26.939515 23.505856 29.280622
2.721838 -3.330648 5.860402
2.721838 22.757982 5.860402
27.361938 -3.330648 5.860402
27.361938 22.757982 5.860402
3.296874 -2.756699 6.951207
3.296874 23.331931 6.951207
27.936974 -2.756699 6.951207
27.936974 23.331931 6.951207
4.740583 -2.382762 7.093796
4.740583 23.705868 7.093796
5.395027 -1.713153 6.045768
5.395027 24.375477 6.045768
4.608187 -1.191381 4.883668
4.608187 24.897249 4.883668
6.779730 -1.521837 6.095674
6.779730 24.566793 6.095674
1.170042 -3.052370 0.256660
1.129726 -3.052370 28.774431
1.170042 23.036260 0.256660
1.129726 23.036260 28.774431
25.810142 -3.052370 0.256660
25.769826 -3.052370 28.774431
25.810142 23.036260 0.256660
25.769826 23.036260 28.774431
1.400746 -3.513269 6.131321
1.400746 22.575361 6.131321
26.040846 -3.513269 6.131321
26.040846 22.575361 6.131321
2.479080 -2.143720 1.749629
2.438764 -2.143720 30.267401
2.479080 23.944910 1.749629
2.438764 23.944910 30.267401
27.119180 -2.143720 1.749629
27.078864 -2.143720 30.267401
27.119180 23.944910 1.749629
27.078864 23.944910 30.267401
3.228861 -3.596933 4.934152
3.228861 22.491697 4.934152
27.868961 -3.596933 4.934152
27.868961 22.491697 4.934152
3.872672 -0.470508 5.237638
3.872672 25.618122 5.237638
5.281169 -0.706593 4.177975
5.240853 -0.706593 32.695746
5.281169 25.382037 4.177975
5.240853 25.382037 32.695746
4.098440 -2.017538 4.390175
4.098440 24.071092 4.390175
7.267861 -1.007560 5.269129
7.267861 25.081070 5.269129
-0.007559 21.434679 5.347082
24.632541 21.434679 5.347082
2.334692 19.975194 4.327572
26.974792 19.975194 4.327572
2.726878 20.723068 2.295681
2.686562 20.723068 30.813452
27.366978 20.723068 2.295681
27.326662 20.723068 30.813452
3.301914 20.149119 3.386485
3.261598 20.149119 31.904257
27.942014 20.149119 3.386485
27.901698 20.149119 31.904257
4.745622 19.775182 3.529074
4.705306 19.775182 32.046846
5.400066 19.105573 2.481046
5.359750 19.105573 30.998818
4.613226 18.583801 1.318947
4.572910 18.583801 29.836718
6.784769 18.914257 2.530952
6.744453 18.914257 31.048724
1.165002 20.444790 3.821381
1.124686 20.444790 32.339153
25.805102 20.444790 3.821381
25.764786 20.444790 32.339153
1.405785 20.905689 2.566599
1.365469 20.905689 31.084371
26.045885 20.905689 2.566599
26.005569 20.905689 31.084371
2.474041 19.536140 5.314351
27.114141 19.536140 5.314351
3.233901 20.989353 1.369431
3.193584 20.989353 29.887202
27.874001 20.989353 1.369431
27.833684 20.989353 29.887202
3.877712 17.862928 1.672917
3.837395 17.862928 30.190688
5.286209 18.099013 0.613253
5.245892 18.099013 29.131025
4.103479 19.409958 0.825454
4.063163 19.409958 29.343226
7.272900 18.399980 1.704407
7.232584 18.399980 30.222179
-2.349810 19.975194 6.366592
22.290290 19.975194 6.366592
-2.731917 20.723068 1.269041
-2.772233 20.723068 29.786812
21.908183 20.723068 1.269041
21.867867 20.723068 29.786812
-3.306953 20.149119 0.178236
-3.347269 20.149119 28.696008
21.333147 20.149119 0.178236
21.292831 20.149119 28.696008
19.889438 19.775182 0.035647
19.849122 19.775182 28.553419
19.234994 19.105573 1.083675
19.194678 19.105573 29.601447
20.021834 18.583801 2.245775
19.981518 18.583801 30.763546
17.850291 18.914257 1.033769
17.809975 18.914257 29.551541
-1.180121 20.444790 6.872783
23.459979 20.444790 6.872783
-1.410825 20.905689 0.998122
-1.451141 20.905689 29.515894
23.229275 20.905689 0.998122
23.188959 20.905689 29.515894
-2.489159 19.536140 5.379813
22.150941 19.536140 5.379813
-3.238940 20.989353 2.195291
-3.279256 20.989353 30.713062
21.401160 20.989353 2.195291
21.360844 20.989353 30.713062
20.757349 17.862928 1.891805
20.717033 17.862928 30.409576
19.348852 18.099013 2.951468
19.308536 18.099013 31.469240
20.531581 19.409958 2.739267
20.491265 19.409958 31.257039
17.362160 18.399980 1.860314
17.321844 18.399980 30.378086
12.307451 17.698266 8.911804
9.965200 19.157751 9.931314
9.573014 18.409877 11.963205
8.997978 18.983826 10.872400
7.554270 19.357763 10.729812
6.899826 20.027372 11.777840
7.686666 20.549144 12.939939
5.515122 20.218688 11.727934
11.134890 18.688155 10.437504
10.894107 18.227256 11.692286
9.825851 19.596805 8.944535
9.065991 18.143592 12.889455
8.422180 21.270017 12.585969
7.013683 21.033932 13.645632
8.196413 19.722987 13.433432
5.026992 20.732965 12.554478
14.649702 19.157751 7.892293
15.031809 18.409877 12.989845
15.606845 18.983826 14.080650
17.050554 19.357763 14.223239
17.704998 20.027372 13.175210
16.918158 20.549144 12.013111
19.089701 20.218688 13.225117
13.480013 18.688155 7.386103
13.710717 18.227256 13.260764
14.789051 19.596805 8.879072
15.538832 18.143592 12.063595
16.182643 21.270017 12.367081
17.591140 21.033932 11.307418
16.408411 19.722987 11.519618
19.577832 20.732965 12.398572
12.302412 -0.305846 12.476525
12.302412 25.782784 12.476525
14.644663 -1.765331 11.457015
14.644663 24.323299 11.457015
15.036849 -1.017457 9.425123
15.036849 25.071173 9.425123
15.611885 -1.591406 10.515928
15.611885 24.497224 10.515928
17.055593 -1.965343 10.658517
17.055593 24.123287 10.658517
17.710037 -2.634952 9.610489
17.710037 23.453678 9.610489
16.923197 -3.156724 8.448390
16.923197 22.931906 8.448390
19.094740 -2.826268 9.660395
19.094740 23.262362 9.660395
13.474973 -1.295735 10.950824
13.474973 24.792895 10.950824
13.715756 -0.834836 9.696042
13.715756 25.253794 9.696042
14.784012 -2.204385 12.443794
14.784012 23.884245 12.443794
15.543871 -0.751172 8.498873
15.543871 25.337458 8.498873
16.187682 -3.877597 8.802360
16.187682 22.211033 8.802360
17.596180 -3.641512 7.742696
17.596180 22.447118 7.742696
16.413450 -2.330567 7.954897
16.413450 23.758063 7.954897
19.582871 -3.340545 8.833850
19.582871 22.748085 8.833850
9.960161 -1.765331 13.496035
9.960161 24.323299 13.496035
9.578054 -1.017457 8.398484
9.578054 25.071173 8.398484
9.003018 -1.591406 7.307679
9.003018 24.497224 7.307679
7.559309 -1.965343 7.165090
7.559309 24.123287 7.165090
6.904865 -2.634952 8.213118
6.904865 23.453678 8.213118
7.691705 -3.156724 9.375217
7.691705 22.931906 9.375217
5.520162 -2.826268 8.163212
5.520162 23.262362 8.163212
11.129850 -1.295735 14.002226
11.129850 24.792895 14.002226
10.899146 -0.834836 8.127565
10.899146 25.253794 8.127565
9.820812 -2.204385 12.509256
9.820812 23.884245 12.509256
9.071031 -0.751172 9.324734
9.071031 25.337458 9.324734
8.427220 -3.877597 9.021248
8.427220 22.211033 9.021248
7.018723 -3.641512 10.080911
7.018723 22.447118 10.080911
8.201452 -2.330567 9.868710
8.201452 23.758063 9.868710
5.032031 -3.340545 8.989757
5.032031 22.748085 8.989757
-0.012599 22.046371 8.911804
24.627501 22.046371 8.911804
-2.354850 -2.582774 9.931314
-2.354850 23.505856 9.931314
22.285250 -2.582774 9.931314
22.285250 23.505856 9.931314
-2.747036 -3.330648 11.963205
-2.747036 22.757982 11.963205
21.893064 -3.330648 11.963205
21.893064 22.757982 11.963205
-3.322072 -2.756699 10.872400
-3.322072 23.331931 10.872400
21.318028 -2.756699 10.872400
21.318028 23.331931 10.872400
19.874320 -2.382762 10.729812
19.874320 23.705868 10.729812
19.219876 -1.713153 11.777840
19.219876 24.375477 11.777840
20.006716 -1.191381 12.939939
20.006716 24.897249 12.939939
17.835172 -1.521837 11.727934
17.835172 24.566793 11.727934
-1.185160 -3.052370 10.437504
-1.185160 23.036260 10.437504
23.454940 -3.052370 10.437504
23.454940 23.036260 10.437504
-1.425943 -3.513269 11.692286
-1.425943 22.575361 11.692286
23.214157 -3.513269 11.692286
23.214157 22.575361 11.692286
-2.494199 -2.143720 8.944535
-2.494199 23.944910 8.944535
22.145901 -2.143720 8.944535
22.145901 23.944910 8.944535
-3.254059 -3.596933 12.889455
-3.254059 22.491697 12.889455
21.386041 -3.596933 12.889455
21.386041 22.491697 12.889455
20.742230 -0.470508 12.585969
20.742230 25.618122 12.585969
19.333733 -0.706593 13.645632
19.333733 25.382037 13.645632
20.516463 -2.017538 13.433432
20.516463 24.071092 13.433432
17.347042 -1.007560 12.554478
17.347042 25.081070 12.554478
2.329652 -2.582774 7.892293
2.329652 23.505856 7.892293
26.969752 -2.582774 7.892293
26.969752 23.505856 7.892293
2.711759 -3.330648 12.989845
2.711759 22.757982 12.989845
27.351859 -3.330648 12.989845
27.351859 22.757982 12.989845
3.286795 -2.756699 14.080650
3.286795 23.331931 14.080650
27.926895 -2.756699 14.080650
27.926895 23.331931 14.080650
4.730504 -2.382762 14.223239
4.730504 23.705868 14.223239
5.384948 -1.713153 13.175210
5.384948 24.375477 13.175210
4.598108 -1.191381 12.013111
4.598108 24.897249 12.013111
6.769651 -1.521837 13.225117
6.769651 24.566793 13.225117
1.159963 -3.052370 7.386103
1.159963 23.036260 7.386103
25.800063 -3.052370 7.386103
25.800063 23.036260 7.386103
1.390667 -3.513269 13.260764
1.390667 22.575361 13.260764
26.030767 -3.513269 13.260764
26.030767 22.575361 13.260764
2.469001 -2.143720 8.879072
2.469001 23.944910 8.879072
27.109101 -2.143720 8.879072
27.109101 23.944910 8.879072
3.218782 -3.596933 12.063595
3.218782 22.491697 12.063595
27.858882 -3.596933 12.063595
27.858882 22.491697 12.063595
3.862593 -0.470508 12.367081
3.862593 25.618122 12.367081
5.271090 -0.706593 11.307418
5.271090 25.382037 11.307418
4.088361 -2.017538 11.519618
4.088361 24.071092 11.519618
7.257782 -1.007560 12.398572
7.257782 25.081070 12.398572
-0.017638 21.434679 12.476525
24.622462 21.434679 12.476525
2.324613 19.975194 11.457015
26.964713 19.975194 11.457015
2.716799 20.723068 9.425123
27.356899 20.723068 9.425123
3.291835 20.149119 10.515928
27.931935 20.149119 10.515928
4.735543 19.775182 10.658517
5.389987 19.105573 9.610489
4.603147 18.583801 8.448390
6.774690 18.914257 9.660395
1.154923 20.444790 10.950824
25.795023 20.444790 10.950824
1.395706 20.905689 9.696042
26.035806 20.905689 9.696042
2.463962 19.536140 12.443794
27.104062 19.536140 12.443794
3.223821 20.989353 8.498873
27.863921 20.989353 8.498873
3.867632 17.862928 8.802360
5.276130 18.099013 7.742696
4.093400 19.409958 7.954897
7.262821 18.399980 8.833850
-2.359889 19.975194 13.496035
22.280211 19.975194 13.496035
-2.741996 20.723068 8.398484
21.898104 20.723068 8.398484
-3.317032 20.149119 7.307679
21.323068 20.149119 7.307679
19.879359 19.775182 7.165090
19.224915 19.105573 8.213118
20.011755 18.583801 9.375217
17.840212 18.914257 8.163212
-1.190200 20.444790 14.002226
23.449900 20.444790 14.002226
-1.420904 20.905689 8.127565
23.219196 20.905689 8.127565
-2.499238 19.536140 12.509256
22.140862 19.536140 12.509256
-3.249019 20.989353 9.324734
21.391081 20.989353 9.324734
20.747270 17.862928 9.021248
19.338773 18.099013 10.080911
20.521502 19.409958 9.868710
17.352081 18.399980 8.989757
12.297372 17.698266 16.041246
9.955121 19.157751 17.060757
9.562935 18.409877 19.092648
8.987899 18.983826 18.001843
7.544191 19.357763 17.859254
6.889747 20.027372 18.907283
7.676587 20.549144 20.069382
5.505043 20.218688 18.857376
11.124811 18.688155 17.566947
10.884028 18.227256 18.821729
9.815772 19.596805 16.073978
9.055912 18.143592 20.018898
8.412101 21.270017 19.715412
7.003604 21.033932 20.775075
8.186333 19.722987 20.562875
5.016913 20.732965 19.683921
14.639623 19.157751 15.021736
15.021730 18.409877 20.119288
15.596766 18.983826 21.210093
17.040475 19.357763 21.352681
17.694919 20.027372 20.304653
16.908079 20.549144 19.142554
19.079622 20.218688 20.354559
13.469934 18.688155 14.515546
13.700638 18.227256 20.390207
14.778972 19.596805 16.008515
15.528753 18.143592 19.193038
16.172564 21.270017 19.496524
17.581061 21.033932 18.436860
16.398332 19.722987 18.649061
19.567753 20.732965 19.528015
12.292333 -0.305846 19.605968
12.292333 25.782784 19.605968
14.634583 -1.765331 18.586458
14.634583 24.323299 18.586458
15.026770 -1.017457 16.554566
15.026770 25.071173 16.554566
15.601806 -1.591406 17.645371
15.601806 24.497224 17.645371
17.045514 -1.965343 17.787960
17.045514 24.123287 17.787960
17.699958 -2.634952 16.739932
17.699958 23.453678 16.739932
16.913118 -3.156724 15.577833
16.913118 22.931906 15.577833
19.084661 -2.826268 16.789838
19.084661 23.262362 16.789838
13.464894 -1.295735 18.080267
13.464894 24.792895 18.080267
13.705677 -0.834836 16.825485
13.705677 25.253794 16.825485
14.773933 -2.204385 19.573237
14.773933 23.884245 19.573237
15.533792 -0.751172 15.628316
15.533792 25.337458 15.628316
16.177603 -3.877597 15.931802
16.177603 22.211033 15.931802
17.586101 -3.641512 14.872139
17.586101 22.447118 14.872139
16.403371 -2.330567 15.084340
16.403371 23.758063 15.084340
19.572792 -3.340545 15.963293
19.572792 22.748085 15.963293
9.950082 -1.765331 20.625478
9.950082 24.323299 20.625478
9.567975 -1.017457 15.527927
9.567975 25.071173 15.527927
8.992939 -1.591406 14.437122
8.992939 24.497224 14.437122
7.549230 -1.965343 14.294533
7.549230 24.123287 14.294533
6.894786 -2.634952 15.342561
6.894786 23.453678 15.342561
7.681626 -3.156724 16.504660
7.681626 22.931906 16.504660
5.510083 -2.826268 15.292655
5.510083 23.262362 15.292655
11.119771 -1.295735 21.131669
11.119771 24.792895 21.131669
10.889067 -0.834836 15.257008
10.889067 25.253794 15.257008
9.810733 -2.204385 19.638699
9.810733 23.884245 19.638699
9.060952 -0.751172 16.454177
9.060952 25.337458 16.454177
8.417141 -3.877597 16.150691
8.417141 22.211033 16.150691
7.008644 -3.641512 17.210354
7.008644 22.447118 17.210354
8.191373 -2.330567 16.998153
8.191373 23.758063 16.998153
5.021952 -3.340545 16.119200
5.021952 22.748085 16.119200
-0.022678 22.046371 16.041246
24.617422 22.046371 16.041246
-2.364929 -2.582774 17.060757
-2.364929 23.505856 17.060757
22.275171 -2.582774 17.060757
22.275171 23.505856 17.060757
-2.757115 -3.330648 19.092648
-2.757115 22.757982 19.092648
21.882985 -3.330648 19.092648
21.882985 22.757982 19.092648
-3.332151 -2.756699 18.001843
-3.332151 23.331931 18.001843
21.307949 -2.756699 18.001843
21.307949 23.331931 18.001843
19.864241 -2.382762 17.859254
19.864241 23.705868 17.859254
19.209797 -1.713153 18.907283
19.209797 24.375477 18.907283
19.996637 -1.191381 20.069382
19.996637 24.897249 20.069382
17.825093 -1.521837 18.857376
17.825093 24.566793 18.857376
-1.195239 -3.052370 17.566947
-1.195239 23.036260 17.566947
23.444861 -3.052370 17.566947
23.444861 23.036260 17.566947
-1.436022 -3.513269 18.821729
-1.436022 22.575361 18.821729
23.204078 -3.513269 18.821729
23.204078 22.575361 18.821729
-2.504278 -2.143720 16.073978
-2.504278 23.944910 16.073978
22.135822 -2.143720 16.073978
22.135822 23.944910 16.073978
-3.264138 -3.596933 20.018898
-3.264138 22.491697 20.018898
21.375962 -3.596933 20.018898
21.375962 22.491697 20.018898
20.732151 -0.470508 19.715412
20.732151 25.618122 19.715412
19.323654 -0.706593 20.775075
19.323654 25.382037 20.775075
20.506383 -2.017538 20.562875
20.506383 24.071092 20.562875
17.336963 -1.007560 19.683921
17.336963 25.081070 19.683921
2.319573 -2.582774 15.021736
2.319573 23.505856 15.021736
26.959673 -2.582774 15.021736
26.959673 23.505856 15.021736
2.701680 -3.330648 20.119288
2.701680 22.757982 20.119288
27.341780 -3.330648 20.119288
27.341780 22.757982 20.119288
3.276716 -2.756699 21.210093
3.276716 23.331931 21.210093
27.916816 -2.756699 21.210093
27.916816 23.331931 21.210093
4.720425 -2.382762 21.352681
4.720425 23.705868 21.352681
5.374869 -1.713153 20.304653
5.374869 24.375477 20.304653
4.588029 -1.191381 19.142554
4.588029 24.897249 19.142554
6.759572 -1.521837 20.354559
6.759572 24.566793 20.354559
1.149884 -3.052370 14.515546
1.149884 23.036260 14.515546
25.789984 -3.052370 14.515546
25.789984 23.036260 14.515546
1.380588 -3.513269 20.390207
1.380588 22.575361 20.390207
26.020688 -3.513269 20.390207
26.020688 22.575361 20.390207
2.458922 -2.143720 16.008515
2.458922 23.944910 16.008515
27.099022 -2.143720 16.008515
27.099022 23.944910 16.008515
3.208703 -3.596933 19.193038
3.208703 22.491697 19.193038
27.848803 -3.596933 19.193038
27.848803 22.491697 19.193038
3.852514 -0.470508 19.496524
3.852514 25.618122 19.496524
5.261011 -0.706593 18.436860
5.261011 25.382037 18.436860
4.078282 -2.017538 18.649061
4.078282 24.071092 18.649061
7.247703 -1.007560 19.528015
7.247703 25.081070 19.528015
-0.027717 21.434679 19.605968
24.612383 21.434679 19.605968
2.314533 19.975194 18.586458
26.954633 19.975194 18.586458
2.706720 20.723068 16.554566
27.346820 20.723068 16.554566
3.281756 20.149119 17.645371
27.921856 20.149119 17.645371
4.725464 19.775182 17.787960
5.379908 19.105573 16.739932
4.593068 18.583801 15.577833
6.764611 18.914257 16.789838
1.144844 20.444790 18.080267
25.784944 20.444790 18.080267
1.385627 20.905689 16.825485
26.025727 20.905689 16.825485
2.453883 19.536140 19.573237
27.093983 19.536140 19.573237
3.213742 20.989353 15.628316
27.853842 20.989353 15.628316
3.857553 17.862928 15.931802
5.266051 18.099013 14.872139
4.083321 19.409958 15.084340
7.252742 18.399980 15.963293
-2.369968 19.975194 20.625478
22.270132 19.975194 20.625478
-2.752075 20.723068 15.527927
21.888025 20.723068 15.527927
-3.327111 20.149119 14.437122
21.312989 20.149119 14.437122
19.869280 19.775182 14.294533
19.214836 19.105573 15.342561
20.001676 18.583801 16.504660
17.830133 18.914257 15.292655
-1.200279 20.444790 21.131669
23.439821 20.444790 21.131669
-1.430983 20.905689 15.257008
23.209117 20.905689 15.257008
-2.509317 19.536140 19.638699
22.130783 19.536140 19.638699
-3.259098 20.989353 16.454177
21.381002 20.989353 16.454177
20.737191 17.862928 16.150691
19.328694 18.099013 17.210354
20.511423 19.409958 16.998153
17.342002 18.399980 16.119200
12.287293 17.698266 23.170689
9.945042 19.157751 24.190200
9.593172 18.409877 -2.295681
9.552856 18.409877 26.222091
9.018136 18.983826 -3.386485
8.977820 18.983826 25.131286
7.574428 19.357763 -3.529074
7.534112 19.357763 24.988697
6.919984 20.027372 -2.481046
6.879667 20.027372 26.036725
7.706824 20.549144 -1.318947
7.666508 20.549144 27.198825
5.535281 20.218688 -2.530952
5.494964 20.218688 25.986819
11.155048 18.688155 -3.821381
11.114732 18.688155 24.696390
10.914265 18.227256 -2.566599
10.873949 18.227256 25.951172
9.805693 19.596805 23.203421
9.086149 18.143592 -1.369431
9.045833 18.143592 27.148341
8.442338 21.270017 -1.672917
8.402022 21.270017 26.844855
7.033841 21.033932 -0.613253
6.993525 21.033932 27.904518
8.216571 19.722987 -0.825454
8.176254 19.722987 27.692317
5.047150 20.732965 -1.704407
5.006834 20.732965 26.813364
14.629544 19.157751 22.151179
15.051967 18.409877 -1.269041
15.011651 18.409877 27.248731
15.627003 18.983826 -0.178236
15.586687 18.983826 28.339535
17.070712 19.357763 -0.035647
17.030396 19.357763 28.482124
17.725156 20.027372 -1.083675
17.684840 20.027372 27.434096
16.938316 20.549144 -2.245775
16.898000 20.549144 26.271997
19.109859 20.218688 -1.033769
19.069543 20.218688 27.484002
13.459855 18.688155 21.644989
13.730875 18.227256 -0.998122
13.690559 18.227256 27.519649
14.768893 19.596805 23.137958
15.558990 18.143592 -2.195291
15.518674 18.143592 26.322481
16.202801 21.270017 -1.891805
16.162485 21.270017 26.625967
17.611298 21.033932 -2.951468
17.570982 21.033932 25.566303
16.428569 19.722987 -2.739267
16.388253 19.722987 25.778504
19.597990 20.732965 -1.860314
19.557674 20.732965 26.657457
12.322570 -0.305846 -1.782361
12.282254 -0.305846 26.735411
12.322570 25.782784 -1.782361
12.282254 25.782784 26.735411
14.664821 -1.765331 -2.801871
14.624504 -1.765331 25.715900
14.664821 24.323299 -2.801871
14.624504 24.323299 25.715900
15.016691 -1.017457 23.684009
15.016691 25.071173 23.684009
15.632043 -1.591406 -3.742958
15.591727 -1.591406 24.774814
15.632043 24.497224 -3.742958
15.591727 24.497224 24.774814
17.075751 -1.965343 -3.600369
17.035435 -1.965343 24.917403
17.075751 24.123287 -3.600369
17.035435 24.123287 24.917403
17.689879 -2.634952 23.869375
17.689879 23.453678 23.869375
16.903039 -3.156724 22.707276
16.903039 22.931906 22.707276
19.074582 -2.826268 23.919281
19.074582 23.262362 23.919281
13.495131 -1.295735 -3.308061
13.454815 -1.295735 25.209710
13.495131 24.792895 -3.308061
13.454815 24.792895 25.209710
13.695598 -0.834836 23.954928
13.695598 25.253794 23.954928
14.804170 -2.204385 -1.815092
14.763854 -2.204385 26.702680
14.804170 23.884245 -1.815092
14.763854 23.884245 26.702680
15.523713 -0.751172 22.757759
15.523713 25.337458 22.757759
16.167524 -3.877597 23.061245
16.167524 22.211033 23.061245
17.576022 -3.641512 22.001582
17.576022 22.447118 22.001582
16.393292 -2.330567 22.213783
16.393292 23.758063 22.213783
19.562713 -3.340545 23.092736
19.562713 22.748085 23.092736
9.980319 -1.765331 -0.762850
9.940003 -1.765331 27.754921
9.980319 24.323299 -0.762850
9.940003 24.323299 27.754921
9.557896 -1.017457 22.657369
9.557896 25.071173 22.657369
8.982860 -1.591406 21.566565
8.982860 24.497224 21.566565
7.539151 -1.965343 21.423976
7.539151 24.123287 21.423976
6.884707 -2.634952 22.472004
6.884707 23.453678 22.472004
7.671547 -3.156724 23.634103
7.671547 22.931906 23.634103
5.500004 -2.826268 22.422098
5.500004 23.262362 22.422098
11.150008 -1.295735 -0.256660
11.109692 -1.295735 28.261112
11.150008 24.792895 -0.256660
11.109692 24.792895 28.261112
10.878988 -0.834836 22.386451
10.878988 25.253794 22.386451
9.840970 -2.204385 -1.749629
9.800654 -2.204385 26.768142
9.840970 23.884245 -1.749629
9.800654 23.884245 26.768142
9.050873 -0.751172 23.583620
9.050873 25.337458 23.583620
8.407062 -3.877597 23.280133
8.407062 22.211033 23.280133
7.038881 -3.641512 -4.177975
6.998565 -3.641512 24.339797
7.038881 22.447118 -4.177975
6.998565 22.447118 24.339797
8.181294 -2.330567 24.127596
8.181294 23.758063 24.127596
5.011873 -3.340545 23.248643
5.011873 22.748085 23.248643
-0.032757 22.046371 23.170689
24.607343 22.046371 23.170689
-2.375008 -2.582774 24.190200
-2.375008 23.505856 24.190200
22.265092 -2.582774 24.190200
22.265092 23.505856 24.190200
-2.726878 -3.330648 -2.295681
-2.767194 -3.330648 26.222091
-2.726878 22.757982 -2.295681
-2.767194 22.757982 26.222091
21.913222 -3.330648 -2.295681
21.872906 -3.330648 26.222091
21.913222 22.757982 -2.295681
21.872906 22.757982 26.222091
-3.301914 -2.756699 -3.386485
-3.342230 -2.756699 25.131286
-3.301914 23.331931 -3.386485
-3.342230 23.331931 25.131286
21.338186 -2.756699 -3.386485
21.297870 -2.756699 25.131286
21.338186 23.331931 -3.386485
21.297870 23.331931 25.131286
19.894478 -2.382762 -3.529074
19.854162 -2.382762 24.988697
19.894478 23.705868 -3.529074
19.854162 23.705868 24.988697
19.240034 -1.713153 -2.481046
19.199717 -1.713153 26.036725
19.240034 24.375477 -2.481046
19.199717 24.375477 26.036725
20.026874 -1.191381 -1.318947
19.986558 -1.191381 27.198825
20.026874 24.897249 -1.318947
19.986558 24.897249 27.198825
17.855331 -1.521837 -2.530952
17.815014 -1.521837 25.986819
17.855331 24.566793 -2.530952
17.815014 24.566793 25.986819
-1.165002 -3.052370 -3.821381
-1.205318 -3.052370 24.696390
-1.165002 23.036260 -3.821381
-1.205318 23.036260 24.696390
23.475098 -3.052370 -3.821381
23.434782 -3.052370 24.696390
23.475098 23.036260 -3.821381
23.434782 23.036260 24.696390
-1.405785 -3.513269 -2.566599
-1.446101 -3.513269 25.951172
-1.405785 22.575361 -2.566599
-1.446101 22.575361 25.951172
23.234315 -3.513269 -2.566599
23.193999 -3.513269 25.951172
23.234315 22.575361 -2.566599
23.193999 22.575361 25.951172
-2.514357 -2.143720 23.203421
-2.514357 23.944910 23.203421
22.125743 -2.143720 23.203421
22.125743 23.944910 23.203421
-3.233901 -3.596933 -1.369431
-3.274217 -3.596933 27.148341
-3.233901 22.491697 -1.369431
-3.274217 22.491697 27.148341
21.406199 -3.596933 -1.369431
21.365883 -3.596933 27.148341
21.406199 22.491697 -1.369431
21.365883 22.491697 27.148341
20.762388 -0.470508 -1.672917
20.722072 -0.470508 26.844855
20.762388 25.618122 -1.672917
20.722072 25.618122 26.844855
19.353891 -0.706593 -0.613253
19.313575 -0.706593 27.904518
19.353891 25.382037 -0.613253
19.313575 25.382037 27.904518
20.536621 -2.017538 -0.825454
20.496304 -2.017538 27.692317
20.536621 24.071092 -0.825454
20.496304 24.071092 27.692317
17.367200 -1.007560 -1.704407
17.326884 -1.007560 26.813364
17.367200 25.081070 -1.704407
17.326884 25.081070 26.813364
2.309494 -2.582774 22.151179
2.309494 23.505856 22.151179
26.949594 -2.582774 22.151179
26.949594 23.505856 22.151179
2.731917 -3.330648 -1.269041
2.691601 -3.330648 27.248731
2.731917 22.757982 -1.269041
2.691601 22.757982 27.248731
27.372017 -3.330648 -1.269041
27.331701 -3.330648 27.248731
27.372017 22.757982 -1.269041
27.331701 22.757982 27.248731
3.306953 -2.756699 -0.178236
3.266637 -2.756699 28.339535
3.306953 23.331931 -0.178236
3.266637 23.331931 28.339535
27.947053 -2.756699 -0.178236
27.906737 -2.756699 28.339535
27.947053 23.331931 -0.178236
27.906737 23.331931 28.339535
4.750662 -2.382762 -0.035647
4.710346 -2.382762 28.482124
4.750662 23.705868 -0.035647
4.710346 23.705868 28.482124
5.405106 -1.713153 -1.083675
5.364790 -1.713153 27.434096
5.405106 24.375477 -1.083675
5.364790 24.375477 27.434096
4.618266 -1.191381 -2.245775
4.577950 -1.191381 26.271997
4.618266 24.897249 -2.245775
4.577950 24.897249 26.271997
6.789809 -1.521837 -1.033769
6.749493 -1.521837 27.484002
6.789809 24.566793 -1.033769
6.749493 24.566793 27.484002
1.139805 -3.052370 21.644989
1.139805 23.036260 21.644989
25.779905 -3.052370 21.644989
25.779905 23.036260 21.644989
1.410825 -3.513269 -0.998122
1.370509 -3.513269 27.519649
1.410825 22.575361 -0.998122
1.370509 22.575361 27.519649
26.050925 -3.513269 -0.998122
26.010609 -3.513269 27.519649
26.050925 22.575361 -0.998122
26.010609 22.575361 27.519649
2.448843 -2.143720 23.137958
2.448843 23.944910 23.137958
27.088943 -2.143720 23.137958
27.088943 23.944910 23.137958
3.238940 -3.596933 -2.195291
3.198624 -3.596933 26.322481
3.238940 22.491697 -2.195291
3.198624 22.491697 26.322481
27.879040 -3.596933 -2.195291
27.838724 -3.596933 26.322481
27.879040 22.491697 -2.195291
27.838724 22.491697 26.322481
3.882751 -0.470508 -1.891805
3.842435 -0.470508 26.625967
3.882751 25.618122 -1.891805
3.842435 25.618122 26.625967
5.291248 -0.706593 -2.951468
5.250932 -0.706593 25.566303
5.291248 25.382037 -2.951468
5.250932 25.382037 25.566303
4.108519 -2.017538 -2.739267
4.068203 -2.017538 25.778504
4.108519 24.071092 -2.739267
4.068203 24.071092 25.778504
7.277940 -1.007560 -1.860314
7.237624 -1.007560 26.657457
7.277940 25.081070 -1.860314
7.237624 25.081070 26.657457
0.002520 21.434679 -1.782361
-0.037796 21.434679 26.735411
24.642620 21.434679 -1.782361
24.602304 21.434679 26.735411
2.344771 19.975194 -2.801871
2.304454 19.975194 25.715900
26.984871 19.975194 -2.801871
26.944554 19.975194 25.715900
2.696641 20.723068 23.684009
27.336741 20.723068 23.684009
3.311993 20.149119 -3.742958
3.271677 20.149119 24.774814
27.952093 20.149119 -3.742958
27.911777 20.149119 24.774814
4.755701 19.775182 -3.600369
4.715385 19.775182 24.917403
5.369829 19.105573 23.869375
4.582989 18.583801 22.707276
6.754532 18.914257 23.919281
1.175081 20.444790 -3.308061
1.134765 20.444790 25.209710
25.815181 20.444790 -3.308061
25.774865 20.444790 25.209710
1.375548 20.905689 23.954928
26.015648 20.905689 23.954928
2.484120 19.536140 -1.815092
2.443804 19.536140 26.702680
27.124220 19.536140 -1.815092
27.083904 19.536140 26.702680
3.203663 20.989353 22.757759
27.843763 20.989353 22.757759
3.847474 17.862928 23.061245
5.255972 18.099013 22.001582
4.073242 19.409958 22.213783
7.242663 18.399980 23.092736
-2.339731 19.975194 -0.762850
-2.380047 19.975194 27.754921
22.300369 19.975194 -0.762850
22.260053 19.975194 27.754921
-2.762154 20.723068 22.657369
21.877946 20.723068 22.657369
-3.337190 20.149119 21.566565
21.302910 20.149119 21.566565
19.859201 19.775182 21.423976
19.204757 19.105573 22.472004
19.991597 18.583801 23.634103
17.820054 18.914257 22.422098
-1.170042 20.444790 -0.256660
-1.210358 20.444790 28.261112
23.470058 20.444790 -0.256660
23.429742 20.444790 28.261112
-1.441062 20.905689 22.386451
23.199038 20.905689 22.386451
-2.479080 19.536140 -1.749629
-2.519396 19.536140 26.768142
22.161020 19.536140 -1.749629
22.120704 19.536140 26.768142
-3.269177 20.989353 23.583620
21.370923 20.989353 23.583620
20.727112 17.862928 23.280133
19.358931 18.099013 -4.177975
19.318615 18.099013 24.339797
20.501344 19.409958 24.127596
17.331923 18.399980 23.248643
LINES 3536 10608
2 0 24
2 0 60
2 0 2038
2 0 2092
2 1 25
2 1 61
2 1 2039
2 1 2093
2 2 26
2 2 62
2 2 2040
2 2 2094
2 3 27
2 3 63
2 3 2041
2 3 2095
2 4 10
2 4 24
2 4 30
2 5 11
2 5 25
2 5 31
2 6 12
2 6 26
2 6 32
2 7 13
2 7 27
2 7 33
2 8 10
2 8 28
2 8 34
2 9 12
2 9 29
2 9 35
2 10 14
2 11 15
2 12 16
2 13 17
2 14 18
2 14 236
2 15 237
2 16 19
2 16 238
2 17 239
2 18 20
2 18 22
2 19 21
2 19 23
2 20 36
2 20 38
2 20 40
2 21 37
2 21 39
2 21 41
2 22 42
2 22 224
2 23 43
2 23 226
2 24 28
2 26 29
2 28 2006
2 29 2007
2 44 60
2 44 66
2 44 882
2 45 61
2 45 67
2 45 883
2 46 62
2 46 68
2 46 884
2 47 63
2 47 69
2 47 885
2 48 50
2 48 64
2 48 70
2 49 51
2 49 65
2 49 71
2 50 52
2 50 392
2 51 53
2 51 393
2 52 54
2 52 563
2 53 55
2 53 564
2 54 56
2 54 58
2 55 57
2 55 59
2 56 72
2 56 74
2 56 78
2 57 73
2 57 76
2 57 79
2 58 80
2 58 557
2 59 81
2 59 558
2 60 904
2 61 905
2 62 906
2 63 907
2 64 406
2 64 2006
2 65 407
2 65 2007
2 82 96
2 82 124
2 82 1189
2 82 1207
2 83 86
2 83 96
2 83 100
2 84 86
2 84 98
2 84 101
2 85 87
2 85 99
2 85 102
2 86 88
2 87 89
2 88 90
2 88 156
2 89 91
2 90 92
2 90 94
2 91 93
2 91 95
2 92 103
2 92 105
2 92 107
2 93 104
2 93 106
2 93 108
2 94 109
2 94 152
2 95 110
2 95 153
2 96 98
2 97 99
2 98 1175
2 99 1176
2 111 124
2 111 127
2 111 440
2 112 114
2 112 125
2 112 128
2 113 115
2 113 126
2 113 129
2 114 116
2 114 952
2 115 117
2 115 953
2 116 118
2 116 1029
2 117 119
2 117 1030
2 118 120
2 118 122
2 119 121
2 119 123
2 120 130
2 120 132
2 120 134
2 121 131
2 121 133
2 121 135
2 122 136
2 122 1023
2 123 137
2 123 1024
2 124 446
2 125 960
2 125 1175
2 126 961
2 126 1176
2 138 157
2 138 185
2 138 248
2 138 324
2 139 158
2 139 186
2 139 249
2 139 325
2 140 159
2 140 187
2 140 252
2 140 328
2 141 160
2 141 188
2 141 253
2 141 329
2 142 148
2 142 157
2 142 163
2 143 149
2 143 158
2 143 164
2 144 150
2 144 159
2 144 165
2 145 151
2 145 160
2 145 166
2 146 148
2 146 161
2 146 167
2 147 150
2 147 162
2 147 168
2 150 152
2 151 153
2 152 154
2 154 155
2 154 156
2 155 169
2 155 170
2 155 171
2 156 172
2 157 161
2 159 162
2 161 202
2 162 203
2 173 185
2 173 191
2 173 1019
2 174 186
2 174 192
2 174 1020
2 175 187
2 175 193
2 175 1021
2 176 188
2 176 194
2 176 1022
2 177 179
2 177 189
2 177 195
2 178 180
2 178 190
2 178 196
2 179 181
2 179 477
2 180 478
2 181 182
2 181 444
2 182 183
2 182 184
2 183 197
2 183 198
2 183 200
2 184 201
2 184 441
2 185 1033
2 186 1034
2 187 1035
2 188 1036
2 189 202
2 189 487
2 190 203
2 190 488
2 202 240
2 202 320
2 203 244
2 203 322
2 204 216
2 204 240
2 204 256
2 205 218
2 205 242
2 205 257
2 206 220
2 206 244
2 206 258
2 207 222
2 207 246
2 207 259
2 208 216
2 208 248
2 208 260
2 209 217
2 209 249
2 209 261
2 210 218
2 210 250
2 210 262
2 211 219
2 211 251
2 211 263
2 212 220
2 212 252
2 212 264
2 213 221
2 213 253
2 213 265
2 214 222
2 214 254
2 214 266
2 215 223
2 215 255
2 215 267
2 216 224
2 217 225
2 218 226
2 219 227
2 224 228
2 225 229
2 226 230
2 227 231
2 228 232
2 228 236
2 229 233
2 229 237
2 230 234
2 230 238
2 231 235
2 231 239
2 232 268
2 232 272
2 232 276
2 233 269
2 233 273
2 233 277
2 234 270
2 234 274
2 234 278
2 235 271
2 235 275
2 235 279
2 236 280
2 237 281
2 238 282
2 239 283
2 240 248
2 241 249
2 242 250
2 243 251
2 244 252
2 245 253
2 246 254
2 247 255
2 284 320
2 284 332
2 284 553
2 285 321
2 285 333
2 285 554
2 286 322
2 286 334
2 286 555
2 287 323
2 287 335
2 287 556
2 288 296
2 288 324
2 288 336
2 289 297
2 289 325
2 289 337
2 290 298
2 290 326
2 290 338
2 291 299
2 291 327
2 291 339
2 292 300
2 292 328
2 292 340
2 293 301
2 293 329
2 293 341
2 294 302
2 294 330
2 294 342
2 295 303
2 295 331
2 295 343
2 296 1117
2 297 1118
2 298 1119
2 299 1120
2 300 304
2 300 1121
2 301 305
2 301 1122
2 302 306
2 302 1123
2 303 307
2 303 1124
2 304 308
2 304 898
2 305 309
2 305 899
2 306 310
2 306 900
2 307 311
2 307 901
2 308 312
2 308 316
2 309 313
2 309 317
2 310 314
2 310 318
2 311 315
2 311 319
2 312 344
2 312 348
2 312 352
2 313 345
2 313 349
2 313 353
2 314 346
2 314 350
2 314 354
2 315 347
2 315 351
2 315 355
2 316 356
2 316 886
2 317 357
2 317 887
2 318 358
2 318 888
2 319 359
2 319 889
2 320 569
2 321 570
2 322 571
2 323 572
2 324 1141
2 325 1142
2 326 1143
2 327 1144
2 328 1145
2 329 1146
2 330 1147
2 331 1148
2 360 376
2 360 406
2 360 2371
2 360 2401
2 361 377
2 361 407
2 361 2372
2 361 2402
2 362 366
2 362 376
2 362 380
2 363 367
2 363 377
2 363 381
2 364 366
2 364 378
2 364 382
2 365 367
2 365 379
2 365 383
2 366 368
2 367 369
2 368 370
2 368 519
2 369 371
2 369 520
2 370 372
2 370 374
2 371 373
2 371 375
2 372 384
2 372 386
2 372 388
2 373 385
2 373 387
2 373 389
2 374 390
2 374 513
2 375 391
2 375 514
2 376 378
2 377 379
2 378 2353
2 379 2354
2 392 406
2 392 410
2 393 407
2 393 411
2 394 396
2 394 408
2 394 412
2 395 397
2 395 409
2 395 413
2 396 398
2 396 621
2 397 399
2 397 622
2 398 400
2 398 792
2 399 401
2 399 793
2 400 402
2 400 404
2 401 403
2 401 405
2 402 414
2 402 416
2 402 418
2 403 415
2 403 417
2 403 419
2 404 420
2 404 786
2 405 421
2 405 787
2 408 635
2 408 2353
2 409 636
2 409 2354
2 422 430
2 422 445
2 422 1425
2 422 1440
2 423 425
2 423 430
2 423 432
2 424 425
2 424 431
2 424 433
2 425 426
2 426 427
2 426 464
2 427 428
2 427 429
2 428 434
2 428 435
2 428 436
2 429 437
2 429 461
2 430 431
2 431 1416
2 438 445
2 438 447
2 438 669
2 439 440
2 439 446
2 439 448
2 440 441
2 441 442
2 442 443
2 442 444
2 443 449
2 443 450
2 443 451
2 444 452
2 445 675
2 446 1416
2 453 465
2 453 487
2 453 525
2 453 569
2 454 466
2 454 488
2 454 527
2 454 571
2 455 459
2 455 465
2 455 469
2 456 460
2 456 466
2 456 470
2 457 459
2 457 467
2 457 471
2 458 460
2 458 468
2 458 472
2 460 461
2 461 462
2 462 463
2 462 464
2 463 473
2 463 474
2 463 475
2 464 476
2 465 467
2 466 468
2 467 499
2 468 500
2 477 487
2 477 491
2 478 488
2 478 492
2 479 481
2 479 489
2 479 493
2 480 482
2 480 490
2 480 494
2 481 483
2 481 706
2 482 707
2 483 484
2 483 673
2 484 485
2 484 486
2 485 495
2 485 496
2 485 497
2 486 498
2 486 670
2 489 499
2 489 716
2 490 500
2 490 717
2 499 521
2 499 565
2 500 523
2 500 567
2 501 509
2 501 521
2 501 529
2 502 510
2 502 522
2 502 530
2 503 511
2 503 523
2 503 531
2 504 512
2 504 524
2 504 532
2 505 509
2 505 525
2 505 533
2 506 510
2 506 526
2 506 534
2 507 511
2 507 527
2 507 535
2 508 512
2 508 528
2 508 536
2 509 513
2 510 514
2 513 515
2 514 516
2 515 517
2 515 519
2 516 518
2 516 520
2 517 537
2 517 539
2 517 541
2 518 538
2 518 540
2 518 542
2 519 543
2 520 544
2 521 525
2 522 526
2 523 527
2 524 528
2 545 565
2 545 573
2 545 782
2 546 566
2 546 574
2 546 783
2 547 567
2 547 575
2 547 784
2 548 568
2 548 576
2 548 785
2 549 553
2 549 569
2 549 577
2 550 554
2 550 570
2 550 578
2 551 555
2 551 571
2 551 579
2 552 556
2 552 572
2 552 580
2 555 557
2 556 558
2 557 559
2 558 560
2 559 561
2 559 563
2 560 562
2 560 564
2 561 581
2 561 583
2 561 585
2 562 582
2 562 584
2 562 586
2 563 587
2 564 588
2 565 798
2 566 799
2 567 800
2 568 801
2 589 605
2 589 635
2 589 2600
2 589 2630
2 590 606
2 590 636
2 590 2601
2 590 2631
2 591 595
2 591 605
2 591 609
2 592 596
2 592 606
2 592 610
2 593 595
2 593 607
2 593 611
2 594 596
2 594 608
2 594 612
2 595 597
2 596 598
2 597 599
2 597 748
2 598 600
2 598 749
2 599 601
2 599 603
2 600 602
2 600 604
2 601 613
2 601 615
2 601 617
2 602 614
2 602 616
2 602 618
2 603 619
2 603 742
2 604 620
2 604 743
2 605 607
2 606 608
2 607 2582
2 608 2583
2 621 635
2 621 639
2 622 636
2 622 640
2 623 625
2 623 637
2 623 641
2 624 626
2 624 638
2 624 642
2 625 627
2 625 876
2 626 628
2 626 877
2 627 629
2 627 1139
2 628 630
2 628 1140
2 629 631
2 629 633
2 630 632
2 630 634
2 631 643
2 631 645
2 631 647
2 632 644
2 632 646
2 632 648
2 633 649
2 633 1133
2 634 650
2 634 1134
2 637 902
2 637 2582
2 638 903
2 638 2583
2 651 659
2 651 674
2 651 1579
2 651 1594
2 652 654
2 652 659
2 652 661
2 653 654
2 653 660
2 653 662
2 654 655
2 655 656
2 655 693
2 656 657
2 656 658
2 657 663
2 657 664
2 657 665
2 658 666
2 658 690
2 659 660
2 660 1570
2 667 674
2 667 676
2 667 955
2 668 669
2 668 675
2 668 677
2 669 670
2 670 671
2 671 672
2 671 673
2 672 678
2 672 679
2 672 680
2 673 681
2 674 962
2 675 1570
2 682 694
2 682 716
2 682 754
2 682 798
2 683 695
2 683 717
2 683 756
2 683 800
2 684 688
2 684 694
2 684 698
2 685 689
2 685 695
2 685 699
2 686 688
2 686 696
2 686 700
2 687 689
2 687 697
2 687 701
2 689 690
2 690 691
2 691 692
2 691 693
2 692 702
2 692 703
2 692 704
2 693 705
2 694 696
2 695 697
2 696 728
2 697 729
2 706 716
2 706 720
2 707 717
2 707 721
2 708 710
2 708 718
2 708 722
2 709 711
2 709 719
2 709 723
2 710 712
2 710 1013
2 711 1014
2 712 713
2 712 959
2 713 714
2 713 715
2 714 724
2 714 725
2 714 726
2 715 727
2 715 956
2 718 728
2 718 1031
2 719 729
2 719 1032
2 728 750
2 728 794
2 729 752
2 729 796
2 730 738
2 730 750
2 730 758
2 731 739
2 731 751
2 731 759
2 732 740
2 732 752
2 732 760
2 733 741
2 733 753
2 733 761
2 734 738
2 734 754
2 734 762
2 735 739
2 735 755
2 735 763
2 736 740
2 736 756
2 736 764
2 737 741
2 737 757
2 737 765
2 738 742
2 739 743
2 742 744
2 743 745
2 744 746
2 744 748
2 745 747
2 745 749
2 746 766
2 746 768
2 746 770
2 747 767
2 747 769
2 747 771
2 748 772
2 749 773
2 750 754
2 751 755
2 752 756
2 753 757
2 774 794
2 774 802
2 774 1129
2 775 795
2 775 803
2 775 1130
2 776 796
2 776 804
2 776 1131
2 777 797
2 777 805
2 777 1132
2 778 782
2 778 798
2 778 806
2 779 783
2 779 799
2 779 807
2 780 784
2 780 800
2 780 808
2 781 785
2 781 801
2 781 809
2 784 786
2 785 787
2 786 788
2 787 789
2 788 790
2 788 792
2 789 791
2 789 793
2 790 810
2 790 812
2 790 814
2 791 811
2 791 813
2 791 815
2 792 816
2 793 817
2 794 1149
2 795 1150
2 796 1151
2 797 1152
2 818 847
2 818 902
2 818 2864
2 818 2900
2 819 849
2 819 903
2 819 2865
2 819 2901
2 820 827
2 820 847
2 820 854
2 821 829
2 821 849
2 821 855
2 822 826
2 822 850
2 822 856
2 823 827
2 823 851
2 823 857
2 824 828
2 824 852
2 824 858
2 825 829
2 825 853
2 825 859
2 826 830
2 827 831
2 828 832
2 829 833
2 830 834
2 831 835
2 831 1083
2 832 836
2 833 837
2 833 1084
2 834 838
2 834 842
2 835 839
2 835 843
2 836 840
2 836 844
2 837 841
2 837 845
2 838 860
2 838 864
2 838 868
2 839 861
2 839 865
2 839 869
2 840 862
2 840 866
2 840 870
2 841 863
2 841 867
2 841 871
2 842 872
2 842 1075
2 843 873
2 843 1076
2 844 874
2 844 1077
2 845 875
2 845 1078
2 846 850
2 847 851
2 848 852
2 849 853
2 850 2836
2 851 2837
2 852 2838
2 853 2839
2 876 902
2 876 908
2 877 903
2 877 909
2 878 882
2 878 904
2 878 910
2 879 883
2 879 905
2 879 911
2 880 884
2 880 906
2 880 912
2 881 885
2 881 907
2 881 913
2 882 886
2 883 887
2 884 888
2 885 889
2 886 890
2 887 891
2 888 892
2 889 893
2 890 894
2 890 898
2 891 895
2 891 899
2 892 896
2 892 900
2 893 897
2 893 901
2 894 914
2 894 918
2 894 922
2 895 915
2 895 919
2 895 923
2 896 916
2 896 920
2 896 924
2 897 917
2 897 921
2 897 925
2 898 926
2 899 927
2 900 928
2 901 929
2 904 2836
2 905 2837
2 906 2838
2 907 2839
2 930 942
2 930 960
2 930 1740
2 930 1767
2 931 943
2 931 961
2 931 1741
2 931 1768
2 932 935
2 932 942
2 932 945
2 933 936
2 933 943
2 933 946
2 934 936
2 934 944
2 934 947
2 935 937
2 936 938
2 937 989
2 938 939
2 938 990
2 939 940
2 939 941
2 940 948
2 940 949
2 940 950
2 941 951
2 941 984
2 943 944
2 944 1724
2 952 960
2 952 963
2 953 961
2 953 964
2 954 955
2 954 962
2 954 965
2 955 956
2 956 957
2 957 958
2 957 959
2 958 966
2 958 968
2 958 969
2 959 970
2 962 1724
2 971 992
2 971 1031
2 971 1093
2 971 1149
2 972 994
2 972 1032
2 972 1095
2 972 1151
2 973 980
2 973 992
2 973 999
2 974 982
2 974 994
2 974 1000
2 975 979
2 975 995
2 975 1001
2 976 980
2 976 996
2 976 1002
2 977 981
2 977 997
2 977 1003
2 978 982
2 978 998
2 978 1004
2 981 983
2 982 984
2 983 985
2 984 986
2 985 987
2 985 989
2 986 988
2 986 990
2 987 1005
2 987 1007
2 987 1009
2 988 1006
2 988 1008
2 988 1010
2 989 1011
2 990 1012
2 991 995
2 992 996
2 993 997
2 994 998
2 995 1051
2 996 1052
2 997 1053
2 998 1054
2 1013 1031
2 1013 1037
2 1014 1032
2 1014 1038
2 1015 1019
2 1015 1033
2 1015 1039
2 1016 1020
2 1016 1034
2 1016 1040
2 1017 1021
2 1017 1035
2 1017 1041
2 1018 1022
2 1018 1036
2 1018 1042
2 1019 1023
2 1020 1024
2 1023 1025
2 1024 1026
2 1025 1027
2 1025 1029
2 1026 1028
2 1026 1030
2 1027 1043
2 1027 1045
2 1027 1047
2 1028 1044
2 1028 1046
2 1028 1048
2 1029 1049
2 1030 1050
2 1033 1051
2 1034 1052
2 1035 1053
2 1036 1054
2 1051 1085
2 1051 1141
2 1052 1086
2 1052 1142
2 1053 1089
2 1053 1145
2 1054 1090
2 1054 1146
2 1055 1067
2 1055 1085
2 1055 1097
2 1056 1068
2 1056 1086
2 1056 1098
2 1057 1069
2 1057 1087
2 1057 1099
2 1058 1070
2 1058 1088
2 1058 1100
2 1059 1071
2 1059 1089
2 1059 1101
2 1060 1072
2 1060 1090
2 1060 1102
2 1061 1073
2 1061 1091
2 1061 1103
2 1062 1074
2 1062 1092
2 1062 1104
2 1063 1068
2 1063 1093
2 1063 1105
2 1064 1070
2 1064 1094
2 1064 1106
2 1065 1072
2 1065 1095
2 1065 1107
2 1066 1074
2 1066 1096
2 1066 1108
2 1067 1075
2 1068 1076
2 1069 1077
2 1070 1078
2 1076 1079
2 1078 1080
2 1079 1081
2 1079 1083
2 1080 1082
2 1080 1084
2 1081 1109
2 1081 1111
2 1081 1113
2 1082 1110
2 1082 1112
2 1082 1114
2 1083 1115
2 1084 1116
2 1086 1093
2 1088 1094
2 1090 1095
2 1092 1096
2 1117 1141
2 1117 1153
2 1118 1142
2 1118 1154
2 1119 1143
2 1119 1155
2 1120 1144
2 1120 1156
2 1121 1145
2 1121 1157
2 1122 1146
2 1122 1158
2 1123 1147
2 1123 1159
2 1124 1148
2 1124 1160
2 1125 1129
2 1125 1149
2 1125 1161
2 1126 1130
2 1126 1150
2 1126 1162
2 1127 1131
2 1127 1151
2 1127 1163
2 1128 1132
2 1128 1152
2 1128 1164
2 1131 1133
2 1132 1134
2 1133 1135
2 1134 1136
2 1135 1137
2 1135 1139
2 1136 1138
2 1136 1140
2 1137 1165
2 1137 1168
2 1137 1171
2 1138 1166
2 1138 1170
2 1138 1172
2 1139 1173
2 1140 1174
2 1175 1187
2 1175 1205
2 1176 1188
2 1176 1206
2 1177 1180
2 1177 1187
2 1177 1190
2 1178 1181
2 1178 1188
2 1178 1191
2 1179 1180
2 1179 1189
2 1179 1192
2 1180 1182
2 1181 1183
2 1182 1184
2 1182 1354
2 1183 1355
2 1184 1185
2 1184 1186
2 1185 1193
2 1185 1194
2 1185 1195
2 1186 1196
2 1186 1348
2 1187 1189
2 1197 1205
2 1197 1208
2 1197 1756
2 1198 1206
2 1198 1209
2 1198 1757
2 1199 1200
2 1199 1207
2 1199 1210
2 1200 1201
2 1200 1432
2 1201 1202
2 1201 1557
2 1202 1203
2 1202 1204
2 1203 1211
2 1203 1212
2 1203 1214
2 1204 1215
2 1204 1554
2 1205 1767
2 1206 1768
2 1207 1439
2 1216 1230
2 1216 1258
2 1216 1979
2 1216 1997
2 1217 1220
2 1217 1230
2 1217 1234
2 1218 1220
2 1218 1232
2 1218 1235
2 1219 1221
2 1219 1233
2 1219 1236
2 1220 1222
2 1221 1223
2 1222 1224
2 1222 1290
2 1223 1225
2 1224 1226
2 1224 1228
2 1225 1227
2 1225 1229
2 1226 1237
2 1226 1239
2 1226 1241
2 1227 1238
2 1227 1240
2 1227 1242
2 1228 1243
2 1228 1286
2 1229 1244
2 1229 1287
2 1230 1232
2 1231 1233
2 1232 1965
2 1233 1966
2 1245 1258
2 1245 1261
2 1245 1465
2 1246 1248
2 1246 1259
2 1246 1262
2 1247 1249
2 1247 1260
2 1247 1263
2 1248 1250
2 1248 1802
2 1249 1251
2 1249 1803
2 1250 1252
2 1250 1879
2 1251 1253
2 1251 1880
2 1252 1254
2 1252 1256
2 1253 1255
2 1253 1257
2 1254 1264
2 1254 1266
2 1254 1268
2 1255 1265
2 1255 1267
2 1255 1269
2 1256 1270
2 1256 1873
2 1257 1271
2 1257 1874
2 1258 1471
2 1259 1810
2 1259 1965
2 1260 1811
2 1260 1966
2 1272 1291
2 1272 1319
2 1272 1360
2 1272 1398
2 1273 1292
2 1273 1320
2 1273 1361
2 1273 1399
2 1274 1293
2 1274 1321
2 1274 1362
2 1274 1400
2 1275 1294
2 1275 1322
2 1275 1363
2 1275 1401
2 1276 1282
2 1276 1291
2 1276 1297
2 1277 1283
2 1277 1292
2 1277 1298
2 1278 1284
2 1278 1293
2 1278 1299
2 1279 1285
2 1279 1294
2 1279 1300
2 1280 1282
2 1280 1295
2 1280 1301
2 1281 1284
2 1281 1296
2 1281 1302
2 1284 1286
2 1285 1287
2 1286 1288
2 1288 1289
2 1288 1290
2 1289 1303
2 1289 1304
2 1289 1305
2 1290 1306
2 1291 1295
2 1293 1296
2 1295 1336
2 1296 1337
2 1307 1319
2 1307 1325
2 1307 1869
2 1308 1320
2 1308 1326
2 1308 1870
2 1309 1321
2 1309 1327
2 1309 1871
2 1310 1322
2 1310 1328
2 1310 1872
2 1311 1313
2 1311 1323
2 1311 1329
2 1312 1314
2 1312 1324
2 1312 1330
2 1313 1315
2 1313 1502
2 1314 1503
2 1315 1316
2 1315 1469
2 1316 1317
2 1316 1318
2 1317 1331
2 1317 1332
2 1317 1334
2 1318 1335
2 1318 1466
2 1319 1883
2 1320 1884
2 1321 1885
2 1322 1886
2 1323 1336
2 1323 1512
2 1324 1337
2 1324 1513
2 1336 1356
2 1336 1396
2 1337 1358
2 1337 1397
2 1338 1344
2 1338 1356
2 1338 1364
2 1339 1346
2 1339 1358
2 1339 1365
2 1340 1344
2 1340 1360
2 1340 1366
2 1341 1345
2 1341 1361
2 1341 1367
2 1342 1346
2 1342 1362
2 1342 1368
2 1343 1347
2 1343 1363
2 1343 1369
2 1344 1348
2 1345 1349
2 1348 1350
2 1349 1351
2 1350 1352
2 1350 1354
2 1351 1353
2 1351 1355
2 1352 1370
2 1352 1372
2 1352 1374
2 1353 1371
2 1353 1373
2 1353 1375
2 1354 1376
2 1355 1377
2 1356 1360
2 1357 1361
2 1358 1362
2 1359 1363
2 1378 1396
2 1378 1402
2 1378 1552
2 1379 1397
2 1379 1403
2 1379 1553
2 1380 1384
2 1380 1398
2 1380 1404
2 1381 1385
2 1381 1399
2 1381 1405
2 1382 1386
2 1382 1400
2 1382 1406
2 1383 1387
2 1383 1401
2 1383 1407
2 1384 1936
2 1385 1937
2 1386 1388
2 1386 1938
2 1387 1389
2 1387 1939
2 1388 1390
2 1388 1764
2 1389 1391
2 1389 1765
2 1390 1392
2 1390 1394
2 1391 1393
2 1391 1395
2 1392 1408
2 1392 1410
2 1392 1412
2 1393 1409
2 1393 1411
2 1393 1413
2 1394 1414
2 1394 1758
2 1395 1415
2 1395 1759
2 1396 1560
2 1397 1561
2 1398 1948
2 1399 1949
2 1400 1950
2 1401 1951
2 1416 1424
2 1416 1439
2 1417 1419
2 1417 1424
2 1417 1426
2 1418 1419
2 1418 1425
2 1418 1427
2 1419 1420
2 1420 1421
2 1420 1535
2 1421 1422
2 1421 1423
2 1422 1428
2 1422 1429
2 1422 1430
2 1423 1431
2 1423 1532
2 1424 1425
2 1432 1439
2 1432 1441
2 1433 1434
2 1433 1440
2 1433 1442
2 1434 1435
2 1434 1586
2 1435 1436
2 1435 1711
2 1436 1437
2 1436 1438
2 1437 1443
2 1437 1444
2 1437 1445
2 1438 1446
2 1438 1708
2 1440 1593
2 1447 1455
2 1447 1470
2 1447 2331
2 1447 2346
2 1448 1450
2 1448 1455
2 1448 1457
2 1449 1450
2 1449 1456
2 1449 1458
2 1450 1451
2 1451 1452
2 1451 1489
2 1452 1453
2 1452 1454
2 1453 1459
2 1453 1460
2 1453 1461
2 1454 1462
2 1454 1486
2 1455 1456
2 1456 2322
2 1463 1470
2 1463 1472
2 1463 1619
2 1464 1465
2 1464 1471
2 1464 1473
2 1465 1466
2 1466 1467
2 1467 1468
2 1467 1469
2 1468 1474
2 1468 1475
2 1468 1476
2 1469 1477
2 1470 1625
2 1471 2322
2 1478 1490
2 1478 1512
2 1478 1538
2 1478 1560
2 1479 1491
2 1479 1513
2 1479 1539
2 1479 1561
2 1480 1484
2 1480 1490
2 1480 1494
2 1481 1485
2 1481 1491
2 1481 1495
2 1482 1484
2 1482 1492
2 1482 1496
2 1483 1485
2 1483 1493
2 1483 1497
2 1485 1486
2 1486 1487
2 1487 1488
2 1487 1489
2 1488 1498
2 1488 1499
2 1488 1500
2 1489 1501
2 1490 1492
2 1491 1493
2 1492 1524
2 1493 1525
2 1502 1512
2 1502 1516
2 1503 1513
2 1503 1517
2 1504 1506
2 1504 1514
2 1504 1518
2 1505 1507
2 1505 1515
2 1505 1519
2 1506 1508
2 1506 1656
2 1507 1657
2 1508 1509
2 1508 1623
2 1509 1510
2 1509 1511
2 1510 1520
2 1510 1521
2 1510 1522
2 1511 1523
2 1511 1620
2 1514 1524
2 1514 1666
2 1515 1525
2 1515 1667
2 1524 1536
2 1524 1558
2 1525 1537
2 1525 1559
2 1526 1530
2 1526 1536
2 1526 1540
2 1527 1531
2 1527 1537
2 1527 1541
2 1528 1530
2 1528 1538
2 1528 1542
2 1529 1531
2 1529 1539
2 1529 1543
2 1530 1532
2 1532 1533
2 1533 1534
2 1533 1535
2 1534 1544
2 1534 1545
2 1534 1546
2 1535 1547
2 1536 1538
2 1537 1539
2 1548 1558
2 1548 1562
2 1548 1706
2 1549 1559
2 1549 1563
2 1549 1707
2 1550 1552
2 1550 1560
2 1550 1564
2 1551 1553
2 1551 1561
2 1551 1565
2 1553 1554
2 1554 1555
2 1555 1556
2 1555 1557
2 1556 1566
2 1556 1567
2 1556 1568
2 1557 1569
2 1558 1714
2 1559 1715
2 1570 1578
2 1570 1593
2 1571 1573
2 1571 1578
2 1571 1580
2 1572 1573
2 1572 1579
2 1572 1581
2 1573 1574
2 1574 1575
2 1574 1689
2 1575 1576
2 1575 1577
2 1576 1582
2 1576 1583
2 1576 1584
2 1577 1585
2 1577 1686
2 1578 1579
2 1586 1593
2 1586 1595
2 1587 1588
2 1587 1594
2 1587 1596
2 1588 1589
2 1588 1753
2 1589 1590
2 1589 1947
2 1590 1591
2 1590 1592
2 1591 1597
2 1591 1598
2 1591 1599
2 1592 1600
2 1592 1944
2 1594 1766
2 1601 1609
2 1601 1624
2 1601 2560
2 1601 2575
2 1602 1604
2 1602 1609
2 1602 1611
2 1603 1604
2 1603 1610
2 1603 1612
2 1604 1605
2 1605 1606
2 1605 1643
2 1606 1607
2 1606 1608
2 1607 1613
2 1607 1614
2 1607 1615
2 1608 1616
2 1608 1640
2 1609 1610
2 1610 2551
2 1617 1624
2 1617 1626
2 1617 1805
2 1618 1619
2 1618 1625
2 1618 1627
2 1619 1620
2 1620 1621
2 1621 1622
2 1621 1623
2 1622 1628
2 1622 1629
2 1622 1630
2 1623 1631
2 1624 1812
2 1625 2551
2 1632 1644
2 1632 1666
2 1632 1692
2 1632 1714
2 1633 1645
2 1633 1667
2 1633 1693
2 1633 1715
2 1634 1638
2 1634 1644
2 1634 1648
2 1635 1639
2 1635 1645
2 1635 1649
2 1636 1638
2 1636 1646
2 1636 1650
2 1637 1639
2 1637 1647
2 1637 1651
2 1639 1640
2 1640 1641
2 1641 1642
2 1641 1643
2 1642 1652
2 1642 1653
2 1642 1654
2 1643 1655
2 1644 1646
2 1645 1647
2 1646 1678
2 1647 1679
2 1656 1666
2 1656 1670
2 1657 1667
2 1657 1671
2 1658 1660
2 1658 1668
2 1658 1672
2 1659 1661
2 1659 1669
2 1659 1673
2 1660 1662
2 1660 1863
2 1661 1864
2 1662 1663
2 1662 1809
2 1663 1664
2 1663 1665
2 1664 1674
2 1664 1675
2 1664 1676
2 1665 1677
2 1665 1806
2 1668 1678
2 1668 1881
2 1669 1679
2 1669 1882
2 1678 1690
2 1678 1712
2 1679 1691
2 1679 1713
2 1680 1684
2 1680 1690
2 1680 1694
2 1681 1685
2 1681 1691
2 1681 1695
2 1682 1684
2 1682 1692
2 1682 1696
2 1683 1685
2 1683 1693
2 1683 1697
2 1684 1686
2 1686 1687
2 1687 1688
2 1687 1689
2 1688 1698
2 1688 1699
2 1688 1700
2 1689 1701
2 1690 1692
2 1691 1693
2 1702 1712
2 1702 1716
2 1702 1942
2 1703 1713
2 1703 1717
2 1703 1943
2 1704 1706
2 1704 1714
2 1704 1718
2 1705 1707
2 1705 1715
2 1705 1719
2 1707 1708
2 1708 1709
2 1709 1710
2 1709 1711
2 1710 1720
2 1710 1721
2 1710 1722
2 1711 1723
2 1712 1952
2 1713 1953
2 1724 1739
2 1724 1766
2 1725 1729
2 1725 1739
2 1725 1742
2 1726 1728
2 1726 1740
2 1726 1743
2 1727 1729
2 1727 1741
2 1727 1744
2 1728 1730
2 1729 1731
2 1730 1732
2 1731 1733
2 1731 1919
2 1732 1734
2 1732 1736
2 1733 1735
2 1733 1737
2 1734 1745
2 1734 1747
2 1734 1749
2 1735 1746
2 1735 1748
2 1735 1750
2 1736 1751
2 1736 1915
2 1737 1752
2 1737 1916
2 1738 1740
2 1739 1741
2 1753 1766
2 1753 1769
2 1754 1756
2 1754 1767
2 1754 1770
2 1755 1757
2 1755 1768
2 1755 1771
2 1756 1758
2 1757 1759
2 1758 1760
2 1759 1761
2 1760 1762
2 1760 1764
2 1761 1763
2 1761 1765
2 1762 1772
2 1762 1774
2 1762 1776
2 1763 1773
2 1763 1775
2 1763 1777
2 1764 1778
2 1765 1779
2 1780 1792
2 1780 1810
2 1780 2796
2 1780 2823
2 1781 1793
2 1781 1811
2 1781 2797
2 1781 2824
2 1782 1785
2 1782 1792
2 1782 1795
2 1783 1786
2 1783 1793
2 1783 1796
2 1784 1786
2 1784 1794
2 1784 1797
2 1785 1787
2 1786 1788
2 1787 1839
2 1788 1789
2 1788 1840
2 1789 1790
2 1789 1791
2 1790 1798
2 1790 1799
2 1790 1800
2 1791 1801
2 1791 1834
2 1793 1794
2 1794 2780
2 1802 1810
2 1802 1813
2 1803 1811
2 1803 1814
2 1804 1805
2 1804 1812
2 1804 1815
2 1805 1806
2 1806 1807
2 1807 1808
2 1807 1809
2 1808 1816
2 1808 1818
2 1808 1819
2 1809 1820
2 1812 2780
2 1821 1842
2 1821 1881
2 1821 1924
2 1821 1952
2 1822 1844
2 1822 1882
2 1822 1925
2 1822 1953
2 1823 1830
2 1823 1842
2 1823 1849
2 1824 1832
2 1824 1844
2 1824 1850
2 1825 1829
2 1825 1845
2 1825 1851
2 1826 1830
2 1826 1846
2 1826 1852
2 1827 1831
2 1827 1847
2 1827 1853
2 1828 1832
2 1828 1848
2 1828 1854
2 1831 1833
2 1832 1834
2 1833 1835
2 1834 1836
2 1835 1837
2 1835 1839
2 1836 1838
2 1836 1840
2 1837 1855
2 1837 1857
2 1837 1859
2 1838 1856
2 1838 1858
2 1838 1860
2 1839 1861
2 1840 1862
2 1841 1845
2 1842 1846
2 1843 1847
2 1844 1848
2 1845 1901
2 1846 1902
2 1847 1903
2 1848 1904
2 1863 1881
2 1863 1887
2 1864 1882
2 1864 1888
2 1865 1869
2 1865 1883
2 1865 1889
2 1866 1870
2 1866 1884
2 1866 1890
2 1867 1871
2 1867 1885
2 1867 1891
2 1868 1872
2 1868 1886
2 1868 1892
2 1869 1873
2 1870 1874
2 1873 1875
2 1874 1876
2 1875 1877
2 1875 1879
2 1876 1878
2 1876 1880
2 1877 1893
2 1877 1895
2 1877 1897
2 1878 1894
2 1878 1896
2 1878 1898
2 1879 1899
2 1880 1900
2 1883 1901
2 1884 1902
2 1885 1903
2 1886 1904
2 1901 1920
2 1901 1948
2 1902 1921
2 1902 1949
2 1903 1922
2 1903 1950
2 1904 1923
2 1904 1951
2 1905 1911
2 1905 1920
2 1905 1926
2 1906 1912
2 1906 1921
2 1906 1927
2 1907 1913
2 1907 1922
2 1907 1928
2 1908 1914
2 1908 1923
2 1908 1929
2 1909 1912
2 1909 1924
2 1909 1930
2 1910 1914
2 1910 1925
2 1910 1931
2 1911 1915
2 1912 1916
2 1916 1917
2 1917 1918
2 1917 1919
2 1918 1932
2 1918 1933
2 1918 1934
2 1919 1935
2 1921 1924
2 1923 1925
2 1936 1948
2 1936 1954
2 1937 1949
2 1937 1955
2 1938 1950
2 1938 1956
2 1939 1951
2 1939 1957
2 1940 1942
2 1940 1952
2 1940 1958
2 1941 1943
2 1941 1953
2 1941 1959
2 1943 1944
2 1944 1945
2 1945 1946
2 1945 1947
2 1946 1960
2 1946 1962
2 1946 1963
2 1947 1964
2 1965 1977
2 1965 1995
2 1966 1978
2 1966 1996
2 1967 1970
2 1967 1977
2 1967 1980
2 1968 1971
2 1968 1978
2 1968 1981
2 1969 1970
2 1969 1979
2 1969 1982
2 1970 1972
2 1971 1973
2 1972 1974
2 1972 2260
2 1973 2261
2 1974 1975
2 1974 1976
2 1975 1983
2 1975 1984
2 1975 1985
2 1976 1986
2 1976 2254
2 1977 1979
2 1987 1995
2 1987 1998
2 1987 2812
2 1988 1996
2 1988 1999
2 1988 2813
2 1989 1990
2 1989 1997
2 1989 2000
2 1990 1991
2 1990 2338
2 1991 1992
2 1991 2538
2 1992 1993
2 1992 1994
2 1993 2001
2 1993 2002
2 1993 2004
2 1994 2005
2 1994 2535
2 1995 2823
2 1996 2824
2 1997 2345
2 2006 2034
2 2006 2090
2 2007 2036
2 2007 2091
2 2008 2014
2 2008 2034
2 2008 2042
2 2009 2016
2 2009 2036
2 2009 2043
2 2010 2014
2 2010 2038
2 2010 2044
2 2011 2015
2 2011 2039
2 2011 2045
2 2012 2016
2 2012 2040
2 2012 2046
2 2013 2017
2 2013 2041
2 2013 2047
2 2014 2018
2 2015 2019
2 2016 2020
2 2017 2021
2 2018 2022
2 2018 2150
2 2019 2023
2 2020 2024
2 2020 2151
2 2021 2025
2 2022 2026
2 2022 2030
2 2023 2027
2 2023 2031
2 2024 2028
2 2024 2032
2 2025 2029
2 2025 2033
2 2026 2048
2 2026 2052
2 2026 2056
2 2027 2049
2 2027 2053
2 2027 2057
2 2028 2050
2 2028 2054
2 2028 2058
2 2029 2051
2 2029 2055
2 2029 2059
2 2030 2060
2 2030 2142
2 2031 2061
2 2031 2143
2 2032 2062
2 2032 2144
2 2033 2063
2 2033 2145
2 2034 2038
2 2035 2039
2 2036 2040
2 2037 2041
2 2064 2090
2 2064 2096
2 2064 2389
2 2065 2091
2 2065 2097
2 2065 2390
2 2066 2070
2 2066 2092
2 2066 2098
2 2067 2071
2 2067 2093
2 2067 2099
2 2068 2072
2 2068 2094
2 2068 2100
2 2069 2073
2 2069 2095
2 2069 2101
2 2070 2074
2 2070 2880
2 2071 2075
2 2071 2881
2 2072 2076
2 2072 2882
2 2073 2077
2 2073 2883
2 2074 2078
2 2074 3032
2 2075 2079
2 2075 3033
2 2076 2080
2 2076 3034
2 2077 2081
2 2077 3035
2 2078 2082
2 2078 2086
2 2079 2083
2 2079 2087
2 2080 2084
2 2080 2088
2 2081 2085
2 2081 2089
2 2082 2102
2 2082 2106
2 2082 2110
2 2083 2103
2 2083 2107
2 2083 2111
2 2084 2104
2 2084 2108
2 2084 2112
2 2085 2105
2 2085 2109
2 2085 2113
2 2086 2114
2 2086 3020
2 2087 2115
2 2087 3021
2 2088 2116
2 2088 3022
2 2089 2117
2 2089 3023
2 2090 2401
2 2091 2402
2 2092 2896
2 2093 2897
2 2094 2898
2 2095 2899
2 2118 2154
2 2118 2210
2 2118 2266
2 2118 2304
2 2119 2155
2 2119 2211
2 2119 2267
2 2119 2305
2 2120 2158
2 2120 2214
2 2120 2268
2 2120 2306
2 2121 2159
2 2121 2215
2 2121 2269
2 2121 2307
2 2122 2134
2 2122 2152
2 2122 2164
2 2123 2135
2 2123 2153
2 2123 2165
2 2124 2136
2 2124 2154
2 2124 2166
2 2125 2137
2 2125 2155
2 2125 2167
2 2126 2138
2 2126 2156
2 2126 2168
2 2127 2139
2 2127 2157
2 2127 2169
2 2128 2140
2 2128 2158
2 2128 2170
2 2129 2141
2 2129 2159
2 2129 2171
2 2130 2134
2 2130 2160
2 2130 2172
2 2131 2136
2 2131 2161
2 2131 2173
2 2132 2138
2 2132 2162
2 2132 2174
2 2133 2140
2 2133 2163
2 2133 2175
2 2138 2142
2 2139 2143
2 2140 2144
2 2141 2145
2 2142 2146
2 2144 2147
2 2146 2148
2 2146 2150
2 2147 2149
2 2147 2151
2 2148 2176
2 2148 2178
2 2148 2180
2 2149 2177
2 2149 2179
2 2149 2181
2 2150 2182
2 2151 2183
2 2152 2160
2 2154 2161
2 2156 2162
2 2158 2163
2 2161 2242
2 2163 2243
2 2184 2208
2 2184 2220
2 2184 3012
2 2185 2209
2 2185 2221
2 2185 3013
2 2186 2210
2 2186 2222
2 2186 3014
2 2187 2211
2 2187 2223
2 2187 3015
2 2188 2212
2 2188 2224
2 2188 3016
2 2189 2213
2 2189 2225
2 2189 3017
2 2190 2214
2 2190 2226
2 2190 3018
2 2191 2215
2 2191 2227
2 2191 3019
2 2192 2196
2 2192 2216
2 2192 2228
2 2193 2197
2 2193 2217
2 2193 2229
2 2194 2198
2 2194 2218
2 2194 2230
2 2195 2199
2 2195 2219
2 2195 2231
2 2196 2200
2 2196 2461
2 2197 2201
2 2197 2462
2 2198 2463
2 2199 2464
2 2200 2202
2 2200 2397
2 2201 2203
2 2201 2398
2 2202 2204
2 2202 2206
2 2203 2205
2 2203 2207
2 2204 2232
2 2204 2234
2 2204 2238
2 2205 2233
2 2205 2236
2 2205 2239
2 2206 2240
2 2206 2391
2 2207 2241
2 2207 2392
2 2208 3040
2 2209 3041
2 2210 3042
2 2211 3043
2 2212 3044
2 2213 3045
2 2214 3046
2 2215 3047
2 2216 2481
2 2217 2242
2 2217 2482
2 2218 2483
2 2219 2243
2 2219 2484
2 2242 2262
2 2242 2302
2 2243 2264
2 2243 2303
2 2244 2250
2 2244 2262
2 2244 2270
2 2245 2252
2 2245 2264
2 2245 2271
2 2246 2250
2 2246 2266
2 2246 2272
2 2247 2251
2 2247 2267
2 2247 2273
2 2248 2252
2 2248 2268
2 2248 2274
2 2249 2253
2 2249 2269
2 2249 2275
2 2250 2254
2 2251 2255
2 2254 2256
2 2255 2257
2 2256 2258
2 2256 2260
2 2257 2259
2 2257 2261
2 2258 2276
2 2258 2278
2 2258 2280
2 2259 2277
2 2259 2279
2 2259 2281
2 2260 2282
2 2261 2283
2 2262 2266
2 2263 2267
2 2264 2268
2 2265 2269
2 2284 2302
2 2284 2308
2 2284 2533
2 2285 2303
2 2285 2309
2 2285 2534
2 2286 2290
2 2286 2304
2 2286 2310
2 2287 2291
2 2287 2305
2 2287 2311
2 2288 2292
2 2288 2306
2 2288 2312
2 2289 2293
2 2289 2307
2 2289 2313
2 2290 3111
2 2291 3112
2 2292 2294
2 2292 3113
2 2293 2295
2 2293 3114
2 2294 2296
2 2294 2820
2 2295 2297
2 2295 2821
2 2296 2298
2 2296 2300
2 2297 2299
2 2297 2301
2 2298 2314
2 2298 2316
2 2298 2318
2 2299 2315
2 2299 2317
2 2299 2319
2 2300 2320
2 2300 2814
2 2301 2321
2 2301 2815
2 2302 2541
2 2303 2542
2 2304 3123
2 2305 3124
2 2306 3125
2 2307 3126
2 2322 2330
2 2322 2345
2 2323 2325
2 2323 2330
2 2323 2332
2 2324 2325
2 2324 2331
2 2324 2333
2 2325 2326
2 2326 2327
2 2326 2516
2 2327 2328
2 2327 2329
2 2328 2334
2 2328 2335
2 2328 2336
2 2329 2337
2 2329 2513
2 2330 2331
2 2338 2345
2 2338 2347
2 2339 2340
2 2339 2346
2 2339 2348
2 2340 2341
2 2340 2567
2 2341 2342
2 2341 2767
2 2342 2343
2 2342 2344
2 2343 2349
2 2343 2350
2 2343 2351
2 2344 2352
2 2344 2764
2 2346 2574
2 2353 2369
2 2353 2399
2 2354 2370
2 2354 2400
2 2355 2359
2 2355 2369
2 2355 2373
2 2356 2360
2 2356 2370
2 2356 2374
2 2357 2359
2 2357 2371
2 2357 2375
2 2358 2360
2 2358 2372
2 2358 2376
2 2359 2361
2 2360 2362
2 2361 2363
2 2361 2435
2 2362 2364
2 2362 2436
2 2363 2365
2 2363 2367
2 2364 2366
2 2364 2368
2 2365 2377
2 2365 2379
2 2365 2381
2 2366 2378
2 2366 2380
2 2366 2382
2 2367 2383
2 2367 2429
2 2368 2384
2 2368 2430
2 2369 2371
2 2370 2372
2 2385 2399
2 2385 2403
2 2385 2618
2 2386 2400
2 2386 2404
2 2386 2619
2 2387 2389
2 2387 2401
2 2387 2405
2 2388 2390
2 2388 2402
2 2388 2406
2 2389 2391
2 2390 2392
2 2391 2393
2 2392 2394
2 2393 2395
2 2393 2397
2 2394 2396
2 2394 2398
2 2395 2407
2 2395 2409
2 2395 2411
2 2396 2408
2 2396 2410
2 2396 2412
2 2397 2413
2 2398 2414
2 2399 2630
2 2400 2631
2 2415 2438
2 2415 2482
2 2415 2519
2 2415 2541
2 2416 2440
2 2416 2484
2 2416 2520
2 2416 2542
2 2417 2425
2 2417 2437
2 2417 2445
2 2418 2426
2 2418 2438
2 2418 2446
2 2419 2427
2 2419 2439
2 2419 2447
2 2420 2428
2 2420 2440
2 2420 2448
2 2421 2425
2 2421 2441
2 2421 2449
2 2422 2426
2 2422 2442
2 2422 2450
2 2423 2427
2 2423 2443
2 2423 2451
2 2424 2428
2 2424 2444
2 2424 2452
2 2427 2429
2 2428 2430
2 2429 2431
2 2430 2432
2 2431 2433
2 2431 2435
2 2432 2434
2 2432 2436
2 2433 2453
2 2433 2455
2 2433 2457
2 2434 2454
2 2434 2456
2 2434 2458
2 2435 2459
2 2436 2460
2 2437 2441
2 2438 2442
2 2439 2443
2 2440 2444
2 2442 2505
2 2444 2506
2 2461 2481
2 2461 2489
2 2462 2482
2 2462 2490
2 2463 2483
2 2463 2491
2 2464 2484
2 2464 2492
2 2465 2469
2 2465 2485
2 2465 2493
2 2466 2470
2 2466 2486
2 2466 2494
2 2467 2471
2 2467 2487
2 2467 2495
2 2468 2472
2 2468 2488
2 2468 2496
2 2469 2473
2 2469 2690
2 2470 2474
2 2470 2691
2 2471 2692
2 2472 2693
2 2473 2475
2 2473 2626
2 2474 2476
2 2474 2627
2 2475 2477
2 2475 2479
2 2476 2478
2 2476 2480
2 2477 2497
2 2477 2499
2 2477 2501
2 2478 2498
2 2478 2500
2 2478 2502
2 2479 2503
2 2479 2620
2 2480 2504
2 2480 2621
2 2485 2710
2 2486 2505
2 2486 2711
2 2487 2712
2 2488 2506
2 2488 2713
2 2505 2517
2 2505 2539
2 2506 2518
2 2506 2540
2 2507 2511
2 2507 2517
2 2507 2521
2 2508 2512
2 2508 2518
2 2508 2522
2 2509 2511
2 2509 2519
2 2509 2523
2 2510 2512
2 2510 2520
2 2510 2524
2 2511 2513
2 2513 2514
2 2514 2515
2 2514 2516
2 2515 2525
2 2515 2526
2 2515 2527
2 2516 2528
2 2517 2519
2 2518 2520
2 2529 2539
2 2529 2543
2 2529 2762
2 2530 2540
2 2530 2544
2 2530 2763
2 2531 2533
2 2531 2541
2 2531 2545
2 2532 2534
2 2532 2542
2 2532 2546
2 2534 2535
2 2535 2536
2 2536 2537
2 2536 2538
2 2537 2547
2 2537 2548
2 2537 2549
2 2538 2550
2 2539 2770
2 2540 2771
2 2551 2559
2 2551 2574
2 2552 2554
2 2552 2559
2 2552 2561
2 2553 2554
2 2553 2560
2 2553 2562
2 2554 2555
2 2555 2556
2 2555 2745
2 2556 2557
2 2556 2558
2 2557 2563
2 2557 2564
2 2557 2565
2 2558 2566
2 2558 2742
2 2559 2560
2 2567 2574
2 2567 2576
2 2568 2569
2 2568 2575
2 2568 2577
2 2569 2570
2 2569 2809
2 2570 2571
2 2570 3122
2 2571 2572
2 2571 2573
2 2572 2578
2 2572 2579
2 2572 2580
2 2573 2581
2 2573 3119
2 2575 2822
2 2582 2598
2 2582 2628
2 2583 2599
2 2583 2629
2 2584 2588
2 2584 2598
2 2584 2602
2 2585 2589
2 2585 2599
2 2585 2603
2 2586 2588
2 2586 2600
2 2586 2604
2 2587 2589
2 2587 2601
2 2587 2605
2 2588 2590
2 2589 2591
2 2590 2592
2 2590 2664
2 2591 2593
2 2591 2665
2 2592 2594
2 2592 2596
2 2593 2595
2 2593 2597
2 2594 2606
2 2594 2608
2 2594 2610
2 2595 2607
2 2595 2609
2 2595 2611
2 2596 2612
2 2596 2658
2 2597 2613
2 2597 2659
2 2598 2600
2 2599 2601
2 2614 2628
2 2614 2632
2 2614 2886
2 2615 2629
2 2615 2633
2 2615 2887
2 2616 2618
2 2616 2630
2 2616 2634
2 2617 2619
2 2617 2631
2 2617 2635
2 2618 2620
2 2619 2621
2 2620 2622
2 2621 2623
2 2622 2624
2 2622 2626
2 2623 2625
2 2623 2627
2 2624 2636
2 2624 2638
2 2624 2640
2 2625 2637
2 2625 2639
2 2625 2641
2 2626 2642
2 2627 2643
2 2628 2900
2 2629 2901
2 2644 2667
2 2644 2711
2 2644 2748
2 2644 2770
2 2645 2669
2 2645 2713
2 2645 2749
2 2645 2771
2 2646 2654
2 2646 2666
2 2646 2674
2 2647 2655
2 2647 2667
2 2647 2675
2 2648 2656
2 2648 2668
2 2648 2676
2 2649 2657
2 2649 2669
2 2649 2677
2 2650 2654
2 2650 2670
2 2650 2678
2 2651 2655
2 2651 2671
2 2651 2679
2 2652 2656
2 2652 2672
2 2652 2680
2 2653 2657
2 2653 2673
2 2653 2681
2 2656 2658
2 2657 2659
2 2658 2660
2 2659 2661
2 2660 2662
2 2660 2664
2 2661 2663
2 2661 2665
2 2662 2682
2 2662 2684
2 2662 2686
2 2663 2683
2 2663 2685
2 2663 2687
2 2664 2688
2 2665 2689
2 2666 2670
2 2667 2671
2 2668 2672
2 2669 2673
2 2671 2734
2 2673 2735
2 2690 2710
2 2690 2718
2 2691 2711
2 2691 2719
2 2692 2712
2 2692 2720
2 2693 2713
2 2693 2721
2 2694 2698
2 2694 2714
2 2694 2722
2 2695 2699
2 2695 2715
2 2695 2723
2 2696 2700
2 2696 2716
2 2696 2724
2 2697 2701
2 2697 2717
2 2697 2725
2 2698 2702
2 2698 3000
2 2699 2703
2 2699 3001
2 2700 3002
2 2701 3003
2 2702 2704
2 2702 2894
2 2703 2705
2 2703 2895
2 2704 2706
2 2704 2708
2 2705 2707
2 2705 2709
2 2706 2726
2 2706 2728
2 2706 2730
2 2707 2727
2 2707 2729
2 2707 2731
2 2708 2732
2 2708 2888
2 2709 2733
2 2709 2889
2 2714 3036
2 2715 2734
2 2715 3037
2 2716 3038
2 2717 2735
2 2717 3039
2 2734 2746
2 2734 2768
2 2735 2747
2 2735 2769
2 2736 2740
2 2736 2746
2 2736 2750
2 2737 2741
2 2737 2747
2 2737 2751
2 2738 2740
2 2738 2748
2 2738 2752
2 2739 2741
2 2739 2749
2 2739 2753
2 2740 2742
2 2742 2743
2 2743 2744
2 2743 2745
2 2744 2754
2 2744 2755
2 2744 2756
2 2745 2757
2 2746 2748
2 2747 2749
2 2758 2768
2 2758 2772
2 2758 3117
2 2759 2769
2 2759 2773
2 2759 3118
2 2760 2762
2 2760 2770
2 2760 2774
2 2761 2763
2 2761 2771
2 2761 2775
2 2763 2764
2 2764 2765
2 2765 2766
2 2765 2767
2 2766 2776
2 2766 2777
2 2766 2778
2 2767 2779
2 2768 3127
2 2769 3128
2 2780 2795
2 2780 2822
2 2781 2785
2 2781 2795
2 2781 2798
2 2782 2784
2 2782 2796
2 2782 2799
2 2783 2785
2 2783 2797
2 2783 2800
2 2784 2786
2 2785 2787
2 2786 2788
2 2787 2789
2 2787 3094
2 2788 2790
2 2788 2792
2 2789 2791
2 2789 2793
2 2790 2801
2 2790 2803
2 2790 2805
2 2791 2802
2 2791 2804
2 2791 2806
2 2792 2807
2 2792 3090
2 2793 2808
2 2793 3091
2 2794 2796
2 2795 2797
2 2809 2822
2 2809 2825
2 2810 2812
2 2810 2823
2 2810 2826
2 2811 2813
2 2811 2824
2 2811 2827
2 2812 2814
2 2813 2815
2 2814 2816
2 2815 2817
2 2816 2818
2 2816 2820
2 2817 2819
2 2817 2821
2 2818 2828
2 2818 2830
2 2818 2832
2 2819 2829
2 2819 2831
2 2819 2833
2 2820 2834
2 2821 2835
2 2836 2860
2 2836 2896
2 2837 2861
2 2837 2897
2 2838 2862
2 2838 2898
2 2839 2863
2 2839 2899
2 2840 2846
2 2840 2860
2 2840 2866
2 2841 2847
2 2841 2861
2 2841 2867
2 2842 2848
2 2842 2862
2 2842 2868
2 2843 2849
2 2843 2863
2 2843 2869
2 2844 2847
2 2844 2864
2 2844 2870
2 2845 2849
2 2845 2865
2 2845 2871
2 2846 2850
2 2847 2851
2 2848 2852
2 2849 2853
2 2850 2952
2 2851 2854
2 2851 2953
2 2852 2954
2 2853 2855
2 2853 2955
2 2854 2856
2 2854 2858
2 2855 2857
2 2855 2859
2 2856 2872
2 2856 2874
2 2856 2876
2 2857 2873
2 2857 2875
2 2857 2877
2 2858 2878
2 2858 2941
2 2859 2879
2 2859 2943
2 2861 2864
2 2863 2865
2 2880 2896
2 2880 2902
2 2881 2897
2 2881 2903
2 2882 2898
2 2882 2904
2 2883 2899
2 2883 2905
2 2884 2886
2 2884 2900
2 2884 2906
2 2885 2887
2 2885 2901
2 2885 2907
2 2886 2888
2 2887 2889
2 2888 2890
2 2889 2891
2 2890 2892
2 2890 2894
2 2891 2893
2 2891 2895
2 2892 2908
2 2892 2911
2 2892 2914
2 2893 2909
2 2893 2913
2 2893 2915
2 2894 2916
2 2895 2917
2 2918 2959
2 2918 3037
2 2918 3099
2 2918 3127
2 2919 2963
2 2919 3039
2 2919 3100
2 2919 3128
2 2920 2933
2 2920 2957
2 2920 2972
2 2921 2935
2 2921 2959
2 2921 2973
2 2922 2937
2 2922 2961
2 2922 2974
2 2923 2939
2 2923 2963
2 2923 2975
2 2924 2932
2 2924 2964
2 2924 2976
2 2925 2933
2 2925 2965
2 2925 2977
2 2926 2934
2 2926 2966
2 2926 2978
2 2927 2935
2 2927 2967
2 2927 2979
2 2928 2936
2 2928 2968
2 2928 2980
2 2929 2937
2 2929 2969
2 2929 2981
2 2930 2938
2 2930 2970
2 2930 2982
2 2931 2939
2 2931 2971
2 2931 2983
2 2936 2940
2 2937 2941
2 2938 2942
2 2939 2943
2 2940 2944
2 2941 2945
2 2942 2946
2 2943 2947
2 2944 2948
2 2944 2952
2 2945 2949
2 2945 2953
2 2946 2950
2 2946 2954
2 2947 2951
2 2947 2955
2 2948 2984
2 2948 2988
2 2948 2992
2 2949 2985
2 2949 2989
2 2949 2993
2 2950 2986
2 2950 2990
2 2950 2994
2 2951 2987
2 2951 2991
2 2951 2995
2 2952 2996
2 2953 2997
2 2954 2998
2 2955 2999
2 2956 2964
2 2957 2965
2 2958 2966
2 2959 2967
2 2960 2968
2 2961 2969
2 2962 2970
2 2963 2971
2 2966 3076
2 2967 3077
2 2970 3078
2 2971 3079
2 3000 3036
2 3000 3048
2 3001 3037
2 3001 3049
2 3002 3038
2 3002 3050
2 3003 3039
2 3003 3051
2 3004 3012
2 3004 3040
2 3004 3052
2 3005 3013
2 3005 3041
2 3005 3053
2 3006 3014
2 3006 3042
2 3006 3054
2 3007 3015
2 3007 3043
2 3007 3055
2 3008 3016
2 3008 3044
2 3008 3056
2 3009 3017
2 3009 3045
2 3009 3057
2 3010 3018
2 3010 3046
2 3010 3058
2 3011 3019
2 3011 3047
2 3011 3059
2 3012 3020
2 3013 3021
2 3014 3022
2 3015 3023
2 3020 3024
2 3021 3025
2 3022 3026
2 3023 3027
2 3024 3028
2 3024 3032
2 3025 3029
2 3025 3033
2 3026 3030
2 3026 3034
2 3027 3031
2 3027 3035
2 3028 3060
2 3028 3064
2 3028 3068
2 3029 3061
2 3029 3065
2 3029 3069
2 3030 3062
2 3030 3066
2 3030 3070
2 3031 3063
2 3031 3067
2 3031 3071
2 3032 3072
2 3033 3073
2 3034 3074
2 3035 3075
2 3042 3076
2 3043 3077
2 3046 3078
2 3047 3079
2 3076 3095
2 3076 3123
2 3077 3096
2 3077 3124
2 3078 3097
2 3078 3125
2 3079 3098
2 3079 3126
2 3080 3086
2 3080 3095
2 3080 3101
2 3081 3087
2 3081 3096
2 3081 3102
2 3082 3088
2 3082 3097
2 3082 3103
2 3083 3089
2 3083 3098
2 3083 3104
2 3084 3087
2 3084 3099
2 3084 3105
2 3085 3089
2 3085 3100
2 3085 3106
2 3086 3090
2 3087 3091
2 3091 3092
2 3092 3093
2 3092 3094
2 3093 3107
2 3093 3108
2 3093 3109
2 3094 3110
2 3096 3099
2 3098 3100
2 3111 3123
2 3111 3129
2 3112 3124
2 3112 3130
2 3113 3125
2 3113 3131
2 3114 3126
2 3114 3132
2 3115 3117
2 3115 3127
2 3115 3133
2 3116 3118
2 3116 3128
2 3116 3134
2 3118 3119
2 3119 3120
2 3120 3121
2 3120 3122
2 3121 3135
2 3121 3137
2 3121 3138
2 3122 3139
