# vtk DataFile Version 1.0
Cube
ASCII

DATASET POLYDATA
POINTS 4320 float
6.406457 0.134229 10.584543
6.406457 34.116229 10.584543
6.261353 15.277288 11.681313
6.417501 14.593570 12.291289
6.900045 1.452731 10.090955
6.900045 35.434731 10.090955
6.961722 16.452725 11.601115
8.495500 0.000000 12.743250
8.495500 33.982000 12.743250
0.134229 10.584543 6.406457
34.116229 10.584543 6.406457
15.277288 10.729647 5.309687
14.593570 10.573499 4.699711
14.593570 10.573499 38.681711
1.452731 10.090955 6.900045
35.434731 10.090955 6.900045
16.452725 10.029278 5.389885
0.000000 8.495500 4.247750
0.000000 8.495500 38.229750
33.982000 8.495500 4.247750
33.982000 8.495500 38.229750
10.584543 16.856771 10.584543
10.729647 1.713712 11.681313
10.729647 35.695712 11.681313
10.573499 2.397430 12.291289
10.573499 36.379430 12.291289
10.090955 15.538270 10.090955
9.197228 15.635118 9.757931
10.096052 14.904505 10.813072
10.663552 15.225635 9.387527
10.029278 0.538275 11.601115
10.029278 34.520275 11.601115
16.856771 6.406457 6.406457
1.713712 6.261353 5.309687
35.695712 6.261353 5.309687
2.397430 6.417501 4.699711
2.397430 6.417501 38.681711
36.379430 6.417501 4.699711
36.379430 6.417501 38.681711
15.538270 6.900045 6.900045
15.635118 7.793772 7.233069
14.904505 6.894948 6.177928
15.225635 6.327448 7.603472
0.538275 6.961722 5.389885
34.520275 6.961722 5.389885
6.406457 16.856771 6.406457
6.261353 1.713712 5.309687
6.261353 35.695712 5.309687
6.417501 2.397430 4.699711
6.417501 2.397430 38.681711
6.417501 36.379430 4.699711
6.417501 36.379430 38.681711
6.900045 15.538270 6.900045
6.961722 0.538275 5.389885
6.961722 34.520275 5.389885
8.495500 0.000000 4.247750
8.495500 0.000000 38.229750
8.495500 33.982000 4.247750
8.495500 33.982000 38.229750
16.856771 10.584543 10.584543
1.713712 10.729647 11.681313
35.695712 10.729647 11.681313
2.397430 10.573499 12.291289
36.379430 10.573499 12.291289
15.538270 10.090955 10.090955
0.538275 10.029278 11.601115
34.520275 10.029278 11.601115
0.000000 8.495500 12.743250
33.982000 8.495500 12.743250
10.584543 0.134229 6.406457
10.584543 34.116229 6.406457
10.729647 15.277288 5.309687
10.573499 14.593570 4.699711
10.573499 14.593570 38.681711
10.090955 1.452731 6.900045
10.090955 35.434731 6.900045
9.197228 1.355882 7.233069
9.197228 35.337882 7.233069
10.096052 2.086495 6.177928
10.096052 36.068495 6.177928
10.663552 1.765365 7.603472
10.663552 35.747365 7.603472
10.029278 16.452725 5.389885
0.134229 6.406457 10.584543
34.116229 6.406457 10.584543
15.277288 6.261353 11.681313
14.593570 6.417501 12.291289
1.452731 6.900045 10.090955
35.434731 6.900045 10.090955
1.355882 7.793772 9.757931
35.337882 7.793772 9.757931
2.086495 6.894948 10.813072
36.068495 6.894948 10.813072
1.765365 6.327448 9.387527
35.747365 6.327448 9.387527
16.452725 6.961722 11.601115
10.584543 6.406457 0.134229
10.584543 6.406457 34.116229
11.681313 6.261353 15.277288
12.291289 6.417501 14.593570
10.090955 6.900045 1.452731
10.090955 6.900045 35.434731
11.601115 6.961722 16.452725
12.743250 8.495500 0.000000
12.743250 8.495500 33.982000
6.406457 6.406457 16.856771
6.261353 5.309687 1.713712
6.261353 5.309688 35.695712
6.417501 4.699711 2.397430
6.417501 4.699711 36.379430
6.417501 38.681711 2.397430
6.417501 38.681711 36.379430
6.900045 6.900045 15.538270
7.793772 7.233069 15.635118
6.894948 6.177928 14.904505
6.327448 7.603472 15.225635
6.961722 5.389885 0.538275
6.961722 5.389885 34.520275
8.495500 4.247750 0.000000
8.495500 4.247750 33.982000
8.495500 38.229750 0.000000
8.495500 38.229750 33.982000
6.406457 10.584543 0.134229
6.406457 10.584543 34.116229
5.309688 10.729647 15.277288
4.699711 10.573499 14.593570
38.681711 10.573499 14.593570
6.900045 10.090955 1.452731
6.900045 10.090955 35.434731
5.389885 10.029278 16.452725
4.247750 8.495500 0.000000
4.247750 8.495500 33.982000
38.229750 8.495500 0.000000
38.229750 8.495500 33.982000
10.584543 10.584543 16.856771
10.729647 11.681313 1.713712
10.729647 11.681313 35.695712
10.573499 12.291289 2.397430
10.573499 12.291289 36.379430
10.090955 10.090955 15.538270
9.197228 9.757931 15.635118
10.096052 10.813072 14.904505
10.663552 9.387528 15.225635
10.029278 11.601115 0.538275
10.029278 11.601115 34.520275
8.495500 12.743250 0.000000
8.495500 12.743250 33.982000
11.681313 10.729647 1.713712
11.681313 10.729647 35.695712
12.291289 10.573499 2.397430
12.291289 10.573499 36.379430
11.601115 10.029278 0.538275
11.601115 10.029278 34.520275
10.729647 5.309688 15.277288
10.573499 4.699711 14.593570
10.573499 38.681711 14.593570
9.197228 7.233069 1.355882
9.197228 7.233069 35.337882
10.096052 6.177928 2.086495
10.096052 6.177928 36.068495
10.663552 7.603472 1.765365
10.663552 7.603473 35.747365
10.029278 5.389885 16.452725
5.309687 6.261353 1.713712
5.309688 6.261353 35.695712
4.699711 6.417501 2.397430
4.699711 6.417501 36.379430
38.681711 6.417501 2.397430
38.681711 6.417501 36.379430
5.389885 6.961722 0.538275
5.389885 6.961722 34.520275
6.261353 11.681313 15.277288
6.417501 12.291289 14.593570
7.793772 9.757931 1.355882
7.793772 9.757931 35.337882
6.894948 10.813072 2.086495
6.894948 10.813072 36.068495
6.327448 9.387527 1.765365
6.327448 9.387528 35.747365
6.961722 11.601115 16.452725
15.277288 11.681313 6.261353
14.593570 12.291289 6.417501
1.355882 9.757931 7.793772
35.337882 9.757931 7.793772
2.086495 10.813072 6.894948
36.068495 10.813072 6.894948
1.765365 9.387527 6.327448
35.747365 9.387527 6.327448
16.452725 11.601115 6.961722
0.000000 12.743250 8.495500
33.982000 12.743250 8.495500
15.277288 5.309688 10.729647
14.593570 4.699711 10.573499
14.593570 38.681711 10.573499
16.452725 5.389885 10.029278
0.000000 4.247750 8.495500
0.000000 38.229750 8.495500
33.982000 4.247750 8.495500
33.982000 38.229750 8.495500
5.309687 1.713712 6.261353
5.309688 35.695712 6.261353
4.699711 2.397430 6.417501
4.699711 36.379430 6.417501
38.681711 2.397430 6.417501
38.681711 36.379430 6.417501
7.233069 15.635118 7.793772
6.177928 14.904505 6.894948
7.603472 15.225635 6.327448
5.389885 0.538275 6.961722
5.389885 34.520275 6.961722
4.247750 0.000000 8.495500
4.247750 33.982000 8.495500
38.229750 0.000000 8.495500
38.229750 33.982000 8.495500
1.713712 11.681313 10.729647
35.695712 11.681313 10.729647
2.397430 12.291289 10.573499
36.379430 12.291289 10.573499
15.635118 9.757931 9.197228
14.904505 10.813072 10.096052
15.225635 9.387527 10.663552
0.538275 11.601115 10.029278
34.520275 11.601115 10.029278
11.681313 15.277288 6.261353
12.291289 14.593570 6.417501
11.601115 16.452725 6.961722
12.743250 0.000000 8.495500
12.743250 33.982000 8.495500
1.713712 5.309687 6.261353
35.695712 5.309687 6.261353
2.397430 4.699711 6.417501
2.397430 38.681711 6.417501
36.379430 4.699711 6.417501
36.379430 38.681711 6.417501
0.538275 5.389885 6.961722
34.520275 5.389885 6.961722
5.309688 15.277288 10.729647
4.699711 14.593570 10.573499
38.681711 14.593570 10.573499
7.233069 1.355882 9.197228
7.233069 35.337882 9.197228
6.177928 2.086495 10.096052
6.177928 36.068495 10.096052
7.603472 1.765365 10.663552
7.603473 35.747365 10.663552
5.389885 16.452725 10.029278
11.681313 1.713712 10.729647
11.681313 35.695712 10.729647
12.291289 2.397430 10.573499
12.291289 36.379430 10.573499
11.601115 0.538275 10.029278
11.601115 34.520275 10.029278
14.901957 8.629729 2.089043
14.901957 8.629729 36.071043
14.756853 6.781788 3.185812
14.756853 6.781788 37.167812
14.913001 6.098070 3.795789
14.913001 6.098070 37.777789
15.395545 9.948230 1.595455
15.395545 9.948230 35.577455
16.289272 9.851382 1.262431
16.289272 9.851382 35.244431
15.390448 10.581995 2.317572
15.390448 10.581995 36.299572
14.822948 10.260865 0.892027
14.822948 10.260865 34.874028
15.457222 7.957225 3.105615
15.457222 7.957225 37.087615
8.629729 2.089043 14.901957
8.629729 36.071043 14.901957
6.781788 2.234147 13.805187
6.781788 36.216147 13.805187
6.098070 2.077999 13.195211
6.098070 36.059999 13.195211
9.948231 1.595455 15.395545
9.948231 35.577455 15.395545
7.957225 1.533778 13.885385
7.957225 35.515778 13.885385
2.089043 8.361271 2.089043
2.089043 8.361271 36.071043
36.071043 8.361271 2.089043
36.071043 8.361271 36.071043
2.234147 10.209212 3.185812
2.234147 10.209212 37.167812
36.216147 10.209212 3.185812
36.216147 10.209212 37.167812
2.077999 10.892930 3.795789
2.077999 10.892930 37.777789
36.059999 10.892930 3.795789
36.059999 10.892930 37.777789
1.595455 7.042769 1.595455
1.595455 7.042770 35.577455
35.577455 7.042769 1.595455
35.577455 7.042770 35.577455
0.701728 7.139618 1.262431
0.701728 7.139618 35.244431
34.683728 7.139618 1.262431
34.683728 7.139618 35.244431
1.600552 6.409005 2.317572
1.600552 6.409005 36.299572
35.582552 6.409005 2.317572
35.582552 6.409005 36.299572
2.168052 6.730135 0.892027
2.168052 6.730135 34.874028
36.150052 6.730135 0.892027
36.150052 6.730135 34.874028
1.533778 9.033775 3.105615
1.533778 9.033775 37.087615
35.515778 9.033775 3.105615
35.515778 9.033775 37.087615
8.361271 14.901957 14.901957
10.209212 14.756853 13.805187
10.892930 14.913001 13.195211
7.042770 15.395545 15.395545
7.139618 16.289272 15.728569
6.409005 15.390448 14.673428
6.730135 14.822948 16.098972
9.033775 15.457222 13.885385
14.901957 8.361271 14.901957
14.756853 10.209212 13.805187
14.913001 10.892930 13.195211
15.395545 7.042770 15.395545
16.289272 7.139618 15.728569
15.390448 6.409005 14.673428
14.822948 6.730135 16.098972
15.457222 9.033775 13.885385
8.361271 2.089043 2.089043
8.361271 2.089043 36.071043
8.361271 36.071043 2.089043
8.361271 36.071043 36.071043
10.209212 2.234147 3.185812
10.209212 2.234147 37.167812
10.209212 36.216147 3.185812
10.209212 36.216147 37.167812
10.892930 2.077999 3.795789
10.892930 2.077999 37.777789
10.892930 36.059999 3.795789
10.892930 36.059999 37.777789
7.042769 1.595455 1.595455
7.042770 1.595455 35.577455
7.042770 35.577455 1.595455
7.042770 35.577455 35.577455
9.033775 1.533778 3.105615
9.033775 1.533778 37.087615
9.033775 35.515778 3.105615
9.033775 35.515778 37.087615
2.089043 8.629729 14.901957
36.071043 8.629729 14.901957
2.234147 6.781788 13.805187
36.216147 6.781788 13.805187
2.077999 6.098070 13.195211
36.059999 6.098070 13.195211
1.595455 9.948231 15.395545
35.577455 9.948231 15.395545
1.533778 7.957225 13.885385
35.515778 7.957225 13.885385
8.629729 14.901957 2.089043
8.629729 14.901957 36.071043
6.781788 14.756853 3.185812
6.781788 14.756853 37.167812
6.098070 14.913001 3.795789
6.098070 14.913001 37.777789
9.948231 15.395545 1.595455
9.948231 15.395545 35.577455
7.957225 15.457222 3.105615
7.957225 15.457222 37.087615
2.089043 14.901957 8.629729
36.071043 14.901957 8.629729
3.185813 14.756853 6.781788
37.167812 14.756853 6.781788
3.795789 14.913001 6.098070
37.777789 14.913001 6.098070
1.595455 15.395545 9.948230
35.577455 15.395545 9.948230
3.105615 15.457222 7.957225
37.087615 15.457222 7.957225
14.901957 14.901957 8.361271
14.756853 13.805187 10.209212
14.913001 13.195211 10.892930
15.395545 15.395545 7.042769
16.289272 15.728569 7.139618
15.390448 14.673428 6.409005
14.822948 16.098972 6.730135
15.457222 13.885385 9.033775
14.901957 2.089043 8.629729
14.901957 36.071043 8.629729
13.805187 2.234147 6.781788
13.805187 36.216147 6.781788
13.195211 2.077999 6.098070
13.195211 36.059999 6.098070
15.395545 1.595455 9.948230
15.395545 35.577455 9.948230
13.885385 1.533778 7.957225
13.885385 35.515778 7.957225
2.089043 2.089043 8.361271
2.089043 36.071043 8.361271
36.071043 2.089043 8.361271
36.071043 36.071043 8.361271
2.234147 3.185813 10.209212
2.234147 37.167812 10.209212
36.216147 3.185813 10.209212
36.216147 37.167812 10.209212
2.077999 3.795789 10.892930
2.077999 37.777789 10.892930
36.059999 3.795789 10.892930
36.059999 37.777789 10.892930
1.595455 1.595455 7.042769
1.595455 35.577455 7.042769
35.577455 1.595455 7.042769
35.577455 35.577455 7.042769
0.701728 1.262431 7.139618
0.701728 35.244431 7.139618
34.683728 1.262431 7.139618
34.683728 35.244431 7.139618
1.600552 2.317572 6.409005
1.600552 36.299572 6.409005
35.582552 2.317572 6.409005
35.582552 36.299572 6.409005
2.168052 0.892028 6.730135
2.168052 34.874028 6.730135
36.150052 0.892028 6.730135
36.150052 34.874028 6.730135
1.533778 3.105615 9.033775
1.533778 37.087615 9.033775
35.515778 3.105615 9.033775
35.515778 37.087615 9.033775
3.185813 2.234147 10.209212
3.185813 36.216147 10.209212
37.167812 2.234147 10.209212
37.167812 36.216147 10.209212
3.795789 2.077999 10.892930
3.795789 36.059999 10.892930
37.777789 2.077999 10.892930
37.777789 36.059999 10.892930
3.105615 1.533778 9.033775
3.105615 35.515778 9.033775
37.087615 1.533778 9.033775
37.087615 35.515778 9.033775
2.234147 13.805187 6.781788
36.216147 13.805187 6.781788
2.077999 13.195211 6.098070
36.059999 13.195211 6.098070
0.701728 15.728569 9.851382
34.683728 15.728569 9.851382
1.600552 14.673428 10.581995
35.582552 14.673428 10.581995
2.168052 16.098972 10.260865
36.150052 16.098972 10.260865
1.533778 13.885385 7.957225
35.515778 13.885385 7.957225
13.805188 14.756853 10.209212
13.195211 14.913001 10.892930
13.885385 15.457222 9.033775
14.756853 3.185813 6.781788
14.756853 37.167812 6.781788
14.913001 3.795789 6.098070
14.913001 37.777789 6.098070
16.289272 1.262431 9.851382
16.289272 35.244431 9.851382
15.390448 2.317572 10.581995
15.390448 36.299572 10.581995
14.822948 0.892028 10.260865
14.822948 34.874028 10.260865
15.457222 3.105615 7.957225
15.457222 37.087615 7.957225
6.781788 3.185813 14.756853
6.781788 37.167812 14.756853
6.098070 3.795789 14.913001
6.098070 37.777789 14.913001
9.851382 1.262431 16.289272
9.851382 35.244431 16.289272
10.581995 2.317572 15.390448
10.581995 36.299572 15.390448
10.260865 0.892028 14.822948
10.260865 34.874028 14.822948
7.957225 3.105615 15.457222
7.957225 37.087615 15.457222
6.781788 13.805187 2.234147
6.781788 13.805187 36.216147
6.098070 13.195211 2.077999
6.098070 13.195211 36.059999
9.851382 15.728569 0.701728
9.851382 15.728569 34.683728
10.581995 14.673428 1.600552
10.581995 14.673428 35.582552
10.260865 16.098972 2.168052
10.260865 16.098973 36.150052
7.957225 13.885385 1.533778
7.957225 13.885385 35.515778
13.805188 10.209212 14.756853
13.195211 10.892930 14.913001
13.885385 9.033775 15.457222
10.209212 3.185812 2.234147
10.209212 3.185813 36.216147
10.209212 37.167812 2.234147
10.209212 37.167812 36.216147
10.892930 3.795789 2.077999
10.892930 3.795789 36.059999
10.892930 37.777789 2.077999
10.892930 37.777789 36.059999
7.139618 1.262431 0.701728
7.139618 1.262431 34.683728
7.139618 35.244431 0.701728
7.139618 35.244431 34.683728
6.409005 2.317572 1.600552
6.409005 2.317572 35.582552
6.409005 36.299572 1.600552
6.409005 36.299572 35.582552
6.730135 0.892028 2.168052
6.730135 0.892028 36.150052
6.730135 34.874028 2.168052
6.730135 34.874028 36.150052
9.033775 3.105615 1.533778
9.033775 3.105615 35.515778
9.033775 37.087615 1.533778
9.033775 37.087615 35.515778
3.185813 6.781788 14.756853
37.167812 6.781788 14.756853
3.795789 6.098070 14.913001
37.777789 6.098070 14.913001
1.262431 9.851382 16.289272
35.244431 9.851382 16.289272
2.317572 10.581995 15.390448
36.299572 10.581995 15.390448
0.892028 10.260865 14.822948
34.874028 10.260865 14.822948
3.105615 7.957225 15.457222
37.087615 7.957225 15.457222
10.209212 13.805188 14.756853
10.892930 13.195211 14.913001
9.033775 13.885385 15.457222
13.805187 6.781788 2.234147
13.805187 6.781788 36.216147
13.195211 6.098070 2.077999
13.195211 6.098070 36.059999
13.885385 7.957225 1.533778
13.885385 7.957225 35.515778
3.185813 10.209212 2.234147
3.185813 10.209212 36.216147
37.167812 10.209212 2.234147
37.167812 10.209212 36.216147
3.795789 10.892930 2.077999
3.795789 10.892930 36.059999
37.777789 10.892930 2.077999
37.777789 10.892930 36.059999
3.105615 9.033775 1.533778
3.105615 9.033775 35.515778
37.087615 9.033775 1.533778
37.087615 9.033775 35.515778
6.406457 0.134229 27.575543
6.406457 34.116229 27.575543
6.261353 15.277288 28.672313
6.417501 14.593570 -4.699711
6.417501 14.593570 29.282289
6.900045 1.452731 27.081955
6.900045 35.434731 27.081955
6.961722 16.452725 28.592115
8.495500 -0.000000 -4.247750
8.495500 0.000000 29.734250
8.495500 33.982000 -4.247750
8.495500 33.982000 29.734250
0.134229 10.584543 23.397457
34.116229 10.584543 23.397457
15.277288 10.729647 22.300687
14.593570 10.573499 21.690711
1.452731 10.090955 23.891045
35.434731 10.090955 23.891045
16.452725 10.029278 22.380885
0.000000 8.495500 21.238750
33.982000 8.495500 21.238750
10.584543 16.856771 27.575543
10.729647 1.713712 28.672313
10.729647 35.695712 28.672313
10.573499 2.397430 -4.699711
10.573499 2.397430 29.282289
10.573499 36.379430 -4.699711
10.573499 36.379430 29.282289
10.090955 15.538270 27.081955
9.197228 15.635118 26.748931
10.096052 14.904505 27.804072
10.663552 15.225635 26.378528
10.029278 0.538275 28.592115
10.029278 34.520275 28.592115
16.856771 6.406457 23.397457
1.713712 6.261353 22.300687
35.695712 6.261353 22.300687
2.397430 6.417501 21.690711
36.379430 6.417501 21.690711
15.538270 6.900045 23.891045
15.635118 7.793772 24.224069
14.904505 6.894948 23.168928
15.225635 6.327448 24.594472
0.538275 6.961722 22.380885
34.520275 6.961722 22.380885
6.406457 16.856771 23.397457
6.261353 1.713712 22.300687
6.261353 35.695712 22.300687
6.417501 2.397430 21.690711
6.417501 36.379430 21.690711
6.900045 15.538270 23.891045
6.961722 0.538275 22.380885
6.961722 34.520275 22.380885
8.495500 0.000000 21.238750
8.495500 33.982000 21.238750
16.856771 10.584543 27.575543
1.713712 10.729647 28.672313
35.695712 10.729647 28.672313
2.397430 10.573499 -4.699711
2.397430 10.573499 29.282289
36.379430 10.573499 -4.699711
36.379430 10.573499 29.282289
15.538270 10.090955 27.081955
0.538275 10.029278 28.592115
34.520275 10.029278 28.592115
0.000000 8.495500 -4.247750
0.000000 8.495500 29.734250
33.982000 8.495500 -4.247750
33.982000 8.495500 29.734250
10.584543 0.134229 23.397457
10.584543 34.116229 23.397457
10.729647 15.277288 22.300687
10.573499 14.593570 21.690711
10.090955 1.452731 23.891045
10.090955 35.434731 23.891045
9.197228 1.355882 24.224069
9.197228 35.337882 24.224069
10.096052 2.086495 23.168928
10.096052 36.068495 23.168928
10.663552 1.765365 24.594472
10.663552 35.747365 24.594472
10.029278 16.452725 22.380885
0.134229 6.406457 27.575543
34.116229 6.406457 27.575543
15.277288 6.261353 28.672313
14.593570 6.417501 -4.699711
14.593570 6.417501 29.282289
1.452731 6.900045 27.081955
35.434731 6.900045 27.081955
1.355882 7.793772 26.748931
35.337882 7.793772 26.748931
2.086495 6.894948 27.804072
36.068495 6.894948 27.804072
1.765365 6.327448 26.378528
35.747365 6.327448 26.378528
16.452725 6.961722 28.592115
10.584543 6.406457 17.125229
11.681313 6.261353 -1.713712
11.681313 6.261353 32.268288
12.291289 6.417501 -2.397430
12.291289 6.417501 31.584570
10.090955 6.900045 18.443730
11.601115 6.961722 -0.538275
11.601115 6.961722 33.443725
12.743250 8.495500 16.991000
6.406457 6.406457 -0.134229
6.406457 6.406457 33.847771
6.261353 5.309688 18.704712
6.417501 4.699711 19.388430
6.417501 38.681711 19.388430
6.900045 6.900045 -1.452731
6.900045 6.900045 32.529269
7.793772 7.233069 -1.355882
7.793772 7.233069 32.626118
6.894948 6.177928 -2.086495
6.894948 6.177928 31.895505
6.327448 7.603472 -1.765365
6.327448 7.603473 32.216635
6.961722 5.389885 17.529275
8.495500 4.247750 16.991000
8.495500 38.229750 16.991000
6.406457 10.584543 17.125229
5.309688 10.729647 -1.713712
5.309688 10.729647 32.268288
4.699711 10.573499 -2.397430
4.699711 10.573499 31.584570
38.681711 10.573499 -2.397430
38.681711 10.573499 31.584570
6.900045 10.090955 18.443730
5.389885 10.029278 -0.538275
5.389885 10.029278 33.443725
4.247750 8.495500 16.991000
38.229750 8.495500 16.991000
10.584543 10.584543 -0.134229
10.584543 10.584543 33.847771
10.729647 11.681313 18.704712
10.573499 12.291289 19.388430
10.090955 10.090955 -1.452731
10.090955 10.090955 32.529269
9.197228 9.757931 -1.355882
9.197228 9.757931 32.626118
10.096052 10.813072 -2.086495
10.096052 10.813072 31.895505
10.663552 9.387527 -1.765365
10.663552 9.387527 32.216635
10.029278 11.601115 17.529275
8.495500 12.743250 16.991000
11.681313 10.729647 18.704712
12.291289 10.573499 19.388430
11.601115 10.029278 17.529275
10.729647 5.309687 -1.713712
10.729647 5.309688 32.268288
10.573499 4.699711 -2.397430
10.573499 4.699711 31.584570
10.573499 38.681711 -2.397430
10.573499 38.681711 31.584570
9.197228 7.233069 18.346882
10.096052 6.177928 19.077495
10.663552 7.603472 18.756365
10.029278 5.389885 -0.538275
10.029278 5.389885 33.443725
5.309688 6.261353 18.704712
4.699711 6.417501 19.388430
38.681711 6.417501 19.388430
5.389885 6.961722 17.529275
6.261353 11.681313 -1.713712
6.261353 11.681313 32.268288
6.417501 12.291289 -2.397430
6.417501 12.291289 31.584570
7.793772 9.757931 18.346882
6.894948 10.813072 19.077495
6.327448 9.387527 18.756365
6.961722 11.601115 -0.538275
6.961722 11.601115 33.443725
15.277288 11.681313 23.252353
14.593570 12.291289 23.408501
1.355882 9.757931 24.784772
35.337882 9.757931 24.784772
2.086495 10.813072 23.885948
36.068495 10.813072 23.885948
1.765365 9.387527 23.318448
35.747365 9.387527 23.318448
16.452725 11.601115 23.952722
0.000000 12.743250 25.486500
33.982000 12.743250 25.486500
15.277288 5.309688 27.720647
14.593570 4.699711 27.564499
14.593570 38.681711 27.564499
16.452725 5.389885 27.020278
0.000000 4.247750 25.486500
0.000000 38.229750 25.486500
33.982000 4.247750 25.486500
33.982000 38.229750 25.486500
5.309688 1.713712 23.252353
5.309688 35.695712 23.252353
4.699711 2.397430 23.408501
4.699711 36.379430 23.408501
38.681711 2.397430 23.408501
38.681711 36.379430 23.408501
7.233069 15.635118 24.784772
6.177928 14.904505 23.885948
7.603473 15.225635 23.318448
5.389885 0.538275 23.952722
5.389885 34.520275 23.952722
4.247750 0.000000 25.486500
4.247750 33.982000 25.486500
38.229750 0.000000 25.486500
38.229750 33.982000 25.486500
1.713712 11.681313 27.720647
35.695712 11.681313 27.720647
2.397430 12.291289 27.564499
36.379430 12.291289 27.564499
15.635118 9.757931 26.188228
14.904505 10.813072 27.087052
15.225635 9.387527 27.654552
0.538275 11.601115 27.020278
34.520275 11.601115 27.020278
11.681313 15.277288 23.252353
12.291289 14.593570 23.408501
11.601115 16.452725 23.952722
12.743250 0.000000 25.486500
12.743250 33.982000 25.486500
1.713712 5.309688 23.252353
35.695712 5.309688 23.252353
2.397430 4.699711 23.408501
2.397430 38.681711 23.408501
36.379430 4.699711 23.408501
36.379430 38.681711 23.408501
0.538275 5.389885 23.952722
34.520275 5.389885 23.952722
5.309688 15.277288 27.720647
4.699711 14.593570 27.564499
38.681711 14.593570 27.564499
7.233069 1.355882 26.188228
7.233069 35.337882 26.188228
6.177928 2.086495 27.087052
6.177928 36.068495 27.087052
7.603473 1.765365 27.654552
7.603473 35.747365 27.654552
5.389885 16.452725 27.020278
11.681313 1.713712 27.720647
11.681313 35.695712 27.720647
12.291289 2.397430 27.564499
12.291289 36.379430 27.564499
11.601115 0.538275 27.020278
11.601115 34.520275 27.020278
14.901957 8.629729 19.080043
14.756853 6.781788 20.176813
14.913001 6.098070 20.786789
15.395545 9.948230 18.586455
16.289272 9.851382 18.253431
15.390448 10.581995 19.308572
14.822948 10.260865 17.883028
15.457222 7.957225 20.096615
8.629729 2.089043 -2.089043
8.629729 2.089043 31.892957
8.629729 36.071043 -2.089043
8.629729 36.071043 31.892957
6.781788 2.234147 -3.185813
6.781788 2.234147 30.796187
6.781788 36.216147 -3.185813
6.781788 36.216147 30.796187
6.098070 2.077999 -3.795789
6.098070 2.077999 30.186211
6.098070 36.059999 -3.795789
6.098070 36.059999 30.186211
9.948230 1.595455 -1.595455
9.948230 1.595455 32.386545
9.948230 35.577455 -1.595455
9.948231 35.577455 32.386545
7.957225 1.533778 -3.105615
7.957225 1.533778 30.876385
7.957225 35.515778 -3.105615
7.957225 35.515778 30.876385
2.089043 8.361271 19.080043
36.071043 8.361271 19.080043
2.234147 10.209212 20.176813
36.216147 10.209212 20.176813
2.077999 10.892930 20.786789
36.059999 10.892930 20.786789
1.595455 7.042770 18.586455
35.577455 7.042770 18.586455
0.701728 7.139618 18.253431
34.683728 7.139618 18.253431
1.600552 6.409005 19.308572
35.582552 6.409005 19.308572
2.168052 6.730135 17.883028
36.150052 6.730135 17.883028
1.533778 9.033775 20.096615
35.515778 9.033775 20.096615
8.361271 14.901957 -2.089043
8.361271 14.901957 31.892957
10.209212 14.756853 -3.185813
10.209212 14.756853 30.796187
10.892930 14.913001 -3.795789
10.892930 14.913001 30.186211
7.042770 15.395545 -1.595455
7.042770 15.395545 32.386545
7.139618 16.289272 -1.262431
7.139618 16.289272 32.719569
6.409005 15.390448 -2.317572
6.409005 15.390448 31.664428
6.730135 14.822948 -0.892027
6.730135 14.822948 33.089973
9.033775 15.457222 -3.105615
9.033775 15.457222 30.876385
14.901957 8.361271 -2.089043
14.901957 8.361271 31.892957
14.756853 10.209212 -3.185813
14.756853 10.209212 30.796187
14.913001 10.892930 -3.795789
14.913001 10.892930 30.186211
15.395545 7.042769 -1.595455
15.395545 7.042770 32.386545
16.289272 7.139618 -1.262431
16.289272 7.139618 32.719569
15.390448 6.409005 -2.317572
15.390448 6.409005 31.664428
14.822948 6.730135 -0.892027
14.822948 6.730135 33.089973
15.457222 9.033775 -3.105615
15.457222 9.033775 30.876385
8.361271 2.089043 19.080043
8.361271 36.071043 19.080043
10.209212 2.234147 20.176813
10.209212 36.216147 20.176813
10.892930 2.077999 20.786789
10.892930 36.059999 20.786789
7.042770 1.595455 18.586455
7.042770 35.577455 18.586455
9.033775 1.533778 20.096615
9.033775 35.515778 20.096615
2.089043 8.629729 -2.089043
2.089043 8.629729 31.892957
36.071043 8.629729 -2.089043
36.071043 8.629729 31.892957
2.234147 6.781788 -3.185813
2.234147 6.781788 30.796187
36.216147 6.781788 -3.185813
36.216147 6.781788 30.796187
2.077999 6.098070 -3.795789
2.077999 6.098070 30.186211
36.059999 6.098070 -3.795789
36.059999 6.098070 30.186211
1.595455 9.948230 -1.595455
1.595455 9.948230 32.386545
35.577455 9.948230 -1.595455
35.577455 9.948230 32.386545
1.533778 7.957225 -3.105615
1.533778 7.957225 30.876385
35.515778 7.957225 -3.105615
35.515778 7.957225 30.876385
8.629729 14.901957 19.080043
6.781788 14.756853 20.176813
6.098070 14.913001 20.786789
9.948231 15.395545 18.586455
7.957225 15.457222 20.096615
2.089043 14.901957 25.620729
36.071043 14.901957 25.620729
3.185813 14.756853 23.772788
37.167812 14.756853 23.772788
3.795789 14.913001 23.089070
37.777789 14.913001 23.089070
1.595455 15.395545 26.939230
35.577455 15.395545 26.939230
3.105615 15.457222 24.948225
37.087615 15.457222 24.948225
14.901957 14.901957 25.352271
14.756853 13.805187 27.200212
14.913001 13.195211 27.883930
15.395545 15.395545 24.033769
16.289272 15.728569 24.130618
15.390448 14.673428 23.400005
14.822948 16.098972 23.721135
15.457222 13.885385 26.024775
14.901957 2.089043 25.620729
14.901957 36.071043 25.620729
13.805187 2.234147 23.772788
13.805188 36.216147 23.772788
13.195211 2.077999 23.089070
13.195211 36.059999 23.089070
15.395545 1.595455 26.939230
15.395545 35.577455 26.939230
13.885385 1.533778 24.948225
13.885385 35.515778 24.948225
2.089043 2.089043 25.352271
2.089043 36.071043 25.352271
36.071043 2.089043 25.352271
36.071043 36.071043 25.352271
2.234147 3.185813 27.200212
2.234147 37.167812 27.200212
36.216147 3.185813 27.200212
36.216147 37.167812 27.200212
2.077999 3.795789 27.883930
2.077999 37.777789 27.883930
36.059999 3.795789 27.883930
36.059999 37.777789 27.883930
1.595455 1.595455 24.033769
1.595455 35.577455 24.033769
35.577455 1.595455 24.033769
35.577455 35.577455 24.033769
0.701728 1.262431 24.130618
0.701728 35.244431 24.130618
34.683728 1.262431 24.130618
34.683728 35.244431 24.130618
1.600552 2.317572 23.400005
1.600552 36.299572 23.400005
35.582552 2.317572 23.400005
35.582552 36.299572 23.400005
2.168052 0.892028 23.721135
2.168052 34.874028 23.721135
36.150052 0.892028 23.721135
36.150052 34.874028 23.721135
1.533778 3.105615 26.024775
1.533778 37.087615 26.024775
35.515778 3.105615 26.024775
35.515778 37.087615 26.024775
3.185813 2.234147 27.200212
3.185813 36.216147 27.200212
37.167812 2.234147 27.200212
37.167812 36.216147 27.200212
3.795789 2.077999 27.883930
3.795789 36.059999 27.883930
37.777789 2.077999 27.883930
37.777789 36.059999 27.883930
3.105615 1.533778 26.024775
3.105615 35.515778 26.024775
37.087615 1.533778 26.024775
37.087615 35.515778 26.024775
2.234147 13.805187 23.772788
36.216147 13.805187 23.772788
2.077999 13.195211 23.089070
36.059999 13.195211 23.089070
0.701728 15.728569 26.842382
34.683728 15.728569 26.842382
1.600552 14.673428 27.572995
35.582552 14.673428 27.572995
2.168052 16.098972 27.251865
36.150052 16.098972 27.251865
1.533778 13.885385 24.948225
35.515778 13.885385 24.948225
13.805188 14.756853 27.200212
13.195211 14.913001 27.883930
13.885385 15.457222 26.024775
14.756853 3.185813 23.772788
14.756853 37.167812 23.772788
14.913001 3.795789 23.089070
14.913001 37.777789 23.089070
16.289272 1.262431 26.842382
16.289272 35.244431 26.842382
15.390448 2.317572 27.572995
15.390448 36.299572 27.572995
14.822948 0.892028 27.251865
14.822948 34.874028 27.251865
15.457222 3.105615 24.948225
15.457222 37.087615 24.948225
6.781788 3.185812 -2.234147
6.781788 3.185813 31.747853
6.781788 37.167812 -2.234147
6.781788 37.167812 31.747853
6.098070 3.795789 -2.077999
6.098070 3.795789 31.904001
6.098070 37.777789 -2.077999
6.098070 37.777789 31.904001
9.851382 1.262431 -0.701728
9.851382 1.262431 33.280272
9.851382 35.244431 -0.701728
9.851382 35.244431 33.280272
10.581995 2.317572 -1.600552
10.581995 2.317572 32.381448
10.581995 36.299572 -1.600552
10.581995 36.299572 32.381448
10.260865 0.892027 -2.168052
10.260865 0.892028 31.813948
10.260865 34.874028 -2.168052
10.260865 34.874028 31.813948
7.957225 3.105615 -1.533778
7.957225 3.105615 32.448222
7.957225 37.087615 -1.533778
7.957225 37.087615 32.448222
6.781788 13.805187 19.225147
6.098070 13.195211 19.068999
9.851382 15.728569 17.692728
10.581995 14.673428 18.591552
10.260865 16.098972 19.159052
7.957225 13.885385 18.524778
13.805187 10.209212 -2.234147
13.805187 10.209212 31.747853
13.195211 10.892930 -2.077999
13.195211 10.892930 31.904001
13.885385 9.033775 -1.533778
13.885385 9.033775 32.448222
10.209212 3.185813 19.225147
10.209212 37.167812 19.225147
10.892930 3.795789 19.068999
10.892930 37.777789 19.068999
7.139618 1.262431 17.692728
7.139618 35.244431 17.692728
6.409005 2.317572 18.591552
6.409005 36.299572 18.591552
6.730135 0.892028 19.159052
6.730135 34.874028 19.159052
9.033775 3.105615 18.524778
9.033775 37.087615 18.524778
3.185812 6.781788 -2.234147
3.185813 6.781788 31.747853
37.167812 6.781788 -2.234147
37.167812 6.781788 31.747853
3.795789 6.098070 -2.077999
3.795789 6.098070 31.904001
37.777789 6.098070 -2.077999
37.777789 6.098070 31.904001
1.262431 9.851382 -0.701728
1.262431 9.851382 33.280272
35.244431 9.851382 -0.701728
35.244431 9.851382 33.280272
2.317572 10.581995 -1.600552
2.317572 10.581995 32.381448
36.299572 10.581995 -1.600552
36.299572 10.581995 32.381448
0.892028 10.260865 -2.168052
0.892028 10.260865 31.813948
34.874028 10.260865 -2.168052
34.874028 10.260865 31.813948
3.105615 7.957225 -1.533778
3.105615 7.957225 32.448222
37.087615 7.957225 -1.533778
37.087615 7.957225 32.448222
10.209212 13.805187 -2.234147
10.209212 13.805187 31.747853
10.892930 13.195211 -2.077999
10.892930 13.195211 31.904001
9.033775 13.885385 -1.533778
9.033775 13.885385 32.448222
13.805187 6.781788 19.225147
13.195211 6.098070 19.068999
13.885385 7.957225 18.524778
3.185813 10.209212 19.225147
37.167812 10.209212 19.225147
3.795789 10.892930 19.068999
37.777789 10.892930 19.068999
3.105615 9.033775 18.524778
37.087615 9.033775 18.524778
6.406457 17.125229 10.584543
6.261353 -1.713712 11.681313
6.261353 32.268288 11.681313
6.417501 -2.397430 12.291289
6.417501 31.584570 12.291289
6.900045 18.443730 10.090955
6.961722 -0.538275 11.601115
6.961722 33.443725 11.601115
8.495500 16.991000 12.743250
0.134229 27.575543 6.406457
34.116229 27.575543 6.406457
15.277288 27.720647 5.309687
14.593570 27.564499 4.699711
14.593570 27.564499 38.681711
1.452731 27.081955 6.900045
35.434731 27.081955 6.900045
16.452725 27.020278 5.389885
0.000000 25.486500 4.247750
0.000000 25.486500 38.229750
33.982000 25.486500 4.247750
33.982000 25.486500 38.229750
10.584543 -0.134229 10.584543
10.584543 33.847771 10.584543
10.729647 18.704712 11.681313
10.573499 19.388430 12.291289
10.090955 -1.452731 10.090955
10.090955 32.529269 10.090955
9.197228 -1.355882 9.757931
9.197228 32.626118 9.757931
10.096052 -2.086495 10.813072
10.096052 31.895505 10.813072
10.663552 -1.765365 9.387527
10.663552 32.216635 9.387527
10.029278 17.529275 11.601115
16.856771 23.397457 6.406457
1.713712 23.252353 5.309687
35.695712 23.252353 5.309687
2.397430 23.408501 4.699711
2.397430 23.408501 38.681711
36.379430 23.408501 4.699711
36.379430 23.408501 38.681711
15.538270 23.891045 6.900045
15.635118 24.784772 7.233069
14.904505 23.885948 6.177928
15.225635 23.318448 7.603472
0.538275 23.952722 5.389885
34.520275 23.952722 5.389885
6.406457 -0.134229 6.406457
6.406457 33.847771 6.406457
6.261353 18.704712 5.309687
6.417501 19.388430 4.699711
6.417501 19.388430 38.681711
6.900045 -1.452731 6.900045
6.900045 32.529269 6.900045
6.961722 17.529275 5.389885
8.495500 16.991000 4.247750
8.495500 16.991000 38.229750
16.856771 27.575543 10.584543
1.713712 27.720647 11.681313
35.695712 27.720647 11.681313
2.397430 27.564499 12.291289
36.379430 27.564499 12.291289
15.538270 27.081955 10.090955
0.538275 27.020278 11.601115
34.520275 27.020278 11.601115
0.000000 25.486500 12.743250
33.982000 25.486500 12.743250
10.584543 17.125229 6.406457
10.729647 -1.713712 5.309687
10.729647 32.268288 5.309687
10.573499 -2.397430 4.699711
10.573499 -2.397430 38.681711
10.573499 31.584570 4.699711
10.573499 31.584570 38.681711
10.090955 18.443730 6.900045
9.197228 18.346882 7.233069
10.096052 19.077495 6.177928
10.663552 18.756365 7.603472
10.029278 -0.538275 5.389885
10.029278 33.443725 5.389885
0.134229 23.397457 10.584543
34.116229 23.397457 10.584543
15.277288 23.252353 11.681313
14.593570 23.408501 12.291289
1.452731 23.891045 10.090955
35.434731 23.891045 10.090955
1.355882 24.784772 9.757931
35.337882 24.784772 9.757931
2.086495 23.885948 10.813072
36.068495 23.885948 10.813072
1.765365 23.318448 9.387527
35.747365 23.318448 9.387527
16.452725 23.952722 11.601115
10.584543 23.397457 0.134229
10.584543 23.397457 34.116229
11.681313 23.252353 15.277288
12.291289 23.408501 14.593570
10.090955 23.891045 1.452731
10.090955 23.891045 35.434731
11.601115 23.952722 16.452725
12.743250 25.486500 0.000000
12.743250 25.486500 33.982000
6.406457 23.397457 16.856771
6.261353 22.300687 1.713712
6.261353 22.300688 35.695712
6.417501 21.690711 2.397430
6.417501 21.690711 36.379430
6.900045 23.891045 15.538270
7.793772 24.224069 15.635118
6.894948 23.168928 14.904505
6.327448 24.594472 15.225635
6.961722 22.380885 0.538275
6.961722 22.380885 34.520275
8.495500 21.238750 0.000000
8.495500 21.238750 33.982000
6.406457 27.575543 0.134229
6.406457 27.575543 34.116229
5.309688 27.720647 15.277288
4.699711 27.564499 14.593570
38.681711 27.564499 14.593570
6.900045 27.081955 1.452731
6.900045 27.081955 35.434731
5.389885 27.020278 16.452725
4.247750 25.486500 0.000000
4.247750 25.486500 33.982000
38.229750 25.486500 0.000000
38.229750 25.486500 33.982000
10.584543 27.575543 16.856771
10.729647 28.672313 1.713712
10.729647 28.672313 35.695712
10.573499 -4.699711 2.397430
10.573499 -4.699711 36.379430
10.573499 29.282289 2.397430
10.573499 29.282289 36.379430
10.090955 27.081955 15.538270
9.197228 26.748931 15.635118
10.096052 27.804072 14.904505
10.663552 26.378528 15.225635
10.029278 28.592115 0.538275
10.029278 28.592115 34.520275
8.495500 -4.247750 0.000000
8.495500 -4.247750 33.982000
8.495500 29.734250 0.000000
8.495500 29.734250 33.982000
11.681313 27.720647 1.713712
11.681313 27.720647 35.695712
12.291289 27.564499 2.397430
12.291289 27.564499 36.379430
11.601115 27.020278 0.538275
11.601115 27.020278 34.520275
10.729647 22.300687 15.277288
10.573499 21.690711 14.593570
9.197228 24.224069 1.355882
9.197228 24.224069 35.337882
10.096052 23.168928 2.086495
10.096052 23.168928 36.068495
10.663552 24.594472 1.765365
10.663552 24.594472 35.747365
10.029278 22.380885 16.452725
5.309688 23.252353 1.713712
5.309688 23.252353 35.695712
4.699711 23.408501 2.397430
4.699711 23.408501 36.379430
38.681711 23.408501 2.397430
38.681711 23.408501 36.379430
5.389885 23.952722 0.538275
5.389885 23.952722 34.520275
6.261353 28.672313 15.277288
6.417501 -4.699711 14.593570
6.417501 29.282289 14.593570
7.793772 26.748931 1.355882
7.793772 26.748931 35.337882
6.894948 27.804072 2.086495
6.894948 27.804072 36.068495
6.327448 26.378528 1.765365
6.327448 26.378528 35.747365
6.961722 28.592115 16.452725
15.277288 28.672313 6.261353
14.593570 -4.699711 6.417501
14.593570 29.282289 6.417501
1.355882 26.748931 7.793772
35.337882 26.748931 7.793772
2.086495 27.804072 6.894948
36.068495 27.804072 6.894948
1.765365 26.378528 6.327448
35.747365 26.378528 6.327448
16.452725 28.592115 6.961722
0.000000 -4.247750 8.495500
0.000000 29.734250 8.495500
33.982000 -4.247750 8.495500
33.982000 29.734250 8.495500
15.277288 22.300687 10.729647
14.593570 21.690711 10.573499
16.452725 22.380885 10.029278
0.000000 21.238750 8.495500
33.982000 21.238750 8.495500
5.309688 18.704712 6.261353
4.699711 19.388430 6.417501
38.681711 19.388430 6.417501
7.233069 -1.355882 7.793772
7.233069 32.626118 7.793772
6.177928 -2.086495 6.894948
6.177928 31.895505 6.894948
7.603472 -1.765365 6.327448
7.603473 32.216635 6.327448
5.389885 17.529275 6.961722
4.247750 16.991000 8.495500
38.229750 16.991000 8.495500
1.713712 28.672313 10.729647
35.695712 28.672313 10.729647
2.397430 -4.699711 10.573499
2.397430 29.282289 10.573499
36.379430 -4.699711 10.573499
36.379430 29.282289 10.573499
15.635118 26.748931 9.197228
14.904505 27.804072 10.096052
15.225635 26.378528 10.663552
0.538275 28.592115 10.029278
34.520275 28.592115 10.029278
11.681313 -1.713712 6.261353
11.681313 32.268288 6.261353
12.291289 -2.397430 6.417501
12.291289 31.584570 6.417501
11.601115 -0.538275 6.961722
11.601115 33.443725 6.961722
12.743250 16.991000 8.495500
1.713712 22.300687 6.261353
35.695712 22.300687 6.261353
2.397430 21.690711 6.417501
36.379430 21.690711 6.417501
0.538275 22.380885 6.961722
34.520275 22.380885 6.961722
5.309688 -1.713712 10.729647
5.309688 32.268288 10.729647
4.699711 -2.397430 10.573499
4.699711 31.584570 10.573499
38.681711 -2.397430 10.573499
38.681711 31.584570 10.573499
7.233069 18.346882 9.197228
6.177928 19.077495 10.096052
7.603473 18.756365 10.663552
5.389885 -0.538275 10.029278
5.389885 33.443725 10.029278
11.681313 18.704712 10.729647
12.291289 19.388430 10.573499
11.601115 17.529275 10.029278
14.901957 25.620729 2.089043
14.901957 25.620729 36.071043
14.756853 23.772788 3.185812
14.756853 23.772788 37.167812
14.913001 23.089070 3.795789
14.913001 23.089070 37.777789
15.395545 26.939230 1.595455
15.395545 26.939231 35.577455
16.289272 26.842382 1.262431
16.289272 26.842382 35.244431
15.390448 27.572995 2.317572
15.390448 27.572995 36.299572
14.822948 27.251865 0.892027
14.822948 27.251865 34.874028
15.457222 24.948225 3.105615
15.457222 24.948225 37.087615
8.629729 19.080043 14.901957
6.781788 19.225147 13.805187
6.098070 19.068999 13.195211
9.948231 18.586455 15.395545
7.957225 18.524778 13.885385
2.089043 25.352271 2.089043
2.089043 25.352271 36.071043
36.071043 25.352271 2.089043
36.071043 25.352271 36.071043
2.234147 27.200212 3.185812
2.234147 27.200212 37.167812
36.216147 27.200212 3.185812
36.216147 27.200212 37.167812
2.077999 27.883930 3.795789
2.077999 27.883930 37.777789
36.059999 27.883930 3.795789
36.059999 27.883930 37.777789
1.595455 24.033769 1.595455
1.595455 24.033770 35.577455
35.577455 24.033769 1.595455
35.577455 24.033770 35.577455
0.701728 24.130618 1.262431
0.701728 24.130618 35.244431
34.683728 24.130618 1.262431
34.683728 24.130618 35.244431
1.600552 23.400005 2.317572
1.600552 23.400005 36.299572
35.582552 23.400005 2.317572
35.582552 23.400005 36.299572
2.168052 23.721135 0.892027
2.168052 23.721135 34.874028
36.150052 23.721135 0.892027
36.150052 23.721135 34.874028
1.533778 26.024775 3.105615
1.533778 26.024775 37.087615
35.515778 26.024775 3.105615
35.515778 26.024775 37.087615
8.361271 -2.089043 14.901957
8.361271 31.892957 14.901957
10.209212 -2.234147 13.805187
10.209212 31.747853 13.805187
10.892930 -2.077999 13.195211
10.892930 31.904001 13.195211
7.042770 -1.595455 15.395545
7.042770 32.386545 15.395545
7.139618 -0.701728 15.728569
7.139618 33.280272 15.728569
6.409005 -1.600552 14.673428
6.409005 32.381448 14.673428
6.730135 -2.168052 16.098972
6.730135 31.813948 16.098972
9.033775 -1.533778 13.885385
9.033775 32.448222 13.885385
14.901957 25.352271 14.901957
14.756853 27.200212 13.805187
14.913001 27.883930 13.195211
15.395545 24.033769 15.395545
16.289272 24.130618 15.728569
15.390448 23.400005 14.673428
14.822948 23.721135 16.098972
15.457222 26.024775 13.885385
8.361271 19.080043 2.089043
8.361271 19.080043 36.071043
10.209212 19.225147 3.185812
10.209212 19.225147 37.167812
10.892930 19.068999 3.795789
10.892930 19.068999 37.777789
7.042770 18.586455 1.595455
7.042770 18.586455 35.577455
9.033775 18.524778 3.105615
9.033775 18.524778 37.087615
2.089043 25.620729 14.901957
36.071043 25.620729 14.901957
2.234147 23.772788 13.805187
36.216147 23.772788 13.805187
2.077999 23.089070 13.195211
36.059999 23.089070 13.195211
1.595455 26.939230 15.395545
35.577455 26.939230 15.395545
1.533778 24.948225 13.885385
35.515778 24.948225 13.885385
8.629729 -2.089043 2.089043
8.629729 -2.089043 36.071043
8.629729 31.892957 2.089043
8.629729 31.892957 36.071043
6.781788 -2.234147 3.185812
6.781788 -2.234147 37.167812
6.781788 31.747853 3.185812
6.781788 31.747853 37.167812
6.098070 -2.077999 3.795789
6.098070 -2.077999 37.777789
6.098070 31.904001 3.795789
6.098070 31.904001 37.777789
9.948230 -1.595455 1.595455
9.948230 -1.595455 35.577455
9.948230 32.386545 1.595455
9.948231 32.386545 35.577455
7.957225 -1.533778 3.105615
7.957225 -1.533778 37.087615
7.957225 32.448222 3.105615
7.957225 32.448222 37.087615
2.089043 -2.089043 8.629729
2.089043 31.892957 8.629729
36.071043 -2.089043 8.629729
36.071043 31.892957 8.629729
3.185812 -2.234147 6.781788
3.185813 31.747853 6.781788
37.167812 -2.234147 6.781788
37.167812 31.747853 6.781788
3.795789 -2.077999 6.098070
3.795789 31.904001 6.098070
37.777789 -2.077999 6.098070
37.777789 31.904001 6.098070
1.595455 -1.595455 9.948230
1.595455 32.386545 9.948230
35.577455 -1.595455 9.948230
35.577455 32.386545 9.948230
3.105615 -1.533778 7.957225
3.105615 32.448222 7.957225
37.087615 -1.533778 7.957225
37.087615 32.448222 7.957225
14.901957 -2.089043 8.361271
14.901957 31.892957 8.361271
14.756853 -3.185813 10.209212
14.756853 30.796187 10.209212
14.913001 -3.795789 10.892930
14.913001 30.186211 10.892930
15.395545 -1.595455 7.042769
15.395545 32.386545 7.042769
16.289272 -1.262431 7.139618
16.289272 32.719569 7.139618
15.390448 -2.317572 6.409005
15.390448 31.664428 6.409005
14.822948 -0.892027 6.730135
14.822948 33.089973 6.730135
15.457222 -3.105615 9.033775
15.457222 30.876385 9.033775
14.901957 19.080043 8.629729
13.805187 19.225147 6.781788
13.195211 19.068999 6.098070
15.395545 18.586455 9.948230
13.885385 18.524778 7.957225
2.089043 19.080043 8.361271
36.071043 19.080043 8.361271
2.234147 20.176813 10.209212
36.216147 20.176813 10.209212
2.077999 20.786789 10.892930
36.059999 20.786789 10.892930
1.595455 18.586455 7.042769
35.577455 18.586455 7.042769
0.701728 18.253431 7.139618
34.683728 18.253431 7.139618
1.600552 19.308572 6.409005
35.582552 19.308572 6.409005
2.168052 17.883028 6.730135
36.150052 17.883028 6.730135
1.533778 20.096615 9.033775
35.515778 20.096615 9.033775
3.185813 19.225147 10.209212
37.167812 19.225147 10.209212
3.795789 19.068999 10.892930
37.777789 19.068999 10.892930
3.105615 18.524778 9.033775
37.087615 18.524778 9.033775
2.234147 -3.185813 6.781788
2.234147 30.796187 6.781788
36.216147 -3.185813 6.781788
36.216147 30.796187 6.781788
2.077999 -3.795789 6.098070
2.077999 30.186211 6.098070
36.059999 -3.795789 6.098070
36.059999 30.186211 6.098070
0.701728 -1.262431 9.851382
0.701728 32.719569 9.851382
34.683728 -1.262431 9.851382
34.683728 32.719569 9.851382
1.600552 -2.317572 10.581995
1.600552 31.664428 10.581995
35.582552 -2.317572 10.581995
35.582552 31.664428 10.581995
2.168052 -0.892027 10.260865
2.168052 33.089973 10.260865
36.150052 -0.892027 10.260865
36.150052 33.089973 10.260865
1.533778 -3.105615 7.957225
1.533778 30.876385 7.957225
35.515778 -3.105615 7.957225
35.515778 30.876385 7.957225
13.805187 -2.234147 10.209212
13.805187 31.747853 10.209212
13.195211 -2.077999 10.892930
13.195211 31.904001 10.892930
13.885385 -1.533778 9.033775
13.885385 32.448222 9.033775
14.756853 20.176813 6.781788
14.913001 20.786789 6.098070
16.289272 18.253431 9.851382
15.390448 19.308572 10.581995
14.822948 17.883028 10.260865
15.457222 20.096615 7.957225
6.781788 20.176813 14.756853
6.098070 20.786789 14.913001
9.851382 18.253431 16.289272
10.581995 19.308572 15.390448
10.260865 17.883028 14.822948
7.957225 20.096615 15.457222
6.781788 -3.185813 2.234147
6.781788 -3.185813 36.216147
6.781788 30.796187 2.234147
6.781788 30.796187 36.216147
6.098070 -3.795789 2.077999
6.098070 -3.795789 36.059999
6.098070 30.186211 2.077999
6.098070 30.186211 36.059999
9.851382 -1.262431 0.701728
9.851382 -1.262431 34.683728
9.851382 32.719569 0.701728
9.851382 32.719569 34.683728
10.581995 -2.317572 1.600552
10.581995 -2.317572 35.582552
10.581995 31.664428 1.600552
10.581995 31.664428 35.582552
10.260865 -0.892027 2.168052
10.260865 -0.892027 36.150052
10.260865 33.089973 2.168052
10.260865 33.089973 36.150052
7.957225 -3.105615 1.533778
7.957225 -3.105615 35.515778
7.957225 30.876385 1.533778
7.957225 30.876385 35.515778
13.805188 27.200212 14.756853
13.195211 27.883930 14.913001
13.885385 26.024775 15.457222
10.209212 20.176813 2.234147
10.209212 20.176813 36.216147
10.892930 20.786789 2.077999
10.892930 20.786789 36.059999
7.139618 18.253431 0.701728
7.139618 18.253431 34.683728
6.409005 19.308572 1.600552
6.409005 19.308572 35.582552
6.730135 17.883028 2.168052
6.730135 17.883028 36.150052
9.033775 20.096615 1.533778
9.033775 20.096615 35.515778
3.185813 23.772788 14.756853
37.167812 23.772788 14.756853
3.795789 23.089070 14.913001
37.777789 23.089070 14.913001
1.262431 26.842382 16.289272
35.244431 26.842382 16.289272
2.317572 27.572995 15.390448
36.299572 27.572995 15.390448
0.892028 27.251865 14.822948
34.874028 27.251865 14.822948
3.105615 24.948225 15.457222
37.087615 24.948225 15.457222
10.209212 -3.185813 14.756853
10.209212 30.796187 14.756853
10.892930 -3.795789 14.913001
10.892930 30.186211 14.913001
9.033775 -3.105615 15.457222
9.033775 30.876385 15.457222
13.805187 23.772788 2.234147
13.805188 23.772788 36.216147
13.195211 23.089070 2.077999
13.195211 23.089070 36.059999
13.885385 24.948225 1.533778
13.885385 24.948225 35.515778
3.185813 27.200212 2.234147
3.185813 27.200212 36.216147
37.167812 27.200212 2.234147
37.167812 27.200212 36.216147
3.795789 27.883930 2.077999
3.795789 27.883930 36.059999
37.777789 27.883930 2.077999
37.777789 27.883930 36.059999
3.105615 26.024775 1.533778
3.105615 26.024775 35.515778
37.087615 26.024775 1.533778
37.087615 26.024775 35.515778
6.406457 17.125229 27.575543
6.261353 -1.713712 28.672313
6.261353 32.268288 28.672313
6.417501 -2.397430 -4.699711
6.417501 -2.397430 29.282289
6.417501 31.584570 -4.699711
6.417501 31.584570 29.282289
6.900045 18.443730 27.081955
6.961722 -0.538275 28.592115
6.961722 33.443725 28.592115
8.495500 16.991000 -4.247750
8.495500 16.991000 29.734250
0.134229 27.575543 23.397457
34.116229 27.575543 23.397457
15.277288 27.720647 22.300687
14.593570 27.564499 21.690711
1.452731 27.081955 23.891045
35.434731 27.081955 23.891045
16.452725 27.020278 22.380885
0.000000 25.486500 21.238750
33.982000 25.486500 21.238750
10.584543 -0.134229 27.575543
10.584543 33.847771 27.575543
10.729647 18.704712 28.672313
10.573499 19.388430 -4.699711
10.573499 19.388430 29.282289
10.090955 -1.452731 27.081955
10.090955 32.529269 27.081955
9.197228 -1.355882 26.748931
9.197228 32.626118 26.748931
10.096052 -2.086495 27.804072
10.096052 31.895505 27.804072
10.663552 -1.765365 26.378528
10.663552 32.216635 26.378528
10.029278 17.529275 28.592115
16.856771 23.397457 23.397457
1.713712 23.252353 22.300687
35.695712 23.252353 22.300687
2.397430 23.408501 21.690711
36.379430 23.408501 21.690711
15.538270 23.891045 23.891045
15.635118 24.784772 24.224069
14.904505 23.885948 23.168928
15.225635 23.318448 24.594472
0.538275 23.952722 22.380885
34.520275 23.952722 22.380885
6.406457 -0.134229 23.397457
6.406457 33.847771 23.397457
6.261353 18.704712 22.300687
6.417501 19.388430 21.690711
6.900045 -1.452731 23.891045
6.900045 32.529269 23.891045
6.961722 17.529275 22.380885
8.495500 16.991000 21.238750
16.856771 27.575543 27.575543
1.713712 27.720647 28.672313
35.695712 27.720647 28.672313
2.397430 27.564499 -4.699711
2.397430 27.564499 29.282289
36.379430 27.564499 -4.699711
36.379430 27.564499 29.282289
15.538270 27.081955 27.081955
0.538275 27.020278 28.592115
34.520275 27.020278 28.592115
0.000000 25.486500 -4.247750
0.000000 25.486500 29.734250
33.982000 25.486500 -4.247750
33.982000 25.486500 29.734250
10.584543 17.125229 23.397457
10.729647 -1.713712 22.300687
10.729647 32.268288 22.300687
10.573499 -2.397430 21.690711
10.573499 31.584570 21.690711
10.090955 18.443730 23.891045
9.197228 18.346882 24.224069
10.096052 19.077495 23.168928
10.663552 18.756365 24.594472
10.029278 -0.538275 22.380885
10.029278 33.443725 22.380885
0.134229 23.397457 27.575543
34.116229 23.397457 27.575543
15.277288 23.252353 28.672313
14.593570 23.408501 -4.699711
14.593570 23.408501 29.282289
1.452731 23.891045 27.081955
35.434731 23.891045 27.081955
1.355882 24.784772 26.748931
35.337882 24.784772 26.748931
2.086495 23.885948 27.804072
36.068495 23.885948 27.804072
1.765365 23.318448 26.378528
35.747365 23.318448 26.378528
16.452725 23.952722 28.592115
10.584543 23.397457 17.125229
11.681313 23.252353 -1.713712
11.681313 23.252353 32.268288
12.291289 23.408501 -2.397430
12.291289 23.408501 31.584570
10.090955 23.891045 18.443730
11.601115 23.952722 -0.538275
11.601115 23.952722 33.443725
12.743250 25.486500 16.991000
6.406457 23.397457 -0.134229
6.406457 23.397457 33.847771
6.261353 22.300687 18.704712
6.417501 21.690711 19.388430
6.900045 23.891045 -1.452731
6.900045 23.891045 32.529269
7.793772 24.224069 -1.355882
7.793772 24.224069 32.626118
6.894948 23.168928 -2.086495
6.894948 23.168928 31.895505
6.327448 24.594472 -1.765365
6.327448 24.594472 32.216635
6.961722 22.380885 17.529275
8.495500 21.238750 16.991000
6.406457 27.575543 17.125229
5.309688 27.720647 -1.713712
5.309688 27.720647 32.268288
4.699711 27.564499 -2.397430
4.699711 27.564499 31.584570
38.681711 27.564499 -2.397430
38.681711 27.564499 31.584570
6.900045 27.081955 18.443730
5.389885 27.020278 -0.538275
5.389885 27.020278 33.443725
4.247750 25.486500 16.991000
38.229750 25.486500 16.991000
10.584543 27.575543 -0.134229
10.584543 27.575543 33.847771
10.729647 28.672313 18.704712
10.573499 -4.699711 19.388430
10.573499 29.282289 19.388430
10.090955 27.081955 -1.452731
10.090955 27.081955 32.529269
9.197228 26.748931 -1.355882
9.197228 26.748931 32.626118
10.096052 27.804072 -2.086495
10.096052 27.804072 31.895505
10.663552 26.378528 -1.765365
10.663552 26.378528 32.216635
10.029278 28.592115 17.529275
8.495500 -4.247750 16.991000
8.495500 29.734250 16.991000
11.681313 27.720647 18.704712
12.291289 27.564499 19.388430
11.601115 27.020278 17.529275
10.729647 22.300687 -1.713712
10.729647 22.300687 32.268288
10.573499 21.690711 -2.397430
10.573499 21.690711 31.584570
9.197228 24.224069 18.346882
10.096052 23.168928 19.077495
10.663552 24.594472 18.756365
10.029278 22.380885 -0.538275
10.029278 22.380885 33.443725
5.309688 23.252353 18.704712
4.699711 23.408501 19.388430
38.681711 23.408501 19.388430
5.389885 23.952722 17.529275
6.261353 28.672313 -1.713712
6.261353 28.672313 32.268288
6.417501 -4.699711 -2.397430
6.417501 -4.699711 31.584570
6.417501 29.282289 -2.397430
6.417501 29.282289 31.584570
7.793772 26.748931 18.346882
6.894948 27.804072 19.077495
6.327448 26.378528 18.756365
6.961722 28.592115 -0.538275
6.961722 28.592115 33.443725
15.277288 28.672313 23.252353
14.593570 -4.699711 23.408501
14.593570 29.282289 23.408501
1.355882 26.748931 24.784772
35.337882 26.748931 24.784772
2.086495 27.804072 23.885948
36.068495 27.804072 23.885948
1.765365 26.378528 23.318448
35.747365 26.378528 23.318448
16.452725 28.592115 23.952722
0.000000 -4.247750 25.486500
0.000000 29.734250 25.486500
33.982000 -4.247750 25.486500
33.982000 29.734250 25.486500
15.277288 22.300687 27.720647
14.593570 21.690711 27.564499
16.452725 22.380885 27.020278
0.000000 21.238750 25.486500
33.982000 21.238750 25.486500
5.309688 18.704712 23.252353
4.699711 19.388430 23.408501
38.681711 19.388430 23.408501
7.233069 -1.355882 24.784772
7.233069 32.626118 24.784772
6.177928 -2.086495 23.885948
6.177928 31.895505 23.885948
7.603473 -1.765365 23.318448
7.603473 32.216635 23.318448
5.389885 17.529275 23.952722
4.247750 16.991000 25.486500
38.229750 16.991000 25.486500
1.713712 28.672313 27.720647
35.695712 28.672313 27.720647
2.397430 -4.699711 27.564499
2.397430 29.282289 27.564499
36.379430 -4.699711 27.564499
36.379430 29.282289 27.564499
15.635118 26.748931 26.188228
14.904505 27.804072 27.087052
15.225635 26.378528 27.654552
0.538275 28.592115 27.020278
34.520275 28.592115 27.020278
11.681313 -1.713712 23.252353
11.681313 32.268288 23.252353
12.291289 -2.397430 23.408501
12.291289 31.584570 23.408501
11.601115 -0.538275 23.952722
11.601115 33.443725 23.952722
12.743250 16.991000 25.486500
1.713712 22.300687 23.252353
35.695712 22.300687 23.252353
2.397430 21.690711 23.408501
36.379430 21.690711 23.408501
0.538275 22.380885 23.952722
34.520275 22.380885 23.952722
5.309688 -1.713712 27.720647
5.309688 32.268288 27.720647
4.699711 -2.397430 27.564499
4.699711 31.584570 27.564499
38.681711 -2.397430 27.564499
38.681711 31.584570 27.564499
7.233069 18.346882 26.188228
6.177928 19.077495 27.087052
7.603473 18.756365 27.654552
5.389885 -0.538275 27.020278
5.389885 33.443725 27.020278
11.681313 18.704712 27.720647
12.291289 19.388430 27.564499
11.601115 17.529275 27.020278
14.901957 25.620729 19.080043
14.756853 23.772788 20.176813
14.913001 23.089070 20.786789
15.395545 26.939230 18.586455
16.289272 26.842382 18.253431
15.390448 27.572995 19.308572
14.822948 27.251865 17.883028
15.457222 24.948225 20.096615
8.629729 19.080043 -2.089043
8.629729 19.080043 31.892957
6.781788 19.225147 -3.185813
6.781788 19.225147 30.796187
6.098070 19.068999 -3.795789
6.098070 19.068999 30.186211
9.948230 18.586455 -1.595455
9.948231 18.586455 32.386545
7.957225 18.524778 -3.105615
7.957225 18.524778 30.876385
2.089043 25.352271 19.080043
36.071043 25.352271 19.080043
2.234147 27.200212 20.176813
36.216147 27.200212 20.176813
2.077999 27.883930 20.786789
36.059999 27.883930 20.786789
1.595455 24.033769 18.586455
35.577455 24.033769 18.586455
0.701728 24.130618 18.253431
34.683728 24.130618 18.253431
1.600552 23.400005 19.308572
35.582552 23.400005 19.308572
2.168052 23.721135 17.883028
36.150052 23.721135 17.883028
1.533778 26.024775 20.096615
35.515778 26.024775 20.096615
8.361271 -2.089043 -2.089043
8.361271 -2.089043 31.892957
8.361271 31.892957 -2.089043
8.361271 31.892957 31.892957
10.209212 -2.234147 -3.185813
10.209212 -2.234147 30.796187
10.209212 31.747853 -3.185813
10.209212 31.747853 30.796187
10.892930 -2.077999 -3.795789
10.892930 -2.077999 30.186211
10.892930 31.904001 -3.795789
10.892930 31.904001 30.186211
7.042769 -1.595455 -1.595455
7.042770 -1.595455 32.386545
7.042770 32.386545 -1.595455
7.042770 32.386545 32.386545
7.139618 -0.701728 -1.262431
7.139618 -0.701728 32.719569
7.139618 33.280272 -1.262431
7.139618 33.280272 32.719569
6.409005 -1.600552 -2.317572
6.409005 -1.600552 31.664428
6.409005 32.381448 -2.317572
6.409005 32.381448 31.664428
6.730135 -2.168052 -0.892027
6.730135 -2.168052 33.089973
6.730135 31.813948 -0.892027
6.730135 31.813948 33.089973
9.033775 -1.533778 -3.105615
9.033775 -1.533778 30.876385
9.033775 32.448222 -3.105615
9.033775 32.448222 30.876385
14.901957 25.352271 -2.089043
14.901957 25.352271 31.892957
14.756853 27.200212 -3.185813
14.756853 27.200212 30.796187
14.913001 27.883930 -3.795789
14.913001 27.883930 30.186211
15.395545 24.033769 -1.595455
15.395545 24.033770 32.386545
16.289272 24.130618 -1.262431
16.289272 24.130618 32.719569
15.390448 23.400005 -2.317572
15.390448 23.400005 31.664428
14.822948 23.721135 -0.892027
14.822948 23.721135 33.089973
15.457222 26.024775 -3.105615
15.457222 26.024775 30.876385
8.361271 19.080043 19.080043
10.209212 19.225147 20.176813
10.892930 19.068999 20.786789
7.042770 18.586455 18.586455
9.033775 18.524778 20.096615
2.089043 25.620729 -2.089043
2.089043 25.620729 31.892957
36.071043 25.620729 -2.089043
36.071043 25.620729 31.892957
2.234147 23.772788 -3.185813
2.234147 23.772788 30.796187
36.216147 23.772788 -3.185813
36.216147 23.772788 30.796187
2.077999 23.089070 -3.795789
2.077999 23.089070 30.186211
36.059999 23.089070 -3.795789
36.059999 23.089070 30.186211
1.595455 26.939230 -1.595455
1.595455 26.939231 32.386545
35.577455 26.939230 -1.595455
35.577455 26.939231 32.386545
1.533778 24.948225 -3.105615
1.533778 24.948225 30.876385
35.515778 24.948225 -3.105615
35.515778 24.948225 30.876385
8.629729 -2.089043 19.080043
8.629729 31.892957 19.080043
6.781788 -2.234147 20.176813
6.781788 31.747853 20.176813
6.098070 -2.077999 20.786789
6.098070 31.904001 20.786789
9.948230 -1.595455 18.586455
9.948231 32.386545 18.586455
7.957225 -1.533778 20.096615
7.957225 32.448222 20.096615
2.089043 -2.089043 25.620729
2.089043 31.892957 25.620729
36.071043 -2.089043 25.620729
36.071043 31.892957 25.620729
3.185813 -2.234147 23.772788
3.185813 31.747853 23.772788
37.167812 -2.234147 23.772788
37.167812 31.747853 23.772788
3.795789 -2.077999 23.089070
3.795789 31.904001 23.089070
37.777789 -2.077999 23.089070
37.777789 31.904001 23.089070
1.595455 -1.595455 26.939230
1.595455 32.386545 26.939230
35.577455 -1.595455 26.939230
35.577455 32.386545 26.939230
3.105615 -1.533778 24.948225
3.105615 32.448222 24.948225
37.087615 -1.533778 24.948225
37.087615 32.448222 24.948225
14.901957 -2.089043 25.352271
14.901957 31.892957 25.352271
14.756853 -3.185813 27.200212
14.756853 30.796187 27.200212
14.913001 -3.795789 27.883930
14.913001 30.186211 27.883930
15.395545 -1.595455 24.033769
15.395545 32.386545 24.033769
16.289272 -1.262431 24.130618
16.289272 32.719569 24.130618
15.390448 -2.317572 23.400005
15.390448 31.664428 23.400005
14.822948 -0.892027 23.721135
14.822948 33.089973 23.721135
15.457222 -3.105615 26.024775
15.457222 30.876385 26.024775
14.901957 19.080043 25.620729
13.805188 19.225147 23.772788
13.195211 19.068999 23.089070
15.395545 18.586455 26.939230
13.885385 18.524778 24.948225
2.089043 19.080043 25.352271
36.071043 19.080043 25.352271
2.234147 20.176813 27.200212
36.216147 20.176813 27.200212
2.077999 20.786789 27.883930
36.059999 20.786789 27.883930
1.595455 18.586455 24.033769
35.577455 18.586455 24.033769
0.701728 18.253431 24.130618
34.683728 18.253431 24.130618
1.600552 19.308572 23.400005
35.582552 19.308572 23.400005
2.168052 17.883028 23.721135
36.150052 17.883028 23.721135
1.533778 20.096615 26.024775
35.515778 20.096615 26.024775
3.185813 19.225147 27.200212
37.167812 19.225147 27.200212
3.795789 19.068999 27.883930
37.777789 19.068999 27.883930
3.105615 18.524778 26.024775
37.087615 18.524778 26.024775
2.234147 -3.185813 23.772788
2.234147 30.796187 23.772788
36.216147 -3.185813 23.772788
36.216147 30.796187 23.772788
2.077999 -3.795789 23.089070
2.077999 30.186211 23.089070
36.059999 -3.795789 23.089070
36.059999 30.186211 23.089070
0.701728 -1.262431 26.842382
0.701728 32.719569 26.842382
34.683728 -1.262431 26.842382
34.683728 32.719569 26.842382
1.600552 -2.317572 27.572995
1.600552 31.664428 27.572995
35.582552 -2.317572 27.572995
35.582552 31.664428 27.572995
2.168052 -0.892027 27.251865
2.168052 33.089973 27.251865
36.150052 -0.892027 27.251865
36.150052 33.089973 27.251865
1.533778 -3.105615 24.948225
1.533778 30.876385 24.948225
35.515778 -3.105615 24.948225
35.515778 30.876385 24.948225
13.805187 -2.234147 27.200212
13.805188 31.747853 27.200212
13.195211 -2.077999 27.883930
13.195211 31.904001 27.883930
13.885385 -1.533778 26.024775
13.885385 32.448222 26.024775
14.756853 20.176813 23.772788
14.913001 20.786789 23.089070
16.289272 18.253431 26.842382
15.390448 19.308572 27.572995
14.822948 17.883028 27.251865
15.457222 20.096615 24.948225
6.781788 20.176813 -2.234147
6.781788 20.176813 31.747853
6.098070 20.786789 -2.077999
6.098070 20.786789 31.904001
9.851382 18.253431 -0.701728
9.851382 18.253431 33.280272
10.581995 19.308572 -1.600552
10.581995 19.308572 32.381448
10.260865 17.883028 -2.168052
10.260865 17.883028 31.813948
7.957225 20.096615 -1.533778
7.957225 20.096615 32.448222
6.781788 -3.185813 19.225147
6.781788 30.796187 19.225147
6.098070 -3.795789 19.068999
6.098070 30.186211 19.068999
9.851382 -1.262431 17.692728
9.851382 32.719569 17.692728
10.581995 -2.317572 18.591552
10.581995 31.664428 18.591552
10.260865 -0.892027 19.159052
10.260865 33.089973 19.159052
7.957225 -3.105615 18.524778
7.957225 30.876385 18.524778
13.805187 27.200212 -2.234147
13.805188 27.200212 31.747853
13.195211 27.883930 -2.077999
13.195211 27.883930 31.904001
13.885385 26.024775 -1.533778
13.885385 26.024775 32.448222
10.209212 20.176813 19.225147
10.892930 20.786789 19.068999
7.139618 18.253431 17.692728
6.409005 19.308572 18.591552
6.730135 17.883028 19.159052
9.033775 20.096615 18.524778
3.185813 23.772788 -2.234147
3.185813 23.772788 31.747853
37.167812 23.772788 -2.234147
37.167812 23.772788 31.747853
3.795789 23.089070 -2.077999
3.795789 23.089070 31.904001
37.777789 23.089070 -2.077999
37.777789 23.089070 31.904001
1.262431 26.842382 -0.701728
1.262431 26.842382 33.280272
35.244431 26.842382 -0.701728
35.244431 26.842382 33.280272
2.317572 27.572995 -1.600552
2.317572 27.572995 32.381448
36.299572 27.572995 -1.600552
36.299572 27.572995 32.381448
0.892028 27.251865 -2.168052
0.892028 27.251865 31.813948
34.874028 27.251865 -2.168052
34.874028 27.251865 31.813948
3.105615 24.948225 -1.533778
3.105615 24.948225 32.448222
37.087615 24.948225 -1.533778
37.087615 24.948225 32.448222
10.209212 -3.185813 -2.234147
10.209212 -3.185813 31.747853
10.209212 30.796187 -2.234147
10.209212 30.796187 31.747853
10.892930 -3.795789 -2.077999
10.892930 -3.795789 31.904001
10.892930 30.186211 -2.077999
10.892930 30.186211 31.904001
9.033775 -3.105615 -1.533778
9.033775 -3.105615 32.448222
9.033775 30.876385 -1.533778
9.033775 30.876385 32.448222
13.805188 23.772788 19.225147
13.195211 23.089070 19.068999
13.885385 24.948225 18.524778
3.185813 27.200212 19.225147
37.167812 27.200212 19.225147
3.795789 27.883930 19.068999
37.777789 27.883930 19.068999
3.105615 26.024775 18.524778
37.087615 26.024775 18.524778
23.397457 0.134229 10.584543
23.397457 34.116229 10.584543
23.252353 15.277288 11.681313
23.408501 14.593570 12.291289
23.891045 1.452731 10.090955
23.891045 35.434731 10.090955
23.952722 16.452725 11.601115
25.486500 0.000000 12.743250
25.486500 33.982000 12.743250
17.125229 10.584543 6.406457
-1.713712 10.729647 5.309687
32.268288 10.729647 5.309687
-2.397430 10.573499 4.699711
-2.397430 10.573499 38.681711
31.584570 10.573499 4.699711
31.584570 10.573499 38.681711
18.443730 10.090955 6.900045
-0.538275 10.029278 5.389885
33.443725 10.029278 5.389885
16.991000 8.495500 4.247750
16.991000 8.495500 38.229750
27.575543 16.856771 10.584543
27.720647 1.713712 11.681313
27.720647 35.695712 11.681313
27.564499 2.397430 12.291289
27.564499 36.379430 12.291289
27.081955 15.538270 10.090955
26.188228 15.635118 9.757931
27.087052 14.904505 10.813072
27.654552 15.225635 9.387527
27.020278 0.538275 11.601115
27.020278 34.520275 11.601115
-0.134229 6.406457 6.406457
33.847771 6.406457 6.406457
18.704712 6.261353 5.309687
19.388430 6.417501 4.699711
19.388430 6.417501 38.681711
-1.452731 6.900045 6.900045
32.529269 6.900045 6.900045
-1.355882 7.793772 7.233069
32.626118 7.793772 7.233069
-2.086495 6.894948 6.177928
31.895505 6.894948 6.177928
-1.765365 6.327448 7.603472
32.216635 6.327448 7.603472
17.529275 6.961722 5.389885
23.397457 16.856771 6.406457
23.252353 1.713712 5.309687
23.252353 35.695712 5.309687
23.408501 2.397430 4.699711
23.408501 2.397430 38.681711
23.408501 36.379430 4.699711
23.408501 36.379430 38.681711
23.891045 15.538270 6.900045
23.952722 0.538275 5.389885
23.952722 34.520275 5.389885
25.486500 0.000000 4.247750
25.486500 0.000000 38.229750
25.486500 33.982000 4.247750
25.486500 33.982000 38.229750
-0.134229 10.584543 10.584543
33.847771 10.584543 10.584543
18.704712 10.729647 11.681313
19.388430 10.573499 12.291289
-1.452731 10.090955 10.090955
32.529269 10.090955 10.090955
17.529275 10.029278 11.601115
16.991000 8.495500 12.743250
27.575543 0.134229 6.406457
27.575543 34.116229 6.406457
27.720647 15.277288 5.309687
27.564499 14.593570 4.699711
27.564499 14.593570 38.681711
27.081955 1.452731 6.900045
27.081955 35.434731 6.900045
26.188228 1.355882 7.233069
26.188228 35.337882 7.233069
27.087052 2.086495 6.177928
27.087052 36.068495 6.177928
27.654552 1.765365 7.603472
27.654552 35.747365 7.603472
27.020278 16.452725 5.389885
17.125229 6.406457 10.584543
-1.713712 6.261353 11.681313
32.268288 6.261353 11.681313
-2.397430 6.417501 12.291289
31.584570 6.417501 12.291289
18.443730 6.900045 10.090955
18.346882 7.793772 9.757931
19.077495 6.894948 10.813072
18.756365 6.327448 9.387527
-0.538275 6.961722 11.601115
33.443725 6.961722 11.601115
27.575543 6.406457 0.134229
27.575543 6.406457 34.116229
28.672313 6.261353 15.277288
-4.699711 6.417501 14.593570
29.282289 6.417501 14.593570
27.081955 6.900045 1.452731
27.081955 6.900045 35.434731
28.592115 6.961722 16.452725
-4.247750 8.495500 0.000000
-4.247750 8.495500 33.982000
29.734250 8.495500 0.000000
29.734250 8.495500 33.982000
23.397457 6.406457 16.856771
23.252353 5.309687 1.713712
23.252353 5.309688 35.695712
23.408501 4.699711 2.397430
23.408501 4.699711 36.379430
23.408501 38.681711 2.397430
23.408501 38.681711 36.379430
23.891045 6.900045 15.538270
24.784772 7.233069 15.635118
23.885948 6.177928 14.904505
23.318448 7.603472 15.225635
23.952722 5.389885 0.538275
23.952722 5.389885 34.520275
25.486500 4.247750 0.000000
25.486500 4.247750 33.982000
25.486500 38.229750 0.000000
25.486500 38.229750 33.982000
23.397457 10.584543 0.134229
23.397457 10.584543 34.116229
22.300687 10.729647 15.277288
21.690711 10.573499 14.593570
23.891045 10.090955 1.452731
23.891045 10.090955 35.434731
22.380885 10.029278 16.452725
21.238750 8.495500 0.000000
21.238750 8.495500 33.982000
27.575543 10.584543 16.856771
27.720647 11.681313 1.713712
27.720647 11.681313 35.695712
27.564499 12.291289 2.397430
27.564499 12.291289 36.379430
27.081955 10.090955 15.538270
26.188228 9.757931 15.635118
27.087052 10.813072 14.904505
27.654552 9.387528 15.225635
27.020278 11.601115 0.538275
27.020278 11.601115 34.520275
25.486500 12.743250 0.000000
25.486500 12.743250 33.982000
28.672313 10.729647 1.713712
28.672313 10.729647 35.695712
-4.699711 10.573499 2.397430
-4.699711 10.573499 36.379430
29.282289 10.573499 2.397430
29.282289 10.573499 36.379430
28.592115 10.029278 0.538275
28.592115 10.029278 34.520275
27.720647 5.309688 15.277288
27.564499 4.699711 14.593570
27.564499 38.681711 14.593570
26.188228 7.233069 1.355882
26.188228 7.233069 35.337882
27.087052 6.177928 2.086495
27.087052 6.177928 36.068495
27.654552 7.603472 1.765365
27.654552 7.603473 35.747365
27.020278 5.389885 16.452725
22.300687 6.261353 1.713712
22.300688 6.261353 35.695712
21.690711 6.417501 2.397430
21.690711 6.417501 36.379430
22.380885 6.961722 0.538275
22.380885 6.961722 34.520275
23.252353 11.681313 15.277288
23.408501 12.291289 14.593570
24.784772 9.757931 1.355882
24.784772 9.757931 35.337882
23.885948 10.813072 2.086495
23.885948 10.813072 36.068495
23.318448 9.387527 1.765365
23.318448 9.387528 35.747365
23.952722 11.601115 16.452725
-1.713712 11.681313 6.261353
32.268288 11.681313 6.261353
-2.397430 12.291289 6.417501
31.584570 12.291289 6.417501
18.346882 9.757931 7.793772
19.077495 10.813072 6.894948
18.756365 9.387527 6.327448
-0.538275 11.601115 6.961722
33.443725 11.601115 6.961722
16.991000 12.743250 8.495500
-1.713712 5.309688 10.729647
32.268288 5.309688 10.729647
-2.397430 4.699711 10.573499
-2.397430 38.681711 10.573499
31.584570 4.699711 10.573499
31.584570 38.681711 10.573499
-0.538275 5.389885 10.029278
33.443725 5.389885 10.029278
16.991000 4.247750 8.495500
16.991000 38.229750 8.495500
22.300687 1.713712 6.261353
22.300688 35.695712 6.261353
21.690711 2.397430 6.417501
21.690711 36.379430 6.417501
24.224069 15.635118 7.793772
23.168928 14.904505 6.894948
24.594472 15.225635 6.327448
22.380885 0.538275 6.961722
22.380885 34.520275 6.961722
21.238750 0.000000 8.495500
21.238750 33.982000 8.495500
18.704712 11.681313 10.729647
19.388430 12.291289 10.573499
-1.355882 9.757931 9.197228
32.626118 9.757931 9.197228
-2.086495 10.813072 10.096052
31.895505 10.813072 10.096052
-1.765365 9.387527 10.663552
32.216635 9.387527 10.663552
17.529275 11.601115 10.029278
28.672313 15.277288 6.261353
-4.699711 14.593570 6.417501
29.282289 14.593570 6.417501
28.592115 16.452725 6.961722
-4.247750 0.000000 8.495500
-4.247750 33.982000 8.495500
29.734250 0.000000 8.495500
29.734250 33.982000 8.495500
18.704712 5.309687 6.261353
19.388430 4.699711 6.417501
19.388430 38.681711 6.417501
17.529275 5.389885 6.961722
22.300687 15.277288 10.729647
21.690711 14.593570 10.573499
24.224069 1.355882 9.197228
24.224069 35.337882 9.197228
23.168928 2.086495 10.096052
23.168928 36.068495 10.096052
24.594472 1.765365 10.663552
24.594472 35.747365 10.663552
22.380885 16.452725 10.029278
28.672313 1.713712 10.729647
28.672313 35.695712 10.729647
-4.699711 2.397430 10.573499
-4.699711 36.379430 10.573499
29.282289 2.397430 10.573499
29.282289 36.379430 10.573499
28.592115 0.538275 10.029278
28.592115 34.520275 10.029278
-2.089043 8.629729 2.089043
-2.089043 8.629729 36.071043
31.892957 8.629729 2.089043
31.892957 8.629729 36.071043
-2.234147 6.781788 3.185812
-2.234147 6.781788 37.167812
31.747853 6.781788 3.185812
31.747853 6.781788 37.167812
-2.077999 6.098070 3.795789
-2.077999 6.098070 37.777789
31.904001 6.098070 3.795789
31.904001 6.098070 37.777789
-1.595455 9.948230 1.595455
-1.595455 9.948230 35.577455
32.386545 9.948230 1.595455
32.386545 9.948230 35.577455
-0.701728 9.851382 1.262431
-0.701728 9.851382 35.244431
33.280272 9.851382 1.262431
33.280272 9.851382 35.244431
-1.600552 10.581995 2.317572
-1.600552 10.581995 36.299572
32.381448 10.581995 2.317572
32.381448 10.581995 36.299572
-2.168052 10.260865 0.892027
-2.168052 10.260865 34.874028
31.813948 10.260865 0.892027
31.813948 10.260865 34.874028
-1.533778 7.957225 3.105615
-1.533778 7.957225 37.087615
32.448222 7.957225 3.105615
32.448222 7.957225 37.087615
25.620729 2.089043 14.901957
25.620729 36.071043 14.901957
23.772788 2.234147 13.805187
23.772788 36.216147 13.805187
23.089070 2.077999 13.195211
23.089070 36.059999 13.195211
26.939230 1.595455 15.395545
26.939231 35.577455 15.395545
24.948225 1.533778 13.885385
24.948225 35.515778 13.885385
19.080043 8.361271 2.089043
19.080043 8.361271 36.071043
19.225147 10.209212 3.185812
19.225147 10.209212 37.167812
19.068999 10.892930 3.795789
19.068999 10.892930 37.777789
18.586455 7.042769 1.595455
18.586455 7.042770 35.577455
17.692728 7.139618 1.262431
17.692728 7.139618 35.244431
18.591552 6.409005 2.317572
18.591552 6.409005 36.299572
19.159052 6.730135 0.892027
19.159052 6.730135 34.874028
18.524778 9.033775 3.105615
18.524778 9.033775 37.087615
25.352271 14.901957 14.901957
27.200212 14.756853 13.805187
27.883930 14.913001 13.195211
24.033769 15.395545 15.395545
24.130618 16.289272 15.728569
23.400005 15.390448 14.673428
23.721135 14.822948 16.098972
26.024775 15.457222 13.885385
-2.089043 8.361271 14.901957
31.892957 8.361271 14.901957
-2.234147 10.209212 13.805187
31.747853 10.209212 13.805187
-2.077999 10.892930 13.195211
31.904001 10.892930 13.195211
-1.595455 7.042770 15.395545
32.386545 7.042770 15.395545
-0.701728 7.139618 15.728569
33.280272 7.139618 15.728569
-1.600552 6.409005 14.673428
32.381448 6.409005 14.673428
-2.168052 6.730135 16.098972
31.813948 6.730135 16.098972
-1.533778 9.033775 13.885385
32.448222 9.033775 13.885385
25.352271 2.089043 2.089043
25.352271 2.089043 36.071043
25.352271 36.071043 2.089043
25.352271 36.071043 36.071043
27.200212 2.234147 3.185812
27.200212 2.234147 37.167812
27.200212 36.216147 3.185812
27.200212 36.216147 37.167812
27.883930 2.077999 3.795789
27.883930 2.077999 37.777789
27.883930 36.059999 3.795789
27.883930 36.059999 37.777789
24.033769 1.595455 1.595455
24.033770 1.595455 35.577455
24.033770 35.577455 1.595455
24.033770 35.577455 35.577455
26.024775 1.533778 3.105615
26.024775 1.533778 37.087615
26.024775 35.515778 3.105615
26.024775 35.515778 37.087615
19.080043 8.629729 14.901957
19.225147 6.781788 13.805187
19.068999 6.098070 13.195211
18.586455 9.948231 15.395545
18.524778 7.957225 13.885385
25.620729 14.901957 2.089043
25.620729 14.901957 36.071043
23.772788 14.756853 3.185812
23.772788 14.756853 37.167812
23.089070 14.913001 3.795789
23.089070 14.913001 37.777789
26.939230 15.395545 1.595455
26.939231 15.395545 35.577455
24.948225 15.457222 3.105615
24.948225 15.457222 37.087615
19.080043 14.901957 8.629729
20.176813 14.756853 6.781788
20.786789 14.913001 6.098070
18.586455 15.395545 9.948230
20.096615 15.457222 7.957225
-2.089043 14.901957 8.361271
31.892957 14.901957 8.361271
-2.234147 13.805187 10.209212
31.747853 13.805187 10.209212
-2.077999 13.195211 10.892930
31.904001 13.195211 10.892930
-1.595455 15.395545 7.042769
32.386545 15.395545 7.042769
-0.701728 15.728569 7.139618
33.280272 15.728569 7.139618
-1.600552 14.673428 6.409005
32.381448 14.673428 6.409005
-2.168052 16.098972 6.730135
31.813948 16.098972 6.730135
-1.533778 13.885385 9.033775
32.448222 13.885385 9.033775
-2.089043 2.089043 8.629729
-2.089043 36.071043 8.629729
31.892957 2.089043 8.629729
31.892957 36.071043 8.629729
-3.185813 2.234147 6.781788
-3.185813 36.216147 6.781788
30.796187 2.234147 6.781788
30.796187 36.216147 6.781788
-3.795789 2.077999 6.098070
-3.795789 36.059999 6.098070
30.186211 2.077999 6.098070
30.186211 36.059999 6.098070
-1.595455 1.595455 9.948230
-1.595455 35.577455 9.948230
32.386545 1.595455 9.948230
32.386545 35.577455 9.948230
-3.105615 1.533778 7.957225
-3.105615 35.515778 7.957225
30.876385 1.533778 7.957225
30.876385 35.515778 7.957225
19.080043 2.089043 8.361271
19.080043 36.071043 8.361271
19.225147 3.185813 10.209212
19.225147 37.167812 10.209212
19.068999 3.795789 10.892930
19.068999 37.777789 10.892930
18.586455 1.595455 7.042769
18.586455 35.577455 7.042769
17.692728 1.262431 7.139618
17.692728 35.244431 7.139618
18.591552 2.317572 6.409005
18.591552 36.299572 6.409005
19.159052 0.892028 6.730135
19.159052 34.874028 6.730135
18.524778 3.105615 9.033775
18.524778 37.087615 9.033775
20.176813 2.234147 10.209212
20.176813 36.216147 10.209212
20.786789 2.077999 10.892930
20.786789 36.059999 10.892930
20.096615 1.533778 9.033775
20.096615 35.515778 9.033775
19.225147 13.805187 6.781788
19.068999 13.195211 6.098070
17.692728 15.728569 9.851382
18.591552 14.673428 10.581995
19.159052 16.098972 10.260865
18.524778 13.885385 7.957225
-3.185813 14.756853 10.209212
30.796187 14.756853 10.209212
-3.795789 14.913001 10.892930
30.186211 14.913001 10.892930
-3.105615 15.457222 9.033775
30.876385 15.457222 9.033775
-2.234147 3.185813 6.781788
-2.234147 37.167812 6.781788
31.747853 3.185813 6.781788
31.747853 37.167812 6.781788
-2.077999 3.795789 6.098070
-2.077999 37.777789 6.098070
31.904001 3.795789 6.098070
31.904001 37.777789 6.098070
-0.701728 1.262431 9.851382
-0.701728 35.244431 9.851382
33.280272 1.262431 9.851382
33.280272 35.244431 9.851382
-1.600552 2.317572 10.581995
-1.600552 36.299572 10.581995
32.381448 2.317572 10.581995
32.381448 36.299572 10.581995
-2.168052 0.892028 10.260865
-2.168052 34.874028 10.260865
31.813948 0.892028 10.260865
31.813948 34.874028 10.260865
-1.533778 3.105615 7.957225
-1.533778 37.087615 7.957225
32.448222 3.105615 7.957225
32.448222 37.087615 7.957225
23.772788 3.185813 14.756853
23.772788 37.167812 14.756853
23.089070 3.795789 14.913001
23.089070 37.777789 14.913001
26.842382 1.262431 16.289272
26.842382 35.244431 16.289272
27.572995 2.317572 15.390448
27.572995 36.299572 15.390448
27.251865 0.892028 14.822948
27.251865 34.874028 14.822948
24.948225 3.105615 15.457222
24.948225 37.087615 15.457222
23.772788 13.805187 2.234147
23.772788 13.805187 36.216147
23.089070 13.195211 2.077999
23.089070 13.195211 36.059999
26.842382 15.728569 0.701728
26.842382 15.728569 34.683728
27.572995 14.673428 1.600552
27.572995 14.673428 35.582552
27.251865 16.098972 2.168052
27.251865 16.098973 36.150052
24.948225 13.885385 1.533778
24.948225 13.885385 35.515778
-3.185813 10.209212 14.756853
30.796187 10.209212 14.756853
-3.795789 10.892930 14.913001
30.186211 10.892930 14.913001
-3.105615 9.033775 15.457222
30.876385 9.033775 15.457222
27.200212 3.185812 2.234147
27.200212 3.185813 36.216147
27.200212 37.167812 2.234147
27.200212 37.167812 36.216147
27.883930 3.795789 2.077999
27.883930 3.795789 36.059999
27.883930 37.777789 2.077999
27.883930 37.777789 36.059999
24.130618 1.262431 0.701728
24.130618 1.262431 34.683728
24.130618 35.244431 0.701728
24.130618 35.244431 34.683728
23.400005 2.317572 1.600552
23.400005 2.317572 35.582552
23.400005 36.299572 1.600552
23.400005 36.299572 35.582552
23.721135 0.892028 2.168052
23.721135 0.892028 36.150052
23.721135 34.874028 2.168052
23.721135 34.874028 36.150052
26.024775 3.105615 1.533778
26.024775 3.105615 35.515778
26.024775 37.087615 1.533778
26.024775 37.087615 35.515778
20.176813 6.781788 14.756853
20.786789 6.098070 14.913001
18.253431 9.851382 16.289272
19.308572 10.581995 15.390448
17.883028 10.260865 14.822948
20.096615 7.957225 15.457222
27.200212 13.805188 14.756853
27.883930 13.195211 14.913001
26.024775 13.885385 15.457222
-3.185813 6.781788 2.234147
-3.185813 6.781788 36.216147
30.796187 6.781788 2.234147
30.796187 6.781788 36.216147
-3.795789 6.098070 2.077999
-3.795789 6.098070 36.059999
30.186211 6.098070 2.077999
30.186211 6.098070 36.059999
-3.105615 7.957225 1.533778
-3.105615 7.957225 35.515778
30.876385 7.957225 1.533778
30.876385 7.957225 35.515778
20.176813 10.209212 2.234147
20.176813 10.209212 36.216147
20.786789 10.892930 2.077999
20.786789 10.892930 36.059999
20.096615 9.033775 1.533778
20.096615 9.033775 35.515778
23.397457 0.134229 27.575543
23.397457 34.116229 27.575543
23.252353 15.277288 28.672313
23.408501 14.593570 -4.699711
23.408501 14.593570 29.282289
23.891045 1.452731 27.081955
23.891045 35.434731 27.081955
23.952722 16.452725 28.592115
25.486500 -0.000000 -4.247750
25.486500 0.000000 29.734250
25.486500 33.982000 -4.247750
25.486500 33.982000 29.734250
17.125229 10.584543 23.397457
-1.713712 10.729647 22.300687
32.268288 10.729647 22.300687
-2.397430 10.573499 21.690711
31.584570 10.573499 21.690711
18.443730 10.090955 23.891045
-0.538275 10.029278 22.380885
33.443725 10.029278 22.380885
16.991000 8.495500 21.238750
27.575543 16.856771 27.575543
27.720647 1.713712 28.672313
27.720647 35.695712 28.672313
27.564499 2.397430 -4.699711
27.564499 2.397430 29.282289
27.564499 36.379430 -4.699711
27.564499 36.379430 29.282289
27.081955 15.538270 27.081955
26.188228 15.635118 26.748931
27.087052 14.904505 27.804072
27.654552 15.225635 26.378528
27.020278 0.538275 28.592115
27.020278 34.520275 28.592115
-0.134229 6.406457 23.397457
33.847771 6.406457 23.397457
18.704712 6.261353 22.300687
19.388430 6.417501 21.690711
-1.452731 6.900045 23.891045
32.529269 6.900045 23.891045
-1.355882 7.793772 24.224069
32.626118 7.793772 24.224069
-2.086495 6.894948 23.168928
31.895505 6.894948 23.168928
-1.765365 6.327448 24.594472
32.216635 6.327448 24.594472
17.529275 6.961722 22.380885
23.397457 16.856771 23.397457
23.252353 1.713712 22.300687
23.252353 35.695712 22.300687
23.408501 2.397430 21.690711
23.408501 36.379430 21.690711
23.891045 15.538270 23.891045
23.952722 0.538275 22.380885
23.952722 34.520275 22.380885
25.486500 0.000000 21.238750
25.486500 33.982000 21.238750
-0.134229 10.584543 27.575543
33.847771 10.584543 27.575543
18.704712 10.729647 28.672313
19.388430 10.573499 -4.699711
19.388430 10.573499 29.282289
-1.452730 10.090955 27.081955
32.529269 10.090955 27.081955
17.529275 10.029278 28.592115
16.991000 8.495500 -4.247750
16.991000 8.495500 29.734250
27.575543 0.134229 23.397457
27.575543 34.116229 23.397457
27.720647 15.277288 22.300687
27.564499 14.593570 21.690711
27.081955 1.452731 23.891045
27.081955 35.434731 23.891045
26.188228 1.355882 24.224069
26.188228 35.337882 24.224069
27.087052 2.086495 23.168928
27.087052 36.068495 23.168928
27.654552 1.765365 24.594472
27.654552 35.747365 24.594472
27.020278 16.452725 22.380885
17.125229 6.406457 27.575543
-1.713712 6.261353 28.672313
32.268288 6.261353 28.672313
-2.397430 6.417501 -4.699711
-2.397430 6.417501 29.282289
31.584570 6.417501 -4.699711
31.584570 6.417501 29.282289
18.443730 6.900045 27.081955
18.346882 7.793772 26.748931
19.077495 6.894948 27.804072
18.756365 6.327448 26.378528
-0.538275 6.961722 28.592115
33.443725 6.961722 28.592115
27.575543 6.406457 17.125229
28.672313 6.261353 -1.713712
28.672313 6.261353 32.268288
-4.699711 6.417501 -2.397430
-4.699711 6.417501 31.584570
29.282289 6.417501 -2.397430
29.282289 6.417501 31.584570
27.081955 6.900045 18.443730
28.592115 6.961722 -0.538275
28.592115 6.961722 33.443725
-4.247750 8.495500 16.991000
29.734250 8.495500 16.991000
23.397457 6.406457 -0.134229
23.397457 6.406457 33.847771
23.252353 5.309688 18.704712
23.408501 4.699711 19.388430
23.408501 38.681711 19.388430
23.891045 6.900045 -1.452731
23.891045 6.900045 32.529269
24.784772 7.233069 -1.355882
24.784772 7.233069 32.626118
23.885948 6.177928 -2.086495
23.885948 6.177928 31.895505
23.318448 7.603472 -1.765365
23.318448 7.603473 32.216635
23.952722 5.389885 17.529275
25.486500 4.247750 16.991000
25.486500 38.229750 16.991000
23.397457 10.584543 17.125229
22.300687 10.729647 -1.713712
22.300687 10.729647 32.268288
21.690711 10.573499 -2.397430
21.690711 10.573499 31.584570
23.891045 10.090955 18.443730
22.380885 10.029278 -0.538275
22.380885 10.029278 33.443725
21.238750 8.495500 16.991000
27.575543 10.584543 -0.134229
27.575543 10.584543 33.847771
27.720647 11.681313 18.704712
27.564499 12.291289 19.388430
27.081955 10.090955 -1.452731
27.081955 10.090955 32.529269
26.188228 9.757931 -1.355882
26.188228 9.757931 32.626118
27.087052 10.813072 -2.086495
27.087052 10.813072 31.895505
27.654552 9.387527 -1.765365
27.654552 9.387527 32.216635
27.020278 11.601115 17.529275
25.486500 12.743250 16.991000
28.672313 10.729647 18.704712
-4.699711 10.573499 19.388430
29.282289 10.573499 19.388430
28.592115 10.029278 17.529275
27.720647 5.309687 -1.713712
27.720647 5.309688 32.268288
27.564499 4.699711 -2.397430
27.564499 4.699711 31.584570
27.564499 38.681711 -2.397430
27.564499 38.681711 31.584570
26.188228 7.233069 18.346882
27.087052 6.177928 19.077495
27.654552 7.603472 18.756365
27.020278 5.389885 -0.538275
27.020278 5.389885 33.443725
22.300687 6.261353 18.704712
21.690711 6.417501 19.388430
22.380885 6.961722 17.529275
23.252353 11.681313 -1.713712
23.252353 11.681313 32.268288
23.408501 12.291289 -2.397430
23.408501 12.291289 31.584570
24.784772 9.757931 18.346882
23.885948 10.813072 19.077495
23.318448 9.387527 18.756365
23.952722 11.601115 -0.538275
23.952722 11.601115 33.443725
-1.713712 11.681313 23.252353
32.268288 11.681313 23.252353
-2.397430 12.291289 23.408501
31.584570 12.291289 23.408501
18.346882 9.757931 24.784772
19.077495 10.813072 23.885948
18.756365 9.387527 23.318448
-0.538275 11.601115 23.952722
33.443725 11.601115 23.952722
16.991000 12.743250 25.486500
-1.713712 5.309688 27.720647
32.268288 5.309688 27.720647
-2.397430 4.699711 27.564499
-2.397430 38.681711 27.564499
31.584570 4.699711 27.564499
31.584570 38.681711 27.564499
-0.538275 5.389885 27.020278
33.443725 5.389885 27.020278
16.991000 4.247750 25.486500
16.991000 38.229750 25.486500
22.300687 1.713712 23.252353
22.300688 35.695712 23.252353
21.690711 2.397430 23.408501
21.690711 36.379430 23.408501
24.224069 15.635118 24.784772
23.168928 14.904505 23.885948
24.594472 15.225635 23.318448
22.380885 0.538275 23.952722
22.380885 34.520275 23.952722
21.238750 0.000000 25.486500
21.238750 33.982000 25.486500
18.704712 11.681313 27.720647
19.388430 12.291289 27.564499
-1.355882 9.757931 26.188228
32.626118 9.757931 26.188228
-2.086495 10.813072 27.087052
31.895505 10.813072 27.087052
-1.765365 9.387527 27.654552
32.216635 9.387527 27.654552
17.529275 11.601115 27.020278
28.672313 15.277288 23.252353
-4.699711 14.593570 23.408501
29.282289 14.593570 23.408501
28.592115 16.452725 23.952722
-4.247750 0.000000 25.486500
-4.247750 33.982000 25.486500
29.734250 0.000000 25.486500
29.734250 33.982000 25.486500
18.704712 5.309688 23.252353
19.388430 4.699711 23.408501
19.388430 38.681711 23.408501
17.529275 5.389885 23.952722
22.300687 15.277288 27.720647
21.690711 14.593570 27.564499
24.224069 1.355882 26.188228
24.224069 35.337882 26.188228
23.168928 2.086495 27.087052
23.168928 36.068495 27.087052
24.594472 1.765365 27.654552
24.594472 35.747365 27.654552
22.380885 16.452725 27.020278
28.672313 1.713712 27.720647
28.672313 35.695712 27.720647
-4.699711 2.397430 27.564499
-4.699711 36.379430 27.564499
29.282289 2.397430 27.564499
29.282289 36.379430 27.564499
28.592115 0.538275 27.020278
28.592115 34.520275 27.020278
-2.089043 8.629729 19.080043
31.892957 8.629729 19.080043
-2.234147 6.781788 20.176813
31.747853 6.781788 20.176813
-2.077999 6.098070 20.786789
31.904001 6.098070 20.786789
-1.595455 9.948230 18.586455
32.386545 9.948230 18.586455
-0.701728 9.851382 18.253431
33.280272 9.851382 18.253431
-1.600552 10.581995 19.308572
32.381448 10.581995 19.308572
-2.168052 10.260865 17.883028
31.813948 10.260865 17.883028
-1.533778 7.957225 20.096615
32.448222 7.957225 20.096615
25.620729 2.089043 -2.089043
25.620729 2.089043 31.892957
25.620729 36.071043 -2.089043
25.620729 36.071043 31.892957
23.772788 2.234147 -3.185813
23.772788 2.234147 30.796187
23.772788 36.216147 -3.185813
23.772788 36.216147 30.796187
23.089070 2.077999 -3.795789
23.089070 2.077999 30.186211
23.089070 36.059999 -3.795789
23.089070 36.059999 30.186211
26.939230 1.595455 -1.595455
26.939231 1.595455 32.386545
26.939231 35.577455 -1.595455
26.939231 35.577455 32.386545
24.948225 1.533778 -3.105615
24.948225 1.533778 30.876385
24.948225 35.515778 -3.105615
24.948225 35.515778 30.876385
19.080043 8.361271 19.080043
19.225147 10.209212 20.176813
19.068999 10.892930 20.786789
18.586455 7.042770 18.586455
17.692728 7.139618 18.253431
18.591552 6.409005 19.308572
19.159052 6.730135 17.883028
18.524778 9.033775 20.096615
25.352271 14.901957 -2.089043
25.352271 14.901957 31.892957
27.200212 14.756853 -3.185813
27.200212 14.756853 30.796187
27.883930 14.913001 -3.795789
27.883930 14.913001 30.186211
24.033769 15.395545 -1.595455
24.033770 15.395545 32.386545
24.130618 16.289272 -1.262431
24.130618 16.289272 32.719569
23.400005 15.390448 -2.317572
23.400005 15.390448 31.664428
23.721135 14.822948 -0.892027
23.721135 14.822948 33.089973
26.024775 15.457222 -3.105615
26.024775 15.457222 30.876385
-2.089043 8.361271 -2.089043
-2.089043 8.361271 31.892957
31.892957 8.361271 -2.089043
31.892957 8.361271 31.892957
-2.234147 10.209212 -3.185813
-2.234147 10.209212 30.796187
31.747853 10.209212 -3.185813
31.747853 10.209212 30.796187
-2.077999 10.892930 -3.795789
-2.077999 10.892930 30.186211
31.904001 10.892930 -3.795789
31.904001 10.892930 30.186211
-1.595455 7.042769 -1.595455
-1.595455 7.042770 32.386545
32.386545 7.042769 -1.595455
32.386545 7.042770 32.386545
-0.701728 7.139618 -1.262431
-0.701728 7.139618 32.719569
33.280272 7.139618 -1.262431
33.280272 7.139618 32.719569
-1.600552 6.409005 -2.317572
-1.600552 6.409005 31.664428
32.381448 6.409005 -2.317572
32.381448 6.409005 31.664428
-2.168052 6.730135 -0.892027
-2.168052 6.730135 33.089973
31.813948 6.730135 -0.892027
31.813948 6.730135 33.089973
-1.533778 9.033775 -3.105615
-1.533778 9.033775 30.876385
32.448222 9.033775 -3.105615
32.448222 9.033775 30.876385
25.352271 2.089043 19.080043
25.352271 36.071043 19.080043
27.200212 2.234147 20.176813
27.200212 36.216147 20.176813
27.883930 2.077999 20.786789
27.883930 36.059999 20.786789
24.033769 1.595455 18.586455
24.033770 35.577455 18.586455
26.024775 1.533778 20.096615
26.024775 35.515778 20.096615
19.080043 8.629729 -2.089043
19.080043 8.629729 31.892957
19.225147 6.781788 -3.185813
19.225147 6.781788 30.796187
19.068999 6.098070 -3.795789
19.068999 6.098070 30.186211
18.586455 9.948230 -1.595455
18.586455 9.948230 32.386545
18.524778 7.957225 -3.105615
18.524778 7.957225 30.876385
25.620729 14.901957 19.080043
23.772788 14.756853 20.176813
23.089070 14.913001 20.786789
26.939230 15.395545 18.586455
24.948225 15.457222 20.096615
19.080043 14.901957 25.620729
20.176813 14.756853 23.772788
20.786789 14.913001 23.089070
18.586455 15.395545 26.939230
20.096615 15.457222 24.948225
-2.089043 14.901957 25.352271
31.892957 14.901957 25.352271
-2.234147 13.805187 27.200212
31.747853 13.805187 27.200212
-2.077999 13.195211 27.883930
31.904001 13.195211 27.883930
-1.595455 15.395545 24.033769
32.386545 15.395545 24.033769
-0.701728 15.728569 24.130618
33.280272 15.728569 24.130618
-1.600552 14.673428 23.400005
32.381448 14.673428 23.400005
-2.168052 16.098972 23.721135
31.813948 16.098972 23.721135
-1.533778 13.885385 26.024775
32.448222 13.885385 26.024775
-2.089043 2.089043 25.620729
-2.089043 36.071043 25.620729
31.892957 2.089043 25.620729
31.892957 36.071043 25.620729
-3.185813 2.234147 23.772788
-3.185812 36.216147 23.772788
30.796187 2.234147 23.772788
30.796187 36.216147 23.772788
-3.795789 2.077999 23.089070
-3.795789 36.059999 23.089070
30.186211 2.077999 23.089070
30.186211 36.059999 23.089070
-1.595455 1.595455 26.939230
-1.595455 35.577455 26.939230
32.386545 1.595455 26.939230
32.386545 35.577455 26.939230
-3.105615 1.533778 24.948225
-3.105615 35.515778 24.948225
30.876385 1.533778 24.948225
30.876385 35.515778 24.948225
19.080043 2.089043 25.352271
19.080043 36.071043 25.352271
19.225147 3.185813 27.200212
19.225147 37.167812 27.200212
19.068999 3.795789 27.883930
19.068999 37.777789 27.883930
18.586455 1.595455 24.033769
18.586455 35.577455 24.033769
17.692728 1.262431 24.130618
17.692728 35.244431 24.130618
18.591552 2.317572 23.400005
18.591552 36.299572 23.400005
19.159052 0.892028 23.721135
19.159052 34.874028 23.721135
18.524778 3.105615 26.024775
18.524778 37.087615 26.024775
20.176813 2.234147 27.200212
20.176813 36.216147 27.200212
20.786789 2.077999 27.883930
20.786789 36.059999 27.883930
20.096615 1.533778 26.024775
20.096615 35.515778 26.024775
19.225147 13.805187 23.772788
19.068999 13.195211 23.089070
17.692728 15.728569 26.842382
18.591552 14.673428 27.572995
19.159052 16.098972 27.251865
18.524778 13.885385 24.948225
-3.185813 14.756853 27.200212
30.796187 14.756853 27.200212
-3.795789 14.913001 27.883930
30.186211 14.913001 27.883930
-3.105615 15.457222 26.024775
30.876385 15.457222 26.024775
-2.234147 3.185813 23.772788
-2.234147 37.167812 23.772788
31.747853 3.185813 23.772788
31.747853 37.167812 23.772788
-2.077999 3.795789 23.089070
-2.077999 37.777789 23.089070
31.904001 3.795789 23.089070
31.904001 37.777789 23.089070
-0.701728 1.262431 26.842382
-0.701728 35.244431 26.842382
33.280272 1.262431 26.842382
33.280272 35.244431 26.842382
-1.600552 2.317572 27.572995
-1.600552 36.299572 27.572995
32.381448 2.317572 27.572995
32.381448 36.299572 27.572995
-2.168052 0.892028 27.251865
-2.168052 34.874028 27.251865
31.813948 0.892028 27.251865
31.813948 34.874028 27.251865
-1.533778 3.105615 24.948225
-1.533778 37.087615 24.948225
32.448222 3.105615 24.948225
32.448222 37.087615 24.948225
23.772788 3.185812 -2.234147
23.772788 3.185813 31.747853
23.772788 37.167812 -2.234147
23.772788 37.167812 31.747853
23.089070 3.795789 -2.077999
23.089070 3.795789 31.904001
23.089070 37.777789 -2.077999
23.089070 37.777789 31.904001
26.842382 1.262431 -0.701728
26.842382 1.262431 33.280272
26.842382 35.244431 -0.701728
26.842382 35.244431 33.280272
27.572995 2.317572 -1.600552
27.572995 2.317572 32.381448
27.572995 36.299572 -1.600552
27.572995 36.299572 32.381448
27.251865 0.892027 -2.168052
27.251865 0.892028 31.813948
27.251865 34.874028 -2.168052
27.251865 34.874028 31.813948
24.948225 3.105615 -1.533778
24.948225 3.105615 32.448222
24.948225 37.087615 -1.533778
24.948225 37.087615 32.448222
23.772788 13.805187 19.225147
23.089070 13.195211 19.068999
26.842382 15.728569 17.692728
27.572995 14.673428 18.591552
27.251865 16.098972 19.159052
24.948225 13.885385 18.524778
-3.185813 10.209212 -2.234147
-3.185813 10.209212 31.747853
30.796187 10.209212 -2.234147
30.796187 10.209212 31.747853
-3.795789 10.892930 -2.077999
-3.795789 10.892930 31.904001
30.186211 10.892930 -2.077999
30.186211 10.892930 31.904001
-3.105615 9.033775 -1.533778
-3.105615 9.033775 32.448222
30.876385 9.033775 -1.533778
30.876385 9.033775 32.448222
27.200212 3.185813 19.225147
27.200212 37.167812 19.225147
27.883930 3.795789 19.068999
27.883930 37.777789 19.068999
24.130618 1.262431 17.692728
24.130618 35.244431 17.692728
23.400005 2.317572 18.591552
23.400005 36.299572 18.591552
23.721135 0.892028 19.159052
23.721135 34.874028 19.159052
26.024775 3.105615 18.524778
26.024775 37.087615 18.524778
20.176813 6.781788 -2.234147
20.176813 6.781788 31.747853
20.786789 6.098070 -2.077999
20.786789 6.098070 31.904001
18.253431 9.851382 -0.701728
18.253431 9.851382 33.280272
19.308572 10.581995 -1.600552
19.308572 10.581995 32.381448
17.883028 10.260865 -2.168052
17.883028 10.260865 31.813948
20.096615 7.957225 -1.533778
20.096615 7.957225 32.448222
27.200212 13.805187 -2.234147
27.200212 13.805187 31.747853
27.883930 13.195211 -2.077999
27.883930 13.195211 31.904001
26.024775 13.885385 -1.533778
26.024775 13.885385 32.448222
-3.185813 6.781788 19.225147
30.796187 6.781788 19.225147
-3.795789 6.098070 19.068999
30.186211 6.098070 19.068999
-3.105615 7.957225 18.524778
30.876385 7.957225 18.524778
20.176813 10.209212 19.225147
20.786789 10.892930 19.068999
20.096615 9.033775 18.524778
23.397457 17.125229 10.584543
23.252353 -1.713712 11.681313
23.252353 32.268288 11.681313
23.408501 -2.397430 12.291289
23.408501 31.584570 12.291289
23.891045 18.443730 10.090955
23.952722 -0.538275 11.601115
23.952722 33.443725 11.601115
25.486500 16.991000 12.743250
17.125229 27.575543 6.406457
-1.713712 27.720647 5.309687
32.268288 27.720647 5.309687
-2.397430 27.564499 4.699711
-2.397430 27.564499 38.681711
31.584570 27.564499 4.699711
31.584570 27.564499 38.681711
18.443730 27.081955 6.900045
-0.538275 27.020278 5.389885
33.443725 27.020278 5.389885
16.991000 25.486500 4.247750
16.991000 25.486500 38.229750
27.575543 -0.134229 10.584543
27.575543 33.847771 10.584543
27.720647 18.704712 11.681313
27.564499 19.388430 12.291289
27.081955 -1.452731 10.090955
27.081955 32.529269 10.090955
26.188228 -1.355882 9.757931
26.188228 32.626118 9.757931
27.087052 -2.086495 10.813072
27.087052 31.895505 10.813072
27.654552 -1.765365 9.387527
27.654552 32.216635 9.387527
27.020278 17.529275 11.601115
-0.134229 23.397457 6.406457
33.847771 23.397457 6.406457
18.704712 23.252353 5.309687
19.388430 23.408501 4.699711
19.388430 23.408501 38.681711
-1.452731 23.891045 6.900045
32.529269 23.891045 6.900045
-1.355882 24.784772 7.233069
32.626118 24.784772 7.233069
-2.086495 23.885948 6.177928
31.895505 23.885948 6.177928
-1.765365 23.318448 7.603472
32.216635 23.318448 7.603472
17.529275 23.952722 5.389885
23.397457 -0.134229 6.406457
23.397457 33.847771 6.406457
23.252353 18.704712 5.309687
23.408501 19.388430 4.699711
23.408501 19.388430 38.681711
23.891045 -1.452731 6.900045
23.891045 32.529269 6.900045
23.952722 17.529275 5.389885
25.486500 16.991000 4.247750
25.486500 16.991000 38.229750
-0.134229 27.575543 10.584543
33.847771 27.575543 10.584543
18.704712 27.720647 11.681313
19.388430 27.564499 12.291289
-1.452730 27.081955 10.090955
32.529269 27.081955 10.090955
17.529275 27.020278 11.601115
16.991000 25.486500 12.743250
27.575543 17.125229 6.406457
27.720647 -1.713712 5.309687
27.720647 32.268288 5.309687
27.564499 -2.397430 4.699711
27.564499 -2.397430 38.681711
27.564499 31.584570 4.699711
27.564499 31.584570 38.681711
27.081955 18.443730 6.900045
26.188228 18.346882 7.233069
27.087052 19.077495 6.177928
27.654552 18.756365 7.603472
27.020278 -0.538275 5.389885
27.020278 33.443725 5.389885
17.125229 23.397457 10.584543
-1.713712 23.252353 11.681313
32.268288 23.252353 11.681313
-2.397430 23.408501 12.291289
31.584570 23.408501 12.291289
18.443730 23.891045 10.090955
18.346882 24.784772 9.757931
19.077495 23.885948 10.813072
18.756365 23.318448 9.387527
-0.538275 23.952722 11.601115
33.443725 23.952722 11.601115
27.575543 23.397457 0.134229
27.575543 23.397457 34.116229
28.672313 23.252353 15.277288
-4.699711 23.408501 14.593570
29.282289 23.408501 14.593570
27.081955 23.891045 1.452731
27.081955 23.891045 35.434731
28.592115 23.952722 16.452725
-4.247750 25.486500 0.000000
-4.247750 25.486500 33.982000
29.734250 25.486500 0.000000
29.734250 25.486500 33.982000
23.397457 23.397457 16.856771
23.252353 22.300687 1.713712
23.252353 22.300688 35.695712
23.408501 21.690711 2.397430
23.408501 21.690711 36.379430
23.891045 23.891045 15.538270
24.784772 24.224069 15.635118
23.885948 23.168928 14.904505
23.318448 24.594472 15.225635
23.952722 22.380885 0.538275
23.952722 22.380885 34.520275
25.486500 21.238750 0.000000
25.486500 21.238750 33.982000
23.397457 27.575543 0.134229
23.397457 27.575543 34.116229
22.300687 27.720647 15.277288
21.690711 27.564499 14.593570
23.891045 27.081955 1.452731
23.891045 27.081955 35.434731
22.380885 27.020278 16.452725
21.238750 25.486500 0.000000
21.238750 25.486500 33.982000
27.575543 27.575543 16.856771
27.720647 28.672313 1.713712
27.720647 28.672313 35.695712
27.564499 -4.699711 2.397430
27.564499 -4.699711 36.379430
27.564499 29.282289 2.397430
27.564499 29.282289 36.379430
27.081955 27.081955 15.538270
26.188228 26.748931 15.635118
27.087052 27.804072 14.904505
27.654552 26.378528 15.225635
27.020278 28.592115 0.538275
27.020278 28.592115 34.520275
25.486500 -4.247750 0.000000
25.486500 -4.247750 33.982000
25.486500 29.734250 0.000000
25.486500 29.734250 33.982000
28.672313 27.720647 1.713712
28.672313 27.720647 35.695712
-4.699711 27.564499 2.397430
-4.699711 27.564499 36.379430
29.282289 27.564499 2.397430
29.282289 27.564499 36.379430
28.592115 27.020278 0.538275
28.592115 27.020278 34.520275
27.720647 22.300687 15.277288
27.564499 21.690711 14.593570
26.188228 24.224069 1.355882
26.188228 24.224069 35.337882
27.087052 23.168928 2.086495
27.087052 23.168928 36.068495
27.654552 24.594472 1.765365
27.654552 24.594472 35.747365
27.020278 22.380885 16.452725
22.300687 23.252353 1.713712
22.300688 23.252353 35.695712
21.690711 23.408501 2.397430
21.690711 23.408501 36.379430
22.380885 23.952722 0.538275
22.380885 23.952722 34.520275
23.252353 28.672313 15.277288
23.408501 -4.699711 14.593570
23.408501 29.282289 14.593570
24.784772 26.748931 1.355882
24.784772 26.748931 35.337882
23.885948 27.804072 2.086495
23.885948 27.804072 36.068495
23.318448 26.378528 1.765365
23.318448 26.378528 35.747365
23.952722 28.592115 16.452725
-1.713712 28.672313 6.261353
32.268288 28.672313 6.261353
-2.397430 -4.699711 6.417501
-2.397430 29.282289 6.417501
31.584570 -4.699711 6.417501
31.584570 29.282289 6.417501
18.346882 26.748931 7.793772
19.077495 27.804072 6.894948
18.756365 26.378528 6.327448
-0.538275 28.592115 6.961722
33.443725 28.592115 6.961722
16.991000 -4.247750 8.495500
16.991000 29.734250 8.495500
-1.713712 22.300687 10.729647
32.268288 22.300687 10.729647
-2.397430 21.690711 10.573499
31.584570 21.690711 10.573499
-0.538275 22.380885 10.029278
33.443725 22.380885 10.029278
16.991000 21.238750 8.495500
22.300687 18.704712 6.261353
21.690711 19.388430 6.417501
24.224069 -1.355882 7.793772
24.224069 32.626118 7.793772
23.168928 -2.086495 6.894948
23.168928 31.895505 6.894948
24.594472 -1.765365 6.327448
24.594472 32.216635 6.327448
22.380885 17.529275 6.961722
21.238750 16.991000 8.495500
18.704712 28.672313 10.729647
19.388430 -4.699711 10.573499
19.388430 29.282289 10.573499
-1.355882 26.748931 9.197228
32.626118 26.748931 9.197228
-2.086495 27.804072 10.096052
31.895505 27.804072 10.096052
-1.765365 26.378528 10.663552
32.216635 26.378528 10.663552
17.529275 28.592115 10.029278
28.672313 -1.713712 6.261353
28.672313 32.268288 6.261353
-4.699711 -2.397430 6.417501
-4.699711 31.584570 6.417501
29.282289 -2.397430 6.417501
29.282289 31.584570 6.417501
28.592115 -0.538275 6.961722
28.592115 33.443725 6.961722
-4.247750 16.991000 8.495500
29.734250 16.991000 8.495500
18.704712 22.300687 6.261353
19.388430 21.690711 6.417501
17.529275 22.380885 6.961722
22.300687 -1.713712 10.729647
22.300687 32.268288 10.729647
21.690711 -2.397430 10.573499
21.690711 31.584570 10.573499
24.224069 18.346882 9.197228
23.168928 19.077495 10.096052
24.594472 18.756365 10.663552
22.380885 -0.538275 10.029278
22.380885 33.443725 10.029278
28.672313 18.704712 10.729647
-4.699711 19.388430 10.573499
29.282289 19.388430 10.573499
28.592115 17.529275 10.029278
-2.089043 25.620729 2.089043
-2.089043 25.620729 36.071043
31.892957 25.620729 2.089043
31.892957 25.620729 36.071043
-2.234147 23.772788 3.185812
-2.234147 23.772788 37.167812
31.747853 23.772788 3.185812
31.747853 23.772788 37.167812
-2.077999 23.089070 3.795789
-2.077999 23.089070 37.777789
31.904001 23.089070 3.795789
31.904001 23.089070 37.777789
-1.595455 26.939230 1.595455
-1.595455 26.939231 35.577455
32.386545 26.939230 1.595455
32.386545 26.939231 35.577455
-0.701728 26.842382 1.262431
-0.701728 26.842382 35.244431
33.280272 26.842382 1.262431
33.280272 26.842382 35.244431
-1.600552 27.572995 2.317572
-1.600552 27.572995 36.299572
32.381448 27.572995 2.317572
32.381448 27.572995 36.299572
-2.168052 27.251865 0.892027
-2.168052 27.251865 34.874028
31.813948 27.251865 0.892027
31.813948 27.251865 34.874028
-1.533778 24.948225 3.105615
-1.533778 24.948225 37.087615
32.448222 24.948225 3.105615
32.448222 24.948225 37.087615
25.620729 19.080043 14.901957
23.772788 19.225147 13.805187
23.089070 19.068999 13.195211
26.939230 18.586455 15.395545
24.948225 18.524778 13.885385
19.080043 25.352271 2.089043
19.080043 25.352271 36.071043
19.225147 27.200212 3.185812
19.225147 27.200212 37.167812
19.068999 27.883930 3.795789
19.068999 27.883930 37.777789
18.586455 24.033769 1.595455
18.586455 24.033770 35.577455
17.692728 24.130618 1.262431
17.692728 24.130618 35.244431
18.591552 23.400005 2.317572
18.591552 23.400005 36.299572
19.159052 23.721135 0.892027
19.159052 23.721135 34.874028
18.524778 26.024775 3.105615
18.524778 26.024775 37.087615
25.352271 -2.089043 14.901957
25.352271 31.892957 14.901957
27.200212 -2.234147 13.805187
27.200212 31.747853 13.805187
27.883930 -2.077999 13.195211
27.883930 31.904001 13.195211
24.033769 -1.595455 15.395545
24.033770 32.386545 15.395545
24.130618 -0.701728 15.728569
24.130618 33.280272 15.728569
23.400005 -1.600552 14.673428
23.400005 32.381448 14.673428
23.721135 -2.168052 16.098972
23.721135 31.813948 16.098972
26.024775 -1.533778 13.885385
26.024775 32.448222 13.885385
-2.089043 25.352271 14.901957
31.892957 25.352271 14.901957
-2.234147 27.200212 13.805187
31.747853 27.200212 13.805187
-2.077999 27.883930 13.195211
31.904001 27.883930 13.195211
-1.595455 24.033769 15.395545
32.386545 24.033769 15.395545
-0.701728 24.130618 15.728569
33.280272 24.130618 15.728569
-1.600552 23.400005 14.673428
32.381448 23.400005 14.673428
-2.168052 23.721135 16.098972
31.813948 23.721135 16.098972
-1.533778 26.024775 13.885385
32.448222 26.024775 13.885385
25.352271 19.080043 2.089043
25.352271 19.080043 36.071043
27.200212 19.225147 3.185812
27.200212 19.225147 37.167812
27.883930 19.068999 3.795789
27.883930 19.068999 37.777789
24.033769 18.586455 1.595455
24.033770 18.586455 35.577455
26.024775 18.524778 3.105615
26.024775 18.524778 37.087615
19.080043 25.620729 14.901957
19.225147 23.772788 13.805187
19.068999 23.089070 13.195211
18.586455 26.939230 15.395545
18.524778 24.948225 13.885385
25.620729 -2.089043 2.089043
25.620729 -2.089043 36.071043
25.620729 31.892957 2.089043
25.620729 31.892957 36.071043
23.772788 -2.234147 3.185812
23.772788 -2.234147 37.167812
23.772788 31.747853 3.185812
23.772788 31.747853 37.167812
23.089070 -2.077999 3.795789
23.089070 -2.077999 37.777789
23.089070 31.904001 3.795789
23.089070 31.904001 37.777789
26.939230 -1.595455 1.595455
26.939231 -1.595455 35.577455
26.939231 32.386545 1.595455
26.939231 32.386545 35.577455
24.948225 -1.533778 3.105615
24.948225 -1.533778 37.087615
24.948225 32.448222 3.105615
24.948225 32.448222 37.087615
19.080043 -2.089043 8.629729
19.080043 31.892957 8.629729
20.176813 -2.234147 6.781788
20.176813 31.747853 6.781788
20.786789 -2.077999 6.098070
20.786789 31.904001 6.098070
18.586455 -1.595455 9.948230
18.586455 32.386545 9.948230
20.096615 -1.533778 7.957225
20.096615 32.448222 7.957225
-2.089043 -2.089043 8.361271
-2.089043 31.892957 8.361271
31.892957 -2.089043 8.361271
31.892957 31.892957 8.361271
-2.234147 -3.185813 10.209212
-2.234147 30.796187 10.209212
31.747853 -3.185813 10.209212
31.747853 30.796187 10.209212
-2.077999 -3.795789 10.892930
-2.077999 30.186211 10.892930
31.904001 -3.795789 10.892930
31.904001 30.186211 10.892930
-1.595455 -1.595455 7.042769
-1.595455 32.386545 7.042769
32.386545 -1.595455 7.042769
32.386545 32.386545 7.042769
-0.701728 -1.262431 7.139618
-0.701728 32.719569 7.139618
33.280272 -1.262431 7.139618
33.280272 32.719569 7.139618
-1.600552 -2.317572 6.409005
-1.600552 31.664428 6.409005
32.381448 -2.317572 6.409005
32.381448 31.664428 6.409005
-2.168052 -0.892027 6.730135
-2.168052 33.089973 6.730135
31.813948 -0.892027 6.730135
31.813948 33.089973 6.730135
-1.533778 -3.105615 9.033775
-1.533778 30.876385 9.033775
32.448222 -3.105615 9.033775
32.448222 30.876385 9.033775
-2.089043 19.080043 8.629729
31.892957 19.080043 8.629729
-3.185813 19.225147 6.781788
30.796187 19.225147 6.781788
-3.795789 19.068999 6.098070
30.186211 19.068999 6.098070
-1.595455 18.586455 9.948230
32.386545 18.586455 9.948230
-3.105615 18.524778 7.957225
30.876385 18.524778 7.957225
19.080043 19.080043 8.361271
19.225147 20.176813 10.209212
19.068999 20.786789 10.892930
18.586455 18.586455 7.042769
17.692728 18.253431 7.139618
18.591552 19.308572 6.409005
19.159052 17.883028 6.730135
18.524778 20.096615 9.033775
20.176813 19.225147 10.209212
20.786789 19.068999 10.892930
20.096615 18.524778 9.033775
19.225147 -3.185813 6.781788
19.225147 30.796187 6.781788
19.068999 -3.795789 6.098070
19.068999 30.186211 6.098070
17.692728 -1.262431 9.851382
17.692728 32.719569 9.851382
18.591552 -2.317572 10.581995
18.591552 31.664428 10.581995
19.159052 -0.892027 10.260865
19.159052 33.089973 10.260865
18.524778 -3.105615 7.957225
18.524778 30.876385 7.957225
-3.185813 -2.234147 10.209212
-3.185813 31.747853 10.209212
30.796187 -2.234147 10.209212
30.796187 31.747853 10.209212
-3.795789 -2.077999 10.892930
-3.795789 31.904001 10.892930
30.186211 -2.077999 10.892930
30.186211 31.904001 10.892930
-3.105615 -1.533778 9.033775
-3.105615 32.448222 9.033775
30.876385 -1.533778 9.033775
30.876385 32.448222 9.033775
-2.234147 20.176813 6.781788
31.747853 20.176813 6.781788
-2.077999 20.786789 6.098070
31.904001 20.786789 6.098070
-0.701728 18.253431 9.851382
33.280272 18.253431 9.851382
-1.600552 19.308572 10.581995
32.381448 19.308572 10.581995
-2.168052 17.883028 10.260865
31.813948 17.883028 10.260865
-1.533778 20.096615 7.957225
32.448222 20.096615 7.957225
23.772788 20.176813 14.756853
23.089070 20.786789 14.913001
26.842382 18.253431 16.289272
27.572995 19.308572 15.390448
27.251865 17.883028 14.822948
24.948225 20.096615 15.457222
23.772788 -3.185813 2.234147
23.772788 -3.185813 36.216147
23.772788 30.796187 2.234147
23.772788 30.796187 36.216147
23.089070 -3.795789 2.077999
23.089070 -3.795789 36.059999
23.089070 30.186211 2.077999
23.089070 30.186211 36.059999
26.842382 -1.262431 0.701728
26.842382 -1.262431 34.683728
26.842382 32.719569 0.701728
26.842382 32.719569 34.683728
27.572995 -2.317572 1.600552
27.572995 -2.317572 35.582552
27.572995 31.664428 1.600552
27.572995 31.664428 35.582552
27.251865 -0.892027 2.168052
27.251865 -0.892027 36.150052
27.251865 33.089973 2.168052
27.251865 33.089973 36.150052
24.948225 -3.105615 1.533778
24.948225 -3.105615 35.515778
24.948225 30.876385 1.533778
24.948225 30.876385 35.515778
-3.185813 27.200212 14.756853
30.796187 27.200212 14.756853
-3.795789 27.883930 14.913001
30.186211 27.883930 14.913001
-3.105615 26.024775 15.457222
30.876385 26.024775 15.457222
27.200212 20.176813 2.234147
27.200212 20.176813 36.216147
27.883930 20.786789 2.077999
27.883930 20.786789 36.059999
24.130618 18.253431 0.701728
24.130618 18.253431 34.683728
23.400005 19.308572 1.600552
23.400005 19.308572 35.582552
23.721135 17.883028 2.168052
23.721135 17.883028 36.150052
26.024775 20.096615 1.533778
26.024775 20.096615 35.515778
20.176813 23.772788 14.756853
20.786789 23.089070 14.913001
18.253431 26.842382 16.289272
19.308572 27.572995 15.390448
17.883028 27.251865 14.822948
20.096615 24.948225 15.457222
27.200212 -3.185813 14.756853
27.200212 30.796187 14.756853
27.883930 -3.795789 14.913001
27.883930 30.186211 14.913001
26.024775 -3.105615 15.457222
26.024775 30.876385 15.457222
-3.185813 23.772788 2.234147
-3.185812 23.772788 36.216147
30.796187 23.772788 2.234147
30.796187 23.772788 36.216147
-3.795789 23.089070 2.077999
-3.795789 23.089070 36.059999
30.186211 23.089070 2.077999
30.186211 23.089070 36.059999
-3.105615 24.948225 1.533778
-3.105615 24.948225 35.515778
30.876385 24.948225 1.533778
30.876385 24.948225 35.515778
20.176813 27.200212 2.234147
20.176813 27.200212 36.216147
20.786789 27.883930 2.077999
20.786789 27.883930 36.059999
20.096615 26.024775 1.533778
20.096615 26.024775 35.515778
23.397457 17.125229 27.575543
23.252353 -1.713712 28.672313
23.252353 32.268288 28.672313
23.408501 -2.397430 -4.699711
23.408501 -2.397430 29.282289
23.408501 31.584570 -4.699711
23.408501 31.584570 29.282289
23.891045 18.443730 27.081955
23.952722 -0.538275 28.592115
23.952722 33.443725 28.592115
25.486500 16.991000 -4.247750
25.486500 16.991000 29.734250
17.125229 27.575543 23.397457
-1.713712 27.720647 22.300687
32.268288 27.720647 22.300687
-2.397430 27.564499 21.690711
31.584570 27.564499 21.690711
18.443730 27.081955 23.891045
-0.538275 27.020278 22.380885
33.443725 27.020278 22.380885
16.991000 25.486500 21.238750
27.575543 -0.134229 27.575543
27.575543 33.847771 27.575543
27.720647 18.704712 28.672313
27.564499 19.388430 -4.699711
27.564499 19.388430 29.282289
27.081955 -1.452731 27.081955
27.081955 32.529269 27.081955
26.188228 -1.355882 26.748931
26.188228 32.626118 26.748931
27.087052 -2.086495 27.804072
27.087052 31.895505 27.804072
27.654552 -1.765365 26.378528
27.654552 32.216635 26.378528
27.020278 17.529275 28.592115
-0.134229 23.397457 23.397457
33.847771 23.397457 23.397457
18.704712 23.252353 22.300687
19.388430 23.408501 21.690711
-1.452730 23.891045 23.891045
32.529269 23.891045 23.891045
-1.355882 24.784772 24.224069
32.626118 24.784772 24.224069
-2.086495 23.885948 23.168928
31.895505 23.885948 23.168928
-1.765365 23.318448 24.594472
32.216635 23.318448 24.594472
17.529275 23.952722 22.380885
23.397457 -0.134229 23.397457
23.397457 33.847771 23.397457
23.252353 18.704712 22.300687
23.408501 19.388430 21.690711
23.891045 -1.452731 23.891045
23.891045 32.529269 23.891045
23.952722 17.529275 22.380885
25.486500 16.991000 21.238750
-0.134229 27.575543 27.575543
33.847771 27.575543 27.575543
18.704712 27.720647 28.672313
19.388430 27.564499 -4.699711
19.388430 27.564499 29.282289
-1.452730 27.081955 27.081955
32.529269 27.081955 27.081955
17.529275 27.020278 28.592115
16.991000 25.486500 -4.247750
16.991000 25.486500 29.734250
27.575543 17.125229 23.397457
27.720647 -1.713712 22.300687
27.720647 32.268288 22.300687
27.564499 -2.397430 21.690711
27.564499 31.584570 21.690711
27.081955 18.443730 23.891045
26.188228 18.346882 24.224069
27.087052 19.077495 23.168928
27.654552 18.756365 24.594472
27.020278 -0.538275 22.380885
27.020278 33.443725 22.380885
17.125229 23.397457 27.575543
-1.713712 23.252353 28.672313
32.268288 23.252353 28.672313
-2.397430 23.408501 -4.699711
-2.397430 23.408501 29.282289
31.584570 23.408501 -4.699711
31.584570 23.408501 29.282289
18.443730 23.891045 27.081955
18.346882 24.784772 26.748931
19.077495 23.885948 27.804072
18.756365 23.318448 26.378528
-0.538275 23.952722 28.592115
33.443725 23.952722 28.592115
27.575543 23.397457 17.125229
28.672313 23.252353 -1.713712
28.672313 23.252353 32.268288
-4.699711 23.408501 -2.397430
-4.699711 23.408501 31.584570
29.282289 23.408501 -2.397430
29.282289 23.408501 31.584570
27.081955 23.891045 18.443730
28.592115 23.952722 -0.538275
28.592115 23.952722 33.443725
-4.247750 25.486500 16.991000
29.734250 25.486500 16.991000
23.397457 23.397457 -0.134229
23.397457 23.397457 33.847771
23.252353 22.300687 18.704712
23.408501 21.690711 19.388430
23.891045 23.891045 -1.452731
23.891045 23.891045 32.529269
24.784772 24.224069 -1.355882
24.784772 24.224069 32.626118
23.885948 23.168928 -2.086495
23.885948 23.168928 31.895505
23.318448 24.594472 -1.765365
23.318448 24.594472 32.216635
23.952722 22.380885 17.529275
25.486500 21.238750 16.991000
23.397457 27.575543 17.125229
22.300687 27.720647 -1.713712
22.300687 27.720647 32.268288
21.690711 27.564499 -2.397430
21.690711 27.564499 31.584570
23.891045 27.081955 18.443730
22.380885 27.020278 -0.538275
22.380885 27.020278 33.443725
21.238750 25.486500 16.991000
27.575543 27.575543 -0.134229
27.575543 27.575543 33.847771
27.720647 28.672313 18.704712
27.564499 -4.699711 19.388430
27.564499 29.282289 19.388430
27.081955 27.081955 -1.452731
27.081955 27.081955 32.529269
26.188228 26.748931 -1.355882
26.188228 26.748931 32.626118
27.087052 27.804072 -2.086495
27.087052 27.804072 31.895505
27.654552 26.378528 -1.765365
27.654552 26.378528 32.216635
27.020278 28.592115 17.529275
25.486500 -4.247750 16.991000
25.486500 29.734250 16.991000
28.672313 27.720647 18.704712
-4.699711 27.564499 19.388430
29.282289 27.564499 19.388430
28.592115 27.020278 17.529275
27.720647 22.300687 -1.713712
27.720647 22.300687 32.268288
27.564499 21.690711 -2.397430
27.564499 21.690711 31.584570
26.188228 24.224069 18.346882
27.087052 23.168928 19.077495
27.654552 24.594472 18.756365
27.020278 22.380885 -0.538275
27.020278 22.380885 33.443725
22.300687 23.252353 18.704712
21.690711 23.408501 19.388430
22.380885 23.952722 17.529275
23.252353 28.672313 -1.713712
23.252353 28.672313 32.268288
23.408501 -4.699711 -2.397430
23.408501 -4.699711 31.584570
23.408501 29.282289 -2.397430
23.408501 29.282289 31.584570
24.784772 26.748931 18.346882
23.885948 27.804072 19.077495
23.318448 26.378528 18.756365
23.952722 28.592115 -0.538275
23.952722 28.592115 33.443725
-1.713712 28.672313 23.252353
32.268288 28.672313 23.252353
-2.397430 -4.699711 23.408501
-2.397430 29.282289 23.408501
31.584570 -4.699711 23.408501
31.584570 29.282289 23.408501
18.346882 26.748931 24.784772
19.077495 27.804072 23.885948
18.756365 26.378528 23.318448
-0.538275 28.592115 23.952722
33.443725 28.592115 23.952722
16.991000 -4.247750 25.486500
16.991000 29.734250 25.486500
-1.713712 22.300687 27.720647
32.268288 22.300687 27.720647
-2.397430 21.690711 27.564499
31.584570 21.690711 27.564499
-0.538275 22.380885 27.020278
33.443725 22.380885 27.020278
16.991000 21.238750 25.486500
22.300687 18.704712 23.252353
21.690711 19.388430 23.408501
24.224069 -1.355882 24.784772
24.224069 32.626118 24.784772
23.168928 -2.086495 23.885948
23.168928 31.895505 23.885948
24.594472 -1.765365 23.318448
24.594472 32.216635 23.318448
22.380885 17.529275 23.952722
21.238750 16.991000 25.486500
18.704712 28.672313 27.720647
19.388430 -4.699711 27.564499
19.388430 29.282289 27.564499
-1.355882 26.748931 26.188228
32.626118 26.748931 26.188228
-2.086495 27.804072 27.087052
31.895505 27.804072 27.087052
-1.765365 26.378528 27.654552
32.216635 26.378528 27.654552
17.529275 28.592115 27.020278
28.672313 -1.713712 23.252353
28.672313 32.268288 23.252353
-4.699711 -2.397430 23.408501
-4.699711 31.584570 23.408501
29.282289 -2.397430 23.408501
29.282289 31.584570 23.408501
28.592115 -0.538275 23.952722
28.592115 33.443725 23.952722
-4.247750 16.991000 25.486500
29.734250 16.991000 25.486500
18.704712 22.300687 23.252353
19.388430 21.690711 23.408501
17.529275 22.380885 23.952722
22.300687 -1.713712 27.720647
22.300687 32.268288 27.720647
21.690711 -2.397430 27.564499
21.690711 31.584570 27.564499
24.224069 18.346882 26.188228
23.168928 19.077495 27.087052
24.594472 18.756365 27.654552
22.380885 -0.538275 27.020278
22.380885 33.443725 27.020278
28.672313 18.704712 27.720647
-4.699711 19.388430 27.564499
29.282289 19.388430 27.564499
28.592115 17.529275 27.020278
-2.089043 25.620729 19.080043
31.892957 25.620729 19.080043
-2.234147 23.772788 20.176813
31.747853 23.772788 20.176813
-2.077999 23.089070 20.786789
31.904001 23.089070 20.786789
-1.595455 26.939230 18.586455
32.386545 26.939230 18.586455
-0.701728 26.842382 18.253431
33.280272 26.842382 18.253431
-1.600552 27.572995 19.308572
32.381448 27.572995 19.308572
-2.168052 27.251865 17.883028
31.813948 27.251865 17.883028
-1.533778 24.948225 20.096615
32.448222 24.948225 20.096615
25.620729 19.080043 -2.089043
25.620729 19.080043 31.892957
23.772788 19.225147 -3.185813
23.772788 19.225147 30.796187
23.089070 19.068999 -3.795789
23.089070 19.068999 30.186211
26.939230 18.586455 -1.595455
26.939231 18.586455 32.386545
24.948225 18.524778 -3.105615
24.948225 18.524778 30.876385
19.080043 25.352271 19.080043
19.225147 27.200212 20.176813
19.068999 27.883930 20.786789
18.586455 24.033769 18.586455
17.692728 24.130618 18.253431
18.591552 23.400005 19.308572
19.159052 23.721135 17.883028
18.524778 26.024775 20.096615
25.352271 -2.089043 -2.089043
25.352271 -2.089043 31.892957
25.352271 31.892957 -2.089043
25.352271 31.892957 31.892957
27.200212 -2.234147 -3.185813
27.200212 -2.234147 30.796187
27.200212 31.747853 -3.185813
27.200212 31.747853 30.796187
27.883930 -2.077999 -3.795789
27.883930 -2.077999 30.186211
27.883930 31.904001 -3.795789
27.883930 31.904001 30.186211
24.033769 -1.595455 -1.595455
24.033770 -1.595455 32.386545
24.033770 32.386545 -1.595455
24.033770 32.386545 32.386545
24.130618 -0.701728 -1.262431
24.130618 -0.701728 32.719569
24.130618 33.280272 -1.262431
24.130618 33.280272 32.719569
23.400005 -1.600552 -2.317572
23.400005 -1.600552 31.664428
23.400005 32.381448 -2.317572
23.400005 32.381448 31.664428
23.721135 -2.168052 -0.892027
23.721135 -2.168052 33.089973
23.721135 31.813948 -0.892027
23.721135 31.813948 33.089973
26.024775 -1.533778 -3.105615
26.024775 -1.533778 30.876385
26.024775 32.448222 -3.105615
26.024775 32.448222 30.876385
-2.089043 25.352271 -2.089043
-2.089043 25.352271 31.892957
31.892957 25.352271 -2.089043
31.892957 25.352271 31.892957
-2.234147 27.200212 -3.185813
-2.234147 27.200212 30.796187
31.747853 27.200212 -3.185813
31.747853 27.200212 30.796187
-2.077999 27.883930 -3.795789
-2.077999 27.883930 30.186211
31.904001 27.883930 -3.795789
31.904001 27.883930 30.186211
-1.595455 24.033769 -1.595455
-1.595455 24.033770 32.386545
32.386545 24.033769 -1.595455
32.386545 24.033770 32.386545
-0.701728 24.130618 -1.262431
-0.701728 24.130618 32.719569
33.280272 24.130618 -1.262431
33.280272 24.130618 32.719569
-1.600552 23.400005 -2.317572
-1.600552 23.400005 31.664428
32.381448 23.400005 -2.317572
32.381448 23.400005 31.664428
-2.168052 23.721135 -0.892027
-2.168052 23.721135 33.089973
31.813948 23.721135 -0.892027
31.813948 23.721135 33.089973
-1.533778 26.024775 -3.105615
-1.533778 26.024775 30.876385
32.448222 26.024775 -3.105615
32.448222 26.024775 30.876385
25.352271 19.080043 19.080043
27.200212 19.225147 20.176813
27.883930 19.068999 20.786789
24.033769 18.586455 18.586455
26.024775 18.524778 20.096615
19.080043 25.620729 -2.089043
19.080043 25.620729 31.892957
19.225147 23.772788 -3.185813
19.225147 23.772788 30.796187
19.068999 23.089070 -3.795789
19.068999 23.089070 30.186211
18.586455 26.939230 -1.595455
18.586455 26.939231 32.386545
18.524778 24.948225 -3.105615
18.524778 24.948225 30.876385
25.620729 -2.089043 19.080043
25.620729 31.892957 19.080043
23.772788 -2.234147 20.176813
23.772788 31.747853 20.176813
23.089070 -2.077999 20.786789
23.089070 31.904001 20.786789
26.939230 -1.595455 18.586455
26.939231 32.386545 18.586455
24.948225 -1.533778 20.096615
24.948225 32.448222 20.096615
19.080043 -2.089043 25.620729
19.080043 31.892957 25.620729
20.176813 -2.234147 23.772788
20.176813 31.747853 23.772788
20.786789 -2.077999 23.089070
20.786789 31.904001 23.089070
18.586455 -1.595455 26.939230
18.586455 32.386545 26.939230
20.096615 -1.533778 24.948225
20.096615 32.448222 24.948225
-2.089043 -2.089043 25.352271
-2.089043 31.892957 25.352271
31.892957 -2.089043 25.352271
31.892957 31.892957 25.352271
-2.234147 -3.185813 27.200212
-2.234147 30.796187 27.200212
31.747853 -3.185813 27.200212
31.747853 30.796187 27.200212
-2.077999 -3.795789 27.883930
-2.077999 30.186211 27.883930
31.904001 -3.795789 27.883930
31.904001 30.186211 27.883930
-1.595455 -1.595455 24.033769
-1.595455 32.386545 24.033769
32.386545 -1.595455 24.033769
32.386545 32.386545 24.033769
-0.701728 -1.262431 24.130618
-0.701728 32.719569 24.130618
33.280272 -1.262431 24.130618
33.280272 32.719569 24.130618
-1.600552 -2.317572 23.400005
-1.600552 31.664428 23.400005
32.381448 -2.317572 23.400005
32.381448 31.664428 23.400005
-2.168052 -0.892027 23.721135
-2.168052 33.089973 23.721135
31.813948 -0.892027 23.721135
31.813948 33.089973 23.721135
-1.533778 -3.105615 26.024775
-1.533778 30.876385 26.024775
32.448222 -3.105615 26.024775
32.448222 30.876385 26.024775
-2.089043 19.080043 25.620729
31.892957 19.080043 25.620729
-3.185813 19.225147 23.772788
30.796187 19.225147 23.772788
-3.795789 19.068999 23.089070
30.186211 19.068999 23.089070
-1.595455 18.586455 26.939230
32.386545 18.586455 26.939230
-3.105615 18.524778 24.948225
30.876385 18.524778 24.948225
19.080043 19.080043 25.352271
19.225147 20.176813 27.200212
19.068999 20.786789 27.883930
18.586455 18.586455 24.033769
17.692728 18.253431 24.130618
18.591552 19.308572 23.400005
19.159052 17.883028 23.721135
18.524778 20.096615 26.024775
20.176813 19.225147 27.200212
20.786789 19.068999 27.883930
20.096615 18.524778 26.024775
19.225147 -3.185813 23.772788
19.225147 30.796187 23.772788
19.068999 -3.795789 23.089070
19.068999 30.186211 23.089070
17.692728 -1.262431 26.842382
17.692728 32.719569 26.842382
18.591552 -2.317572 27.572995
18.591552 31.664428 27.572995
19.159052 -0.892027 27.251865
19.159052 33.089973 27.251865
18.524778 -3.105615 24.948225
18.524778 30.876385 24.948225
-3.185813 -2.234147 27.200212
-3.185812 31.747853 27.200212
30.796187 -2.234147 27.200212
30.796187 31.747853 27.200212
-3.795789 -2.077999 27.883930
-3.795789 31.904001 27.883930
30.186211 -2.077999 27.883930
30.186211 31.904001 27.883930
-3.105615 -1.533778 26.024775
-3.105615 32.448222 26.024775
30.876385 -1.533778 26.024775
30.876385 32.448222 26.024775
-2.234147 20.176813 23.772788
31.747853 20.176813 23.772788
-2.077999 20.786789 23.089070
31.904001 20.786789 23.089070
-0.701728 18.253431 26.842382
33.280272 18.253431 26.842382
-1.600552 19.308572 27.572995
32.381448 19.308572 27.572995
-2.168052 17.883028 27.251865
31.813948 17.883028 27.251865
-1.533778 20.096615 24.948225
32.448222 20.096615 24.948225
23.772788 20.176813 -2.234147
23.772788 20.176813 31.747853
23.089070 20.786789 -2.077999
23.089070 20.786789 31.904001
26.842382 18.253431 -0.701728
26.842382 18.253431 33.280272
27.572995 19.308572 -1.600552
27.572995 19.308572 32.381448
27.251865 17.883028 -2.168052
27.251865 17.883028 31.813948
24.948225 20.096615 -1.533778
24.948225 20.096615 32.448222
23.772788 -3.185813 19.225147
23.772788 30.796187 19.225147
23.089070 -3.795789 19.068999
23.089070 30.186211 19.068999
26.842382 -1.262431 17.692728
26.842382 32.719569 17.692728
27.572995 -2.317572 18.591552
27.572995 31.664428 18.591552
27.251865 -0.892027 19.159052
27.251865 33.089973 19.159052
24.948225 -3.105615 18.524778
24.948225 30.876385 18.524778
-3.185813 27.200212 -2.234147
-3.185812 27.200212 31.747853
30.796187 27.200212 -2.234147
30.796187 27.200212 31.747853
-3.795789 27.883930 -2.077999
-3.795789 27.883930 31.904001
30.186211 27.883930 -2.077999
30.186211 27.883930 31.904001
-3.105615 26.024775 -1.533778
-3.105615 26.024775 32.448222
30.876385 26.024775 -1.533778
30.876385 26.024775 32.448222
27.200212 20.176813 19.225147
27.883930 20.786789 19.068999
24.130618 18.253431 17.692728
23.400005 19.308572 18.591552
23.721135 17.883028 19.159052
26.024775 20.096615 18.524778
20.176813 23.772788 -2.234147
20.176813 23.772788 31.747853
20.786789 23.089070 -2.077999
20.786789 23.089070 31.904001
18.253431 26.842382 -0.701728
18.253431 26.842382 33.280272
19.308572 27.572995 -1.600552
19.308572 27.572995 32.381448
17.883028 27.251865 -2.168052
17.883028 27.251865 31.813948
20.096615 24.948225 -1.533778
20.096615 24.948225 32.448222
27.200212 -3.185813 -2.234147
27.200212 -3.185813 31.747853
27.200212 30.796187 -2.234147
27.200212 30.796187 31.747853
27.883930 -3.795789 -2.077999
27.883930 -3.795789 31.904001
27.883930 30.186211 -2.077999
27.883930 30.186211 31.904001
26.024775 -3.105615 -1.533778
26.024775 -3.105615 32.448222
26.024775 30.876385 -1.533778
26.024775 30.876385 32.448222
-3.185813 23.772788 19.225147
30.796187 23.772788 19.225147
-3.795789 23.089070 19.068999
30.186211 23.089070 19.068999
-3.105615 24.948225 18.524778
30.876385 24.948225 18.524778
20.176813 27.200212 19.225147
20.786789 27.883930 19.068999
20.096615 26.024775 18.524778
LINES 4680 14040
2 0 4
2 0 1098
2 0 1333
2 1 5
2 1 1099
2 1 1334
2 2 3
2 2 6
2 2 236
2 4 239
2 4 241
2 4 243
2 5 240
2 5 242
2 5 244
2 6 1092
2 6 1100
2 7 30
2 7 276
2 7 1098
2 7 1405
2 8 31
2 8 277
2 8 1099
2 8 1406
2 9 14
2 9 2189
2 9 2356
2 10 15
2 10 2190
2 10 2357
2 11 12
2 11 16
2 11 180
2 14 182
2 14 184
2 14 186
2 15 183
2 15 185
2 15 187
2 16 2181
2 16 2191
2 17 43
2 17 306
2 17 2189
2 17 2446
2 18 307
2 18 2447
2 19 44
2 19 308
2 19 2190
2 19 2448
2 20 309
2 20 2449
2 21 26
2 21 1125
2 21 1337
2 22 24
2 22 30
2 22 246
2 23 25
2 23 31
2 23 247
2 26 27
2 26 28
2 26 29
2 30 1113
2 31 1114
2 32 39
2 32 2217
2 32 2400
2 33 35
2 33 43
2 33 228
2 34 37
2 34 44
2 34 229
2 39 40
2 39 41
2 39 42
2 43 2204
2 44 2205
2 45 52
2 45 1146
2 45 1297
2 46 48
2 46 53
2 46 199
2 47 50
2 47 54
2 47 200
2 52 205
2 52 206
2 52 207
2 53 55
2 53 1139
2 54 57
2 54 1140
2 55 342
2 55 1170
2 55 1451
2 56 343
2 56 1452
2 57 344
2 57 1171
2 57 1453
2 58 345
2 58 1454
2 59 64
2 59 2238
2 59 2388
2 60 62
2 60 65
2 60 214
2 61 63
2 61 66
2 61 215
2 64 218
2 64 219
2 64 220
2 65 67
2 65 2232
2 66 68
2 66 2233
2 67 354
2 67 2263
2 67 2498
2 68 355
2 68 2264
2 68 2499
2 69 74
2 69 1170
2 69 1315
2 70 75
2 70 1171
2 70 1316
2 71 72
2 71 82
2 71 223
2 74 76
2 74 78
2 74 80
2 75 77
2 75 79
2 75 81
2 82 1147
2 82 1159
2 83 87
2 83 2263
2 83 2365
2 84 88
2 84 2264
2 84 2366
2 85 86
2 85 95
2 85 191
2 87 89
2 87 91
2 87 93
2 88 90
2 88 92
2 88 94
2 95 2239
2 95 2254
2 96 100
2 96 651
2 96 708
2 97 101
2 97 652
2 97 709
2 98 99
2 98 102
2 98 153
2 100 156
2 100 158
2 100 160
2 101 157
2 101 159
2 101 161
2 102 645
2 102 653
2 103 151
2 103 535
2 103 651
2 103 1039
2 104 152
2 104 536
2 104 652
2 104 1040
2 105 112
2 105 667
2 105 713
2 106 108
2 106 116
2 106 163
2 107 109
2 107 117
2 107 164
2 112 113
2 112 114
2 112 115
2 116 118
2 116 654
2 117 119
2 117 655
2 118 512
2 118 708
2 118 1025
2 119 513
2 119 709
2 119 1026
2 120 514
2 120 1027
2 121 515
2 121 1028
2 122 127
2 122 678
2 122 721
2 123 128
2 123 679
2 123 722
2 124 125
2 124 129
2 124 171
2 127 173
2 127 175
2 127 177
2 128 174
2 128 176
2 128 178
2 129 670
2 129 680
2 130 169
2 130 545
2 130 678
2 130 1073
2 131 170
2 131 546
2 131 679
2 131 1074
2 132 547
2 132 1075
2 133 548
2 133 1076
2 134 139
2 134 694
2 134 698
2 135 137
2 135 143
2 135 147
2 136 138
2 136 144
2 136 148
2 139 140
2 139 141
2 139 142
2 143 145
2 143 682
2 144 146
2 144 683
2 145 487
2 145 721
2 145 1081
2 146 488
2 146 722
2 146 1082
2 147 149
2 147 151
2 148 150
2 148 152
2 151 682
2 152 683
2 153 154
2 153 162
2 162 645
2 162 668
2 163 165
2 163 169
2 164 166
2 164 170
2 169 654
2 170 655
2 171 172
2 171 179
2 179 670
2 179 695
2 180 181
2 180 188
2 188 2181
2 188 2358
2 189 221
2 189 448
2 189 2356
2 189 2554
2 190 222
2 190 449
2 190 2357
2 190 2555
2 191 192
2 191 194
2 194 2254
2 194 2367
2 195 234
2 195 422
2 195 2365
2 195 2630
2 196 423
2 196 2631
2 197 235
2 197 424
2 197 2366
2 197 2632
2 198 425
2 198 2633
2 199 201
2 199 208
2 200 202
2 200 209
2 208 210
2 208 1139
2 209 211
2 209 1140
2 210 434
2 210 1333
2 210 1471
2 211 435
2 211 1334
2 211 1472
2 212 436
2 212 1473
2 213 437
2 213 1474
2 214 216
2 214 221
2 215 217
2 215 222
2 221 2232
2 222 2233
2 223 224
2 223 225
2 225 1159
2 225 1317
2 226 250
2 226 392
2 226 1315
2 226 1546
2 227 251
2 227 393
2 227 1316
2 227 1547
2 228 230
2 228 234
2 229 232
2 229 235
2 234 2204
2 235 2205
2 236 237
2 236 245
2 245 1092
2 245 1298
2 246 248
2 246 250
2 247 249
2 247 251
2 250 1113
2 251 1114
2 252 258
2 252 266
2 252 535
2 253 259
2 253 267
2 253 536
2 254 256
2 254 266
2 254 531
2 255 257
2 255 267
2 255 532
2 258 260
2 258 262
2 258 264
2 259 261
2 259 263
2 259 265
2 266 2191
2 267 2192
2 268 274
2 268 276
2 268 475
2 269 275
2 269 277
2 269 476
2 270 272
2 270 276
2 270 465
2 271 273
2 271 277
2 271 466
2 274 469
2 274 471
2 274 473
2 275 470
2 275 472
2 275 474
2 278 290
2 278 306
2 278 545
2 279 291
2 279 307
2 279 546
2 280 292
2 280 308
2 280 547
2 281 293
2 281 309
2 281 548
2 282 286
2 282 306
2 282 537
2 283 287
2 283 307
2 283 538
2 284 288
2 284 308
2 284 539
2 285 289
2 285 309
2 285 540
2 290 294
2 290 298
2 290 302
2 291 295
2 291 299
2 291 303
2 292 296
2 292 300
2 292 304
2 293 297
2 293 301
2 293 305
2 310 313
2 310 317
2 310 530
2 311 312
2 311 317
2 311 528
2 313 314
2 313 315
2 313 316
2 317 1100
2 318 321
2 318 325
2 318 491
2 319 320
2 319 325
2 319 489
2 321 322
2 321 323
2 321 324
2 325 2239
2 326 338
2 326 342
2 326 512
2 327 339
2 327 343
2 327 513
2 328 340
2 328 344
2 328 514
2 329 341
2 329 345
2 329 515
2 330 334
2 330 342
2 330 492
2 331 335
2 331 343
2 331 493
2 332 336
2 332 344
2 332 494
2 333 337
2 333 345
2 333 495
2 338 500
2 338 504
2 338 508
2 339 501
2 339 505
2 339 509
2 340 502
2 340 506
2 340 510
2 341 503
2 341 507
2 341 511
2 346 352
2 346 354
2 346 526
2 347 353
2 347 355
2 347 527
2 348 350
2 348 354
2 348 516
2 349 351
2 349 355
2 349 517
2 352 520
2 352 522
2 352 524
2 353 521
2 353 523
2 353 525
2 356 362
2 356 364
2 356 487
2 357 363
2 357 365
2 357 488
2 358 360
2 358 364
2 358 477
2 359 361
2 359 365
2 359 478
2 362 481
2 362 483
2 362 485
2 363 482
2 363 484
2 363 486
2 364 1147
2 365 1148
2 366 372
2 366 374
2 366 448
2 367 373
2 367 375
2 367 449
2 368 370
2 368 374
2 368 438
2 369 371
2 369 375
2 369 439
2 372 442
2 372 444
2 372 446
2 373 443
2 373 445
2 373 447
2 374 1298
2 375 1299
2 376 379
2 376 383
2 376 452
2 377 378
2 377 383
2 377 450
2 379 380
2 379 381
2 379 382
2 383 2358
2 384 390
2 384 392
2 384 463
2 385 391
2 385 393
2 385 464
2 386 388
2 386 392
2 386 453
2 387 389
2 387 393
2 387 454
2 390 457
2 390 459
2 390 461
2 391 458
2 391 460
2 391 462
2 394 406
2 394 422
2 394 434
2 395 407
2 395 423
2 395 435
2 396 408
2 396 424
2 396 436
2 397 409
2 397 425
2 397 437
2 398 402
2 398 422
2 398 426
2 399 403
2 399 423
2 399 427
2 400 404
2 400 424
2 400 428
2 401 405
2 401 425
2 401 429
2 406 410
2 406 414
2 406 418
2 407 411
2 407 415
2 407 419
2 408 412
2 408 416
2 408 420
2 409 413
2 409 417
2 409 421
2 426 430
2 426 434
2 427 431
2 427 435
2 428 432
2 428 436
2 429 433
2 429 437
2 438 440
2 438 448
2 439 441
2 439 449
2 450 451
2 450 452
2 452 1317
2 453 455
2 453 463
2 454 456
2 454 464
2 463 2367
2 464 2368
2 465 467
2 465 475
2 466 468
2 466 476
2 475 668
2 476 669
2 477 479
2 477 487
2 478 480
2 478 488
2 489 490
2 489 491
2 491 653
2 492 496
2 492 512
2 493 497
2 493 513
2 494 498
2 494 514
2 495 499
2 495 515
2 516 518
2 516 526
2 517 519
2 517 527
2 526 680
2 527 681
2 528 529
2 528 530
2 530 695
2 531 533
2 531 535
2 532 534
2 532 536
2 537 541
2 537 545
2 538 542
2 538 546
2 539 543
2 539 547
2 540 544
2 540 548
2 549 554
2 549 1643
2 549 1870
2 550 555
2 550 1644
2 550 1871
2 551 553
2 551 556
2 551 779
2 554 782
2 554 784
2 554 786
2 555 783
2 555 785
2 555 787
2 556 1635
2 556 1646
2 557 819
2 557 1937
2 558 581
2 558 820
2 558 1643
2 558 1938
2 559 821
2 559 1939
2 560 582
2 560 822
2 560 1644
2 560 1940
2 561 565
2 561 2733
2 561 2893
2 562 566
2 562 2734
2 562 2894
2 563 564
2 563 567
2 563 723
2 565 725
2 565 727
2 565 729
2 566 726
2 566 728
2 566 730
2 567 2727
2 567 2735
2 568 592
2 568 837
2 568 2733
2 568 2969
2 569 593
2 569 838
2 569 2734
2 569 2970
2 570 577
2 570 1669
2 570 1874
2 571 574
2 571 581
2 571 789
2 572 576
2 572 582
2 572 790
2 577 578
2 577 579
2 577 580
2 581 1656
2 582 1657
2 583 588
2 583 2761
2 583 2937
2 584 586
2 584 592
2 584 771
2 585 587
2 585 593
2 585 772
2 588 589
2 588 590
2 588 591
2 592 2749
2 593 2750
2 594 599
2 594 1687
2 594 1834
2 595 597
2 595 600
2 595 742
2 596 598
2 596 601
2 596 743
2 599 748
2 599 749
2 599 750
2 600 602
2 600 1681
2 601 603
2 601 1682
2 602 879
2 602 1712
2 602 1990
2 603 880
2 603 1713
2 603 1991
2 604 611
2 604 2779
2 604 2925
2 605 608
2 605 612
2 605 757
2 606 610
2 606 613
2 606 758
2 611 761
2 611 762
2 611 763
2 612 615
2 612 2772
2 613 617
2 613 2773
2 614 897
2 614 3043
2 615 898
2 615 2806
2 615 3044
2 616 899
2 616 3045
2 617 900
2 617 2807
2 617 3046
2 618 622
2 618 1712
2 618 1852
2 619 623
2 619 1713
2 619 1853
2 620 621
2 620 630
2 620 766
2 622 624
2 622 626
2 622 628
2 623 625
2 623 627
2 623 629
2 630 1688
2 630 1703
2 631 636
2 631 2806
2 631 2902
2 632 637
2 632 2807
2 632 2903
2 633 635
2 633 644
2 633 734
2 636 638
2 636 640
2 636 642
2 637 639
2 637 641
2 637 643
2 644 2781
2 644 2795
2 645 650
2 646 648
2 646 651
2 646 699
2 647 649
2 647 652
2 647 700
2 650 705
2 650 706
2 650 707
2 653 698
2 653 1085
2 654 659
2 655 660
2 656 657
2 656 667
2 656 710
2 659 661
2 659 663
2 659 665
2 660 662
2 660 664
2 660 666
2 667 668
2 668 1051
2 669 1052
2 670 677
2 671 673
2 671 678
2 671 714
2 672 674
2 672 679
2 672 715
2 677 718
2 677 719
2 677 720
2 680 713
2 680 1090
2 681 1091
2 682 686
2 683 687
2 684 685
2 684 694
2 684 696
2 686 688
2 686 690
2 686 692
2 687 689
2 687 691
2 687 693
2 694 695
2 695 1034
2 696 697
2 696 698
2 699 701
2 699 708
2 700 702
2 700 709
2 710 711
2 710 713
2 714 716
2 714 721
2 715 717
2 715 722
2 723 724
2 723 731
2 731 2727
2 731 2895
2 732 764
2 732 988
2 732 2893
2 732 3091
2 733 765
2 733 989
2 733 2894
2 733 3092
2 734 735
2 734 737
2 737 2795
2 737 2904
2 738 777
2 738 962
2 738 2902
2 738 3167
2 739 963
2 739 3168
2 740 778
2 740 964
2 740 2903
2 740 3169
2 741 965
2 741 3170
2 742 744
2 742 751
2 743 745
2 743 752
2 751 753
2 751 1681
2 752 754
2 752 1682
2 753 974
2 753 1870
2 753 2008
2 754 975
2 754 1871
2 754 2009
2 755 976
2 755 2010
2 756 977
2 756 2011
2 757 759
2 757 764
2 758 760
2 758 765
2 764 2772
2 765 2773
2 766 767
2 766 768
2 768 1703
2 768 1854
2 769 793
2 769 932
2 769 1852
2 769 2083
2 770 794
2 770 933
2 770 1853
2 770 2084
2 771 773
2 771 777
2 772 775
2 772 778
2 777 2749
2 778 2750
2 779 780
2 779 788
2 788 1635
2 788 1835
2 789 791
2 789 793
2 790 792
2 790 794
2 793 1656
2 794 1657
2 795 798
2 795 802
2 795 1085
2 796 797
2 796 802
2 796 1083
2 798 799
2 798 800
2 798 801
2 802 2735
2 803 815
2 803 819
2 803 1025
2 804 816
2 804 820
2 804 1026
2 805 817
2 805 821
2 805 1027
2 806 818
2 806 822
2 806 1028
2 807 811
2 807 819
2 807 1005
2 808 812
2 808 820
2 808 1006
2 809 813
2 809 821
2 809 1007
2 810 814
2 810 822
2 810 1008
2 815 1013
2 815 1017
2 815 1021
2 816 1014
2 816 1018
2 816 1022
2 817 1015
2 817 1019
2 817 1023
2 818 1016
2 818 1020
2 818 1024
2 823 829
2 823 837
2 823 1090
2 824 830
2 824 838
2 824 1091
2 825 827
2 825 837
2 825 1086
2 826 828
2 826 838
2 826 1087
2 829 831
2 829 833
2 829 835
2 830 832
2 830 834
2 830 836
2 839 845
2 839 853
2 839 1081
2 840 846
2 840 854
2 840 1082
2 841 843
2 841 853
2 841 1077
2 842 844
2 842 854
2 842 1078
2 845 847
2 845 849
2 845 851
2 846 848
2 846 850
2 846 852
2 853 1645
2 854 1646
2 855 861
2 855 869
2 855 1039
2 856 862
2 856 870
2 856 1040
2 857 859
2 857 869
2 857 1035
2 858 860
2 858 870
2 858 1036
2 861 863
2 861 865
2 861 867
2 862 864
2 862 866
2 862 868
2 869 2780
2 870 2781
2 871 877
2 871 879
2 871 1051
2 872 878
2 872 880
2 872 1052
2 873 875
2 873 879
2 873 1041
2 874 876
2 874 880
2 874 1042
2 877 1045
2 877 1047
2 877 1049
2 878 1046
2 878 1048
2 878 1050
2 881 893
2 881 897
2 881 1073
2 882 894
2 882 898
2 882 1074
2 883 895
2 883 899
2 883 1075
2 884 896
2 884 900
2 884 1076
2 885 889
2 885 897
2 885 1053
2 886 890
2 886 898
2 886 1054
2 887 891
2 887 899
2 887 1055
2 888 892
2 888 900
2 888 1056
2 893 1061
2 893 1065
2 893 1069
2 894 1062
2 894 1066
2 894 1070
2 895 1063
2 895 1067
2 895 1071
2 896 1064
2 896 1068
2 896 1072
2 901 904
2 901 905
2 901 1034
2 902 903
2 902 905
2 902 1029
2 904 1031
2 904 1032
2 904 1033
2 905 1688
2 906 912
2 906 914
2 906 988
2 907 913
2 907 915
2 907 989
2 908 910
2 908 914
2 908 978
2 909 911
2 909 915
2 909 979
2 912 982
2 912 984
2 912 986
2 913 983
2 913 985
2 913 987
2 914 1835
2 915 1836
2 916 919
2 916 923
2 916 992
2 917 918
2 917 923
2 917 990
2 919 920
2 919 921
2 919 922
2 923 2895
2 924 930
2 924 932
2 924 1003
2 925 931
2 925 933
2 925 1004
2 926 928
2 926 932
2 926 993
2 927 929
2 927 933
2 927 994
2 930 997
2 930 999
2 930 1001
2 931 998
2 931 1000
2 931 1002
2 934 946
2 934 962
2 934 974
2 935 947
2 935 963
2 935 975
2 936 948
2 936 964
2 936 976
2 937 949
2 937 965
2 937 977
2 938 942
2 938 962
2 938 966
2 939 943
2 939 963
2 939 967
2 940 944
2 940 964
2 940 968
2 941 945
2 941 965
2 941 969
2 946 950
2 946 954
2 946 958
2 947 951
2 947 955
2 947 959
2 948 952
2 948 956
2 948 960
2 949 953
2 949 957
2 949 961
2 966 970
2 966 974
2 967 971
2 967 975
2 968 972
2 968 976
2 969 973
2 969 977
2 978 980
2 978 988
2 979 981
2 979 989
2 990 991
2 990 992
2 992 1854
2 993 995
2 993 1003
2 994 996
2 994 1004
2 1003 2904
2 1004 2905
2 1005 1009
2 1005 1025
2 1006 1010
2 1006 1026
2 1007 1011
2 1007 1027
2 1008 1012
2 1008 1028
2 1029 1030
2 1029 1034
2 1035 1037
2 1035 1039
2 1036 1038
2 1036 1040
2 1041 1043
2 1041 1051
2 1042 1044
2 1042 1052
2 1053 1057
2 1053 1073
2 1054 1058
2 1054 1074
2 1055 1059
2 1055 1075
2 1056 1060
2 1056 1076
2 1077 1079
2 1077 1081
2 1078 1080
2 1078 1082
2 1083 1084
2 1083 1085
2 1086 1088
2 1086 1090
2 1087 1089
2 1087 1091
2 1092 1097
2 1093 1095
2 1093 1098
2 1093 1324
2 1094 1096
2 1094 1099
2 1094 1325
2 1097 1330
2 1097 1331
2 1097 1332
2 1100 1125
2 1100 1358
2 1101 1106
2 1101 3269
2 1101 3435
2 1102 1107
2 1102 3270
2 1102 3436
2 1103 1104
2 1103 1108
2 1103 1269
2 1106 1272
2 1106 1274
2 1106 1276
2 1107 1273
2 1107 1275
2 1107 1277
2 1108 3261
2 1108 3271
2 1109 1137
2 1109 1387
2 1109 3269
2 1109 3520
2 1110 1388
2 1110 3521
2 1111 1138
2 1111 1389
2 1111 3270
2 1111 3522
2 1112 1390
2 1112 3523
2 1113 1117
2 1114 1118
2 1115 1116
2 1115 1125
2 1115 1335
2 1117 1119
2 1117 1121
2 1117 1123
2 1118 1120
2 1118 1122
2 1118 1124
2 1126 1133
2 1126 3299
2 1126 3478
2 1127 1129
2 1127 1137
2 1127 1318
2 1128 1131
2 1128 1138
2 1128 1319
2 1133 1134
2 1133 1135
2 1133 1136
2 1137 3286
2 1138 3287
2 1139 1144
2 1140 1145
2 1141 1142
2 1141 1146
2 1141 1288
2 1144 1291
2 1144 1293
2 1144 1295
2 1145 1292
2 1145 1294
2 1145 1296
2 1146 1147
2 1147 1423
2 1148 1424
2 1149 1154
2 1149 3316
2 1149 3465
2 1150 1152
2 1150 1155
2 1150 1300
2 1151 1153
2 1151 1156
2 1151 1301
2 1154 1306
2 1154 1307
2 1154 1308
2 1155 1157
2 1155 3310
2 1156 1158
2 1156 3311
2 1157 1433
2 1157 3340
2 1157 3575
2 1158 1434
2 1158 3341
2 1158 3576
2 1159 1166
2 1160 1162
2 1160 1170
2 1160 1311
2 1161 1164
2 1161 1171
2 1161 1312
2 1166 1167
2 1166 1168
2 1166 1169
2 1172 1176
2 1172 3340
2 1172 3443
2 1173 1177
2 1173 3341
2 1173 3444
2 1174 1175
2 1174 1184
2 1174 1283
2 1176 1178
2 1176 1180
2 1176 1182
2 1177 1179
2 1177 1181
2 1177 1183
2 1184 3317
2 1184 3331
2 1185 1189
2 1185 1734
2 1185 1789
2 1186 1190
2 1186 1735
2 1186 1790
2 1187 1188
2 1187 1191
2 1187 1242
2 1189 1244
2 1189 1246
2 1189 1248
2 1190 1245
2 1190 1247
2 1190 1249
2 1191 1728
2 1191 1736
2 1192 1240
2 1192 1621
2 1192 1734
2 1192 2119
2 1193 1241
2 1193 1622
2 1193 1735
2 1193 2120
2 1194 1199
2 1194 1749
2 1194 1794
2 1195 1197
2 1195 1203
2 1195 1251
2 1196 1198
2 1196 1204
2 1196 1252
2 1199 1200
2 1199 1201
2 1199 1202
2 1203 1205
2 1203 1737
2 1204 1206
2 1204 1738
2 1205 1597
2 1205 1789
2 1205 2101
2 1206 1598
2 1206 1790
2 1206 2102
2 1207 1212
2 1207 1759
2 1207 1804
2 1208 1213
2 1208 1760
2 1208 1805
2 1209 1210
2 1209 1214
2 1209 1259
2 1212 1262
2 1212 1264
2 1212 1266
2 1213 1263
2 1213 1265
2 1213 1267
2 1214 1751
2 1214 1761
2 1215 1257
2 1215 1631
2 1215 1759
2 1215 2147
2 1216 1258
2 1216 1632
2 1216 1760
2 1216 2148
2 1217 1633
2 1217 2149
2 1218 1634
2 1218 2150
2 1219 1226
2 1219 1776
2 1219 1781
2 1220 1224
2 1220 1230
2 1220 1236
2 1221 1225
2 1221 1231
2 1221 1237
2 1226 1227
2 1226 1228
2 1226 1229
2 1230 1234
2 1230 1763
2 1231 1235
2 1231 1764
2 1232 1580
2 1232 2159
2 1233 1581
2 1233 2160
2 1234 1582
2 1234 1804
2 1234 2161
2 1235 1583
2 1235 1805
2 1235 2162
2 1236 1238
2 1236 1240
2 1237 1239
2 1237 1241
2 1240 1763
2 1241 1764
2 1242 1243
2 1242 1250
2 1250 1728
2 1250 1750
2 1251 1253
2 1251 1257
2 1252 1254
2 1252 1258
2 1257 1737
2 1258 1738
2 1259 1261
2 1259 1268
2 1268 1751
2 1268 1778
2 1269 1271
2 1269 1278
2 1278 3261
2 1278 3438
2 1279 1538
2 1279 3650
2 1280 1309
2 1280 1539
2 1280 3435
2 1280 3651
2 1281 1540
2 1281 3652
2 1282 1310
2 1282 1541
2 1282 3436
2 1282 3653
2 1283 1284
2 1283 1285
2 1285 3331
2 1285 3445
2 1286 1322
2 1286 1510
2 1286 3443
2 1286 3709
2 1287 1323
2 1287 1511
2 1287 3444
2 1287 3710
2 1288 1289
2 1288 1297
2 1297 1298
2 1298 1516
2 1299 1517
2 1300 1303
2 1300 1309
2 1301 1305
2 1301 1310
2 1309 3310
2 1310 3311
2 1311 1313
2 1311 1315
2 1312 1314
2 1312 1316
2 1317 1337
2 1317 1495
2 1318 1320
2 1318 1322
2 1319 1321
2 1319 1323
2 1322 3286
2 1323 3287
2 1324 1326
2 1324 1333
2 1325 1327
2 1325 1334
2 1335 1336
2 1335 1337
2 1338 1344
2 1338 1352
2 1338 1621
2 1339 1345
2 1339 1353
2 1339 1622
2 1340 1342
2 1340 1352
2 1340 1617
2 1341 1343
2 1341 1353
2 1341 1618
2 1344 1346
2 1344 1348
2 1344 1350
2 1345 1347
2 1345 1349
2 1345 1351
2 1352 3271
2 1353 3272
2 1354 1357
2 1354 1358
2 1354 1559
2 1355 1356
2 1355 1358
2 1355 1554
2 1357 1556
2 1357 1557
2 1357 1558
2 1359 1371
2 1359 1387
2 1359 1631
2 1360 1372
2 1360 1388
2 1360 1632
2 1361 1373
2 1361 1389
2 1361 1633
2 1362 1374
2 1362 1390
2 1362 1634
2 1363 1367
2 1363 1387
2 1363 1623
2 1364 1368
2 1364 1388
2 1364 1624
2 1365 1369
2 1365 1389
2 1365 1625
2 1366 1370
2 1366 1390
2 1366 1626
2 1371 1375
2 1371 1379
2 1371 1383
2 1372 1376
2 1372 1380
2 1372 1384
2 1373 1377
2 1373 1381
2 1373 1385
2 1374 1378
2 1374 1382
2 1374 1386
2 1391 1397
2 1391 1405
2 1391 1615
2 1392 1398
2 1392 1406
2 1392 1616
2 1393 1395
2 1393 1405
2 1393 1611
2 1394 1396
2 1394 1406
2 1394 1612
2 1397 1399
2 1397 1401
2 1397 1403
2 1398 1400
2 1398 1402
2 1398 1404
2 1407 1410
2 1407 1414
2 1407 1586
2 1408 1409
2 1408 1414
2 1408 1584
2 1410 1411
2 1410 1412
2 1410 1413
2 1414 3317
2 1415 1421
2 1415 1423
2 1415 1597
2 1416 1422
2 1416 1424
2 1416 1598
2 1417 1419
2 1417 1423
2 1417 1587
2 1418 1420
2 1418 1424
2 1418 1588
2 1421 1591
2 1421 1593
2 1421 1595
2 1422 1592
2 1422 1594
2 1422 1596
2 1425 1431
2 1425 1433
2 1425 1609
2 1426 1432
2 1426 1434
2 1426 1610
2 1427 1429
2 1427 1433
2 1427 1599
2 1428 1430
2 1428 1434
2 1428 1600
2 1431 1603
2 1431 1605
2 1431 1607
2 1432 1604
2 1432 1606
2 1432 1608
2 1435 1447
2 1435 1451
2 1435 1580
2 1436 1448
2 1436 1452
2 1436 1581
2 1437 1449
2 1437 1453
2 1437 1582
2 1438 1450
2 1438 1454
2 1438 1583
2 1439 1443
2 1439 1451
2 1439 1560
2 1440 1444
2 1440 1452
2 1440 1561
2 1441 1445
2 1441 1453
2 1441 1562
2 1442 1446
2 1442 1454
2 1442 1563
2 1447 1568
2 1447 1572
2 1447 1576
2 1448 1569
2 1448 1573
2 1448 1577
2 1449 1570
2 1449 1574
2 1449 1578
2 1450 1571
2 1450 1575
2 1450 1579
2 1455 1467
2 1455 1471
2 1455 1538
2 1456 1468
2 1456 1472
2 1456 1539
2 1457 1469
2 1457 1473
2 1457 1540
2 1458 1470
2 1458 1474
2 1458 1541
2 1459 1463
2 1459 1471
2 1459 1518
2 1460 1464
2 1460 1472
2 1460 1519
2 1461 1465
2 1461 1473
2 1461 1520
2 1462 1466
2 1462 1474
2 1462 1521
2 1467 1526
2 1467 1530
2 1467 1534
2 1468 1527
2 1468 1531
2 1468 1535
2 1469 1528
2 1469 1532
2 1469 1536
2 1470 1529
2 1470 1533
2 1470 1537
2 1475 1481
2 1475 1489
2 1475 1546
2 1476 1482
2 1476 1490
2 1476 1547
2 1477 1479
2 1477 1489
2 1477 1542
2 1478 1480
2 1478 1490
2 1478 1543
2 1481 1483
2 1481 1485
2 1481 1487
2 1482 1484
2 1482 1486
2 1482 1488
2 1489 3437
2 1490 3438
2 1491 1494
2 1491 1495
2 1491 1553
2 1492 1493
2 1492 1495
2 1492 1548
2 1494 1550
2 1494 1551
2 1494 1552
2 1496 1502
2 1496 1510
2 1496 1516
2 1497 1503
2 1497 1511
2 1497 1517
2 1498 1500
2 1498 1510
2 1498 1512
2 1499 1501
2 1499 1511
2 1499 1513
2 1502 1504
2 1502 1506
2 1502 1508
2 1503 1505
2 1503 1507
2 1503 1509
2 1512 1514
2 1512 1516
2 1513 1515
2 1513 1517
2 1518 1522
2 1518 1538
2 1519 1523
2 1519 1539
2 1520 1524
2 1520 1540
2 1521 1525
2 1521 1541
2 1542 1544
2 1542 1546
2 1543 1545
2 1543 1547
2 1548 1549
2 1548 1553
2 1553 3445
2 1554 1555
2 1554 1559
2 1559 1750
2 1560 1564
2 1560 1580
2 1561 1565
2 1561 1581
2 1562 1566
2 1562 1582
2 1563 1567
2 1563 1583
2 1584 1585
2 1584 1586
2 1586 1736
2 1587 1589
2 1587 1597
2 1588 1590
2 1588 1598
2 1599 1601
2 1599 1609
2 1600 1602
2 1600 1610
2 1609 1761
2 1610 1762
2 1611 1613
2 1611 1615
2 1612 1614
2 1612 1616
2 1615 1777
2 1616 1778
2 1617 1619
2 1617 1621
2 1618 1620
2 1618 1622
2 1623 1627
2 1623 1631
2 1624 1628
2 1624 1632
2 1625 1629
2 1625 1633
2 1626 1630
2 1626 1634
2 1635 1642
2 1636 1639
2 1636 1643
2 1636 1861
2 1637 1641
2 1637 1644
2 1637 1862
2 1642 1867
2 1642 1868
2 1642 1869
2 1645 1891
2 1646 1669
2 1646 1892
2 1647 1651
2 1647 3807
2 1647 3966
2 1648 1652
2 1648 3808
2 1648 3967
2 1649 1650
2 1649 1653
2 1649 1806
2 1651 1809
2 1651 1811
2 1651 1813
2 1652 1810
2 1652 1812
2 1652 1814
2 1653 3801
2 1653 3809
2 1654 1679
2 1654 1907
2 1654 3807
2 1654 4037
2 1655 1680
2 1655 1908
2 1655 3808
2 1655 4038
2 1656 1661
2 1657 1662
2 1658 1660
2 1658 1669
2 1658 1872
2 1661 1663
2 1661 1665
2 1661 1667
2 1662 1664
2 1662 1666
2 1662 1668
2 1670 1675
2 1670 3836
2 1670 4009
2 1671 1673
2 1671 1679
2 1671 1855
2 1672 1674
2 1672 1680
2 1672 1856
2 1675 1676
2 1675 1677
2 1675 1678
2 1679 3824
2 1680 3825
2 1681 1685
2 1682 1686
2 1683 1684
2 1683 1687
2 1683 1825
2 1685 1828
2 1685 1830
2 1685 1832
2 1686 1829
2 1686 1831
2 1686 1833
2 1687 1688
2 1688 1961
2 1689 1696
2 1689 3852
2 1689 3996
2 1690 1693
2 1690 1697
2 1690 1837
2 1691 1695
2 1691 1698
2 1691 1838
2 1696 1843
2 1696 1844
2 1696 1845
2 1697 1700
2 1697 3845
2 1698 1702
2 1698 3846
2 1699 1978
2 1699 4117
2 1700 1979
2 1700 3877
2 1700 4118
2 1701 1980
2 1701 4119
2 1702 1981
2 1702 3878
2 1702 4120
2 1703 1708
2 1704 1706
2 1704 1712
2 1704 1848
2 1705 1707
2 1705 1713
2 1705 1849
2 1708 1709
2 1708 1710
2 1708 1711
2 1714 1719
2 1714 3877
2 1714 3974
2 1715 1720
2 1715 3878
2 1715 3975
2 1716 1718
2 1716 1727
2 1716 1820
2 1719 1721
2 1719 1723
2 1719 1725
2 1720 1722
2 1720 1724
2 1720 1726
2 1727 3854
2 1727 3866
2 1728 1733
2 1729 1731
2 1729 1734
2 1729 1782
2 1730 1732
2 1730 1735
2 1730 1783
2 1733 1786
2 1733 1787
2 1733 1788
2 1736 1781
2 1736 2165
2 1737 1741
2 1738 1742
2 1739 1740
2 1739 1749
2 1739 1791
2 1741 1743
2 1741 1745
2 1741 1747
2 1742 1744
2 1742 1746
2 1742 1748
2 1749 1750
2 1750 2126
2 1751 1758
2 1752 1754
2 1752 1759
2 1752 1795
2 1753 1755
2 1753 1760
2 1753 1796
2 1758 1801
2 1758 1802
2 1758 1803
2 1761 1794
2 1761 2170
2 1762 2171
2 1763 1768
2 1764 1769
2 1765 1767
2 1765 1776
2 1765 1779
2 1768 1770
2 1768 1772
2 1768 1774
2 1769 1771
2 1769 1773
2 1769 1775
2 1776 1778
2 1777 2113
2 1778 2114
2 1779 1780
2 1779 1781
2 1782 1784
2 1782 1789
2 1783 1785
2 1783 1790
2 1791 1792
2 1791 1794
2 1795 1799
2 1795 1804
2 1796 1800
2 1796 1805
2 1806 1808
2 1806 1815
2 1815 3801
2 1815 3969
2 1816 2075
2 1816 4184
2 1817 1846
2 1817 2076
2 1817 3966
2 1817 4185
2 1818 2077
2 1818 4186
2 1819 1847
2 1819 2078
2 1819 3967
2 1819 4187
2 1820 1821
2 1820 1822
2 1822 3866
2 1822 3976
2 1823 1859
2 1823 2047
2 1823 3974
2 1823 4243
2 1824 1860
2 1824 2048
2 1824 3975
2 1824 4244
2 1825 1826
2 1825 1834
2 1834 1835
2 1835 2053
2 1836 2054
2 1837 1840
2 1837 1846
2 1838 1842
2 1838 1847
2 1846 3845
2 1847 3846
2 1848 1850
2 1848 1852
2 1849 1851
2 1849 1853
2 1854 1874
2 1854 2032
2 1855 1857
2 1855 1859
2 1856 1858
2 1856 1860
2 1859 3824
2 1860 3825
2 1861 1863
2 1861 1870
2 1862 1864
2 1862 1871
2 1872 1873
2 1872 1874
2 1875 1878
2 1875 1882
2 1875 2165
2 1876 1877
2 1876 1882
2 1876 2163
2 1878 1879
2 1878 1880
2 1878 1881
2 1882 3809
2 1883 1889
2 1883 1891
2 1883 2101
2 1884 1890
2 1884 1892
2 1884 2102
2 1885 1887
2 1885 1891
2 1885 2091
2 1886 1888
2 1886 1892
2 1886 2092
2 1889 2095
2 1889 2097
2 1889 2099
2 1890 2096
2 1890 2098
2 1890 2100
2 1893 1899
2 1893 1907
2 1893 2170
2 1894 1900
2 1894 1908
2 1894 2171
2 1895 1897
2 1895 1907
2 1895 2166
2 1896 1898
2 1896 1908
2 1896 2167
2 1899 1901
2 1899 1903
2 1899 1905
2 1900 1902
2 1900 1904
2 1900 1906
2 1909 1921
2 1909 1937
2 1909 2159
2 1910 1922
2 1910 1938
2 1910 2160
2 1911 1923
2 1911 1939
2 1911 2161
2 1912 1924
2 1912 1940
2 1912 2162
2 1913 1917
2 1913 1937
2 1913 2151
2 1914 1918
2 1914 1938
2 1914 2152
2 1915 1919
2 1915 1939
2 1915 2153
2 1916 1920
2 1916 1940
2 1916 2154
2 1921 1925
2 1921 1929
2 1921 1933
2 1922 1926
2 1922 1930
2 1922 1934
2 1923 1927
2 1923 1931
2 1923 1935
2 1924 1928
2 1924 1932
2 1924 1936
2 1941 1947
2 1941 1955
2 1941 2119
2 1942 1948
2 1942 1956
2 1942 2120
2 1943 1945
2 1943 1955
2 1943 2115
2 1944 1946
2 1944 1956
2 1944 2116
2 1947 1949
2 1947 1951
2 1947 1953
2 1948 1950
2 1948 1952
2 1948 1954
2 1955 3853
2 1956 3854
2 1957 1960
2 1957 1961
2 1957 2126
2 1958 1959
2 1958 1961
2 1958 2121
2 1960 2123
2 1960 2124
2 1960 2125
2 1962 1974
2 1962 1978
2 1962 2147
2 1963 1975
2 1963 1979
2 1963 2148
2 1964 1976
2 1964 1980
2 1964 2149
2 1965 1977
2 1965 1981
2 1965 2150
2 1966 1970
2 1966 1978
2 1966 2127
2 1967 1971
2 1967 1979
2 1967 2128
2 1968 1972
2 1968 1980
2 1968 2129
2 1969 1973
2 1969 1981
2 1969 2130
2 1974 2135
2 1974 2139
2 1974 2143
2 1975 2136
2 1975 2140
2 1975 2144
2 1976 2137
2 1976 2141
2 1976 2145
2 1977 2138
2 1977 2142
2 1977 2146
2 1982 1988
2 1982 1990
2 1982 2113
2 1983 1989
2 1983 1991
2 1983 2114
2 1984 1986
2 1984 1990
2 1984 2103
2 1985 1987
2 1985 1991
2 1985 2104
2 1988 2107
2 1988 2109
2 1988 2111
2 1989 2108
2 1989 2110
2 1989 2112
2 1992 2004
2 1992 2008
2 1992 2075
2 1993 2005
2 1993 2009
2 1993 2076
2 1994 2006
2 1994 2010
2 1994 2077
2 1995 2007
2 1995 2011
2 1995 2078
2 1996 2000
2 1996 2008
2 1996 2055
2 1997 2001
2 1997 2009
2 1997 2056
2 1998 2002
2 1998 2010
2 1998 2057
2 1999 2003
2 1999 2011
2 1999 2058
2 2004 2063
2 2004 2067
2 2004 2071
2 2005 2064
2 2005 2068
2 2005 2072
2 2006 2065
2 2006 2069
2 2006 2073
2 2007 2066
2 2007 2070
2 2007 2074
2 2012 2018
2 2012 2026
2 2012 2083
2 2013 2019
2 2013 2027
2 2013 2084
2 2014 2016
2 2014 2026
2 2014 2079
2 2015 2017
2 2015 2027
2 2015 2080
2 2018 2020
2 2018 2022
2 2018 2024
2 2019 2021
2 2019 2023
2 2019 2025
2 2026 3968
2 2027 3969
2 2028 2031
2 2028 2032
2 2028 2090
2 2029 2030
2 2029 2032
2 2029 2085
2 2031 2087
2 2031 2088
2 2031 2089
2 2033 2039
2 2033 2047
2 2033 2053
2 2034 2040
2 2034 2048
2 2034 2054
2 2035 2037
2 2035 2047
2 2035 2049
2 2036 2038
2 2036 2048
2 2036 2050
2 2039 2041
2 2039 2043
2 2039 2045
2 2040 2042
2 2040 2044
2 2040 2046
2 2049 2051
2 2049 2053
2 2050 2052
2 2050 2054
2 2055 2059
2 2055 2075
2 2056 2060
2 2056 2076
2 2057 2061
2 2057 2077
2 2058 2062
2 2058 2078
2 2079 2081
2 2079 2083
2 2080 2082
2 2080 2084
2 2085 2086
2 2085 2090
2 2090 3976
2 2091 2093
2 2091 2101
2 2092 2094
2 2092 2102
2 2103 2105
2 2103 2113
2 2104 2106
2 2104 2114
2 2115 2117
2 2115 2119
2 2116 2118
2 2116 2120
2 2121 2122
2 2121 2126
2 2127 2131
2 2127 2147
2 2128 2132
2 2128 2148
2 2129 2133
2 2129 2149
2 2130 2134
2 2130 2150
2 2151 2155
2 2151 2159
2 2152 2156
2 2152 2160
2 2153 2157
2 2153 2161
2 2154 2158
2 2154 2162
2 2163 2164
2 2163 2165
2 2166 2168
2 2166 2170
2 2167 2169
2 2167 2171
2 2172 2176
2 2172 3258
2 2172 3486
2 2173 2177
2 2173 3259
2 2173 3487
2 2174 2175
2 2174 2178
2 2174 2401
2 2176 2403
2 2176 2405
2 2176 2407
2 2177 2404
2 2177 2406
2 2177 2408
2 2178 3252
2 2178 3260
2 2179 2202
2 2179 2458
2 2179 3258
2 2179 3559
2 2180 2203
2 2180 2459
2 2180 3259
2 2180 3560
2 2181 2188
2 2182 2184
2 2182 2189
2 2182 2349
2 2183 2186
2 2183 2190
2 2183 2350
2 2188 2353
2 2188 2354
2 2188 2355
2 2191 2217
2 2191 2474
2 2192 2475
2 2193 2198
2 2193 3285
2 2193 3491
2 2194 2196
2 2194 2202
2 2194 2410
2 2195 2197
2 2195 2203
2 2195 2411
2 2198 2199
2 2198 2200
2 2198 2201
2 2202 3273
2 2203 3274
2 2204 2209
2 2205 2210
2 2206 2207
2 2206 2217
2 2206 2397
2 2209 2211
2 2209 2213
2 2209 2215
2 2210 2212
2 2210 2214
2 2210 2216
2 2218 2225
2 2218 3307
2 2218 3454
2 2219 2221
2 2219 2226
2 2219 2369
2 2220 2223
2 2220 2227
2 2220 2370
2 2225 2373
2 2225 2374
2 2225 2375
2 2226 2228
2 2226 3300
2 2227 2230
2 2227 3301
2 2228 2516
2 2228 3329
2 2228 3608
2 2229 2517
2 2229 3609
2 2230 2518
2 2230 3330
2 2230 3610
2 2231 2519
2 2231 3611
2 2232 2236
2 2233 2237
2 2234 2235
2 2234 2238
2 2234 2380
2 2236 2382
2 2236 2384
2 2236 2386
2 2237 2383
2 2237 2385
2 2237 2387
2 2238 2239
2 2239 2524
2 2240 2245
2 2240 3329
2 2240 3472
2 2241 2246
2 2241 3330
2 2241 3473
2 2242 2243
2 2242 2253
2 2242 2389
2 2245 2247
2 2245 2249
2 2245 2251
2 2246 2248
2 2246 2250
2 2246 2252
2 2253 3308
2 2253 3318
2 2254 2259
2 2255 2257
2 2255 2263
2 2255 2359
2 2256 2258
2 2256 2264
2 2256 2360
2 2259 2260
2 2259 2261
2 2259 2262
2 2265 2270
2 2265 2816
2 2265 2872
2 2266 2271
2 2266 2817
2 2266 2873
2 2267 2269
2 2267 2272
2 2267 2324
2 2270 2327
2 2270 2329
2 2270 2331
2 2271 2328
2 2271 2330
2 2271 2332
2 2272 2808
2 2272 2819
2 2273 2705
2 2273 3209
2 2274 2706
2 2274 3210
2 2275 2322
2 2275 2707
2 2275 2816
2 2275 3211
2 2276 2323
2 2276 2708
2 2276 2817
2 2276 3212
2 2277 2284
2 2277 2833
2 2277 2876
2 2278 2280
2 2278 2288
2 2278 2334
2 2279 2281
2 2279 2289
2 2279 2335
2 2284 2285
2 2284 2286
2 2284 2287
2 2288 2290
2 2288 2820
2 2289 2291
2 2289 2821
2 2290 2684
2 2290 2872
2 2290 3191
2 2291 2685
2 2291 2873
2 2291 3192
2 2292 2686
2 2292 3193
2 2293 2687
2 2293 3194
2 2294 2298
2 2294 2842
2 2294 2884
2 2295 2299
2 2295 2843
2 2295 2885
2 2296 2297
2 2296 2300
2 2296 2340
2 2298 2342
2 2298 2344
2 2298 2346
2 2299 2343
2 2299 2345
2 2299 2347
2 2300 2836
2 2300 2844
2 2301 2338
2 2301 2713
2 2301 2842
2 2301 3235
2 2302 2339
2 2302 2714
2 2302 2843
2 2302 3236
2 2303 2308
2 2303 2857
2 2303 2862
2 2304 2306
2 2304 2312
2 2304 2316
2 2305 2307
2 2305 2313
2 2305 2317
2 2308 2309
2 2308 2310
2 2308 2311
2 2312 2314
2 2312 2845
2 2313 2315
2 2313 2846
2 2314 2656
2 2314 2884
2 2314 3241
2 2315 2657
2 2315 2885
2 2315 3242
2 2316 2320
2 2316 2322
2 2317 2321
2 2317 2323
2 2322 2845
2 2323 2846
2 2324 2325
2 2324 2333
2 2333 2808
2 2333 2834
2 2334 2336
2 2334 2338
2 2335 2337
2 2335 2339
2 2338 2820
2 2339 2821
2 2340 2341
2 2340 2348
2 2348 2836
2 2348 2858
2 2349 2351
2 2349 2356
2 2350 2352
2 2350 2357
2 2358 2388
2 2358 2603
2 2359 2361
2 2359 2365
2 2360 2363
2 2360 2366
2 2367 2400
2 2367 2590
2 2368 2591
2 2369 2371
2 2369 2376
2 2370 2372
2 2370 2377
2 2376 2378
2 2376 3300
2 2377 2379
2 2377 3301
2 2378 2596
2 2378 3486
2 2378 3620
2 2379 2597
2 2379 3487
2 2379 3621
2 2380 2381
2 2380 2388
2 2389 2391
2 2389 2392
2 2392 3318
2 2392 3475
2 2393 2572
2 2393 3695
2 2394 2573
2 2394 3696
2 2395 2416
2 2395 2574
2 2395 3472
2 2395 3697
2 2396 2417
2 2396 2575
2 2396 3473
2 2396 3698
2 2397 2398
2 2397 2400
2 2401 2402
2 2401 2409
2 2409 3252
2 2409 3455
2 2410 2414
2 2410 2416
2 2411 2415
2 2411 2417
2 2416 3273
2 2417 3274
2 2418 2430
2 2418 2446
2 2418 2705
2 2419 2431
2 2419 2447
2 2419 2706
2 2420 2432
2 2420 2448
2 2420 2707
2 2421 2433
2 2421 2449
2 2421 2708
2 2422 2426
2 2422 2446
2 2422 2697
2 2423 2427
2 2423 2447
2 2423 2698
2 2424 2428
2 2424 2448
2 2424 2699
2 2425 2429
2 2425 2449
2 2425 2700
2 2430 2434
2 2430 2438
2 2430 2442
2 2431 2435
2 2431 2439
2 2431 2443
2 2432 2436
2 2432 2440
2 2432 2444
2 2433 2437
2 2433 2441
2 2433 2445
2 2450 2456
2 2450 2458
2 2450 2644
2 2451 2457
2 2451 2459
2 2451 2645
2 2452 2454
2 2452 2458
2 2452 2634
2 2453 2455
2 2453 2459
2 2453 2635
2 2456 2638
2 2456 2640
2 2456 2642
2 2457 2639
2 2457 2641
2 2457 2643
2 2460 2466
2 2460 2474
2 2460 2713
2 2461 2467
2 2461 2475
2 2461 2714
2 2462 2464
2 2462 2474
2 2462 2709
2 2463 2465
2 2463 2475
2 2463 2710
2 2466 2468
2 2466 2470
2 2466 2472
2 2467 2469
2 2467 2471
2 2467 2473
2 2476 2479
2 2476 2483
2 2476 2696
2 2477 2478
2 2477 2483
2 2477 2694
2 2479 2480
2 2479 2481
2 2479 2482
2 2483 3260
2 2484 2490
2 2484 2498
2 2484 2662
2 2485 2491
2 2485 2499
2 2485 2663
2 2486 2488
2 2486 2498
2 2486 2658
2 2487 2489
2 2487 2499
2 2487 2659
2 2490 2492
2 2490 2494
2 2490 2496
2 2491 2493
2 2491 2495
2 2491 2497
2 2500 2512
2 2500 2516
2 2500 2684
2 2501 2513
2 2501 2517
2 2501 2685
2 2502 2514
2 2502 2518
2 2502 2686
2 2503 2515
2 2503 2519
2 2503 2687
2 2504 2508
2 2504 2516
2 2504 2664
2 2505 2509
2 2505 2517
2 2505 2665
2 2506 2510
2 2506 2518
2 2506 2666
2 2507 2511
2 2507 2519
2 2507 2667
2 2512 2672
2 2512 2676
2 2512 2680
2 2513 2673
2 2513 2677
2 2513 2681
2 2514 2674
2 2514 2678
2 2514 2682
2 2515 2675
2 2515 2679
2 2515 2683
2 2520 2523
2 2520 2524
2 2520 2693
2 2521 2522
2 2521 2524
2 2521 2688
2 2523 2690
2 2523 2691
2 2523 2692
2 2525 2531
2 2525 2533
2 2525 2656
2 2526 2532
2 2526 2534
2 2526 2657
2 2527 2529
2 2527 2533
2 2527 2646
2 2528 2530
2 2528 2534
2 2528 2647
2 2531 2650
2 2531 2652
2 2531 2654
2 2532 2651
2 2532 2653
2 2532 2655
2 2533 3308
2 2534 3309
2 2535 2538
2 2535 2539
2 2535 2603
2 2536 2537
2 2536 2539
2 2536 2598
2 2538 2600
2 2538 2601
2 2538 2602
2 2539 3455
2 2540 2546
2 2540 2554
2 2540 2608
2 2541 2547
2 2541 2555
2 2541 2609
2 2542 2544
2 2542 2554
2 2542 2604
2 2543 2545
2 2543 2555
2 2543 2605
2 2546 2548
2 2546 2550
2 2546 2552
2 2547 2549
2 2547 2551
2 2547 2553
2 2556 2568
2 2556 2572
2 2556 2630
2 2557 2569
2 2557 2573
2 2557 2631
2 2558 2570
2 2558 2574
2 2558 2632
2 2559 2571
2 2559 2575
2 2559 2633
2 2560 2564
2 2560 2572
2 2560 2610
2 2561 2565
2 2561 2573
2 2561 2611
2 2562 2566
2 2562 2574
2 2562 2612
2 2563 2567
2 2563 2575
2 2563 2613
2 2568 2618
2 2568 2622
2 2568 2626
2 2569 2619
2 2569 2623
2 2569 2627
2 2570 2620
2 2570 2624
2 2570 2628
2 2571 2621
2 2571 2625
2 2571 2629
2 2576 2582
2 2576 2590
2 2576 2596
2 2577 2583
2 2577 2591
2 2577 2597
2 2578 2580
2 2578 2590
2 2578 2592
2 2579 2581
2 2579 2591
2 2579 2593
2 2582 2584
2 2582 2586
2 2582 2588
2 2583 2585
2 2583 2587
2 2583 2589
2 2592 2594
2 2592 2596
2 2593 2595
2 2593 2597
2 2598 2599
2 2598 2603
2 2604 2606
2 2604 2608
2 2605 2607
2 2605 2609
2 2608 3474
2 2609 3475
2 2610 2614
2 2610 2630
2 2611 2615
2 2611 2631
2 2612 2616
2 2612 2632
2 2613 2617
2 2613 2633
2 2634 2636
2 2634 2644
2 2635 2637
2 2635 2645
2 2644 2834
2 2645 2835
2 2646 2648
2 2646 2656
2 2647 2649
2 2647 2657
2 2658 2660
2 2658 2662
2 2659 2661
2 2659 2663
2 2662 2818
2 2663 2819
2 2664 2668
2 2664 2684
2 2665 2669
2 2665 2685
2 2666 2670
2 2666 2686
2 2667 2671
2 2667 2687
2 2688 2689
2 2688 2693
2 2693 2844
2 2694 2695
2 2694 2696
2 2696 2858
2 2697 2701
2 2697 2705
2 2698 2702
2 2698 2706
2 2699 2703
2 2699 2707
2 2700 2704
2 2700 2708
2 2709 2711
2 2709 2713
2 2710 2712
2 2710 2714
2 2715 2720
2 2715 3797
2 2715 4017
2 2716 2721
2 2716 3798
2 2716 4018
2 2717 2719
2 2717 2722
2 2717 2938
2 2720 2940
2 2720 2942
2 2720 2944
2 2721 2941
2 2721 2943
2 2721 2945
2 2722 3789
2 2722 3800
2 2723 2987
2 2723 4085
2 2724 2747
2 2724 2988
2 2724 3797
2 2724 4086
2 2725 2989
2 2725 4087
2 2726 2748
2 2726 2990
2 2726 3798
2 2726 4088
2 2727 2732
2 2728 2730
2 2728 2733
2 2728 2886
2 2729 2731
2 2729 2734
2 2729 2887
2 2732 2890
2 2732 2891
2 2732 2892
2 2735 2761
2 2735 2998
2 2736 2743
2 2736 3823
2 2736 4022
2 2737 2740
2 2737 2747
2 2737 2947
2 2738 2742
2 2738 2748
2 2738 2948
2 2743 2744
2 2743 2745
2 2743 2746
2 2747 3810
2 2748 3811
2 2749 2753
2 2750 2754
2 2751 2752
2 2751 2761
2 2751 2934
2 2753 2755
2 2753 2757
2 2753 2759
2 2754 2756
2 2754 2758
2 2754 2760
2 2762 2767
2 2762 3843
2 2762 3985
2 2763 2765
2 2763 2768
2 2763 2906
2 2764 2766
2 2764 2769
2 2764 2907
2 2767 2910
2 2767 2911
2 2767 2912
2 2768 2770
2 2768 3837
2 2769 2771
2 2769 3838
2 2770 3055
2 2770 3864
2 2770 4144
2 2771 3056
2 2771 3865
2 2771 4145
2 2772 2777
2 2773 2778
2 2774 2776
2 2774 2779
2 2774 2917
2 2777 2919
2 2777 2921
2 2777 2923
2 2778 2920
2 2778 2922
2 2778 2924
2 2779 2781
2 2780 3065
2 2781 3066
2 2782 2786
2 2782 3864
2 2782 4003
2 2783 2787
2 2783 3865
2 2783 4004
2 2784 2785
2 2784 2794
2 2784 2926
2 2786 2788
2 2786 2790
2 2786 2792
2 2787 2789
2 2787 2791
2 2787 2793
2 2794 3844
2 2794 3855
2 2795 2802
2 2796 2799
2 2796 2806
2 2796 2896
2 2797 2801
2 2797 2807
2 2797 2897
2 2802 2803
2 2802 2804
2 2802 2805
2 2808 2815
2 2809 2813
2 2809 2816
2 2809 2863
2 2810 2814
2 2810 2817
2 2810 2864
2 2815 2869
2 2815 2870
2 2815 2871
2 2818 3247
2 2819 2862
2 2819 3248
2 2820 2825
2 2821 2826
2 2822 2823
2 2822 2833
2 2822 2874
2 2825 2827
2 2825 2829
2 2825 2831
2 2826 2828
2 2826 2830
2 2826 2832
2 2833 2834
2 2834 3223
2 2835 3224
2 2836 2841
2 2837 2839
2 2837 2842
2 2837 2877
2 2838 2840
2 2838 2843
2 2838 2878
2 2841 2881
2 2841 2882
2 2841 2883
2 2844 2876
2 2844 3251
2 2845 2849
2 2846 2850
2 2847 2848
2 2847 2857
2 2847 2859
2 2849 2851
2 2849 2853
2 2849 2855
2 2850 2852
2 2850 2854
2 2850 2856
2 2857 2858
2 2858 3200
2 2859 2861
2 2859 2862
2 2863 2865
2 2863 2872
2 2864 2866
2 2864 2873
2 2874 2875
2 2874 2876
2 2877 2879
2 2877 2884
2 2878 2880
2 2878 2885
2 2886 2888
2 2886 2893
2 2887 2889
2 2887 2894
2 2895 2925
2 2895 3140
2 2896 2898
2 2896 2902
2 2897 2900
2 2897 2903
2 2904 2937
2 2904 3127
2 2905 3128
2 2906 2908
2 2906 2913
2 2907 2909
2 2907 2914
2 2913 2915
2 2913 3837
2 2914 2916
2 2914 3838
2 2915 3133
2 2915 4017
2 2915 4154
2 2916 3134
2 2916 4018
2 2916 4155
2 2917 2918
2 2917 2925
2 2926 2928
2 2926 2929
2 2929 3855
2 2929 4006
2 2930 3109
2 2930 4229
2 2931 3110
2 2931 4230
2 2932 2953
2 2932 3111
2 2932 4003
2 2932 4231
2 2933 2954
2 2933 3112
2 2933 4004
2 2933 4232
2 2934 2935
2 2934 2937
2 2938 2939
2 2938 2946
2 2946 3789
2 2946 3986
2 2947 2951
2 2947 2953
2 2948 2952
2 2948 2954
2 2953 3810
2 2954 3811
2 2955 2961
2 2955 2969
2 2955 3247
2 2956 2962
2 2956 2970
2 2956 3248
2 2957 2959
2 2957 2969
2 2957 3243
2 2958 2960
2 2958 2970
2 2958 3244
2 2961 2963
2 2961 2965
2 2961 2967
2 2962 2964
2 2962 2966
2 2962 2968
2 2971 2983
2 2971 2987
2 2971 3191
2 2972 2984
2 2972 2988
2 2972 3192
2 2973 2985
2 2973 2989
2 2973 3193
2 2974 2986
2 2974 2990
2 2974 3194
2 2975 2979
2 2975 2987
2 2975 3171
2 2976 2980
2 2976 2988
2 2976 3172
2 2977 2981
2 2977 2989
2 2977 3173
2 2978 2982
2 2978 2990
2 2978 3174
2 2983 3179
2 2983 3183
2 2983 3187
2 2984 3180
2 2984 3184
2 2984 3188
2 2985 3181
2 2985 3185
2 2985 3189
2 2986 3182
2 2986 3186
2 2986 3190
2 2991 2994
2 2991 2998
2 2991 3251
2 2992 2993
2 2992 2998
2 2992 3249
2 2994 2995
2 2994 2996
2 2994 2997
2 2999 3005
2 2999 3013
2 2999 3241
2 3000 3006
2 3000 3014
2 3000 3242
2 3001 3003
2 3001 3013
2 3001 3237
2 3002 3004
2 3002 3014
2 3002 3238
2 3005 3007
2 3005 3009
2 3005 3011
2 3006 3008
2 3006 3010
2 3006 3012
2 3013 3799
2 3014 3800
2 3015 3027
2 3015 3043
2 3015 3209
2 3016 3028
2 3016 3044
2 3016 3210
2 3017 3029
2 3017 3045
2 3017 3211
2 3018 3030
2 3018 3046
2 3018 3212
2 3019 3023
2 3019 3043
2 3019 3201
2 3020 3024
2 3020 3044
2 3020 3202
2 3021 3025
2 3021 3045
2 3021 3203
2 3022 3026
2 3022 3046
2 3022 3204
2 3027 3031
2 3027 3035
2 3027 3039
2 3028 3032
2 3028 3036
2 3028 3040
2 3029 3033
2 3029 3037
2 3029 3041
2 3030 3034
2 3030 3038
2 3030 3042
2 3047 3053
2 3047 3055
2 3047 3223
2 3048 3054
2 3048 3056
2 3048 3224
2 3049 3051
2 3049 3055
2 3049 3213
2 3050 3052
2 3050 3056
2 3050 3214
2 3053 3217
2 3053 3219
2 3053 3221
2 3054 3218
2 3054 3220
2 3054 3222
2 3057 3063
2 3057 3065
2 3057 3235
2 3058 3064
2 3058 3066
2 3058 3236
2 3059 3061
2 3059 3065
2 3059 3225
2 3060 3062
2 3060 3066
2 3060 3226
2 3063 3229
2 3063 3231
2 3063 3233
2 3064 3230
2 3064 3232
2 3064 3234
2 3067 3070
2 3067 3071
2 3067 3200
2 3068 3069
2 3068 3071
2 3068 3195
2 3070 3197
2 3070 3198
2 3070 3199
2 3071 3844
2 3072 3075
2 3072 3076
2 3072 3140
2 3073 3074
2 3073 3076
2 3073 3135
2 3075 3137
2 3075 3138
2 3075 3139
2 3076 3986
2 3077 3083
2 3077 3091
2 3077 3145
2 3078 3084
2 3078 3092
2 3078 3146
2 3079 3081
2 3079 3091
2 3079 3141
2 3080 3082
2 3080 3092
2 3080 3142
2 3083 3085
2 3083 3087
2 3083 3089
2 3084 3086
2 3084 3088
2 3084 3090
2 3093 3105
2 3093 3109
2 3093 3167
2 3094 3106
2 3094 3110
2 3094 3168
2 3095 3107
2 3095 3111
2 3095 3169
2 3096 3108
2 3096 3112
2 3096 3170
2 3097 3101
2 3097 3109
2 3097 3147
2 3098 3102
2 3098 3110
2 3098 3148
2 3099 3103
2 3099 3111
2 3099 3149
2 3100 3104
2 3100 3112
2 3100 3150
2 3105 3155
2 3105 3159
2 3105 3163
2 3106 3156
2 3106 3160
2 3106 3164
2 3107 3157
2 3107 3161
2 3107 3165
2 3108 3158
2 3108 3162
2 3108 3166
2 3113 3119
2 3113 3127
2 3113 3133
2 3114 3120
2 3114 3128
2 3114 3134
2 3115 3117
2 3115 3127
2 3115 3129
2 3116 3118
2 3116 3128
2 3116 3130
2 3119 3121
2 3119 3123
2 3119 3125
2 3120 3122
2 3120 3124
2 3120 3126
2 3129 3131
2 3129 3133
2 3130 3132
2 3130 3134
2 3135 3136
2 3135 3140
2 3141 3143
2 3141 3145
2 3142 3144
2 3142 3146
2 3145 4005
2 3146 4006
2 3147 3151
2 3147 3167
2 3148 3152
2 3148 3168
2 3149 3153
2 3149 3169
2 3150 3154
2 3150 3170
2 3171 3175
2 3171 3191
2 3172 3176
2 3172 3192
2 3173 3177
2 3173 3193
2 3174 3178
2 3174 3194
2 3195 3196
2 3195 3200
2 3201 3205
2 3201 3209
2 3202 3206
2 3202 3210
2 3203 3207
2 3203 3211
2 3204 3208
2 3204 3212
2 3213 3215
2 3213 3223
2 3214 3216
2 3214 3224
2 3225 3227
2 3225 3235
2 3226 3228
2 3226 3236
2 3237 3239
2 3237 3241
2 3238 3240
2 3238 3242
2 3243 3245
2 3243 3247
2 3244 3246
2 3244 3248
2 3249 3250
2 3249 3251
2 3252 3257
2 3253 3255
2 3253 3258
2 3253 3479
2 3254 3256
2 3254 3259
2 3254 3480
2 3257 3483
2 3257 3484
2 3257 3485
2 3260 3285
2 3260 3528
2 3261 3268
2 3262 3264
2 3262 3269
2 3262 3426
2 3263 3266
2 3263 3270
2 3263 3427
2 3268 3432
2 3268 3433
2 3268 3434
2 3271 3299
2 3271 3543
2 3272 3544
2 3273 3277
2 3274 3278
2 3275 3276
2 3275 3285
2 3275 3488
2 3277 3279
2 3277 3281
2 3277 3283
2 3278 3280
2 3278 3282
2 3278 3284
2 3286 3291
2 3287 3292
2 3288 3289
2 3288 3299
2 3288 3476
2 3291 3293
2 3291 3295
2 3291 3297
2 3292 3294
2 3292 3296
2 3292 3298
2 3300 3305
2 3301 3306
2 3302 3303
2 3302 3307
2 3302 3446
2 3305 3448
2 3305 3450
2 3305 3452
2 3306 3449
2 3306 3451
2 3306 3453
2 3307 3308
2 3308 3585
2 3309 3586
2 3310 3314
2 3311 3315
2 3312 3313
2 3312 3316
2 3312 3456
2 3314 3459
2 3314 3461
2 3314 3463
2 3315 3460
2 3315 3462
2 3315 3464
2 3316 3317
2 3317 3591
2 3318 3325
2 3319 3321
2 3319 3329
2 3319 3466
2 3320 3323
2 3320 3330
2 3320 3467
2 3325 3326
2 3325 3327
2 3325 3328
2 3331 3336
2 3332 3334
2 3332 3340
2 3332 3439
2 3333 3335
2 3333 3341
2 3333 3440
2 3336 3337
2 3336 3338
2 3336 3339
2 3342 3347
2 3342 3887
2 3342 3941
2 3343 3348
2 3343 3888
2 3343 3942
2 3344 3346
2 3344 3349
2 3344 3401
2 3347 3403
2 3347 3405
2 3347 3407
2 3348 3404
2 3348 3406
2 3348 3408
2 3349 3879
2 3349 3890
2 3350 3779
2 3350 4277
2 3351 3780
2 3351 4278
2 3352 3399
2 3352 3781
2 3352 3887
2 3352 4279
2 3353 3400
2 3353 3782
2 3353 3888
2 3353 4280
2 3354 3359
2 3354 3903
2 3354 3945
2 3355 3357
2 3355 3363
2 3355 3410
2 3356 3358
2 3356 3364
2 3356 3411
2 3359 3360
2 3359 3361
2 3359 3362
2 3363 3365
2 3363 3891
2 3364 3366
2 3364 3892
2 3365 3757
2 3365 3941
2 3365 4255
2 3366 3758
2 3366 3942
2 3366 4256
2 3367 3371
2 3367 3911
2 3367 3955
2 3368 3372
2 3368 3912
2 3368 3956
2 3369 3370
2 3369 3373
2 3369 3416
2 3371 3419
2 3371 3421
2 3371 3423
2 3372 3420
2 3372 3422
2 3372 3424
2 3373 3905
2 3373 3913
2 3374 3414
2 3374 3787
2 3374 3911
2 3374 4297
2 3375 3415
2 3375 3788
2 3375 3912
2 3375 4298
2 3376 3383
2 3376 3927
2 3376 3933
2 3377 3381
2 3377 3387
2 3377 3393
2 3378 3382
2 3378 3388
2 3378 3394
2 3383 3384
2 3383 3385
2 3383 3386
2 3387 3391
2 3387 3914
2 3388 3392
2 3388 3915
2 3389 3737
2 3389 4307
2 3390 3738
2 3390 4308
2 3391 3739
2 3391 3955
2 3391 4309
2 3392 3740
2 3392 3956
2 3392 4310
2 3393 3397
2 3393 3399
2 3394 3398
2 3394 3400
2 3399 3914
2 3400 3915
2 3401 3402
2 3401 3409
2 3409 3879
2 3409 3904
2 3410 3412
2 3410 3414
2 3411 3413
2 3411 3415
2 3414 3891
2 3415 3892
2 3416 3418
2 3416 3425
2 3425 3905
2 3425 3929
2 3426 3429
2 3426 3435
2 3427 3431
2 3427 3436
2 3437 3685
2 3438 3465
2 3438 3686
2 3439 3441
2 3439 3443
2 3440 3442
2 3440 3444
2 3445 3478
2 3445 3671
2 3446 3447
2 3446 3454
2 3454 3455
2 3455 3674
2 3456 3458
2 3456 3465
2 3466 3470
2 3466 3472
2 3467 3471
2 3467 3473
2 3474 3662
2 3475 3491
2 3475 3663
2 3476 3477
2 3476 3478
2 3479 3481
2 3479 3486
2 3480 3482
2 3480 3487
2 3488 3490
2 3488 3491
2 3492 3504
2 3492 3520
2 3492 3779
2 3493 3505
2 3493 3521
2 3493 3780
2 3494 3506
2 3494 3522
2 3494 3781
2 3495 3507
2 3495 3523
2 3495 3782
2 3496 3500
2 3496 3520
2 3496 3771
2 3497 3501
2 3497 3521
2 3497 3772
2 3498 3502
2 3498 3522
2 3498 3773
2 3499 3503
2 3499 3523
2 3499 3774
2 3504 3508
2 3504 3512
2 3504 3516
2 3505 3509
2 3505 3513
2 3505 3517
2 3506 3510
2 3506 3514
2 3506 3518
2 3507 3511
2 3507 3515
2 3507 3519
2 3524 3527
2 3524 3528
2 3524 3716
2 3525 3526
2 3525 3528
2 3525 3711
2 3527 3713
2 3527 3714
2 3527 3715
2 3529 3535
2 3529 3543
2 3529 3787
2 3530 3536
2 3530 3544
2 3530 3788
2 3531 3533
2 3531 3543
2 3531 3783
2 3532 3534
2 3532 3544
2 3532 3784
2 3535 3537
2 3535 3539
2 3535 3541
2 3536 3538
2 3536 3540
2 3536 3542
2 3545 3551
2 3545 3559
2 3545 3769
2 3546 3552
2 3546 3560
2 3546 3770
2 3547 3549
2 3547 3559
2 3547 3765
2 3548 3550
2 3548 3560
2 3548 3766
2 3551 3553
2 3551 3555
2 3551 3557
2 3552 3554
2 3552 3556
2 3552 3558
2 3561 3567
2 3561 3575
2 3561 3745
2 3562 3568
2 3562 3576
2 3562 3746
2 3563 3565
2 3563 3575
2 3563 3741
2 3564 3566
2 3564 3576
2 3564 3742
2 3567 3569
2 3567 3571
2 3567 3573
2 3568 3570
2 3568 3572
2 3568 3574
2 3577 3583
2 3577 3585
2 3577 3757
2 3578 3584
2 3578 3586
2 3578 3758
2 3579 3581
2 3579 3585
2 3579 3747
2 3580 3582
2 3580 3586
2 3580 3748
2 3583 3751
2 3583 3753
2 3583 3755
2 3584 3752
2 3584 3754
2 3584 3756
2 3587 3590
2 3587 3591
2 3587 3764
2 3588 3589
2 3588 3591
2 3588 3759
2 3590 3761
2 3590 3762
2 3590 3763
2 3592 3604
2 3592 3608
2 3592 3737
2 3593 3605
2 3593 3609
2 3593 3738
2 3594 3606
2 3594 3610
2 3594 3739
2 3595 3607
2 3595 3611
2 3595 3740
2 3596 3600
2 3596 3608
2 3596 3717
2 3597 3601
2 3597 3609
2 3597 3718
2 3598 3602
2 3598 3610
2 3598 3719
2 3599 3603
2 3599 3611
2 3599 3720
2 3604 3725
2 3604 3729
2 3604 3733
2 3605 3726
2 3605 3730
2 3605 3734
2 3606 3727
2 3606 3731
2 3606 3735
2 3607 3728
2 3607 3732
2 3607 3736
2 3612 3618
2 3612 3620
2 3612 3685
2 3613 3619
2 3613 3621
2 3613 3686
2 3614 3616
2 3614 3620
2 3614 3675
2 3615 3617
2 3615 3621
2 3615 3676
2 3618 3679
2 3618 3681
2 3618 3683
2 3619 3680
2 3619 3682
2 3619 3684
2 3622 3634
2 3622 3650
2 3622 3695
2 3623 3635
2 3623 3651
2 3623 3696
2 3624 3636
2 3624 3652
2 3624 3697
2 3625 3637
2 3625 3653
2 3625 3698
2 3626 3630
2 3626 3650
2 3626 3687
2 3627 3631
2 3627 3651
2 3627 3688
2 3628 3632
2 3628 3652
2 3628 3689
2 3629 3633
2 3629 3653
2 3629 3690
2 3634 3638
2 3634 3642
2 3634 3646
2 3635 3639
2 3635 3643
2 3635 3647
2 3636 3640
2 3636 3644
2 3636 3648
2 3637 3641
2 3637 3645
2 3637 3649
2 3654 3660
2 3654 3662
2 3654 3709
2 3655 3661
2 3655 3663
2 3655 3710
2 3656 3658
2 3656 3662
2 3656 3699
2 3657 3659
2 3657 3663
2 3657 3700
2 3660 3703
2 3660 3705
2 3660 3707
2 3661 3704
2 3661 3706
2 3661 3708
2 3664 3667
2 3664 3671
2 3664 3674
2 3665 3666
2 3665 3671
2 3665 3672
2 3667 3668
2 3667 3669
2 3667 3670
2 3672 3673
2 3672 3674
2 3675 3677
2 3675 3685
2 3676 3678
2 3676 3686
2 3687 3691
2 3687 3695
2 3688 3692
2 3688 3696
2 3689 3693
2 3689 3697
2 3690 3694
2 3690 3698
2 3699 3701
2 3699 3709
2 3700 3702
2 3700 3710
2 3711 3712
2 3711 3716
2 3716 3904
2 3717 3721
2 3717 3737
2 3718 3722
2 3718 3738
2 3719 3723
2 3719 3739
2 3720 3724
2 3720 3740
2 3741 3743
2 3741 3745
2 3742 3744
2 3742 3746
2 3745 3889
2 3746 3890
2 3747 3749
2 3747 3757
2 3748 3750
2 3748 3758
2 3759 3760
2 3759 3764
2 3764 3913
2 3765 3767
2 3765 3769
2 3766 3768
2 3766 3770
2 3769 3928
2 3770 3929
2 3771 3775
2 3771 3779
2 3772 3776
2 3772 3780
2 3773 3777
2 3773 3781
2 3774 3778
2 3774 3782
2 3783 3785
2 3783 3787
2 3784 3786
2 3784 3788
2 3789 3796
2 3790 3793
2 3790 3797
2 3790 4010
2 3791 3795
2 3791 3798
2 3791 4011
2 3796 4014
2 3796 4015
2 3796 4016
2 3799 4047
2 3800 3823
2 3800 4048
2 3801 3806
2 3802 3804
2 3802 3807
2 3802 3957
2 3803 3805
2 3803 3808
2 3803 3958
2 3806 3963
2 3806 3964
2 3806 3965
2 3809 3836
2 3809 4056
2 3810 3815
2 3811 3816
2 3812 3814
2 3812 3823
2 3812 4019
2 3815 3817
2 3815 3819
2 3815 3821
2 3816 3818
2 3816 3820
2 3816 3822
2 3824 3828
2 3825 3829
2 3826 3827
2 3826 3836
2 3826 4007
2 3828 3830
2 3828 3832
2 3828 3834
2 3829 3831
2 3829 3833
2 3829 3835
2 3837 3841
2 3838 3842
2 3839 3840
2 3839 3843
2 3839 3977
2 3841 3979
2 3841 3981
2 3841 3983
2 3842 3980
2 3842 3982
2 3842 3984
2 3843 3844
2 3844 4125
2 3845 3850
2 3846 3851
2 3847 3849
2 3847 3852
2 3847 3987
2 3850 3990
2 3850 3992
2 3850 3994
2 3851 3991
2 3851 3993
2 3851 3995
2 3852 3854
2 3853 4134
2 3854 4135
2 3855 3860
2 3856 3858
2 3856 3864
2 3856 3997
2 3857 3859
2 3857 3865
2 3857 3998
2 3860 3861
2 3860 3862
2 3860 3863
2 3866 3873
2 3867 3870
2 3867 3877
2 3867 3970
2 3868 3872
2 3868 3878
2 3868 3971
2 3873 3874
2 3873 3875
2 3873 3876
2 3879 3886
2 3880 3884
2 3880 3887
2 3880 3934
2 3881 3885
2 3881 3888
2 3881 3935
2 3886 3938
2 3886 3939
2 3886 3940
2 3889 4315
2 3890 3933
2 3890 4316
2 3891 3895
2 3892 3896
2 3893 3894
2 3893 3903
2 3893 3943
2 3895 3897
2 3895 3899
2 3895 3901
2 3896 3898
2 3896 3900
2 3896 3902
2 3903 3904
2 3904 4286
2 3905 3910
2 3906 3908
2 3906 3911
2 3906 3946
2 3907 3909
2 3907 3912
2 3907 3947
2 3910 3952
2 3910 3953
2 3910 3954
2 3913 3945
2 3913 4319
2 3914 3919
2 3915 3920
2 3916 3918
2 3916 3927
2 3916 3930
2 3919 3921
2 3919 3923
2 3919 3925
2 3920 3922
2 3920 3924
2 3920 3926
2 3927 3929
2 3928 4267
2 3929 4268
2 3930 3932
2 3930 3933
2 3934 3936
2 3934 3941
2 3935 3937
2 3935 3942
2 3943 3944
2 3943 3945
2 3946 3950
2 3946 3955
2 3947 3951
2 3947 3956
2 3957 3960
2 3957 3966
2 3958 3962
2 3958 3967
2 3968 4219
2 3969 3996
2 3969 4220
2 3970 3972
2 3970 3974
2 3971 3973
2 3971 3975
2 3976 4009
2 3976 4205
2 3977 3978
2 3977 3985
2 3985 3986
2 3986 4208
2 3987 3989
2 3987 3996
2 3997 4001
2 3997 4003
2 3998 4002
2 3998 4004
2 4005 4196
2 4006 4022
2 4006 4197
2 4007 4008
2 4007 4009
2 4010 4012
2 4010 4017
2 4011 4013
2 4011 4018
2 4019 4021
2 4019 4022
2 4023 4029
2 4023 4037
2 4023 4315
2 4024 4030
2 4024 4038
2 4024 4316
2 4025 4027
2 4025 4037
2 4025 4311
2 4026 4028
2 4026 4038
2 4026 4312
2 4029 4031
2 4029 4033
2 4029 4035
2 4030 4032
2 4030 4034
2 4030 4036
2 4039 4045
2 4039 4047
2 4039 4255
2 4040 4046
2 4040 4048
2 4040 4256
2 4041 4043
2 4041 4047
2 4041 4245
2 4042 4044
2 4042 4048
2 4042 4246
2 4045 4249
2 4045 4251
2 4045 4253
2 4046 4250
2 4046 4252
2 4046 4254
2 4049 4052
2 4049 4056
2 4049 4319
2 4050 4051
2 4050 4056
2 4050 4317
2 4052 4053
2 4052 4054
2 4052 4055
2 4057 4069
2 4057 4085
2 4057 4307
2 4058 4070
2 4058 4086
2 4058 4308
2 4059 4071
2 4059 4087
2 4059 4309
2 4060 4072
2 4060 4088
2 4060 4310
2 4061 4065
2 4061 4085
2 4061 4299
2 4062 4066
2 4062 4086
2 4062 4300
2 4063 4067
2 4063 4087
2 4063 4301
2 4064 4068
2 4064 4088
2 4064 4302
2 4069 4073
2 4069 4077
2 4069 4081
2 4070 4074
2 4070 4078
2 4070 4082
2 4071 4075
2 4071 4079
2 4071 4083
2 4072 4076
2 4072 4080
2 4072 4084
2 4089 4101
2 4089 4117
2 4089 4277
2 4090 4102
2 4090 4118
2 4090 4278
2 4091 4103
2 4091 4119
2 4091 4279
2 4092 4104
2 4092 4120
2 4092 4280
2 4093 4097
2 4093 4117
2 4093 4269
2 4094 4098
2 4094 4118
2 4094 4270
2 4095 4099
2 4095 4119
2 4095 4271
2 4096 4100
2 4096 4120
2 4096 4272
2 4101 4105
2 4101 4109
2 4101 4113
2 4102 4106
2 4102 4110
2 4102 4114
2 4103 4107
2 4103 4111
2 4103 4115
2 4104 4108
2 4104 4112
2 4104 4116
2 4121 4124
2 4121 4125
2 4121 4286
2 4122 4123
2 4122 4125
2 4122 4281
2 4124 4283
2 4124 4284
2 4124 4285
2 4126 4132
2 4126 4134
2 4126 4297
2 4127 4133
2 4127 4135
2 4127 4298
2 4128 4130
2 4128 4134
2 4128 4287
2 4129 4131
2 4129 4135
2 4129 4288
2 4132 4291
2 4132 4293
2 4132 4295
2 4133 4292
2 4133 4294
2 4133 4296
2 4136 4142
2 4136 4144
2 4136 4267
2 4137 4143
2 4137 4145
2 4137 4268
2 4138 4140
2 4138 4144
2 4138 4257
2 4139 4141
2 4139 4145
2 4139 4258
2 4142 4261
2 4142 4263
2 4142 4265
2 4143 4262
2 4143 4264
2 4143 4266
2 4146 4152
2 4146 4154
2 4146 4219
2 4147 4153
2 4147 4155
2 4147 4220
2 4148 4150
2 4148 4154
2 4148 4209
2 4149 4151
2 4149 4155
2 4149 4210
2 4152 4213
2 4152 4215
2 4152 4217
2 4153 4214
2 4153 4216
2 4153 4218
2 4156 4168
2 4156 4184
2 4156 4229
2 4157 4169
2 4157 4185
2 4157 4230
2 4158 4170
2 4158 4186
2 4158 4231
2 4159 4171
2 4159 4187
2 4159 4232
2 4160 4164
2 4160 4184
2 4160 4221
2 4161 4165
2 4161 4185
2 4161 4222
2 4162 4166
2 4162 4186
2 4162 4223
2 4163 4167
2 4163 4187
2 4163 4224
2 4168 4172
2 4168 4176
2 4168 4180
2 4169 4173
2 4169 4177
2 4169 4181
2 4170 4174
2 4170 4178
2 4170 4182
2 4171 4175
2 4171 4179
2 4171 4183
2 4188 4194
2 4188 4196
2 4188 4243
2 4189 4195
2 4189 4197
2 4189 4244
2 4190 4192
2 4190 4196
2 4190 4233
2 4191 4193
2 4191 4197
2 4191 4234
2 4194 4237
2 4194 4239
2 4194 4241
2 4195 4238
2 4195 4240
2 4195 4242
2 4198 4201
2 4198 4205
2 4198 4208
2 4199 4200
2 4199 4205
2 4199 4206
2 4201 4202
2 4201 4203
2 4201 4204
2 4206 4207
2 4206 4208
2 4209 4211
2 4209 4219
2 4210 4212
2 4210 4220
2 4221 4225
2 4221 4229
2 4222 4226
2 4222 4230
2 4223 4227
2 4223 4231
2 4224 4228
2 4224 4232
2 4233 4235
2 4233 4243
2 4234 4236
2 4234 4244
2 4245 4247
2 4245 4255
2 4246 4248
2 4246 4256
2 4257 4259
2 4257 4267
2 4258 4260
2 4258 4268
2 4269 4273
2 4269 4277
2 4270 4274
2 4270 4278
2 4271 4275
2 4271 4279
2 4272 4276
2 4272 4280
2 4281 4282
2 4281 4286
2 4287 4289
2 4287 4297
2 4288 4290
2 4288 4298
2 4299 4303
2 4299 4307
2 4300 4304
2 4300 4308
2 4301 4305
2 4301 4309
2 4302 4306
2 4302 4310
2 4311 4313
2 4311 4315
2 4312 4314
2 4312 4316
2 4317 4318
2 4317 4319
