# vtk DataFile Version 1.0
Cube
ASCII

DATASET POLYDATA
POINTS 4146 float
6.406457 0.134229 10.584543
6.406457 34.116229 10.584543
6.261353 15.277288 11.681313
6.417501 14.593570 12.291289
6.961722 16.452725 11.601115
8.495500 0.000000 12.743250
8.495500 33.982000 12.743250
0.134229 10.584543 6.406457
34.116229 10.584543 6.406457
15.277288 10.729647 5.309687
14.593570 10.573499 4.699711
14.593570 10.573499 38.681711
16.452725 10.029278 5.389885
0.000000 8.495500 4.247750
0.000000 8.495500 38.229750
33.982000 8.495500 4.247750
33.982000 8.495500 38.229750
10.584543 16.856771 10.584543
10.729647 1.713712 11.681313
10.729647 35.695712 11.681313
10.573499 2.397430 12.291289
10.573499 36.379430 12.291289
10.029278 0.538275 11.601115
10.029278 34.520275 11.601115
16.856771 6.406457 6.406457
1.713712 6.261353 5.309687
35.695712 6.261353 5.309687
2.397430 6.417501 4.699711
2.397430 6.417501 38.681711
36.379430 6.417501 4.699711
36.379430 6.417501 38.681711
0.538275 6.961722 5.389885
34.520275 6.961722 5.389885
6.406457 16.856771 6.406457
6.261353 1.713712 5.309687
6.261353 35.695712 5.309687
6.417501 2.397430 4.699711
6.417501 2.397430 38.681711
6.417501 36.379430 4.699711
6.417501 36.379430 38.681711
6.961722 0.538275 5.389885
6.961722 34.520275 5.389885
8.495500 0.000000 4.247750
8.495500 0.000000 38.229750
8.495500 33.982000 4.247750
8.495500 33.982000 38.229750
16.856771 10.584543 10.584543
1.713712 10.729647 11.681313
35.695712 10.729647 11.681313
2.397430 10.573499 12.291289
36.379430 10.573499 12.291289
15.538270 10.090955 10.090955
0.538275 10.029278 11.601115
34.520275 10.029278 11.601115
0.000000 8.495500 12.743250
33.982000 8.495500 12.743250
10.584543 0.134229 6.406457
10.584543 34.116229 6.406457
10.729647 15.277288 5.309687
10.573499 14.593570 4.699711
10.573499 14.593570 38.681711
10.090955 1.452731 6.900045
10.090955 35.434731 6.900045
9.197228 1.355882 7.233069
9.197228 35.337882 7.233069
10.096052 2.086495 6.177928
10.096052 36.068495 6.177928
10.663552 1.765365 7.603472
10.663552 35.747365 7.603472
10.029278 16.452725 5.389885
0.134229 6.406457 10.584543
34.116229 6.406457 10.584543
15.277288 6.261353 11.681313
14.593570 6.417501 12.291289
1.452731 6.900045 10.090955
35.434731 6.900045 10.090955
1.355882 7.793772 9.757931
35.337882 7.793772 9.757931
2.086495 6.894948 10.813072
36.068495 6.894948 10.813072
1.765365 6.327448 9.387527
35.747365 6.327448 9.387527
16.452725 6.961722 11.601115
10.584543 6.406457 0.134229
10.584543 6.406457 34.116229
11.681313 6.261353 15.277288
12.291289 6.417501 14.593570
10.090955 6.900045 1.452731
10.090955 6.900045 35.434731
11.601115 6.961722 16.452725
12.743250 8.495500 0.000000
12.743250 8.495500 33.982000
6.406457 6.406457 16.856771
6.261353 5.309687 1.713712
6.261353 5.309688 35.695712
6.417501 4.699711 2.397430
6.417501 4.699711 36.379430
6.417501 38.681711 2.397430
6.417501 38.681711 36.379430
6.961722 5.389885 0.538275
6.961722 5.389885 34.520275
8.495500 4.247750 0.000000
8.495500 4.247750 33.982000
8.495500 38.229750 0.000000
8.495500 38.229750 33.982000
6.406457 10.584543 0.134229
6.406457 10.584543 34.116229
5.309688 10.729647 15.277288
4.699711 10.573499 14.593570
38.681711 10.573499 14.593570
6.900045 10.090955 1.452731
6.900045 10.090955 35.434731
5.389885 10.029278 16.452725
4.247750 8.495500 0.000000
4.247750 8.495500 33.982000
38.229750 8.495500 0.000000
38.229750 8.495500 33.982000
10.584543 10.584543 16.856771
10.729647 11.681313 1.713712
10.729647 11.681313 35.695712
10.573499 12.291289 2.397430
10.573499 12.291289 36.379430
10.029278 11.601115 0.538275
10.029278 11.601115 34.520275
8.495500 12.743250 0.000000
8.495500 12.743250 33.982000
11.681313 10.729647 1.713712
11.681313 10.729647 35.695712
12.291289 10.573499 2.397430
12.291289 10.573499 36.379430
11.601115 10.029278 0.538275
11.601115 10.029278 34.520275
10.729647 5.309688 15.277288
10.573499 4.699711 14.593570
10.573499 38.681711 14.593570
9.197228 7.233069 1.355882
9.197228 7.233069 35.337882
10.096052 6.177928 2.086495
10.096052 6.177928 36.068495
10.663552 7.603472 1.765365
10.663552 7.603472 35.747365
10.029278 5.389885 16.452725
5.309687 6.261353 1.713712
5.309688 6.261353 35.695712
4.699711 6.417501 2.397430
4.699711 6.417501 36.379430
38.681711 6.417501 2.397430
38.681711 6.417501 36.379430
5.389885 6.961722 0.538275
5.389885 6.961722 34.520275
6.261353 11.681313 15.277288
6.417501 12.291289 14.593570
7.793772 9.757931 1.355882
7.793772 9.757931 35.337882
6.894948 10.813072 2.086495
6.894948 10.813072 36.068495
6.327448 9.387527 1.765365
6.327448 9.387528 35.747365
6.961722 11.601115 16.452725
15.277288 11.681313 6.261353
14.593570 12.291289 6.417501
16.452725 11.601115 6.961722
0.000000 12.743250 8.495500
33.982000 12.743250 8.495500
15.277288 5.309688 10.729647
14.593570 4.699711 10.573499
14.593570 38.681711 10.573499
16.452725 5.389885 10.029278
0.000000 4.247750 8.495500
0.000000 38.229750 8.495500
33.982000 4.247750 8.495500
33.982000 38.229750 8.495500
5.309687 1.713712 6.261353
5.309688 35.695712 6.261353
4.699711 2.397430 6.417501
4.699711 36.379430 6.417501
38.681711 2.397430 6.417501
38.681711 36.379430 6.417501
5.389885 0.538275 6.961722
5.389885 34.520275 6.961722
4.247750 0.000000 8.495500
4.247750 33.982000 8.495500
38.229750 0.000000 8.495500
38.229750 33.982000 8.495500
1.713712 11.681313 10.729647
35.695712 11.681313 10.729647
2.397430 12.291289 10.573499
36.379430 12.291289 10.573499
15.635118 9.757931 9.197228
14.904505 10.813072 10.096052
15.225635 9.387527 10.663552
0.538275 11.601115 10.029278
34.520275 11.601115 10.029278
11.681313 15.277288 6.261353
12.291289 14.593570 6.417501
11.601115 16.452725 6.961722
12.743250 0.000000 8.495500
12.743250 33.982000 8.495500
1.713712 5.309687 6.261353
35.695712 5.309687 6.261353
2.397430 4.699711 6.417501
2.397430 38.681711 6.417501
36.379430 4.699711 6.417501
36.379430 38.681711 6.417501
0.538275 5.389885 6.961722
34.520275 5.389885 6.961722
5.309688 15.277288 10.729647
4.699711 14.593570 10.573499
38.681711 14.593570 10.573499
5.389885 16.452725 10.029278
11.681313 1.713712 10.729647
11.681313 35.695712 10.729647
12.291289 2.397430 10.573499
12.291289 36.379430 10.573499
11.601115 0.538275 10.029278
11.601115 34.520275 10.029278
14.901957 8.629729 2.089043
14.901957 8.629729 36.071043
14.756853 6.781788 3.185812
14.756853 6.781788 37.167812
14.913001 6.098070 3.795789
14.913001 6.098070 37.777789
15.395545 9.948230 1.595455
15.395545 9.948230 35.577455
16.289272 9.851382 1.262431
16.289272 9.851382 35.244431
15.390448 10.581995 2.317572
15.390448 10.581995 36.299572
14.822948 10.260865 0.892027
14.822948 10.260865 34.874028
15.457222 7.957225 3.105615
15.457222 7.957225 37.087615
8.629729 2.089043 14.901957
8.629729 36.071043 14.901957
6.781788 2.234147 13.805187
6.781788 36.216147 13.805187
6.098070 2.077999 13.195211
6.098070 36.059999 13.195211
7.957225 1.533778 13.885385
7.957225 35.515778 13.885385
2.089043 8.361271 2.089043
2.089043 8.361271 36.071043
36.071043 8.361271 2.089043
36.071043 8.361271 36.071043
2.234147 10.209212 3.185812
2.234147 10.209212 37.167812
36.216147 10.209212 3.185812
36.216147 10.209212 37.167812
2.077999 10.892930 3.795789
2.077999 10.892930 37.777789
36.059999 10.892930 3.795789
36.059999 10.892930 37.777789
1.595455 7.042769 1.595455
1.595455 7.042770 35.577455
35.577455 7.042769 1.595455
35.577455 7.042770 35.577455
0.701728 7.139618 1.262431
0.701728 7.139618 35.244431
34.683728 7.139618 1.262431
34.683728 7.139618 35.244431
1.600552 6.409005 2.317572
1.600552 6.409005 36.299572
35.582552 6.409005 2.317572
35.582552 6.409005 36.299572
2.168052 6.730135 0.892027
2.168052 6.730135 34.874028
36.150052 6.730135 0.892027
36.150052 6.730135 34.874028
1.533778 9.033775 3.105615
1.533778 9.033775 37.087615
35.515778 9.033775 3.105615
35.515778 9.033775 37.087615
8.361271 14.901957 14.901957
10.209212 14.756853 13.805187
10.892930 14.913001 13.195211
7.042770 15.395545 15.395545
7.139618 16.289272 15.728569
6.409005 15.390448 14.673428
6.730135 14.822948 16.098972
9.033775 15.457222 13.885385
14.901957 8.361271 14.901957
14.756853 10.209212 13.805187
14.913001 10.892930 13.195211
15.395545 7.042770 15.395545
16.289272 7.139618 15.728569
15.390448 6.409005 14.673428
14.822948 6.730135 16.098972
15.457222 9.033775 13.885385
8.361271 2.089043 2.089043
8.361271 2.089043 36.071043
8.361271 36.071043 2.089043
8.361271 36.071043 36.071043
10.209212 2.234147 3.185812
10.209212 2.234147 37.167812
10.209212 36.216147 3.185812
10.209212 36.216147 37.167812
10.892930 2.077999 3.795789
10.892930 2.077999 37.777789
10.892930 36.059999 3.795789
10.892930 36.059999 37.777789
7.042769 1.595455 1.595455
7.042770 1.595455 35.577455
7.042770 35.577455 1.595455
7.042770 35.577455 35.577455
9.033775 1.533778 3.105615
9.033775 1.533778 37.087615
9.033775 35.515778 3.105615
9.033775 35.515778 37.087615
2.089043 8.629729 14.901957
36.071043 8.629729 14.901957
2.234147 6.781788 13.805187
36.216147 6.781788 13.805187
2.077999 6.098070 13.195211
36.059999 6.098070 13.195211
1.533778 7.957225 13.885385
35.515778 7.957225 13.885385
8.629729 14.901957 2.089043
8.629729 14.901957 36.071043
6.781788 14.756853 3.185812
6.781788 14.756853 37.167812
6.098070 14.913001 3.795789
6.098070 14.913001 37.777789
7.957225 15.457222 3.105615
7.957225 15.457222 37.087615
2.089043 14.901957 8.629729
36.071043 14.901957 8.629729
3.185813 14.756853 6.781788
37.167812 14.756853 6.781788
3.795789 14.913001 6.098070
37.777789 14.913001 6.098070
3.105615 15.457222 7.957225
37.087615 15.457222 7.957225
14.901957 14.901957 8.361271
14.756853 13.805187 10.209212
14.913001 13.195211 10.892930
15.395545 15.395545 7.042769
16.289272 15.728569 7.139618
15.390448 14.673428 6.409005
14.822948 16.098972 6.730135
15.457222 13.885385 9.033775
14.901957 2.089043 8.629729
14.901957 36.071043 8.629729
13.805187 2.234147 6.781788
13.805187 36.216147 6.781788
13.195211 2.077999 6.098070
13.195211 36.059999 6.098070
15.395545 1.595455 9.948230
15.395545 35.577455 9.948230
13.885385 1.533778 7.957225
13.885385 35.515778 7.957225
2.089043 2.089043 8.361271
2.089043 36.071043 8.361271
36.071043 2.089043 8.361271
36.071043 36.071043 8.361271
2.234147 3.185813 10.209212
2.234147 37.167812 10.209212
36.216147 3.185813 10.209212
36.216147 37.167812 10.209212
2.077999 3.795789 10.892930
2.077999 37.777789 10.892930
36.059999 3.795789 10.892930
36.059999 37.777789 10.892930
1.533778 3.105615 9.033775
1.533778 37.087615 9.033775
35.515778 3.105615 9.033775
35.515778 37.087615 9.033775
3.185813 2.234147 10.209212
3.185813 36.216147 10.209212
37.167812 2.234147 10.209212
37.167812 36.216147 10.209212
3.795789 2.077999 10.892930
3.795789 36.059999 10.892930
37.777789 2.077999 10.892930
37.777789 36.059999 10.892930
3.105615 1.533778 9.033775
3.105615 35.515778 9.033775
37.087615 1.533778 9.033775
37.087615 35.515778 9.033775
2.234147 13.805187 6.781788
36.216147 13.805187 6.781788
2.077999 13.195211 6.098070
36.059999 13.195211 6.098070
1.533778 13.885385 7.957225
35.515778 13.885385 7.957225
13.805187 14.756853 10.209212
13.195211 14.913001 10.892930
13.885385 15.457222 9.033775
14.756853 3.185813 6.781788
14.756853 37.167812 6.781788
14.913001 3.795789 6.098070
14.913001 37.777789 6.098070
16.289272 1.262431 9.851382
16.289272 35.244431 9.851382
15.390448 2.317572 10.581995
15.390448 36.299572 10.581995
14.822948 0.892028 10.260865
14.822948 34.874028 10.260865
15.457222 3.105615 7.957225
15.457222 37.087615 7.957225
6.781788 3.185813 14.756853
6.781788 37.167812 14.756853
6.098070 3.795789 14.913001
6.098070 37.777789 14.913001
7.957225 3.105615 15.457222
7.957225 37.087615 15.457222
6.781788 13.805187 2.234147
6.781788 13.805187 36.216147
6.098070 13.195211 2.077999
6.098070 13.195211 36.059999
7.957225 13.885385 1.533778
7.957225 13.885385 35.515778
13.805187 10.209212 14.756853
13.195211 10.892930 14.913001
13.885385 9.033775 15.457222
10.209212 3.185812 2.234147
10.209212 3.185813 36.216147
10.209212 37.167812 2.234147
10.209212 37.167812 36.216147
10.892930 3.795789 2.077999
10.892930 3.795789 36.059999
10.892930 37.777789 2.077999
10.892930 37.777789 36.059999
7.139618 1.262431 0.701728
7.139618 1.262431 34.683728
7.139618 35.244431 0.701728
7.139618 35.244431 34.683728
6.409005 2.317572 1.600552
6.409005 2.317572 35.582552
6.409005 36.299572 1.600552
6.409005 36.299572 35.582552
6.730135 0.892028 2.168052
6.730135 0.892028 36.150052
6.730135 34.874028 2.168052
6.730135 34.874028 36.150052
9.033775 3.105615 1.533778
9.033775 3.105615 35.515778
9.033775 37.087615 1.533778
9.033775 37.087615 35.515778
3.185813 6.781788 14.756853
37.167812 6.781788 14.756853
3.795789 6.098070 14.913001
37.777789 6.098070 14.913001
3.105615 7.957225 15.457222
37.087615 7.957225 15.457222
10.209212 13.805187 14.756853
10.892930 13.195211 14.913001
9.033775 13.885385 15.457222
13.805187 6.781788 2.234147
13.805187 6.781788 36.216147
13.195211 6.098070 2.077999
13.195211 6.098070 36.059999
13.885385 7.957225 1.533778
13.885385 7.957225 35.515778
3.185813 10.209212 2.234147
3.185813 10.209212 36.216147
37.167812 10.209212 2.234147
37.167812 10.209212 36.216147
3.795789 10.892930 2.077999
3.795789 10.892930 36.059999
37.777789 10.892930 2.077999
37.777789 10.892930 36.059999
3.105615 9.033775 1.533778
3.105615 9.033775 35.515778
37.087615 9.033775 1.533778
37.087615 9.033775 35.515778
10.098194 15.557607 10.098194
10.885835 14.648088 9.896375
8.906915 15.388908 9.896375
1.602694 1.602694 7.062107
1.602694 35.584694 7.062107
35.584694 1.602694 7.062107
35.584694 35.584694 7.062107
2.147948 0.653803 6.522998
2.147948 34.635803 6.522998
36.129948 0.653803 6.522998
36.129948 34.635803 6.522998
0.653803 2.147948 6.522998
0.653803 36.129948 6.522998
34.635803 2.147948 6.522998
34.635803 36.129948 6.522998
1.433393 10.098194 6.892806
35.415393 10.098194 6.892806
2.342912 10.885835 7.094625
36.324912 10.885835 7.094625
1.602092 8.906915 7.094625
35.584092 8.906915 7.094625
6.892806 1.433393 10.098194
6.892806 35.415393 10.098194
6.105165 2.342912 9.896375
6.105165 36.324912 9.896375
8.084085 1.602092 9.896375
8.084085 35.584092 9.896375
1.602694 9.928893 15.388306
35.584694 9.928893 15.388306
0.411415 10.097592 15.590125
34.393415 10.097592 15.590125
2.390335 10.838412 15.590125
36.372335 10.838412 15.590125
6.892806 15.557607 6.892806
8.084085 15.388908 7.094625
6.105165 14.648088 7.094625
9.928893 1.602694 15.388306
9.928893 35.584694 15.388306
10.838412 2.390335 15.590125
10.838412 36.372335 15.590125
10.097592 0.411415 15.590125
10.097592 34.393415 15.590125
1.602694 15.388306 9.928893
35.584694 15.388306 9.928893
0.653803 14.843052 10.468002
34.635803 14.843052 10.468002
2.147948 16.337197 10.468002
36.129948 16.337197 10.468002
9.928893 15.388306 1.602694
9.928893 15.388306 35.584694
10.097592 16.579585 1.400875
10.097592 16.579585 35.382875
10.838412 14.600665 1.400875
10.838412 14.600665 35.382875
15.557607 6.892806 6.892806
14.648088 6.105165 7.094625
15.388908 8.084085 7.094625
6.892806 6.892806 15.557607
6.347552 7.841697 15.018498
7.841697 6.347552 15.018498
10.098194 10.098194 15.557607
10.643448 9.149303 15.018498
9.149303 10.643448 15.018498
6.406457 0.134229 27.575543
6.406457 34.116229 27.575543
6.261353 15.277288 28.672313
6.417501 14.593570 -4.699711
6.417501 14.593570 29.282289
6.961722 16.452725 28.592115
8.495500 -0.000000 -4.247750
8.495500 0.000000 29.734250
8.495500 33.982000 -4.247750
8.495500 33.982000 29.734250
0.134229 10.584543 23.397457
34.116229 10.584543 23.397457
15.277288 10.729647 22.300687
14.593570 10.573499 21.690711
16.452725 10.029278 22.380885
0.000000 8.495500 21.238750
33.982000 8.495500 21.238750
10.584543 16.856771 27.575543
10.729647 1.713712 28.672313
10.729647 35.695712 28.672313
10.573499 2.397430 -4.699711
10.573499 2.397430 29.282289
10.573499 36.379430 -4.699711
10.573499 36.379430 29.282289
10.029278 0.538275 28.592115
10.029278 34.520275 28.592115
16.856771 6.406457 23.397457
1.713712 6.261353 22.300687
35.695712 6.261353 22.300687
2.397430 6.417501 21.690711
36.379430 6.417501 21.690711
0.538275 6.961722 22.380885
34.520275 6.961722 22.380885
6.406457 16.856771 23.397457
6.261353 1.713712 22.300687
6.261353 35.695712 22.300687
6.417501 2.397430 21.690711
6.417501 36.379430 21.690711
6.961722 0.538275 22.380885
6.961722 34.520275 22.380885
8.495500 0.000000 21.238750
8.495500 33.982000 21.238750
16.856771 10.584543 27.575543
1.713712 10.729647 28.672313
35.695712 10.729647 28.672313
2.397430 10.573499 -4.699711
2.397430 10.573499 29.282289
36.379430 10.573499 -4.699711
36.379430 10.573499 29.282289
15.538270 10.090955 27.081955
0.538275 10.029278 28.592115
34.520275 10.029278 28.592115
0.000000 8.495500 -4.247750
0.000000 8.495500 29.734250
33.982000 8.495500 -4.247750
33.982000 8.495500 29.734250
10.584543 0.134229 23.397457
10.584543 34.116229 23.397457
10.729647 15.277288 22.300687
10.573499 14.593570 21.690711
10.090955 1.452731 23.891045
10.090955 35.434731 23.891045
9.197228 1.355882 24.224069
9.197228 35.337882 24.224069
10.096052 2.086495 23.168928
10.096052 36.068495 23.168928
10.663552 1.765365 24.594472
10.663552 35.747365 24.594472
10.029278 16.452725 22.380885
0.134229 6.406457 27.575543
34.116229 6.406457 27.575543
15.277288 6.261353 28.672313
14.593570 6.417501 -4.699711
14.593570 6.417501 29.282289
1.452731 6.900045 27.081955
35.434731 6.900045 27.081955
1.355882 7.793772 26.748931
35.337882 7.793772 26.748931
2.086495 6.894948 27.804072
36.068495 6.894948 27.804072
1.765365 6.327448 26.378528
35.747365 6.327448 26.378528
16.452725 6.961722 28.592115
10.584543 6.406457 17.125229
11.681313 6.261353 -1.713712
11.681313 6.261353 32.268288
12.291289 6.417501 -2.397430
12.291289 6.417501 31.584570
10.090955 6.900045 18.443730
11.601115 6.961722 -0.538275
11.601115 6.961722 33.443725
12.743250 8.495500 16.991000
6.406457 6.406457 -0.134229
6.406457 6.406457 33.847771
6.261353 5.309688 18.704712
6.417501 4.699711 19.388430
6.417501 38.681711 19.388430
6.961722 5.389885 17.529275
8.495500 4.247750 16.991000
8.495500 38.229750 16.991000
6.406457 10.584543 17.125229
5.309688 10.729647 -1.713712
5.309688 10.729647 32.268288
4.699711 10.573499 -2.397430
4.699711 10.573499 31.584570
38.681711 10.573499 -2.397430
38.681711 10.573499 31.584570
6.900045 10.090955 18.443730
5.389885 10.029278 -0.538275
5.389885 10.029278 33.443725
4.247750 8.495500 16.991000
38.229750 8.495500 16.991000
10.584543 10.584543 -0.134229
10.584543 10.584543 33.847771
10.729647 11.681313 18.704712
10.573499 12.291289 19.388430
10.029278 11.601115 17.529275
8.495500 12.743250 16.991000
11.681313 10.729647 18.704712
12.291289 10.573499 19.388430
11.601115 10.029278 17.529275
10.729647 5.309687 -1.713712
10.729647 5.309688 32.268288
10.573499 4.699711 -2.397430
10.573499 4.699711 31.584570
10.573499 38.681711 -2.397430
10.573499 38.681711 31.584570
9.197228 7.233069 18.346882
10.096052 6.177928 19.077495
10.663552 7.603472 18.756365
10.029278 5.389885 -0.538275
10.029278 5.389885 33.443725
5.309688 6.261353 18.704712
4.699711 6.417501 19.388430
38.681711 6.417501 19.388430
5.389885 6.961722 17.529275
6.261353 11.681313 -1.713712
6.261353 11.681313 32.268288
6.417501 12.291289 -2.397430
6.417501 12.291289 31.584570
7.793772 9.757931 18.346882
6.894948 10.813072 19.077495
6.327448 9.387527 18.756365
6.961722 11.601115 -0.538275
6.961722 11.601115 33.443725
15.277288 11.681313 23.252353
14.593570 12.291289 23.408501
16.452725 11.601115 23.952722
0.000000 12.743250 25.486500
33.982000 12.743250 25.486500
15.277288 5.309688 27.720647
14.593570 4.699711 27.564499
14.593570 38.681711 27.564499
16.452725 5.389885 27.020278
0.000000 4.247750 25.486500
0.000000 38.229750 25.486500
33.982000 4.247750 25.486500
33.982000 38.229750 25.486500
5.309688 1.713712 23.252353
5.309688 35.695712 23.252353
4.699711 2.397430 23.408501
4.699711 36.379430 23.408501
38.681711 2.397430 23.408501
38.681711 36.379430 23.408501
5.389885 0.538275 23.952722
5.389885 34.520275 23.952722
4.247750 0.000000 25.486500
4.247750 33.982000 25.486500
38.229750 0.000000 25.486500
38.229750 33.982000 25.486500
1.713712 11.681313 27.720647
35.695712 11.681313 27.720647
2.397430 12.291289 27.564499
36.379430 12.291289 27.564499
15.635118 9.757931 26.188228
14.904505 10.813072 27.087052
15.225635 9.387527 27.654552
0.538275 11.601115 27.020278
34.520275 11.601115 27.020278
11.681313 15.277288 23.252353
12.291289 14.593570 23.408501
11.601115 16.452725 23.952722
12.743250 0.000000 25.486500
12.743250 33.982000 25.486500
1.713712 5.309688 23.252353
35.695712 5.309688 23.252353
2.397430 4.699711 23.408501
2.397430 38.681711 23.408501
36.379430 4.699711 23.408501
36.379430 38.681711 23.408501
0.538275 5.389885 23.952722
34.520275 5.389885 23.952722
5.309688 15.277288 27.720647
4.699711 14.593570 27.564499
38.681711 14.593570 27.564499
5.389885 16.452725 27.020278
11.681313 1.713712 27.720647
11.681313 35.695712 27.720647
12.291289 2.397430 27.564499
12.291289 36.379430 27.564499
11.601115 0.538275 27.020278
11.601115 34.520275 27.020278
14.901957 8.629729 19.080043
14.756853 6.781788 20.176813
14.913001 6.098070 20.786789
15.395545 9.948230 18.586455
16.289272 9.851382 18.253431
15.390448 10.581995 19.308572
14.822948 10.260865 17.883028
15.457222 7.957225 20.096615
8.629729 2.089043 -2.089043
8.629729 2.089043 31.892957
8.629729 36.071043 -2.089043
8.629729 36.071043 31.892957
6.781788 2.234147 -3.185813
6.781788 2.234147 30.796187
6.781788 36.216147 -3.185813
6.781788 36.216147 30.796187
6.098070 2.077999 -3.795789
6.098070 2.077999 30.186211
6.098070 36.059999 -3.795789
6.098070 36.059999 30.186211
7.957225 1.533778 -3.105615
7.957225 1.533778 30.876385
7.957225 35.515778 -3.105615
7.957225 35.515778 30.876385
2.089043 8.361271 19.080043
36.071043 8.361271 19.080043
2.234147 10.209212 20.176813
36.216147 10.209212 20.176813
2.077999 10.892930 20.786789
36.059999 10.892930 20.786789
1.595455 7.042770 18.586455
35.577455 7.042770 18.586455
0.701728 7.139618 18.253431
34.683728 7.139618 18.253431
1.600552 6.409005 19.308572
35.582552 6.409005 19.308572
2.168052 6.730135 17.883028
36.150052 6.730135 17.883028
1.533778 9.033775 20.096615
35.515778 9.033775 20.096615
8.361271 14.901957 -2.089043
8.361271 14.901957 31.892957
10.209212 14.756853 -3.185813
10.209212 14.756853 30.796187
10.892930 14.913001 -3.795789
10.892930 14.913001 30.186211
7.042770 15.395545 -1.595455
7.042770 15.395545 32.386545
7.139618 16.289272 -1.262431
7.139618 16.289272 32.719569
6.409005 15.390448 -2.317572
6.409005 15.390448 31.664428
6.730135 14.822948 -0.892028
6.730135 14.822948 33.089972
9.033775 15.457222 -3.105615
9.033775 15.457222 30.876385
14.901957 8.361271 -2.089043
14.901957 8.361271 31.892957
14.756853 10.209212 -3.185813
14.756853 10.209212 30.796187
14.913001 10.892930 -3.795789
14.913001 10.892930 30.186211
15.395545 7.042769 -1.595455
15.395545 7.042770 32.386545
16.289272 7.139618 -1.262431
16.289272 7.139618 32.719569
15.390448 6.409005 -2.317572
15.390448 6.409005 31.664428
14.822948 6.730135 -0.892028
14.822948 6.730135 33.089972
15.457222 9.033775 -3.105615
15.457222 9.033775 30.876385
8.361271 2.089043 19.080043
8.361271 36.071043 19.080043
10.209212 2.234147 20.176813
10.209212 36.216147 20.176813
10.892930 2.077999 20.786789
10.892930 36.059999 20.786789
7.042770 1.595455 18.586455
7.042770 35.577455 18.586455
9.033775 1.533778 20.096615
9.033775 35.515778 20.096615
2.089043 8.629729 -2.089043
2.089043 8.629729 31.892957
36.071043 8.629729 -2.089043
36.071043 8.629729 31.892957
2.234147 6.781788 -3.185813
2.234147 6.781788 30.796187
36.216147 6.781788 -3.185813
36.216147 6.781788 30.796187
2.077999 6.098070 -3.795789
2.077999 6.098070 30.186211
36.059999 6.098070 -3.795789
36.059999 6.098070 30.186211
1.533778 7.957225 -3.105615
1.533778 7.957225 30.876385
35.515778 7.957225 -3.105615
35.515778 7.957225 30.876385
8.629729 14.901957 19.080043
6.781788 14.756853 20.176813
6.098070 14.913001 20.786789
7.957225 15.457222 20.096615
2.089043 14.901957 25.620729
36.071043 14.901957 25.620729
3.185813 14.756853 23.772788
37.167812 14.756853 23.772788
3.795789 14.913001 23.089070
37.777789 14.913001 23.089070
3.105615 15.457222 24.948225
37.087615 15.457222 24.948225
14.901957 14.901957 25.352271
14.756853 13.805187 27.200212
14.913001 13.195211 27.883930
15.395545 15.395545 24.033769
16.289272 15.728569 24.130618
15.390448 14.673428 23.400005
14.822948 16.098972 23.721135
15.457222 13.885385 26.024775
14.901957 2.089043 25.620729
14.901957 36.071043 25.620729
13.805187 2.234147 23.772788
13.805187 36.216147 23.772788
13.195211 2.077999 23.089070
13.195211 36.059999 23.089070
15.395545 1.595455 26.939230
15.395545 35.577455 26.939230
13.885385 1.533778 24.948225
13.885385 35.515778 24.948225
2.089043 2.089043 25.352271
2.089043 36.071043 25.352271
36.071043 2.089043 25.352271
36.071043 36.071043 25.352271
2.234147 3.185813 27.200212
2.234147 37.167812 27.200212
36.216147 3.185813 27.200212
36.216147 37.167812 27.200212
2.077999 3.795789 27.883930
2.077999 37.777789 27.883930
36.059999 3.795789 27.883930
36.059999 37.777789 27.883930
1.533778 3.105615 26.024775
1.533778 37.087615 26.024775
35.515778 3.105615 26.024775
35.515778 37.087615 26.024775
3.185813 2.234147 27.200212
3.185813 36.216147 27.200212
37.167812 2.234147 27.200212
37.167812 36.216147 27.200212
3.795789 2.077999 27.883930
3.795789 36.059999 27.883930
37.777789 2.077999 27.883930
37.777789 36.059999 27.883930
3.105615 1.533778 26.024775
3.105615 35.515778 26.024775
37.087615 1.533778 26.024775
37.087615 35.515778 26.024775
2.234147 13.805187 23.772788
36.216147 13.805187 23.772788
2.077999 13.195211 23.089070
36.059999 13.195211 23.089070
1.533778 13.885385 24.948225
35.515778 13.885385 24.948225
13.805187 14.756853 27.200212
13.195211 14.913001 27.883930
13.885385 15.457222 26.024775
14.756853 3.185813 23.772788
14.756853 37.167812 23.772788
14.913001 3.795789 23.089070
14.913001 37.777789 23.089070
16.289272 1.262431 26.842382
16.289272 35.244431 26.842382
15.390448 2.317572 27.572995
15.390448 36.299572 27.572995
14.822948 0.892028 27.251865
14.822948 34.874028 27.251865
15.457222 3.105615 24.948225
15.457222 37.087615 24.948225
6.781788 3.185812 -2.234147
6.781788 3.185813 31.747853
6.781788 37.167812 -2.234147
6.781788 37.167812 31.747853
6.098070 3.795789 -2.077999
6.098070 3.795789 31.904001
6.098070 37.777789 -2.077999
6.098070 37.777789 31.904001
7.957225 3.105615 -1.533778
7.957225 3.105615 32.448222
7.957225 37.087615 -1.533778
7.957225 37.087615 32.448222
6.781788 13.805187 19.225147
6.098070 13.195211 19.068999
7.957225 13.885385 18.524778
13.805187 10.209212 -2.234147
13.805187 10.209212 31.747853
13.195211 10.892930 -2.077999
13.195211 10.892930 31.904001
13.885385 9.033775 -1.533778
13.885385 9.033775 32.448222
10.209212 3.185813 19.225147
10.209212 37.167812 19.225147
10.892930 3.795789 19.068999
10.892930 37.777789 19.068999
7.139618 1.262431 17.692728
7.139618 35.244431 17.692728
6.409005 2.317572 18.591552
6.409005 36.299572 18.591552
6.730135 0.892028 19.159052
6.730135 34.874028 19.159052
9.033775 3.105615 18.524778
9.033775 37.087615 18.524778
3.185812 6.781788 -2.234147
3.185813 6.781788 31.747853
37.167812 6.781788 -2.234147
37.167812 6.781788 31.747853
3.795789 6.098070 -2.077999
3.795789 6.098070 31.904001
37.777789 6.098070 -2.077999
37.777789 6.098070 31.904001
3.105615 7.957225 -1.533778
3.105615 7.957225 32.448222
37.087615 7.957225 -1.533778
37.087615 7.957225 32.448222
10.209212 13.805187 -2.234147
10.209212 13.805187 31.747853
10.892930 13.195211 -2.077999
10.892930 13.195211 31.904001
9.033775 13.885385 -1.533778
9.033775 13.885385 32.448222
13.805187 6.781788 19.225147
13.195211 6.098070 19.068999
13.885385 7.957225 18.524778
3.185813 10.209212 19.225147
37.167812 10.209212 19.225147
3.795789 10.892930 19.068999
37.777789 10.892930 19.068999
3.105615 9.033775 18.524778
37.087615 9.033775 18.524778
10.098194 15.557607 27.089194
10.885835 14.648088 26.887375
8.906915 15.388908 26.887375
1.602694 1.602694 24.053107
1.602694 35.584694 24.053107
35.584694 1.602694 24.053107
35.584694 35.584694 24.053107
2.147948 0.653803 23.513998
2.147948 34.635803 23.513998
36.129948 0.653803 23.513998
36.129948 34.635803 23.513998
0.653803 2.147948 23.513998
0.653803 36.129948 23.513998
34.635803 2.147948 23.513998
34.635803 36.129948 23.513998
1.433393 10.098194 23.883806
35.415393 10.098194 23.883806
2.342912 10.885835 24.085625
36.324912 10.885835 24.085625
1.602092 8.906915 24.085625
35.584092 8.906915 24.085625
6.892806 1.433393 27.089194
6.892806 35.415393 27.089194
6.105165 2.342912 26.887375
6.105165 36.324912 26.887375
8.084085 1.602092 26.887375
8.084085 35.584092 26.887375
1.602694 9.928893 -1.602694
1.602694 9.928893 32.379306
35.584694 9.928893 -1.602694
35.584694 9.928893 32.379306
0.411415 10.097592 -1.400875
0.411415 10.097592 32.581125
34.393415 10.097592 -1.400875
34.393415 10.097592 32.581125
2.390335 10.838412 -1.400875
2.390335 10.838412 32.581125
36.372335 10.838412 -1.400875
36.372335 10.838412 32.581125
6.892806 15.557607 23.883806
8.084085 15.388908 24.085625
6.105165 14.648088 24.085625
9.928893 1.602694 -1.602694
9.928893 1.602694 32.379306
9.928893 35.584694 -1.602694
9.928893 35.584694 32.379306
10.838412 2.390335 -1.400875
10.838412 2.390335 32.581125
10.838412 36.372335 -1.400875
10.838412 36.372335 32.581125
10.097592 0.411415 -1.400875
10.097592 0.411415 32.581125
10.097592 34.393415 -1.400875
10.097592 34.393415 32.581125
1.602694 15.388306 26.919893
35.584694 15.388306 26.919893
0.653803 14.843052 27.459002
34.635803 14.843052 27.459002
2.147948 16.337197 27.459002
36.129948 16.337197 27.459002
9.928893 15.388306 18.593694
10.097592 16.579585 18.391875
10.838412 14.600665 18.391875
15.557607 6.892806 23.883806
14.648088 6.105165 24.085625
15.388908 8.084085 24.085625
6.892806 6.892806 -1.433393
6.892806 6.892806 32.548607
6.347552 7.841697 -1.972502
6.347552 7.841697 32.009498
7.841697 6.347552 -1.972502
7.841697 6.347552 32.009498
10.098194 10.098194 -1.433393
10.098194 10.098194 32.548607
10.643448 9.149303 -1.972502
10.643448 9.149303 32.009498
9.149303 10.643448 -1.972502
9.149303 10.643448 32.009498
6.406457 17.125229 10.584543
6.261353 -1.713712 11.681313
6.261353 32.268288 11.681313
6.417501 -2.397430 12.291289
6.417501 31.584570 12.291289
6.961722 -0.538275 11.601115
6.961722 33.443725 11.601115
8.495500 16.991000 12.743250
0.134229 27.575543 6.406457
34.116229 27.575543 6.406457
15.277288 27.720647 5.309687
14.593570 27.564499 4.699711
14.593570 27.564499 38.681711
16.452725 27.020278 5.389885
0.000000 25.486500 4.247750
0.000000 25.486500 38.229750
33.982000 25.486500 4.247750
33.982000 25.486500 38.229750
10.584543 -0.134229 10.584543
10.584543 33.847771 10.584543
10.729647 18.704712 11.681313
10.573499 19.388430 12.291289
10.029278 17.529275 11.601115
16.856771 23.397457 6.406457
1.713712 23.252353 5.309687
35.695712 23.252353 5.309687
2.397430 23.408501 4.699711
2.397430 23.408501 38.681711
36.379430 23.408501 4.699711
36.379430 23.408501 38.681711
0.538275 23.952722 5.389885
34.520275 23.952722 5.389885
6.406457 -0.134229 6.406457
6.406457 33.847771 6.406457
6.261353 18.704712 5.309687
6.417501 19.388430 4.699711
6.417501 19.388430 38.681711
6.961722 17.529275 5.389885
8.495500 16.991000 4.247750
8.495500 16.991000 38.229750
16.856771 27.575543 10.584543
1.713712 27.720647 11.681313
35.695712 27.720647 11.681313
2.397430 27.564499 12.291289
36.379430 27.564499 12.291289
15.538270 27.081955 10.090955
0.538275 27.020278 11.601115
34.520275 27.020278 11.601115
0.000000 25.486500 12.743250
33.982000 25.486500 12.743250
10.584543 17.125229 6.406457
10.729647 -1.713712 5.309687
10.729647 32.268288 5.309687
10.573499 -2.397430 4.699711
10.573499 -2.397430 38.681711
10.573499 31.584570 4.699711
10.573499 31.584570 38.681711
10.090955 18.443730 6.900045
9.197228 18.346882 7.233069
10.096052 19.077495 6.177928
10.663552 18.756365 7.603472
10.029278 -0.538275 5.389885
10.029278 33.443725 5.389885
0.134229 23.397457 10.584543
34.116229 23.397457 10.584543
15.277288 23.252353 11.681313
14.593570 23.408501 12.291289
1.452731 23.891045 10.090955
35.434731 23.891045 10.090955
1.355882 24.784772 9.757931
35.337882 24.784772 9.757931
2.086495 23.885948 10.813072
36.068495 23.885948 10.813072
1.765365 23.318448 9.387527
35.747365 23.318448 9.387527
16.452725 23.952722 11.601115
10.584543 23.397457 0.134229
10.584543 23.397457 34.116229
11.681313 23.252353 15.277288
12.291289 23.408501 14.593570
10.090955 23.891045 1.452731
10.090955 23.891045 35.434731
11.601115 23.952722 16.452725
12.743250 25.486500 0.000000
12.743250 25.486500 33.982000
6.406457 23.397457 16.856771
6.261353 22.300687 1.713712
6.261353 22.300688 35.695712
6.417501 21.690711 2.397430
6.417501 21.690711 36.379430
6.961722 22.380885 0.538275
6.961722 22.380885 34.520275
8.495500 21.238750 0.000000
8.495500 21.238750 33.982000
6.406457 27.575543 0.134229
6.406457 27.575543 34.116229
5.309688 27.720647 15.277288
4.699711 27.564499 14.593570
38.681711 27.564499 14.593570
6.900045 27.081955 1.452731
6.900045 27.081955 35.434731
5.389885 27.020278 16.452725
4.247750 25.486500 0.000000
4.247750 25.486500 33.982000
38.229750 25.486500 0.000000
38.229750 25.486500 33.982000
10.584543 27.575543 16.856771
10.729647 28.672313 1.713712
10.729647 28.672313 35.695712
10.573499 -4.699711 2.397430
10.573499 -4.699711 36.379430
10.573499 29.282289 2.397430
10.573499 29.282289 36.379430
10.029278 28.592115 0.538275
10.029278 28.592115 34.520275
8.495500 -4.247750 0.000000
8.495500 -4.247750 33.982000
8.495500 29.734250 0.000000
8.495500 29.734250 33.982000
11.681313 27.720647 1.713712
11.681313 27.720647 35.695712
12.291289 27.564499 2.397430
12.291289 27.564499 36.379430
11.601115 27.020278 0.538275
11.601115 27.020278 34.520275
10.729647 22.300687 15.277288
10.573499 21.690711 14.593570
9.197228 24.224069 1.355882
9.197228 24.224069 35.337882
10.096052 23.168928 2.086495
10.096052 23.168928 36.068495
10.663552 24.594472 1.765365
10.663552 24.594472 35.747365
10.029278 22.380885 16.452725
5.309688 23.252353 1.713712
5.309688 23.252353 35.695712
4.699711 23.408501 2.397430
4.699711 23.408501 36.379430
38.681711 23.408501 2.397430
38.681711 23.408501 36.379430
5.389885 23.952722 0.538275
5.389885 23.952722 34.520275
6.261353 28.672313 15.277288
6.417501 -4.699711 14.593570
6.417501 29.282289 14.593570
7.793772 26.748931 1.355882
7.793772 26.748931 35.337882
6.894948 27.804072 2.086495
6.894948 27.804072 36.068495
6.327448 26.378528 1.765365
6.327448 26.378528 35.747365
6.961722 28.592115 16.452725
15.277288 28.672313 6.261353
14.593570 -4.699711 6.417501
14.593570 29.282289 6.417501
16.452725 28.592115 6.961722
0.000000 -4.247750 8.495500
0.000000 29.734250 8.495500
33.982000 -4.247750 8.495500
33.982000 29.734250 8.495500
15.277288 22.300687 10.729647
14.593570 21.690711 10.573499
16.452725 22.380885 10.029278
0.000000 21.238750 8.495500
33.982000 21.238750 8.495500
5.309688 18.704712 6.261353
4.699711 19.388430 6.417501
38.681711 19.388430 6.417501
5.389885 17.529275 6.961722
4.247750 16.991000 8.495500
38.229750 16.991000 8.495500
1.713712 28.672313 10.729647
35.695712 28.672313 10.729647
2.397430 -4.699711 10.573499
2.397430 29.282289 10.573499
36.379430 -4.699711 10.573499
36.379430 29.282289 10.573499
15.635118 26.748931 9.197228
14.904505 27.804072 10.096052
15.225635 26.378528 10.663552
0.538275 28.592115 10.029278
34.520275 28.592115 10.029278
11.681313 -1.713712 6.261353
11.681313 32.268288 6.261353
12.291289 -2.397430 6.417501
12.291289 31.584570 6.417501
11.601115 -0.538275 6.961722
11.601115 33.443725 6.961722
12.743250 16.991000 8.495500
1.713712 22.300687 6.261353
35.695712 22.300687 6.261353
2.397430 21.690711 6.417501
36.379430 21.690711 6.417501
0.538275 22.380885 6.961722
34.520275 22.380885 6.961722
5.309688 -1.713712 10.729647
5.309688 32.268288 10.729647
4.699711 -2.397430 10.573499
4.699711 31.584570 10.573499
38.681711 -2.397430 10.573499
38.681711 31.584570 10.573499
5.389885 -0.538275 10.029278
5.389885 33.443725 10.029278
11.681313 18.704712 10.729647
12.291289 19.388430 10.573499
11.601115 17.529275 10.029278
14.901957 25.620729 2.089043
14.901957 25.620729 36.071043
14.756853 23.772788 3.185812
14.756853 23.772788 37.167812
14.913001 23.089070 3.795789
14.913001 23.089070 37.777789
15.395545 26.939230 1.595455
15.395545 26.939230 35.577455
16.289272 26.842382 1.262431
16.289272 26.842382 35.244431
15.390448 27.572995 2.317572
15.390448 27.572995 36.299572
14.822948 27.251865 0.892027
14.822948 27.251865 34.874028
15.457222 24.948225 3.105615
15.457222 24.948225 37.087615
8.629729 19.080043 14.901957
6.781788 19.225147 13.805187
6.098070 19.068999 13.195211
7.957225 18.524778 13.885385
2.089043 25.352271 2.089043
2.089043 25.352271 36.071043
36.071043 25.352271 2.089043
36.071043 25.352271 36.071043
2.234147 27.200212 3.185812
2.234147 27.200212 37.167812
36.216147 27.200212 3.185812
36.216147 27.200212 37.167812
2.077999 27.883930 3.795789
2.077999 27.883930 37.777789
36.059999 27.883930 3.795789
36.059999 27.883930 37.777789
1.595455 24.033769 1.595455
1.595455 24.033770 35.577455
35.577455 24.033769 1.595455
35.577455 24.033770 35.577455
0.701728 24.130618 1.262431
0.701728 24.130618 35.244431
34.683728 24.130618 1.262431
34.683728 24.130618 35.244431
1.600552 23.400005 2.317572
1.600552 23.400005 36.299572
35.582552 23.400005 2.317572
35.582552 23.400005 36.299572
2.168052 23.721135 0.892027
2.168052 23.721135 34.874028
36.150052 23.721135 0.892027
36.150052 23.721135 34.874028
1.533778 26.024775 3.105615
1.533778 26.024775 37.087615
35.515778 26.024775 3.105615
35.515778 26.024775 37.087615
8.361271 -2.089043 14.901957
8.361271 31.892957 14.901957
10.209212 -2.234147 13.805187
10.209212 31.747853 13.805187
10.892930 -2.077999 13.195211
10.892930 31.904001 13.195211
7.042770 -1.595455 15.395545
7.042770 32.386545 15.395545
7.139618 -0.701728 15.728569
7.139618 33.280272 15.728569
6.409005 -1.600552 14.673428
6.409005 32.381448 14.673428
6.730135 -2.168052 16.098972
6.730135 31.813948 16.098972
9.033775 -1.533778 13.885385
9.033775 32.448222 13.885385
14.901957 25.352271 14.901957
14.756853 27.200212 13.805187
14.913001 27.883930 13.195211
15.395545 24.033769 15.395545
16.289272 24.130618 15.728569
15.390448 23.400005 14.673428
14.822948 23.721135 16.098972
15.457222 26.024775 13.885385
8.361271 19.080043 2.089043
8.361271 19.080043 36.071043
10.209212 19.225147 3.185812
10.209212 19.225147 37.167812
10.892930 19.068999 3.795789
10.892930 19.068999 37.777789
7.042770 18.586455 1.595455
7.042770 18.586455 35.577455
9.033775 18.524778 3.105615
9.033775 18.524778 37.087615
2.089043 25.620729 14.901957
36.071043 25.620729 14.901957
2.234147 23.772788 13.805187
36.216147 23.772788 13.805187
2.077999 23.089070 13.195211
36.059999 23.089070 13.195211
1.533778 24.948225 13.885385
35.515778 24.948225 13.885385
8.629729 -2.089043 2.089043
8.629729 -2.089043 36.071043
8.629729 31.892957 2.089043
8.629729 31.892957 36.071043
6.781788 -2.234147 3.185812
6.781788 -2.234147 37.167812
6.781788 31.747853 3.185812
6.781788 31.747853 37.167812
6.098070 -2.077999 3.795789
6.098070 -2.077999 37.777789
6.098070 31.904001 3.795789
6.098070 31.904001 37.777789
7.957225 -1.533778 3.105615
7.957225 -1.533778 37.087615
7.957225 32.448222 3.105615
7.957225 32.448222 37.087615
2.089043 -2.089043 8.629729
2.089043 31.892957 8.629729
36.071043 -2.089043 8.629729
36.071043 31.892957 8.629729
3.185812 -2.234147 6.781788
3.185813 31.747853 6.781788
37.167812 -2.234147 6.781788
37.167812 31.747853 6.781788
3.795789 -2.077999 6.098070
3.795789 31.904001 6.098070
37.777789 -2.077999 6.098070
37.777789 31.904001 6.098070
3.105615 -1.533778 7.957225
3.105615 32.448222 7.957225
37.087615 -1.533778 7.957225
37.087615 32.448222 7.957225
14.901957 -2.089043 8.361271
14.901957 31.892957 8.361271
14.756853 -3.185813 10.209212
14.756853 30.796187 10.209212
14.913001 -3.795789 10.892930
14.913001 30.186211 10.892930
15.395545 -1.595455 7.042769
15.395545 32.386545 7.042769
16.289272 -1.262431 7.139618
16.289272 32.719569 7.139618
15.390448 -2.317572 6.409005
15.390448 31.664428 6.409005
14.822948 -0.892028 6.730135
14.822948 33.089972 6.730135
15.457222 -3.105615 9.033775
15.457222 30.876385 9.033775
14.901957 19.080043 8.629729
13.805187 19.225147 6.781788
13.195211 19.068999 6.098070
15.395545 18.586455 9.948230
13.885385 18.524778 7.957225
2.089043 19.080043 8.361271
36.071043 19.080043 8.361271
2.234147 20.176813 10.209212
36.216147 20.176813 10.209212
2.077999 20.786789 10.892930
36.059999 20.786789 10.892930
1.533778 20.096615 9.033775
35.515778 20.096615 9.033775
3.185813 19.225147 10.209212
37.167812 19.225147 10.209212
3.795789 19.068999 10.892930
37.777789 19.068999 10.892930
3.105615 18.524778 9.033775
37.087615 18.524778 9.033775
2.234147 -3.185813 6.781788
2.234147 30.796187 6.781788
36.216147 -3.185813 6.781788
36.216147 30.796187 6.781788
2.077999 -3.795789 6.098070
2.077999 30.186211 6.098070
36.059999 -3.795789 6.098070
36.059999 30.186211 6.098070
1.533778 -3.105615 7.957225
1.533778 30.876385 7.957225
35.515778 -3.105615 7.957225
35.515778 30.876385 7.957225
13.805187 -2.234147 10.209212
13.805187 31.747853 10.209212
13.195211 -2.077999 10.892930
13.195211 31.904001 10.892930
13.885385 -1.533778 9.033775
13.885385 32.448222 9.033775
14.756853 20.176813 6.781788
14.913001 20.786789 6.098070
16.289272 18.253431 9.851382
15.390448 19.308572 10.581995
14.822948 17.883028 10.260865
15.457222 20.096615 7.957225
6.781788 20.176813 14.756853
6.098070 20.786789 14.913001
7.957225 20.096615 15.457222
6.781788 -3.185813 2.234147
6.781788 -3.185813 36.216147
6.781788 30.796187 2.234147
6.781788 30.796187 36.216147
6.098070 -3.795789 2.077999
6.098070 -3.795789 36.059999
6.098070 30.186211 2.077999
6.098070 30.186211 36.059999
7.957225 -3.105615 1.533778
7.957225 -3.105615 35.515778
7.957225 30.876385 1.533778
7.957225 30.876385 35.515778
13.805187 27.200212 14.756853
13.195211 27.883930 14.913001
13.885385 26.024775 15.457222
10.209212 20.176813 2.234147
10.209212 20.176813 36.216147
10.892930 20.786789 2.077999
10.892930 20.786789 36.059999
7.139618 18.253431 0.701728
7.139618 18.253431 34.683728
6.409005 19.308572 1.600552
6.409005 19.308572 35.582552
6.730135 17.883028 2.168052
6.730135 17.883028 36.150052
9.033775 20.096615 1.533778
9.033775 20.096615 35.515778
3.185813 23.772788 14.756853
37.167812 23.772788 14.756853
3.795789 23.089070 14.913001
37.777789 23.089070 14.913001
3.105615 24.948225 15.457222
37.087615 24.948225 15.457222
10.209212 -3.185813 14.756853
10.209212 30.796187 14.756853
10.892930 -3.795789 14.913001
10.892930 30.186211 14.913001
9.033775 -3.105615 15.457222
9.033775 30.876385 15.457222
13.805187 23.772788 2.234147
13.805187 23.772788 36.216147
13.195211 23.089070 2.077999
13.195211 23.089070 36.059999
13.885385 24.948225 1.533778
13.885385 24.948225 35.515778
3.185813 27.200212 2.234147
3.185813 27.200212 36.216147
37.167812 27.200212 2.234147
37.167812 27.200212 36.216147
3.795789 27.883930 2.077999
3.795789 27.883930 36.059999
37.777789 27.883930 2.077999
37.777789 27.883930 36.059999
3.105615 26.024775 1.533778
3.105615 26.024775 35.515778
37.087615 26.024775 1.533778
37.087615 26.024775 35.515778
10.098194 -1.433393 10.098194
10.098194 32.548607 10.098194
10.885835 -2.342912 9.896375
10.885835 31.639088 9.896375
8.906915 -1.602092 9.896375
8.906915 32.379908 9.896375
1.602694 18.593694 7.062107
35.584694 18.593694 7.062107
2.147948 17.644803 6.522998
36.129948 17.644803 6.522998
0.653803 19.138948 6.522998
34.635803 19.138948 6.522998
1.433393 27.089194 6.892806
35.415393 27.089194 6.892806
2.342912 27.876835 7.094625
36.324912 27.876835 7.094625
1.602092 25.897915 7.094625
35.584092 25.897915 7.094625
6.892806 18.424393 10.098194
6.105165 19.333912 9.896375
8.084085 18.593092 9.896375
1.602694 26.919893 15.388306
35.584694 26.919893 15.388306
0.411415 27.088592 15.590125
34.393415 27.088592 15.590125
2.390335 27.829412 15.590125
36.372335 27.829412 15.590125
6.892806 -1.433393 6.892806
6.892806 32.548607 6.892806
8.084085 -1.602092 7.094625
8.084085 32.379908 7.094625
6.105165 -2.342912 7.094625
6.105165 31.639088 7.094625
9.928893 18.593694 15.388306
10.838412 19.381335 15.590125
10.097592 17.402415 15.590125
1.602694 -1.602694 9.928893
1.602694 32.379306 9.928893
35.584694 -1.602694 9.928893
35.584694 32.379306 9.928893
0.653803 -2.147948 10.468002
0.653803 31.834052 10.468002
34.635803 -2.147948 10.468002
34.635803 31.834052 10.468002
2.147948 -0.653803 10.468002
2.147948 33.328197 10.468002
36.129948 -0.653803 10.468002
36.129948 33.328197 10.468002
9.928893 -1.602694 1.602694
9.928893 -1.602694 35.584694
9.928893 32.379306 1.602694
9.928893 32.379306 35.584694
10.097592 -0.411415 1.400875
10.097592 -0.411415 35.382875
10.097592 33.570585 1.400875
10.097592 33.570585 35.382875
10.838412 -2.390335 1.400875
10.838412 -2.390335 35.382875
10.838412 31.591665 1.400875
10.838412 31.591665 35.382875
15.557607 23.883806 6.892806
14.648088 23.096165 7.094625
15.388908 25.075085 7.094625
6.892806 23.883806 15.557607
6.347552 24.832697 15.018498
7.841697 23.338552 15.018498
10.098194 27.089194 15.557607
10.643448 26.140303 15.018498
9.149303 27.634448 15.018498
6.406457 17.125229 27.575543
6.261353 -1.713712 28.672313
6.261353 32.268288 28.672313
6.417501 -2.397430 -4.699711
6.417501 -2.397430 29.282289
6.417501 31.584570 -4.699711
6.417501 31.584570 29.282289
6.961722 -0.538275 28.592115
6.961722 33.443725 28.592115
8.495500 16.991000 -4.247750
8.495500 16.991000 29.734250
0.134229 27.575543 23.397457
34.116229 27.575543 23.397457
15.277288 27.720647 22.300687
14.593570 27.564499 21.690711
16.452725 27.020278 22.380885
0.000000 25.486500 21.238750
33.982000 25.486500 21.238750
10.584543 -0.134229 27.575543
10.584543 33.847771 27.575543
10.729647 18.704712 28.672313
10.573499 19.388430 -4.699711
10.573499 19.388430 29.282289
10.029278 17.529275 28.592115
16.856771 23.397457 23.397457
1.713712 23.252353 22.300687
35.695712 23.252353 22.300687
2.397430 23.408501 21.690711
36.379430 23.408501 21.690711
0.538275 23.952722 22.380885
34.520275 23.952722 22.380885
6.406457 -0.134229 23.397457
6.406457 33.847771 23.397457
6.261353 18.704712 22.300687
6.417501 19.388430 21.690711
6.961722 17.529275 22.380885
8.495500 16.991000 21.238750
16.856771 27.575543 27.575543
1.713712 27.720647 28.672313
35.695712 27.720647 28.672313
2.397430 27.564499 -4.699711
2.397430 27.564499 29.282289
36.379430 27.564499 -4.699711
36.379430 27.564499 29.282289
15.538270 27.081955 27.081955
0.538275 27.020278 28.592115
34.520275 27.020278 28.592115
0.000000 25.486500 -4.247750
0.000000 25.486500 29.734250
33.982000 25.486500 -4.247750
33.982000 25.486500 29.734250
10.584543 17.125229 23.397457
10.729647 -1.713712 22.300687
10.729647 32.268288 22.300687
10.573499 -2.397430 21.690711
10.573499 31.584570 21.690711
10.090955 18.443730 23.891045
9.197228 18.346882 24.224069
10.096052 19.077495 23.168928
10.663552 18.756365 24.594472
10.029278 -0.538275 22.380885
10.029278 33.443725 22.380885
0.134229 23.397457 27.575543
34.116229 23.397457 27.575543
15.277288 23.252353 28.672313
14.593570 23.408501 -4.699711
14.593570 23.408501 29.282289
1.452731 23.891045 27.081955
35.434731 23.891045 27.081955
1.355882 24.784772 26.748931
35.337882 24.784772 26.748931
2.086495 23.885948 27.804072
36.068495 23.885948 27.804072
1.765365 23.318448 26.378528
35.747365 23.318448 26.378528
16.452725 23.952722 28.592115
10.584543 23.397457 17.125229
11.681313 23.252353 -1.713712
11.681313 23.252353 32.268288
12.291289 23.408501 -2.397430
12.291289 23.408501 31.584570
10.090955 23.891045 18.443730
11.601115 23.952722 -0.538275
11.601115 23.952722 33.443725
12.743250 25.486500 16.991000
6.406457 23.397457 -0.134229
6.406457 23.397457 33.847771
6.261353 22.300687 18.704712
6.417501 21.690711 19.388430
6.961722 22.380885 17.529275
8.495500 21.238750 16.991000
6.406457 27.575543 17.125229
5.309688 27.720647 -1.713712
5.309688 27.720647 32.268288
4.699711 27.564499 -2.397430
4.699711 27.564499 31.584570
38.681711 27.564499 -2.397430
38.681711 27.564499 31.584570
6.900045 27.081955 18.443730
5.389885 27.020278 -0.538275
5.389885 27.020278 33.443725
4.247750 25.486500 16.991000
38.229750 25.486500 16.991000
10.584543 27.575543 -0.134229
10.584543 27.575543 33.847771
10.729647 28.672313 18.704712
10.573499 -4.699711 19.388430
10.573499 29.282289 19.388430
10.029278 28.592115 17.529275
8.495500 -4.247750 16.991000
8.495500 29.734250 16.991000
11.681313 27.720647 18.704712
12.291289 27.564499 19.388430
11.601115 27.020278 17.529275
10.729647 22.300687 -1.713712
10.729647 22.300687 32.268288
10.573499 21.690711 -2.397430
10.573499 21.690711 31.584570
9.197228 24.224069 18.346882
10.096052 23.168928 19.077495
10.663552 24.594472 18.756365
10.029278 22.380885 -0.538275
10.029278 22.380885 33.443725
5.309688 23.252353 18.704712
4.699711 23.408501 19.388430
38.681711 23.408501 19.388430
5.389885 23.952722 17.529275
6.261353 28.672313 -1.713712
6.261353 28.672313 32.268288
6.417501 -4.699711 -2.397430
6.417501 -4.699711 31.584570
6.417501 29.282289 -2.397430
6.417501 29.282289 31.584570
7.793772 26.748931 18.346882
6.894948 27.804072 19.077495
6.327448 26.378528 18.756365
6.961722 28.592115 -0.538275
6.961722 28.592115 33.443725
15.277288 28.672313 23.252353
14.593570 -4.699711 23.408501
14.593570 29.282289 23.408501
16.452725 28.592115 23.952722
0.000000 -4.247750 25.486500
0.000000 29.734250 25.486500
33.982000 -4.247750 25.486500
33.982000 29.734250 25.486500
15.277288 22.300687 27.720647
14.593570 21.690711 27.564499
16.452725 22.380885 27.020278
0.000000 21.238750 25.486500
33.982000 21.238750 25.486500
5.309688 18.704712 23.252353
4.699711 19.388430 23.408501
38.681711 19.388430 23.408501
5.389885 17.529275 23.952722
4.247750 16.991000 25.486500
38.229750 16.991000 25.486500
1.713712 28.672313 27.720647
35.695712 28.672313 27.720647
2.397430 -4.699711 27.564499
2.397430 29.282289 27.564499
36.379430 -4.699711 27.564499
36.379430 29.282289 27.564499
15.635118 26.748931 26.188228
14.904505 27.804072 27.087052
15.225635 26.378528 27.654552
0.538275 28.592115 27.020278
34.520275 28.592115 27.020278
11.681313 -1.713712 23.252353
11.681313 32.268288 23.252353
12.291289 -2.397430 23.408501
12.291289 31.584570 23.408501
11.601115 -0.538275 23.952722
11.601115 33.443725 23.952722
12.743250 16.991000 25.486500
1.713712 22.300687 23.252353
35.695712 22.300687 23.252353
2.397430 21.690711 23.408501
36.379430 21.690711 23.408501
0.538275 22.380885 23.952722
34.520275 22.380885 23.952722
5.309688 -1.713712 27.720647
5.309688 32.268288 27.720647
4.699711 -2.397430 27.564499
4.699711 31.584570 27.564499
38.681711 -2.397430 27.564499
38.681711 31.584570 27.564499
5.389885 -0.538275 27.020278
5.389885 33.443725 27.020278
11.681313 18.704712 27.720647
12.291289 19.388430 27.564499
11.601115 17.529275 27.020278
14.901957 25.620729 19.080043
14.756853 23.772788 20.176813
14.913001 23.089070 20.786789
15.395545 26.939230 18.586455
16.289272 26.842382 18.253431
15.390448 27.572995 19.308572
14.822948 27.251865 17.883028
15.457222 24.948225 20.096615
8.629729 19.080043 -2.089043
8.629729 19.080043 31.892957
6.781788 19.225147 -3.185813
6.781788 19.225147 30.796187
6.098070 19.068999 -3.795789
6.098070 19.068999 30.186211
7.957225 18.524778 -3.105615
7.957225 18.524778 30.876385
2.089043 25.352271 19.080043
36.071043 25.352271 19.080043
2.234147 27.200212 20.176813
36.216147 27.200212 20.176813
2.077999 27.883930 20.786789
36.059999 27.883930 20.786789
1.595455 24.033769 18.586455
35.577455 24.033769 18.586455
0.701728 24.130618 18.253431
34.683728 24.130618 18.253431
1.600552 23.400005 19.308572
35.582552 23.400005 19.308572
2.168052 23.721135 17.883028
36.150052 23.721135 17.883028
1.533778 26.024775 20.096615
35.515778 26.024775 20.096615
8.361271 -2.089043 -2.089043
8.361271 -2.089043 31.892957
8.361271 31.892957 -2.089043
8.361271 31.892957 31.892957
10.209212 -2.234147 -3.185813
10.209212 -2.234147 30.796187
10.209212 31.747853 -3.185813
10.209212 31.747853 30.796187
10.892930 -2.077999 -3.795789
10.892930 -2.077999 30.186211
10.892930 31.904001 -3.795789
10.892930 31.904001 30.186211
7.042769 -1.595455 -1.595455
7.042770 -1.595455 32.386545
7.042770 32.386545 -1.595455
7.042770 32.386545 32.386545
7.139618 -0.701728 -1.262431
7.139618 -0.701728 32.719569
7.139618 33.280272 -1.262431
7.139618 33.280272 32.719569
6.409005 -1.600552 -2.317572
6.409005 -1.600552 31.664428
6.409005 32.381448 -2.317572
6.409005 32.381448 31.664428
6.730135 -2.168052 -0.892028
6.730135 -2.168052 33.089972
6.730135 31.813948 -0.892028
6.730135 31.813948 33.089972
9.033775 -1.533778 -3.105615
9.033775 -1.533778 30.876385
9.033775 32.448222 -3.105615
9.033775 32.448222 30.876385
14.901957 25.352271 -2.089043
14.901957 25.352271 31.892957
14.756853 27.200212 -3.185813
14.756853 27.200212 30.796187
14.913001 27.883930 -3.795789
14.913001 27.883930 30.186211
15.395545 24.033769 -1.595455
15.395545 24.033770 32.386545
16.289272 24.130618 -1.262431
16.289272 24.130618 32.719569
15.390448 23.400005 -2.317572
15.390448 23.400005 31.664428
14.822948 23.721135 -0.892028
14.822948 23.721135 33.089972
15.457222 26.024775 -3.105615
15.457222 26.024775 30.876385
8.361271 19.080043 19.080043
10.209212 19.225147 20.176813
10.892930 19.068999 20.786789
7.042770 18.586455 18.586455
9.033775 18.524778 20.096615
2.089043 25.620729 -2.089043
2.089043 25.620729 31.892957
36.071043 25.620729 -2.089043
36.071043 25.620729 31.892957
2.234147 23.772788 -3.185813
2.234147 23.772788 30.796187
36.216147 23.772788 -3.185813
36.216147 23.772788 30.796187
2.077999 23.089070 -3.795789
2.077999 23.089070 30.186211
36.059999 23.089070 -3.795789
36.059999 23.089070 30.186211
1.533778 24.948225 -3.105615
1.533778 24.948225 30.876385
35.515778 24.948225 -3.105615
35.515778 24.948225 30.876385
8.629729 -2.089043 19.080043
8.629729 31.892957 19.080043
6.781788 -2.234147 20.176813
6.781788 31.747853 20.176813
6.098070 -2.077999 20.786789
6.098070 31.904001 20.786789
7.957225 -1.533778 20.096615
7.957225 32.448222 20.096615
2.089043 -2.089043 25.620729
2.089043 31.892957 25.620729
36.071043 -2.089043 25.620729
36.071043 31.892957 25.620729
3.185813 -2.234147 23.772788
3.185813 31.747853 23.772788
37.167812 -2.234147 23.772788
37.167812 31.747853 23.772788
3.795789 -2.077999 23.089070
3.795789 31.904001 23.089070
37.777789 -2.077999 23.089070
37.777789 31.904001 23.089070
3.105615 -1.533778 24.948225
3.105615 32.448222 24.948225
37.087615 -1.533778 24.948225
37.087615 32.448222 24.948225
14.901957 -2.089043 25.352271
14.901957 31.892957 25.352271
14.756853 -3.185813 27.200212
14.756853 30.796187 27.200212
14.913001 -3.795789 27.883930
14.913001 30.186211 27.883930
15.395545 -1.595455 24.033769
15.395545 32.386545 24.033769
16.289272 -1.262431 24.130618
16.289272 32.719569 24.130618
15.390448 -2.317572 23.400005
15.390448 31.664428 23.400005
14.822948 -0.892028 23.721135
14.822948 33.089972 23.721135
15.457222 -3.105615 26.024775
15.457222 30.876385 26.024775
14.901957 19.080043 25.620729
13.805187 19.225147 23.772788
13.195211 19.068999 23.089070
15.395545 18.586455 26.939230
13.885385 18.524778 24.948225
2.089043 19.080043 25.352271
36.071043 19.080043 25.352271
2.234147 20.176813 27.200212
36.216147 20.176813 27.200212
2.077999 20.786789 27.883930
36.059999 20.786789 27.883930
1.533778 20.096615 26.024775
35.515778 20.096615 26.024775
3.185813 19.225147 27.200212
37.167812 19.225147 27.200212
3.795789 19.068999 27.883930
37.777789 19.068999 27.883930
3.105615 18.524778 26.024775
37.087615 18.524778 26.024775
2.234147 -3.185813 23.772788
2.234147 30.796187 23.772788
36.216147 -3.185813 23.772788
36.216147 30.796187 23.772788
2.077999 -3.795789 23.089070
2.077999 30.186211 23.089070
36.059999 -3.795789 23.089070
36.059999 30.186211 23.089070
1.533778 -3.105615 24.948225
1.533778 30.876385 24.948225
35.515778 -3.105615 24.948225
35.515778 30.876385 24.948225
13.805187 -2.234147 27.200212
13.805187 31.747853 27.200212
13.195211 -2.077999 27.883930
13.195211 31.904001 27.883930
13.885385 -1.533778 26.024775
13.885385 32.448222 26.024775
14.756853 20.176813 23.772788
14.913001 20.786789 23.089070
16.289272 18.253431 26.842382
15.390448 19.308572 27.572995
14.822948 17.883028 27.251865
15.457222 20.096615 24.948225
6.781788 20.176813 -2.234147
6.781788 20.176813 31.747853
6.098070 20.786789 -2.077999
6.098070 20.786789 31.904001
7.957225 20.096615 -1.533778
7.957225 20.096615 32.448222
6.781788 -3.185813 19.225147
6.781788 30.796187 19.225147
6.098070 -3.795789 19.068999
6.098070 30.186211 19.068999
7.957225 -3.105615 18.524778
7.957225 30.876385 18.524778
13.805187 27.200212 -2.234147
13.805187 27.200212 31.747853
13.195211 27.883930 -2.077999
13.195211 27.883930 31.904001
13.885385 26.024775 -1.533778
13.885385 26.024775 32.448222
10.209212 20.176813 19.225147
10.892930 20.786789 19.068999
7.139618 18.253431 17.692728
6.409005 19.308572 18.591552
6.730135 17.883028 19.159052
9.033775 20.096615 18.524778
3.185813 23.772788 -2.234147
3.185813 23.772788 31.747853
37.167812 23.772788 -2.234147
37.167812 23.772788 31.747853
3.795789 23.089070 -2.077999
3.795789 23.089070 31.904001
37.777789 23.089070 -2.077999
37.777789 23.089070 31.904001
3.105615 24.948225 -1.533778
3.105615 24.948225 32.448222
37.087615 24.948225 -1.533778
37.087615 24.948225 32.448222
10.209212 -3.185813 -2.234147
10.209212 -3.185813 31.747853
10.209212 30.796187 -2.234147
10.209212 30.796187 31.747853
10.892930 -3.795789 -2.077999
10.892930 -3.795789 31.904001
10.892930 30.186211 -2.077999
10.892930 30.186211 31.904001
9.033775 -3.105615 -1.533778
9.033775 -3.105615 32.448222
9.033775 30.876385 -1.533778
9.033775 30.876385 32.448222
13.805187 23.772788 19.225147
13.195211 23.089070 19.068999
13.885385 24.948225 18.524778
3.185813 27.200212 19.225147
37.167812 27.200212 19.225147
3.795789 27.883930 19.068999
37.777789 27.883930 19.068999
3.105615 26.024775 18.524778
37.087615 26.024775 18.524778
10.098194 -1.433393 27.089194
10.098194 32.548607 27.089194
10.885835 -2.342912 26.887375
10.885835 31.639088 26.887375
8.906915 -1.602092 26.887375
8.906915 32.379908 26.887375
1.602694 18.593694 24.053107
35.584694 18.593694 24.053107
2.147948 17.644803 23.513998
36.129948 17.644803 23.513998
0.653803 19.138948 23.513998
34.635803 19.138948 23.513998
1.433393 27.089194 23.883806
35.415393 27.089194 23.883806
2.342912 27.876835 24.085625
36.324912 27.876835 24.085625
1.602092 25.897915 24.085625
35.584092 25.897915 24.085625
6.892806 18.424393 27.089194
6.105165 19.333912 26.887375
8.084085 18.593092 26.887375
1.602694 26.919893 -1.602694
1.602694 26.919893 32.379306
35.584694 26.919893 -1.602694
35.584694 26.919893 32.379306
0.411415 27.088592 -1.400875
0.411415 27.088592 32.581125
34.393415 27.088592 -1.400875
34.393415 27.088592 32.581125
2.390335 27.829412 -1.400875
2.390335 27.829412 32.581125
36.372335 27.829412 -1.400875
36.372335 27.829412 32.581125
6.892806 -1.433393 23.883806
6.892806 32.548607 23.883806
8.084085 -1.602092 24.085625
8.084085 32.379908 24.085625
6.105165 -2.342912 24.085625
6.105165 31.639088 24.085625
9.928893 18.593694 -1.602694
9.928893 18.593694 32.379306
10.838412 19.381335 -1.400875
10.838412 19.381335 32.581125
10.097592 17.402415 -1.400875
10.097592 17.402415 32.581125
1.602694 -1.602694 26.919893
1.602694 32.379306 26.919893
35.584694 -1.602694 26.919893
35.584694 32.379306 26.919893
0.653803 -2.147948 27.459002
0.653803 31.834052 27.459002
34.635803 -2.147948 27.459002
34.635803 31.834052 27.459002
2.147948 -0.653803 27.459002
2.147948 33.328197 27.459002
36.129948 -0.653803 27.459002
36.129948 33.328197 27.459002
9.928893 -1.602694 18.593694
9.928893 32.379306 18.593694
10.097592 -0.411415 18.391875
10.097592 33.570585 18.391875
10.838412 -2.390335 18.391875
10.838412 31.591665 18.391875
15.557607 23.883806 23.883806
14.648088 23.096165 24.085625
15.388908 25.075085 24.085625
6.892806 23.883806 -1.433393
6.892806 23.883806 32.548607
6.347552 24.832697 -1.972502
6.347552 24.832697 32.009498
7.841697 23.338552 -1.972502
7.841697 23.338552 32.009498
10.098194 27.089194 -1.433393
10.098194 27.089194 32.548607
10.643448 26.140303 -1.972502
10.643448 26.140303 32.009498
9.149303 27.634448 -1.972502
9.149303 27.634448 32.009498
23.397457 0.134229 10.584543
23.397457 34.116229 10.584543
23.252353 15.277288 11.681313
23.408501 14.593570 12.291289
23.952722 16.452725 11.601115
25.486500 0.000000 12.743250
25.486500 33.982000 12.743250
17.125229 10.584543 6.406457
-1.713712 10.729647 5.309687
32.268288 10.729647 5.309687
-2.397430 10.573499 4.699711
-2.397430 10.573499 38.681711
31.584570 10.573499 4.699711
31.584570 10.573499 38.681711
-0.538275 10.029278 5.389885
33.443725 10.029278 5.389885
16.991000 8.495500 4.247750
16.991000 8.495500 38.229750
27.575543 16.856771 10.584543
27.720647 1.713712 11.681313
27.720647 35.695712 11.681313
27.564499 2.397430 12.291289
27.564499 36.379430 12.291289
27.020278 0.538275 11.601115
27.020278 34.520275 11.601115
-0.134229 6.406457 6.406457
33.847771 6.406457 6.406457
18.704712 6.261353 5.309687
19.388430 6.417501 4.699711
19.388430 6.417501 38.681711
17.529275 6.961722 5.389885
23.397457 16.856771 6.406457
23.252353 1.713712 5.309687
23.252353 35.695712 5.309687
23.408501 2.397430 4.699711
23.408501 2.397430 38.681711
23.408501 36.379430 4.699711
23.408501 36.379430 38.681711
23.952722 0.538275 5.389885
23.952722 34.520275 5.389885
25.486500 0.000000 4.247750
25.486500 0.000000 38.229750
25.486500 33.982000 4.247750
25.486500 33.982000 38.229750
-0.134229 10.584543 10.584543
33.847771 10.584543 10.584543
18.704712 10.729647 11.681313
19.388430 10.573499 12.291289
-1.452731 10.090955 10.090955
32.529269 10.090955 10.090955
17.529275 10.029278 11.601115
16.991000 8.495500 12.743250
27.575543 0.134229 6.406457
27.575543 34.116229 6.406457
27.720647 15.277288 5.309687
27.564499 14.593570 4.699711
27.564499 14.593570 38.681711
27.081955 1.452731 6.900045
27.081955 35.434731 6.900045
26.188228 1.355882 7.233069
26.188228 35.337882 7.233069
27.087052 2.086495 6.177928
27.087052 36.068495 6.177928
27.654552 1.765365 7.603472
27.654552 35.747365 7.603472
27.020278 16.452725 5.389885
17.125229 6.406457 10.584543
-1.713712 6.261353 11.681313
32.268288 6.261353 11.681313
-2.397430 6.417501 12.291289
31.584570 6.417501 12.291289
18.443730 6.900045 10.090955
18.346882 7.793772 9.757931
19.077495 6.894948 10.813072
18.756365 6.327448 9.387527
-0.538275 6.961722 11.601115
33.443725 6.961722 11.601115
27.575543 6.406457 0.134229
27.575543 6.406457 34.116229
28.672313 6.261353 15.277288
-4.699711 6.417501 14.593570
29.282289 6.417501 14.593570
27.081955 6.900045 1.452731
27.081955 6.900045 35.434731
28.592115 6.961722 16.452725
-4.247750 8.495500 0.000000
-4.247750 8.495500 33.982000
29.734250 8.495500 0.000000
29.734250 8.495500 33.982000
23.397457 6.406457 16.856771
23.252353 5.309687 1.713712
23.252353 5.309688 35.695712
23.408501 4.699711 2.397430
23.408501 4.699711 36.379430
23.408501 38.681711 2.397430
23.408501 38.681711 36.379430
23.952722 5.389885 0.538275
23.952722 5.389885 34.520275
25.486500 4.247750 0.000000
25.486500 4.247750 33.982000
25.486500 38.229750 0.000000
25.486500 38.229750 33.982000
23.397457 10.584543 0.134229
23.397457 10.584543 34.116229
22.300687 10.729647 15.277288
21.690711 10.573499 14.593570
23.891045 10.090955 1.452731
23.891045 10.090955 35.434731
22.380885 10.029278 16.452725
21.238750 8.495500 0.000000
21.238750 8.495500 33.982000
27.575543 10.584543 16.856771
27.720647 11.681313 1.713712
27.720647 11.681313 35.695712
27.564499 12.291289 2.397430
27.564499 12.291289 36.379430
27.020278 11.601115 0.538275
27.020278 11.601115 34.520275
25.486500 12.743250 0.000000
25.486500 12.743250 33.982000
28.672313 10.729647 1.713712
28.672313 10.729647 35.695712
-4.699711 10.573499 2.397430
-4.699711 10.573499 36.379430
29.282289 10.573499 2.397430
29.282289 10.573499 36.379430
28.592115 10.029278 0.538275
28.592115 10.029278 34.520275
27.720647 5.309688 15.277288
27.564499 4.699711 14.593570
27.564499 38.681711 14.593570
26.188228 7.233069 1.355882
26.188228 7.233069 35.337882
27.087052 6.177928 2.086495
27.087052 6.177928 36.068495
27.654552 7.603472 1.765365
27.654552 7.603472 35.747365
27.020278 5.389885 16.452725
22.300687 6.261353 1.713712
22.300688 6.261353 35.695712
21.690711 6.417501 2.397430
21.690711 6.417501 36.379430
22.380885 6.961722 0.538275
22.380885 6.961722 34.520275
23.252353 11.681313 15.277288
23.408501 12.291289 14.593570
24.784772 9.757931 1.355882
24.784772 9.757931 35.337882
23.885948 10.813072 2.086495
23.885948 10.813072 36.068495
23.318448 9.387527 1.765365
23.318448 9.387528 35.747365
23.952722 11.601115 16.452725
-1.713712 11.681313 6.261353
32.268288 11.681313 6.261353
-2.397430 12.291289 6.417501
31.584570 12.291289 6.417501
-0.538275 11.601115 6.961722
33.443725 11.601115 6.961722
16.991000 12.743250 8.495500
-1.713712 5.309688 10.729647
32.268288 5.309688 10.729647
-2.397430 4.699711 10.573499
-2.397430 38.681711 10.573499
31.584570 4.699711 10.573499
31.584570 38.681711 10.573499
-0.538275 5.389885 10.029278
33.443725 5.389885 10.029278
16.991000 4.247750 8.495500
16.991000 38.229750 8.495500
22.300687 1.713712 6.261353
22.300688 35.695712 6.261353
21.690711 2.397430 6.417501
21.690711 36.379430 6.417501
22.380885 0.538275 6.961722
22.380885 34.520275 6.961722
21.238750 0.000000 8.495500
21.238750 33.982000 8.495500
18.704712 11.681313 10.729647
19.388430 12.291289 10.573499
-1.355882 9.757931 9.197228
32.626118 9.757931 9.197228
-2.086495 10.813072 10.096052
31.895505 10.813072 10.096052
-1.765365 9.387527 10.663552
32.216635 9.387527 10.663552
17.529275 11.601115 10.029278
28.672313 15.277288 6.261353
-4.699711 14.593570 6.417501
29.282289 14.593570 6.417501
28.592115 16.452725 6.961722
-4.247750 0.000000 8.495500
-4.247750 33.982000 8.495500
29.734250 0.000000 8.495500
29.734250 33.982000 8.495500
18.704712 5.309687 6.261353
19.388430 4.699711 6.417501
19.388430 38.681711 6.417501
17.529275 5.389885 6.961722
22.300687 15.277288 10.729647
21.690711 14.593570 10.573499
22.380885 16.452725 10.029278
28.672313 1.713712 10.729647
28.672313 35.695712 10.729647
-4.699711 2.397430 10.573499
-4.699711 36.379430 10.573499
29.282289 2.397430 10.573499
29.282289 36.379430 10.573499
28.592115 0.538275 10.029278
28.592115 34.520275 10.029278
-2.089043 8.629729 2.089043
-2.089043 8.629729 36.071043
31.892957 8.629729 2.089043
31.892957 8.629729 36.071043
-2.234147 6.781788 3.185812
-2.234147 6.781788 37.167812
31.747853 6.781788 3.185812
31.747853 6.781788 37.167812
-2.077999 6.098070 3.795789
-2.077999 6.098070 37.777789
31.904001 6.098070 3.795789
31.904001 6.098070 37.777789
-1.595455 9.948230 1.595455
-1.595455 9.948230 35.577455
32.386545 9.948230 1.595455
32.386545 9.948230 35.577455
-0.701728 9.851382 1.262431
-0.701728 9.851382 35.244431
33.280272 9.851382 1.262431
33.280272 9.851382 35.244431
-1.600552 10.581995 2.317572
-1.600552 10.581995 36.299572
32.381448 10.581995 2.317572
32.381448 10.581995 36.299572
-2.168052 10.260865 0.892027
-2.168052 10.260865 34.874028
31.813948 10.260865 0.892027
31.813948 10.260865 34.874028
-1.533778 7.957225 3.105615
-1.533778 7.957225 37.087615
32.448222 7.957225 3.105615
32.448222 7.957225 37.087615
25.620729 2.089043 14.901957
25.620729 36.071043 14.901957
23.772788 2.234147 13.805187
23.772788 36.216147 13.805187
23.089070 2.077999 13.195211
23.089070 36.059999 13.195211
24.948225 1.533778 13.885385
24.948225 35.515778 13.885385
19.080043 8.361271 2.089043
19.080043 8.361271 36.071043
19.225147 10.209212 3.185812
19.225147 10.209212 37.167812
19.068999 10.892930 3.795789
19.068999 10.892930 37.777789
18.586455 7.042769 1.595455
18.586455 7.042770 35.577455
17.692728 7.139618 1.262431
17.692728 7.139618 35.244431
18.591552 6.409005 2.317572
18.591552 6.409005 36.299572
19.159052 6.730135 0.892027
19.159052 6.730135 34.874028
18.524778 9.033775 3.105615
18.524778 9.033775 37.087615
25.352271 14.901957 14.901957
27.200212 14.756853 13.805187
27.883930 14.913001 13.195211
24.033769 15.395545 15.395545
24.130618 16.289272 15.728569
23.400005 15.390448 14.673428
23.721135 14.822948 16.098972
26.024775 15.457222 13.885385
-2.089043 8.361271 14.901957
31.892957 8.361271 14.901957
-2.234147 10.209212 13.805187
31.747853 10.209212 13.805187
-2.077999 10.892930 13.195211
31.904001 10.892930 13.195211
-1.595455 7.042770 15.395545
32.386545 7.042770 15.395545
-0.701728 7.139618 15.728569
33.280272 7.139618 15.728569
-1.600552 6.409005 14.673428
32.381448 6.409005 14.673428
-2.168052 6.730135 16.098972
31.813948 6.730135 16.098972
-1.533778 9.033775 13.885385
32.448222 9.033775 13.885385
25.352271 2.089043 2.089043
25.352271 2.089043 36.071043
25.352271 36.071043 2.089043
25.352271 36.071043 36.071043
27.200212 2.234147 3.185812
27.200212 2.234147 37.167812
27.200212 36.216147 3.185812
27.200212 36.216147 37.167812
27.883930 2.077999 3.795789
27.883930 2.077999 37.777789
27.883930 36.059999 3.795789
27.883930 36.059999 37.777789
24.033769 1.595455 1.595455
24.033770 1.595455 35.577455
24.033770 35.577455 1.595455
24.033770 35.577455 35.577455
26.024775 1.533778 3.105615
26.024775 1.533778 37.087615
26.024775 35.515778 3.105615
26.024775 35.515778 37.087615
19.080043 8.629729 14.901957
19.225147 6.781788 13.805187
19.068999 6.098070 13.195211
18.524778 7.957225 13.885385
25.620729 14.901957 2.089043
25.620729 14.901957 36.071043
23.772788 14.756853 3.185812
23.772788 14.756853 37.167812
23.089070 14.913001 3.795789
23.089070 14.913001 37.777789
24.948225 15.457222 3.105615
24.948225 15.457222 37.087615
19.080043 14.901957 8.629729
20.176813 14.756853 6.781788
20.786789 14.913001 6.098070
20.096615 15.457222 7.957225
-2.089043 14.901957 8.361271
31.892957 14.901957 8.361271
-2.234147 13.805187 10.209212
31.747853 13.805187 10.209212
-2.077999 13.195211 10.892930
31.904001 13.195211 10.892930
-1.595455 15.395545 7.042769
32.386545 15.395545 7.042769
-0.701728 15.728569 7.139618
33.280272 15.728569 7.139618
-1.600552 14.673428 6.409005
32.381448 14.673428 6.409005
-2.168052 16.098972 6.730135
31.813948 16.098972 6.730135
-1.533778 13.885385 9.033775
32.448222 13.885385 9.033775
-2.089043 2.089043 8.629729
-2.089043 36.071043 8.629729
31.892957 2.089043 8.629729
31.892957 36.071043 8.629729
-3.185813 2.234147 6.781788
-3.185813 36.216147 6.781788
30.796187 2.234147 6.781788
30.796187 36.216147 6.781788
-3.795789 2.077999 6.098070
-3.795789 36.059999 6.098070
30.186211 2.077999 6.098070
30.186211 36.059999 6.098070
-1.595455 1.595455 9.948230
-1.595455 35.577455 9.948230
32.386545 1.595455 9.948230
32.386545 35.577455 9.948230
-3.105615 1.533778 7.957225
-3.105615 35.515778 7.957225
30.876385 1.533778 7.957225
30.876385 35.515778 7.957225
19.080043 2.089043 8.361271
19.080043 36.071043 8.361271
19.225147 3.185813 10.209212
19.225147 37.167812 10.209212
19.068999 3.795789 10.892930
19.068999 37.777789 10.892930
18.524778 3.105615 9.033775
18.524778 37.087615 9.033775
20.176813 2.234147 10.209212
20.176813 36.216147 10.209212
20.786789 2.077999 10.892930
20.786789 36.059999 10.892930
20.096615 1.533778 9.033775
20.096615 35.515778 9.033775
19.225147 13.805187 6.781788
19.068999 13.195211 6.098070
18.524778 13.885385 7.957225
-3.185813 14.756853 10.209212
30.796187 14.756853 10.209212
-3.795789 14.913001 10.892930
30.186211 14.913001 10.892930
-3.105615 15.457222 9.033775
30.876385 15.457222 9.033775
-2.234147 3.185813 6.781788
-2.234147 37.167812 6.781788
31.747853 3.185813 6.781788
31.747853 37.167812 6.781788
-2.077999 3.795789 6.098070
-2.077999 37.777789 6.098070
31.904001 3.795789 6.098070
31.904001 37.777789 6.098070
-0.701728 1.262431 9.851382
-0.701728 35.244431 9.851382
33.280272 1.262431 9.851382
33.280272 35.244431 9.851382
-1.600552 2.317572 10.581995
-1.600552 36.299572 10.581995
32.381448 2.317572 10.581995
32.381448 36.299572 10.581995
-2.168052 0.892028 10.260865
-2.168052 34.874028 10.260865
31.813948 0.892028 10.260865
31.813948 34.874028 10.260865
-1.533778 3.105615 7.957225
-1.533778 37.087615 7.957225
32.448222 3.105615 7.957225
32.448222 37.087615 7.957225
23.772788 3.185813 14.756853
23.772788 37.167812 14.756853
23.089070 3.795789 14.913001
23.089070 37.777789 14.913001
24.948225 3.105615 15.457222
24.948225 37.087615 15.457222
23.772788 13.805187 2.234147
23.772788 13.805187 36.216147
23.089070 13.195211 2.077999
23.089070 13.195211 36.059999
24.948225 13.885385 1.533778
24.948225 13.885385 35.515778
-3.185813 10.209212 14.756853
30.796187 10.209212 14.756853
-3.795789 10.892930 14.913001
30.186211 10.892930 14.913001
-3.105615 9.033775 15.457222
30.876385 9.033775 15.457222
27.200212 3.185812 2.234147
27.200212 3.185813 36.216147
27.200212 37.167812 2.234147
27.200212 37.167812 36.216147
27.883930 3.795789 2.077999
27.883930 3.795789 36.059999
27.883930 37.777789 2.077999
27.883930 37.777789 36.059999
24.130618 1.262431 0.701728
24.130618 1.262431 34.683728
24.130618 35.244431 0.701728
24.130618 35.244431 34.683728
23.400005 2.317572 1.600552
23.400005 2.317572 35.582552
23.400005 36.299572 1.600552
23.400005 36.299572 35.582552
23.721135 0.892028 2.168052
23.721135 0.892028 36.150052
23.721135 34.874028 2.168052
23.721135 34.874028 36.150052
26.024775 3.105615 1.533778
26.024775 3.105615 35.515778
26.024775 37.087615 1.533778
26.024775 37.087615 35.515778
20.176813 6.781788 14.756853
20.786789 6.098070 14.913001
20.096615 7.957225 15.457222
27.200212 13.805187 14.756853
27.883930 13.195211 14.913001
26.024775 13.885385 15.457222
-3.185813 6.781788 2.234147
-3.185813 6.781788 36.216147
30.796187 6.781788 2.234147
30.796187 6.781788 36.216147
-3.795789 6.098070 2.077999
-3.795789 6.098070 36.059999
30.186211 6.098070 2.077999
30.186211 6.098070 36.059999
-3.105615 7.957225 1.533778
-3.105615 7.957225 35.515778
30.876385 7.957225 1.533778
30.876385 7.957225 35.515778
20.176813 10.209212 2.234147
20.176813 10.209212 36.216147
20.786789 10.892930 2.077999
20.786789 10.892930 36.059999
20.096615 9.033775 1.533778
20.096615 9.033775 35.515778
27.089194 15.557607 10.098194
27.876835 14.648088 9.896375
25.897915 15.388908 9.896375
18.593694 1.602694 7.062107
18.593694 35.584694 7.062107
19.138948 0.653803 6.522998
19.138948 34.635803 6.522998
17.644803 2.147948 6.522998
17.644803 36.129948 6.522998
18.424393 10.098194 6.892806
19.333912 10.885835 7.094625
18.593092 8.906915 7.094625
23.883806 1.433393 10.098194
23.883806 35.415393 10.098194
23.096165 2.342912 9.896375
23.096165 36.324912 9.896375
25.075085 1.602092 9.896375
25.075085 35.584092 9.896375
18.593694 9.928893 15.388306
17.402415 10.097592 15.590125
19.381335 10.838412 15.590125
23.883806 15.557607 6.892806
25.075085 15.388908 7.094625
23.096165 14.648088 7.094625
26.919893 1.602694 15.388306
26.919893 35.584694 15.388306
27.829412 2.390335 15.590125
27.829412 36.372335 15.590125
27.088592 0.411415 15.590125
27.088592 34.393415 15.590125
18.593694 15.388306 9.928893
17.644803 14.843052 10.468002
19.138948 16.337197 10.468002
26.919893 15.388306 1.602694
26.919893 15.388306 35.584694
27.088592 16.579585 1.400875
27.088592 16.579585 35.382875
27.829412 14.600665 1.400875
27.829412 14.600665 35.382875
-1.433393 6.892806 6.892806
32.548607 6.892806 6.892806
-2.342912 6.105165 7.094625
31.639088 6.105165 7.094625
-1.602092 8.084085 7.094625
32.379908 8.084085 7.094625
23.883806 6.892806 15.557607
23.338552 7.841697 15.018498
24.832697 6.347552 15.018498
27.089194 10.098194 15.557607
27.634448 9.149303 15.018498
26.140303 10.643448 15.018498
23.397457 0.134229 27.575543
23.397457 34.116229 27.575543
23.252353 15.277288 28.672313
23.408501 14.593570 -4.699711
23.408501 14.593570 29.282289
23.952722 16.452725 28.592115
25.486500 -0.000000 -4.247750
25.486500 0.000000 29.734250
25.486500 33.982000 -4.247750
25.486500 33.982000 29.734250
17.125229 10.584543 23.397457
-1.713712 10.729647 22.300687
32.268288 10.729647 22.300687
-2.397430 10.573499 21.690711
31.584570 10.573499 21.690711
-0.538275 10.029278 22.380885
33.443725 10.029278 22.380885
16.991000 8.495500 21.238750
27.575543 16.856771 27.575543
27.720647 1.713712 28.672313
27.720647 35.695712 28.672313
27.564499 2.397430 -4.699711
27.564499 2.397430 29.282289
27.564499 36.379430 -4.699711
27.564499 36.379430 29.282289
27.020278 0.538275 28.592115
27.020278 34.520275 28.592115
-0.134229 6.406457 23.397457
33.847771 6.406457 23.397457
18.704712 6.261353 22.300687
19.388430 6.417501 21.690711
17.529275 6.961722 22.380885
23.397457 16.856771 23.397457
23.252353 1.713712 22.300687
23.252353 35.695712 22.300687
23.408501 2.397430 21.690711
23.408501 36.379430 21.690711
23.952722 0.538275 22.380885
23.952722 34.520275 22.380885
25.486500 0.000000 21.238750
25.486500 33.982000 21.238750
-0.134229 10.584543 27.575543
33.847771 10.584543 27.575543
18.704712 10.729647 28.672313
19.388430 10.573499 -4.699711
19.388430 10.573499 29.282289
-1.452730 10.090955 27.081955
32.529269 10.090955 27.081955
17.529275 10.029278 28.592115
16.991000 8.495500 -4.247750
16.991000 8.495500 29.734250
27.575543 0.134229 23.397457
27.575543 34.116229 23.397457
27.720647 15.277288 22.300687
27.564499 14.593570 21.690711
27.081955 1.452731 23.891045
27.081955 35.434731 23.891045
26.188228 1.355882 24.224069
26.188228 35.337882 24.224069
27.087052 2.086495 23.168928
27.087052 36.068495 23.168928
27.654552 1.765365 24.594472
27.654552 35.747365 24.594472
27.020278 16.452725 22.380885
17.125229 6.406457 27.575543
-1.713712 6.261353 28.672313
32.268288 6.261353 28.672313
-2.397430 6.417501 -4.699711
-2.397430 6.417501 29.282289
31.584570 6.417501 -4.699711
31.584570 6.417501 29.282289
18.443730 6.900045 27.081955
18.346882 7.793772 26.748931
19.077495 6.894948 27.804072
18.756365 6.327448 26.378528
-0.538275 6.961722 28.592115
33.443725 6.961722 28.592115
27.575543 6.406457 17.125229
28.672313 6.261353 -1.713712
28.672313 6.261353 32.268288
-4.699711 6.417501 -2.397430
-4.699711 6.417501 31.584570
29.282289 6.417501 -2.397430
29.282289 6.417501 31.584570
27.081955 6.900045 18.443730
28.592115 6.961722 -0.538275
28.592115 6.961722 33.443725
-4.247750 8.495500 16.991000
29.734250 8.495500 16.991000
23.397457 6.406457 -0.134229
23.397457 6.406457 33.847771
23.252353 5.309688 18.704712
23.408501 4.699711 19.388430
23.408501 38.681711 19.388430
23.952722 5.389885 17.529275
25.486500 4.247750 16.991000
25.486500 38.229750 16.991000
23.397457 10.584543 17.125229
22.300687 10.729647 -1.713712
22.300687 10.729647 32.268288
21.690711 10.573499 -2.397430
21.690711 10.573499 31.584570
23.891045 10.090955 18.443730
22.380885 10.029278 -0.538275
22.380885 10.029278 33.443725
21.238750 8.495500 16.991000
27.575543 10.584543 -0.134229
27.575543 10.584543 33.847771
27.720647 11.681313 18.704712
27.564499 12.291289 19.388430
27.020278 11.601115 17.529275
25.486500 12.743250 16.991000
28.672313 10.729647 18.704712
-4.699711 10.573499 19.388430
29.282289 10.573499 19.388430
28.592115 10.029278 17.529275
27.720647 5.309687 -1.713712
27.720647 5.309688 32.268288
27.564499 4.699711 -2.397430
27.564499 4.699711 31.584570
27.564499 38.681711 -2.397430
27.564499 38.681711 31.584570
26.188228 7.233069 18.346882
27.087052 6.177928 19.077495
27.654552 7.603472 18.756365
27.020278 5.389885 -0.538275
27.020278 5.389885 33.443725
22.300687 6.261353 18.704712
21.690711 6.417501 19.388430
22.380885 6.961722 17.529275
23.252353 11.681313 -1.713712
23.252353 11.681313 32.268288
23.408501 12.291289 -2.397430
23.408501 12.291289 31.584570
24.784772 9.757931 18.346882
23.885948 10.813072 19.077495
23.318448 9.387527 18.756365
23.952722 11.601115 -0.538275
23.952722 11.601115 33.443725
-1.713712 11.681313 23.252353
32.268288 11.681313 23.252353
-2.397430 12.291289 23.408501
31.584570 12.291289 23.408501
-0.538275 11.601115 23.952722
33.443725 11.601115 23.952722
16.991000 12.743250 25.486500
-1.713712 5.309688 27.720647
32.268288 5.309688 27.720647
-2.397430 4.699711 27.564499
-2.397430 38.681711 27.564499
31.584570 4.699711 27.564499
31.584570 38.681711 27.564499
-0.538275 5.389885 27.020278
33.443725 5.389885 27.020278
16.991000 4.247750 25.486500
16.991000 38.229750 25.486500
22.300687 1.713712 23.252353
22.300688 35.695712 23.252353
21.690711 2.397430 23.408501
21.690711 36.379430 23.408501
22.380885 0.538275 23.952722
22.380885 34.520275 23.952722
21.238750 0.000000 25.486500
21.238750 33.982000 25.486500
18.704712 11.681313 27.720647
19.388430 12.291289 27.564499
-1.355882 9.757931 26.188228
32.626118 9.757931 26.188228
-2.086495 10.813072 27.087052
31.895505 10.813072 27.087052
-1.765365 9.387527 27.654552
32.216635 9.387527 27.654552
17.529275 11.601115 27.020278
28.672313 15.277288 23.252353
-4.699711 14.593570 23.408501
29.282289 14.593570 23.408501
28.592115 16.452725 23.952722
-4.247750 0.000000 25.486500
-4.247750 33.982000 25.486500
29.734250 0.000000 25.486500
29.734250 33.982000 25.486500
18.704712 5.309688 23.252353
19.388430 4.699711 23.408501
19.388430 38.681711 23.408501
17.529275 5.389885 23.952722
22.300687 15.277288 27.720647
21.690711 14.593570 27.564499
22.380885 16.452725 27.020278
28.672313 1.713712 27.720647
28.672313 35.695712 27.720647
-4.699711 2.397430 27.564499
-4.699711 36.379430 27.564499
29.282289 2.397430 27.564499
29.282289 36.379430 27.564499
28.592115 0.538275 27.020278
28.592115 34.520275 27.020278
-2.089043 8.629729 19.080043
31.892957 8.629729 19.080043
-2.234147 6.781788 20.176813
31.747853 6.781788 20.176813
-2.077999 6.098070 20.786789
31.904001 6.098070 20.786789
-1.595455 9.948230 18.586455
32.386545 9.948230 18.586455
-0.701728 9.851382 18.253431
33.280272 9.851382 18.253431
-1.600552 10.581995 19.308572
32.381448 10.581995 19.308572
-2.168052 10.260865 17.883028
31.813948 10.260865 17.883028
-1.533778 7.957225 20.096615
32.448222 7.957225 20.096615
25.620729 2.089043 -2.089043
25.620729 2.089043 31.892957
25.620729 36.071043 -2.089043
25.620729 36.071043 31.892957
23.772788 2.234147 -3.185813
23.772788 2.234147 30.796187
23.772788 36.216147 -3.185813
23.772788 36.216147 30.796187
23.089070 2.077999 -3.795789
23.089070 2.077999 30.186211
23.089070 36.059999 -3.795789
23.089070 36.059999 30.186211
24.948225 1.533778 -3.105615
24.948225 1.533778 30.876385
24.948225 35.515778 -3.105615
24.948225 35.515778 30.876385
19.080043 8.361271 19.080043
19.225147 10.209212 20.176813
19.068999 10.892930 20.786789
18.586455 7.042770 18.586455
17.692728 7.139618 18.253431
18.591552 6.409005 19.308572
19.159052 6.730135 17.883028
18.524778 9.033775 20.096615
25.352271 14.901957 -2.089043
25.352271 14.901957 31.892957
27.200212 14.756853 -3.185813
27.200212 14.756853 30.796187
27.883930 14.913001 -3.795789
27.883930 14.913001 30.186211
24.033769 15.395545 -1.595455
24.033770 15.395545 32.386545
24.130618 16.289272 -1.262431
24.130618 16.289272 32.719569
23.400005 15.390448 -2.317572
23.400005 15.390448 31.664428
23.721135 14.822948 -0.892028
23.721135 14.822948 33.089972
26.024775 15.457222 -3.105615
26.024775 15.457222 30.876385
-2.089043 8.361271 -2.089043
-2.089043 8.361271 31.892957
31.892957 8.361271 -2.089043
31.892957 8.361271 31.892957
-2.234147 10.209212 -3.185813
-2.234147 10.209212 30.796187
31.747853 10.209212 -3.185813
31.747853 10.209212 30.796187
-2.077999 10.892930 -3.795789
-2.077999 10.892930 30.186211
31.904001 10.892930 -3.795789
31.904001 10.892930 30.186211
-1.595455 7.042769 -1.595455
-1.595455 7.042770 32.386545
32.386545 7.042769 -1.595455
32.386545 7.042770 32.386545
-0.701728 7.139618 -1.262431
-0.701728 7.139618 32.719569
33.280272 7.139618 -1.262431
33.280272 7.139618 32.719569
-1.600552 6.409005 -2.317572
-1.600552 6.409005 31.664428
32.381448 6.409005 -2.317572
32.381448 6.409005 31.664428
-2.168052 6.730135 -0.892028
-2.168052 6.730135 33.089972
31.813948 6.730135 -0.892028
31.813948 6.730135 33.089972
-1.533778 9.033775 -3.105615
-1.533778 9.033775 30.876385
32.448222 9.033775 -3.105615
32.448222 9.033775 30.876385
25.352271 2.089043 19.080043
25.352271 36.071043 19.080043
27.200212 2.234147 20.176813
27.200212 36.216147 20.176813
27.883930 2.077999 20.786789
27.883930 36.059999 20.786789
24.033769 1.595455 18.586455
24.033770 35.577455 18.586455
26.024775 1.533778 20.096615
26.024775 35.515778 20.096615
19.080043 8.629729 -2.089043
19.080043 8.629729 31.892957
19.225147 6.781788 -3.185813
19.225147 6.781788 30.796187
19.068999 6.098070 -3.795789
19.068999 6.098070 30.186211
18.524778 7.957225 -3.105615
18.524778 7.957225 30.876385
25.620729 14.901957 19.080043
23.772788 14.756853 20.176813
23.089070 14.913001 20.786789
24.948225 15.457222 20.096615
19.080043 14.901957 25.620729
20.176813 14.756853 23.772788
20.786789 14.913001 23.089070
20.096615 15.457222 24.948225
-2.089043 14.901957 25.352271
31.892957 14.901957 25.352271
-2.234147 13.805187 27.200212
31.747853 13.805187 27.200212
-2.077999 13.195211 27.883930
31.904001 13.195211 27.883930
-1.595455 15.395545 24.033769
32.386545 15.395545 24.033769
-0.701728 15.728569 24.130618
33.280272 15.728569 24.130618
-1.600552 14.673428 23.400005
32.381448 14.673428 23.400005
-2.168052 16.098972 23.721135
31.813948 16.098972 23.721135
-1.533778 13.885385 26.024775
32.448222 13.885385 26.024775
-2.089043 2.089043 25.620729
-2.089043 36.071043 25.620729
31.892957 2.089043 25.620729
31.892957 36.071043 25.620729
-3.185813 2.234147 23.772788
-3.185812 36.216147 23.772788
30.796187 2.234147 23.772788
30.796187 36.216147 23.772788
-3.795789 2.077999 23.089070
-3.795789 36.059999 23.089070
30.186211 2.077999 23.089070
30.186211 36.059999 23.089070
-1.595455 1.595455 26.939230
-1.595455 35.577455 26.939230
32.386545 1.595455 26.939230
32.386545 35.577455 26.939230
-3.105615 1.533778 24.948225
-3.105615 35.515778 24.948225
30.876385 1.533778 24.948225
30.876385 35.515778 24.948225
19.080043 2.089043 25.352271
19.080043 36.071043 25.352271
19.225147 3.185813 27.200212
19.225147 37.167812 27.200212
19.068999 3.795789 27.883930
19.068999 37.777789 27.883930
18.524778 3.105615 26.024775
18.524778 37.087615 26.024775
20.176813 2.234147 27.200212
20.176813 36.216147 27.200212
20.786789 2.077999 27.883930
20.786789 36.059999 27.883930
20.096615 1.533778 26.024775
20.096615 35.515778 26.024775
19.225147 13.805187 23.772788
19.068999 13.195211 23.089070
18.524778 13.885385 24.948225
-3.185813 14.756853 27.200212
30.796187 14.756853 27.200212
-3.795789 14.913001 27.883930
30.186211 14.913001 27.883930
-3.105615 15.457222 26.024775
30.876385 15.457222 26.024775
-2.234147 3.185813 23.772788
-2.234147 37.167812 23.772788
31.747853 3.185813 23.772788
31.747853 37.167812 23.772788
-2.077999 3.795789 23.089070
-2.077999 37.777789 23.089070
31.904001 3.795789 23.089070
31.904001 37.777789 23.089070
-0.701728 1.262431 26.842382
-0.701728 35.244431 26.842382
33.280272 1.262431 26.842382
33.280272 35.244431 26.842382
-1.600552 2.317572 27.572995
-1.600552 36.299572 27.572995
32.381448 2.317572 27.572995
32.381448 36.299572 27.572995
-2.168052 0.892028 27.251865
-2.168052 34.874028 27.251865
31.813948 0.892028 27.251865
31.813948 34.874028 27.251865
-1.533778 3.105615 24.948225
-1.533778 37.087615 24.948225
32.448222 3.105615 24.948225
32.448222 37.087615 24.948225
23.772788 3.185812 -2.234147
23.772788 3.185813 31.747853
23.772788 37.167812 -2.234147
23.772788 37.167812 31.747853
23.089070 3.795789 -2.077999
23.089070 3.795789 31.904001
23.089070 37.777789 -2.077999
23.089070 37.777789 31.904001
24.948225 3.105615 -1.533778
24.948225 3.105615 32.448222
24.948225 37.087615 -1.533778
24.948225 37.087615 32.448222
23.772788 13.805187 19.225147
23.089070 13.195211 19.068999
24.948225 13.885385 18.524778
-3.185813 10.209212 -2.234147
-3.185813 10.209212 31.747853
30.796187 10.209212 -2.234147
30.796187 10.209212 31.747853
-3.795789 10.892930 -2.077999
-3.795789 10.892930 31.904001
30.186211 10.892930 -2.077999
30.186211 10.892930 31.904001
-3.105615 9.033775 -1.533778
-3.105615 9.033775 32.448222
30.876385 9.033775 -1.533778
30.876385 9.033775 32.448222
27.200212 3.185813 19.225147
27.200212 37.167812 19.225147
27.883930 3.795789 19.068999
27.883930 37.777789 19.068999
24.130618 1.262431 17.692728
24.130618 35.244431 17.692728
23.400005 2.317572 18.591552
23.400005 36.299572 18.591552
23.721135 0.892028 19.159052
23.721135 34.874028 19.159052
26.024775 3.105615 18.524778
26.024775 37.087615 18.524778
20.176813 6.781788 -2.234147
20.176813 6.781788 31.747853
20.786789 6.098070 -2.077999
20.786789 6.098070 31.904001
20.096615 7.957225 -1.533778
20.096615 7.957225 32.448222
27.200212 13.805187 -2.234147
27.200212 13.805187 31.747853
27.883930 13.195211 -2.077999
27.883930 13.195211 31.904001
26.024775 13.885385 -1.533778
26.024775 13.885385 32.448222
-3.185813 6.781788 19.225147
30.796187 6.781788 19.225147
-3.795789 6.098070 19.068999
30.186211 6.098070 19.068999
-3.105615 7.957225 18.524778
30.876385 7.957225 18.524778
20.176813 10.209212 19.225147
20.786789 10.892930 19.068999
20.096615 9.033775 18.524778
27.089194 15.557607 27.089194
27.876835 14.648088 26.887375
25.897915 15.388908 26.887375
18.593694 1.602694 24.053107
18.593694 35.584694 24.053107
19.138948 0.653803 23.513998
19.138948 34.635803 23.513998
17.644803 2.147948 23.513998
17.644803 36.129948 23.513998
18.424393 10.098194 23.883806
19.333912 10.885835 24.085625
18.593092 8.906915 24.085625
23.883806 1.433393 27.089194
23.883806 35.415393 27.089194
23.096165 2.342912 26.887375
23.096165 36.324912 26.887375
25.075085 1.602092 26.887375
25.075085 35.584092 26.887375
18.593694 9.928893 -1.602694
18.593694 9.928893 32.379306
17.402415 10.097592 -1.400875
17.402415 10.097592 32.581125
19.381335 10.838412 -1.400875
19.381335 10.838412 32.581125
23.883806 15.557607 23.883806
25.075085 15.388908 24.085625
23.096165 14.648088 24.085625
26.919893 1.602694 -1.602694
26.919893 1.602694 32.379306
26.919893 35.584694 -1.602694
26.919893 35.584694 32.379306
27.829412 2.390335 -1.400875
27.829412 2.390335 32.581125
27.829412 36.372335 -1.400875
27.829412 36.372335 32.581125
27.088592 0.411415 -1.400875
27.088592 0.411415 32.581125
27.088592 34.393415 -1.400875
27.088592 34.393415 32.581125
18.593694 15.388306 26.919893
17.644803 14.843052 27.459002
19.138948 16.337197 27.459002
26.919893 15.388306 18.593694
27.088592 16.579585 18.391875
27.829412 14.600665 18.391875
-1.433393 6.892806 23.883806
32.548607 6.892806 23.883806
-2.342912 6.105165 24.085625
31.639088 6.105165 24.085625
-1.602092 8.084085 24.085625
32.379908 8.084085 24.085625
23.883806 6.892806 -1.433393
23.883806 6.892806 32.548607
23.338552 7.841697 -1.972502
23.338552 7.841697 32.009498
24.832697 6.347552 -1.972502
24.832697 6.347552 32.009498
27.089194 10.098194 -1.433393
27.089194 10.098194 32.548607
27.634448 9.149303 -1.972502
27.634448 9.149303 32.009498
26.140303 10.643448 -1.972502
26.140303 10.643448 32.009498
23.397457 17.125229 10.584543
23.252353 -1.713712 11.681313
23.252353 32.268288 11.681313
23.408501 -2.397430 12.291289
23.408501 31.584570 12.291289
23.952722 -0.538275 11.601115
23.952722 33.443725 11.601115
25.486500 16.991000 12.743250
17.125229 27.575543 6.406457
-1.713712 27.720647 5.309687
32.268288 27.720647 5.309687
-2.397430 27.564499 4.699711
-2.397430 27.564499 38.681711
31.584570 27.564499 4.699711
31.584570 27.564499 38.681711
-0.538275 27.020278 5.389885
33.443725 27.020278 5.389885
16.991000 25.486500 4.247750
16.991000 25.486500 38.229750
27.575543 -0.134229 10.584543
27.575543 33.847771 10.584543
27.720647 18.704712 11.681313
27.564499 19.388430 12.291289
27.020278 17.529275 11.601115
-0.134229 23.397457 6.406457
33.847771 23.397457 6.406457
18.704712 23.252353 5.309687
19.388430 23.408501 4.699711
19.388430 23.408501 38.681711
17.529275 23.952722 5.389885
23.397457 -0.134229 6.406457
23.397457 33.847771 6.406457
23.252353 18.704712 5.309687
23.408501 19.388430 4.699711
23.408501 19.388430 38.681711
23.952722 17.529275 5.389885
25.486500 16.991000 4.247750
25.486500 16.991000 38.229750
-0.134229 27.575543 10.584543
33.847771 27.575543 10.584543
18.704712 27.720647 11.681313
19.388430 27.564499 12.291289
-1.452730 27.081955 10.090955
32.529269 27.081955 10.090955
17.529275 27.020278 11.601115
16.991000 25.486500 12.743250
27.575543 17.125229 6.406457
27.720647 -1.713712 5.309687
27.720647 32.268288 5.309687
27.564499 -2.397430 4.699711
27.564499 -2.397430 38.681711
27.564499 31.584570 4.699711
27.564499 31.584570 38.681711
27.081955 18.443730 6.900045
26.188228 18.346882 7.233069
27.087052 19.077495 6.177928
27.654552 18.756365 7.603472
27.020278 -0.538275 5.389885
27.020278 33.443725 5.389885
17.125229 23.397457 10.584543
-1.713712 23.252353 11.681313
32.268288 23.252353 11.681313
-2.397430 23.408501 12.291289
31.584570 23.408501 12.291289
18.443730 23.891045 10.090955
18.346882 24.784772 9.757931
19.077495 23.885948 10.813072
18.756365 23.318448 9.387527
-0.538275 23.952722 11.601115
33.443725 23.952722 11.601115
27.575543 23.397457 0.134229
27.575543 23.397457 34.116229
28.672313 23.252353 15.277288
-4.699711 23.408501 14.593570
29.282289 23.408501 14.593570
27.081955 23.891045 1.452731
27.081955 23.891045 35.434731
28.592115 23.952722 16.452725
-4.247750 25.486500 0.000000
-4.247750 25.486500 33.982000
29.734250 25.486500 0.000000
29.734250 25.486500 33.982000
23.397457 23.397457 16.856771
23.252353 22.300687 1.713712
23.252353 22.300688 35.695712
23.408501 21.690711 2.397430
23.408501 21.690711 36.379430
23.952722 22.380885 0.538275
23.952722 22.380885 34.520275
25.486500 21.238750 0.000000
25.486500 21.238750 33.982000
23.397457 27.575543 0.134229
23.397457 27.575543 34.116229
22.300687 27.720647 15.277288
21.690711 27.564499 14.593570
23.891045 27.081955 1.452731
23.891045 27.081955 35.434731
22.380885 27.020278 16.452725
21.238750 25.486500 0.000000
21.238750 25.486500 33.982000
27.575543 27.575543 16.856771
27.720647 28.672313 1.713712
27.720647 28.672313 35.695712
27.564499 -4.699711 2.397430
27.564499 -4.699711 36.379430
27.564499 29.282289 2.397430
27.564499 29.282289 36.379430
27.020278 28.592115 0.538275
27.020278 28.592115 34.520275
25.486500 -4.247750 0.000000
25.486500 -4.247750 33.982000
25.486500 29.734250 0.000000
25.486500 29.734250 33.982000
28.672313 27.720647 1.713712
28.672313 27.720647 35.695712
-4.699711 27.564499 2.397430
-4.699711 27.564499 36.379430
29.282289 27.564499 2.397430
29.282289 27.564499 36.379430
28.592115 27.020278 0.538275
28.592115 27.020278 34.520275
27.720647 22.300687 15.277288
27.564499 21.690711 14.593570
26.188228 24.224069 1.355882
26.188228 24.224069 35.337882
27.087052 23.168928 2.086495
27.087052 23.168928 36.068495
27.654552 24.594472 1.765365
27.654552 24.594472 35.747365
27.020278 22.380885 16.452725
22.300687 23.252353 1.713712
22.300688 23.252353 35.695712
21.690711 23.408501 2.397430
21.690711 23.408501 36.379430
22.380885 23.952722 0.538275
22.380885 23.952722 34.520275
23.252353 28.672313 15.277288
23.408501 -4.699711 14.593570
23.408501 29.282289 14.593570
24.784772 26.748931 1.355882
24.784772 26.748931 35.337882
23.885948 27.804072 2.086495
23.885948 27.804072 36.068495
23.318448 26.378528 1.765365
23.318448 26.378528 35.747365
23.952722 28.592115 16.452725
-1.713712 28.672313 6.261353
32.268288 28.672313 6.261353
-2.397430 -4.699711 6.417501
-2.397430 29.282289 6.417501
31.584570 -4.699711 6.417501
31.584570 29.282289 6.417501
-0.538275 28.592115 6.961722
33.443725 28.592115 6.961722
16.991000 -4.247750 8.495500
16.991000 29.734250 8.495500
-1.713712 22.300687 10.729647
32.268288 22.300687 10.729647
-2.397430 21.690711 10.573499
31.584570 21.690711 10.573499
-0.538275 22.380885 10.029278
33.443725 22.380885 10.029278
16.991000 21.238750 8.495500
22.300687 18.704712 6.261353
21.690711 19.388430 6.417501
22.380885 17.529275 6.961722
21.238750 16.991000 8.495500
18.704712 28.672313 10.729647
19.388430 -4.699711 10.573499
19.388430 29.282289 10.573499
-1.355882 26.748931 9.197228
32.626118 26.748931 9.197228
-2.086495 27.804072 10.096052
31.895505 27.804072 10.096052
-1.765365 26.378528 10.663552
32.216635 26.378528 10.663552
17.529275 28.592115 10.029278
28.672313 -1.713712 6.261353
28.672313 32.268288 6.261353
-4.699711 -2.397430 6.417501
-4.699711 31.584570 6.417501
29.282289 -2.397430 6.417501
29.282289 31.584570 6.417501
28.592115 -0.538275 6.961722
28.592115 33.443725 6.961722
-4.247750 16.991000 8.495500
29.734250 16.991000 8.495500
18.704712 22.300687 6.261353
19.388430 21.690711 6.417501
17.529275 22.380885 6.961722
22.300687 -1.713712 10.729647
22.300687 32.268288 10.729647
21.690711 -2.397430 10.573499
21.690711 31.584570 10.573499
22.380885 -0.538275 10.029278
22.380885 33.443725 10.029278
28.672313 18.704712 10.729647
-4.699711 19.388430 10.573499
29.282289 19.388430 10.573499
28.592115 17.529275 10.029278
-2.089043 25.620729 2.089043
-2.089043 25.620729 36.071043
31.892957 25.620729 2.089043
31.892957 25.620729 36.071043
-2.234147 23.772788 3.185812
-2.234147 23.772788 37.167812
31.747853 23.772788 3.185812
31.747853 23.772788 37.167812
-2.077999 23.089070 3.795789
-2.077999 23.089070 37.777789
31.904001 23.089070 3.795789
31.904001 23.089070 37.777789
-1.595455 26.939230 1.595455
-1.595455 26.939230 35.577455
32.386545 26.939230 1.595455
32.386545 26.939230 35.577455
-0.701728 26.842382 1.262431
-0.701728 26.842382 35.244431
33.280272 26.842382 1.262431
33.280272 26.842382 35.244431
-1.600552 27.572995 2.317572
-1.600552 27.572995 36.299572
32.381448 27.572995 2.317572
32.381448 27.572995 36.299572
-2.168052 27.251865 0.892027
-2.168052 27.251865 34.874028
31.813948 27.251865 0.892027
31.813948 27.251865 34.874028
-1.533778 24.948225 3.105615
-1.533778 24.948225 37.087615
32.448222 24.948225 3.105615
32.448222 24.948225 37.087615
25.620729 19.080043 14.901957
23.772788 19.225147 13.805187
23.089070 19.068999 13.195211
24.948225 18.524778 13.885385
19.080043 25.352271 2.089043
19.080043 25.352271 36.071043
19.225147 27.200212 3.185812
19.225147 27.200212 37.167812
19.068999 27.883930 3.795789
19.068999 27.883930 37.777789
18.586455 24.033769 1.595455
18.586455 24.033770 35.577455
17.692728 24.130618 1.262431
17.692728 24.130618 35.244431
18.591552 23.400005 2.317572
18.591552 23.400005 36.299572
19.159052 23.721135 0.892027
19.159052 23.721135 34.874028
18.524778 26.024775 3.105615
18.524778 26.024775 37.087615
25.352271 -2.089043 14.901957
25.352271 31.892957 14.901957
27.200212 -2.234147 13.805187
27.200212 31.747853 13.805187
27.883930 -2.077999 13.195211
27.883930 31.904001 13.195211
24.033769 -1.595455 15.395545
24.033770 32.386545 15.395545
24.130618 -0.701728 15.728569
24.130618 33.280272 15.728569
23.400005 -1.600552 14.673428
23.400005 32.381448 14.673428
23.721135 -2.168052 16.098972
23.721135 31.813948 16.098972
26.024775 -1.533778 13.885385
26.024775 32.448222 13.885385
-2.089043 25.352271 14.901957
31.892957 25.352271 14.901957
-2.234147 27.200212 13.805187
31.747853 27.200212 13.805187
-2.077999 27.883930 13.195211
31.904001 27.883930 13.195211
-1.595455 24.033769 15.395545
32.386545 24.033769 15.395545
-0.701728 24.130618 15.728569
33.280272 24.130618 15.728569
-1.600552 23.400005 14.673428
32.381448 23.400005 14.673428
-2.168052 23.721135 16.098972
31.813948 23.721135 16.098972
-1.533778 26.024775 13.885385
32.448222 26.024775 13.885385
25.352271 19.080043 2.089043
25.352271 19.080043 36.071043
27.200212 19.225147 3.185812
27.200212 19.225147 37.167812
27.883930 19.068999 3.795789
27.883930 19.068999 37.777789
24.033769 18.586455 1.595455
24.033770 18.586455 35.577455
26.024775 18.524778 3.105615
26.024775 18.524778 37.087615
19.080043 25.620729 14.901957
19.225147 23.772788 13.805187
19.068999 23.089070 13.195211
18.524778 24.948225 13.885385
25.620729 -2.089043 2.089043
25.620729 -2.089043 36.071043
25.620729 31.892957 2.089043
25.620729 31.892957 36.071043
23.772788 -2.234147 3.185812
23.772788 -2.234147 37.167812
23.772788 31.747853 3.185812
23.772788 31.747853 37.167812
23.089070 -2.077999 3.795789
23.089070 -2.077999 37.777789
23.089070 31.904001 3.795789
23.089070 31.904001 37.777789
24.948225 -1.533778 3.105615
24.948225 -1.533778 37.087615
24.948225 32.448222 3.105615
24.948225 32.448222 37.087615
19.080043 -2.089043 8.629729
19.080043 31.892957 8.629729
20.176813 -2.234147 6.781788
20.176813 31.747853 6.781788
20.786789 -2.077999 6.098070
20.786789 31.904001 6.098070
20.096615 -1.533778 7.957225
20.096615 32.448222 7.957225
-2.089043 -2.089043 8.361271
-2.089043 31.892957 8.361271
31.892957 -2.089043 8.361271
31.892957 31.892957 8.361271
-2.234147 -3.185813 10.209212
-2.234147 30.796187 10.209212
31.747853 -3.185813 10.209212
31.747853 30.796187 10.209212
-2.077999 -3.795789 10.892930
-2.077999 30.186211 10.892930
31.904001 -3.795789 10.892930
31.904001 30.186211 10.892930
-1.595455 -1.595455 7.042769
-1.595455 32.386545 7.042769
32.386545 -1.595455 7.042769
32.386545 32.386545 7.042769
-0.701728 -1.262431 7.139618
-0.701728 32.719569 7.139618
33.280272 -1.262431 7.139618
33.280272 32.719569 7.139618
-1.600552 -2.317572 6.409005
-1.600552 31.664428 6.409005
32.381448 -2.317572 6.409005
32.381448 31.664428 6.409005
-2.168052 -0.892028 6.730135
-2.168052 33.089972 6.730135
31.813948 -0.892028 6.730135
31.813948 33.089972 6.730135
-1.533778 -3.105615 9.033775
-1.533778 30.876385 9.033775
32.448222 -3.105615 9.033775
32.448222 30.876385 9.033775
-2.089043 19.080043 8.629729
31.892957 19.080043 8.629729
-3.185813 19.225147 6.781788
30.796187 19.225147 6.781788
-3.795789 19.068999 6.098070
30.186211 19.068999 6.098070
-1.595455 18.586455 9.948230
32.386545 18.586455 9.948230
-3.105615 18.524778 7.957225
30.876385 18.524778 7.957225
19.080043 19.080043 8.361271
19.225147 20.176813 10.209212
19.068999 20.786789 10.892930
18.524778 20.096615 9.033775
20.176813 19.225147 10.209212
20.786789 19.068999 10.892930
20.096615 18.524778 9.033775
19.225147 -3.185813 6.781788
19.225147 30.796187 6.781788
19.068999 -3.795789 6.098070
19.068999 30.186211 6.098070
18.524778 -3.105615 7.957225
18.524778 30.876385 7.957225
-3.185813 -2.234147 10.209212
-3.185813 31.747853 10.209212
30.796187 -2.234147 10.209212
30.796187 31.747853 10.209212
-3.795789 -2.077999 10.892930
-3.795789 31.904001 10.892930
30.186211 -2.077999 10.892930
30.186211 31.904001 10.892930
-3.105615 -1.533778 9.033775
-3.105615 32.448222 9.033775
30.876385 -1.533778 9.033775
30.876385 32.448222 9.033775
-2.234147 20.176813 6.781788
31.747853 20.176813 6.781788
-2.077999 20.786789 6.098070
31.904001 20.786789 6.098070
-0.701728 18.253431 9.851382
33.280272 18.253431 9.851382
-1.600552 19.308572 10.581995
32.381448 19.308572 10.581995
-2.168052 17.883028 10.260865
31.813948 17.883028 10.260865
-1.533778 20.096615 7.957225
32.448222 20.096615 7.957225
23.772788 20.176813 14.756853
23.089070 20.786789 14.913001
24.948225 20.096615 15.457222
23.772788 -3.185813 2.234147
23.772788 -3.185813 36.216147
23.772788 30.796187 2.234147
23.772788 30.796187 36.216147
23.089070 -3.795789 2.077999
23.089070 -3.795789 36.059999
23.089070 30.186211 2.077999
23.089070 30.186211 36.059999
24.948225 -3.105615 1.533778
24.948225 -3.105615 35.515778
24.948225 30.876385 1.533778
24.948225 30.876385 35.515778
-3.185813 27.200212 14.756853
30.796187 27.200212 14.756853
-3.795789 27.883930 14.913001
30.186211 27.883930 14.913001
-3.105615 26.024775 15.457222
30.876385 26.024775 15.457222
27.200212 20.176813 2.234147
27.200212 20.176813 36.216147
27.883930 20.786789 2.077999
27.883930 20.786789 36.059999
24.130618 18.253431 0.701728
24.130618 18.253431 34.683728
23.400005 19.308572 1.600552
23.400005 19.308572 35.582552
23.721135 17.883028 2.168052
23.721135 17.883028 36.150052
26.024775 20.096615 1.533778
26.024775 20.096615 35.515778
20.176813 23.772788 14.756853
20.786789 23.089070 14.913001
20.096615 24.948225 15.457222
27.200212 -3.185813 14.756853
27.200212 30.796187 14.756853
27.883930 -3.795789 14.913001
27.883930 30.186211 14.913001
26.024775 -3.105615 15.457222
26.024775 30.876385 15.457222
-3.185813 23.772788 2.234147
-3.185812 23.772788 36.216147
30.796187 23.772788 2.234147
30.796187 23.772788 36.216147
-3.795789 23.089070 2.077999
-3.795789 23.089070 36.059999
30.186211 23.089070 2.077999
30.186211 23.089070 36.059999
-3.105615 24.948225 1.533778
-3.105615 24.948225 35.515778
30.876385 24.948225 1.533778
30.876385 24.948225 35.515778
20.176813 27.200212 2.234147
20.176813 27.200212 36.216147
20.786789 27.883930 2.077999
20.786789 27.883930 36.059999
20.096615 26.024775 1.533778
20.096615 26.024775 35.515778
27.089194 -1.433393 10.098194
27.089194 32.548607 10.098194
27.876835 -2.342912 9.896375
27.876835 31.639088 9.896375
25.897915 -1.602092 9.896375
25.897915 32.379908 9.896375
18.593694 18.593694 7.062107
19.138948 17.644803 6.522998
17.644803 19.138948 6.522998
18.424393 27.089194 6.892806
19.333912 27.876835 7.094625
18.593092 25.897915 7.094625
23.883806 18.424393 10.098194
23.096165 19.333912 9.896375
25.075085 18.593092 9.896375
18.593694 26.919893 15.388306
17.402415 27.088592 15.590125
19.381335 27.829412 15.590125
23.883806 -1.433393 6.892806
23.883806 32.548607 6.892806
25.075085 -1.602092 7.094625
25.075085 32.379908 7.094625
23.096165 -2.342912 7.094625
23.096165 31.639088 7.094625
26.919893 18.593694 15.388306
27.829412 19.381335 15.590125
27.088592 17.402415 15.590125
18.593694 -1.602694 9.928893
18.593694 32.379306 9.928893
17.644803 -2.147948 10.468002
17.644803 31.834052 10.468002
19.138948 -0.653803 10.468002
19.138948 33.328197 10.468002
26.919893 -1.602694 1.602694
26.919893 -1.602694 35.584694
26.919893 32.379306 1.602694
26.919893 32.379306 35.584694
27.088592 -0.411415 1.400875
27.088592 -0.411415 35.382875
27.088592 33.570585 1.400875
27.088592 33.570585 35.382875
27.829412 -2.390335 1.400875
27.829412 -2.390335 35.382875
27.829412 31.591665 1.400875
27.829412 31.591665 35.382875
-1.433393 23.883806 6.892806
32.548607 23.883806 6.892806
-2.342912 23.096165 7.094625
31.639088 23.096165 7.094625
-1.602092 25.075085 7.094625
32.379908 25.075085 7.094625
23.883806 23.883806 15.557607
23.338552 24.832697 15.018498
24.832697 23.338552 15.018498
27.089194 27.089194 15.557607
27.634448 26.140303 15.018498
26.140303 27.634448 15.018498
23.397457 17.125229 27.575543
23.252353 -1.713712 28.672313
23.252353 32.268288 28.672313
23.408501 -2.397430 -4.699711
23.408501 -2.397430 29.282289
23.408501 31.584570 -4.699711
23.408501 31.584570 29.282289
23.952722 -0.538275 28.592115
23.952722 33.443725 28.592115
25.486500 16.991000 -4.247750
25.486500 16.991000 29.734250
17.125229 27.575543 23.397457
-1.713712 27.720647 22.300687
32.268288 27.720647 22.300687
-2.397430 27.564499 21.690711
31.584570 27.564499 21.690711
-0.538275 27.020278 22.380885
33.443725 27.020278 22.380885
16.991000 25.486500 21.238750
27.575543 -0.134229 27.575543
27.575543 33.847771 27.575543
27.720647 18.704712 28.672313
27.564499 19.388430 -4.699711
27.564499 19.388430 29.282289
27.020278 17.529275 28.592115
-0.134229 23.397457 23.397457
33.847771 23.397457 23.397457
18.704712 23.252353 22.300687
19.388430 23.408501 21.690711
17.529275 23.952722 22.380885
23.397457 -0.134229 23.397457
23.397457 33.847771 23.397457
23.252353 18.704712 22.300687
23.408501 19.388430 21.690711
23.952722 17.529275 22.380885
25.486500 16.991000 21.238750
-0.134229 27.575543 27.575543
33.847771 27.575543 27.575543
18.704712 27.720647 28.672313
19.388430 27.564499 -4.699711
19.388430 27.564499 29.282289
-1.452730 27.081955 27.081955
32.529269 27.081955 27.081955
17.529275 27.020278 28.592115
16.991000 25.486500 -4.247750
16.991000 25.486500 29.734250
27.575543 17.125229 23.397457
27.720647 -1.713712 22.300687
27.720647 32.268288 22.300687
27.564499 -2.397430 21.690711
27.564499 31.584570 21.690711
27.081955 18.443730 23.891045
26.188228 18.346882 24.224069
27.087052 19.077495 23.168928
27.654552 18.756365 24.594472
27.020278 -0.538275 22.380885
27.020278 33.443725 22.380885
17.125229 23.397457 27.575543
-1.713712 23.252353 28.672313
32.268288 23.252353 28.672313
-2.397430 23.408501 -4.699711
-2.397430 23.408501 29.282289
31.584570 23.408501 -4.699711
31.584570 23.408501 29.282289
18.443730 23.891045 27.081955
18.346882 24.784772 26.748931
19.077495 23.885948 27.804072
18.756365 23.318448 26.378528
-0.538275 23.952722 28.592115
33.443725 23.952722 28.592115
27.575543 23.397457 17.125229
28.672313 23.252353 -1.713712
28.672313 23.252353 32.268288
-4.699711 23.408501 -2.397430
-4.699711 23.408501 31.584570
29.282289 23.408501 -2.397430
29.282289 23.408501 31.584570
27.081955 23.891045 18.443730
28.592115 23.952722 -0.538275
28.592115 23.952722 33.443725
-4.247750 25.486500 16.991000
29.734250 25.486500 16.991000
23.397457 23.397457 -0.134229
23.397457 23.397457 33.847771
23.252353 22.300687 18.704712
23.408501 21.690711 19.388430
23.952722 22.380885 17.529275
25.486500 21.238750 16.991000
23.397457 27.575543 17.125229
22.300687 27.720647 -1.713712
22.300687 27.720647 32.268288
21.690711 27.564499 -2.397430
21.690711 27.564499 31.584570
23.891045 27.081955 18.443730
22.380885 27.020278 -0.538275
22.380885 27.020278 33.443725
21.238750 25.486500 16.991000
27.575543 27.575543 -0.134229
27.575543 27.575543 33.847771
27.720647 28.672313 18.704712
27.564499 -4.699711 19.388430
27.564499 29.282289 19.388430
27.020278 28.592115 17.529275
25.486500 -4.247750 16.991000
25.486500 29.734250 16.991000
28.672313 27.720647 18.704712
-4.699711 27.564499 19.388430
29.282289 27.564499 19.388430
28.592115 27.020278 17.529275
27.720647 22.300687 -1.713712
27.720647 22.300687 32.268288
27.564499 21.690711 -2.397430
27.564499 21.690711 31.584570
26.188228 24.224069 18.346882
27.087052 23.168928 19.077495
27.654552 24.594472 18.756365
27.020278 22.380885 -0.538275
27.020278 22.380885 33.443725
22.300687 23.252353 18.704712
21.690711 23.408501 19.388430
22.380885 23.952722 17.529275
23.252353 28.672313 -1.713712
23.252353 28.672313 32.268288
23.408501 -4.699711 -2.397430
23.408501 -4.699711 31.584570
23.408501 29.282289 -2.397430
23.408501 29.282289 31.584570
24.784772 26.748931 18.346882
23.885948 27.804072 19.077495
23.318448 26.378528 18.756365
23.952722 28.592115 -0.538275
23.952722 28.592115 33.443725
-1.713712 28.672313 23.252353
32.268288 28.672313 23.252353
-2.397430 -4.699711 23.408501
-2.397430 29.282289 23.408501
31.584570 -4.699711 23.408501
31.584570 29.282289 23.408501
-0.538275 28.592115 23.952722
33.443725 28.592115 23.952722
16.991000 -4.247750 25.486500
16.991000 29.734250 25.486500
-1.713712 22.300687 27.720647
32.268288 22.300687 27.720647
-2.397430 21.690711 27.564499
31.584570 21.690711 27.564499
-0.538275 22.380885 27.020278
33.443725 22.380885 27.020278
16.991000 21.238750 25.486500
22.300687 18.704712 23.252353
21.690711 19.388430 23.408501
22.380885 17.529275 23.952722
21.238750 16.991000 25.486500
18.704712 28.672313 27.720647
19.388430 -4.699711 27.564499
19.388430 29.282289 27.564499
-1.355882 26.748931 26.188228
32.626118 26.748931 26.188228
-2.086495 27.804072 27.087052
31.895505 27.804072 27.087052
-1.765365 26.378528 27.654552
32.216635 26.378528 27.654552
17.529275 28.592115 27.020278
28.672313 -1.713712 23.252353
28.672313 32.268288 23.252353
-4.699711 -2.397430 23.408501
-4.699711 31.584570 23.408501
29.282289 -2.397430 23.408501
29.282289 31.584570 23.408501
28.592115 -0.538275 23.952722
28.592115 33.443725 23.952722
-4.247750 16.991000 25.486500
29.734250 16.991000 25.486500
18.704712 22.300687 23.252353
19.388430 21.690711 23.408501
17.529275 22.380885 23.952722
22.300687 -1.713712 27.720647
22.300687 32.268288 27.720647
21.690711 -2.397430 27.564499
21.690711 31.584570 27.564499
22.380885 -0.538275 27.020278
22.380885 33.443725 27.020278
28.672313 18.704712 27.720647
-4.699711 19.388430 27.564499
29.282289 19.388430 27.564499
28.592115 17.529275 27.020278
-2.089043 25.620729 19.080043
31.892957 25.620729 19.080043
-2.234147 23.772788 20.176813
31.747853 23.772788 20.176813
-2.077999 23.089070 20.786789
31.904001 23.089070 20.786789
-1.595455 26.939230 18.586455
32.386545 26.939230 18.586455
-0.701728 26.842382 18.253431
33.280272 26.842382 18.253431
-1.600552 27.572995 19.308572
32.381448 27.572995 19.308572
-2.168052 27.251865 17.883028
31.813948 27.251865 17.883028
-1.533778 24.948225 20.096615
32.448222 24.948225 20.096615
25.620729 19.080043 -2.089043
25.620729 19.080043 31.892957
23.772788 19.225147 -3.185813
23.772788 19.225147 30.796187
23.089070 19.068999 -3.795789
23.089070 19.068999 30.186211
24.948225 18.524778 -3.105615
24.948225 18.524778 30.876385
19.080043 25.352271 19.080043
19.225147 27.200212 20.176813
19.068999 27.883930 20.786789
18.586455 24.033769 18.586455
17.692728 24.130618 18.253431
18.591552 23.400005 19.308572
19.159052 23.721135 17.883028
18.524778 26.024775 20.096615
25.352271 -2.089043 -2.089043
25.352271 -2.089043 31.892957
25.352271 31.892957 -2.089043
25.352271 31.892957 31.892957
27.200212 -2.234147 -3.185813
27.200212 -2.234147 30.796187
27.200212 31.747853 -3.185813
27.200212 31.747853 30.796187
27.883930 -2.077999 -3.795789
27.883930 -2.077999 30.186211
27.883930 31.904001 -3.795789
27.883930 31.904001 30.186211
24.033769 -1.595455 -1.595455
24.033770 -1.595455 32.386545
24.033770 32.386545 -1.595455
24.033770 32.386545 32.386545
24.130618 -0.701728 -1.262431
24.130618 -0.701728 32.719569
24.130618 33.280272 -1.262431
24.130618 33.280272 32.719569
23.400005 -1.600552 -2.317572
23.400005 -1.600552 31.664428
23.400005 32.381448 -2.317572
23.400005 32.381448 31.664428
23.721135 -2.168052 -0.892028
23.721135 -2.168052 33.089972
23.721135 31.813948 -0.892028
23.721135 31.813948 33.089972
26.024775 -1.533778 -3.105615
26.024775 -1.533778 30.876385
26.024775 32.448222 -3.105615
26.024775 32.448222 30.876385
-2.089043 25.352271 -2.089043
-2.089043 25.352271 31.892957
31.892957 25.352271 -2.089043
31.892957 25.352271 31.892957
-2.234147 27.200212 -3.185813
-2.234147 27.200212 30.796187
31.747853 27.200212 -3.185813
31.747853 27.200212 30.796187
-2.077999 27.883930 -3.795789
-2.077999 27.883930 30.186211
31.904001 27.883930 -3.795789
31.904001 27.883930 30.186211
-1.595455 24.033769 -1.595455
-1.595455 24.033770 32.386545
32.386545 24.033769 -1.595455
32.386545 24.033770 32.386545
-0.701728 24.130618 -1.262431
-0.701728 24.130618 32.719569
33.280272 24.130618 -1.262431
33.280272 24.130618 32.719569
-1.600552 23.400005 -2.317572
-1.600552 23.400005 31.664428
32.381448 23.400005 -2.317572
32.381448 23.400005 31.664428
-2.168052 23.721135 -0.892028
-2.168052 23.721135 33.089972
31.813948 23.721135 -0.892028
31.813948 23.721135 33.089972
-1.533778 26.024775 -3.105615
-1.533778 26.024775 30.876385
32.448222 26.024775 -3.105615
32.448222 26.024775 30.876385
25.352271 19.080043 19.080043
27.200212 19.225147 20.176813
27.883930 19.068999 20.786789
24.033769 18.586455 18.586455
26.024775 18.524778 20.096615
19.080043 25.620729 -2.089043
19.080043 25.620729 31.892957
19.225147 23.772788 -3.185813
19.225147 23.772788 30.796187
19.068999 23.089070 -3.795789
19.068999 23.089070 30.186211
18.524778 24.948225 -3.105615
18.524778 24.948225 30.876385
25.620729 -2.089043 19.080043
25.620729 31.892957 19.080043
23.772788 -2.234147 20.176813
23.772788 31.747853 20.176813
23.089070 -2.077999 20.786789
23.089070 31.904001 20.786789
24.948225 -1.533778 20.096615
24.948225 32.448222 20.096615
19.080043 -2.089043 25.620729
19.080043 31.892957 25.620729
20.176813 -2.234147 23.772788
20.176813 31.747853 23.772788
20.786789 -2.077999 23.089070
20.786789 31.904001 23.089070
20.096615 -1.533778 24.948225
20.096615 32.448222 24.948225
-2.089043 -2.089043 25.352271
-2.089043 31.892957 25.352271
31.892957 -2.089043 25.352271
31.892957 31.892957 25.352271
-2.234147 -3.185813 27.200212
-2.234147 30.796187 27.200212
31.747853 -3.185813 27.200212
31.747853 30.796187 27.200212
-2.077999 -3.795789 27.883930
-2.077999 30.186211 27.883930
31.904001 -3.795789 27.883930
31.904001 30.186211 27.883930
-1.595455 -1.595455 24.033769
-1.595455 32.386545 24.033769
32.386545 -1.595455 24.033769
32.386545 32.386545 24.033769
-0.701728 -1.262431 24.130618
-0.701728 32.719569 24.130618
33.280272 -1.262431 24.130618
33.280272 32.719569 24.130618
-1.600552 -2.317572 23.400005
-1.600552 31.664428 23.400005
32.381448 -2.317572 23.400005
32.381448 31.664428 23.400005
-2.168052 -0.892028 23.721135
-2.168052 33.089972 23.721135
31.813948 -0.892028 23.721135
31.813948 33.089972 23.721135
-1.533778 -3.105615 26.024775
-1.533778 30.876385 26.024775
32.448222 -3.105615 26.024775
32.448222 30.876385 26.024775
-2.089043 19.080043 25.620729
31.892957 19.080043 25.620729
-3.185813 19.225147 23.772788
30.796187 19.225147 23.772788
-3.795789 19.068999 23.089070
30.186211 19.068999 23.089070
-1.595455 18.586455 26.939230
32.386545 18.586455 26.939230
-3.105615 18.524778 24.948225
30.876385 18.524778 24.948225
19.080043 19.080043 25.352271
19.225147 20.176813 27.200212
19.068999 20.786789 27.883930
18.524778 20.096615 26.024775
20.176813 19.225147 27.200212
20.786789 19.068999 27.883930
20.096615 18.524778 26.024775
19.225147 -3.185813 23.772788
19.225147 30.796187 23.772788
19.068999 -3.795789 23.089070
19.068999 30.186211 23.089070
18.524778 -3.105615 24.948225
18.524778 30.876385 24.948225
-3.185813 -2.234147 27.200212
-3.185813 31.747853 27.200212
30.796187 -2.234147 27.200212
30.796187 31.747853 27.200212
-3.795789 -2.077999 27.883930
-3.795789 31.904001 27.883930
30.186211 -2.077999 27.883930
30.186211 31.904001 27.883930
-3.105615 -1.533778 26.024775
-3.105615 32.448222 26.024775
30.876385 -1.533778 26.024775
30.876385 32.448222 26.024775
-2.234147 20.176813 23.772788
31.747853 20.176813 23.772788
-2.077999 20.786789 23.089070
31.904001 20.786789 23.089070
-0.701728 18.253431 26.842382
33.280272 18.253431 26.842382
-1.600552 19.308572 27.572995
32.381448 19.308572 27.572995
-2.168052 17.883028 27.251865
31.813948 17.883028 27.251865
-1.533778 20.096615 24.948225
32.448222 20.096615 24.948225
23.772788 20.176813 -2.234147
23.772788 20.176813 31.747853
23.089070 20.786789 -2.077999
23.089070 20.786789 31.904001
24.948225 20.096615 -1.533778
24.948225 20.096615 32.448222
23.772788 -3.185813 19.225147
23.772788 30.796187 19.225147
23.089070 -3.795789 19.068999
23.089070 30.186211 19.068999
24.948225 -3.105615 18.524778
24.948225 30.876385 18.524778
-3.185813 27.200212 -2.234147
-3.185813 27.200212 31.747853
30.796187 27.200212 -2.234147
30.796187 27.200212 31.747853
-3.795789 27.883930 -2.077999
-3.795789 27.883930 31.904001
30.186211 27.883930 -2.077999
30.186211 27.883930 31.904001
-3.105615 26.024775 -1.533778
-3.105615 26.024775 32.448222
30.876385 26.024775 -1.533778
30.876385 26.024775 32.448222
27.200212 20.176813 19.225147
27.883930 20.786789 19.068999
24.130618 18.253431 17.692728
23.400005 19.308572 18.591552
23.721135 17.883028 19.159052
26.024775 20.096615 18.524778
20.176813 23.772788 -2.234147
20.176813 23.772788 31.747853
20.786789 23.089070 -2.077999
20.786789 23.089070 31.904001
20.096615 24.948225 -1.533778
20.096615 24.948225 32.448222
27.200212 -3.185813 -2.234147
27.200212 -3.185813 31.747853
27.200212 30.796187 -2.234147
27.200212 30.796187 31.747853
27.883930 -3.795789 -2.077999
27.883930 -3.795789 31.904001
27.883930 30.186211 -2.077999
27.883930 30.186211 31.904001
26.024775 -3.105615 -1.533778
26.024775 -3.105615 32.448222
26.024775 30.876385 -1.533778
26.024775 30.876385 32.448222
-3.185813 23.772788 19.225147
30.796187 23.772788 19.225147
-3.795789 23.089070 19.068999
30.186211 23.089070 19.068999
-3.105615 24.948225 18.524778
30.876385 24.948225 18.524778
20.176813 27.200212 19.225147
20.786789 27.883930 19.068999
20.096615 26.024775 18.524778
27.089194 -1.433393 27.089194
27.089194 32.548607 27.089194
27.876835 -2.342912 26.887375
27.876835 31.639088 26.887375
25.897915 -1.602092 26.887375
25.897915 32.379908 26.887375
18.593694 18.593694 24.053107
19.138948 17.644803 23.513998
17.644803 19.138948 23.513998
18.424393 27.089194 23.883806
19.333912 27.876835 24.085625
18.593092 25.897915 24.085625
23.883806 18.424393 27.089194
23.096165 19.333912 26.887375
25.075085 18.593092 26.887375
18.593694 26.919893 -1.602694
18.593694 26.919893 32.379306
17.402415 27.088592 -1.400875
17.402415 27.088592 32.581125
19.381335 27.829412 -1.400875
19.381335 27.829412 32.581125
23.883806 -1.433393 23.883806
23.883806 32.548607 23.883806
25.075085 -1.602092 24.085625
25.075085 32.379908 24.085625
23.096165 -2.342912 24.085625
23.096165 31.639088 24.085625
26.919893 18.593694 -1.602694
26.919893 18.593694 32.379306
27.829412 19.381335 -1.400875
27.829412 19.381335 32.581125
27.088592 17.402415 -1.400875
27.088592 17.402415 32.581125
18.593694 -1.602694 26.919893
18.593694 32.379306 26.919893
17.644803 -2.147948 27.459002
17.644803 31.834052 27.459002
19.138948 -0.653803 27.459002
19.138948 33.328197 27.459002
26.919893 -1.602694 18.593694
26.919893 32.379306 18.593694
27.088592 -0.411415 18.391875
27.088592 33.570585 18.391875
27.829412 -2.390335 18.391875
27.829412 31.591665 18.391875
-1.433393 23.883806 23.883806
32.548607 23.883806 23.883806
-2.342912 23.096165 24.085625
31.639088 23.096165 24.085625
-1.602092 25.075085 24.085625
32.379908 25.075085 24.085625
23.883806 23.883806 -1.433393
23.883806 23.883806 32.548607
23.338552 24.832697 -1.972502
23.338552 24.832697 32.009498
24.832697 23.338552 -1.972502
24.832697 23.338552 32.009498
27.089194 27.089194 -1.433393
27.089194 27.089194 32.548607
27.634448 26.140303 -1.972502
27.634448 26.140303 32.009498
26.140303 27.634448 -1.972502
26.140303 27.634448 32.009498
LINES 4506 13518
2 0 486
2 0 1050
2 0 1246
2 1 487
2 1 1051
2 1 1247
2 2 3
2 2 4
2 2 206
2 4 1045
2 4 1052
2 5 22
2 5 238
2 5 1050
2 5 1317
2 6 23
2 6 239
2 6 1051
2 6 1318
2 7 480
2 7 2090
2 7 2233
2 8 481
2 8 2091
2 8 2234
2 9 10
2 9 12
2 9 159
2 12 2083
2 12 2092
2 13 31
2 13 268
2 13 2090
2 13 2314
2 14 269
2 14 2315
2 15 32
2 15 270
2 15 2091
2 15 2316
2 16 271
2 16 2317
2 17 465
2 17 1067
2 17 1250
2 18 20
2 18 22
2 18 210
2 19 21
2 19 23
2 19 211
2 22 1063
2 23 1064
2 24 519
2 24 2106
2 24 2274
2 25 27
2 25 31
2 25 198
2 26 29
2 26 32
2 26 199
2 31 2101
2 32 2102
2 33 498
2 33 1082
2 33 1213
2 34 36
2 34 40
2 34 172
2 35 38
2 35 41
2 35 173
2 40 42
2 40 1077
2 41 44
2 41 1078
2 42 304
2 42 1106
2 42 1357
2 43 305
2 43 1358
2 44 306
2 44 1107
2 44 1359
2 45 307
2 45 1360
2 46 51
2 46 2126
2 46 2262
2 47 49
2 47 52
2 47 184
2 48 50
2 48 53
2 48 185
2 51 188
2 51 189
2 51 190
2 52 54
2 52 2120
2 53 55
2 53 2121
2 54 314
2 54 2151
2 54 2364
2 55 315
2 55 2152
2 55 2365
2 56 61
2 56 1106
2 56 1231
2 57 62
2 57 1107
2 57 1232
2 58 59
2 58 69
2 58 193
2 61 63
2 61 65
2 61 67
2 62 64
2 62 66
2 62 68
2 69 1083
2 69 1095
2 70 74
2 70 2151
2 70 2242
2 71 75
2 71 2152
2 71 2243
2 72 73
2 72 82
2 72 164
2 74 76
2 74 78
2 74 80
2 75 77
2 75 79
2 75 81
2 82 2127
2 82 2142
2 83 87
2 83 617
2 83 658
2 84 88
2 84 618
2 84 659
2 85 86
2 85 89
2 85 132
2 87 135
2 87 137
2 87 139
2 88 136
2 88 138
2 88 140
2 89 611
2 89 619
2 90 130
2 90 451
2 90 617
2 90 926
2 91 131
2 91 452
2 91 618
2 91 927
2 92 522
2 92 625
2 92 663
2 93 95
2 93 99
2 93 142
2 94 96
2 94 100
2 94 143
2 99 101
2 99 620
2 100 102
2 100 621
2 101 434
2 101 658
2 101 915
2 102 435
2 102 659
2 102 916
2 103 436
2 103 917
2 104 437
2 104 918
2 105 110
2 105 636
2 105 671
2 106 111
2 106 637
2 106 672
2 107 108
2 107 112
2 107 150
2 110 152
2 110 154
2 110 156
2 111 153
2 111 155
2 111 157
2 112 628
2 112 638
2 113 148
2 113 461
2 113 636
2 113 948
2 114 149
2 114 462
2 114 637
2 114 949
2 115 463
2 115 950
2 116 464
2 116 951
2 117 525
2 117 644
2 117 648
2 118 120
2 118 122
2 118 126
2 119 121
2 119 123
2 119 127
2 122 124
2 122 640
2 123 125
2 123 641
2 124 409
2 124 671
2 124 956
2 125 410
2 125 672
2 125 957
2 126 128
2 126 130
2 127 129
2 127 131
2 130 640
2 131 641
2 132 133
2 132 141
2 141 611
2 141 626
2 142 144
2 142 148
2 143 145
2 143 149
2 148 620
2 149 621
2 150 151
2 150 158
2 158 628
2 158 645
2 159 160
2 159 161
2 161 2083
2 161 2235
2 162 191
2 162 382
2 162 2233
2 162 2416
2 163 192
2 163 383
2 163 2234
2 163 2417
2 164 165
2 164 167
2 167 2142
2 167 2244
2 168 204
2 168 362
2 168 2242
2 168 2481
2 169 363
2 169 2482
2 170 205
2 170 364
2 170 2243
2 170 2483
2 171 365
2 171 2484
2 172 174
2 172 178
2 173 175
2 173 179
2 178 180
2 178 1077
2 179 181
2 179 1078
2 180 374
2 180 1246
2 180 1373
2 181 375
2 181 1247
2 181 1374
2 182 376
2 182 1375
2 183 377
2 183 1376
2 184 186
2 184 191
2 185 187
2 185 192
2 191 2120
2 192 2121
2 193 194
2 193 195
2 195 1095
2 195 1233
2 196 214
2 196 348
2 196 1231
2 196 1428
2 197 215
2 197 349
2 197 1232
2 197 1429
2 198 200
2 198 204
2 199 202
2 199 205
2 204 2101
2 205 2102
2 206 207
2 206 209
2 209 1045
2 209 1214
2 210 212
2 210 214
2 211 213
2 211 215
2 214 1063
2 215 1064
2 216 222
2 216 230
2 216 451
2 217 223
2 217 231
2 217 452
2 218 220
2 218 230
2 218 447
2 219 221
2 219 231
2 219 448
2 222 224
2 222 226
2 222 228
2 223 225
2 223 227
2 223 229
2 230 2092
2 231 2093
2 232 238
2 232 403
2 232 501
2 233 239
2 233 404
2 233 502
2 234 236
2 234 238
2 234 399
2 235 237
2 235 239
2 235 400
2 240 252
2 240 268
2 240 461
2 241 253
2 241 269
2 241 462
2 242 254
2 242 270
2 242 463
2 243 255
2 243 271
2 243 464
2 244 248
2 244 268
2 244 453
2 245 249
2 245 269
2 245 454
2 246 250
2 246 270
2 246 455
2 247 251
2 247 271
2 247 456
2 252 256
2 252 260
2 252 264
2 253 257
2 253 261
2 253 265
2 254 258
2 254 262
2 254 266
2 255 259
2 255 263
2 255 267
2 272 275
2 272 279
2 272 446
2 273 274
2 273 279
2 273 444
2 275 276
2 275 277
2 275 278
2 279 1052
2 280 283
2 280 287
2 280 413
2 281 282
2 281 287
2 281 411
2 283 284
2 283 285
2 283 286
2 287 2127
2 288 300
2 288 304
2 288 434
2 289 301
2 289 305
2 289 435
2 290 302
2 290 306
2 290 436
2 291 303
2 291 307
2 291 437
2 292 296
2 292 304
2 292 414
2 293 297
2 293 305
2 293 415
2 294 298
2 294 306
2 294 416
2 295 299
2 295 307
2 295 417
2 300 422
2 300 426
2 300 430
2 301 423
2 301 427
2 301 431
2 302 424
2 302 428
2 302 432
2 303 425
2 303 429
2 303 433
2 308 314
2 308 442
2 308 492
2 309 315
2 309 443
2 309 493
2 310 312
2 310 314
2 310 438
2 311 313
2 311 315
2 311 439
2 316 322
2 316 409
2 316 513
2 317 323
2 317 410
2 317 514
2 318 320
2 318 322
2 318 405
2 319 321
2 319 323
2 319 406
2 322 1083
2 323 1084
2 324 330
2 324 382
2 324 507
2 325 331
2 325 383
2 325 508
2 326 328
2 326 330
2 326 378
2 327 329
2 327 331
2 327 379
2 330 1214
2 331 1215
2 332 335
2 332 339
2 332 386
2 333 334
2 333 339
2 333 384
2 335 336
2 335 337
2 335 338
2 339 2235
2 340 346
2 340 348
2 340 397
2 341 347
2 341 349
2 341 398
2 342 344
2 342 348
2 342 387
2 343 345
2 343 349
2 343 388
2 346 391
2 346 393
2 346 395
2 347 392
2 347 394
2 347 396
2 350 362
2 350 374
2 350 468
2 351 363
2 351 375
2 351 469
2 352 364
2 352 376
2 352 470
2 353 365
2 353 377
2 353 471
2 354 358
2 354 362
2 354 366
2 355 359
2 355 363
2 355 367
2 356 360
2 356 364
2 356 368
2 357 361
2 357 365
2 357 369
2 366 370
2 366 374
2 367 371
2 367 375
2 368 372
2 368 376
2 369 373
2 369 377
2 378 380
2 378 382
2 379 381
2 379 383
2 384 385
2 384 386
2 386 1233
2 387 389
2 387 397
2 388 390
2 388 398
2 397 2244
2 398 2245
2 399 401
2 399 403
2 400 402
2 400 404
2 403 626
2 404 627
2 405 407
2 405 409
2 406 408
2 406 410
2 411 412
2 411 413
2 413 619
2 414 418
2 414 434
2 415 419
2 415 435
2 416 420
2 416 436
2 417 421
2 417 437
2 438 440
2 438 442
2 439 441
2 439 443
2 442 638
2 443 639
2 444 445
2 444 446
2 446 645
2 447 449
2 447 451
2 448 450
2 448 452
2 453 457
2 453 461
2 454 458
2 454 462
2 455 459
2 455 463
2 456 460
2 456 464
2 465 466
2 465 467
2 468 472
2 468 476
2 469 473
2 469 477
2 470 474
2 470 478
2 471 475
2 471 479
2 480 482
2 480 484
2 481 483
2 481 485
2 486 488
2 486 490
2 487 489
2 487 491
2 492 494
2 492 496
2 493 495
2 493 497
2 498 499
2 498 500
2 501 503
2 501 505
2 502 504
2 502 506
2 507 509
2 507 511
2 508 510
2 508 512
2 513 515
2 513 517
2 514 516
2 514 518
2 519 520
2 519 521
2 522 523
2 522 524
2 525 526
2 525 527
2 528 988
2 528 1572
2 528 1752
2 529 989
2 529 1573
2 529 1753
2 530 532
2 530 533
2 530 720
2 533 1565
2 533 1575
2 534 750
2 534 1817
2 535 552
2 535 751
2 535 1572
2 535 1818
2 536 752
2 536 1819
2 537 553
2 537 753
2 537 1573
2 537 1820
2 538 982
2 538 2617
2 538 2745
2 539 983
2 539 2618
2 539 2746
2 540 541
2 540 542
2 540 673
2 542 2612
2 542 2619
2 543 559
2 543 768
2 543 2617
2 543 2812
2 544 560
2 544 769
2 544 2618
2 544 2813
2 545 967
2 545 1588
2 545 1756
2 546 549
2 546 552
2 546 724
2 547 551
2 547 553
2 547 725
2 552 1583
2 553 1584
2 554 1030
2 554 2633
2 554 2786
2 555 557
2 555 559
2 555 712
2 556 558
2 556 560
2 556 713
2 559 2629
2 560 2630
2 561 1006
2 561 1600
2 561 1719
2 562 564
2 562 566
2 562 686
2 563 565
2 563 567
2 563 687
2 566 568
2 566 1596
2 567 569
2 567 1597
2 568 810
2 568 1625
2 568 1864
2 569 811
2 569 1626
2 569 1865
2 570 577
2 570 2650
2 570 2774
2 571 574
2 571 578
2 571 698
2 572 576
2 572 579
2 572 699
2 577 702
2 577 703
2 577 704
2 578 581
2 578 2643
2 579 583
2 579 2644
2 580 824
2 580 2882
2 581 825
2 581 2677
2 581 2883
2 582 826
2 582 2884
2 583 827
2 583 2678
2 583 2885
2 584 588
2 584 1625
2 584 1737
2 585 589
2 585 1626
2 585 1738
2 586 587
2 586 596
2 586 707
2 588 590
2 588 592
2 588 594
2 589 591
2 589 593
2 589 595
2 596 1601
2 596 1616
2 597 602
2 597 2677
2 597 2754
2 598 603
2 598 2678
2 598 2755
2 599 601
2 599 610
2 599 678
2 602 604
2 602 606
2 602 608
2 603 605
2 603 607
2 603 609
2 610 2652
2 610 2666
2 611 616
2 612 614
2 612 617
2 612 649
2 613 615
2 613 618
2 613 650
2 616 655
2 616 656
2 616 657
2 619 648
2 619 960
2 620 1033
2 621 1034
2 622 623
2 622 625
2 622 660
2 625 626
2 626 938
2 627 939
2 628 635
2 629 631
2 629 636
2 629 664
2 630 632
2 630 637
2 630 665
2 635 668
2 635 669
2 635 670
2 638 663
2 638 965
2 639 966
2 640 1039
2 641 1040
2 642 643
2 642 644
2 642 646
2 644 645
2 645 921
2 646 647
2 646 648
2 649 651
2 649 658
2 650 652
2 650 659
2 660 661
2 660 663
2 664 666
2 664 671
2 665 667
2 665 672
2 673 674
2 673 675
2 675 2612
2 675 2747
2 676 705
2 676 890
2 676 2745
2 676 2926
2 677 706
2 677 891
2 677 2746
2 677 2927
2 678 679
2 678 681
2 681 2666
2 681 2756
2 682 718
2 682 870
2 682 2754
2 682 2991
2 683 871
2 683 2992
2 684 719
2 684 872
2 684 2755
2 684 2993
2 685 873
2 685 2994
2 686 688
2 686 692
2 687 689
2 687 693
2 692 694
2 692 1596
2 693 695
2 693 1597
2 694 882
2 694 1752
2 694 1878
2 695 883
2 695 1753
2 695 1879
2 696 884
2 696 1880
2 697 885
2 697 1881
2 698 700
2 698 705
2 699 701
2 699 706
2 705 2643
2 706 2644
2 707 708
2 707 709
2 709 1616
2 709 1739
2 710 728
2 710 856
2 710 1737
2 710 1933
2 711 729
2 711 857
2 711 1738
2 711 1934
2 712 714
2 712 718
2 713 716
2 713 719
2 718 2629
2 719 2630
2 720 721
2 720 723
2 723 1565
2 723 1720
2 724 726
2 724 728
2 725 727
2 725 729
2 728 1583
2 729 1584
2 730 733
2 730 737
2 730 960
2 731 732
2 731 737
2 731 958
2 733 734
2 733 735
2 733 736
2 737 2619
2 738 750
2 738 915
2 738 1009
2 739 751
2 739 916
2 739 1010
2 740 752
2 740 917
2 740 1011
2 741 753
2 741 918
2 741 1012
2 742 746
2 742 750
2 742 907
2 743 747
2 743 751
2 743 908
2 744 748
2 744 752
2 744 909
2 745 749
2 745 753
2 745 910
2 754 760
2 754 768
2 754 965
2 755 761
2 755 769
2 755 966
2 756 758
2 756 768
2 756 961
2 757 759
2 757 769
2 757 962
2 760 762
2 760 764
2 760 766
2 761 763
2 761 765
2 761 767
2 770 776
2 770 784
2 770 956
2 771 777
2 771 785
2 771 957
2 772 774
2 772 784
2 772 952
2 773 775
2 773 785
2 773 953
2 776 778
2 776 780
2 776 782
2 777 779
2 777 781
2 777 783
2 784 1574
2 785 1575
2 786 792
2 786 800
2 786 926
2 787 793
2 787 801
2 787 927
2 788 790
2 788 800
2 788 922
2 789 791
2 789 801
2 789 923
2 792 794
2 792 796
2 792 798
2 793 795
2 793 797
2 793 799
2 800 2651
2 801 2652
2 802 808
2 802 810
2 802 938
2 803 809
2 803 811
2 803 939
2 804 806
2 804 810
2 804 928
2 805 807
2 805 811
2 805 929
2 808 932
2 808 934
2 808 936
2 809 933
2 809 935
2 809 937
2 812 824
2 812 948
2 812 994
2 813 825
2 813 949
2 813 995
2 814 826
2 814 950
2 814 996
2 815 827
2 815 951
2 815 997
2 816 820
2 816 824
2 816 940
2 817 821
2 817 825
2 817 941
2 818 822
2 818 826
2 818 942
2 819 823
2 819 827
2 819 943
2 828 831
2 828 921
2 828 1027
2 829 830
2 829 831
2 829 919
2 831 1601
2 832 838
2 832 890
2 832 1021
2 833 839
2 833 891
2 833 1022
2 834 836
2 834 838
2 834 886
2 835 837
2 835 839
2 835 887
2 838 1720
2 839 1721
2 840 843
2 840 847
2 840 894
2 841 842
2 841 847
2 841 892
2 843 844
2 843 845
2 843 846
2 847 2747
2 848 854
2 848 856
2 848 905
2 849 855
2 849 857
2 849 906
2 850 852
2 850 856
2 850 895
2 851 853
2 851 857
2 851 896
2 854 899
2 854 901
2 854 903
2 855 900
2 855 902
2 855 904
2 858 870
2 858 882
2 858 970
2 859 871
2 859 883
2 859 971
2 860 872
2 860 884
2 860 972
2 861 873
2 861 885
2 861 973
2 862 866
2 862 870
2 862 874
2 863 867
2 863 871
2 863 875
2 864 868
2 864 872
2 864 876
2 865 869
2 865 873
2 865 877
2 874 878
2 874 882
2 875 879
2 875 883
2 876 880
2 876 884
2 877 881
2 877 885
2 886 888
2 886 890
2 887 889
2 887 891
2 892 893
2 892 894
2 894 1739
2 895 897
2 895 905
2 896 898
2 896 906
2 905 2756
2 906 2757
2 907 911
2 907 915
2 908 912
2 908 916
2 909 913
2 909 917
2 910 914
2 910 918
2 919 920
2 919 921
2 922 924
2 922 926
2 923 925
2 923 927
2 928 930
2 928 938
2 929 931
2 929 939
2 940 944
2 940 948
2 941 945
2 941 949
2 942 946
2 942 950
2 943 947
2 943 951
2 952 954
2 952 956
2 953 955
2 953 957
2 958 959
2 958 960
2 961 963
2 961 965
2 962 964
2 962 966
2 967 968
2 967 969
2 970 974
2 970 978
2 971 975
2 971 979
2 972 976
2 972 980
2 973 977
2 973 981
2 982 984
2 982 986
2 983 985
2 983 987
2 988 990
2 988 992
2 989 991
2 989 993
2 994 998
2 994 1002
2 995 999
2 995 1003
2 996 1000
2 996 1004
2 997 1001
2 997 1005
2 1006 1007
2 1006 1008
2 1009 1013
2 1009 1017
2 1010 1014
2 1010 1018
2 1011 1015
2 1011 1019
2 1012 1016
2 1012 1020
2 1021 1023
2 1021 1025
2 1022 1024
2 1022 1026
2 1027 1028
2 1027 1029
2 1030 1031
2 1030 1032
2 1033 1035
2 1033 1037
2 1034 1036
2 1034 1038
2 1039 1041
2 1039 1043
2 1040 1042
2 1040 1044
2 1045 1514
2 1046 1048
2 1046 1050
2 1046 1240
2 1047 1049
2 1047 1051
2 1047 1241
2 1052 1067
2 1052 1270
2 1053 1508
2 1053 3133
2 1053 3270
2 1054 1509
2 1054 3134
2 1054 3271
2 1055 1056
2 1055 1058
2 1055 1197
2 1058 3126
2 1058 3135
2 1059 1075
2 1059 1299
2 1059 3133
2 1059 3346
2 1060 1300
2 1060 3347
2 1061 1076
2 1061 1301
2 1061 3134
2 1061 3348
2 1062 1302
2 1062 3349
2 1063 1496
2 1064 1497
2 1065 1066
2 1065 1067
2 1065 1248
2 1068 1556
2 1068 3147
2 1068 3307
2 1069 1071
2 1069 1075
2 1069 1234
2 1070 1073
2 1070 1076
2 1070 1235
2 1075 3142
2 1076 3143
2 1077 1523
2 1078 1524
2 1079 1080
2 1079 1082
2 1079 1210
2 1082 1083
2 1083 1335
2 1084 1336
2 1085 1090
2 1085 3162
2 1085 3294
2 1086 1088
2 1086 1091
2 1086 1216
2 1087 1089
2 1087 1092
2 1087 1217
2 1090 1222
2 1090 1223
2 1090 1224
2 1091 1093
2 1091 3156
2 1092 1094
2 1092 3157
2 1093 1343
2 1093 3186
2 1093 3400
2 1094 1344
2 1094 3187
2 1094 3401
2 1095 1102
2 1096 1098
2 1096 1106
2 1096 1227
2 1097 1100
2 1097 1107
2 1097 1228
2 1102 1103
2 1102 1104
2 1102 1105
2 1108 1112
2 1108 3186
2 1108 3278
2 1109 1113
2 1109 3187
2 1109 3279
2 1110 1111
2 1110 1120
2 1110 1205
2 1112 1114
2 1112 1116
2 1112 1118
2 1113 1115
2 1113 1117
2 1113 1119
2 1120 3163
2 1120 3177
2 1121 1125
2 1121 1647
2 1121 1686
2 1122 1126
2 1122 1648
2 1122 1687
2 1123 1124
2 1123 1127
2 1123 1170
2 1125 1172
2 1125 1174
2 1125 1176
2 1126 1173
2 1126 1175
2 1126 1177
2 1127 1641
2 1127 1649
2 1128 1168
2 1128 1482
2 1128 1647
2 1128 1957
2 1129 1169
2 1129 1483
2 1129 1648
2 1129 1958
2 1130 1559
2 1130 1654
2 1130 1691
2 1131 1133
2 1131 1135
2 1131 1179
2 1132 1134
2 1132 1136
2 1132 1180
2 1135 1137
2 1135 1650
2 1136 1138
2 1136 1651
2 1137 1464
2 1137 1686
2 1137 1945
2 1138 1465
2 1138 1687
2 1138 1946
2 1139 1144
2 1139 1664
2 1139 1701
2 1140 1145
2 1140 1665
2 1140 1702
2 1141 1142
2 1141 1146
2 1141 1187
2 1144 1190
2 1144 1192
2 1144 1194
2 1145 1191
2 1145 1193
2 1145 1195
2 1146 1656
2 1146 1666
2 1147 1185
2 1147 1492
2 1147 1664
2 1147 1973
2 1148 1186
2 1148 1493
2 1148 1665
2 1148 1974
2 1149 1494
2 1149 1975
2 1150 1495
2 1150 1976
2 1151 1562
2 1151 1673
2 1151 1678
2 1152 1156
2 1152 1158
2 1152 1164
2 1153 1157
2 1153 1159
2 1153 1165
2 1158 1162
2 1158 1668
2 1159 1163
2 1159 1669
2 1160 1447
2 1160 1985
2 1161 1448
2 1161 1986
2 1162 1449
2 1162 1701
2 1162 1987
2 1163 1450
2 1163 1702
2 1163 1988
2 1164 1166
2 1164 1168
2 1165 1167
2 1165 1169
2 1168 1668
2 1169 1669
2 1170 1171
2 1170 1178
2 1178 1641
2 1178 1655
2 1179 1181
2 1179 1185
2 1180 1182
2 1180 1186
2 1185 1650
2 1186 1651
2 1187 1189
2 1187 1196
2 1196 1656
2 1196 1675
2 1197 1199
2 1197 1200
2 1200 3126
2 1200 3273
2 1201 1420
2 1201 3468
2 1202 1225
2 1202 1421
2 1202 3270
2 1202 3469
2 1203 1422
2 1203 3470
2 1204 1226
2 1204 1423
2 1204 3271
2 1204 3471
2 1205 1206
2 1205 1207
2 1207 3177
2 1207 3280
2 1208 1238
2 1208 1404
2 1208 3278
2 1208 3517
2 1209 1239
2 1209 1405
2 1209 3279
2 1209 3518
2 1210 1211
2 1210 1213
2 1213 1214
2 1214 1410
2 1215 1411
2 1216 1219
2 1216 1225
2 1217 1221
2 1217 1226
2 1225 3156
2 1226 3157
2 1227 1229
2 1227 1231
2 1228 1230
2 1228 1232
2 1233 1250
2 1233 1397
2 1234 1236
2 1234 1238
2 1235 1237
2 1235 1239
2 1238 3142
2 1239 3143
2 1240 1242
2 1240 1246
2 1241 1243
2 1241 1247
2 1248 1249
2 1248 1250
2 1251 1257
2 1251 1265
2 1251 1482
2 1252 1258
2 1252 1266
2 1252 1483
2 1253 1255
2 1253 1265
2 1253 1478
2 1254 1256
2 1254 1266
2 1254 1479
2 1257 1259
2 1257 1261
2 1257 1263
2 1258 1260
2 1258 1262
2 1258 1264
2 1265 3135
2 1266 3136
2 1267 1270
2 1267 1438
2 1267 1529
2 1268 1269
2 1268 1270
2 1268 1436
2 1271 1283
2 1271 1299
2 1271 1492
2 1272 1284
2 1272 1300
2 1272 1493
2 1273 1285
2 1273 1301
2 1273 1494
2 1274 1286
2 1274 1302
2 1274 1495
2 1275 1279
2 1275 1299
2 1275 1484
2 1276 1280
2 1276 1300
2 1276 1485
2 1277 1281
2 1277 1301
2 1277 1486
2 1278 1282
2 1278 1302
2 1278 1487
2 1283 1287
2 1283 1291
2 1283 1295
2 1284 1288
2 1284 1292
2 1284 1296
2 1285 1289
2 1285 1293
2 1285 1297
2 1286 1290
2 1286 1294
2 1286 1298
2 1303 1309
2 1303 1317
2 1303 1476
2 1304 1310
2 1304 1318
2 1304 1477
2 1305 1307
2 1305 1317
2 1305 1472
2 1306 1308
2 1306 1318
2 1306 1473
2 1309 1311
2 1309 1313
2 1309 1315
2 1310 1312
2 1310 1314
2 1310 1316
2 1319 1322
2 1319 1326
2 1319 1453
2 1320 1321
2 1320 1326
2 1320 1451
2 1322 1323
2 1322 1324
2 1322 1325
2 1326 3163
2 1327 1333
2 1327 1335
2 1327 1464
2 1328 1334
2 1328 1336
2 1328 1465
2 1329 1331
2 1329 1335
2 1329 1454
2 1330 1332
2 1330 1336
2 1330 1455
2 1333 1458
2 1333 1460
2 1333 1462
2 1334 1459
2 1334 1461
2 1334 1463
2 1337 1343
2 1337 1470
2 1337 1517
2 1338 1344
2 1338 1471
2 1338 1518
2 1339 1341
2 1339 1343
2 1339 1466
2 1340 1342
2 1340 1344
2 1340 1467
2 1345 1357
2 1345 1447
2 1345 1544
2 1346 1358
2 1346 1448
2 1346 1545
2 1347 1359
2 1347 1449
2 1347 1546
2 1348 1360
2 1348 1450
2 1348 1547
2 1349 1353
2 1349 1357
2 1349 1439
2 1350 1354
2 1350 1358
2 1350 1440
2 1351 1355
2 1351 1359
2 1351 1441
2 1352 1356
2 1352 1360
2 1352 1442
2 1361 1373
2 1361 1420
2 1361 1532
2 1362 1374
2 1362 1421
2 1362 1533
2 1363 1375
2 1363 1422
2 1363 1534
2 1364 1376
2 1364 1423
2 1364 1535
2 1365 1369
2 1365 1373
2 1365 1412
2 1366 1370
2 1366 1374
2 1366 1413
2 1367 1371
2 1367 1375
2 1367 1414
2 1368 1372
2 1368 1376
2 1368 1415
2 1377 1383
2 1377 1391
2 1377 1428
2 1378 1384
2 1378 1392
2 1378 1429
2 1379 1381
2 1379 1391
2 1379 1424
2 1380 1382
2 1380 1392
2 1380 1425
2 1383 1385
2 1383 1387
2 1383 1389
2 1384 1386
2 1384 1388
2 1384 1390
2 1391 3272
2 1392 3273
2 1393 1396
2 1393 1397
2 1393 1435
2 1394 1395
2 1394 1397
2 1394 1430
2 1396 1432
2 1396 1433
2 1396 1434
2 1398 1404
2 1398 1410
2 1398 1502
2 1399 1405
2 1399 1411
2 1399 1503
2 1400 1402
2 1400 1404
2 1400 1406
2 1401 1403
2 1401 1405
2 1401 1407
2 1406 1408
2 1406 1410
2 1407 1409
2 1407 1411
2 1412 1416
2 1412 1420
2 1413 1417
2 1413 1421
2 1414 1418
2 1414 1422
2 1415 1419
2 1415 1423
2 1424 1426
2 1424 1428
2 1425 1427
2 1425 1429
2 1430 1431
2 1430 1435
2 1435 3280
2 1436 1437
2 1436 1438
2 1438 1655
2 1439 1443
2 1439 1447
2 1440 1444
2 1440 1448
2 1441 1445
2 1441 1449
2 1442 1446
2 1442 1450
2 1451 1452
2 1451 1453
2 1453 1649
2 1454 1456
2 1454 1464
2 1455 1457
2 1455 1465
2 1466 1468
2 1466 1470
2 1467 1469
2 1467 1471
2 1470 1666
2 1471 1667
2 1472 1474
2 1472 1476
2 1473 1475
2 1473 1477
2 1476 1674
2 1477 1675
2 1478 1480
2 1478 1482
2 1479 1481
2 1479 1483
2 1484 1488
2 1484 1492
2 1485 1489
2 1485 1493
2 1486 1490
2 1486 1494
2 1487 1491
2 1487 1495
2 1496 1498
2 1496 1500
2 1497 1499
2 1497 1501
2 1502 1504
2 1502 1506
2 1503 1505
2 1503 1507
2 1508 1510
2 1508 1512
2 1509 1511
2 1509 1513
2 1514 1515
2 1514 1516
2 1517 1519
2 1517 1521
2 1518 1520
2 1518 1522
2 1523 1525
2 1523 1527
2 1524 1526
2 1524 1528
2 1529 1530
2 1529 1531
2 1532 1536
2 1532 1540
2 1533 1537
2 1533 1541
2 1534 1538
2 1534 1542
2 1535 1539
2 1535 1543
2 1544 1548
2 1544 1552
2 1545 1549
2 1545 1553
2 1546 1550
2 1546 1554
2 1547 1551
2 1547 1555
2 1556 1557
2 1556 1558
2 1559 1560
2 1559 1561
2 1562 1563
2 1562 1564
2 1565 2016
2 1566 1569
2 1566 1572
2 1566 1746
2 1567 1571
2 1567 1573
2 1567 1747
2 1574 1771
2 1575 1588
2 1575 1772
2 1576 2010
2 1576 3652
2 1576 3774
2 1577 2011
2 1577 3653
2 1577 3775
2 1578 1579
2 1578 1580
2 1578 1703
2 1580 3647
2 1580 3654
2 1581 1594
2 1581 1787
2 1581 3652
2 1581 3836
2 1582 1595
2 1582 1788
2 1582 3653
2 1582 3837
2 1583 1998
2 1584 1999
2 1585 1587
2 1585 1588
2 1585 1754
2 1589 2061
2 1589 3665
2 1589 3811
2 1590 1592
2 1590 1594
2 1590 1740
2 1591 1593
2 1591 1595
2 1591 1741
2 1594 3661
2 1595 3662
2 1596 2031
2 1597 2032
2 1598 1599
2 1598 1600
2 1598 1716
2 1600 1601
2 1601 1841
2 1602 1609
2 1602 3679
2 1602 3798
2 1603 1606
2 1603 1610
2 1603 1722
2 1604 1608
2 1604 1611
2 1604 1723
2 1609 1728
2 1609 1729
2 1609 1730
2 1610 1613
2 1610 3672
2 1611 1615
2 1611 3673
2 1612 1854
2 1612 3914
2 1613 1855
2 1613 3704
2 1613 3915
2 1614 1856
2 1614 3916
2 1615 1857
2 1615 3705
2 1615 3917
2 1616 1621
2 1617 1619
2 1617 1625
2 1617 1733
2 1618 1620
2 1618 1626
2 1618 1734
2 1621 1622
2 1621 1623
2 1621 1624
2 1627 1632
2 1627 3704
2 1627 3782
2 1628 1633
2 1628 3705
2 1628 3783
2 1629 1631
2 1629 1640
2 1629 1711
2 1632 1634
2 1632 1636
2 1632 1638
2 1633 1635
2 1633 1637
2 1633 1639
2 1640 3681
2 1640 3693
2 1641 1646
2 1642 1644
2 1642 1647
2 1642 1679
2 1643 1645
2 1643 1648
2 1643 1680
2 1646 1683
2 1646 1684
2 1646 1685
2 1649 1678
2 1649 1991
2 1650 2064
2 1651 2065
2 1652 1653
2 1652 1654
2 1652 1688
2 1654 1655
2 1655 1964
2 1656 1663
2 1657 1659
2 1657 1664
2 1657 1692
2 1658 1660
2 1658 1665
2 1658 1693
2 1663 1698
2 1663 1699
2 1663 1700
2 1666 1691
2 1666 1996
2 1667 1997
2 1668 2070
2 1669 2071
2 1670 1672
2 1670 1673
2 1670 1676
2 1673 1675
2 1674 1951
2 1675 1952
2 1676 1677
2 1676 1678
2 1679 1681
2 1679 1686
2 1680 1682
2 1680 1687
2 1688 1689
2 1688 1691
2 1692 1696
2 1692 1701
2 1693 1697
2 1693 1702
2 1703 1705
2 1703 1706
2 1706 3647
2 1706 3777
2 1707 1925
2 1707 3975
2 1708 1731
2 1708 1926
2 1708 3774
2 1708 3976
2 1709 1927
2 1709 3977
2 1710 1732
2 1710 1928
2 1710 3775
2 1710 3978
2 1711 1712
2 1711 1713
2 1713 3693
2 1713 3784
2 1714 1744
2 1714 1909
2 1714 3782
2 1714 4024
2 1715 1745
2 1715 1910
2 1715 3783
2 1715 4025
2 1716 1717
2 1716 1719
2 1719 1720
2 1720 1915
2 1721 1916
2 1722 1725
2 1722 1731
2 1723 1727
2 1723 1732
2 1731 3672
2 1732 3673
2 1733 1735
2 1733 1737
2 1734 1736
2 1734 1738
2 1739 1756
2 1739 1902
2 1740 1742
2 1740 1744
2 1741 1743
2 1741 1745
2 1744 3661
2 1745 3662
2 1746 1748
2 1746 1752
2 1747 1749
2 1747 1753
2 1754 1755
2 1754 1756
2 1757 1760
2 1757 1764
2 1757 1991
2 1758 1759
2 1758 1764
2 1758 1989
2 1760 1761
2 1760 1762
2 1760 1763
2 1764 3654
2 1765 1771
2 1765 1945
2 1765 2037
2 1766 1772
2 1766 1946
2 1766 2038
2 1767 1769
2 1767 1771
2 1767 1941
2 1768 1770
2 1768 1772
2 1768 1942
2 1773 1779
2 1773 1787
2 1773 1996
2 1774 1780
2 1774 1788
2 1774 1997
2 1775 1777
2 1775 1787
2 1775 1992
2 1776 1778
2 1776 1788
2 1776 1993
2 1779 1781
2 1779 1783
2 1779 1785
2 1780 1782
2 1780 1784
2 1780 1786
2 1789 1801
2 1789 1817
2 1789 1985
2 1790 1802
2 1790 1818
2 1790 1986
2 1791 1803
2 1791 1819
2 1791 1987
2 1792 1804
2 1792 1820
2 1792 1988
2 1793 1797
2 1793 1817
2 1793 1977
2 1794 1798
2 1794 1818
2 1794 1978
2 1795 1799
2 1795 1819
2 1795 1979
2 1796 1800
2 1796 1820
2 1796 1980
2 1801 1805
2 1801 1809
2 1801 1813
2 1802 1806
2 1802 1810
2 1802 1814
2 1803 1807
2 1803 1811
2 1803 1815
2 1804 1808
2 1804 1812
2 1804 1816
2 1821 1827
2 1821 1835
2 1821 1957
2 1822 1828
2 1822 1836
2 1822 1958
2 1823 1825
2 1823 1835
2 1823 1953
2 1824 1826
2 1824 1836
2 1824 1954
2 1827 1829
2 1827 1831
2 1827 1833
2 1828 1830
2 1828 1832
2 1828 1834
2 1835 3680
2 1836 3681
2 1837 1840
2 1837 1841
2 1837 1964
2 1838 1839
2 1838 1841
2 1838 1959
2 1840 1961
2 1840 1962
2 1840 1963
2 1842 1854
2 1842 1973
2 1842 2019
2 1843 1855
2 1843 1974
2 1843 2020
2 1844 1856
2 1844 1975
2 1844 2021
2 1845 1857
2 1845 1976
2 1845 2022
2 1846 1850
2 1846 1854
2 1846 1965
2 1847 1851
2 1847 1855
2 1847 1966
2 1848 1852
2 1848 1856
2 1848 1967
2 1849 1853
2 1849 1857
2 1849 1968
2 1858 1864
2 1858 1951
2 1858 2055
2 1859 1865
2 1859 1952
2 1859 2056
2 1860 1862
2 1860 1864
2 1860 1947
2 1861 1863
2 1861 1865
2 1861 1948
2 1866 1878
2 1866 1925
2 1866 2043
2 1867 1879
2 1867 1926
2 1867 2044
2 1868 1880
2 1868 1927
2 1868 2045
2 1869 1881
2 1869 1928
2 1869 2046
2 1870 1874
2 1870 1878
2 1870 1917
2 1871 1875
2 1871 1879
2 1871 1918
2 1872 1876
2 1872 1880
2 1872 1919
2 1873 1877
2 1873 1881
2 1873 1920
2 1882 1888
2 1882 1896
2 1882 1933
2 1883 1889
2 1883 1897
2 1883 1934
2 1884 1886
2 1884 1896
2 1884 1929
2 1885 1887
2 1885 1897
2 1885 1930
2 1888 1890
2 1888 1892
2 1888 1894
2 1889 1891
2 1889 1893
2 1889 1895
2 1896 3776
2 1897 3777
2 1898 1901
2 1898 1902
2 1898 1940
2 1899 1900
2 1899 1902
2 1899 1935
2 1901 1937
2 1901 1938
2 1901 1939
2 1903 1909
2 1903 1915
2 1903 2004
2 1904 1910
2 1904 1916
2 1904 2005
2 1905 1907
2 1905 1909
2 1905 1911
2 1906 1908
2 1906 1910
2 1906 1912
2 1911 1913
2 1911 1915
2 1912 1914
2 1912 1916
2 1917 1921
2 1917 1925
2 1918 1922
2 1918 1926
2 1919 1923
2 1919 1927
2 1920 1924
2 1920 1928
2 1929 1931
2 1929 1933
2 1930 1932
2 1930 1934
2 1935 1936
2 1935 1940
2 1940 3784
2 1941 1943
2 1941 1945
2 1942 1944
2 1942 1946
2 1947 1949
2 1947 1951
2 1948 1950
2 1948 1952
2 1953 1955
2 1953 1957
2 1954 1956
2 1954 1958
2 1959 1960
2 1959 1964
2 1965 1969
2 1965 1973
2 1966 1970
2 1966 1974
2 1967 1971
2 1967 1975
2 1968 1972
2 1968 1976
2 1977 1981
2 1977 1985
2 1978 1982
2 1978 1986
2 1979 1983
2 1979 1987
2 1980 1984
2 1980 1988
2 1989 1990
2 1989 1991
2 1992 1994
2 1992 1996
2 1993 1995
2 1993 1997
2 1998 2000
2 1998 2002
2 1999 2001
2 1999 2003
2 2004 2006
2 2004 2008
2 2005 2007
2 2005 2009
2 2010 2012
2 2010 2014
2 2011 2013
2 2011 2015
2 2016 2017
2 2016 2018
2 2019 2023
2 2019 2027
2 2020 2024
2 2020 2028
2 2021 2025
2 2021 2029
2 2022 2026
2 2022 2030
2 2031 2033
2 2031 2035
2 2032 2034
2 2032 2036
2 2037 2039
2 2037 2041
2 2038 2040
2 2038 2042
2 2043 2047
2 2043 2051
2 2044 2048
2 2044 2052
2 2045 2049
2 2045 2053
2 2046 2050
2 2046 2054
2 2055 2057
2 2055 2059
2 2056 2058
2 2056 2060
2 2061 2062
2 2061 2063
2 2064 2066
2 2064 2068
2 2065 2067
2 2065 2069
2 2070 2072
2 2070 2074
2 2071 2073
2 2071 2075
2 2076 2563
2 2076 3123
2 2076 3312
2 2077 2564
2 2077 3124
2 2077 3313
2 2078 2079
2 2078 2080
2 2078 2275
2 2080 3118
2 2080 3125
2 2081 2099
2 2081 2324
2 2081 3123
2 2081 3384
2 2082 2100
2 2082 2325
2 2082 3124
2 2082 3385
2 2083 2560
2 2084 2086
2 2084 2090
2 2084 2229
2 2085 2088
2 2085 2091
2 2085 2230
2 2092 2106
2 2092 2340
2 2093 2341
2 2094 2551
2 2094 3141
2 2094 3317
2 2095 2097
2 2095 2099
2 2095 2278
2 2096 2098
2 2096 2100
2 2096 2279
2 2099 3137
2 2100 3138
2 2101 2590
2 2102 2591
2 2103 2104
2 2103 2106
2 2103 2271
2 2107 2572
2 2107 3153
2 2107 3283
2 2108 2110
2 2108 2114
2 2108 2246
2 2109 2112
2 2109 2115
2 2109 2247
2 2114 2116
2 2114 3148
2 2115 2118
2 2115 3149
2 2116 2382
2 2116 3175
2 2116 3428
2 2117 2383
2 2117 3429
2 2118 2384
2 2118 3176
2 2118 3430
2 2119 2385
2 2119 3431
2 2120 2124
2 2121 2125
2 2122 2123
2 2122 2126
2 2122 2254
2 2124 2256
2 2124 2258
2 2124 2260
2 2125 2257
2 2125 2259
2 2125 2261
2 2126 2127
2 2127 2389
2 2128 2133
2 2128 3175
2 2128 3301
2 2129 2134
2 2129 3176
2 2129 3302
2 2130 2131
2 2130 2141
2 2130 2263
2 2133 2135
2 2133 2137
2 2133 2139
2 2134 2136
2 2134 2138
2 2134 2140
2 2141 3154
2 2141 3164
2 2142 2147
2 2143 2145
2 2143 2151
2 2143 2236
2 2144 2146
2 2144 2152
2 2144 2237
2 2147 2148
2 2147 2149
2 2147 2150
2 2153 2158
2 2153 2687
2 2153 2727
2 2154 2159
2 2154 2688
2 2154 2728
2 2155 2157
2 2155 2160
2 2155 2204
2 2158 2207
2 2158 2209
2 2158 2211
2 2159 2208
2 2159 2210
2 2159 2212
2 2160 2679
2 2160 2690
2 2161 2541
2 2161 3018
2 2162 2542
2 2162 3019
2 2163 2202
2 2163 2543
2 2163 2687
2 2163 3020
2 2164 2203
2 2164 2544
2 2164 2688
2 2164 3021
2 2165 2596
2 2165 2696
2 2165 2731
2 2166 2168
2 2166 2172
2 2166 2214
2 2167 2169
2 2167 2173
2 2167 2215
2 2172 2174
2 2172 2691
2 2173 2175
2 2173 2692
2 2174 2523
2 2174 2727
2 2174 3003
2 2175 2524
2 2175 2728
2 2175 3004
2 2176 2525
2 2176 3005
2 2177 2526
2 2177 3006
2 2178 2182
2 2178 2705
2 2178 2739
2 2179 2183
2 2179 2706
2 2179 2740
2 2180 2181
2 2180 2184
2 2180 2220
2 2182 2222
2 2182 2224
2 2182 2226
2 2183 2223
2 2183 2225
2 2183 2227
2 2184 2699
2 2184 2707
2 2185 2218
2 2185 2549
2 2185 2705
2 2185 3038
2 2186 2219
2 2186 2550
2 2186 2706
2 2186 3039
2 2187 2599
2 2187 2712
2 2187 2717
2 2188 2190
2 2188 2192
2 2188 2196
2 2189 2191
2 2189 2193
2 2189 2197
2 2192 2194
2 2192 2708
2 2193 2195
2 2193 2709
2 2194 2495
2 2194 2739
2 2194 3044
2 2195 2496
2 2195 2740
2 2195 3045
2 2196 2200
2 2196 2202
2 2197 2201
2 2197 2203
2 2202 2708
2 2203 2709
2 2204 2205
2 2204 2213
2 2213 2679
2 2213 2697
2 2214 2216
2 2214 2218
2 2215 2217
2 2215 2219
2 2218 2691
2 2219 2692
2 2220 2221
2 2220 2228
2 2228 2699
2 2228 2713
2 2229 2231
2 2229 2233
2 2230 2232
2 2230 2234
2 2235 2262
2 2235 2454
2 2236 2238
2 2236 2242
2 2237 2240
2 2237 2243
2 2244 2274
2 2244 2444
2 2245 2445
2 2246 2248
2 2246 2250
2 2247 2249
2 2247 2251
2 2250 2252
2 2250 3148
2 2251 2253
2 2251 3149
2 2252 2450
2 2252 3312
2 2252 3438
2 2253 2451
2 2253 3313
2 2253 3439
2 2254 2255
2 2254 2262
2 2263 2265
2 2263 2266
2 2266 3164
2 2266 3304
2 2267 2434
2 2267 3503
2 2268 2435
2 2268 3504
2 2269 2284
2 2269 2436
2 2269 3301
2 2269 3505
2 2270 2285
2 2270 2437
2 2270 3302
2 2270 3506
2 2271 2272
2 2271 2274
2 2275 2276
2 2275 2277
2 2277 3118
2 2277 3284
2 2278 2282
2 2278 2284
2 2279 2283
2 2279 2285
2 2284 3137
2 2285 3138
2 2286 2298
2 2286 2314
2 2286 2541
2 2287 2299
2 2287 2315
2 2287 2542
2 2288 2300
2 2288 2316
2 2288 2543
2 2289 2301
2 2289 2317
2 2289 2544
2 2290 2294
2 2290 2314
2 2290 2533
2 2291 2295
2 2291 2315
2 2291 2534
2 2292 2296
2 2292 2316
2 2292 2535
2 2293 2297
2 2293 2317
2 2293 2536
2 2298 2302
2 2298 2306
2 2298 2310
2 2299 2303
2 2299 2307
2 2299 2311
2 2300 2304
2 2300 2308
2 2300 2312
2 2301 2305
2 2301 2309
2 2301 2313
2 2318 2324
2 2318 2489
2 2318 2575
2 2319 2325
2 2319 2490
2 2319 2576
2 2320 2322
2 2320 2324
2 2320 2485
2 2321 2323
2 2321 2325
2 2321 2486
2 2326 2332
2 2326 2340
2 2326 2549
2 2327 2333
2 2327 2341
2 2327 2550
2 2328 2330
2 2328 2340
2 2328 2545
2 2329 2331
2 2329 2341
2 2329 2546
2 2332 2334
2 2332 2336
2 2332 2338
2 2333 2335
2 2333 2337
2 2333 2339
2 2342 2345
2 2342 2349
2 2342 2532
2 2343 2344
2 2343 2349
2 2343 2530
2 2345 2346
2 2345 2347
2 2345 2348
2 2349 3125
2 2350 2356
2 2350 2364
2 2350 2501
2 2351 2357
2 2351 2365
2 2351 2502
2 2352 2354
2 2352 2364
2 2352 2497
2 2353 2355
2 2353 2365
2 2353 2498
2 2356 2358
2 2356 2360
2 2356 2362
2 2357 2359
2 2357 2361
2 2357 2363
2 2366 2378
2 2366 2382
2 2366 2523
2 2367 2379
2 2367 2383
2 2367 2524
2 2368 2380
2 2368 2384
2 2368 2525
2 2369 2381
2 2369 2385
2 2369 2526
2 2370 2374
2 2370 2382
2 2370 2503
2 2371 2375
2 2371 2383
2 2371 2504
2 2372 2376
2 2372 2384
2 2372 2505
2 2373 2377
2 2373 2385
2 2373 2506
2 2378 2511
2 2378 2515
2 2378 2519
2 2379 2512
2 2379 2516
2 2379 2520
2 2380 2513
2 2380 2517
2 2380 2521
2 2381 2514
2 2381 2518
2 2381 2522
2 2386 2389
2 2386 2529
2 2386 2569
2 2387 2388
2 2387 2389
2 2387 2527
2 2390 2396
2 2390 2495
2 2390 2584
2 2391 2397
2 2391 2496
2 2391 2585
2 2392 2394
2 2392 2396
2 2392 2491
2 2393 2395
2 2393 2397
2 2393 2492
2 2396 3154
2 2397 3155
2 2398 2401
2 2398 2454
2 2398 2581
2 2399 2400
2 2399 2401
2 2399 2452
2 2401 3284
2 2402 2408
2 2402 2416
2 2402 2459
2 2403 2409
2 2403 2417
2 2403 2460
2 2404 2406
2 2404 2416
2 2404 2455
2 2405 2407
2 2405 2417
2 2405 2456
2 2408 2410
2 2408 2412
2 2408 2414
2 2409 2411
2 2409 2413
2 2409 2415
2 2418 2430
2 2418 2434
2 2418 2481
2 2419 2431
2 2419 2435
2 2419 2482
2 2420 2432
2 2420 2436
2 2420 2483
2 2421 2433
2 2421 2437
2 2421 2484
2 2422 2426
2 2422 2434
2 2422 2461
2 2423 2427
2 2423 2435
2 2423 2462
2 2424 2428
2 2424 2436
2 2424 2463
2 2425 2429
2 2425 2437
2 2425 2464
2 2430 2469
2 2430 2473
2 2430 2477
2 2431 2470
2 2431 2474
2 2431 2478
2 2432 2471
2 2432 2475
2 2432 2479
2 2433 2472
2 2433 2476
2 2433 2480
2 2438 2444
2 2438 2450
2 2438 2554
2 2439 2445
2 2439 2451
2 2439 2555
2 2440 2442
2 2440 2444
2 2440 2446
2 2441 2443
2 2441 2445
2 2441 2447
2 2446 2448
2 2446 2450
2 2447 2449
2 2447 2451
2 2452 2453
2 2452 2454
2 2455 2457
2 2455 2459
2 2456 2458
2 2456 2460
2 2459 3303
2 2460 3304
2 2461 2465
2 2461 2481
2 2462 2466
2 2462 2482
2 2463 2467
2 2463 2483
2 2464 2468
2 2464 2484
2 2485 2487
2 2485 2489
2 2486 2488
2 2486 2490
2 2489 2697
2 2490 2698
2 2491 2493
2 2491 2495
2 2492 2494
2 2492 2496
2 2497 2499
2 2497 2501
2 2498 2500
2 2498 2502
2 2501 2689
2 2502 2690
2 2503 2507
2 2503 2523
2 2504 2508
2 2504 2524
2 2505 2509
2 2505 2525
2 2506 2510
2 2506 2526
2 2527 2528
2 2527 2529
2 2529 2707
2 2530 2531
2 2530 2532
2 2532 2713
2 2533 2537
2 2533 2541
2 2534 2538
2 2534 2542
2 2535 2539
2 2535 2543
2 2536 2540
2 2536 2544
2 2545 2547
2 2545 2549
2 2546 2548
2 2546 2550
2 2551 2552
2 2551 2553
2 2554 2556
2 2554 2558
2 2555 2557
2 2555 2559
2 2560 2561
2 2560 2562
2 2563 2565
2 2563 2567
2 2564 2566
2 2564 2568
2 2569 2570
2 2569 2571
2 2572 2573
2 2572 2574
2 2575 2577
2 2575 2579
2 2576 2578
2 2576 2580
2 2581 2582
2 2581 2583
2 2584 2586
2 2584 2588
2 2585 2587
2 2585 2589
2 2590 2592
2 2590 2594
2 2591 2593
2 2591 2595
2 2596 2597
2 2596 2598
2 2599 2600
2 2599 2601
2 2602 3067
2 2602 3643
2 2602 3816
2 2603 3068
2 2603 3644
2 2603 3817
2 2604 2606
2 2604 2607
2 2604 2787
2 2607 3636
2 2607 3646
2 2608 2826
2 2608 3882
2 2609 2627
2 2609 2827
2 2609 3643
2 2609 3883
2 2610 2828
2 2610 3884
2 2611 2628
2 2611 2829
2 2611 3644
2 2611 3885
2 2612 3064
2 2613 2615
2 2613 2617
2 2613 2741
2 2614 2616
2 2614 2618
2 2614 2742
2 2619 2633
2 2619 2837
2 2620 3055
2 2620 3660
2 2620 3821
2 2621 2624
2 2621 2627
2 2621 2790
2 2622 2626
2 2622 2628
2 2622 2791
2 2627 3655
2 2628 3656
2 2629 3100
2 2630 3101
2 2631 2632
2 2631 2633
2 2631 2783
2 2634 3079
2 2634 3670
2 2634 3787
2 2635 2637
2 2635 2639
2 2635 2758
2 2636 2638
2 2636 2640
2 2636 2759
2 2639 2641
2 2639 3666
2 2640 2642
2 2640 3667
2 2641 2894
2 2641 3691
2 2641 3937
2 2642 2895
2 2642 3692
2 2642 3938
2 2643 2648
2 2644 2649
2 2645 2647
2 2645 2650
2 2645 2766
2 2648 2768
2 2648 2770
2 2648 2772
2 2649 2769
2 2649 2771
2 2649 2773
2 2650 2652
2 2651 2902
2 2652 2903
2 2653 2657
2 2653 3691
2 2653 3805
2 2654 2658
2 2654 3692
2 2654 3806
2 2655 2656
2 2655 2665
2 2655 2775
2 2657 2659
2 2657 2661
2 2657 2663
2 2658 2660
2 2658 2662
2 2658 2664
2 2665 3671
2 2665 3682
2 2666 2673
2 2667 2670
2 2667 2677
2 2667 2748
2 2668 2672
2 2668 2678
2 2668 2749
2 2673 2674
2 2673 2675
2 2673 2676
2 2679 2686
2 2680 2684
2 2680 2687
2 2680 2718
2 2681 2685
2 2681 2688
2 2681 2719
2 2686 2724
2 2686 2725
2 2686 2726
2 2689 3050
2 2690 2717
2 2690 3051
2 2691 3106
2 2692 3107
2 2693 2694
2 2693 2696
2 2693 2729
2 2696 2697
2 2697 3032
2 2698 3033
2 2699 2704
2 2700 2702
2 2700 2705
2 2700 2732
2 2701 2703
2 2701 2706
2 2701 2733
2 2704 2736
2 2704 2737
2 2704 2738
2 2707 2731
2 2707 3054
2 2708 3112
2 2709 3113
2 2710 2711
2 2710 2712
2 2710 2714
2 2712 2713
2 2713 3009
2 2714 2716
2 2714 2717
2 2718 2720
2 2718 2727
2 2719 2721
2 2719 2728
2 2729 2730
2 2729 2731
2 2732 2734
2 2732 2739
2 2733 2735
2 2733 2740
2 2741 2743
2 2741 2745
2 2742 2744
2 2742 2746
2 2747 2774
2 2747 2964
2 2748 2750
2 2748 2754
2 2749 2752
2 2749 2755
2 2756 2786
2 2756 2954
2 2757 2955
2 2758 2760
2 2758 2762
2 2759 2761
2 2759 2763
2 2762 2764
2 2762 3666
2 2763 2765
2 2763 3667
2 2764 2960
2 2764 3816
2 2764 3945
2 2765 2961
2 2765 3817
2 2765 3946
2 2766 2767
2 2766 2774
2 2775 2777
2 2775 2778
2 2778 3682
2 2778 3808
2 2779 2944
2 2779 4010
2 2780 2945
2 2780 4011
2 2781 2796
2 2781 2946
2 2781 3805
2 2781 4012
2 2782 2797
2 2782 2947
2 2782 3806
2 2782 4013
2 2783 2784
2 2783 2786
2 2787 2788
2 2787 2789
2 2789 3636
2 2789 3788
2 2790 2794
2 2790 2796
2 2791 2795
2 2791 2797
2 2796 3655
2 2797 3656
2 2798 2804
2 2798 2812
2 2798 3050
2 2799 2805
2 2799 2813
2 2799 3051
2 2800 2802
2 2800 2812
2 2800 3046
2 2801 2803
2 2801 2813
2 2801 3047
2 2804 2806
2 2804 2808
2 2804 2810
2 2805 2807
2 2805 2809
2 2805 2811
2 2814 2826
2 2814 3003
2 2814 3082
2 2815 2827
2 2815 3004
2 2815 3083
2 2816 2828
2 2816 3005
2 2816 3084
2 2817 2829
2 2817 3006
2 2817 3085
2 2818 2822
2 2818 2826
2 2818 2995
2 2819 2823
2 2819 2827
2 2819 2996
2 2820 2824
2 2820 2828
2 2820 2997
2 2821 2825
2 2821 2829
2 2821 2998
2 2830 2833
2 2830 2837
2 2830 3054
2 2831 2832
2 2831 2837
2 2831 3052
2 2833 2834
2 2833 2835
2 2833 2836
2 2838 2844
2 2838 2852
2 2838 3044
2 2839 2845
2 2839 2853
2 2839 3045
2 2840 2842
2 2840 2852
2 2840 3040
2 2841 2843
2 2841 2853
2 2841 3041
2 2844 2846
2 2844 2848
2 2844 2850
2 2845 2847
2 2845 2849
2 2845 2851
2 2852 3645
2 2853 3646
2 2854 2866
2 2854 2882
2 2854 3018
2 2855 2867
2 2855 2883
2 2855 3019
2 2856 2868
2 2856 2884
2 2856 3020
2 2857 2869
2 2857 2885
2 2857 3021
2 2858 2862
2 2858 2882
2 2858 3010
2 2859 2863
2 2859 2883
2 2859 3011
2 2860 2864
2 2860 2884
2 2860 3012
2 2861 2865
2 2861 2885
2 2861 3013
2 2866 2870
2 2866 2874
2 2866 2878
2 2867 2871
2 2867 2875
2 2867 2879
2 2868 2872
2 2868 2876
2 2868 2880
2 2869 2873
2 2869 2877
2 2869 2881
2 2886 2892
2 2886 2894
2 2886 3032
2 2887 2893
2 2887 2895
2 2887 3033
2 2888 2890
2 2888 2894
2 2888 3022
2 2889 2891
2 2889 2895
2 2889 3023
2 2892 3026
2 2892 3028
2 2892 3030
2 2893 3027
2 2893 3029
2 2893 3031
2 2896 2902
2 2896 3038
2 2896 3073
2 2897 2903
2 2897 3039
2 2897 3074
2 2898 2900
2 2898 2902
2 2898 3034
2 2899 2901
2 2899 2903
2 2899 3035
2 2904 2907
2 2904 3009
2 2904 3097
2 2905 2906
2 2905 2907
2 2905 3007
2 2907 3671
2 2908 2911
2 2908 2964
2 2908 3094
2 2909 2910
2 2909 2911
2 2909 2962
2 2911 3788
2 2912 2918
2 2912 2926
2 2912 2969
2 2913 2919
2 2913 2927
2 2913 2970
2 2914 2916
2 2914 2926
2 2914 2965
2 2915 2917
2 2915 2927
2 2915 2966
2 2918 2920
2 2918 2922
2 2918 2924
2 2919 2921
2 2919 2923
2 2919 2925
2 2928 2940
2 2928 2944
2 2928 2991
2 2929 2941
2 2929 2945
2 2929 2992
2 2930 2942
2 2930 2946
2 2930 2993
2 2931 2943
2 2931 2947
2 2931 2994
2 2932 2936
2 2932 2944
2 2932 2971
2 2933 2937
2 2933 2945
2 2933 2972
2 2934 2938
2 2934 2946
2 2934 2973
2 2935 2939
2 2935 2947
2 2935 2974
2 2940 2979
2 2940 2983
2 2940 2987
2 2941 2980
2 2941 2984
2 2941 2988
2 2942 2981
2 2942 2985
2 2942 2989
2 2943 2982
2 2943 2986
2 2943 2990
2 2948 2954
2 2948 2960
2 2948 3058
2 2949 2955
2 2949 2961
2 2949 3059
2 2950 2952
2 2950 2954
2 2950 2956
2 2951 2953
2 2951 2955
2 2951 2957
2 2956 2958
2 2956 2960
2 2957 2959
2 2957 2961
2 2962 2963
2 2962 2964
2 2965 2967
2 2965 2969
2 2966 2968
2 2966 2970
2 2969 3807
2 2970 3808
2 2971 2975
2 2971 2991
2 2972 2976
2 2972 2992
2 2973 2977
2 2973 2993
2 2974 2978
2 2974 2994
2 2995 2999
2 2995 3003
2 2996 3000
2 2996 3004
2 2997 3001
2 2997 3005
2 2998 3002
2 2998 3006
2 3007 3008
2 3007 3009
2 3010 3014
2 3010 3018
2 3011 3015
2 3011 3019
2 3012 3016
2 3012 3020
2 3013 3017
2 3013 3021
2 3022 3024
2 3022 3032
2 3023 3025
2 3023 3033
2 3034 3036
2 3034 3038
2 3035 3037
2 3035 3039
2 3040 3042
2 3040 3044
2 3041 3043
2 3041 3045
2 3046 3048
2 3046 3050
2 3047 3049
2 3047 3051
2 3052 3053
2 3052 3054
2 3055 3056
2 3055 3057
2 3058 3060
2 3058 3062
2 3059 3061
2 3059 3063
2 3064 3065
2 3064 3066
2 3067 3069
2 3067 3071
2 3068 3070
2 3068 3072
2 3073 3075
2 3073 3077
2 3074 3076
2 3074 3078
2 3079 3080
2 3079 3081
2 3082 3086
2 3082 3090
2 3083 3087
2 3083 3091
2 3084 3088
2 3084 3092
2 3085 3089
2 3085 3093
2 3094 3095
2 3094 3096
2 3097 3098
2 3097 3099
2 3100 3102
2 3100 3104
2 3101 3103
2 3101 3105
2 3106 3108
2 3106 3110
2 3107 3109
2 3107 3111
2 3112 3114
2 3112 3116
2 3113 3115
2 3113 3117
2 3118 3591
2 3119 3121
2 3119 3123
2 3119 3308
2 3120 3122
2 3120 3124
2 3120 3309
2 3125 3141
2 3125 3353
2 3126 3588
2 3127 3129
2 3127 3133
2 3127 3264
2 3128 3131
2 3128 3134
2 3128 3265
2 3135 3147
2 3135 3368
2 3136 3369
2 3137 3579
2 3138 3580
2 3139 3140
2 3139 3141
2 3139 3314
2 3142 3624
2 3143 3625
2 3144 3145
2 3144 3147
2 3144 3305
2 3148 3597
2 3149 3598
2 3150 3151
2 3150 3153
2 3150 3281
2 3153 3154
2 3154 3410
2 3155 3411
2 3156 3160
2 3157 3161
2 3158 3159
2 3158 3162
2 3158 3285
2 3160 3288
2 3160 3290
2 3160 3292
2 3161 3289
2 3161 3291
2 3161 3293
2 3162 3163
2 3163 3415
2 3164 3171
2 3165 3167
2 3165 3175
2 3165 3295
2 3166 3169
2 3166 3176
2 3166 3296
2 3171 3172
2 3171 3173
2 3171 3174
2 3177 3182
2 3178 3180
2 3178 3186
2 3178 3274
2 3179 3181
2 3179 3187
2 3179 3275
2 3182 3183
2 3182 3184
2 3182 3185
2 3188 3193
2 3188 3714
2 3188 3752
2 3189 3194
2 3189 3715
2 3189 3753
2 3190 3192
2 3190 3195
2 3190 3239
2 3193 3241
2 3193 3243
2 3193 3245
2 3194 3242
2 3194 3244
2 3194 3246
2 3195 3706
2 3195 3717
2 3196 3569
2 3196 4046
2 3197 3570
2 3197 4047
2 3198 3237
2 3198 3571
2 3198 3714
2 3198 4048
2 3199 3238
2 3199 3572
2 3199 3715
2 3199 4049
2 3200 3630
2 3200 3722
2 3200 3756
2 3201 3203
2 3201 3205
2 3201 3248
2 3202 3204
2 3202 3206
2 3202 3249
2 3205 3207
2 3205 3718
2 3206 3208
2 3206 3719
2 3207 3550
2 3207 3752
2 3207 4030
2 3208 3551
2 3208 3753
2 3208 4031
2 3209 3213
2 3209 3730
2 3209 3766
2 3210 3214
2 3210 3731
2 3210 3767
2 3211 3212
2 3211 3215
2 3211 3254
2 3213 3257
2 3213 3259
2 3213 3261
2 3214 3258
2 3214 3260
2 3214 3262
2 3215 3724
2 3215 3732
2 3216 3252
2 3216 3577
2 3216 3730
2 3216 4060
2 3217 3253
2 3217 3578
2 3217 3731
2 3217 4061
2 3218 3633
2 3218 3738
2 3218 3744
2 3219 3223
2 3219 3225
2 3219 3231
2 3220 3224
2 3220 3226
2 3220 3232
2 3225 3229
2 3225 3733
2 3226 3230
2 3226 3734
2 3227 3530
2 3227 4070
2 3228 3531
2 3228 4071
2 3229 3532
2 3229 3766
2 3229 4072
2 3230 3533
2 3230 3767
2 3230 4073
2 3231 3235
2 3231 3237
2 3232 3236
2 3232 3238
2 3237 3733
2 3238 3734
2 3239 3240
2 3239 3247
2 3247 3706
2 3247 3723
2 3248 3250
2 3248 3252
2 3249 3251
2 3249 3253
2 3252 3718
2 3253 3719
2 3254 3256
2 3254 3263
2 3263 3724
2 3263 3740
2 3264 3267
2 3264 3270
2 3265 3269
2 3265 3271
2 3272 3493
2 3273 3294
2 3273 3494
2 3274 3276
2 3274 3278
2 3275 3277
2 3275 3279
2 3280 3307
2 3280 3485
2 3281 3282
2 3281 3283
2 3283 3284
2 3284 3488
2 3285 3287
2 3285 3294
2 3295 3299
2 3295 3301
2 3296 3300
2 3296 3302
2 3303 3480
2 3304 3317
2 3304 3481
2 3305 3306
2 3305 3307
2 3308 3310
2 3308 3312
2 3309 3311
2 3309 3313
2 3314 3316
2 3314 3317
2 3318 3330
2 3318 3346
2 3318 3569
2 3319 3331
2 3319 3347
2 3319 3570
2 3320 3332
2 3320 3348
2 3320 3571
2 3321 3333
2 3321 3349
2 3321 3572
2 3322 3326
2 3322 3346
2 3322 3561
2 3323 3327
2 3323 3347
2 3323 3562
2 3324 3328
2 3324 3348
2 3324 3563
2 3325 3329
2 3325 3349
2 3325 3564
2 3330 3334
2 3330 3338
2 3330 3342
2 3331 3335
2 3331 3339
2 3331 3343
2 3332 3336
2 3332 3340
2 3332 3344
2 3333 3337
2 3333 3341
2 3333 3345
2 3350 3353
2 3350 3521
2 3350 3603
2 3351 3352
2 3351 3353
2 3351 3519
2 3354 3360
2 3354 3368
2 3354 3577
2 3355 3361
2 3355 3369
2 3355 3578
2 3356 3358
2 3356 3368
2 3356 3573
2 3357 3359
2 3357 3369
2 3357 3574
2 3360 3362
2 3360 3364
2 3360 3366
2 3361 3363
2 3361 3365
2 3361 3367
2 3370 3376
2 3370 3384
2 3370 3559
2 3371 3377
2 3371 3385
2 3371 3560
2 3372 3374
2 3372 3384
2 3372 3555
2 3373 3375
2 3373 3385
2 3373 3556
2 3376 3378
2 3376 3380
2 3376 3382
2 3377 3379
2 3377 3381
2 3377 3383
2 3386 3392
2 3386 3400
2 3386 3538
2 3387 3393
2 3387 3401
2 3387 3539
2 3388 3390
2 3388 3400
2 3388 3534
2 3389 3391
2 3389 3401
2 3389 3535
2 3392 3394
2 3392 3396
2 3392 3398
2 3393 3395
2 3393 3397
2 3393 3399
2 3402 3408
2 3402 3410
2 3402 3550
2 3403 3409
2 3403 3411
2 3403 3551
2 3404 3406
2 3404 3410
2 3404 3540
2 3405 3407
2 3405 3411
2 3405 3541
2 3408 3544
2 3408 3546
2 3408 3548
2 3409 3545
2 3409 3547
2 3409 3549
2 3412 3415
2 3412 3554
2 3412 3594
2 3413 3414
2 3413 3415
2 3413 3552
2 3416 3428
2 3416 3530
2 3416 3612
2 3417 3429
2 3417 3531
2 3417 3613
2 3418 3430
2 3418 3532
2 3418 3614
2 3419 3431
2 3419 3533
2 3419 3615
2 3420 3424
2 3420 3428
2 3420 3522
2 3421 3425
2 3421 3429
2 3421 3523
2 3422 3426
2 3422 3430
2 3422 3524
2 3423 3427
2 3423 3431
2 3423 3525
2 3432 3438
2 3432 3493
2 3432 3606
2 3433 3439
2 3433 3494
2 3433 3607
2 3434 3436
2 3434 3438
2 3434 3489
2 3435 3437
2 3435 3439
2 3435 3490
2 3440 3452
2 3440 3468
2 3440 3503
2 3441 3453
2 3441 3469
2 3441 3504
2 3442 3454
2 3442 3470
2 3442 3505
2 3443 3455
2 3443 3471
2 3443 3506
2 3444 3448
2 3444 3468
2 3444 3495
2 3445 3449
2 3445 3469
2 3445 3496
2 3446 3450
2 3446 3470
2 3446 3497
2 3447 3451
2 3447 3471
2 3447 3498
2 3452 3456
2 3452 3460
2 3452 3464
2 3453 3457
2 3453 3461
2 3453 3465
2 3454 3458
2 3454 3462
2 3454 3466
2 3455 3459
2 3455 3463
2 3455 3467
2 3472 3478
2 3472 3480
2 3472 3517
2 3473 3479
2 3473 3481
2 3473 3518
2 3474 3476
2 3474 3480
2 3474 3507
2 3475 3477
2 3475 3481
2 3475 3508
2 3478 3511
2 3478 3513
2 3478 3515
2 3479 3512
2 3479 3514
2 3479 3516
2 3482 3485
2 3482 3488
2 3482 3585
2 3483 3484
2 3483 3485
2 3483 3486
2 3486 3487
2 3486 3488
2 3489 3491
2 3489 3493
2 3490 3492
2 3490 3494
2 3495 3499
2 3495 3503
2 3496 3500
2 3496 3504
2 3497 3501
2 3497 3505
2 3498 3502
2 3498 3506
2 3507 3509
2 3507 3517
2 3508 3510
2 3508 3518
2 3519 3520
2 3519 3521
2 3521 3723
2 3522 3526
2 3522 3530
2 3523 3527
2 3523 3531
2 3524 3528
2 3524 3532
2 3525 3529
2 3525 3533
2 3534 3536
2 3534 3538
2 3535 3537
2 3535 3539
2 3538 3716
2 3539 3717
2 3540 3542
2 3540 3550
2 3541 3543
2 3541 3551
2 3552 3553
2 3552 3554
2 3554 3732
2 3555 3557
2 3555 3559
2 3556 3558
2 3556 3560
2 3559 3739
2 3560 3740
2 3561 3565
2 3561 3569
2 3562 3566
2 3562 3570
2 3563 3567
2 3563 3571
2 3564 3568
2 3564 3572
2 3573 3575
2 3573 3577
2 3574 3576
2 3574 3578
2 3579 3581
2 3579 3583
2 3580 3582
2 3580 3584
2 3585 3586
2 3585 3587
2 3588 3589
2 3588 3590
2 3591 3592
2 3591 3593
2 3594 3595
2 3594 3596
2 3597 3599
2 3597 3601
2 3598 3600
2 3598 3602
2 3603 3604
2 3603 3605
2 3606 3608
2 3606 3610
2 3607 3609
2 3607 3611
2 3612 3616
2 3612 3620
2 3613 3617
2 3613 3621
2 3614 3618
2 3614 3622
2 3615 3619
2 3615 3623
2 3624 3626
2 3624 3628
2 3625 3627
2 3625 3629
2 3630 3631
2 3630 3632
2 3633 3634
2 3633 3635
2 3636 4095
2 3637 3640
2 3637 3643
2 3637 3812
2 3638 3642
2 3638 3644
2 3638 3813
2 3645 3844
2 3646 3660
2 3646 3845
2 3647 4092
2 3648 3650
2 3648 3652
2 3648 3768
2 3649 3651
2 3649 3653
2 3649 3769
2 3654 3665
2 3654 3853
2 3655 4083
2 3656 4084
2 3657 3659
2 3657 3660
2 3657 3818
2 3661 4128
2 3662 4129
2 3663 3664
2 3663 3665
2 3663 3809
2 3666 4104
2 3667 4105
2 3668 3669
2 3668 3670
2 3668 3785
2 3670 3671
2 3671 3922
2 3672 3677
2 3673 3678
2 3674 3676
2 3674 3679
2 3674 3789
2 3677 3792
2 3677 3794
2 3677 3796
2 3678 3793
2 3678 3795
2 3678 3797
2 3679 3681
2 3680 3929
2 3681 3930
2 3682 3687
2 3683 3685
2 3683 3691
2 3683 3799
2 3684 3686
2 3684 3692
2 3684 3800
2 3687 3688
2 3687 3689
2 3687 3690
2 3693 3700
2 3694 3697
2 3694 3704
2 3694 3778
2 3695 3699
2 3695 3705
2 3695 3779
2 3700 3701
2 3700 3702
2 3700 3703
2 3706 3713
2 3707 3711
2 3707 3714
2 3707 3745
2 3708 3712
2 3708 3715
2 3708 3746
2 3713 3749
2 3713 3750
2 3713 3751
2 3716 4078
2 3717 3744
2 3717 4079
2 3718 4134
2 3719 4135
2 3720 3721
2 3720 3722
2 3720 3754
2 3722 3723
2 3723 4055
2 3724 3729
2 3725 3727
2 3725 3730
2 3725 3757
2 3726 3728
2 3726 3731
2 3726 3758
2 3729 3763
2 3729 3764
2 3729 3765
2 3732 3756
2 3732 4082
2 3733 4140
2 3734 4141
2 3735 3737
2 3735 3738
2 3735 3741
2 3738 3740
2 3739 4036
2 3740 4037
2 3741 3743
2 3741 3744
2 3745 3747
2 3745 3752
2 3746 3748
2 3746 3753
2 3754 3755
2 3754 3756
2 3757 3761
2 3757 3766
2 3758 3762
2 3758 3767
2 3768 3771
2 3768 3774
2 3769 3773
2 3769 3775
2 3776 4000
2 3777 3798
2 3777 4001
2 3778 3780
2 3778 3782
2 3779 3781
2 3779 3783
2 3784 3811
2 3784 3992
2 3785 3786
2 3785 3787
2 3787 3788
2 3788 3995
2 3789 3791
2 3789 3798
2 3799 3803
2 3799 3805
2 3800 3804
2 3800 3806
2 3807 3987
2 3808 3821
2 3808 3988
2 3809 3810
2 3809 3811
2 3812 3814
2 3812 3816
2 3813 3815
2 3813 3817
2 3818 3820
2 3818 3821
2 3822 3828
2 3822 3836
2 3822 4078
2 3823 3829
2 3823 3837
2 3823 4079
2 3824 3826
2 3824 3836
2 3824 4074
2 3825 3827
2 3825 3837
2 3825 4075
2 3828 3830
2 3828 3832
2 3828 3834
2 3829 3831
2 3829 3833
2 3829 3835
2 3838 3844
2 3838 4030
2 3838 4110
2 3839 3845
2 3839 4031
2 3839 4111
2 3840 3842
2 3840 3844
2 3840 4026
2 3841 3843
2 3841 3845
2 3841 4027
2 3846 3849
2 3846 3853
2 3846 4082
2 3847 3848
2 3847 3853
2 3847 4080
2 3849 3850
2 3849 3851
2 3849 3852
2 3854 3866
2 3854 3882
2 3854 4070
2 3855 3867
2 3855 3883
2 3855 4071
2 3856 3868
2 3856 3884
2 3856 4072
2 3857 3869
2 3857 3885
2 3857 4073
2 3858 3862
2 3858 3882
2 3858 4062
2 3859 3863
2 3859 3883
2 3859 4063
2 3860 3864
2 3860 3884
2 3860 4064
2 3861 3865
2 3861 3885
2 3861 4065
2 3866 3870
2 3866 3874
2 3866 3878
2 3867 3871
2 3867 3875
2 3867 3879
2 3868 3872
2 3868 3876
2 3868 3880
2 3869 3873
2 3869 3877
2 3869 3881
2 3886 3898
2 3886 3914
2 3886 4046
2 3887 3899
2 3887 3915
2 3887 4047
2 3888 3900
2 3888 3916
2 3888 4048
2 3889 3901
2 3889 3917
2 3889 4049
2 3890 3894
2 3890 3914
2 3890 4038
2 3891 3895
2 3891 3915
2 3891 4039
2 3892 3896
2 3892 3916
2 3892 4040
2 3893 3897
2 3893 3917
2 3893 4041
2 3898 3902
2 3898 3906
2 3898 3910
2 3899 3903
2 3899 3907
2 3899 3911
2 3900 3904
2 3900 3908
2 3900 3912
2 3901 3905
2 3901 3909
2 3901 3913
2 3918 3921
2 3918 3922
2 3918 4055
2 3919 3920
2 3919 3922
2 3919 4050
2 3921 4052
2 3921 4053
2 3921 4054
2 3923 3929
2 3923 4060
2 3923 4098
2 3924 3930
2 3924 4061
2 3924 4099
2 3925 3927
2 3925 3929
2 3925 4056
2 3926 3928
2 3926 3930
2 3926 4057
2 3931 3937
2 3931 4036
2 3931 4122
2 3932 3938
2 3932 4037
2 3932 4123
2 3933 3935
2 3933 3937
2 3933 4032
2 3934 3936
2 3934 3938
2 3934 4033
2 3939 3945
2 3939 4000
2 3939 4116
2 3940 3946
2 3940 4001
2 3940 4117
2 3941 3943
2 3941 3945
2 3941 3996
2 3942 3944
2 3942 3946
2 3942 3997
2 3947 3959
2 3947 3975
2 3947 4010
2 3948 3960
2 3948 3976
2 3948 4011
2 3949 3961
2 3949 3977
2 3949 4012
2 3950 3962
2 3950 3978
2 3950 4013
2 3951 3955
2 3951 3975
2 3951 4002
2 3952 3956
2 3952 3976
2 3952 4003
2 3953 3957
2 3953 3977
2 3953 4004
2 3954 3958
2 3954 3978
2 3954 4005
2 3959 3963
2 3959 3967
2 3959 3971
2 3960 3964
2 3960 3968
2 3960 3972
2 3961 3965
2 3961 3969
2 3961 3973
2 3962 3966
2 3962 3970
2 3962 3974
2 3979 3985
2 3979 3987
2 3979 4024
2 3980 3986
2 3980 3988
2 3980 4025
2 3981 3983
2 3981 3987
2 3981 4014
2 3982 3984
2 3982 3988
2 3982 4015
2 3985 4018
2 3985 4020
2 3985 4022
2 3986 4019
2 3986 4021
2 3986 4023
2 3989 3992
2 3989 3995
2 3989 4089
2 3990 3991
2 3990 3992
2 3990 3993
2 3993 3994
2 3993 3995
2 3996 3998
2 3996 4000
2 3997 3999
2 3997 4001
2 4002 4006
2 4002 4010
2 4003 4007
2 4003 4011
2 4004 4008
2 4004 4012
2 4005 4009
2 4005 4013
2 4014 4016
2 4014 4024
2 4015 4017
2 4015 4025
2 4026 4028
2 4026 4030
2 4027 4029
2 4027 4031
2 4032 4034
2 4032 4036
2 4033 4035
2 4033 4037
2 4038 4042
2 4038 4046
2 4039 4043
2 4039 4047
2 4040 4044
2 4040 4048
2 4041 4045
2 4041 4049
2 4050 4051
2 4050 4055
2 4056 4058
2 4056 4060
2 4057 4059
2 4057 4061
2 4062 4066
2 4062 4070
2 4063 4067
2 4063 4071
2 4064 4068
2 4064 4072
2 4065 4069
2 4065 4073
2 4074 4076
2 4074 4078
2 4075 4077
2 4075 4079
2 4080 4081
2 4080 4082
2 4083 4085
2 4083 4087
2 4084 4086
2 4084 4088
2 4089 4090
2 4089 4091
2 4092 4093
2 4092 4094
2 4095 4096
2 4095 4097
2 4098 4100
2 4098 4102
2 4099 4101
2 4099 4103
2 4104 4106
2 4104 4108
2 4105 4107
2 4105 4109
2 4110 4112
2 4110 4114
2 4111 4113
2 4111 4115
2 4116 4118
2 4116 4120
2 4117 4119
2 4117 4121
2 4122 4124
2 4122 4126
2 4123 4125
2 4123 4127
2 4128 4130
2 4128 4132
2 4129 4131
2 4129 4133
2 4134 4136
2 4134 4138
2 4135 4137
2 4135 4139
2 4140 4142
2 4140 4144
2 4141 4143
2 4141 4145
