# vtk DataFile Version 1.0
Cube
ASCII

DATASET POLYDATA
POINTS 4236 float
6.406457 0.134229 10.584543
6.406457 34.116229 10.584543
6.261353 15.277288 11.681313
6.417501 14.593570 12.291289
6.900045 1.452731 10.090955
6.900045 35.434731 10.090955
6.961722 16.452725 11.601115
8.495500 0.000000 12.743250
8.495500 33.982000 12.743250
0.134229 10.584543 6.406457
34.116229 10.584543 6.406457
15.277288 10.729647 5.309687
14.593570 10.573499 4.699711
14.593570 10.573499 38.681711
1.452731 10.090955 6.900045
35.434731 10.090955 6.900045
16.452725 10.029278 5.389885
0.000000 8.495500 4.247750
0.000000 8.495500 38.229750
33.982000 8.495500 4.247750
33.982000 8.495500 38.229750
10.584543 16.856771 10.584543
10.729647 1.713712 11.681313
10.729647 35.695712 11.681313
10.573499 2.397430 12.291289
10.573499 36.379430 12.291289
10.029278 0.538275 11.601115
10.029278 34.520275 11.601115
16.856771 6.406457 6.406457
1.713712 6.261353 5.309687
35.695712 6.261353 5.309687
2.397430 6.417501 4.699711
2.397430 6.417501 38.681711
36.379430 6.417501 4.699711
36.379430 6.417501 38.681711
15.538270 6.900045 6.900045
15.635118 7.793772 7.233069
14.904505 6.894948 6.177928
15.225635 6.327448 7.603472
0.538275 6.961722 5.389885
34.520275 6.961722 5.389885
6.406457 16.856771 6.406457
6.261353 1.713712 5.309687
6.261353 35.695712 5.309687
6.417501 2.397430 4.699711
6.417501 2.397430 38.681711
6.417501 36.379430 4.699711
6.417501 36.379430 38.681711
6.961722 0.538275 5.389885
6.961722 34.520275 5.389885
8.495500 0.000000 4.247750
8.495500 0.000000 38.229750
8.495500 33.982000 4.247750
8.495500 33.982000 38.229750
16.856771 10.584543 10.584543
1.713712 10.729647 11.681313
35.695712 10.729647 11.681313
2.397430 10.573499 12.291289
36.379430 10.573499 12.291289
15.538270 10.090955 10.090955
0.538275 10.029278 11.601115
34.520275 10.029278 11.601115
0.000000 8.495500 12.743250
33.982000 8.495500 12.743250
10.584543 0.134229 6.406457
10.584543 34.116229 6.406457
10.729647 15.277288 5.309687
10.573499 14.593570 4.699711
10.573499 14.593570 38.681711
10.090955 1.452731 6.900045
10.090955 35.434731 6.900045
9.197228 1.355882 7.233069
9.197228 35.337882 7.233069
10.096052 2.086495 6.177928
10.096052 36.068495 6.177928
10.663552 1.765365 7.603472
10.663552 35.747365 7.603472
10.029278 16.452725 5.389885
0.134229 6.406457 10.584543
34.116229 6.406457 10.584543
15.277288 6.261353 11.681313
14.593570 6.417501 12.291289
1.452731 6.900045 10.090955
35.434731 6.900045 10.090955
1.355882 7.793772 9.757931
35.337882 7.793772 9.757931
2.086495 6.894948 10.813072
36.068495 6.894948 10.813072
1.765365 6.327448 9.387527
35.747365 6.327448 9.387527
16.452725 6.961722 11.601115
10.584543 6.406457 0.134229
10.584543 6.406457 34.116229
11.681313 6.261353 15.277288
12.291289 6.417501 14.593570
10.090955 6.900045 1.452731
10.090955 6.900045 35.434731
11.601115 6.961722 16.452725
12.743250 8.495500 0.000000
12.743250 8.495500 33.982000
6.406457 6.406457 16.856771
6.261353 5.309687 1.713712
6.261353 5.309688 35.695712
6.417501 4.699711 2.397430
6.417501 4.699711 36.379430
6.417501 38.681711 2.397430
6.417501 38.681711 36.379430
6.961722 5.389885 0.538275
6.961722 5.389885 34.520275
8.495500 4.247750 0.000000
8.495500 4.247750 33.982000
8.495500 38.229750 0.000000
8.495500 38.229750 33.982000
6.406457 10.584543 0.134229
6.406457 10.584543 34.116229
5.309688 10.729647 15.277288
4.699711 10.573499 14.593570
38.681711 10.573499 14.593570
6.900045 10.090955 1.452731
6.900045 10.090955 35.434731
5.389885 10.029278 16.452725
4.247750 8.495500 0.000000
4.247750 8.495500 33.982000
38.229750 8.495500 0.000000
38.229750 8.495500 33.982000
10.584543 10.584543 16.856771
10.729647 11.681313 1.713712
10.729647 11.681313 35.695712
10.573499 12.291289 2.397430
10.573499 12.291289 36.379430
10.029278 11.601115 0.538275
10.029278 11.601115 34.520275
8.495500 12.743250 0.000000
8.495500 12.743250 33.982000
11.681313 10.729647 1.713712
11.681313 10.729647 35.695712
12.291289 10.573499 2.397430
12.291289 10.573499 36.379430
11.601115 10.029278 0.538275
11.601115 10.029278 34.520275
10.729647 5.309688 15.277288
10.573499 4.699711 14.593570
10.573499 38.681711 14.593570
9.197228 7.233069 1.355882
9.197228 7.233069 35.337882
10.096052 6.177928 2.086495
10.096052 6.177928 36.068495
10.663552 7.603472 1.765365
10.663552 7.603472 35.747365
10.029278 5.389885 16.452725
5.309687 6.261353 1.713712
5.309688 6.261353 35.695712
4.699711 6.417501 2.397430
4.699711 6.417501 36.379430
38.681711 6.417501 2.397430
38.681711 6.417501 36.379430
5.389885 6.961722 0.538275
5.389885 6.961722 34.520275
6.261353 11.681313 15.277288
6.417501 12.291289 14.593570
7.793772 9.757931 1.355882
7.793772 9.757931 35.337882
6.894948 10.813072 2.086495
6.894948 10.813072 36.068495
6.327448 9.387527 1.765365
6.327448 9.387528 35.747365
6.961722 11.601115 16.452725
15.277288 11.681313 6.261353
14.593570 12.291289 6.417501
1.355882 9.757931 7.793772
35.337882 9.757931 7.793772
2.086495 10.813072 6.894948
36.068495 10.813072 6.894948
1.765365 9.387527 6.327448
35.747365 9.387527 6.327448
16.452725 11.601115 6.961722
0.000000 12.743250 8.495500
33.982000 12.743250 8.495500
15.277288 5.309688 10.729647
14.593570 4.699711 10.573499
14.593570 38.681711 10.573499
16.452725 5.389885 10.029278
0.000000 4.247750 8.495500
0.000000 38.229750 8.495500
33.982000 4.247750 8.495500
33.982000 38.229750 8.495500
5.309687 1.713712 6.261353
5.309688 35.695712 6.261353
4.699711 2.397430 6.417501
4.699711 36.379430 6.417501
38.681711 2.397430 6.417501
38.681711 36.379430 6.417501
5.389885 0.538275 6.961722
5.389885 34.520275 6.961722
4.247750 0.000000 8.495500
4.247750 33.982000 8.495500
38.229750 0.000000 8.495500
38.229750 33.982000 8.495500
1.713712 11.681313 10.729647
35.695712 11.681313 10.729647
2.397430 12.291289 10.573499
36.379430 12.291289 10.573499
15.635118 9.757931 9.197228
14.904505 10.813072 10.096052
15.225635 9.387527 10.663552
0.538275 11.601115 10.029278
34.520275 11.601115 10.029278
11.681313 15.277288 6.261353
12.291289 14.593570 6.417501
11.601115 16.452725 6.961722
12.743250 0.000000 8.495500
12.743250 33.982000 8.495500
1.713712 5.309687 6.261353
35.695712 5.309687 6.261353
2.397430 4.699711 6.417501
2.397430 38.681711 6.417501
36.379430 4.699711 6.417501
36.379430 38.681711 6.417501
0.538275 5.389885 6.961722
34.520275 5.389885 6.961722
5.309688 15.277288 10.729647
4.699711 14.593570 10.573499
38.681711 14.593570 10.573499
7.233069 1.355882 9.197228
7.233069 35.337882 9.197228
6.177928 2.086495 10.096052
6.177928 36.068495 10.096052
7.603472 1.765365 10.663552
7.603472 35.747365 10.663552
5.389885 16.452725 10.029278
11.681313 1.713712 10.729647
11.681313 35.695712 10.729647
12.291289 2.397430 10.573499
12.291289 36.379430 10.573499
11.601115 0.538275 10.029278
11.601115 34.520275 10.029278
14.901957 8.629729 2.089043
14.901957 8.629729 36.071043
14.756853 6.781788 3.185812
14.756853 6.781788 37.167812
14.913001 6.098070 3.795789
14.913001 6.098070 37.777789
15.457222 7.957225 3.105615
15.457222 7.957225 37.087615
8.629729 2.089043 14.901957
8.629729 36.071043 14.901957
6.781788 2.234147 13.805187
6.781788 36.216147 13.805187
6.098070 2.077999 13.195211
6.098070 36.059999 13.195211
7.957225 1.533778 13.885385
7.957225 35.515778 13.885385
2.089043 8.361271 2.089043
2.089043 8.361271 36.071043
36.071043 8.361271 2.089043
36.071043 8.361271 36.071043
2.234147 10.209212 3.185812
2.234147 10.209212 37.167812
36.216147 10.209212 3.185812
36.216147 10.209212 37.167812
2.077999 10.892930 3.795789
2.077999 10.892930 37.777789
36.059999 10.892930 3.795789
36.059999 10.892930 37.777789
1.595455 7.042769 1.595455
1.595455 7.042770 35.577455
35.577455 7.042769 1.595455
35.577455 7.042770 35.577455
0.701728 7.139618 1.262431
0.701728 7.139618 35.244431
34.683728 7.139618 1.262431
34.683728 7.139618 35.244431
1.600552 6.409005 2.317572
1.600552 6.409005 36.299572
35.582552 6.409005 2.317572
35.582552 6.409005 36.299572
2.168052 6.730135 0.892027
2.168052 6.730135 34.874028
36.150052 6.730135 0.892027
36.150052 6.730135 34.874028
1.533778 9.033775 3.105615
1.533778 9.033775 37.087615
35.515778 9.033775 3.105615
35.515778 9.033775 37.087615
8.361271 14.901957 14.901957
10.209212 14.756853 13.805187
10.892930 14.913001 13.195211
7.042770 15.395545 15.395545
7.139618 16.289272 15.728569
6.409005 15.390448 14.673428
6.730135 14.822948 16.098972
9.033775 15.457222 13.885385
14.901957 8.361271 14.901957
14.756853 10.209212 13.805187
14.913001 10.892930 13.195211
15.395545 7.042770 15.395545
16.289272 7.139618 15.728569
15.390448 6.409005 14.673428
14.822948 6.730135 16.098972
15.457222 9.033775 13.885385
8.361271 2.089043 2.089043
8.361271 2.089043 36.071043
8.361271 36.071043 2.089043
8.361271 36.071043 36.071043
10.209212 2.234147 3.185812
10.209212 2.234147 37.167812
10.209212 36.216147 3.185812
10.209212 36.216147 37.167812
10.892930 2.077999 3.795789
10.892930 2.077999 37.777789
10.892930 36.059999 3.795789
10.892930 36.059999 37.777789
7.042769 1.595455 1.595455
7.042770 1.595455 35.577455
7.042770 35.577455 1.595455
7.042770 35.577455 35.577455
9.033775 1.533778 3.105615
9.033775 1.533778 37.087615
9.033775 35.515778 3.105615
9.033775 35.515778 37.087615
2.089043 8.629729 14.901957
36.071043 8.629729 14.901957
2.234147 6.781788 13.805187
36.216147 6.781788 13.805187
2.077999 6.098070 13.195211
36.059999 6.098070 13.195211
1.595455 9.948230 15.395545
35.577455 9.948230 15.395545
1.533778 7.957225 13.885385
35.515778 7.957225 13.885385
8.629729 14.901957 2.089043
8.629729 14.901957 36.071043
6.781788 14.756853 3.185812
6.781788 14.756853 37.167812
6.098070 14.913001 3.795789
6.098070 14.913001 37.777789
9.948230 15.395545 1.595455
9.948230 15.395545 35.577455
7.957225 15.457222 3.105615
7.957225 15.457222 37.087615
2.089043 14.901957 8.629729
36.071043 14.901957 8.629729
3.185813 14.756853 6.781788
37.167812 14.756853 6.781788
3.795789 14.913001 6.098070
37.777789 14.913001 6.098070
1.595455 15.395545 9.948230
35.577455 15.395545 9.948230
3.105615 15.457222 7.957225
37.087615 15.457222 7.957225
14.901957 14.901957 8.361271
14.756853 13.805187 10.209212
14.913001 13.195211 10.892930
15.395545 15.395545 7.042769
16.289272 15.728569 7.139618
15.390448 14.673428 6.409005
14.822948 16.098972 6.730135
15.457222 13.885385 9.033775
14.901957 2.089043 8.629729
14.901957 36.071043 8.629729
13.805187 2.234147 6.781788
13.805187 36.216147 6.781788
13.195211 2.077999 6.098070
13.195211 36.059999 6.098070
15.395545 1.595455 9.948230
15.395545 35.577455 9.948230
13.885385 1.533778 7.957225
13.885385 35.515778 7.957225
2.089043 2.089043 8.361271
2.089043 36.071043 8.361271
36.071043 2.089043 8.361271
36.071043 36.071043 8.361271
2.234147 3.185813 10.209212
2.234147 37.167812 10.209212
36.216147 3.185813 10.209212
36.216147 37.167812 10.209212
2.077999 3.795789 10.892930
2.077999 37.777789 10.892930
36.059999 3.795789 10.892930
36.059999 37.777789 10.892930
1.595455 1.595455 7.042769
1.595455 35.577455 7.042769
35.577455 1.595455 7.042769
35.577455 35.577455 7.042769
0.701728 1.262431 7.139618
0.701728 35.244431 7.139618
34.683728 1.262431 7.139618
34.683728 35.244431 7.139618
1.600552 2.317572 6.409005
1.600552 36.299572 6.409005
35.582552 2.317572 6.409005
35.582552 36.299572 6.409005
2.168052 0.892028 6.730135
2.168052 34.874028 6.730135
36.150052 0.892028 6.730135
36.150052 34.874028 6.730135
1.533778 3.105615 9.033775
1.533778 37.087615 9.033775
35.515778 3.105615 9.033775
35.515778 37.087615 9.033775
3.185813 2.234147 10.209212
3.185813 36.216147 10.209212
37.167812 2.234147 10.209212
37.167812 36.216147 10.209212
3.795789 2.077999 10.892930
3.795789 36.059999 10.892930
37.777789 2.077999 10.892930
37.777789 36.059999 10.892930
3.105615 1.533778 9.033775
3.105615 35.515778 9.033775
37.087615 1.533778 9.033775
37.087615 35.515778 9.033775
2.234147 13.805187 6.781788
36.216147 13.805187 6.781788
2.077999 13.195211 6.098070
36.059999 13.195211 6.098070
0.701728 15.728569 9.851382
34.683728 15.728569 9.851382
1.600552 14.673428 10.581995
35.582552 14.673428 10.581995
2.168052 16.098972 10.260865
36.150052 16.098972 10.260865
1.533778 13.885385 7.957225
35.515778 13.885385 7.957225
13.805187 14.756853 10.209212
13.195211 14.913001 10.892930
13.885385 15.457222 9.033775
14.756853 3.185813 6.781788
14.756853 37.167812 6.781788
14.913001 3.795789 6.098070
14.913001 37.777789 6.098070
16.289272 1.262431 9.851382
16.289272 35.244431 9.851382
15.390448 2.317572 10.581995
15.390448 36.299572 10.581995
14.822948 0.892028 10.260865
14.822948 34.874028 10.260865
15.457222 3.105615 7.957225
15.457222 37.087615 7.957225
6.781788 3.185813 14.756853
6.781788 37.167812 14.756853
6.098070 3.795789 14.913001
6.098070 37.777789 14.913001
7.957225 3.105615 15.457222
7.957225 37.087615 15.457222
6.781788 13.805187 2.234147
6.781788 13.805187 36.216147
6.098070 13.195211 2.077999
6.098070 13.195211 36.059999
9.851382 15.728569 0.701728
9.851382 15.728569 34.683728
10.581995 14.673428 1.600552
10.581995 14.673428 35.582552
10.260865 16.098972 2.168052
10.260865 16.098973 36.150052
7.957225 13.885385 1.533778
7.957225 13.885385 35.515778
13.805187 10.209212 14.756853
13.195211 10.892930 14.913001
13.885385 9.033775 15.457222
10.209212 3.185812 2.234147
10.209212 3.185813 36.216147
10.209212 37.167812 2.234147
10.209212 37.167812 36.216147
10.892930 3.795789 2.077999
10.892930 3.795789 36.059999
10.892930 37.777789 2.077999
10.892930 37.777789 36.059999
7.139618 1.262431 0.701728
7.139618 1.262431 34.683728
7.139618 35.244431 0.701728
7.139618 35.244431 34.683728
6.409005 2.317572 1.600552
6.409005 2.317572 35.582552
6.409005 36.299572 1.600552
6.409005 36.299572 35.582552
6.730135 0.892028 2.168052
6.730135 0.892028 36.150052
6.730135 34.874028 2.168052
6.730135 34.874028 36.150052
9.033775 3.105615 1.533778
9.033775 3.105615 35.515778
9.033775 37.087615 1.533778
9.033775 37.087615 35.515778
3.185813 6.781788 14.756853
37.167812 6.781788 14.756853
3.795789 6.098070 14.913001
37.777789 6.098070 14.913001
1.262431 9.851382 16.289272
35.244431 9.851382 16.289272
2.317572 10.581995 15.390448
36.299572 10.581995 15.390448
0.892028 10.260865 14.822948
34.874028 10.260865 14.822948
3.105615 7.957225 15.457222
37.087615 7.957225 15.457222
10.209212 13.805187 14.756853
10.892930 13.195211 14.913001
9.033775 13.885385 15.457222
13.805187 6.781788 2.234147
13.805187 6.781788 36.216147
13.195211 6.098070 2.077999
13.195211 6.098070 36.059999
13.885385 7.957225 1.533778
13.885385 7.957225 35.515778
3.185813 10.209212 2.234147
3.185813 10.209212 36.216147
37.167812 10.209212 2.234147
37.167812 10.209212 36.216147
3.795789 10.892930 2.077999
3.795789 10.892930 36.059999
37.777789 10.892930 2.077999
37.777789 10.892930 36.059999
3.105615 9.033775 1.533778
3.105615 9.033775 35.515778
37.087615 9.033775 1.533778
37.087615 9.033775 35.515778
10.098194 10.098194 15.557607
10.643448 9.149303 15.018498
9.149303 10.643448 15.018498
15.388306 9.928893 1.602694
15.388306 9.928893 35.584694
14.600665 10.838412 1.400875
14.600665 10.838412 35.382875
16.579585 10.097592 1.400875
16.579585 10.097592 35.382875
10.098194 15.557607 10.098194
10.885835 14.648088 9.896375
8.906915 15.388908 9.896375
6.892806 6.892806 15.557607
6.347552 7.841697 15.018498
7.841697 6.347552 15.018498
9.928893 1.602694 15.388306
9.928893 35.584694 15.388306
10.838412 2.390335 15.590125
10.838412 36.372335 15.590125
10.097592 0.411415 15.590125
10.097592 34.393415 15.590125
6.892806 15.557607 6.892806
8.084085 15.388908 7.094625
6.105165 14.648088 7.094625
6.406457 0.134229 27.575543
6.406457 34.116229 27.575543
6.261353 15.277288 28.672313
6.417501 14.593570 -4.699711
6.417501 14.593570 29.282289
6.900045 1.452731 27.081955
6.900045 35.434731 27.081955
6.961722 16.452725 28.592115
8.495500 -0.000000 -4.247750
8.495500 0.000000 29.734250
8.495500 33.982000 -4.247750
8.495500 33.982000 29.734250
0.134229 10.584543 23.397457
34.116229 10.584543 23.397457
15.277288 10.729647 22.300687
14.593570 10.573499 21.690711
1.452731 10.090955 23.891045
35.434731 10.090955 23.891045
16.452725 10.029278 22.380885
0.000000 8.495500 21.238750
33.982000 8.495500 21.238750
10.584543 16.856771 27.575543
10.729647 1.713712 28.672313
10.729647 35.695712 28.672313
10.573499 2.397430 -4.699711
10.573499 2.397430 29.282289
10.573499 36.379430 -4.699711
10.573499 36.379430 29.282289
10.029278 0.538275 28.592115
10.029278 34.520275 28.592115
16.856771 6.406457 23.397457
1.713712 6.261353 22.300687
35.695712 6.261353 22.300687
2.397430 6.417501 21.690711
36.379430 6.417501 21.690711
15.538270 6.900045 23.891045
15.635118 7.793772 24.224069
14.904505 6.894948 23.168928
15.225635 6.327448 24.594472
0.538275 6.961722 22.380885
34.520275 6.961722 22.380885
6.406457 16.856771 23.397457
6.261353 1.713712 22.300687
6.261353 35.695712 22.300687
6.417501 2.397430 21.690711
6.417501 36.379430 21.690711
6.961722 0.538275 22.380885
6.961722 34.520275 22.380885
8.495500 0.000000 21.238750
8.495500 33.982000 21.238750
16.856771 10.584543 27.575543
1.713712 10.729647 28.672313
35.695712 10.729647 28.672313
2.397430 10.573499 -4.699711
2.397430 10.573499 29.282289
36.379430 10.573499 -4.699711
36.379430 10.573499 29.282289
15.538270 10.090955 27.081955
0.538275 10.029278 28.592115
34.520275 10.029278 28.592115
0.000000 8.495500 -4.247750
0.000000 8.495500 29.734250
33.982000 8.495500 -4.247750
33.982000 8.495500 29.734250
10.584543 0.134229 23.397457
10.584543 34.116229 23.397457
10.729647 15.277288 22.300687
10.573499 14.593570 21.690711
10.090955 1.452731 23.891045
10.090955 35.434731 23.891045
9.197228 1.355882 24.224069
9.197228 35.337882 24.224069
10.096052 2.086495 23.168928
10.096052 36.068495 23.168928
10.663552 1.765365 24.594472
10.663552 35.747365 24.594472
10.029278 16.452725 22.380885
0.134229 6.406457 27.575543
34.116229 6.406457 27.575543
15.277288 6.261353 28.672313
14.593570 6.417501 -4.699711
14.593570 6.417501 29.282289
1.452731 6.900045 27.081955
35.434731 6.900045 27.081955
1.355882 7.793772 26.748931
35.337882 7.793772 26.748931
2.086495 6.894948 27.804072
36.068495 6.894948 27.804072
1.765365 6.327448 26.378528
35.747365 6.327448 26.378528
16.452725 6.961722 28.592115
10.584543 6.406457 17.125229
11.681313 6.261353 -1.713712
11.681313 6.261353 32.268288
12.291289 6.417501 -2.397430
12.291289 6.417501 31.584570
10.090955 6.900045 18.443730
11.601115 6.961722 -0.538275
11.601115 6.961722 33.443725
12.743250 8.495500 16.991000
6.406457 6.406457 -0.134229
6.406457 6.406457 33.847771
6.261353 5.309688 18.704712
6.417501 4.699711 19.388430
6.417501 38.681711 19.388430
6.961722 5.389885 17.529275
8.495500 4.247750 16.991000
8.495500 38.229750 16.991000
6.406457 10.584543 17.125229
5.309688 10.729647 -1.713712
5.309688 10.729647 32.268288
4.699711 10.573499 -2.397430
4.699711 10.573499 31.584570
38.681711 10.573499 -2.397430
38.681711 10.573499 31.584570
6.900045 10.090955 18.443730
5.389885 10.029278 -0.538275
5.389885 10.029278 33.443725
4.247750 8.495500 16.991000
38.229750 8.495500 16.991000
10.584543 10.584543 -0.134229
10.584543 10.584543 33.847771
10.729647 11.681313 18.704712
10.573499 12.291289 19.388430
10.029278 11.601115 17.529275
8.495500 12.743250 16.991000
11.681313 10.729647 18.704712
12.291289 10.573499 19.388430
11.601115 10.029278 17.529275
10.729647 5.309687 -1.713712
10.729647 5.309688 32.268288
10.573499 4.699711 -2.397430
10.573499 4.699711 31.584570
10.573499 38.681711 -2.397430
10.573499 38.681711 31.584570
9.197228 7.233069 18.346882
10.096052 6.177928 19.077495
10.663552 7.603472 18.756365
10.029278 5.389885 -0.538275
10.029278 5.389885 33.443725
5.309688 6.261353 18.704712
4.699711 6.417501 19.388430
38.681711 6.417501 19.388430
5.389885 6.961722 17.529275
6.261353 11.681313 -1.713712
6.261353 11.681313 32.268288
6.417501 12.291289 -2.397430
6.417501 12.291289 31.584570
7.793772 9.757931 18.346882
6.894948 10.813072 19.077495
6.327448 9.387527 18.756365
6.961722 11.601115 -0.538275
6.961722 11.601115 33.443725
15.277288 11.681313 23.252353
14.593570 12.291289 23.408501
1.355882 9.757931 24.784772
35.337882 9.757931 24.784772
2.086495 10.813072 23.885948
36.068495 10.813072 23.885948
1.765365 9.387527 23.318448
35.747365 9.387527 23.318448
16.452725 11.601115 23.952722
0.000000 12.743250 25.486500
33.982000 12.743250 25.486500
15.277288 5.309688 27.720647
14.593570 4.699711 27.564499
14.593570 38.681711 27.564499
16.452725 5.389885 27.020278
0.000000 4.247750 25.486500
0.000000 38.229750 25.486500
33.982000 4.247750 25.486500
33.982000 38.229750 25.486500
5.309688 1.713712 23.252353
5.309688 35.695712 23.252353
4.699711 2.397430 23.408501
4.699711 36.379430 23.408501
38.681711 2.397430 23.408501
38.681711 36.379430 23.408501
5.389885 0.538275 23.952722
5.389885 34.520275 23.952722
4.247750 0.000000 25.486500
4.247750 33.982000 25.486500
38.229750 0.000000 25.486500
38.229750 33.982000 25.486500
1.713712 11.681313 27.720647
35.695712 11.681313 27.720647
2.397430 12.291289 27.564499
36.379430 12.291289 27.564499
15.635118 9.757931 26.188228
14.904505 10.813072 27.087052
15.225635 9.387527 27.654552
0.538275 11.601115 27.020278
34.520275 11.601115 27.020278
11.681313 15.277288 23.252353
12.291289 14.593570 23.408501
11.601115 16.452725 23.952722
12.743250 0.000000 25.486500
12.743250 33.982000 25.486500
1.713712 5.309688 23.252353
35.695712 5.309688 23.252353
2.397430 4.699711 23.408501
2.397430 38.681711 23.408501
36.379430 4.699711 23.408501
36.379430 38.681711 23.408501
0.538275 5.389885 23.952722
34.520275 5.389885 23.952722
5.309688 15.277288 27.720647
4.699711 14.593570 27.564499
38.681711 14.593570 27.564499
7.233069 1.355882 26.188228
7.233069 35.337882 26.188228
6.177928 2.086495 27.087052
6.177928 36.068495 27.087052
7.603472 1.765365 27.654552
7.603473 35.747365 27.654552
5.389885 16.452725 27.020278
11.681313 1.713712 27.720647
11.681313 35.695712 27.720647
12.291289 2.397430 27.564499
12.291289 36.379430 27.564499
11.601115 0.538275 27.020278
11.601115 34.520275 27.020278
14.901957 8.629729 19.080043
14.756853 6.781788 20.176813
14.913001 6.098070 20.786789
15.457222 7.957225 20.096615
8.629729 2.089043 -2.089043
8.629729 2.089043 31.892957
8.629729 36.071043 -2.089043
8.629729 36.071043 31.892957
6.781788 2.234147 -3.185813
6.781788 2.234147 30.796187
6.781788 36.216147 -3.185813
6.781788 36.216147 30.796187
6.098070 2.077999 -3.795789
6.098070 2.077999 30.186211
6.098070 36.059999 -3.795789
6.098070 36.059999 30.186211
7.957225 1.533778 -3.105615
7.957225 1.533778 30.876385
7.957225 35.515778 -3.105615
7.957225 35.515778 30.876385
2.089043 8.361271 19.080043
36.071043 8.361271 19.080043
2.234147 10.209212 20.176813
36.216147 10.209212 20.176813
2.077999 10.892930 20.786789
36.059999 10.892930 20.786789
1.595455 7.042770 18.586455
35.577455 7.042770 18.586455
0.701728 7.139618 18.253431
34.683728 7.139618 18.253431
1.600552 6.409005 19.308572
35.582552 6.409005 19.308572
2.168052 6.730135 17.883028
36.150052 6.730135 17.883028
1.533778 9.033775 20.096615
35.515778 9.033775 20.096615
8.361271 14.901957 -2.089043
8.361271 14.901957 31.892957
10.209212 14.756853 -3.185813
10.209212 14.756853 30.796187
10.892930 14.913001 -3.795789
10.892930 14.913001 30.186211
7.042770 15.395545 -1.595455
7.042770 15.395545 32.386545
7.139618 16.289272 -1.262431
7.139618 16.289272 32.719569
6.409005 15.390448 -2.317572
6.409005 15.390448 31.664428
6.730135 14.822948 -0.892028
6.730135 14.822948 33.089972
9.033775 15.457222 -3.105615
9.033775 15.457222 30.876385
14.901957 8.361271 -2.089043
14.901957 8.361271 31.892957
14.756853 10.209212 -3.185813
14.756853 10.209212 30.796187
14.913001 10.892930 -3.795789
14.913001 10.892930 30.186211
15.395545 7.042769 -1.595455
15.395545 7.042770 32.386545
16.289272 7.139618 -1.262431
16.289272 7.139618 32.719569
15.390448 6.409005 -2.317572
15.390448 6.409005 31.664428
14.822948 6.730135 -0.892028
14.822948 6.730135 33.089972
15.457222 9.033775 -3.105615
15.457222 9.033775 30.876385
8.361271 2.089043 19.080043
8.361271 36.071043 19.080043
10.209212 2.234147 20.176813
10.209212 36.216147 20.176813
10.892930 2.077999 20.786789
10.892930 36.059999 20.786789
7.042770 1.595455 18.586455
7.042770 35.577455 18.586455
9.033775 1.533778 20.096615
9.033775 35.515778 20.096615
2.089043 8.629729 -2.089043
2.089043 8.629729 31.892957
36.071043 8.629729 -2.089043
36.071043 8.629729 31.892957
2.234147 6.781788 -3.185813
2.234147 6.781788 30.796187
36.216147 6.781788 -3.185813
36.216147 6.781788 30.796187
2.077999 6.098070 -3.795789
2.077999 6.098070 30.186211
36.059999 6.098070 -3.795789
36.059999 6.098070 30.186211
1.595455 9.948230 -1.595455
1.595455 9.948230 32.386545
35.577455 9.948230 -1.595455
35.577455 9.948230 32.386545
1.533778 7.957225 -3.105615
1.533778 7.957225 30.876385
35.515778 7.957225 -3.105615
35.515778 7.957225 30.876385
8.629729 14.901957 19.080043
6.781788 14.756853 20.176813
6.098070 14.913001 20.786789
9.948230 15.395545 18.586455
7.957225 15.457222 20.096615
2.089043 14.901957 25.620729
36.071043 14.901957 25.620729
3.185813 14.756853 23.772788
37.167812 14.756853 23.772788
3.795789 14.913001 23.089070
37.777789 14.913001 23.089070
1.595455 15.395545 26.939230
35.577455 15.395545 26.939230
3.105615 15.457222 24.948225
37.087615 15.457222 24.948225
14.901957 14.901957 25.352271
14.756853 13.805187 27.200212
14.913001 13.195211 27.883930
15.395545 15.395545 24.033769
16.289272 15.728569 24.130618
15.390448 14.673428 23.400005
14.822948 16.098972 23.721135
15.457222 13.885385 26.024775
14.901957 2.089043 25.620729
14.901957 36.071043 25.620729
13.805187 2.234147 23.772788
13.805187 36.216147 23.772788
13.195211 2.077999 23.089070
13.195211 36.059999 23.089070
15.395545 1.595455 26.939230
15.395545 35.577455 26.939230
13.885385 1.533778 24.948225
13.885385 35.515778 24.948225
2.089043 2.089043 25.352271
2.089043 36.071043 25.352271
36.071043 2.089043 25.352271
36.071043 36.071043 25.352271
2.234147 3.185813 27.200212
2.234147 37.167812 27.200212
36.216147 3.185813 27.200212
36.216147 37.167812 27.200212
2.077999 3.795789 27.883930
2.077999 37.777789 27.883930
36.059999 3.795789 27.883930
36.059999 37.777789 27.883930
1.595455 1.595455 24.033769
1.595455 35.577455 24.033769
35.577455 1.595455 24.033769
35.577455 35.577455 24.033769
0.701728 1.262431 24.130618
0.701728 35.244431 24.130618
34.683728 1.262431 24.130618
34.683728 35.244431 24.130618
1.600552 2.317572 23.400005
1.600552 36.299572 23.400005
35.582552 2.317572 23.400005
35.582552 36.299572 23.400005
2.168052 0.892028 23.721135
2.168052 34.874028 23.721135
36.150052 0.892028 23.721135
36.150052 34.874028 23.721135
1.533778 3.105615 26.024775
1.533778 37.087615 26.024775
35.515778 3.105615 26.024775
35.515778 37.087615 26.024775
3.185813 2.234147 27.200212
3.185813 36.216147 27.200212
37.167812 2.234147 27.200212
37.167812 36.216147 27.200212
3.795789 2.077999 27.883930
3.795789 36.059999 27.883930
37.777789 2.077999 27.883930
37.777789 36.059999 27.883930
3.105615 1.533778 26.024775
3.105615 35.515778 26.024775
37.087615 1.533778 26.024775
37.087615 35.515778 26.024775
2.234147 13.805187 23.772788
36.216147 13.805187 23.772788
2.077999 13.195211 23.089070
36.059999 13.195211 23.089070
0.701728 15.728569 26.842382
34.683728 15.728569 26.842382
1.600552 14.673428 27.572995
35.582552 14.673428 27.572995
2.168052 16.098972 27.251865
36.150052 16.098972 27.251865
1.533778 13.885385 24.948225
35.515778 13.885385 24.948225
13.805187 14.756853 27.200212
13.195211 14.913001 27.883930
13.885385 15.457222 26.024775
14.756853 3.185813 23.772788
14.756853 37.167812 23.772788
14.913001 3.795789 23.089070
14.913001 37.777789 23.089070
16.289272 1.262431 26.842382
16.289272 35.244431 26.842382
15.390448 2.317572 27.572995
15.390448 36.299572 27.572995
14.822948 0.892028 27.251865
14.822948 34.874028 27.251865
15.457222 3.105615 24.948225
15.457222 37.087615 24.948225
6.781788 3.185812 -2.234147
6.781788 3.185813 31.747853
6.781788 37.167812 -2.234147
6.781788 37.167812 31.747853
6.098070 3.795789 -2.077999
6.098070 3.795789 31.904001
6.098070 37.777789 -2.077999
6.098070 37.777789 31.904001
7.957225 3.105615 -1.533778
7.957225 3.105615 32.448222
7.957225 37.087615 -1.533778
7.957225 37.087615 32.448222
6.781788 13.805187 19.225147
6.098070 13.195211 19.068999
9.851382 15.728569 17.692728
10.581995 14.673428 18.591552
10.260865 16.098972 19.159052
7.957225 13.885385 18.524778
13.805187 10.209212 -2.234147
13.805187 10.209212 31.747853
13.195211 10.892930 -2.077999
13.195211 10.892930 31.904001
13.885385 9.033775 -1.533778
13.885385 9.033775 32.448222
10.209212 3.185813 19.225147
10.209212 37.167812 19.225147
10.892930 3.795789 19.068999
10.892930 37.777789 19.068999
7.139618 1.262431 17.692728
7.139618 35.244431 17.692728
6.409005 2.317572 18.591552
6.409005 36.299572 18.591552
6.730135 0.892028 19.159052
6.730135 34.874028 19.159052
9.033775 3.105615 18.524778
9.033775 37.087615 18.524778
3.185812 6.781788 -2.234147
3.185813 6.781788 31.747853
37.167812 6.781788 -2.234147
37.167812 6.781788 31.747853
3.795789 6.098070 -2.077999
3.795789 6.098070 31.904001
37.777789 6.098070 -2.077999
37.777789 6.098070 31.904001
1.262431 9.851382 -0.701728
1.262431 9.851382 33.280272
35.244431 9.851382 -0.701728
35.244431 9.851382 33.280272
2.317572 10.581995 -1.600552
2.317572 10.581995 32.381448
36.299572 10.581995 -1.600552
36.299572 10.581995 32.381448
0.892028 10.260865 -2.168052
0.892028 10.260865 31.813948
34.874028 10.260865 -2.168052
34.874028 10.260865 31.813948
3.105615 7.957225 -1.533778
3.105615 7.957225 32.448222
37.087615 7.957225 -1.533778
37.087615 7.957225 32.448222
10.209212 13.805187 -2.234147
10.209212 13.805187 31.747853
10.892930 13.195211 -2.077999
10.892930 13.195211 31.904001
9.033775 13.885385 -1.533778
9.033775 13.885385 32.448222
13.805187 6.781788 19.225147
13.195211 6.098070 19.068999
13.885385 7.957225 18.524778
3.185813 10.209212 19.225147
37.167812 10.209212 19.225147
3.795789 10.892930 19.068999
37.777789 10.892930 19.068999
3.105615 9.033775 18.524778
37.087615 9.033775 18.524778
10.098194 10.098194 -1.433393
10.098194 10.098194 32.548607
10.643448 9.149303 -1.972502
10.643448 9.149303 32.009498
9.149303 10.643448 -1.972502
9.149303 10.643448 32.009498
15.388306 9.928893 18.593694
14.600665 10.838412 18.391875
16.579585 10.097592 18.391875
10.098194 15.557607 27.089194
10.885835 14.648088 26.887375
8.906915 15.388908 26.887375
6.892806 6.892806 -1.433393
6.892806 6.892806 32.548607
6.347552 7.841697 -1.972502
6.347552 7.841697 32.009498
7.841697 6.347552 -1.972502
7.841697 6.347552 32.009498
9.928893 1.602694 -1.602694
9.928893 1.602694 32.379306
9.928893 35.584694 -1.602694
9.928893 35.584694 32.379306
10.838412 2.390335 -1.400875
10.838412 2.390335 32.581125
10.838412 36.372335 -1.400875
10.838412 36.372335 32.581125
10.097592 0.411415 -1.400875
10.097592 0.411415 32.581125
10.097592 34.393415 -1.400875
10.097592 34.393415 32.581125
6.892806 15.557607 23.883806
8.084085 15.388908 24.085625
6.105165 14.648088 24.085625
6.406457 17.125229 10.584543
6.261353 -1.713712 11.681313
6.261353 32.268288 11.681313
6.417501 -2.397430 12.291289
6.417501 31.584570 12.291289
6.900045 18.443730 10.090955
6.961722 -0.538275 11.601115
6.961722 33.443725 11.601115
8.495500 16.991000 12.743250
0.134229 27.575543 6.406457
34.116229 27.575543 6.406457
15.277288 27.720647 5.309687
14.593570 27.564499 4.699711
14.593570 27.564499 38.681711
1.452731 27.081955 6.900045
35.434731 27.081955 6.900045
16.452725 27.020278 5.389885
0.000000 25.486500 4.247750
0.000000 25.486500 38.229750
33.982000 25.486500 4.247750
33.982000 25.486500 38.229750
10.584543 -0.134229 10.584543
10.584543 33.847771 10.584543
10.729647 18.704712 11.681313
10.573499 19.388430 12.291289
10.029278 17.529275 11.601115
16.856771 23.397457 6.406457
1.713712 23.252353 5.309687
35.695712 23.252353 5.309687
2.397430 23.408501 4.699711
2.397430 23.408501 38.681711
36.379430 23.408501 4.699711
36.379430 23.408501 38.681711
15.538270 23.891045 6.900045
15.635118 24.784772 7.233069
14.904505 23.885948 6.177928
15.225635 23.318448 7.603472
0.538275 23.952722 5.389885
34.520275 23.952722 5.389885
6.406457 -0.134229 6.406457
6.406457 33.847771 6.406457
6.261353 18.704712 5.309687
6.417501 19.388430 4.699711
6.417501 19.388430 38.681711
6.961722 17.529275 5.389885
8.495500 16.991000 4.247750
8.495500 16.991000 38.229750
16.856771 27.575543 10.584543
1.713712 27.720647 11.681313
35.695712 27.720647 11.681313
2.397430 27.564499 12.291289
36.379430 27.564499 12.291289
15.538270 27.081955 10.090955
0.538275 27.020278 11.601115
34.520275 27.020278 11.601115
0.000000 25.486500 12.743250
33.982000 25.486500 12.743250
10.584543 17.125229 6.406457
10.729647 -1.713712 5.309687
10.729647 32.268288 5.309687
10.573499 -2.397430 4.699711
10.573499 -2.397430 38.681711
10.573499 31.584570 4.699711
10.573499 31.584570 38.681711
10.090955 18.443730 6.900045
9.197228 18.346882 7.233069
10.096052 19.077495 6.177928
10.663552 18.756365 7.603472
10.029278 -0.538275 5.389885
10.029278 33.443725 5.389885
0.134229 23.397457 10.584543
34.116229 23.397457 10.584543
15.277288 23.252353 11.681313
14.593570 23.408501 12.291289
1.452731 23.891045 10.090955
35.434731 23.891045 10.090955
1.355882 24.784772 9.757931
35.337882 24.784772 9.757931
2.086495 23.885948 10.813072
36.068495 23.885948 10.813072
1.765365 23.318448 9.387527
35.747365 23.318448 9.387527
16.452725 23.952722 11.601115
10.584543 23.397457 0.134229
10.584543 23.397457 34.116229
11.681313 23.252353 15.277288
12.291289 23.408501 14.593570
10.090955 23.891045 1.452731
10.090955 23.891045 35.434731
11.601115 23.952722 16.452725
12.743250 25.486500 0.000000
12.743250 25.486500 33.982000
6.406457 23.397457 16.856771
6.261353 22.300687 1.713712
6.261353 22.300688 35.695712
6.417501 21.690711 2.397430
6.417501 21.690711 36.379430
6.961722 22.380885 0.538275
6.961722 22.380885 34.520275
8.495500 21.238750 0.000000
8.495500 21.238750 33.982000
6.406457 27.575543 0.134229
6.406457 27.575543 34.116229
5.309688 27.720647 15.277288
4.699711 27.564499 14.593570
38.681711 27.564499 14.593570
6.900045 27.081955 1.452731
6.900045 27.081955 35.434731
5.389885 27.020278 16.452725
4.247750 25.486500 0.000000
4.247750 25.486500 33.982000
38.229750 25.486500 0.000000
38.229750 25.486500 33.982000
10.584543 27.575543 16.856771
10.729647 28.672313 1.713712
10.729647 28.672313 35.695712
10.573499 -4.699711 2.397430
10.573499 -4.699711 36.379430
10.573499 29.282289 2.397430
10.573499 29.282289 36.379430
10.029278 28.592115 0.538275
10.029278 28.592115 34.520275
8.495500 -4.247750 0.000000
8.495500 -4.247750 33.982000
8.495500 29.734250 0.000000
8.495500 29.734250 33.982000
11.681313 27.720647 1.713712
11.681313 27.720647 35.695712
12.291289 27.564499 2.397430
12.291289 27.564499 36.379430
11.601115 27.020278 0.538275
11.601115 27.020278 34.520275
10.729647 22.300687 15.277288
10.573499 21.690711 14.593570
9.197228 24.224069 1.355882
9.197228 24.224069 35.337882
10.096052 23.168928 2.086495
10.096052 23.168928 36.068495
10.663552 24.594472 1.765365
10.663552 24.594472 35.747365
10.029278 22.380885 16.452725
5.309688 23.252353 1.713712
5.309688 23.252353 35.695712
4.699711 23.408501 2.397430
4.699711 23.408501 36.379430
38.681711 23.408501 2.397430
38.681711 23.408501 36.379430
5.389885 23.952722 0.538275
5.389885 23.952722 34.520275
6.261353 28.672313 15.277288
6.417501 -4.699711 14.593570
6.417501 29.282289 14.593570
7.793772 26.748931 1.355882
7.793772 26.748931 35.337882
6.894948 27.804072 2.086495
6.894948 27.804072 36.068495
6.327448 26.378528 1.765365
6.327448 26.378528 35.747365
6.961722 28.592115 16.452725
15.277288 28.672313 6.261353
14.593570 -4.699711 6.417501
14.593570 29.282289 6.417501
1.355882 26.748931 7.793772
35.337882 26.748931 7.793772
2.086495 27.804072 6.894948
36.068495 27.804072 6.894948
1.765365 26.378528 6.327448
35.747365 26.378528 6.327448
16.452725 28.592115 6.961722
0.000000 -4.247750 8.495500
0.000000 29.734250 8.495500
33.982000 -4.247750 8.495500
33.982000 29.734250 8.495500
15.277288 22.300687 10.729647
14.593570 21.690711 10.573499
16.452725 22.380885 10.029278
0.000000 21.238750 8.495500
33.982000 21.238750 8.495500
5.309688 18.704712 6.261353
4.699711 19.388430 6.417501
38.681711 19.388430 6.417501
5.389885 17.529275 6.961722
4.247750 16.991000 8.495500
38.229750 16.991000 8.495500
1.713712 28.672313 10.729647
35.695712 28.672313 10.729647
2.397430 -4.699711 10.573499
2.397430 29.282289 10.573499
36.379430 -4.699711 10.573499
36.379430 29.282289 10.573499
15.635118 26.748931 9.197228
14.904505 27.804072 10.096052
15.225635 26.378528 10.663552
0.538275 28.592115 10.029278
34.520275 28.592115 10.029278
11.681313 -1.713712 6.261353
11.681313 32.268288 6.261353
12.291289 -2.397430 6.417501
12.291289 31.584570 6.417501
11.601115 -0.538275 6.961722
11.601115 33.443725 6.961722
12.743250 16.991000 8.495500
1.713712 22.300687 6.261353
35.695712 22.300687 6.261353
2.397430 21.690711 6.417501
36.379430 21.690711 6.417501
0.538275 22.380885 6.961722
34.520275 22.380885 6.961722
5.309688 -1.713712 10.729647
5.309688 32.268288 10.729647
4.699711 -2.397430 10.573499
4.699711 31.584570 10.573499
38.681711 -2.397430 10.573499
38.681711 31.584570 10.573499
7.233069 18.346882 9.197228
6.177928 19.077495 10.096052
7.603472 18.756365 10.663552
5.389885 -0.538275 10.029278
5.389885 33.443725 10.029278
11.681313 18.704712 10.729647
12.291289 19.388430 10.573499
11.601115 17.529275 10.029278
14.901957 25.620729 2.089043
14.901957 25.620729 36.071043
14.756853 23.772788 3.185812
14.756853 23.772788 37.167812
14.913001 23.089070 3.795789
14.913001 23.089070 37.777789
15.457222 24.948225 3.105615
15.457222 24.948225 37.087615
8.629729 19.080043 14.901957
6.781788 19.225147 13.805187
6.098070 19.068999 13.195211
7.957225 18.524778 13.885385
2.089043 25.352271 2.089043
2.089043 25.352271 36.071043
36.071043 25.352271 2.089043
36.071043 25.352271 36.071043
2.234147 27.200212 3.185812
2.234147 27.200212 37.167812
36.216147 27.200212 3.185812
36.216147 27.200212 37.167812
2.077999 27.883930 3.795789
2.077999 27.883930 37.777789
36.059999 27.883930 3.795789
36.059999 27.883930 37.777789
1.595455 24.033769 1.595455
1.595455 24.033770 35.577455
35.577455 24.033769 1.595455
35.577455 24.033770 35.577455
0.701728 24.130618 1.262431
0.701728 24.130618 35.244431
34.683728 24.130618 1.262431
34.683728 24.130618 35.244431
1.600552 23.400005 2.317572
1.600552 23.400005 36.299572
35.582552 23.400005 2.317572
35.582552 23.400005 36.299572
2.168052 23.721135 0.892027
2.168052 23.721135 34.874028
36.150052 23.721135 0.892027
36.150052 23.721135 34.874028
1.533778 26.024775 3.105615
1.533778 26.024775 37.087615
35.515778 26.024775 3.105615
35.515778 26.024775 37.087615
8.361271 -2.089043 14.901957
8.361271 31.892957 14.901957
10.209212 -2.234147 13.805187
10.209212 31.747853 13.805187
10.892930 -2.077999 13.195211
10.892930 31.904001 13.195211
7.042770 -1.595455 15.395545
7.042770 32.386545 15.395545
7.139618 -0.701728 15.728569
7.139618 33.280272 15.728569
6.409005 -1.600552 14.673428
6.409005 32.381448 14.673428
6.730135 -2.168052 16.098972
6.730135 31.813948 16.098972
9.033775 -1.533778 13.885385
9.033775 32.448222 13.885385
14.901957 25.352271 14.901957
14.756853 27.200212 13.805187
14.913001 27.883930 13.195211
15.395545 24.033769 15.395545
16.289272 24.130618 15.728569
15.390448 23.400005 14.673428
14.822948 23.721135 16.098972
15.457222 26.024775 13.885385
8.361271 19.080043 2.089043
8.361271 19.080043 36.071043
10.209212 19.225147 3.185812
10.209212 19.225147 37.167812
10.892930 19.068999 3.795789
10.892930 19.068999 37.777789
7.042770 18.586455 1.595455
7.042770 18.586455 35.577455
9.033775 18.524778 3.105615
9.033775 18.524778 37.087615
2.089043 25.620729 14.901957
36.071043 25.620729 14.901957
2.234147 23.772788 13.805187
36.216147 23.772788 13.805187
2.077999 23.089070 13.195211
36.059999 23.089070 13.195211
1.595455 26.939230 15.395545
35.577455 26.939230 15.395545
1.533778 24.948225 13.885385
35.515778 24.948225 13.885385
8.629729 -2.089043 2.089043
8.629729 -2.089043 36.071043
8.629729 31.892957 2.089043
8.629729 31.892957 36.071043
6.781788 -2.234147 3.185812
6.781788 -2.234147 37.167812
6.781788 31.747853 3.185812
6.781788 31.747853 37.167812
6.098070 -2.077999 3.795789
6.098070 -2.077999 37.777789
6.098070 31.904001 3.795789
6.098070 31.904001 37.777789
9.948230 -1.595455 1.595455
9.948230 -1.595455 35.577455
9.948230 32.386545 1.595455
9.948230 32.386545 35.577455
7.957225 -1.533778 3.105615
7.957225 -1.533778 37.087615
7.957225 32.448222 3.105615
7.957225 32.448222 37.087615
2.089043 -2.089043 8.629729
2.089043 31.892957 8.629729
36.071043 -2.089043 8.629729
36.071043 31.892957 8.629729
3.185812 -2.234147 6.781788
3.185813 31.747853 6.781788
37.167812 -2.234147 6.781788
37.167812 31.747853 6.781788
3.795789 -2.077999 6.098070
3.795789 31.904001 6.098070
37.777789 -2.077999 6.098070
37.777789 31.904001 6.098070
1.595455 -1.595455 9.948230
1.595455 32.386545 9.948230
35.577455 -1.595455 9.948230
35.577455 32.386545 9.948230
3.105615 -1.533778 7.957225
3.105615 32.448222 7.957225
37.087615 -1.533778 7.957225
37.087615 32.448222 7.957225
14.901957 -2.089043 8.361271
14.901957 31.892957 8.361271
14.756853 -3.185813 10.209212
14.756853 30.796187 10.209212
14.913001 -3.795789 10.892930
14.913001 30.186211 10.892930
15.395545 -1.595455 7.042769
15.395545 32.386545 7.042769
16.289272 -1.262431 7.139618
16.289272 32.719569 7.139618
15.390448 -2.317572 6.409005
15.390448 31.664428 6.409005
14.822948 -0.892028 6.730135
14.822948 33.089972 6.730135
15.457222 -3.105615 9.033775
15.457222 30.876385 9.033775
14.901957 19.080043 8.629729
13.805187 19.225147 6.781788
13.195211 19.068999 6.098070
15.395545 18.586455 9.948230
13.885385 18.524778 7.957225
2.089043 19.080043 8.361271
36.071043 19.080043 8.361271
2.234147 20.176813 10.209212
36.216147 20.176813 10.209212
2.077999 20.786789 10.892930
36.059999 20.786789 10.892930
1.595455 18.586455 7.042769
35.577455 18.586455 7.042769
0.701728 18.253431 7.139618
34.683728 18.253431 7.139618
1.600552 19.308572 6.409005
35.582552 19.308572 6.409005
2.168052 17.883028 6.730135
36.150052 17.883028 6.730135
1.533778 20.096615 9.033775
35.515778 20.096615 9.033775
3.185813 19.225147 10.209212
37.167812 19.225147 10.209212
3.795789 19.068999 10.892930
37.777789 19.068999 10.892930
3.105615 18.524778 9.033775
37.087615 18.524778 9.033775
2.234147 -3.185813 6.781788
2.234147 30.796187 6.781788
36.216147 -3.185813 6.781788
36.216147 30.796187 6.781788
2.077999 -3.795789 6.098070
2.077999 30.186211 6.098070
36.059999 -3.795789 6.098070
36.059999 30.186211 6.098070
0.701728 -1.262431 9.851382
0.701728 32.719569 9.851382
34.683728 -1.262431 9.851382
34.683728 32.719569 9.851382
1.600552 -2.317572 10.581995
1.600552 31.664428 10.581995
35.582552 -2.317572 10.581995
35.582552 31.664428 10.581995
2.168052 -0.892028 10.260865
2.168052 33.089972 10.260865
36.150052 -0.892028 10.260865
36.150052 33.089972 10.260865
1.533778 -3.105615 7.957225
1.533778 30.876385 7.957225
35.515778 -3.105615 7.957225
35.515778 30.876385 7.957225
13.805187 -2.234147 10.209212
13.805187 31.747853 10.209212
13.195211 -2.077999 10.892930
13.195211 31.904001 10.892930
13.885385 -1.533778 9.033775
13.885385 32.448222 9.033775
14.756853 20.176813 6.781788
14.913001 20.786789 6.098070
16.289272 18.253431 9.851382
15.390448 19.308572 10.581995
14.822948 17.883028 10.260865
15.457222 20.096615 7.957225
6.781788 20.176813 14.756853
6.098070 20.786789 14.913001
7.957225 20.096615 15.457222
6.781788 -3.185813 2.234147
6.781788 -3.185813 36.216147
6.781788 30.796187 2.234147
6.781788 30.796187 36.216147
6.098070 -3.795789 2.077999
6.098070 -3.795789 36.059999
6.098070 30.186211 2.077999
6.098070 30.186211 36.059999
9.851382 -1.262431 0.701728
9.851382 -1.262431 34.683728
9.851382 32.719569 0.701728
9.851382 32.719569 34.683728
10.581995 -2.317572 1.600552
10.581995 -2.317572 35.582552
10.581995 31.664428 1.600552
10.581995 31.664428 35.582552
10.260865 -0.892028 2.168052
10.260865 -0.892028 36.150052
10.260865 33.089972 2.168052
10.260865 33.089972 36.150052
7.957225 -3.105615 1.533778
7.957225 -3.105615 35.515778
7.957225 30.876385 1.533778
7.957225 30.876385 35.515778
13.805187 27.200212 14.756853
13.195211 27.883930 14.913001
13.885385 26.024775 15.457222
10.209212 20.176813 2.234147
10.209212 20.176813 36.216147
10.892930 20.786789 2.077999
10.892930 20.786789 36.059999
7.139618 18.253431 0.701728
7.139618 18.253431 34.683728
6.409005 19.308572 1.600552
6.409005 19.308572 35.582552
6.730135 17.883028 2.168052
6.730135 17.883028 36.150052
9.033775 20.096615 1.533778
9.033775 20.096615 35.515778
3.185813 23.772788 14.756853
37.167812 23.772788 14.756853
3.795789 23.089070 14.913001
37.777789 23.089070 14.913001
1.262431 26.842382 16.289272
35.244431 26.842382 16.289272
2.317572 27.572995 15.390448
36.299572 27.572995 15.390448
0.892028 27.251865 14.822948
34.874028 27.251865 14.822948
3.105615 24.948225 15.457222
37.087615 24.948225 15.457222
10.209212 -3.185813 14.756853
10.209212 30.796187 14.756853
10.892930 -3.795789 14.913001
10.892930 30.186211 14.913001
9.033775 -3.105615 15.457222
9.033775 30.876385 15.457222
13.805187 23.772788 2.234147
13.805187 23.772788 36.216147
13.195211 23.089070 2.077999
13.195211 23.089070 36.059999
13.885385 24.948225 1.533778
13.885385 24.948225 35.515778
3.185813 27.200212 2.234147
3.185813 27.200212 36.216147
37.167812 27.200212 2.234147
37.167812 27.200212 36.216147
3.795789 27.883930 2.077999
3.795789 27.883930 36.059999
37.777789 27.883930 2.077999
37.777789 27.883930 36.059999
3.105615 26.024775 1.533778
3.105615 26.024775 35.515778
37.087615 26.024775 1.533778
37.087615 26.024775 35.515778
10.098194 27.089194 15.557607
10.643448 26.140303 15.018498
9.149303 27.634448 15.018498
15.388306 26.919893 1.602694
15.388306 26.919893 35.584694
14.600665 27.829412 1.400875
14.600665 27.829412 35.382875
16.579585 27.088592 1.400875
16.579585 27.088592 35.382875
10.098194 -1.433393 10.098194
10.098194 32.548607 10.098194
10.885835 -2.342912 9.896375
10.885835 31.639088 9.896375
8.906915 -1.602092 9.896375
8.906915 32.379908 9.896375
6.892806 23.883806 15.557607
6.347552 24.832697 15.018498
7.841697 23.338552 15.018498
9.928893 18.593694 15.388306
10.838412 19.381335 15.590125
10.097592 17.402415 15.590125
6.892806 -1.433393 6.892806
6.892806 32.548607 6.892806
8.084085 -1.602092 7.094625
8.084085 32.379908 7.094625
6.105165 -2.342912 7.094625
6.105165 31.639088 7.094625
6.406457 17.125229 27.575543
6.261353 -1.713712 28.672313
6.261353 32.268288 28.672313
6.417501 -2.397430 -4.699711
6.417501 -2.397430 29.282289
6.417501 31.584570 -4.699711
6.417501 31.584570 29.282289
6.900045 18.443730 27.081955
6.961722 -0.538275 28.592115
6.961722 33.443725 28.592115
8.495500 16.991000 -4.247750
8.495500 16.991000 29.734250
0.134229 27.575543 23.397457
34.116229 27.575543 23.397457
15.277288 27.720647 22.300687
14.593570 27.564499 21.690711
1.452731 27.081955 23.891045
35.434731 27.081955 23.891045
16.452725 27.020278 22.380885
0.000000 25.486500 21.238750
33.982000 25.486500 21.238750
10.584543 -0.134229 27.575543
10.584543 33.847771 27.575543
10.729647 18.704712 28.672313
10.573499 19.388430 -4.699711
10.573499 19.388430 29.282289
10.029278 17.529275 28.592115
16.856771 23.397457 23.397457
1.713712 23.252353 22.300687
35.695712 23.252353 22.300687
2.397430 23.408501 21.690711
36.379430 23.408501 21.690711
15.538270 23.891045 23.891045
15.635118 24.784772 24.224069
14.904505 23.885948 23.168928
15.225635 23.318448 24.594472
0.538275 23.952722 22.380885
34.520275 23.952722 22.380885
6.406457 -0.134229 23.397457
6.406457 33.847771 23.397457
6.261353 18.704712 22.300687
6.417501 19.388430 21.690711
6.961722 17.529275 22.380885
8.495500 16.991000 21.238750
16.856771 27.575543 27.575543
1.713712 27.720647 28.672313
35.695712 27.720647 28.672313
2.397430 27.564499 -4.699711
2.397430 27.564499 29.282289
36.379430 27.564499 -4.699711
36.379430 27.564499 29.282289
15.538270 27.081955 27.081955
0.538275 27.020278 28.592115
34.520275 27.020278 28.592115
0.000000 25.486500 -4.247750
0.000000 25.486500 29.734250
33.982000 25.486500 -4.247750
33.982000 25.486500 29.734250
10.584543 17.125229 23.397457
10.729647 -1.713712 22.300687
10.729647 32.268288 22.300687
10.573499 -2.397430 21.690711
10.573499 31.584570 21.690711
10.090955 18.443730 23.891045
9.197228 18.346882 24.224069
10.096052 19.077495 23.168928
10.663552 18.756365 24.594472
10.029278 -0.538275 22.380885
10.029278 33.443725 22.380885
0.134229 23.397457 27.575543
34.116229 23.397457 27.575543
15.277288 23.252353 28.672313
14.593570 23.408501 -4.699711
14.593570 23.408501 29.282289
1.452731 23.891045 27.081955
35.434731 23.891045 27.081955
1.355882 24.784772 26.748931
35.337882 24.784772 26.748931
2.086495 23.885948 27.804072
36.068495 23.885948 27.804072
1.765365 23.318448 26.378528
35.747365 23.318448 26.378528
16.452725 23.952722 28.592115
10.584543 23.397457 17.125229
11.681313 23.252353 -1.713712
11.681313 23.252353 32.268288
12.291289 23.408501 -2.397430
12.291289 23.408501 31.584570
10.090955 23.891045 18.443730
11.601115 23.952722 -0.538275
11.601115 23.952722 33.443725
12.743250 25.486500 16.991000
6.406457 23.397457 -0.134229
6.406457 23.397457 33.847771
6.261353 22.300687 18.704712
6.417501 21.690711 19.388430
6.961722 22.380885 17.529275
8.495500 21.238750 16.991000
6.406457 27.575543 17.125229
5.309688 27.720647 -1.713712
5.309688 27.720647 32.268288
4.699711 27.564499 -2.397430
4.699711 27.564499 31.584570
38.681711 27.564499 -2.397430
38.681711 27.564499 31.584570
6.900045 27.081955 18.443730
5.389885 27.020278 -0.538275
5.389885 27.020278 33.443725
4.247750 25.486500 16.991000
38.229750 25.486500 16.991000
10.584543 27.575543 -0.134229
10.584543 27.575543 33.847771
10.729647 28.672313 18.704712
10.573499 -4.699711 19.388430
10.573499 29.282289 19.388430
10.029278 28.592115 17.529275
8.495500 -4.247750 16.991000
8.495500 29.734250 16.991000
11.681313 27.720647 18.704712
12.291289 27.564499 19.388430
11.601115 27.020278 17.529275
10.729647 22.300687 -1.713712
10.729647 22.300687 32.268288
10.573499 21.690711 -2.397430
10.573499 21.690711 31.584570
9.197228 24.224069 18.346882
10.096052 23.168928 19.077495
10.663552 24.594472 18.756365
10.029278 22.380885 -0.538275
10.029278 22.380885 33.443725
5.309688 23.252353 18.704712
4.699711 23.408501 19.388430
38.681711 23.408501 19.388430
5.389885 23.952722 17.529275
6.261353 28.672313 -1.713712
6.261353 28.672313 32.268288
6.417501 -4.699711 -2.397430
6.417501 -4.699711 31.584570
6.417501 29.282289 -2.397430
6.417501 29.282289 31.584570
7.793772 26.748931 18.346882
6.894948 27.804072 19.077495
6.327448 26.378528 18.756365
6.961722 28.592115 -0.538275
6.961722 28.592115 33.443725
15.277288 28.672313 23.252353
14.593570 -4.699711 23.408501
14.593570 29.282289 23.408501
1.355882 26.748931 24.784772
35.337882 26.748931 24.784772
2.086495 27.804072 23.885948
36.068495 27.804072 23.885948
1.765365 26.378528 23.318448
35.747365 26.378528 23.318448
16.452725 28.592115 23.952722
0.000000 -4.247750 25.486500
0.000000 29.734250 25.486500
33.982000 -4.247750 25.486500
33.982000 29.734250 25.486500
15.277288 22.300687 27.720647
14.593570 21.690711 27.564499
16.452725 22.380885 27.020278
0.000000 21.238750 25.486500
33.982000 21.238750 25.486500
5.309688 18.704712 23.252353
4.699711 19.388430 23.408501
38.681711 19.388430 23.408501
5.389885 17.529275 23.952722
4.247750 16.991000 25.486500
38.229750 16.991000 25.486500
1.713712 28.672313 27.720647
35.695712 28.672313 27.720647
2.397430 -4.699711 27.564499
2.397430 29.282289 27.564499
36.379430 -4.699711 27.564499
36.379430 29.282289 27.564499
15.635118 26.748931 26.188228
14.904505 27.804072 27.087052
15.225635 26.378528 27.654552
0.538275 28.592115 27.020278
34.520275 28.592115 27.020278
11.681313 -1.713712 23.252353
11.681313 32.268288 23.252353
12.291289 -2.397430 23.408501
12.291289 31.584570 23.408501
11.601115 -0.538275 23.952722
11.601115 33.443725 23.952722
12.743250 16.991000 25.486500
1.713712 22.300687 23.252353
35.695712 22.300687 23.252353
2.397430 21.690711 23.408501
36.379430 21.690711 23.408501
0.538275 22.380885 23.952722
34.520275 22.380885 23.952722
5.309688 -1.713712 27.720647
5.309688 32.268288 27.720647
4.699711 -2.397430 27.564499
4.699711 31.584570 27.564499
38.681711 -2.397430 27.564499
38.681711 31.584570 27.564499
7.233069 18.346882 26.188228
6.177928 19.077495 27.087052
7.603472 18.756365 27.654552
5.389885 -0.538275 27.020278
5.389885 33.443725 27.020278
11.681313 18.704712 27.720647
12.291289 19.388430 27.564499
11.601115 17.529275 27.020278
14.901957 25.620729 19.080043
14.756853 23.772788 20.176813
14.913001 23.089070 20.786789
15.457222 24.948225 20.096615
8.629729 19.080043 -2.089043
8.629729 19.080043 31.892957
6.781788 19.225147 -3.185813
6.781788 19.225147 30.796187
6.098070 19.068999 -3.795789
6.098070 19.068999 30.186211
7.957225 18.524778 -3.105615
7.957225 18.524778 30.876385
2.089043 25.352271 19.080043
36.071043 25.352271 19.080043
2.234147 27.200212 20.176813
36.216147 27.200212 20.176813
2.077999 27.883930 20.786789
36.059999 27.883930 20.786789
1.595455 24.033769 18.586455
35.577455 24.033769 18.586455
0.701728 24.130618 18.253431
34.683728 24.130618 18.253431
1.600552 23.400005 19.308572
35.582552 23.400005 19.308572
2.168052 23.721135 17.883028
36.150052 23.721135 17.883028
1.533778 26.024775 20.096615
35.515778 26.024775 20.096615
8.361271 -2.089043 -2.089043
8.361271 -2.089043 31.892957
8.361271 31.892957 -2.089043
8.361271 31.892957 31.892957
10.209212 -2.234147 -3.185813
10.209212 -2.234147 30.796187
10.209212 31.747853 -3.185813
10.209212 31.747853 30.796187
10.892930 -2.077999 -3.795789
10.892930 -2.077999 30.186211
10.892930 31.904001 -3.795789
10.892930 31.904001 30.186211
7.042769 -1.595455 -1.595455
7.042770 -1.595455 32.386545
7.042770 32.386545 -1.595455
7.042770 32.386545 32.386545
7.139618 -0.701728 -1.262431
7.139618 -0.701728 32.719569
7.139618 33.280272 -1.262431
7.139618 33.280272 32.719569
6.409005 -1.600552 -2.317572
6.409005 -1.600552 31.664428
6.409005 32.381448 -2.317572
6.409005 32.381448 31.664428
6.730135 -2.168052 -0.892028
6.730135 -2.168052 33.089972
6.730135 31.813948 -0.892028
6.730135 31.813948 33.089972
9.033775 -1.533778 -3.105615
9.033775 -1.533778 30.876385
9.033775 32.448222 -3.105615
9.033775 32.448222 30.876385
14.901957 25.352271 -2.089043
14.901957 25.352271 31.892957
14.756853 27.200212 -3.185813
14.756853 27.200212 30.796187
14.913001 27.883930 -3.795789
14.913001 27.883930 30.186211
15.395545 24.033769 -1.595455
15.395545 24.033770 32.386545
16.289272 24.130618 -1.262431
16.289272 24.130618 32.719569
15.390448 23.400005 -2.317572
15.390448 23.400005 31.664428
14.822948 23.721135 -0.892028
14.822948 23.721135 33.089972
15.457222 26.024775 -3.105615
15.457222 26.024775 30.876385
8.361271 19.080043 19.080043
10.209212 19.225147 20.176813
10.892930 19.068999 20.786789
7.042770 18.586455 18.586455
9.033775 18.524778 20.096615
2.089043 25.620729 -2.089043
2.089043 25.620729 31.892957
36.071043 25.620729 -2.089043
36.071043 25.620729 31.892957
2.234147 23.772788 -3.185813
2.234147 23.772788 30.796187
36.216147 23.772788 -3.185813
36.216147 23.772788 30.796187
2.077999 23.089070 -3.795789
2.077999 23.089070 30.186211
36.059999 23.089070 -3.795789
36.059999 23.089070 30.186211
1.595455 26.939230 -1.595455
1.595455 26.939230 32.386545
35.577455 26.939230 -1.595455
35.577455 26.939230 32.386545
1.533778 24.948225 -3.105615
1.533778 24.948225 30.876385
35.515778 24.948225 -3.105615
35.515778 24.948225 30.876385
8.629729 -2.089043 19.080043
8.629729 31.892957 19.080043
6.781788 -2.234147 20.176813
6.781788 31.747853 20.176813
6.098070 -2.077999 20.786789
6.098070 31.904001 20.786789
9.948230 -1.595455 18.586455
9.948230 32.386545 18.586455
7.957225 -1.533778 20.096615
7.957225 32.448222 20.096615
2.089043 -2.089043 25.620729
2.089043 31.892957 25.620729
36.071043 -2.089043 25.620729
36.071043 31.892957 25.620729
3.185813 -2.234147 23.772788
3.185813 31.747853 23.772788
37.167812 -2.234147 23.772788
37.167812 31.747853 23.772788
3.795789 -2.077999 23.089070
3.795789 31.904001 23.089070
37.777789 -2.077999 23.089070
37.777789 31.904001 23.089070
1.595455 -1.595455 26.939230
1.595455 32.386545 26.939230
35.577455 -1.595455 26.939230
35.577455 32.386545 26.939230
3.105615 -1.533778 24.948225
3.105615 32.448222 24.948225
37.087615 -1.533778 24.948225
37.087615 32.448222 24.948225
14.901957 -2.089043 25.352271
14.901957 31.892957 25.352271
14.756853 -3.185813 27.200212
14.756853 30.796187 27.200212
14.913001 -3.795789 27.883930
14.913001 30.186211 27.883930
15.395545 -1.595455 24.033769
15.395545 32.386545 24.033769
16.289272 -1.262431 24.130618
16.289272 32.719569 24.130618
15.390448 -2.317572 23.400005
15.390448 31.664428 23.400005
14.822948 -0.892028 23.721135
14.822948 33.089972 23.721135
15.457222 -3.105615 26.024775
15.457222 30.876385 26.024775
14.901957 19.080043 25.620729
13.805187 19.225147 23.772788
13.195211 19.068999 23.089070
15.395545 18.586455 26.939230
13.885385 18.524778 24.948225
2.089043 19.080043 25.352271
36.071043 19.080043 25.352271
2.234147 20.176813 27.200212
36.216147 20.176813 27.200212
2.077999 20.786789 27.883930
36.059999 20.786789 27.883930
1.595455 18.586455 24.033769
35.577455 18.586455 24.033769
0.701728 18.253431 24.130618
34.683728 18.253431 24.130618
1.600552 19.308572 23.400005
35.582552 19.308572 23.400005
2.168052 17.883028 23.721135
36.150052 17.883028 23.721135
1.533778 20.096615 26.024775
35.515778 20.096615 26.024775
3.185813 19.225147 27.200212
37.167812 19.225147 27.200212
3.795789 19.068999 27.883930
37.777789 19.068999 27.883930
3.105615 18.524778 26.024775
37.087615 18.524778 26.024775
2.234147 -3.185813 23.772788
2.234147 30.796187 23.772788
36.216147 -3.185813 23.772788
36.216147 30.796187 23.772788
2.077999 -3.795789 23.089070
2.077999 30.186211 23.089070
36.059999 -3.795789 23.089070
36.059999 30.186211 23.089070
0.701728 -1.262431 26.842382
0.701728 32.719569 26.842382
34.683728 -1.262431 26.842382
34.683728 32.719569 26.842382
1.600552 -2.317572 27.572995
1.600552 31.664428 27.572995
35.582552 -2.317572 27.572995
35.582552 31.664428 27.572995
2.168052 -0.892028 27.251865
2.168052 33.089972 27.251865
36.150052 -0.892028 27.251865
36.150052 33.089972 27.251865
1.533778 -3.105615 24.948225
1.533778 30.876385 24.948225
35.515778 -3.105615 24.948225
35.515778 30.876385 24.948225
13.805187 -2.234147 27.200212
13.805187 31.747853 27.200212
13.195211 -2.077999 27.883930
13.195211 31.904001 27.883930
13.885385 -1.533778 26.024775
13.885385 32.448222 26.024775
14.756853 20.176813 23.772788
14.913001 20.786789 23.089070
16.289272 18.253431 26.842382
15.390448 19.308572 27.572995
14.822948 17.883028 27.251865
15.457222 20.096615 24.948225
6.781788 20.176813 -2.234147
6.781788 20.176813 31.747853
6.098070 20.786789 -2.077999
6.098070 20.786789 31.904001
7.957225 20.096615 -1.533778
7.957225 20.096615 32.448222
6.781788 -3.185813 19.225147
6.781788 30.796187 19.225147
6.098070 -3.795789 19.068999
6.098070 30.186211 19.068999
9.851382 -1.262431 17.692728
9.851382 32.719569 17.692728
10.581995 -2.317572 18.591552
10.581995 31.664428 18.591552
10.260865 -0.892028 19.159052
10.260865 33.089972 19.159052
7.957225 -3.105615 18.524778
7.957225 30.876385 18.524778
13.805187 27.200212 -2.234147
13.805187 27.200212 31.747853
13.195211 27.883930 -2.077999
13.195211 27.883930 31.904001
13.885385 26.024775 -1.533778
13.885385 26.024775 32.448222
10.209212 20.176813 19.225147
10.892930 20.786789 19.068999
7.139618 18.253431 17.692728
6.409005 19.308572 18.591552
6.730135 17.883028 19.159052
9.033775 20.096615 18.524778
3.185813 23.772788 -2.234147
3.185813 23.772788 31.747853
37.167812 23.772788 -2.234147
37.167812 23.772788 31.747853
3.795789 23.089070 -2.077999
3.795789 23.089070 31.904001
37.777789 23.089070 -2.077999
37.777789 23.089070 31.904001
1.262431 26.842382 -0.701728
1.262431 26.842382 33.280272
35.244431 26.842382 -0.701728
35.244431 26.842382 33.280272
2.317572 27.572995 -1.600552
2.317572 27.572995 32.381448
36.299572 27.572995 -1.600552
36.299572 27.572995 32.381448
0.892028 27.251865 -2.168052
0.892028 27.251865 31.813948
34.874028 27.251865 -2.168052
34.874028 27.251865 31.813948
3.105615 24.948225 -1.533778
3.105615 24.948225 32.448222
37.087615 24.948225 -1.533778
37.087615 24.948225 32.448222
10.209212 -3.185813 -2.234147
10.209212 -3.185813 31.747853
10.209212 30.796187 -2.234147
10.209212 30.796187 31.747853
10.892930 -3.795789 -2.077999
10.892930 -3.795789 31.904001
10.892930 30.186211 -2.077999
10.892930 30.186211 31.904001
9.033775 -3.105615 -1.533778
9.033775 -3.105615 32.448222
9.033775 30.876385 -1.533778
9.033775 30.876385 32.448222
13.805187 23.772788 19.225147
13.195211 23.089070 19.068999
13.885385 24.948225 18.524778
3.185813 27.200212 19.225147
37.167812 27.200212 19.225147
3.795789 27.883930 19.068999
37.777789 27.883930 19.068999
3.105615 26.024775 18.524778
37.087615 26.024775 18.524778
10.098194 27.089194 -1.433393
10.098194 27.089194 32.548607
10.643448 26.140303 -1.972502
10.643448 26.140303 32.009498
9.149303 27.634448 -1.972502
9.149303 27.634448 32.009498
15.388306 26.919893 18.593694
14.600665 27.829412 18.391875
16.579585 27.088592 18.391875
10.098194 -1.433393 27.089194
10.098194 32.548607 27.089194
10.885835 -2.342912 26.887375
10.885835 31.639088 26.887375
8.906915 -1.602092 26.887375
8.906915 32.379908 26.887375
6.892806 23.883806 -1.433393
6.892806 23.883806 32.548607
6.347552 24.832697 -1.972502
6.347552 24.832697 32.009498
7.841697 23.338552 -1.972502
7.841697 23.338552 32.009498
9.928893 18.593694 -1.602694
9.928893 18.593694 32.379306
10.838412 19.381335 -1.400875
10.838412 19.381335 32.581125
10.097592 17.402415 -1.400875
10.097592 17.402415 32.581125
6.892806 -1.433393 23.883806
6.892806 32.548607 23.883806
8.084085 -1.602092 24.085625
8.084085 32.379908 24.085625
6.105165 -2.342912 24.085625
6.105165 31.639088 24.085625
23.397457 0.134229 10.584543
23.397457 34.116229 10.584543
23.252353 15.277288 11.681313
23.408501 14.593570 12.291289
23.891045 1.452731 10.090955
23.891045 35.434731 10.090955
23.952722 16.452725 11.601115
25.486500 0.000000 12.743250
25.486500 33.982000 12.743250
17.125229 10.584543 6.406457
-1.713712 10.729647 5.309687
32.268288 10.729647 5.309687
-2.397430 10.573499 4.699711
-2.397430 10.573499 38.681711
31.584570 10.573499 4.699711
31.584570 10.573499 38.681711
18.443730 10.090955 6.900045
-0.538275 10.029278 5.389885
33.443725 10.029278 5.389885
16.991000 8.495500 4.247750
16.991000 8.495500 38.229750
27.575543 16.856771 10.584543
27.720647 1.713712 11.681313
27.720647 35.695712 11.681313
27.564499 2.397430 12.291289
27.564499 36.379430 12.291289
27.020278 0.538275 11.601115
27.020278 34.520275 11.601115
-0.134229 6.406457 6.406457
33.847771 6.406457 6.406457
18.704712 6.261353 5.309687
19.388430 6.417501 4.699711
19.388430 6.417501 38.681711
-1.452731 6.900045 6.900045
32.529269 6.900045 6.900045
-1.355882 7.793772 7.233069
32.626118 7.793772 7.233069
-2.086495 6.894948 6.177928
31.895505 6.894948 6.177928
-1.765365 6.327448 7.603472
32.216635 6.327448 7.603472
17.529275 6.961722 5.389885
23.397457 16.856771 6.406457
23.252353 1.713712 5.309687
23.252353 35.695712 5.309687
23.408501 2.397430 4.699711
23.408501 2.397430 38.681711
23.408501 36.379430 4.699711
23.408501 36.379430 38.681711
23.952722 0.538275 5.389885
23.952722 34.520275 5.389885
25.486500 0.000000 4.247750
25.486500 0.000000 38.229750
25.486500 33.982000 4.247750
25.486500 33.982000 38.229750
-0.134229 10.584543 10.584543
33.847771 10.584543 10.584543
18.704712 10.729647 11.681313
19.388430 10.573499 12.291289
-1.452731 10.090955 10.090955
32.529269 10.090955 10.090955
17.529275 10.029278 11.601115
16.991000 8.495500 12.743250
27.575543 0.134229 6.406457
27.575543 34.116229 6.406457
27.720647 15.277288 5.309687
27.564499 14.593570 4.699711
27.564499 14.593570 38.681711
27.081955 1.452731 6.900045
27.081955 35.434731 6.900045
26.188228 1.355882 7.233069
26.188228 35.337882 7.233069
27.087052 2.086495 6.177928
27.087052 36.068495 6.177928
27.654552 1.765365 7.603472
27.654552 35.747365 7.603472
27.020278 16.452725 5.389885
17.125229 6.406457 10.584543
-1.713712 6.261353 11.681313
32.268288 6.261353 11.681313
-2.397430 6.417501 12.291289
31.584570 6.417501 12.291289
18.443730 6.900045 10.090955
18.346882 7.793772 9.757931
19.077495 6.894948 10.813072
18.756365 6.327448 9.387527
-0.538275 6.961722 11.601115
33.443725 6.961722 11.601115
27.575543 6.406457 0.134229
27.575543 6.406457 34.116229
28.672313 6.261353 15.277288
-4.699711 6.417501 14.593570
29.282289 6.417501 14.593570
27.081955 6.900045 1.452731
27.081955 6.900045 35.434731
28.592115 6.961722 16.452725
-4.247750 8.495500 0.000000
-4.247750 8.495500 33.982000
29.734250 8.495500 0.000000
29.734250 8.495500 33.982000
23.397457 6.406457 16.856771
23.252353 5.309687 1.713712
23.252353 5.309688 35.695712
23.408501 4.699711 2.397430
23.408501 4.699711 36.379430
23.408501 38.681711 2.397430
23.408501 38.681711 36.379430
23.952722 5.389885 0.538275
23.952722 5.389885 34.520275
25.486500 4.247750 0.000000
25.486500 4.247750 33.982000
25.486500 38.229750 0.000000
25.486500 38.229750 33.982000
23.397457 10.584543 0.134229
23.397457 10.584543 34.116229
22.300687 10.729647 15.277288
21.690711 10.573499 14.593570
23.891045 10.090955 1.452731
23.891045 10.090955 35.434731
22.380885 10.029278 16.452725
21.238750 8.495500 0.000000
21.238750 8.495500 33.982000
27.575543 10.584543 16.856771
27.720647 11.681313 1.713712
27.720647 11.681313 35.695712
27.564499 12.291289 2.397430
27.564499 12.291289 36.379430
27.020278 11.601115 0.538275
27.020278 11.601115 34.520275
25.486500 12.743250 0.000000
25.486500 12.743250 33.982000
28.672313 10.729647 1.713712
28.672313 10.729647 35.695712
-4.699711 10.573499 2.397430
-4.699711 10.573499 36.379430
29.282289 10.573499 2.397430
29.282289 10.573499 36.379430
28.592115 10.029278 0.538275
28.592115 10.029278 34.520275
27.720647 5.309688 15.277288
27.564499 4.699711 14.593570
27.564499 38.681711 14.593570
26.188228 7.233069 1.355882
26.188228 7.233069 35.337882
27.087052 6.177928 2.086495
27.087052 6.177928 36.068495
27.654552 7.603472 1.765365
27.654552 7.603472 35.747365
27.020278 5.389885 16.452725
22.300687 6.261353 1.713712
22.300688 6.261353 35.695712
21.690711 6.417501 2.397430
21.690711 6.417501 36.379430
22.380885 6.961722 0.538275
22.380885 6.961722 34.520275
23.252353 11.681313 15.277288
23.408501 12.291289 14.593570
24.784772 9.757931 1.355882
24.784772 9.757931 35.337882
23.885948 10.813072 2.086495
23.885948 10.813072 36.068495
23.318448 9.387527 1.765365
23.318448 9.387528 35.747365
23.952722 11.601115 16.452725
-1.713712 11.681313 6.261353
32.268288 11.681313 6.261353
-2.397430 12.291289 6.417501
31.584570 12.291289 6.417501
18.346882 9.757931 7.793772
19.077495 10.813072 6.894948
18.756365 9.387527 6.327448
-0.538275 11.601115 6.961722
33.443725 11.601115 6.961722
16.991000 12.743250 8.495500
-1.713712 5.309688 10.729647
32.268288 5.309688 10.729647
-2.397430 4.699711 10.573499
-2.397430 38.681711 10.573499
31.584570 4.699711 10.573499
31.584570 38.681711 10.573499
-0.538275 5.389885 10.029278
33.443725 5.389885 10.029278
16.991000 4.247750 8.495500
16.991000 38.229750 8.495500
22.300687 1.713712 6.261353
22.300688 35.695712 6.261353
21.690711 2.397430 6.417501
21.690711 36.379430 6.417501
22.380885 0.538275 6.961722
22.380885 34.520275 6.961722
21.238750 0.000000 8.495500
21.238750 33.982000 8.495500
18.704712 11.681313 10.729647
19.388430 12.291289 10.573499
-1.355882 9.757931 9.197228
32.626118 9.757931 9.197228
-2.086495 10.813072 10.096052
31.895505 10.813072 10.096052
-1.765365 9.387527 10.663552
32.216635 9.387527 10.663552
17.529275 11.601115 10.029278
28.672313 15.277288 6.261353
-4.699711 14.593570 6.417501
29.282289 14.593570 6.417501
28.592115 16.452725 6.961722
-4.247750 0.000000 8.495500
-4.247750 33.982000 8.495500
29.734250 0.000000 8.495500
29.734250 33.982000 8.495500
18.704712 5.309687 6.261353
19.388430 4.699711 6.417501
19.388430 38.681711 6.417501
17.529275 5.389885 6.961722
22.300687 15.277288 10.729647
21.690711 14.593570 10.573499
24.224069 1.355882 9.197228
24.224069 35.337882 9.197228
23.168928 2.086495 10.096052
23.168928 36.068495 10.096052
24.594472 1.765365 10.663552
24.594472 35.747365 10.663552
22.380885 16.452725 10.029278
28.672313 1.713712 10.729647
28.672313 35.695712 10.729647
-4.699711 2.397430 10.573499
-4.699711 36.379430 10.573499
29.282289 2.397430 10.573499
29.282289 36.379430 10.573499
28.592115 0.538275 10.029278
28.592115 34.520275 10.029278
-2.089043 8.629729 2.089043
-2.089043 8.629729 36.071043
31.892957 8.629729 2.089043
31.892957 8.629729 36.071043
-2.234147 6.781788 3.185812
-2.234147 6.781788 37.167812
31.747853 6.781788 3.185812
31.747853 6.781788 37.167812
-2.077999 6.098070 3.795789
-2.077999 6.098070 37.777789
31.904001 6.098070 3.795789
31.904001 6.098070 37.777789
-1.533778 7.957225 3.105615
-1.533778 7.957225 37.087615
32.448222 7.957225 3.105615
32.448222 7.957225 37.087615
25.620729 2.089043 14.901957
25.620729 36.071043 14.901957
23.772788 2.234147 13.805187
23.772788 36.216147 13.805187
23.089070 2.077999 13.195211
23.089070 36.059999 13.195211
24.948225 1.533778 13.885385
24.948225 35.515778 13.885385
19.080043 8.361271 2.089043
19.080043 8.361271 36.071043
19.225147 10.209212 3.185812
19.225147 10.209212 37.167812
19.068999 10.892930 3.795789
19.068999 10.892930 37.777789
18.586455 7.042769 1.595455
18.586455 7.042770 35.577455
17.692728 7.139618 1.262431
17.692728 7.139618 35.244431
18.591552 6.409005 2.317572
18.591552 6.409005 36.299572
19.159052 6.730135 0.892027
19.159052 6.730135 34.874028
18.524778 9.033775 3.105615
18.524778 9.033775 37.087615
25.352271 14.901957 14.901957
27.200212 14.756853 13.805187
27.883930 14.913001 13.195211
24.033769 15.395545 15.395545
24.130618 16.289272 15.728569
23.400005 15.390448 14.673428
23.721135 14.822948 16.098972
26.024775 15.457222 13.885385
-2.089043 8.361271 14.901957
31.892957 8.361271 14.901957
-2.234147 10.209212 13.805187
31.747853 10.209212 13.805187
-2.077999 10.892930 13.195211
31.904001 10.892930 13.195211
-1.595455 7.042770 15.395545
32.386545 7.042770 15.395545
-0.701728 7.139618 15.728569
33.280272 7.139618 15.728569
-1.600552 6.409005 14.673428
32.381448 6.409005 14.673428
-2.168052 6.730135 16.098972
31.813948 6.730135 16.098972
-1.533778 9.033775 13.885385
32.448222 9.033775 13.885385
25.352271 2.089043 2.089043
25.352271 2.089043 36.071043
25.352271 36.071043 2.089043
25.352271 36.071043 36.071043
27.200212 2.234147 3.185812
27.200212 2.234147 37.167812
27.200212 36.216147 3.185812
27.200212 36.216147 37.167812
27.883930 2.077999 3.795789
27.883930 2.077999 37.777789
27.883930 36.059999 3.795789
27.883930 36.059999 37.777789
24.033769 1.595455 1.595455
24.033770 1.595455 35.577455
24.033770 35.577455 1.595455
24.033770 35.577455 35.577455
26.024775 1.533778 3.105615
26.024775 1.533778 37.087615
26.024775 35.515778 3.105615
26.024775 35.515778 37.087615
19.080043 8.629729 14.901957
19.225147 6.781788 13.805187
19.068999 6.098070 13.195211
18.586455 9.948230 15.395545
18.524778 7.957225 13.885385
25.620729 14.901957 2.089043
25.620729 14.901957 36.071043
23.772788 14.756853 3.185812
23.772788 14.756853 37.167812
23.089070 14.913001 3.795789
23.089070 14.913001 37.777789
26.939230 15.395545 1.595455
26.939230 15.395545 35.577455
24.948225 15.457222 3.105615
24.948225 15.457222 37.087615
19.080043 14.901957 8.629729
20.176813 14.756853 6.781788
20.786789 14.913001 6.098070
18.586455 15.395545 9.948230
20.096615 15.457222 7.957225
-2.089043 14.901957 8.361271
31.892957 14.901957 8.361271
-2.234147 13.805187 10.209212
31.747853 13.805187 10.209212
-2.077999 13.195211 10.892930
31.904001 13.195211 10.892930
-1.595455 15.395545 7.042769
32.386545 15.395545 7.042769
-0.701728 15.728569 7.139618
33.280272 15.728569 7.139618
-1.600552 14.673428 6.409005
32.381448 14.673428 6.409005
-2.168052 16.098972 6.730135
31.813948 16.098972 6.730135
-1.533778 13.885385 9.033775
32.448222 13.885385 9.033775
-2.089043 2.089043 8.629729
-2.089043 36.071043 8.629729
31.892957 2.089043 8.629729
31.892957 36.071043 8.629729
-3.185813 2.234147 6.781788
-3.185813 36.216147 6.781788
30.796187 2.234147 6.781788
30.796187 36.216147 6.781788
-3.795789 2.077999 6.098070
-3.795789 36.059999 6.098070
30.186211 2.077999 6.098070
30.186211 36.059999 6.098070
-1.595455 1.595455 9.948230
-1.595455 35.577455 9.948230
32.386545 1.595455 9.948230
32.386545 35.577455 9.948230
-3.105615 1.533778 7.957225
-3.105615 35.515778 7.957225
30.876385 1.533778 7.957225
30.876385 35.515778 7.957225
19.080043 2.089043 8.361271
19.080043 36.071043 8.361271
19.225147 3.185813 10.209212
19.225147 37.167812 10.209212
19.068999 3.795789 10.892930
19.068999 37.777789 10.892930
18.586455 1.595455 7.042769
18.586455 35.577455 7.042769
17.692728 1.262431 7.139618
17.692728 35.244431 7.139618
18.591552 2.317572 6.409005
18.591552 36.299572 6.409005
19.159052 0.892028 6.730135
19.159052 34.874028 6.730135
18.524778 3.105615 9.033775
18.524778 37.087615 9.033775
20.176813 2.234147 10.209212
20.176813 36.216147 10.209212
20.786789 2.077999 10.892930
20.786789 36.059999 10.892930
20.096615 1.533778 9.033775
20.096615 35.515778 9.033775
19.225147 13.805187 6.781788
19.068999 13.195211 6.098070
17.692728 15.728569 9.851382
18.591552 14.673428 10.581995
19.159052 16.098972 10.260865
18.524778 13.885385 7.957225
-3.185813 14.756853 10.209212
30.796187 14.756853 10.209212
-3.795789 14.913001 10.892930
30.186211 14.913001 10.892930
-3.105615 15.457222 9.033775
30.876385 15.457222 9.033775
-2.234147 3.185813 6.781788
-2.234147 37.167812 6.781788
31.747853 3.185813 6.781788
31.747853 37.167812 6.781788
-2.077999 3.795789 6.098070
-2.077999 37.777789 6.098070
31.904001 3.795789 6.098070
31.904001 37.777789 6.098070
-0.701728 1.262431 9.851382
-0.701728 35.244431 9.851382
33.280272 1.262431 9.851382
33.280272 35.244431 9.851382
-1.600552 2.317572 10.581995
-1.600552 36.299572 10.581995
32.381448 2.317572 10.581995
32.381448 36.299572 10.581995
-2.168052 0.892028 10.260865
-2.168052 34.874028 10.260865
31.813948 0.892028 10.260865
31.813948 34.874028 10.260865
-1.533778 3.105615 7.957225
-1.533778 37.087615 7.957225
32.448222 3.105615 7.957225
32.448222 37.087615 7.957225
23.772788 3.185813 14.756853
23.772788 37.167812 14.756853
23.089070 3.795789 14.913001
23.089070 37.777789 14.913001
24.948225 3.105615 15.457222
24.948225 37.087615 15.457222
23.772788 13.805187 2.234147
23.772788 13.805187 36.216147
23.089070 13.195211 2.077999
23.089070 13.195211 36.059999
26.842382 15.728569 0.701728
26.842382 15.728569 34.683728
27.572995 14.673428 1.600552
27.572995 14.673428 35.582552
27.251865 16.098972 2.168052
27.251865 16.098973 36.150052
24.948225 13.885385 1.533778
24.948225 13.885385 35.515778
-3.185813 10.209212 14.756853
30.796187 10.209212 14.756853
-3.795789 10.892930 14.913001
30.186211 10.892930 14.913001
-3.105615 9.033775 15.457222
30.876385 9.033775 15.457222
27.200212 3.185812 2.234147
27.200212 3.185813 36.216147
27.200212 37.167812 2.234147
27.200212 37.167812 36.216147
27.883930 3.795789 2.077999
27.883930 3.795789 36.059999
27.883930 37.777789 2.077999
27.883930 37.777789 36.059999
24.130618 1.262431 0.701728
24.130618 1.262431 34.683728
24.130618 35.244431 0.701728
24.130618 35.244431 34.683728
23.400005 2.317572 1.600552
23.400005 2.317572 35.582552
23.400005 36.299572 1.600552
23.400005 36.299572 35.582552
23.721135 0.892028 2.168052
23.721135 0.892028 36.150052
23.721135 34.874028 2.168052
23.721135 34.874028 36.150052
26.024775 3.105615 1.533778
26.024775 3.105615 35.515778
26.024775 37.087615 1.533778
26.024775 37.087615 35.515778
20.176813 6.781788 14.756853
20.786789 6.098070 14.913001
18.253431 9.851382 16.289272
19.308572 10.581995 15.390448
17.883028 10.260865 14.822948
20.096615 7.957225 15.457222
27.200212 13.805187 14.756853
27.883930 13.195211 14.913001
26.024775 13.885385 15.457222
-3.185813 6.781788 2.234147
-3.185813 6.781788 36.216147
30.796187 6.781788 2.234147
30.796187 6.781788 36.216147
-3.795789 6.098070 2.077999
-3.795789 6.098070 36.059999
30.186211 6.098070 2.077999
30.186211 6.098070 36.059999
-3.105615 7.957225 1.533778
-3.105615 7.957225 35.515778
30.876385 7.957225 1.533778
30.876385 7.957225 35.515778
20.176813 10.209212 2.234147
20.176813 10.209212 36.216147
20.786789 10.892930 2.077999
20.786789 10.892930 36.059999
20.096615 9.033775 1.533778
20.096615 9.033775 35.515778
27.089194 10.098194 15.557607
27.634448 9.149303 15.018498
26.140303 10.643448 15.018498
-1.602694 9.928893 1.602694
-1.602694 9.928893 35.584694
32.379306 9.928893 1.602694
32.379306 9.928893 35.584694
-2.390335 10.838412 1.400875
-2.390335 10.838412 35.382875
31.591665 10.838412 1.400875
31.591665 10.838412 35.382875
-0.411415 10.097592 1.400875
-0.411415 10.097592 35.382875
33.570585 10.097592 1.400875
33.570585 10.097592 35.382875
27.089194 15.557607 10.098194
27.876835 14.648088 9.896375
25.897915 15.388908 9.896375
23.883806 6.892806 15.557607
23.338552 7.841697 15.018498
24.832697 6.347552 15.018498
26.919893 1.602694 15.388306
26.919893 35.584694 15.388306
27.829412 2.390335 15.590125
27.829412 36.372335 15.590125
27.088592 0.411415 15.590125
27.088592 34.393415 15.590125
23.883806 15.557607 6.892806
25.075085 15.388908 7.094625
23.096165 14.648088 7.094625
23.397457 0.134229 27.575543
23.397457 34.116229 27.575543
23.252353 15.277288 28.672313
23.408501 14.593570 -4.699711
23.408501 14.593570 29.282289
23.891045 1.452731 27.081955
23.891045 35.434731 27.081955
23.952722 16.452725 28.592115
25.486500 -0.000000 -4.247750
25.486500 0.000000 29.734250
25.486500 33.982000 -4.247750
25.486500 33.982000 29.734250
17.125229 10.584543 23.397457
-1.713712 10.729647 22.300687
32.268288 10.729647 22.300687
-2.397430 10.573499 21.690711
31.584570 10.573499 21.690711
18.443730 10.090955 23.891045
-0.538275 10.029278 22.380885
33.443725 10.029278 22.380885
16.991000 8.495500 21.238750
27.575543 16.856771 27.575543
27.720647 1.713712 28.672313
27.720647 35.695712 28.672313
27.564499 2.397430 -4.699711
27.564499 2.397430 29.282289
27.564499 36.379430 -4.699711
27.564499 36.379430 29.282289
27.020278 0.538275 28.592115
27.020278 34.520275 28.592115
-0.134229 6.406457 23.397457
33.847771 6.406457 23.397457
18.704712 6.261353 22.300687
19.388430 6.417501 21.690711
-1.452731 6.900045 23.891045
32.529269 6.900045 23.891045
-1.355882 7.793772 24.224069
32.626118 7.793772 24.224069
-2.086495 6.894948 23.168928
31.895505 6.894948 23.168928
-1.765365 6.327448 24.594472
32.216635 6.327448 24.594472
17.529275 6.961722 22.380885
23.397457 16.856771 23.397457
23.252353 1.713712 22.300687
23.252353 35.695712 22.300687
23.408501 2.397430 21.690711
23.408501 36.379430 21.690711
23.952722 0.538275 22.380885
23.952722 34.520275 22.380885
25.486500 0.000000 21.238750
25.486500 33.982000 21.238750
-0.134229 10.584543 27.575543
33.847771 10.584543 27.575543
18.704712 10.729647 28.672313
19.388430 10.573499 -4.699711
19.388430 10.573499 29.282289
-1.452730 10.090955 27.081955
32.529269 10.090955 27.081955
17.529275 10.029278 28.592115
16.991000 8.495500 -4.247750
16.991000 8.495500 29.734250
27.575543 0.134229 23.397457
27.575543 34.116229 23.397457
27.720647 15.277288 22.300687
27.564499 14.593570 21.690711
27.081955 1.452731 23.891045
27.081955 35.434731 23.891045
26.188228 1.355882 24.224069
26.188228 35.337882 24.224069
27.087052 2.086495 23.168928
27.087052 36.068495 23.168928
27.654552 1.765365 24.594472
27.654552 35.747365 24.594472
27.020278 16.452725 22.380885
17.125229 6.406457 27.575543
-1.713712 6.261353 28.672313
32.268288 6.261353 28.672313
-2.397430 6.417501 -4.699711
-2.397430 6.417501 29.282289
31.584570 6.417501 -4.699711
31.584570 6.417501 29.282289
18.443730 6.900045 27.081955
18.346882 7.793772 26.748931
19.077495 6.894948 27.804072
18.756365 6.327448 26.378528
-0.538275 6.961722 28.592115
33.443725 6.961722 28.592115
27.575543 6.406457 17.125229
28.672313 6.261353 -1.713712
28.672313 6.261353 32.268288
-4.699711 6.417501 -2.397430
-4.699711 6.417501 31.584570
29.282289 6.417501 -2.397430
29.282289 6.417501 31.584570
27.081955 6.900045 18.443730
28.592115 6.961722 -0.538275
28.592115 6.961722 33.443725
-4.247750 8.495500 16.991000
29.734250 8.495500 16.991000
23.397457 6.406457 -0.134229
23.397457 6.406457 33.847771
23.252353 5.309688 18.704712
23.408501 4.699711 19.388430
23.408501 38.681711 19.388430
23.952722 5.389885 17.529275
25.486500 4.247750 16.991000
25.486500 38.229750 16.991000
23.397457 10.584543 17.125229
22.300687 10.729647 -1.713712
22.300687 10.729647 32.268288
21.690711 10.573499 -2.397430
21.690711 10.573499 31.584570
23.891045 10.090955 18.443730
22.380885 10.029278 -0.538275
22.380885 10.029278 33.443725
21.238750 8.495500 16.991000
27.575543 10.584543 -0.134229
27.575543 10.584543 33.847771
27.720647 11.681313 18.704712
27.564499 12.291289 19.388430
27.020278 11.601115 17.529275
25.486500 12.743250 16.991000
28.672313 10.729647 18.704712
-4.699711 10.573499 19.388430
29.282289 10.573499 19.388430
28.592115 10.029278 17.529275
27.720647 5.309687 -1.713712
27.720647 5.309688 32.268288
27.564499 4.699711 -2.397430
27.564499 4.699711 31.584570
27.564499 38.681711 -2.397430
27.564499 38.681711 31.584570
26.188228 7.233069 18.346882
27.087052 6.177928 19.077495
27.654552 7.603472 18.756365
27.020278 5.389885 -0.538275
27.020278 5.389885 33.443725
22.300687 6.261353 18.704712
21.690711 6.417501 19.388430
22.380885 6.961722 17.529275
23.252353 11.681313 -1.713712
23.252353 11.681313 32.268288
23.408501 12.291289 -2.397430
23.408501 12.291289 31.584570
24.784772 9.757931 18.346882
23.885948 10.813072 19.077495
23.318448 9.387527 18.756365
23.952722 11.601115 -0.538275
23.952722 11.601115 33.443725
-1.713712 11.681313 23.252353
32.268288 11.681313 23.252353
-2.397430 12.291289 23.408501
31.584570 12.291289 23.408501
18.346882 9.757931 24.784772
19.077495 10.813072 23.885948
18.756365 9.387527 23.318448
-0.538275 11.601115 23.952722
33.443725 11.601115 23.952722
16.991000 12.743250 25.486500
-1.713712 5.309688 27.720647
32.268288 5.309688 27.720647
-2.397430 4.699711 27.564499
-2.397430 38.681711 27.564499
31.584570 4.699711 27.564499
31.584570 38.681711 27.564499
-0.538275 5.389885 27.020278
33.443725 5.389885 27.020278
16.991000 4.247750 25.486500
16.991000 38.229750 25.486500
22.300687 1.713712 23.252353
22.300688 35.695712 23.252353
21.690711 2.397430 23.408501
21.690711 36.379430 23.408501
22.380885 0.538275 23.952722
22.380885 34.520275 23.952722
21.238750 0.000000 25.486500
21.238750 33.982000 25.486500
18.704712 11.681313 27.720647
19.388430 12.291289 27.564499
-1.355882 9.757931 26.188228
32.626118 9.757931 26.188228
-2.086495 10.813072 27.087052
31.895505 10.813072 27.087052
-1.765365 9.387527 27.654552
32.216635 9.387527 27.654552
17.529275 11.601115 27.020278
28.672313 15.277288 23.252353
-4.699711 14.593570 23.408501
29.282289 14.593570 23.408501
28.592115 16.452725 23.952722
-4.247750 0.000000 25.486500
-4.247750 33.982000 25.486500
29.734250 0.000000 25.486500
29.734250 33.982000 25.486500
18.704712 5.309688 23.252353
19.388430 4.699711 23.408501
19.388430 38.681711 23.408501
17.529275 5.389885 23.952722
22.300687 15.277288 27.720647
21.690711 14.593570 27.564499
24.224069 1.355882 26.188228
24.224069 35.337882 26.188228
23.168928 2.086495 27.087052
23.168928 36.068495 27.087052
24.594472 1.765365 27.654552
24.594472 35.747365 27.654552
22.380885 16.452725 27.020278
28.672313 1.713712 27.720647
28.672313 35.695712 27.720647
-4.699711 2.397430 27.564499
-4.699711 36.379430 27.564499
29.282289 2.397430 27.564499
29.282289 36.379430 27.564499
28.592115 0.538275 27.020278
28.592115 34.520275 27.020278
-2.089043 8.629729 19.080043
31.892957 8.629729 19.080043
-2.234147 6.781788 20.176813
31.747853 6.781788 20.176813
-2.077999 6.098070 20.786789
31.904001 6.098070 20.786789
-1.533778 7.957225 20.096615
32.448222 7.957225 20.096615
25.620729 2.089043 -2.089043
25.620729 2.089043 31.892957
25.620729 36.071043 -2.089043
25.620729 36.071043 31.892957
23.772788 2.234147 -3.185813
23.772788 2.234147 30.796187
23.772788 36.216147 -3.185813
23.772788 36.216147 30.796187
23.089070 2.077999 -3.795789
23.089070 2.077999 30.186211
23.089070 36.059999 -3.795789
23.089070 36.059999 30.186211
24.948225 1.533778 -3.105615
24.948225 1.533778 30.876385
24.948225 35.515778 -3.105615
24.948225 35.515778 30.876385
19.080043 8.361271 19.080043
19.225147 10.209212 20.176813
19.068999 10.892930 20.786789
18.586455 7.042770 18.586455
17.692728 7.139618 18.253431
18.591552 6.409005 19.308572
19.159052 6.730135 17.883028
18.524778 9.033775 20.096615
25.352271 14.901957 -2.089043
25.352271 14.901957 31.892957
27.200212 14.756853 -3.185813
27.200212 14.756853 30.796187
27.883930 14.913001 -3.795789
27.883930 14.913001 30.186211
24.033769 15.395545 -1.595455
24.033770 15.395545 32.386545
24.130618 16.289272 -1.262431
24.130618 16.289272 32.719569
23.400005 15.390448 -2.317572
23.400005 15.390448 31.664428
23.721135 14.822948 -0.892028
23.721135 14.822948 33.089972
26.024775 15.457222 -3.105615
26.024775 15.457222 30.876385
-2.089043 8.361271 -2.089043
-2.089043 8.361271 31.892957
31.892957 8.361271 -2.089043
31.892957 8.361271 31.892957
-2.234147 10.209212 -3.185813
-2.234147 10.209212 30.796187
31.747853 10.209212 -3.185813
31.747853 10.209212 30.796187
-2.077999 10.892930 -3.795789
-2.077999 10.892930 30.186211
31.904001 10.892930 -3.795789
31.904001 10.892930 30.186211
-1.595455 7.042769 -1.595455
-1.595455 7.042770 32.386545
32.386545 7.042769 -1.595455
32.386545 7.042770 32.386545
-0.701728 7.139618 -1.262431
-0.701728 7.139618 32.719569
33.280272 7.139618 -1.262431
33.280272 7.139618 32.719569
-1.600552 6.409005 -2.317572
-1.600552 6.409005 31.664428
32.381448 6.409005 -2.317572
32.381448 6.409005 31.664428
-2.168052 6.730135 -0.892028
-2.168052 6.730135 33.089972
31.813948 6.730135 -0.892028
31.813948 6.730135 33.089972
-1.533778 9.033775 -3.105615
-1.533778 9.033775 30.876385
32.448222 9.033775 -3.105615
32.448222 9.033775 30.876385
25.352271 2.089043 19.080043
25.352271 36.071043 19.080043
27.200212 2.234147 20.176813
27.200212 36.216147 20.176813
27.883930 2.077999 20.786789
27.883930 36.059999 20.786789
24.033769 1.595455 18.586455
24.033770 35.577455 18.586455
26.024775 1.533778 20.096615
26.024775 35.515778 20.096615
19.080043 8.629729 -2.089043
19.080043 8.629729 31.892957
19.225147 6.781788 -3.185813
19.225147 6.781788 30.796187
19.068999 6.098070 -3.795789
19.068999 6.098070 30.186211
18.586455 9.948230 -1.595455
18.586455 9.948230 32.386545
18.524778 7.957225 -3.105615
18.524778 7.957225 30.876385
25.620729 14.901957 19.080043
23.772788 14.756853 20.176813
23.089070 14.913001 20.786789
26.939230 15.395545 18.586455
24.948225 15.457222 20.096615
19.080043 14.901957 25.620729
20.176813 14.756853 23.772788
20.786789 14.913001 23.089070
18.586455 15.395545 26.939230
20.096615 15.457222 24.948225
-2.089043 14.901957 25.352271
31.892957 14.901957 25.352271
-2.234147 13.805187 27.200212
31.747853 13.805187 27.200212
-2.077999 13.195211 27.883930
31.904001 13.195211 27.883930
-1.595455 15.395545 24.033769
32.386545 15.395545 24.033769
-0.701728 15.728569 24.130618
33.280272 15.728569 24.130618
-1.600552 14.673428 23.400005
32.381448 14.673428 23.400005
-2.168052 16.098972 23.721135
31.813948 16.098972 23.721135
-1.533778 13.885385 26.024775
32.448222 13.885385 26.024775
-2.089043 2.089043 25.620729
-2.089043 36.071043 25.620729
31.892957 2.089043 25.620729
31.892957 36.071043 25.620729
-3.185813 2.234147 23.772788
-3.185812 36.216147 23.772788
30.796187 2.234147 23.772788
30.796187 36.216147 23.772788
-3.795789 2.077999 23.089070
-3.795789 36.059999 23.089070
30.186211 2.077999 23.089070
30.186211 36.059999 23.089070
-1.595455 1.595455 26.939230
-1.595455 35.577455 26.939230
32.386545 1.595455 26.939230
32.386545 35.577455 26.939230
-3.105615 1.533778 24.948225
-3.105615 35.515778 24.948225
30.876385 1.533778 24.948225
30.876385 35.515778 24.948225
19.080043 2.089043 25.352271
19.080043 36.071043 25.352271
19.225147 3.185813 27.200212
19.225147 37.167812 27.200212
19.068999 3.795789 27.883930
19.068999 37.777789 27.883930
18.586455 1.595455 24.033769
18.586455 35.577455 24.033769
17.692728 1.262431 24.130618
17.692728 35.244431 24.130618
18.591552 2.317572 23.400005
18.591552 36.299572 23.400005
19.159052 0.892028 23.721135
19.159052 34.874028 23.721135
18.524778 3.105615 26.024775
18.524778 37.087615 26.024775
20.176813 2.234147 27.200212
20.176813 36.216147 27.200212
20.786789 2.077999 27.883930
20.786789 36.059999 27.883930
20.096615 1.533778 26.024775
20.096615 35.515778 26.024775
19.225147 13.805187 23.772788
19.068999 13.195211 23.089070
17.692728 15.728569 26.842382
18.591552 14.673428 27.572995
19.159052 16.098972 27.251865
18.524778 13.885385 24.948225
-3.185813 14.756853 27.200212
30.796187 14.756853 27.200212
-3.795789 14.913001 27.883930
30.186211 14.913001 27.883930
-3.105615 15.457222 26.024775
30.876385 15.457222 26.024775
-2.234147 3.185813 23.772788
-2.234147 37.167812 23.772788
31.747853 3.185813 23.772788
31.747853 37.167812 23.772788
-2.077999 3.795789 23.089070
-2.077999 37.777789 23.089070
31.904001 3.795789 23.089070
31.904001 37.777789 23.089070
-0.701728 1.262431 26.842382
-0.701728 35.244431 26.842382
33.280272 1.262431 26.842382
33.280272 35.244431 26.842382
-1.600552 2.317572 27.572995
-1.600552 36.299572 27.572995
32.381448 2.317572 27.572995
32.381448 36.299572 27.572995
-2.168052 0.892028 27.251865
-2.168052 34.874028 27.251865
31.813948 0.892028 27.251865
31.813948 34.874028 27.251865
-1.533778 3.105615 24.948225
-1.533778 37.087615 24.948225
32.448222 3.105615 24.948225
32.448222 37.087615 24.948225
23.772788 3.185812 -2.234147
23.772788 3.185813 31.747853
23.772788 37.167812 -2.234147
23.772788 37.167812 31.747853
23.089070 3.795789 -2.077999
23.089070 3.795789 31.904001
23.089070 37.777789 -2.077999
23.089070 37.777789 31.904001
24.948225 3.105615 -1.533778
24.948225 3.105615 32.448222
24.948225 37.087615 -1.533778
24.948225 37.087615 32.448222
23.772788 13.805187 19.225147
23.089070 13.195211 19.068999
26.842382 15.728569 17.692728
27.572995 14.673428 18.591552
27.251865 16.098972 19.159052
24.948225 13.885385 18.524778
-3.185813 10.209212 -2.234147
-3.185813 10.209212 31.747853
30.796187 10.209212 -2.234147
30.796187 10.209212 31.747853
-3.795789 10.892930 -2.077999
-3.795789 10.892930 31.904001
30.186211 10.892930 -2.077999
30.186211 10.892930 31.904001
-3.105615 9.033775 -1.533778
-3.105615 9.033775 32.448222
30.876385 9.033775 -1.533778
30.876385 9.033775 32.448222
27.200212 3.185813 19.225147
27.200212 37.167812 19.225147
27.883930 3.795789 19.068999
27.883930 37.777789 19.068999
24.130618 1.262431 17.692728
24.130618 35.244431 17.692728
23.400005 2.317572 18.591552
23.400005 36.299572 18.591552
23.721135 0.892028 19.159052
23.721135 34.874028 19.159052
26.024775 3.105615 18.524778
26.024775 37.087615 18.524778
20.176813 6.781788 -2.234147
20.176813 6.781788 31.747853
20.786789 6.098070 -2.077999
20.786789 6.098070 31.904001
18.253431 9.851382 -0.701728
18.253431 9.851382 33.280272
19.308572 10.581995 -1.600552
19.308572 10.581995 32.381448
17.883028 10.260865 -2.168052
17.883028 10.260865 31.813948
20.096615 7.957225 -1.533778
20.096615 7.957225 32.448222
27.200212 13.805187 -2.234147
27.200212 13.805187 31.747853
27.883930 13.195211 -2.077999
27.883930 13.195211 31.904001
26.024775 13.885385 -1.533778
26.024775 13.885385 32.448222
-3.185813 6.781788 19.225147
30.796187 6.781788 19.225147
-3.795789 6.098070 19.068999
30.186211 6.098070 19.068999
-3.105615 7.957225 18.524778
30.876385 7.957225 18.524778
20.176813 10.209212 19.225147
20.786789 10.892930 19.068999
20.096615 9.033775 18.524778
27.089194 10.098194 -1.433393
27.089194 10.098194 32.548607
27.634448 9.149303 -1.972502
27.634448 9.149303 32.009498
26.140303 10.643448 -1.972502
26.140303 10.643448 32.009498
-1.602694 9.928893 18.593694
32.379306 9.928893 18.593694
-2.390335 10.838412 18.391875
31.591665 10.838412 18.391875
-0.411415 10.097592 18.391875
33.570585 10.097592 18.391875
27.089194 15.557607 27.089194
27.876835 14.648088 26.887375
25.897915 15.388908 26.887375
23.883806 6.892806 -1.433393
23.883806 6.892806 32.548607
23.338552 7.841697 -1.972502
23.338552 7.841697 32.009498
24.832697 6.347552 -1.972502
24.832697 6.347552 32.009498
26.919893 1.602694 -1.602694
26.919893 1.602694 32.379306
26.919893 35.584694 -1.602694
26.919893 35.584694 32.379306
27.829412 2.390335 -1.400875
27.829412 2.390335 32.581125
27.829412 36.372335 -1.400875
27.829412 36.372335 32.581125
27.088592 0.411415 -1.400875
27.088592 0.411415 32.581125
27.088592 34.393415 -1.400875
27.088592 34.393415 32.581125
23.883806 15.557607 23.883806
25.075085 15.388908 24.085625
23.096165 14.648088 24.085625
23.397457 17.125229 10.584543
23.252353 -1.713712 11.681313
23.252353 32.268288 11.681313
23.408501 -2.397430 12.291289
23.408501 31.584570 12.291289
23.891045 18.443730 10.090955
23.952722 -0.538275 11.601115
23.952722 33.443725 11.601115
25.486500 16.991000 12.743250
17.125229 27.575543 6.406457
-1.713712 27.720647 5.309687
32.268288 27.720647 5.309687
-2.397430 27.564499 4.699711
-2.397430 27.564499 38.681711
31.584570 27.564499 4.699711
31.584570 27.564499 38.681711
18.443730 27.081955 6.900045
-0.538275 27.020278 5.389885
33.443725 27.020278 5.389885
16.991000 25.486500 4.247750
16.991000 25.486500 38.229750
27.575543 -0.134229 10.584543
27.575543 33.847771 10.584543
27.720647 18.704712 11.681313
27.564499 19.388430 12.291289
27.020278 17.529275 11.601115
-0.134229 23.397457 6.406457
33.847771 23.397457 6.406457
18.704712 23.252353 5.309687
19.388430 23.408501 4.699711
19.388430 23.408501 38.681711
-1.452731 23.891045 6.900045
32.529269 23.891045 6.900045
-1.355882 24.784772 7.233069
32.626118 24.784772 7.233069
-2.086495 23.885948 6.177928
31.895505 23.885948 6.177928
-1.765365 23.318448 7.603472
32.216635 23.318448 7.603472
17.529275 23.952722 5.389885
23.397457 -0.134229 6.406457
23.397457 33.847771 6.406457
23.252353 18.704712 5.309687
23.408501 19.388430 4.699711
23.408501 19.388430 38.681711
23.952722 17.529275 5.389885
25.486500 16.991000 4.247750
25.486500 16.991000 38.229750
-0.134229 27.575543 10.584543
33.847771 27.575543 10.584543
18.704712 27.720647 11.681313
19.388430 27.564499 12.291289
-1.452730 27.081955 10.090955
32.529269 27.081955 10.090955
17.529275 27.020278 11.601115
16.991000 25.486500 12.743250
27.575543 17.125229 6.406457
27.720647 -1.713712 5.309687
27.720647 32.268288 5.309687
27.564499 -2.397430 4.699711
27.564499 -2.397430 38.681711
27.564499 31.584570 4.699711
27.564499 31.584570 38.681711
27.081955 18.443730 6.900045
26.188228 18.346882 7.233069
27.087052 19.077495 6.177928
27.654552 18.756365 7.603472
27.020278 -0.538275 5.389885
27.020278 33.443725 5.389885
17.125229 23.397457 10.584543
-1.713712 23.252353 11.681313
32.268288 23.252353 11.681313
-2.397430 23.408501 12.291289
31.584570 23.408501 12.291289
18.443730 23.891045 10.090955
18.346882 24.784772 9.757931
19.077495 23.885948 10.813072
18.756365 23.318448 9.387527
-0.538275 23.952722 11.601115
33.443725 23.952722 11.601115
27.575543 23.397457 0.134229
27.575543 23.397457 34.116229
28.672313 23.252353 15.277288
-4.699711 23.408501 14.593570
29.282289 23.408501 14.593570
27.081955 23.891045 1.452731
27.081955 23.891045 35.434731
28.592115 23.952722 16.452725
-4.247750 25.486500 0.000000
-4.247750 25.486500 33.982000
29.734250 25.486500 0.000000
29.734250 25.486500 33.982000
23.397457 23.397457 16.856771
23.252353 22.300687 1.713712
23.252353 22.300688 35.695712
23.408501 21.690711 2.397430
23.408501 21.690711 36.379430
23.952722 22.380885 0.538275
23.952722 22.380885 34.520275
25.486500 21.238750 0.000000
25.486500 21.238750 33.982000
23.397457 27.575543 0.134229
23.397457 27.575543 34.116229
22.300687 27.720647 15.277288
21.690711 27.564499 14.593570
23.891045 27.081955 1.452731
23.891045 27.081955 35.434731
22.380885 27.020278 16.452725
21.238750 25.486500 0.000000
21.238750 25.486500 33.982000
27.575543 27.575543 16.856771
27.720647 28.672313 1.713712
27.720647 28.672313 35.695712
27.564499 -4.699711 2.397430
27.564499 -4.699711 36.379430
27.564499 29.282289 2.397430
27.564499 29.282289 36.379430
27.020278 28.592115 0.538275
27.020278 28.592115 34.520275
25.486500 -4.247750 0.000000
25.486500 -4.247750 33.982000
25.486500 29.734250 0.000000
25.486500 29.734250 33.982000
28.672313 27.720647 1.713712
28.672313 27.720647 35.695712
-4.699711 27.564499 2.397430
-4.699711 27.564499 36.379430
29.282289 27.564499 2.397430
29.282289 27.564499 36.379430
28.592115 27.020278 0.538275
28.592115 27.020278 34.520275
27.720647 22.300687 15.277288
27.564499 21.690711 14.593570
26.188228 24.224069 1.355882
26.188228 24.224069 35.337882
27.087052 23.168928 2.086495
27.087052 23.168928 36.068495
27.654552 24.594472 1.765365
27.654552 24.594472 35.747365
27.020278 22.380885 16.452725
22.300687 23.252353 1.713712
22.300688 23.252353 35.695712
21.690711 23.408501 2.397430
21.690711 23.408501 36.379430
22.380885 23.952722 0.538275
22.380885 23.952722 34.520275
23.252353 28.672313 15.277288
23.408501 -4.699711 14.593570
23.408501 29.282289 14.593570
24.784772 26.748931 1.355882
24.784772 26.748931 35.337882
23.885948 27.804072 2.086495
23.885948 27.804072 36.068495
23.318448 26.378528 1.765365
23.318448 26.378528 35.747365
23.952722 28.592115 16.452725
-1.713712 28.672313 6.261353
32.268288 28.672313 6.261353
-2.397430 -4.699711 6.417501
-2.397430 29.282289 6.417501
31.584570 -4.699711 6.417501
31.584570 29.282289 6.417501
18.346882 26.748931 7.793772
19.077495 27.804072 6.894948
18.756365 26.378528 6.327448
-0.538275 28.592115 6.961722
33.443725 28.592115 6.961722
16.991000 -4.247750 8.495500
16.991000 29.734250 8.495500
-1.713712 22.300687 10.729647
32.268288 22.300687 10.729647
-2.397430 21.690711 10.573499
31.584570 21.690711 10.573499
-0.538275 22.380885 10.029278
33.443725 22.380885 10.029278
16.991000 21.238750 8.495500
22.300687 18.704712 6.261353
21.690711 19.388430 6.417501
22.380885 17.529275 6.961722
21.238750 16.991000 8.495500
18.704712 28.672313 10.729647
19.388430 -4.699711 10.573499
19.388430 29.282289 10.573499
-1.355882 26.748931 9.197228
32.626118 26.748931 9.197228
-2.086495 27.804072 10.096052
31.895505 27.804072 10.096052
-1.765365 26.378528 10.663552
32.216635 26.378528 10.663552
17.529275 28.592115 10.029278
28.672313 -1.713712 6.261353
28.672313 32.268288 6.261353
-4.699711 -2.397430 6.417501
-4.699711 31.584570 6.417501
29.282289 -2.397430 6.417501
29.282289 31.584570 6.417501
28.592115 -0.538275 6.961722
28.592115 33.443725 6.961722
-4.247750 16.991000 8.495500
29.734250 16.991000 8.495500
18.704712 22.300687 6.261353
19.388430 21.690711 6.417501
17.529275 22.380885 6.961722
22.300687 -1.713712 10.729647
22.300687 32.268288 10.729647
21.690711 -2.397430 10.573499
21.690711 31.584570 10.573499
24.224069 18.346882 9.197228
23.168928 19.077495 10.096052
24.594472 18.756365 10.663552
22.380885 -0.538275 10.029278
22.380885 33.443725 10.029278
28.672313 18.704712 10.729647
-4.699711 19.388430 10.573499
29.282289 19.388430 10.573499
28.592115 17.529275 10.029278
-2.089043 25.620729 2.089043
-2.089043 25.620729 36.071043
31.892957 25.620729 2.089043
31.892957 25.620729 36.071043
-2.234147 23.772788 3.185812
-2.234147 23.772788 37.167812
31.747853 23.772788 3.185812
31.747853 23.772788 37.167812
-2.077999 23.089070 3.795789
-2.077999 23.089070 37.777789
31.904001 23.089070 3.795789
31.904001 23.089070 37.777789
-1.533778 24.948225 3.105615
-1.533778 24.948225 37.087615
32.448222 24.948225 3.105615
32.448222 24.948225 37.087615
25.620729 19.080043 14.901957
23.772788 19.225147 13.805187
23.089070 19.068999 13.195211
24.948225 18.524778 13.885385
19.080043 25.352271 2.089043
19.080043 25.352271 36.071043
19.225147 27.200212 3.185812
19.225147 27.200212 37.167812
19.068999 27.883930 3.795789
19.068999 27.883930 37.777789
18.586455 24.033769 1.595455
18.586455 24.033770 35.577455
17.692728 24.130618 1.262431
17.692728 24.130618 35.244431
18.591552 23.400005 2.317572
18.591552 23.400005 36.299572
19.159052 23.721135 0.892027
19.159052 23.721135 34.874028
18.524778 26.024775 3.105615
18.524778 26.024775 37.087615
25.352271 -2.089043 14.901957
25.352271 31.892957 14.901957
27.200212 -2.234147 13.805187
27.200212 31.747853 13.805187
27.883930 -2.077999 13.195211
27.883930 31.904001 13.195211
24.033769 -1.595455 15.395545
24.033770 32.386545 15.395545
24.130618 -0.701728 15.728569
24.130618 33.280272 15.728569
23.400005 -1.600552 14.673428
23.400005 32.381448 14.673428
23.721135 -2.168052 16.098972
23.721135 31.813948 16.098972
26.024775 -1.533778 13.885385
26.024775 32.448222 13.885385
-2.089043 25.352271 14.901957
31.892957 25.352271 14.901957
-2.234147 27.200212 13.805187
31.747853 27.200212 13.805187
-2.077999 27.883930 13.195211
31.904001 27.883930 13.195211
-1.595455 24.033769 15.395545
32.386545 24.033769 15.395545
-0.701728 24.130618 15.728569
33.280272 24.130618 15.728569
-1.600552 23.400005 14.673428
32.381448 23.400005 14.673428
-2.168052 23.721135 16.098972
31.813948 23.721135 16.098972
-1.533778 26.024775 13.885385
32.448222 26.024775 13.885385
25.352271 19.080043 2.089043
25.352271 19.080043 36.071043
27.200212 19.225147 3.185812
27.200212 19.225147 37.167812
27.883930 19.068999 3.795789
27.883930 19.068999 37.777789
24.033769 18.586455 1.595455
24.033770 18.586455 35.577455
26.024775 18.524778 3.105615
26.024775 18.524778 37.087615
19.080043 25.620729 14.901957
19.225147 23.772788 13.805187
19.068999 23.089070 13.195211
18.586455 26.939230 15.395545
18.524778 24.948225 13.885385
25.620729 -2.089043 2.089043
25.620729 -2.089043 36.071043
25.620729 31.892957 2.089043
25.620729 31.892957 36.071043
23.772788 -2.234147 3.185812
23.772788 -2.234147 37.167812
23.772788 31.747853 3.185812
23.772788 31.747853 37.167812
23.089070 -2.077999 3.795789
23.089070 -2.077999 37.777789
23.089070 31.904001 3.795789
23.089070 31.904001 37.777789
26.939230 -1.595455 1.595455
26.939230 -1.595455 35.577455
26.939230 32.386545 1.595455
26.939231 32.386545 35.577455
24.948225 -1.533778 3.105615
24.948225 -1.533778 37.087615
24.948225 32.448222 3.105615
24.948225 32.448222 37.087615
19.080043 -2.089043 8.629729
19.080043 31.892957 8.629729
20.176813 -2.234147 6.781788
20.176813 31.747853 6.781788
20.786789 -2.077999 6.098070
20.786789 31.904001 6.098070
18.586455 -1.595455 9.948230
18.586455 32.386545 9.948230
20.096615 -1.533778 7.957225
20.096615 32.448222 7.957225
-2.089043 -2.089043 8.361271
-2.089043 31.892957 8.361271
31.892957 -2.089043 8.361271
31.892957 31.892957 8.361271
-2.234147 -3.185813 10.209212
-2.234147 30.796187 10.209212
31.747853 -3.185813 10.209212
31.747853 30.796187 10.209212
-2.077999 -3.795789 10.892930
-2.077999 30.186211 10.892930
31.904001 -3.795789 10.892930
31.904001 30.186211 10.892930
-1.595455 -1.595455 7.042769
-1.595455 32.386545 7.042769
32.386545 -1.595455 7.042769
32.386545 32.386545 7.042769
-0.701728 -1.262431 7.139618
-0.701728 32.719569 7.139618
33.280272 -1.262431 7.139618
33.280272 32.719569 7.139618
-1.600552 -2.317572 6.409005
-1.600552 31.664428 6.409005
32.381448 -2.317572 6.409005
32.381448 31.664428 6.409005
-2.168052 -0.892028 6.730135
-2.168052 33.089972 6.730135
31.813948 -0.892028 6.730135
31.813948 33.089972 6.730135
-1.533778 -3.105615 9.033775
-1.533778 30.876385 9.033775
32.448222 -3.105615 9.033775
32.448222 30.876385 9.033775
-2.089043 19.080043 8.629729
31.892957 19.080043 8.629729
-3.185813 19.225147 6.781788
30.796187 19.225147 6.781788
-3.795789 19.068999 6.098070
30.186211 19.068999 6.098070
-1.595455 18.586455 9.948230
32.386545 18.586455 9.948230
-3.105615 18.524778 7.957225
30.876385 18.524778 7.957225
19.080043 19.080043 8.361271
19.225147 20.176813 10.209212
19.068999 20.786789 10.892930
18.586455 18.586455 7.042769
17.692728 18.253431 7.139618
18.591552 19.308572 6.409005
19.159052 17.883028 6.730135
18.524778 20.096615 9.033775
20.176813 19.225147 10.209212
20.786789 19.068999 10.892930
20.096615 18.524778 9.033775
19.225147 -3.185813 6.781788
19.225147 30.796187 6.781788
19.068999 -3.795789 6.098070
19.068999 30.186211 6.098070
17.692728 -1.262431 9.851382
17.692728 32.719569 9.851382
18.591552 -2.317572 10.581995
18.591552 31.664428 10.581995
19.159052 -0.892028 10.260865
19.159052 33.089972 10.260865
18.524778 -3.105615 7.957225
18.524778 30.876385 7.957225
-3.185813 -2.234147 10.209212
-3.185813 31.747853 10.209212
30.796187 -2.234147 10.209212
30.796187 31.747853 10.209212
-3.795789 -2.077999 10.892930
-3.795789 31.904001 10.892930
30.186211 -2.077999 10.892930
30.186211 31.904001 10.892930
-3.105615 -1.533778 9.033775
-3.105615 32.448222 9.033775
30.876385 -1.533778 9.033775
30.876385 32.448222 9.033775
-2.234147 20.176813 6.781788
31.747853 20.176813 6.781788
-2.077999 20.786789 6.098070
31.904001 20.786789 6.098070
-0.701728 18.253431 9.851382
33.280272 18.253431 9.851382
-1.600552 19.308572 10.581995
32.381448 19.308572 10.581995
-2.168052 17.883028 10.260865
31.813948 17.883028 10.260865
-1.533778 20.096615 7.957225
32.448222 20.096615 7.957225
23.772788 20.176813 14.756853
23.089070 20.786789 14.913001
24.948225 20.096615 15.457222
23.772788 -3.185813 2.234147
23.772788 -3.185813 36.216147
23.772788 30.796187 2.234147
23.772788 30.796187 36.216147
23.089070 -3.795789 2.077999
23.089070 -3.795789 36.059999
23.089070 30.186211 2.077999
23.089070 30.186211 36.059999
26.842382 -1.262431 0.701728
26.842382 -1.262431 34.683728
26.842382 32.719569 0.701728
26.842382 32.719569 34.683728
27.572995 -2.317572 1.600552
27.572995 -2.317572 35.582552
27.572995 31.664428 1.600552
27.572995 31.664428 35.582552
27.251865 -0.892028 2.168052
27.251865 -0.892028 36.150052
27.251865 33.089972 2.168052
27.251865 33.089972 36.150052
24.948225 -3.105615 1.533778
24.948225 -3.105615 35.515778
24.948225 30.876385 1.533778
24.948225 30.876385 35.515778
-3.185813 27.200212 14.756853
30.796187 27.200212 14.756853
-3.795789 27.883930 14.913001
30.186211 27.883930 14.913001
-3.105615 26.024775 15.457222
30.876385 26.024775 15.457222
27.200212 20.176813 2.234147
27.200212 20.176813 36.216147
27.883930 20.786789 2.077999
27.883930 20.786789 36.059999
24.130618 18.253431 0.701728
24.130618 18.253431 34.683728
23.400005 19.308572 1.600552
23.400005 19.308572 35.582552
23.721135 17.883028 2.168052
23.721135 17.883028 36.150052
26.024775 20.096615 1.533778
26.024775 20.096615 35.515778
20.176813 23.772788 14.756853
20.786789 23.089070 14.913001
18.253431 26.842382 16.289272
19.308572 27.572995 15.390448
17.883028 27.251865 14.822948
20.096615 24.948225 15.457222
27.200212 -3.185813 14.756853
27.200212 30.796187 14.756853
27.883930 -3.795789 14.913001
27.883930 30.186211 14.913001
26.024775 -3.105615 15.457222
26.024775 30.876385 15.457222
-3.185813 23.772788 2.234147
-3.185812 23.772788 36.216147
30.796187 23.772788 2.234147
30.796187 23.772788 36.216147
-3.795789 23.089070 2.077999
-3.795789 23.089070 36.059999
30.186211 23.089070 2.077999
30.186211 23.089070 36.059999
-3.105615 24.948225 1.533778
-3.105615 24.948225 35.515778
30.876385 24.948225 1.533778
30.876385 24.948225 35.515778
20.176813 27.200212 2.234147
20.176813 27.200212 36.216147
20.786789 27.883930 2.077999
20.786789 27.883930 36.059999
20.096615 26.024775 1.533778
20.096615 26.024775 35.515778
27.089194 27.089194 15.557607
27.634448 26.140303 15.018498
26.140303 27.634448 15.018498
-1.602694 26.919893 1.602694
-1.602694 26.919893 35.584694
32.379306 26.919893 1.602694
32.379306 26.919893 35.584694
-2.390335 27.829412 1.400875
-2.390335 27.829412 35.382875
31.591665 27.829412 1.400875
31.591665 27.829412 35.382875
-0.411415 27.088592 1.400875
-0.411415 27.088592 35.382875
33.570585 27.088592 1.400875
33.570585 27.088592 35.382875
27.089194 -1.433393 10.098194
27.089194 32.548607 10.098194
27.876835 -2.342912 9.896375
27.876835 31.639088 9.896375
25.897915 -1.602092 9.896375
25.897915 32.379908 9.896375
23.883806 23.883806 15.557607
23.338552 24.832697 15.018498
24.832697 23.338552 15.018498
26.919893 18.593694 15.388306
27.829412 19.381335 15.590125
27.088592 17.402415 15.590125
23.883806 -1.433393 6.892806
23.883806 32.548607 6.892806
25.075085 -1.602092 7.094625
25.075085 32.379908 7.094625
23.096165 -2.342912 7.094625
23.096165 31.639088 7.094625
23.397457 17.125229 27.575543
23.252353 -1.713712 28.672313
23.252353 32.268288 28.672313
23.408501 -2.397430 -4.699711
23.408501 -2.397430 29.282289
23.408501 31.584570 -4.699711
23.408501 31.584570 29.282289
23.891045 18.443730 27.081955
23.952722 -0.538275 28.592115
23.952722 33.443725 28.592115
25.486500 16.991000 -4.247750
25.486500 16.991000 29.734250
17.125229 27.575543 23.397457
-1.713712 27.720647 22.300687
32.268288 27.720647 22.300687
-2.397430 27.564499 21.690711
31.584570 27.564499 21.690711
18.443730 27.081955 23.891045
-0.538275 27.020278 22.380885
33.443725 27.020278 22.380885
16.991000 25.486500 21.238750
27.575543 -0.134229 27.575543
27.575543 33.847771 27.575543
27.720647 18.704712 28.672313
27.564499 19.388430 -4.699711
27.564499 19.388430 29.282289
27.020278 17.529275 28.592115
-0.134229 23.397457 23.397457
33.847771 23.397457 23.397457
18.704712 23.252353 22.300687
19.388430 23.408501 21.690711
-1.452730 23.891045 23.891045
32.529269 23.891045 23.891045
-1.355882 24.784772 24.224069
32.626118 24.784772 24.224069
-2.086495 23.885948 23.168928
31.895505 23.885948 23.168928
-1.765365 23.318448 24.594472
32.216635 23.318448 24.594472
17.529275 23.952722 22.380885
23.397457 -0.134229 23.397457
23.397457 33.847771 23.397457
23.252353 18.704712 22.300687
23.408501 19.388430 21.690711
23.952722 17.529275 22.380885
25.486500 16.991000 21.238750
-0.134229 27.575543 27.575543
33.847771 27.575543 27.575543
18.704712 27.720647 28.672313
19.388430 27.564499 -4.699711
19.388430 27.564499 29.282289
-1.452730 27.081955 27.081955
32.529269 27.081955 27.081955
17.529275 27.020278 28.592115
16.991000 25.486500 -4.247750
16.991000 25.486500 29.734250
27.575543 17.125229 23.397457
27.720647 -1.713712 22.300687
27.720647 32.268288 22.300687
27.564499 -2.397430 21.690711
27.564499 31.584570 21.690711
27.081955 18.443730 23.891045
26.188228 18.346882 24.224069
27.087052 19.077495 23.168928
27.654552 18.756365 24.594472
27.020278 -0.538275 22.380885
27.020278 33.443725 22.380885
17.125229 23.397457 27.575543
-1.713712 23.252353 28.672313
32.268288 23.252353 28.672313
-2.397430 23.408501 -4.699711
-2.397430 23.408501 29.282289
31.584570 23.408501 -4.699711
31.584570 23.408501 29.282289
18.443730 23.891045 27.081955
18.346882 24.784772 26.748931
19.077495 23.885948 27.804072
18.756365 23.318448 26.378528
-0.538275 23.952722 28.592115
33.443725 23.952722 28.592115
27.575543 23.397457 17.125229
28.672313 23.252353 -1.713712
28.672313 23.252353 32.268288
-4.699711 23.408501 -2.397430
-4.699711 23.408501 31.584570
29.282289 23.408501 -2.397430
29.282289 23.408501 31.584570
27.081955 23.891045 18.443730
28.592115 23.952722 -0.538275
28.592115 23.952722 33.443725
-4.247750 25.486500 16.991000
29.734250 25.486500 16.991000
23.397457 23.397457 -0.134229
23.397457 23.397457 33.847771
23.252353 22.300687 18.704712
23.408501 21.690711 19.388430
23.952722 22.380885 17.529275
25.486500 21.238750 16.991000
23.397457 27.575543 17.125229
22.300687 27.720647 -1.713712
22.300687 27.720647 32.268288
21.690711 27.564499 -2.397430
21.690711 27.564499 31.584570
23.891045 27.081955 18.443730
22.380885 27.020278 -0.538275
22.380885 27.020278 33.443725
21.238750 25.486500 16.991000
27.575543 27.575543 -0.134229
27.575543 27.575543 33.847771
27.720647 28.672313 18.704712
27.564499 -4.699711 19.388430
27.564499 29.282289 19.388430
27.020278 28.592115 17.529275
25.486500 -4.247750 16.991000
25.486500 29.734250 16.991000
28.672313 27.720647 18.704712
-4.699711 27.564499 19.388430
29.282289 27.564499 19.388430
28.592115 27.020278 17.529275
27.720647 22.300687 -1.713712
27.720647 22.300687 32.268288
27.564499 21.690711 -2.397430
27.564499 21.690711 31.584570
26.188228 24.224069 18.346882
27.087052 23.168928 19.077495
27.654552 24.594472 18.756365
27.020278 22.380885 -0.538275
27.020278 22.380885 33.443725
22.300687 23.252353 18.704712
21.690711 23.408501 19.388430
22.380885 23.952722 17.529275
23.252353 28.672313 -1.713712
23.252353 28.672313 32.268288
23.408501 -4.699711 -2.397430
23.408501 -4.699711 31.584570
23.408501 29.282289 -2.397430
23.408501 29.282289 31.584570
24.784772 26.748931 18.346882
23.885948 27.804072 19.077495
23.318448 26.378528 18.756365
23.952722 28.592115 -0.538275
23.952722 28.592115 33.443725
-1.713712 28.672313 23.252353
32.268288 28.672313 23.252353
-2.397430 -4.699711 23.408501
-2.397430 29.282289 23.408501
31.584570 -4.699711 23.408501
31.584570 29.282289 23.408501
18.346882 26.748931 24.784772
19.077495 27.804072 23.885948
18.756365 26.378528 23.318448
-0.538275 28.592115 23.952722
33.443725 28.592115 23.952722
16.991000 -4.247750 25.486500
16.991000 29.734250 25.486500
-1.713712 22.300687 27.720647
32.268288 22.300687 27.720647
-2.397430 21.690711 27.564499
31.584570 21.690711 27.564499
-0.538275 22.380885 27.020278
33.443725 22.380885 27.020278
16.991000 21.238750 25.486500
22.300687 18.704712 23.252353
21.690711 19.388430 23.408501
22.380885 17.529275 23.952722
21.238750 16.991000 25.486500
18.704712 28.672313 27.720647
19.388430 -4.699711 27.564499
19.388430 29.282289 27.564499
-1.355882 26.748931 26.188228
32.626118 26.748931 26.188228
-2.086495 27.804072 27.087052
31.895505 27.804072 27.087052
-1.765365 26.378528 27.654552
32.216635 26.378528 27.654552
17.529275 28.592115 27.020278
28.672313 -1.713712 23.252353
28.672313 32.268288 23.252353
-4.699711 -2.397430 23.408501
-4.699711 31.584570 23.408501
29.282289 -2.397430 23.408501
29.282289 31.584570 23.408501
28.592115 -0.538275 23.952722
28.592115 33.443725 23.952722
-4.247750 16.991000 25.486500
29.734250 16.991000 25.486500
18.704712 22.300687 23.252353
19.388430 21.690711 23.408501
17.529275 22.380885 23.952722
22.300687 -1.713712 27.720647
22.300687 32.268288 27.720647
21.690711 -2.397430 27.564499
21.690711 31.584570 27.564499
24.224069 18.346882 26.188228
23.168928 19.077495 27.087052
24.594472 18.756365 27.654552
22.380885 -0.538275 27.020278
22.380885 33.443725 27.020278
28.672313 18.704712 27.720647
-4.699711 19.388430 27.564499
29.282289 19.388430 27.564499
28.592115 17.529275 27.020278
-2.089043 25.620729 19.080043
31.892957 25.620729 19.080043
-2.234147 23.772788 20.176813
31.747853 23.772788 20.176813
-2.077999 23.089070 20.786789
31.904001 23.089070 20.786789
-1.533778 24.948225 20.096615
32.448222 24.948225 20.096615
25.620729 19.080043 -2.089043
25.620729 19.080043 31.892957
23.772788 19.225147 -3.185813
23.772788 19.225147 30.796187
23.089070 19.068999 -3.795789
23.089070 19.068999 30.186211
24.948225 18.524778 -3.105615
24.948225 18.524778 30.876385
19.080043 25.352271 19.080043
19.225147 27.200212 20.176813
19.068999 27.883930 20.786789
18.586455 24.033769 18.586455
17.692728 24.130618 18.253431
18.591552 23.400005 19.308572
19.159052 23.721135 17.883028
18.524778 26.024775 20.096615
25.352271 -2.089043 -2.089043
25.352271 -2.089043 31.892957
25.352271 31.892957 -2.089043
25.352271 31.892957 31.892957
27.200212 -2.234147 -3.185813
27.200212 -2.234147 30.796187
27.200212 31.747853 -3.185813
27.200212 31.747853 30.796187
27.883930 -2.077999 -3.795789
27.883930 -2.077999 30.186211
27.883930 31.904001 -3.795789
27.883930 31.904001 30.186211
24.033769 -1.595455 -1.595455
24.033770 -1.595455 32.386545
24.033770 32.386545 -1.595455
24.033770 32.386545 32.386545
24.130618 -0.701728 -1.262431
24.130618 -0.701728 32.719569
24.130618 33.280272 -1.262431
24.130618 33.280272 32.719569
23.400005 -1.600552 -2.317572
23.400005 -1.600552 31.664428
23.400005 32.381448 -2.317572
23.400005 32.381448 31.664428
23.721135 -2.168052 -0.892028
23.721135 -2.168052 33.089972
23.721135 31.813948 -0.892028
23.721135 31.813948 33.089972
26.024775 -1.533778 -3.105615
26.024775 -1.533778 30.876385
26.024775 32.448222 -3.105615
26.024775 32.448222 30.876385
-2.089043 25.352271 -2.089043
-2.089043 25.352271 31.892957
31.892957 25.352271 -2.089043
31.892957 25.352271 31.892957
-2.234147 27.200212 -3.185813
-2.234147 27.200212 30.796187
31.747853 27.200212 -3.185813
31.747853 27.200212 30.796187
-2.077999 27.883930 -3.795789
-2.077999 27.883930 30.186211
31.904001 27.883930 -3.795789
31.904001 27.883930 30.186211
-1.595455 24.033769 -1.595455
-1.595455 24.033770 32.386545
32.386545 24.033769 -1.595455
32.386545 24.033770 32.386545
-0.701728 24.130618 -1.262431
-0.701728 24.130618 32.719569
33.280272 24.130618 -1.262431
33.280272 24.130618 32.719569
-1.600552 23.400005 -2.317572
-1.600552 23.400005 31.664428
32.381448 23.400005 -2.317572
32.381448 23.400005 31.664428
-2.168052 23.721135 -0.892028
-2.168052 23.721135 33.089972
31.813948 23.721135 -0.892028
31.813948 23.721135 33.089972
-1.533778 26.024775 -3.105615
-1.533778 26.024775 30.876385
32.448222 26.024775 -3.105615
32.448222 26.024775 30.876385
25.352271 19.080043 19.080043
27.200212 19.225147 20.176813
27.883930 19.068999 20.786789
24.033769 18.586455 18.586455
26.024775 18.524778 20.096615
19.080043 25.620729 -2.089043
19.080043 25.620729 31.892957
19.225147 23.772788 -3.185813
19.225147 23.772788 30.796187
19.068999 23.089070 -3.795789
19.068999 23.089070 30.186211
18.586455 26.939230 -1.595455
18.586455 26.939230 32.386545
18.524778 24.948225 -3.105615
18.524778 24.948225 30.876385
25.620729 -2.089043 19.080043
25.620729 31.892957 19.080043
23.772788 -2.234147 20.176813
23.772788 31.747853 20.176813
23.089070 -2.077999 20.786789
23.089070 31.904001 20.786789
26.939230 -1.595455 18.586455
26.939230 32.386545 18.586455
24.948225 -1.533778 20.096615
24.948225 32.448222 20.096615
19.080043 -2.089043 25.620729
19.080043 31.892957 25.620729
20.176813 -2.234147 23.772788
20.176813 31.747853 23.772788
20.786789 -2.077999 23.089070
20.786789 31.904001 23.089070
18.586455 -1.595455 26.939230
18.586455 32.386545 26.939230
20.096615 -1.533778 24.948225
20.096615 32.448222 24.948225
-2.089043 -2.089043 25.352271
-2.089043 31.892957 25.352271
31.892957 -2.089043 25.352271
31.892957 31.892957 25.352271
-2.234147 -3.185813 27.200212
-2.234147 30.796187 27.200212
31.747853 -3.185813 27.200212
31.747853 30.796187 27.200212
-2.077999 -3.795789 27.883930
-2.077999 30.186211 27.883930
31.904001 -3.795789 27.883930
31.904001 30.186211 27.883930
-1.595455 -1.595455 24.033769
-1.595455 32.386545 24.033769
32.386545 -1.595455 24.033769
32.386545 32.386545 24.033769
-0.701728 -1.262431 24.130618
-0.701728 32.719569 24.130618
33.280272 -1.262431 24.130618
33.280272 32.719569 24.130618
-1.600552 -2.317572 23.400005
-1.600552 31.664428 23.400005
32.381448 -2.317572 23.400005
32.381448 31.664428 23.400005
-2.168052 -0.892028 23.721135
-2.168052 33.089972 23.721135
31.813948 -0.892028 23.721135
31.813948 33.089972 23.721135
-1.533778 -3.105615 26.024775
-1.533778 30.876385 26.024775
32.448222 -3.105615 26.024775
32.448222 30.876385 26.024775
-2.089043 19.080043 25.620729
31.892957 19.080043 25.620729
-3.185813 19.225147 23.772788
30.796187 19.225147 23.772788
-3.795789 19.068999 23.089070
30.186211 19.068999 23.089070
-1.595455 18.586455 26.939230
32.386545 18.586455 26.939230
-3.105615 18.524778 24.948225
30.876385 18.524778 24.948225
19.080043 19.080043 25.352271
19.225147 20.176813 27.200212
19.068999 20.786789 27.883930
18.586455 18.586455 24.033769
17.692728 18.253431 24.130618
18.591552 19.308572 23.400005
19.159052 17.883028 23.721135
18.524778 20.096615 26.024775
20.176813 19.225147 27.200212
20.786789 19.068999 27.883930
20.096615 18.524778 26.024775
19.225147 -3.185813 23.772788
19.225147 30.796187 23.772788
19.068999 -3.795789 23.089070
19.068999 30.186211 23.089070
17.692728 -1.262431 26.842382
17.692728 32.719569 26.842382
18.591552 -2.317572 27.572995
18.591552 31.664428 27.572995
19.159052 -0.892028 27.251865
19.159052 33.089972 27.251865
18.524778 -3.105615 24.948225
18.524778 30.876385 24.948225
-3.185813 -2.234147 27.200212
-3.185813 31.747853 27.200212
30.796187 -2.234147 27.200212
30.796187 31.747853 27.200212
-3.795789 -2.077999 27.883930
-3.795789 31.904001 27.883930
30.186211 -2.077999 27.883930
30.186211 31.904001 27.883930
-3.105615 -1.533778 26.024775
-3.105615 32.448222 26.024775
30.876385 -1.533778 26.024775
30.876385 32.448222 26.024775
-2.234147 20.176813 23.772788
31.747853 20.176813 23.772788
-2.077999 20.786789 23.089070
31.904001 20.786789 23.089070
-0.701728 18.253431 26.842382
33.280272 18.253431 26.842382
-1.600552 19.308572 27.572995
32.381448 19.308572 27.572995
-2.168052 17.883028 27.251865
31.813948 17.883028 27.251865
-1.533778 20.096615 24.948225
32.448222 20.096615 24.948225
23.772788 20.176813 -2.234147
23.772788 20.176813 31.747853
23.089070 20.786789 -2.077999
23.089070 20.786789 31.904001
24.948225 20.096615 -1.533778
24.948225 20.096615 32.448222
23.772788 -3.185813 19.225147
23.772788 30.796187 19.225147
23.089070 -3.795789 19.068999
23.089070 30.186211 19.068999
26.842382 -1.262431 17.692728
26.842382 32.719569 17.692728
27.572995 -2.317572 18.591552
27.572995 31.664428 18.591552
27.251865 -0.892028 19.159052
27.251865 33.089972 19.159052
24.948225 -3.105615 18.524778
24.948225 30.876385 18.524778
-3.185813 27.200212 -2.234147
-3.185813 27.200212 31.747853
30.796187 27.200212 -2.234147
30.796187 27.200212 31.747853
-3.795789 27.883930 -2.077999
-3.795789 27.883930 31.904001
30.186211 27.883930 -2.077999
30.186211 27.883930 31.904001
-3.105615 26.024775 -1.533778
-3.105615 26.024775 32.448222
30.876385 26.024775 -1.533778
30.876385 26.024775 32.448222
27.200212 20.176813 19.225147
27.883930 20.786789 19.068999
24.130618 18.253431 17.692728
23.400005 19.308572 18.591552
23.721135 17.883028 19.159052
26.024775 20.096615 18.524778
20.176813 23.772788 -2.234147
20.176813 23.772788 31.747853
20.786789 23.089070 -2.077999
20.786789 23.089070 31.904001
18.253431 26.842382 -0.701728
18.253431 26.842382 33.280272
19.308572 27.572995 -1.600552
19.308572 27.572995 32.381448
17.883028 27.251865 -2.168052
17.883028 27.251865 31.813948
20.096615 24.948225 -1.533778
20.096615 24.948225 32.448222
27.200212 -3.185813 -2.234147
27.200212 -3.185813 31.747853
27.200212 30.796187 -2.234147
27.200212 30.796187 31.747853
27.883930 -3.795789 -2.077999
27.883930 -3.795789 31.904001
27.883930 30.186211 -2.077999
27.883930 30.186211 31.904001
26.024775 -3.105615 -1.533778
26.024775 -3.105615 32.448222
26.024775 30.876385 -1.533778
26.024775 30.876385 32.448222
-3.185813 23.772788 19.225147
30.796187 23.772788 19.225147
-3.795789 23.089070 19.068999
30.186211 23.089070 19.068999
-3.105615 24.948225 18.524778
30.876385 24.948225 18.524778
20.176813 27.200212 19.225147
20.786789 27.883930 19.068999
20.096615 26.024775 18.524778
27.089194 27.089194 -1.433393
27.089194 27.089194 32.548607
27.634448 26.140303 -1.972502
27.634448 26.140303 32.009498
26.140303 27.634448 -1.972502
26.140303 27.634448 32.009498
-1.602694 26.919893 18.593694
32.379306 26.919893 18.593694
-2.390335 27.829412 18.391875
31.591665 27.829412 18.391875
-0.411415 27.088592 18.391875
33.570585 27.088592 18.391875
27.089194 -1.433393 27.089194
27.089194 32.548607 27.089194
27.876835 -2.342912 26.887375
27.876835 31.639088 26.887375
25.897915 -1.602092 26.887375
25.897915 32.379908 26.887375
23.883806 23.883806 -1.433393
23.883806 23.883806 32.548607
23.338552 24.832697 -1.972502
23.338552 24.832697 32.009498
24.832697 23.338552 -1.972502
24.832697 23.338552 32.009498
26.919893 18.593694 -1.602694
26.919893 18.593694 32.379306
27.829412 19.381335 -1.400875
27.829412 19.381335 32.581125
27.088592 17.402415 -1.400875
27.088592 17.402415 32.581125
23.883806 -1.433393 23.883806
23.883806 32.548607 23.883806
25.075085 -1.602092 24.085625
25.075085 32.379908 24.085625
23.096165 -2.342912 24.085625
23.096165 31.639088 24.085625
LINES 4596 13788
2 0 4
2 0 1079
2 0 1290
2 1 5
2 1 1080
2 1 1291
2 2 3
2 2 6
2 2 220
2 4 223
2 4 225
2 4 227
2 5 224
2 5 226
2 5 228
2 6 1073
2 6 1081
2 7 26
2 7 250
2 7 1079
2 7 1353
2 8 27
2 8 251
2 8 1080
2 8 1354
2 9 14
2 9 2150
2 9 2304
2 10 15
2 10 2151
2 10 2305
2 11 12
2 11 16
2 11 167
2 14 169
2 14 171
2 14 173
2 15 170
2 15 172
2 15 174
2 16 2142
2 16 2152
2 17 39
2 17 280
2 17 2150
2 17 2375
2 18 281
2 18 2376
2 19 40
2 19 282
2 19 2151
2 19 2377
2 20 283
2 20 2378
2 21 526
2 21 1098
2 21 1294
2 22 24
2 22 26
2 22 230
2 23 25
2 23 27
2 23 231
2 26 1094
2 27 1095
2 28 35
2 28 2174
2 28 2345
2 29 31
2 29 39
2 29 212
2 30 33
2 30 40
2 30 213
2 35 36
2 35 37
2 35 38
2 39 2161
2 40 2162
2 41 538
2 41 1117
2 41 1254
2 42 44
2 42 48
2 42 186
2 43 46
2 43 49
2 43 187
2 48 50
2 48 1112
2 49 52
2 49 1113
2 50 316
2 50 1141
2 50 1399
2 51 317
2 51 1400
2 52 318
2 52 1142
2 52 1401
2 53 319
2 53 1402
2 54 59
2 54 2194
2 54 2333
2 55 57
2 55 60
2 55 198
2 56 58
2 56 61
2 56 199
2 59 202
2 59 203
2 59 204
2 60 62
2 60 2188
2 61 63
2 61 2189
2 62 328
2 62 2219
2 62 2425
2 63 329
2 63 2220
2 63 2426
2 64 69
2 64 1141
2 64 1272
2 65 70
2 65 1142
2 65 1273
2 66 67
2 66 77
2 66 207
2 69 71
2 69 73
2 69 75
2 70 72
2 70 74
2 70 76
2 77 1118
2 77 1130
2 78 82
2 78 2219
2 78 2313
2 79 83
2 79 2220
2 79 2314
2 80 81
2 80 90
2 80 178
2 82 84
2 82 86
2 82 88
2 83 85
2 83 87
2 83 89
2 90 2195
2 90 2210
2 91 95
2 91 638
2 91 679
2 92 96
2 92 639
2 92 680
2 93 94
2 93 97
2 93 140
2 95 143
2 95 145
2 95 147
2 96 144
2 96 146
2 96 148
2 97 632
2 97 640
2 98 138
2 98 503
2 98 638
2 98 987
2 99 139
2 99 504
2 99 639
2 99 988
2 100 529
2 100 646
2 100 684
2 101 103
2 101 107
2 101 150
2 102 104
2 102 108
2 102 151
2 107 109
2 107 641
2 108 110
2 108 642
2 109 480
2 109 679
2 109 973
2 110 481
2 110 680
2 110 974
2 111 482
2 111 975
2 112 483
2 112 976
2 113 118
2 113 657
2 113 692
2 114 119
2 114 658
2 114 693
2 115 116
2 115 120
2 115 158
2 118 160
2 118 162
2 118 164
2 119 161
2 119 163
2 119 165
2 120 649
2 120 659
2 121 156
2 121 513
2 121 657
2 121 1021
2 122 157
2 122 514
2 122 658
2 122 1022
2 123 515
2 123 1023
2 124 516
2 124 1024
2 125 517
2 125 665
2 125 669
2 126 128
2 126 130
2 126 134
2 127 129
2 127 131
2 127 135
2 130 132
2 130 661
2 131 133
2 131 662
2 132 455
2 132 692
2 132 1029
2 133 456
2 133 693
2 133 1030
2 134 136
2 134 138
2 135 137
2 135 139
2 138 661
2 139 662
2 140 141
2 140 149
2 149 632
2 149 647
2 150 152
2 150 156
2 151 153
2 151 157
2 156 641
2 157 642
2 158 159
2 158 166
2 166 649
2 166 666
2 167 168
2 167 175
2 175 2142
2 175 2306
2 176 205
2 176 422
2 176 2304
2 176 2481
2 177 206
2 177 423
2 177 2305
2 177 2482
2 178 179
2 178 181
2 181 2210
2 181 2315
2 182 218
2 182 396
2 182 2313
2 182 2557
2 183 397
2 183 2558
2 184 219
2 184 398
2 184 2314
2 184 2559
2 185 399
2 185 2560
2 186 188
2 186 192
2 187 189
2 187 193
2 192 194
2 192 1112
2 193 195
2 193 1113
2 194 408
2 194 1290
2 194 1419
2 195 409
2 195 1291
2 195 1420
2 196 410
2 196 1421
2 197 411
2 197 1422
2 198 200
2 198 205
2 199 201
2 199 206
2 205 2188
2 206 2189
2 207 208
2 207 209
2 209 1130
2 209 1274
2 210 234
2 210 366
2 210 1272
2 210 1494
2 211 235
2 211 367
2 211 1273
2 211 1495
2 212 214
2 212 218
2 213 216
2 213 219
2 218 2161
2 219 2162
2 220 221
2 220 229
2 229 1073
2 229 1255
2 230 232
2 230 234
2 231 233
2 231 235
2 234 1094
2 235 1095
2 236 242
2 236 503
2 236 520
2 237 243
2 237 504
2 237 521
2 238 240
2 238 242
2 238 499
2 239 241
2 239 243
2 239 500
2 242 2152
2 243 2153
2 244 250
2 244 443
2 244 532
2 245 251
2 245 444
2 245 533
2 246 248
2 246 250
2 246 439
2 247 249
2 247 251
2 247 440
2 252 264
2 252 280
2 252 513
2 253 265
2 253 281
2 253 514
2 254 266
2 254 282
2 254 515
2 255 267
2 255 283
2 255 516
2 256 260
2 256 280
2 256 505
2 257 261
2 257 281
2 257 506
2 258 262
2 258 282
2 258 507
2 259 263
2 259 283
2 259 508
2 264 268
2 264 272
2 264 276
2 265 269
2 265 273
2 265 277
2 266 270
2 266 274
2 266 278
2 267 271
2 267 275
2 267 279
2 284 287
2 284 291
2 284 498
2 285 286
2 285 291
2 285 496
2 287 288
2 287 289
2 287 290
2 291 1081
2 292 295
2 292 299
2 292 459
2 293 294
2 293 299
2 293 457
2 295 296
2 295 297
2 295 298
2 299 2195
2 300 312
2 300 316
2 300 480
2 301 313
2 301 317
2 301 481
2 302 314
2 302 318
2 302 482
2 303 315
2 303 319
2 303 483
2 304 308
2 304 316
2 304 460
2 305 309
2 305 317
2 305 461
2 306 310
2 306 318
2 306 462
2 307 311
2 307 319
2 307 463
2 312 468
2 312 472
2 312 476
2 313 469
2 313 473
2 313 477
2 314 470
2 314 474
2 314 478
2 315 471
2 315 475
2 315 479
2 320 326
2 320 328
2 320 494
2 321 327
2 321 329
2 321 495
2 322 324
2 322 328
2 322 484
2 323 325
2 323 329
2 323 485
2 326 488
2 326 490
2 326 492
2 327 489
2 327 491
2 327 493
2 330 336
2 330 338
2 330 455
2 331 337
2 331 339
2 331 456
2 332 334
2 332 338
2 332 445
2 333 335
2 333 339
2 333 446
2 336 449
2 336 451
2 336 453
2 337 450
2 337 452
2 337 454
2 338 1118
2 339 1119
2 340 346
2 340 348
2 340 422
2 341 347
2 341 349
2 341 423
2 342 344
2 342 348
2 342 412
2 343 345
2 343 349
2 343 413
2 346 416
2 346 418
2 346 420
2 347 417
2 347 419
2 347 421
2 348 1255
2 349 1256
2 350 353
2 350 357
2 350 426
2 351 352
2 351 357
2 351 424
2 353 354
2 353 355
2 353 356
2 357 2306
2 358 364
2 358 366
2 358 437
2 359 365
2 359 367
2 359 438
2 360 362
2 360 366
2 360 427
2 361 363
2 361 367
2 361 428
2 364 431
2 364 433
2 364 435
2 365 432
2 365 434
2 365 436
2 368 380
2 368 396
2 368 408
2 369 381
2 369 397
2 369 409
2 370 382
2 370 398
2 370 410
2 371 383
2 371 399
2 371 411
2 372 376
2 372 396
2 372 400
2 373 377
2 373 397
2 373 401
2 374 378
2 374 398
2 374 402
2 375 379
2 375 399
2 375 403
2 380 384
2 380 388
2 380 392
2 381 385
2 381 389
2 381 393
2 382 386
2 382 390
2 382 394
2 383 387
2 383 391
2 383 395
2 400 404
2 400 408
2 401 405
2 401 409
2 402 406
2 402 410
2 403 407
2 403 411
2 412 414
2 412 422
2 413 415
2 413 423
2 424 425
2 424 426
2 426 1274
2 427 429
2 427 437
2 428 430
2 428 438
2 437 2315
2 438 2316
2 439 441
2 439 443
2 440 442
2 440 444
2 443 647
2 444 648
2 445 447
2 445 455
2 446 448
2 446 456
2 457 458
2 457 459
2 459 640
2 460 464
2 460 480
2 461 465
2 461 481
2 462 466
2 462 482
2 463 467
2 463 483
2 484 486
2 484 494
2 485 487
2 485 495
2 494 659
2 495 660
2 496 497
2 496 498
2 498 666
2 499 501
2 499 503
2 500 502
2 500 504
2 505 509
2 505 513
2 506 510
2 506 514
2 507 511
2 507 515
2 508 512
2 508 516
2 517 518
2 517 519
2 520 522
2 520 524
2 521 523
2 521 525
2 526 527
2 526 528
2 529 530
2 529 531
2 532 534
2 532 536
2 533 535
2 533 537
2 538 539
2 538 540
2 541 546
2 541 1615
2 541 1810
2 542 547
2 542 1616
2 542 1811
2 543 545
2 543 548
2 543 747
2 546 750
2 546 752
2 546 754
2 547 751
2 547 753
2 547 755
2 548 1607
2 548 1618
2 549 779
2 549 1871
2 550 569
2 550 780
2 550 1615
2 550 1872
2 551 781
2 551 1873
2 552 570
2 552 782
2 552 1616
2 552 1874
2 553 557
2 553 2684
2 553 2823
2 554 558
2 554 2685
2 554 2824
2 555 556
2 555 559
2 555 694
2 557 696
2 557 698
2 557 700
2 558 697
2 558 699
2 558 701
2 559 2678
2 559 2686
2 560 580
2 560 797
2 560 2684
2 560 2888
2 561 581
2 561 798
2 561 2685
2 561 2889
2 562 1049
2 562 1633
2 562 1814
2 563 566
2 563 569
2 563 757
2 564 568
2 564 570
2 564 758
2 569 1628
2 570 1629
2 571 576
2 571 2708
2 571 2864
2 572 574
2 572 580
2 572 739
2 573 575
2 573 581
2 573 740
2 576 577
2 576 578
2 576 579
2 580 2696
2 581 2697
2 582 1070
2 582 1649
2 582 1774
2 583 585
2 583 587
2 583 713
2 584 586
2 584 588
2 584 714
2 587 589
2 587 1645
2 588 590
2 588 1646
2 589 839
2 589 1674
2 589 1924
2 590 840
2 590 1675
2 590 1925
2 591 598
2 591 2725
2 591 2852
2 592 595
2 592 599
2 592 725
2 593 597
2 593 600
2 593 726
2 598 729
2 598 730
2 598 731
2 599 602
2 599 2718
2 600 604
2 600 2719
2 601 857
2 601 2958
2 602 858
2 602 2752
2 602 2959
2 603 859
2 603 2960
2 604 860
2 604 2753
2 604 2961
2 605 609
2 605 1674
2 605 1792
2 606 610
2 606 1675
2 606 1793
2 607 608
2 607 617
2 607 734
2 609 611
2 609 613
2 609 615
2 610 612
2 610 614
2 610 616
2 617 1650
2 617 1665
2 618 623
2 618 2752
2 618 2832
2 619 624
2 619 2753
2 619 2833
2 620 622
2 620 631
2 620 705
2 623 625
2 623 627
2 623 629
2 624 626
2 624 628
2 624 630
2 631 2727
2 631 2741
2 632 637
2 633 635
2 633 638
2 633 670
2 634 636
2 634 639
2 634 671
2 637 676
2 637 677
2 637 678
2 640 669
2 640 1033
2 641 1052
2 642 1053
2 643 644
2 643 646
2 643 681
2 646 647
2 647 999
2 648 1000
2 649 656
2 650 652
2 650 657
2 650 685
2 651 653
2 651 658
2 651 686
2 656 689
2 656 690
2 656 691
2 659 684
2 659 1038
2 660 1039
2 661 1040
2 662 1041
2 663 664
2 663 665
2 663 667
2 665 666
2 666 982
2 667 668
2 667 669
2 670 672
2 670 679
2 671 673
2 671 680
2 681 682
2 681 684
2 685 687
2 685 692
2 686 688
2 686 693
2 694 695
2 694 702
2 702 2678
2 702 2825
2 703 732
2 703 948
2 703 2823
2 703 3006
2 704 733
2 704 949
2 704 2824
2 704 3007
2 705 706
2 705 708
2 708 2741
2 708 2834
2 709 745
2 709 922
2 709 2832
2 709 3082
2 710 923
2 710 3083
2 711 746
2 711 924
2 711 2833
2 711 3084
2 712 925
2 712 3085
2 713 715
2 713 719
2 714 716
2 714 720
2 719 721
2 719 1645
2 720 722
2 720 1646
2 721 934
2 721 1810
2 721 1942
2 722 935
2 722 1811
2 722 1943
2 723 936
2 723 1944
2 724 937
2 724 1945
2 725 727
2 725 732
2 726 728
2 726 733
2 732 2718
2 733 2719
2 734 735
2 734 736
2 736 1665
2 736 1794
2 737 761
2 737 892
2 737 1792
2 737 2017
2 738 762
2 738 893
2 738 1793
2 738 2018
2 739 741
2 739 745
2 740 743
2 740 746
2 745 2696
2 746 2697
2 747 748
2 747 756
2 756 1607
2 756 1775
2 757 759
2 757 761
2 758 760
2 758 762
2 761 1628
2 762 1629
2 763 766
2 763 1033
2 763 1046
2 764 765
2 764 766
2 764 1031
2 766 2686
2 767 779
2 767 973
2 767 1058
2 768 780
2 768 974
2 768 1059
2 769 781
2 769 975
2 769 1060
2 770 782
2 770 976
2 770 1061
2 771 775
2 771 779
2 771 965
2 772 776
2 772 780
2 772 966
2 773 777
2 773 781
2 773 967
2 774 778
2 774 782
2 774 968
2 783 789
2 783 797
2 783 1038
2 784 790
2 784 798
2 784 1039
2 785 787
2 785 797
2 785 1034
2 786 788
2 786 798
2 786 1035
2 789 791
2 789 793
2 789 795
2 790 792
2 790 794
2 790 796
2 799 805
2 799 813
2 799 1029
2 800 806
2 800 814
2 800 1030
2 801 803
2 801 813
2 801 1025
2 802 804
2 802 814
2 802 1026
2 805 807
2 805 809
2 805 811
2 806 808
2 806 810
2 806 812
2 813 1617
2 814 1618
2 815 821
2 815 829
2 815 987
2 816 822
2 816 830
2 816 988
2 817 819
2 817 829
2 817 983
2 818 820
2 818 830
2 818 984
2 821 823
2 821 825
2 821 827
2 822 824
2 822 826
2 822 828
2 829 2726
2 830 2727
2 831 837
2 831 839
2 831 999
2 832 838
2 832 840
2 832 1000
2 833 835
2 833 839
2 833 989
2 834 836
2 834 840
2 834 990
2 837 993
2 837 995
2 837 997
2 838 994
2 838 996
2 838 998
2 841 853
2 841 857
2 841 1021
2 842 854
2 842 858
2 842 1022
2 843 855
2 843 859
2 843 1023
2 844 856
2 844 860
2 844 1024
2 845 849
2 845 857
2 845 1001
2 846 850
2 846 858
2 846 1002
2 847 851
2 847 859
2 847 1003
2 848 852
2 848 860
2 848 1004
2 853 1009
2 853 1013
2 853 1017
2 854 1010
2 854 1014
2 854 1018
2 855 1011
2 855 1015
2 855 1019
2 856 1012
2 856 1016
2 856 1020
2 861 864
2 861 865
2 861 982
2 862 863
2 862 865
2 862 977
2 864 979
2 864 980
2 864 981
2 865 1650
2 866 872
2 866 874
2 866 948
2 867 873
2 867 875
2 867 949
2 868 870
2 868 874
2 868 938
2 869 871
2 869 875
2 869 939
2 872 942
2 872 944
2 872 946
2 873 943
2 873 945
2 873 947
2 874 1775
2 875 1776
2 876 879
2 876 883
2 876 952
2 877 878
2 877 883
2 877 950
2 879 880
2 879 881
2 879 882
2 883 2825
2 884 890
2 884 892
2 884 963
2 885 891
2 885 893
2 885 964
2 886 888
2 886 892
2 886 953
2 887 889
2 887 893
2 887 954
2 890 957
2 890 959
2 890 961
2 891 958
2 891 960
2 891 962
2 894 906
2 894 922
2 894 934
2 895 907
2 895 923
2 895 935
2 896 908
2 896 924
2 896 936
2 897 909
2 897 925
2 897 937
2 898 902
2 898 922
2 898 926
2 899 903
2 899 923
2 899 927
2 900 904
2 900 924
2 900 928
2 901 905
2 901 925
2 901 929
2 906 910
2 906 914
2 906 918
2 907 911
2 907 915
2 907 919
2 908 912
2 908 916
2 908 920
2 909 913
2 909 917
2 909 921
2 926 930
2 926 934
2 927 931
2 927 935
2 928 932
2 928 936
2 929 933
2 929 937
2 938 940
2 938 948
2 939 941
2 939 949
2 950 951
2 950 952
2 952 1794
2 953 955
2 953 963
2 954 956
2 954 964
2 963 2834
2 964 2835
2 965 969
2 965 973
2 966 970
2 966 974
2 967 971
2 967 975
2 968 972
2 968 976
2 977 978
2 977 982
2 983 985
2 983 987
2 984 986
2 984 988
2 989 991
2 989 999
2 990 992
2 990 1000
2 1001 1005
2 1001 1021
2 1002 1006
2 1002 1022
2 1003 1007
2 1003 1023
2 1004 1008
2 1004 1024
2 1025 1027
2 1025 1029
2 1026 1028
2 1026 1030
2 1031 1032
2 1031 1033
2 1034 1036
2 1034 1038
2 1035 1037
2 1035 1039
2 1040 1042
2 1040 1044
2 1041 1043
2 1041 1045
2 1046 1047
2 1046 1048
2 1049 1050
2 1049 1051
2 1052 1054
2 1052 1056
2 1053 1055
2 1053 1057
2 1058 1062
2 1058 1066
2 1059 1063
2 1059 1067
2 1060 1064
2 1060 1068
2 1061 1065
2 1061 1069
2 1070 1071
2 1070 1072
2 1073 1078
2 1074 1076
2 1074 1079
2 1074 1281
2 1075 1077
2 1075 1080
2 1075 1282
2 1078 1287
2 1078 1288
2 1078 1289
2 1081 1098
2 1081 1306
2 1082 1087
2 1082 3208
2 1082 3356
2 1083 1088
2 1083 3209
2 1083 3357
2 1084 1085
2 1084 1089
2 1084 1232
2 1087 1235
2 1087 1237
2 1087 1239
2 1088 1236
2 1088 1238
2 1088 1240
2 1089 3200
2 1089 3210
2 1090 1110
2 1090 1335
2 1090 3208
2 1090 3419
2 1091 1336
2 1091 3420
2 1092 1111
2 1092 1337
2 1092 3209
2 1092 3421
2 1093 1338
2 1093 3422
2 1094 1589
2 1095 1590
2 1096 1097
2 1096 1098
2 1096 1292
2 1099 1106
2 1099 3230
2 1099 3393
2 1100 1102
2 1100 1110
2 1100 1275
2 1101 1104
2 1101 1111
2 1101 1276
2 1106 1107
2 1106 1108
2 1106 1109
2 1110 3217
2 1111 3218
2 1112 1601
2 1113 1602
2 1114 1115
2 1114 1117
2 1114 1251
2 1117 1118
2 1118 1371
2 1119 1372
2 1120 1125
2 1120 3245
2 1120 3380
2 1121 1123
2 1121 1126
2 1121 1257
2 1122 1124
2 1122 1127
2 1122 1258
2 1125 1263
2 1125 1264
2 1125 1265
2 1126 1128
2 1126 3239
2 1127 1129
2 1127 3240
2 1128 1381
2 1128 3269
2 1128 3473
2 1129 1382
2 1129 3270
2 1129 3474
2 1130 1137
2 1131 1133
2 1131 1141
2 1131 1268
2 1132 1135
2 1132 1142
2 1132 1269
2 1137 1138
2 1137 1139
2 1137 1140
2 1143 1147
2 1143 3269
2 1143 3364
2 1144 1148
2 1144 3270
2 1144 3365
2 1145 1146
2 1145 1155
2 1145 1246
2 1147 1149
2 1147 1151
2 1147 1153
2 1148 1150
2 1148 1152
2 1148 1154
2 1155 3246
2 1155 3260
2 1156 1160
2 1156 1696
2 1156 1735
2 1157 1161
2 1157 1697
2 1157 1736
2 1158 1159
2 1158 1162
2 1158 1205
2 1160 1207
2 1160 1209
2 1160 1211
2 1161 1208
2 1161 1210
2 1161 1212
2 1162 1690
2 1162 1698
2 1163 1203
2 1163 1566
2 1163 1696
2 1163 2047
2 1164 1204
2 1164 1567
2 1164 1697
2 1164 2048
2 1165 1595
2 1165 1703
2 1165 1740
2 1166 1168
2 1166 1170
2 1166 1214
2 1167 1169
2 1167 1171
2 1167 1215
2 1170 1172
2 1170 1699
2 1171 1173
2 1171 1700
2 1172 1542
2 1172 1735
2 1172 2029
2 1173 1543
2 1173 1736
2 1173 2030
2 1174 1179
2 1174 1713
2 1174 1750
2 1175 1180
2 1175 1714
2 1175 1751
2 1176 1177
2 1176 1181
2 1176 1222
2 1179 1225
2 1179 1227
2 1179 1229
2 1180 1226
2 1180 1228
2 1180 1230
2 1181 1705
2 1181 1715
2 1182 1220
2 1182 1576
2 1182 1713
2 1182 2075
2 1183 1221
2 1183 1577
2 1183 1714
2 1183 2076
2 1184 1578
2 1184 2077
2 1185 1579
2 1185 2078
2 1186 1580
2 1186 1722
2 1186 1727
2 1187 1191
2 1187 1193
2 1187 1199
2 1188 1192
2 1188 1194
2 1188 1200
2 1193 1197
2 1193 1717
2 1194 1198
2 1194 1718
2 1195 1525
2 1195 2087
2 1196 1526
2 1196 2088
2 1197 1527
2 1197 1750
2 1197 2089
2 1198 1528
2 1198 1751
2 1198 2090
2 1199 1201
2 1199 1203
2 1200 1202
2 1200 1204
2 1203 1717
2 1204 1718
2 1205 1206
2 1205 1213
2 1213 1690
2 1213 1704
2 1214 1216
2 1214 1220
2 1215 1217
2 1215 1221
2 1220 1699
2 1221 1700
2 1222 1224
2 1222 1231
2 1231 1705
2 1231 1724
2 1232 1234
2 1232 1241
2 1241 3200
2 1241 3359
2 1242 1486
2 1242 3548
2 1243 1266
2 1243 1487
2 1243 3356
2 1243 3549
2 1244 1488
2 1244 3550
2 1245 1267
2 1245 1489
2 1245 3357
2 1245 3551
2 1246 1247
2 1246 1248
2 1248 3260
2 1248 3366
2 1249 1279
2 1249 1458
2 1249 3364
2 1249 3607
2 1250 1280
2 1250 1459
2 1250 3365
2 1250 3608
2 1251 1252
2 1251 1254
2 1254 1255
2 1255 1464
2 1256 1465
2 1257 1260
2 1257 1266
2 1258 1262
2 1258 1267
2 1266 3239
2 1267 3240
2 1268 1270
2 1268 1272
2 1269 1271
2 1269 1273
2 1274 1294
2 1274 1443
2 1275 1277
2 1275 1279
2 1276 1278
2 1276 1280
2 1279 3217
2 1280 3218
2 1281 1283
2 1281 1290
2 1282 1284
2 1282 1291
2 1292 1293
2 1292 1294
2 1295 1301
2 1295 1566
2 1295 1583
2 1296 1302
2 1296 1567
2 1296 1584
2 1297 1299
2 1297 1301
2 1297 1562
2 1298 1300
2 1298 1302
2 1298 1563
2 1301 3210
2 1302 3211
2 1303 1306
2 1303 1504
2 1303 1598
2 1304 1305
2 1304 1306
2 1304 1502
2 1307 1319
2 1307 1335
2 1307 1576
2 1308 1320
2 1308 1336
2 1308 1577
2 1309 1321
2 1309 1337
2 1309 1578
2 1310 1322
2 1310 1338
2 1310 1579
2 1311 1315
2 1311 1335
2 1311 1568
2 1312 1316
2 1312 1336
2 1312 1569
2 1313 1317
2 1313 1337
2 1313 1570
2 1314 1318
2 1314 1338
2 1314 1571
2 1319 1323
2 1319 1327
2 1319 1331
2 1320 1324
2 1320 1328
2 1320 1332
2 1321 1325
2 1321 1329
2 1321 1333
2 1322 1326
2 1322 1330
2 1322 1334
2 1339 1345
2 1339 1353
2 1339 1560
2 1340 1346
2 1340 1354
2 1340 1561
2 1341 1343
2 1341 1353
2 1341 1556
2 1342 1344
2 1342 1354
2 1342 1557
2 1345 1347
2 1345 1349
2 1345 1351
2 1346 1348
2 1346 1350
2 1346 1352
2 1355 1358
2 1355 1362
2 1355 1531
2 1356 1357
2 1356 1362
2 1356 1529
2 1358 1359
2 1358 1360
2 1358 1361
2 1362 3246
2 1363 1369
2 1363 1371
2 1363 1542
2 1364 1370
2 1364 1372
2 1364 1543
2 1365 1367
2 1365 1371
2 1365 1532
2 1366 1368
2 1366 1372
2 1366 1533
2 1369 1536
2 1369 1538
2 1369 1540
2 1370 1537
2 1370 1539
2 1370 1541
2 1373 1379
2 1373 1381
2 1373 1554
2 1374 1380
2 1374 1382
2 1374 1555
2 1375 1377
2 1375 1381
2 1375 1544
2 1376 1378
2 1376 1382
2 1376 1545
2 1379 1548
2 1379 1550
2 1379 1552
2 1380 1549
2 1380 1551
2 1380 1553
2 1383 1395
2 1383 1399
2 1383 1525
2 1384 1396
2 1384 1400
2 1384 1526
2 1385 1397
2 1385 1401
2 1385 1527
2 1386 1398
2 1386 1402
2 1386 1528
2 1387 1391
2 1387 1399
2 1387 1505
2 1388 1392
2 1388 1400
2 1388 1506
2 1389 1393
2 1389 1401
2 1389 1507
2 1390 1394
2 1390 1402
2 1390 1508
2 1395 1513
2 1395 1517
2 1395 1521
2 1396 1514
2 1396 1518
2 1396 1522
2 1397 1515
2 1397 1519
2 1397 1523
2 1398 1516
2 1398 1520
2 1398 1524
2 1403 1415
2 1403 1419
2 1403 1486
2 1404 1416
2 1404 1420
2 1404 1487
2 1405 1417
2 1405 1421
2 1405 1488
2 1406 1418
2 1406 1422
2 1406 1489
2 1407 1411
2 1407 1419
2 1407 1466
2 1408 1412
2 1408 1420
2 1408 1467
2 1409 1413
2 1409 1421
2 1409 1468
2 1410 1414
2 1410 1422
2 1410 1469
2 1415 1474
2 1415 1478
2 1415 1482
2 1416 1475
2 1416 1479
2 1416 1483
2 1417 1476
2 1417 1480
2 1417 1484
2 1418 1477
2 1418 1481
2 1418 1485
2 1423 1429
2 1423 1437
2 1423 1494
2 1424 1430
2 1424 1438
2 1424 1495
2 1425 1427
2 1425 1437
2 1425 1490
2 1426 1428
2 1426 1438
2 1426 1491
2 1429 1431
2 1429 1433
2 1429 1435
2 1430 1432
2 1430 1434
2 1430 1436
2 1437 3358
2 1438 3359
2 1439 1442
2 1439 1443
2 1439 1501
2 1440 1441
2 1440 1443
2 1440 1496
2 1442 1498
2 1442 1499
2 1442 1500
2 1444 1450
2 1444 1458
2 1444 1464
2 1445 1451
2 1445 1459
2 1445 1465
2 1446 1448
2 1446 1458
2 1446 1460
2 1447 1449
2 1447 1459
2 1447 1461
2 1450 1452
2 1450 1454
2 1450 1456
2 1451 1453
2 1451 1455
2 1451 1457
2 1460 1462
2 1460 1464
2 1461 1463
2 1461 1465
2 1466 1470
2 1466 1486
2 1467 1471
2 1467 1487
2 1468 1472
2 1468 1488
2 1469 1473
2 1469 1489
2 1490 1492
2 1490 1494
2 1491 1493
2 1491 1495
2 1496 1497
2 1496 1501
2 1501 3366
2 1502 1503
2 1502 1504
2 1504 1704
2 1505 1509
2 1505 1525
2 1506 1510
2 1506 1526
2 1507 1511
2 1507 1527
2 1508 1512
2 1508 1528
2 1529 1530
2 1529 1531
2 1531 1698
2 1532 1534
2 1532 1542
2 1533 1535
2 1533 1543
2 1544 1546
2 1544 1554
2 1545 1547
2 1545 1555
2 1554 1715
2 1555 1716
2 1556 1558
2 1556 1560
2 1557 1559
2 1557 1561
2 1560 1723
2 1561 1724
2 1562 1564
2 1562 1566
2 1563 1565
2 1563 1567
2 1568 1572
2 1568 1576
2 1569 1573
2 1569 1577
2 1570 1574
2 1570 1578
2 1571 1575
2 1571 1579
2 1580 1581
2 1580 1582
2 1583 1585
2 1583 1587
2 1584 1586
2 1584 1588
2 1589 1591
2 1589 1593
2 1590 1592
2 1590 1594
2 1595 1596
2 1595 1597
2 1598 1599
2 1598 1600
2 1601 1603
2 1601 1605
2 1602 1604
2 1602 1606
2 1607 1614
2 1608 1611
2 1608 1615
2 1608 1801
2 1609 1613
2 1609 1616
2 1609 1802
2 1614 1807
2 1614 1808
2 1614 1809
2 1617 1825
2 1618 1633
2 1618 1826
2 1619 1623
2 1619 3735
2 1619 3868
2 1620 1624
2 1620 3736
2 1620 3869
2 1621 1622
2 1621 1625
2 1621 1752
2 1623 1755
2 1623 1757
2 1623 1759
2 1624 1756
2 1624 1758
2 1624 1760
2 1625 3729
2 1625 3737
2 1626 1643
2 1626 1841
2 1626 3735
2 1626 3925
2 1627 1644
2 1627 1842
2 1627 3736
2 1627 3926
2 1628 2109
2 1629 2110
2 1630 1632
2 1630 1633
2 1630 1812
2 1634 1639
2 1634 3756
2 1634 3905
2 1635 1637
2 1635 1643
2 1635 1795
2 1636 1638
2 1636 1644
2 1636 1796
2 1639 1640
2 1639 1641
2 1639 1642
2 1643 3744
2 1644 3745
2 1645 2127
2 1646 2128
2 1647 1648
2 1647 1649
2 1647 1771
2 1649 1650
2 1650 1895
2 1651 1658
2 1651 3770
2 1651 3892
2 1652 1655
2 1652 1659
2 1652 1777
2 1653 1657
2 1653 1660
2 1653 1778
2 1658 1783
2 1658 1784
2 1658 1785
2 1659 1662
2 1659 3763
2 1660 1664
2 1660 3764
2 1661 1912
2 1661 4003
2 1662 1913
2 1662 3795
2 1662 4004
2 1663 1914
2 1663 4005
2 1664 1915
2 1664 3796
2 1664 4006
2 1665 1670
2 1666 1668
2 1666 1674
2 1666 1788
2 1667 1669
2 1667 1675
2 1667 1789
2 1670 1671
2 1670 1672
2 1670 1673
2 1676 1681
2 1676 3795
2 1676 3876
2 1677 1682
2 1677 3796
2 1677 3877
2 1678 1680
2 1678 1689
2 1678 1766
2 1681 1683
2 1681 1685
2 1681 1687
2 1682 1684
2 1682 1686
2 1682 1688
2 1689 3772
2 1689 3784
2 1690 1695
2 1691 1693
2 1691 1696
2 1691 1728
2 1692 1694
2 1692 1697
2 1692 1729
2 1695 1732
2 1695 1733
2 1695 1734
2 1698 1727
2 1698 2093
2 1699 2115
2 1700 2116
2 1701 1702
2 1701 1703
2 1701 1737
2 1703 1704
2 1704 2054
2 1705 1712
2 1706 1708
2 1706 1713
2 1706 1741
2 1707 1709
2 1707 1714
2 1707 1742
2 1712 1747
2 1712 1748
2 1712 1749
2 1715 1740
2 1715 2098
2 1716 2099
2 1717 2100
2 1718 2101
2 1719 1721
2 1719 1722
2 1719 1725
2 1722 1724
2 1723 2041
2 1724 2042
2 1725 1726
2 1725 1727
2 1728 1730
2 1728 1735
2 1729 1731
2 1729 1736
2 1737 1738
2 1737 1740
2 1741 1745
2 1741 1750
2 1742 1746
2 1742 1751
2 1752 1754
2 1752 1761
2 1761 3729
2 1761 3871
2 1762 2009
2 1762 4070
2 1763 1786
2 1763 2010
2 1763 3868
2 1763 4071
2 1764 2011
2 1764 4072
2 1765 1787
2 1765 2012
2 1765 3869
2 1765 4073
2 1766 1767
2 1766 1768
2 1768 3784
2 1768 3878
2 1769 1799
2 1769 1981
2 1769 3876
2 1769 4129
2 1770 1800
2 1770 1982
2 1770 3877
2 1770 4130
2 1771 1772
2 1771 1774
2 1774 1775
2 1775 1987
2 1776 1988
2 1777 1780
2 1777 1786
2 1778 1782
2 1778 1787
2 1786 3763
2 1787 3764
2 1788 1790
2 1788 1792
2 1789 1791
2 1789 1793
2 1794 1814
2 1794 1966
2 1795 1797
2 1795 1799
2 1796 1798
2 1796 1800
2 1799 3744
2 1800 3745
2 1801 1803
2 1801 1810
2 1802 1804
2 1802 1811
2 1812 1813
2 1812 1814
2 1815 1818
2 1815 2093
2 1815 2106
2 1816 1817
2 1816 1818
2 1816 2091
2 1818 3737
2 1819 1825
2 1819 2029
2 1819 2121
2 1820 1826
2 1820 2030
2 1820 2122
2 1821 1823
2 1821 1825
2 1821 2025
2 1822 1824
2 1822 1826
2 1822 2026
2 1827 1833
2 1827 1841
2 1827 2098
2 1828 1834
2 1828 1842
2 1828 2099
2 1829 1831
2 1829 1841
2 1829 2094
2 1830 1832
2 1830 1842
2 1830 2095
2 1833 1835
2 1833 1837
2 1833 1839
2 1834 1836
2 1834 1838
2 1834 1840
2 1843 1855
2 1843 1871
2 1843 2087
2 1844 1856
2 1844 1872
2 1844 2088
2 1845 1857
2 1845 1873
2 1845 2089
2 1846 1858
2 1846 1874
2 1846 2090
2 1847 1851
2 1847 1871
2 1847 2079
2 1848 1852
2 1848 1872
2 1848 2080
2 1849 1853
2 1849 1873
2 1849 2081
2 1850 1854
2 1850 1874
2 1850 2082
2 1855 1859
2 1855 1863
2 1855 1867
2 1856 1860
2 1856 1864
2 1856 1868
2 1857 1861
2 1857 1865
2 1857 1869
2 1858 1862
2 1858 1866
2 1858 1870
2 1875 1881
2 1875 1889
2 1875 2047
2 1876 1882
2 1876 1890
2 1876 2048
2 1877 1879
2 1877 1889
2 1877 2043
2 1878 1880
2 1878 1890
2 1878 2044
2 1881 1883
2 1881 1885
2 1881 1887
2 1882 1884
2 1882 1886
2 1882 1888
2 1889 3771
2 1890 3772
2 1891 1894
2 1891 1895
2 1891 2054
2 1892 1893
2 1892 1895
2 1892 2049
2 1894 2051
2 1894 2052
2 1894 2053
2 1896 1908
2 1896 1912
2 1896 2075
2 1897 1909
2 1897 1913
2 1897 2076
2 1898 1910
2 1898 1914
2 1898 2077
2 1899 1911
2 1899 1915
2 1899 2078
2 1900 1904
2 1900 1912
2 1900 2055
2 1901 1905
2 1901 1913
2 1901 2056
2 1902 1906
2 1902 1914
2 1902 2057
2 1903 1907
2 1903 1915
2 1903 2058
2 1908 2063
2 1908 2067
2 1908 2071
2 1909 2064
2 1909 2068
2 1909 2072
2 1910 2065
2 1910 2069
2 1910 2073
2 1911 2066
2 1911 2070
2 1911 2074
2 1916 1922
2 1916 1924
2 1916 2041
2 1917 1923
2 1917 1925
2 1917 2042
2 1918 1920
2 1918 1924
2 1918 2031
2 1919 1921
2 1919 1925
2 1919 2032
2 1922 2035
2 1922 2037
2 1922 2039
2 1923 2036
2 1923 2038
2 1923 2040
2 1926 1938
2 1926 1942
2 1926 2009
2 1927 1939
2 1927 1943
2 1927 2010
2 1928 1940
2 1928 1944
2 1928 2011
2 1929 1941
2 1929 1945
2 1929 2012
2 1930 1934
2 1930 1942
2 1930 1989
2 1931 1935
2 1931 1943
2 1931 1990
2 1932 1936
2 1932 1944
2 1932 1991
2 1933 1937
2 1933 1945
2 1933 1992
2 1938 1997
2 1938 2001
2 1938 2005
2 1939 1998
2 1939 2002
2 1939 2006
2 1940 1999
2 1940 2003
2 1940 2007
2 1941 2000
2 1941 2004
2 1941 2008
2 1946 1952
2 1946 1960
2 1946 2017
2 1947 1953
2 1947 1961
2 1947 2018
2 1948 1950
2 1948 1960
2 1948 2013
2 1949 1951
2 1949 1961
2 1949 2014
2 1952 1954
2 1952 1956
2 1952 1958
2 1953 1955
2 1953 1957
2 1953 1959
2 1960 3870
2 1961 3871
2 1962 1965
2 1962 1966
2 1962 2024
2 1963 1964
2 1963 1966
2 1963 2019
2 1965 2021
2 1965 2022
2 1965 2023
2 1967 1973
2 1967 1981
2 1967 1987
2 1968 1974
2 1968 1982
2 1968 1988
2 1969 1971
2 1969 1981
2 1969 1983
2 1970 1972
2 1970 1982
2 1970 1984
2 1973 1975
2 1973 1977
2 1973 1979
2 1974 1976
2 1974 1978
2 1974 1980
2 1983 1985
2 1983 1987
2 1984 1986
2 1984 1988
2 1989 1993
2 1989 2009
2 1990 1994
2 1990 2010
2 1991 1995
2 1991 2011
2 1992 1996
2 1992 2012
2 2013 2015
2 2013 2017
2 2014 2016
2 2014 2018
2 2019 2020
2 2019 2024
2 2024 3878
2 2025 2027
2 2025 2029
2 2026 2028
2 2026 2030
2 2031 2033
2 2031 2041
2 2032 2034
2 2032 2042
2 2043 2045
2 2043 2047
2 2044 2046
2 2044 2048
2 2049 2050
2 2049 2054
2 2055 2059
2 2055 2075
2 2056 2060
2 2056 2076
2 2057 2061
2 2057 2077
2 2058 2062
2 2058 2078
2 2079 2083
2 2079 2087
2 2080 2084
2 2080 2088
2 2081 2085
2 2081 2089
2 2082 2086
2 2082 2090
2 2091 2092
2 2091 2093
2 2094 2096
2 2094 2098
2 2095 2097
2 2095 2099
2 2100 2102
2 2100 2104
2 2101 2103
2 2101 2105
2 2106 2107
2 2106 2108
2 2109 2111
2 2109 2113
2 2110 2112
2 2110 2114
2 2115 2117
2 2115 2119
2 2116 2118
2 2116 2120
2 2121 2123
2 2121 2125
2 2122 2124
2 2122 2126
2 2127 2129
2 2127 2131
2 2128 2130
2 2128 2132
2 2133 2137
2 2133 3197
2 2133 3401
2 2134 2138
2 2134 3198
2 2134 3402
2 2135 2136
2 2135 2139
2 2135 2346
2 2137 2348
2 2137 2350
2 2137 2352
2 2138 2349
2 2138 2351
2 2138 2353
2 2139 3191
2 2139 3199
2 2140 2159
2 2140 2385
2 2140 3197
2 2140 3457
2 2141 2160
2 2141 2386
2 2141 3198
2 2141 3458
2 2142 2149
2 2143 2145
2 2143 2150
2 2143 2297
2 2144 2147
2 2144 2151
2 2144 2298
2 2149 2301
2 2149 2302
2 2149 2303
2 2152 2174
2 2152 2401
2 2153 2402
2 2154 2651
2 2154 3216
2 2154 3406
2 2155 2157
2 2155 2159
2 2155 2355
2 2156 2158
2 2156 2160
2 2156 2356
2 2159 3212
2 2160 3213
2 2161 2166
2 2162 2167
2 2163 2164
2 2163 2174
2 2163 2342
2 2166 2168
2 2166 2170
2 2166 2172
2 2167 2169
2 2167 2171
2 2167 2173
2 2175 2663
2 2175 3236
2 2175 3369
2 2176 2178
2 2176 2182
2 2176 2317
2 2177 2180
2 2177 2183
2 2177 2318
2 2182 2184
2 2182 3231
2 2183 2186
2 2183 3232
2 2184 2443
2 2184 3258
2 2184 3506
2 2185 2444
2 2185 3507
2 2186 2445
2 2186 3259
2 2186 3508
2 2187 2446
2 2187 3509
2 2188 2192
2 2189 2193
2 2190 2191
2 2190 2194
2 2190 2325
2 2192 2327
2 2192 2329
2 2192 2331
2 2193 2328
2 2193 2330
2 2193 2332
2 2194 2195
2 2195 2451
2 2196 2201
2 2196 3258
2 2196 3387
2 2197 2202
2 2197 3259
2 2197 3388
2 2198 2199
2 2198 2209
2 2198 2334
2 2201 2203
2 2201 2205
2 2201 2207
2 2202 2204
2 2202 2206
2 2202 2208
2 2209 3237
2 2209 3247
2 2210 2215
2 2211 2213
2 2211 2219
2 2211 2307
2 2212 2214
2 2212 2220
2 2212 2308
2 2215 2216
2 2215 2217
2 2215 2218
2 2221 2226
2 2221 2762
2 2221 2802
2 2222 2227
2 2222 2763
2 2222 2803
2 2223 2225
2 2223 2228
2 2223 2272
2 2226 2275
2 2226 2277
2 2226 2279
2 2227 2276
2 2227 2278
2 2227 2280
2 2228 2754
2 2228 2765
2 2229 2626
2 2229 3112
2 2230 2627
2 2230 3113
2 2231 2270
2 2231 2628
2 2231 2762
2 2231 3114
2 2232 2271
2 2232 2629
2 2232 2763
2 2232 3115
2 2233 2654
2 2233 2771
2 2233 2806
2 2234 2236
2 2234 2240
2 2234 2282
2 2235 2237
2 2235 2241
2 2235 2283
2 2240 2242
2 2240 2766
2 2241 2243
2 2241 2767
2 2242 2605
2 2242 2802
2 2242 3094
2 2243 2606
2 2243 2803
2 2243 3095
2 2244 2607
2 2244 3096
2 2245 2608
2 2245 3097
2 2246 2250
2 2246 2780
2 2246 2814
2 2247 2251
2 2247 2781
2 2247 2815
2 2248 2249
2 2248 2252
2 2248 2288
2 2250 2290
2 2250 2292
2 2250 2294
2 2251 2291
2 2251 2293
2 2251 2295
2 2252 2774
2 2252 2782
2 2253 2286
2 2253 2634
2 2253 2780
2 2253 3138
2 2254 2287
2 2254 2635
2 2254 2781
2 2254 3139
2 2255 2636
2 2255 2787
2 2255 2792
2 2256 2258
2 2256 2260
2 2256 2264
2 2257 2259
2 2257 2261
2 2257 2265
2 2260 2262
2 2260 2783
2 2261 2263
2 2261 2784
2 2262 2577
2 2262 2814
2 2262 3144
2 2263 2578
2 2263 2815
2 2263 3145
2 2264 2268
2 2264 2270
2 2265 2269
2 2265 2271
2 2270 2783
2 2271 2784
2 2272 2273
2 2272 2281
2 2281 2754
2 2281 2772
2 2282 2284
2 2282 2286
2 2283 2285
2 2283 2287
2 2286 2766
2 2287 2767
2 2288 2289
2 2288 2296
2 2296 2774
2 2296 2788
2 2297 2299
2 2297 2304
2 2298 2300
2 2298 2305
2 2306 2333
2 2306 2530
2 2307 2309
2 2307 2313
2 2308 2311
2 2308 2314
2 2315 2345
2 2315 2517
2 2316 2518
2 2317 2319
2 2317 2321
2 2318 2320
2 2318 2322
2 2321 2323
2 2321 3231
2 2322 2324
2 2322 3232
2 2323 2523
2 2323 3401
2 2323 3518
2 2324 2524
2 2324 3402
2 2324 3519
2 2325 2326
2 2325 2333
2 2334 2336
2 2334 2337
2 2337 3247
2 2337 3390
2 2338 2499
2 2338 3593
2 2339 2500
2 2339 3594
2 2340 2361
2 2340 2501
2 2340 3387
2 2340 3595
2 2341 2362
2 2341 2502
2 2341 3388
2 2341 3596
2 2342 2343
2 2342 2345
2 2346 2347
2 2346 2354
2 2354 3191
2 2354 3370
2 2355 2359
2 2355 2361
2 2356 2360
2 2356 2362
2 2361 3212
2 2362 3213
2 2363 2375
2 2363 2626
2 2363 2639
2 2364 2376
2 2364 2627
2 2364 2640
2 2365 2377
2 2365 2628
2 2365 2641
2 2366 2378
2 2366 2629
2 2366 2642
2 2367 2371
2 2367 2375
2 2367 2618
2 2368 2372
2 2368 2376
2 2368 2619
2 2369 2373
2 2369 2377
2 2369 2620
2 2370 2374
2 2370 2378
2 2370 2621
2 2379 2385
2 2379 2565
2 2379 2657
2 2380 2386
2 2380 2566
2 2380 2658
2 2381 2383
2 2381 2385
2 2381 2561
2 2382 2384
2 2382 2386
2 2382 2562
2 2387 2393
2 2387 2401
2 2387 2634
2 2388 2394
2 2388 2402
2 2388 2635
2 2389 2391
2 2389 2401
2 2389 2630
2 2390 2392
2 2390 2402
2 2390 2631
2 2393 2395
2 2393 2397
2 2393 2399
2 2394 2396
2 2394 2398
2 2394 2400
2 2403 2406
2 2403 2410
2 2403 2617
2 2404 2405
2 2404 2410
2 2404 2615
2 2406 2407
2 2406 2408
2 2406 2409
2 2410 3199
2 2411 2417
2 2411 2425
2 2411 2583
2 2412 2418
2 2412 2426
2 2412 2584
2 2413 2415
2 2413 2425
2 2413 2579
2 2414 2416
2 2414 2426
2 2414 2580
2 2417 2419
2 2417 2421
2 2417 2423
2 2418 2420
2 2418 2422
2 2418 2424
2 2427 2439
2 2427 2443
2 2427 2605
2 2428 2440
2 2428 2444
2 2428 2606
2 2429 2441
2 2429 2445
2 2429 2607
2 2430 2442
2 2430 2446
2 2430 2608
2 2431 2435
2 2431 2443
2 2431 2585
2 2432 2436
2 2432 2444
2 2432 2586
2 2433 2437
2 2433 2445
2 2433 2587
2 2434 2438
2 2434 2446
2 2434 2588
2 2439 2593
2 2439 2597
2 2439 2601
2 2440 2594
2 2440 2598
2 2440 2602
2 2441 2595
2 2441 2599
2 2441 2603
2 2442 2596
2 2442 2600
2 2442 2604
2 2447 2450
2 2447 2451
2 2447 2614
2 2448 2449
2 2448 2451
2 2448 2609
2 2450 2611
2 2450 2612
2 2450 2613
2 2452 2458
2 2452 2460
2 2452 2577
2 2453 2459
2 2453 2461
2 2453 2578
2 2454 2456
2 2454 2460
2 2454 2567
2 2455 2457
2 2455 2461
2 2455 2568
2 2458 2571
2 2458 2573
2 2458 2575
2 2459 2572
2 2459 2574
2 2459 2576
2 2460 3237
2 2461 3238
2 2462 2465
2 2462 2466
2 2462 2530
2 2463 2464
2 2463 2466
2 2463 2525
2 2465 2527
2 2465 2528
2 2465 2529
2 2466 3370
2 2467 2473
2 2467 2481
2 2467 2535
2 2468 2474
2 2468 2482
2 2468 2536
2 2469 2471
2 2469 2481
2 2469 2531
2 2470 2472
2 2470 2482
2 2470 2532
2 2473 2475
2 2473 2477
2 2473 2479
2 2474 2476
2 2474 2478
2 2474 2480
2 2483 2495
2 2483 2499
2 2483 2557
2 2484 2496
2 2484 2500
2 2484 2558
2 2485 2497
2 2485 2501
2 2485 2559
2 2486 2498
2 2486 2502
2 2486 2560
2 2487 2491
2 2487 2499
2 2487 2537
2 2488 2492
2 2488 2500
2 2488 2538
2 2489 2493
2 2489 2501
2 2489 2539
2 2490 2494
2 2490 2502
2 2490 2540
2 2495 2545
2 2495 2549
2 2495 2553
2 2496 2546
2 2496 2550
2 2496 2554
2 2497 2547
2 2497 2551
2 2497 2555
2 2498 2548
2 2498 2552
2 2498 2556
2 2503 2509
2 2503 2517
2 2503 2523
2 2504 2510
2 2504 2518
2 2504 2524
2 2505 2507
2 2505 2517
2 2505 2519
2 2506 2508
2 2506 2518
2 2506 2520
2 2509 2511
2 2509 2513
2 2509 2515
2 2510 2512
2 2510 2514
2 2510 2516
2 2519 2521
2 2519 2523
2 2520 2522
2 2520 2524
2 2525 2526
2 2525 2530
2 2531 2533
2 2531 2535
2 2532 2534
2 2532 2536
2 2535 3389
2 2536 3390
2 2537 2541
2 2537 2557
2 2538 2542
2 2538 2558
2 2539 2543
2 2539 2559
2 2540 2544
2 2540 2560
2 2561 2563
2 2561 2565
2 2562 2564
2 2562 2566
2 2565 2772
2 2566 2773
2 2567 2569
2 2567 2577
2 2568 2570
2 2568 2578
2 2579 2581
2 2579 2583
2 2580 2582
2 2580 2584
2 2583 2764
2 2584 2765
2 2585 2589
2 2585 2605
2 2586 2590
2 2586 2606
2 2587 2591
2 2587 2607
2 2588 2592
2 2588 2608
2 2609 2610
2 2609 2614
2 2614 2782
2 2615 2616
2 2615 2617
2 2617 2788
2 2618 2622
2 2618 2626
2 2619 2623
2 2619 2627
2 2620 2624
2 2620 2628
2 2621 2625
2 2621 2629
2 2630 2632
2 2630 2634
2 2631 2633
2 2631 2635
2 2636 2637
2 2636 2638
2 2639 2643
2 2639 2647
2 2640 2644
2 2640 2648
2 2641 2645
2 2641 2649
2 2642 2646
2 2642 2650
2 2651 2652
2 2651 2653
2 2654 2655
2 2654 2656
2 2657 2659
2 2657 2661
2 2658 2660
2 2658 2662
2 2663 2664
2 2663 2665
2 2666 2671
2 2666 3725
2 2666 3913
2 2667 2672
2 2667 3726
2 2667 3914
2 2668 2670
2 2668 2673
2 2668 2865
2 2671 2867
2 2671 2869
2 2671 2871
2 2672 2868
2 2672 2870
2 2672 2872
2 2673 3717
2 2673 3728
2 2674 2902
2 2674 3971
2 2675 2694
2 2675 2903
2 2675 3725
2 2675 3972
2 2676 2904
2 2676 3973
2 2677 2695
2 2677 2905
2 2677 3726
2 2677 3974
2 2678 2683
2 2679 2681
2 2679 2684
2 2679 2816
2 2680 2682
2 2680 2685
2 2680 2817
2 2683 2820
2 2683 2821
2 2683 2822
2 2686 2708
2 2686 2913
2 2687 3167
2 2687 3743
2 2687 3918
2 2688 2691
2 2688 2694
2 2688 2874
2 2689 2693
2 2689 2695
2 2689 2875
2 2694 3738
2 2695 3739
2 2696 2700
2 2697 2701
2 2698 2699
2 2698 2708
2 2698 2861
2 2700 2702
2 2700 2704
2 2700 2706
2 2701 2703
2 2701 2705
2 2701 2707
2 2709 3188
2 2709 3761
2 2709 3881
2 2710 2712
2 2710 2714
2 2710 2836
2 2711 2713
2 2711 2715
2 2711 2837
2 2714 2716
2 2714 3757
2 2715 2717
2 2715 3758
2 2716 2970
2 2716 3782
2 2716 4030
2 2717 2971
2 2717 3783
2 2717 4031
2 2718 2723
2 2719 2724
2 2720 2722
2 2720 2725
2 2720 2844
2 2723 2846
2 2723 2848
2 2723 2850
2 2724 2847
2 2724 2849
2 2724 2851
2 2725 2727
2 2726 2980
2 2727 2981
2 2728 2732
2 2728 3782
2 2728 3899
2 2729 2733
2 2729 3783
2 2729 3900
2 2730 2731
2 2730 2740
2 2730 2853
2 2732 2734
2 2732 2736
2 2732 2738
2 2733 2735
2 2733 2737
2 2733 2739
2 2740 3762
2 2740 3773
2 2741 2748
2 2742 2745
2 2742 2752
2 2742 2826
2 2743 2747
2 2743 2753
2 2743 2827
2 2748 2749
2 2748 2750
2 2748 2751
2 2754 2761
2 2755 2759
2 2755 2762
2 2755 2793
2 2756 2760
2 2756 2763
2 2756 2794
2 2761 2799
2 2761 2800
2 2761 2801
2 2764 3150
2 2765 2792
2 2765 3151
2 2766 3170
2 2767 3171
2 2768 2769
2 2768 2771
2 2768 2804
2 2771 2772
2 2772 3126
2 2773 3127
2 2774 2779
2 2775 2777
2 2775 2780
2 2775 2807
2 2776 2778
2 2776 2781
2 2776 2808
2 2779 2811
2 2779 2812
2 2779 2813
2 2782 2806
2 2782 3154
2 2783 3155
2 2784 3156
2 2785 2786
2 2785 2787
2 2785 2789
2 2787 2788
2 2788 3103
2 2789 2791
2 2789 2792
2 2793 2795
2 2793 2802
2 2794 2796
2 2794 2803
2 2804 2805
2 2804 2806
2 2807 2809
2 2807 2814
2 2808 2810
2 2808 2815
2 2816 2818
2 2816 2823
2 2817 2819
2 2817 2824
2 2825 2852
2 2825 3055
2 2826 2828
2 2826 2832
2 2827 2830
2 2827 2833
2 2834 2864
2 2834 3042
2 2835 3043
2 2836 2838
2 2836 2840
2 2837 2839
2 2837 2841
2 2840 2842
2 2840 3757
2 2841 2843
2 2841 3758
2 2842 3048
2 2842 3913
2 2842 4040
2 2843 3049
2 2843 3914
2 2843 4041
2 2844 2845
2 2844 2852
2 2853 2855
2 2853 2856
2 2856 3773
2 2856 3902
2 2857 3024
2 2857 4115
2 2858 3025
2 2858 4116
2 2859 2880
2 2859 3026
2 2859 3899
2 2859 4117
2 2860 2881
2 2860 3027
2 2860 3900
2 2860 4118
2 2861 2862
2 2861 2864
2 2865 2866
2 2865 2873
2 2873 3717
2 2873 3882
2 2874 2878
2 2874 2880
2 2875 2879
2 2875 2881
2 2880 3738
2 2881 3739
2 2882 2888
2 2882 3150
2 2882 3161
2 2883 2889
2 2883 3151
2 2883 3162
2 2884 2886
2 2884 2888
2 2884 3146
2 2885 2887
2 2885 2889
2 2885 3147
2 2890 2902
2 2890 3094
2 2890 3176
2 2891 2903
2 2891 3095
2 2891 3177
2 2892 2904
2 2892 3096
2 2892 3178
2 2893 2905
2 2893 3097
2 2893 3179
2 2894 2898
2 2894 2902
2 2894 3086
2 2895 2899
2 2895 2903
2 2895 3087
2 2896 2900
2 2896 2904
2 2896 3088
2 2897 2901
2 2897 2905
2 2897 3089
2 2906 2909
2 2906 2913
2 2906 3154
2 2907 2908
2 2907 2913
2 2907 3152
2 2909 2910
2 2909 2911
2 2909 2912
2 2914 2920
2 2914 2928
2 2914 3144
2 2915 2921
2 2915 2929
2 2915 3145
2 2916 2918
2 2916 2928
2 2916 3140
2 2917 2919
2 2917 2929
2 2917 3141
2 2920 2922
2 2920 2924
2 2920 2926
2 2921 2923
2 2921 2925
2 2921 2927
2 2928 3727
2 2929 3728
2 2930 2942
2 2930 2958
2 2930 3112
2 2931 2943
2 2931 2959
2 2931 3113
2 2932 2944
2 2932 2960
2 2932 3114
2 2933 2945
2 2933 2961
2 2933 3115
2 2934 2938
2 2934 2958
2 2934 3104
2 2935 2939
2 2935 2959
2 2935 3105
2 2936 2940
2 2936 2960
2 2936 3106
2 2937 2941
2 2937 2961
2 2937 3107
2 2942 2946
2 2942 2950
2 2942 2954
2 2943 2947
2 2943 2951
2 2943 2955
2 2944 2948
2 2944 2952
2 2944 2956
2 2945 2949
2 2945 2953
2 2945 2957
2 2962 2968
2 2962 2970
2 2962 3126
2 2963 2969
2 2963 2971
2 2963 3127
2 2964 2966
2 2964 2970
2 2964 3116
2 2965 2967
2 2965 2971
2 2965 3117
2 2968 3120
2 2968 3122
2 2968 3124
2 2969 3121
2 2969 3123
2 2969 3125
2 2972 2978
2 2972 2980
2 2972 3138
2 2973 2979
2 2973 2981
2 2973 3139
2 2974 2976
2 2974 2980
2 2974 3128
2 2975 2977
2 2975 2981
2 2975 3129
2 2978 3132
2 2978 3134
2 2978 3136
2 2979 3133
2 2979 3135
2 2979 3137
2 2982 2985
2 2982 2986
2 2982 3103
2 2983 2984
2 2983 2986
2 2983 3098
2 2985 3100
2 2985 3101
2 2985 3102
2 2986 3762
2 2987 2990
2 2987 2991
2 2987 3055
2 2988 2989
2 2988 2991
2 2988 3050
2 2990 3052
2 2990 3053
2 2990 3054
2 2991 3882
2 2992 2998
2 2992 3006
2 2992 3060
2 2993 2999
2 2993 3007
2 2993 3061
2 2994 2996
2 2994 3006
2 2994 3056
2 2995 2997
2 2995 3007
2 2995 3057
2 2998 3000
2 2998 3002
2 2998 3004
2 2999 3001
2 2999 3003
2 2999 3005
2 3008 3020
2 3008 3024
2 3008 3082
2 3009 3021
2 3009 3025
2 3009 3083
2 3010 3022
2 3010 3026
2 3010 3084
2 3011 3023
2 3011 3027
2 3011 3085
2 3012 3016
2 3012 3024
2 3012 3062
2 3013 3017
2 3013 3025
2 3013 3063
2 3014 3018
2 3014 3026
2 3014 3064
2 3015 3019
2 3015 3027
2 3015 3065
2 3020 3070
2 3020 3074
2 3020 3078
2 3021 3071
2 3021 3075
2 3021 3079
2 3022 3072
2 3022 3076
2 3022 3080
2 3023 3073
2 3023 3077
2 3023 3081
2 3028 3034
2 3028 3042
2 3028 3048
2 3029 3035
2 3029 3043
2 3029 3049
2 3030 3032
2 3030 3042
2 3030 3044
2 3031 3033
2 3031 3043
2 3031 3045
2 3034 3036
2 3034 3038
2 3034 3040
2 3035 3037
2 3035 3039
2 3035 3041
2 3044 3046
2 3044 3048
2 3045 3047
2 3045 3049
2 3050 3051
2 3050 3055
2 3056 3058
2 3056 3060
2 3057 3059
2 3057 3061
2 3060 3901
2 3061 3902
2 3062 3066
2 3062 3082
2 3063 3067
2 3063 3083
2 3064 3068
2 3064 3084
2 3065 3069
2 3065 3085
2 3086 3090
2 3086 3094
2 3087 3091
2 3087 3095
2 3088 3092
2 3088 3096
2 3089 3093
2 3089 3097
2 3098 3099
2 3098 3103
2 3104 3108
2 3104 3112
2 3105 3109
2 3105 3113
2 3106 3110
2 3106 3114
2 3107 3111
2 3107 3115
2 3116 3118
2 3116 3126
2 3117 3119
2 3117 3127
2 3128 3130
2 3128 3138
2 3129 3131
2 3129 3139
2 3140 3142
2 3140 3144
2 3141 3143
2 3141 3145
2 3146 3148
2 3146 3150
2 3147 3149
2 3147 3151
2 3152 3153
2 3152 3154
2 3155 3157
2 3155 3159
2 3156 3158
2 3156 3160
2 3161 3163
2 3161 3165
2 3162 3164
2 3162 3166
2 3167 3168
2 3167 3169
2 3170 3172
2 3170 3174
2 3171 3173
2 3171 3175
2 3176 3180
2 3176 3184
2 3177 3181
2 3177 3185
2 3178 3182
2 3178 3186
2 3179 3183
2 3179 3187
2 3188 3189
2 3188 3190
2 3191 3196
2 3192 3194
2 3192 3197
2 3192 3394
2 3193 3195
2 3193 3198
2 3193 3395
2 3196 3398
2 3196 3399
2 3196 3400
2 3199 3216
2 3199 3426
2 3200 3207
2 3201 3203
2 3201 3208
2 3201 3347
2 3202 3205
2 3202 3209
2 3202 3348
2 3207 3353
2 3207 3354
2 3207 3355
2 3210 3230
2 3210 3441
2 3211 3442
2 3212 3699
2 3213 3700
2 3214 3215
2 3214 3216
2 3214 3403
2 3217 3222
2 3218 3223
2 3219 3220
2 3219 3230
2 3219 3391
2 3222 3224
2 3222 3226
2 3222 3228
2 3223 3225
2 3223 3227
2 3223 3229
2 3231 3711
2 3232 3712
2 3233 3234
2 3233 3236
2 3233 3367
2 3236 3237
2 3237 3483
2 3238 3484
2 3239 3243
2 3240 3244
2 3241 3242
2 3241 3245
2 3241 3371
2 3243 3374
2 3243 3376
2 3243 3378
2 3244 3375
2 3244 3377
2 3244 3379
2 3245 3246
2 3246 3489
2 3247 3254
2 3248 3250
2 3248 3258
2 3248 3381
2 3249 3252
2 3249 3259
2 3249 3382
2 3254 3255
2 3254 3256
2 3254 3257
2 3260 3265
2 3261 3263
2 3261 3269
2 3261 3360
2 3262 3264
2 3262 3270
2 3262 3361
2 3265 3266
2 3265 3267
2 3265 3268
2 3271 3276
2 3271 3805
2 3271 3843
2 3272 3277
2 3272 3806
2 3272 3844
2 3273 3275
2 3273 3278
2 3273 3322
2 3276 3324
2 3276 3326
2 3276 3328
2 3277 3325
2 3277 3327
2 3277 3329
2 3278 3797
2 3278 3808
2 3279 3674
2 3279 4157
2 3280 3675
2 3280 4158
2 3281 3320
2 3281 3676
2 3281 3805
2 3281 4159
2 3282 3321
2 3282 3677
2 3282 3806
2 3282 4160
2 3283 3705
2 3283 3813
2 3283 3847
2 3284 3286
2 3284 3288
2 3284 3331
2 3285 3287
2 3285 3289
2 3285 3332
2 3288 3290
2 3288 3809
2 3289 3291
2 3289 3810
2 3290 3652
2 3290 3843
2 3290 4135
2 3291 3653
2 3291 3844
2 3291 4136
2 3292 3296
2 3292 3821
2 3292 3857
2 3293 3297
2 3293 3822
2 3293 3858
2 3294 3295
2 3294 3298
2 3294 3337
2 3296 3340
2 3296 3342
2 3296 3344
2 3297 3341
2 3297 3343
2 3297 3345
2 3298 3815
2 3298 3823
2 3299 3335
2 3299 3682
2 3299 3821
2 3299 4177
2 3300 3336
2 3300 3683
2 3300 3822
2 3300 4178
2 3301 3684
2 3301 3829
2 3301 3835
2 3302 3306
2 3302 3308
2 3302 3314
2 3303 3307
2 3303 3309
2 3303 3315
2 3308 3312
2 3308 3824
2 3309 3313
2 3309 3825
2 3310 3632
2 3310 4187
2 3311 3633
2 3311 4188
2 3312 3634
2 3312 3857
2 3312 4189
2 3313 3635
2 3313 3858
2 3313 4190
2 3314 3318
2 3314 3320
2 3315 3319
2 3315 3321
2 3320 3824
2 3321 3825
2 3322 3323
2 3322 3330
2 3330 3797
2 3330 3814
2 3331 3333
2 3331 3335
2 3332 3334
2 3332 3336
2 3335 3809
2 3336 3810
2 3337 3339
2 3337 3346
2 3346 3815
2 3346 3831
2 3347 3350
2 3347 3356
2 3348 3352
2 3348 3357
2 3358 3583
2 3359 3380
2 3359 3584
2 3360 3362
2 3360 3364
2 3361 3363
2 3361 3365
2 3366 3393
2 3366 3569
2 3367 3368
2 3367 3369
2 3369 3370
2 3370 3572
2 3371 3373
2 3371 3380
2 3381 3385
2 3381 3387
2 3382 3386
2 3382 3388
2 3389 3560
2 3390 3406
2 3390 3561
2 3391 3392
2 3391 3393
2 3394 3396
2 3394 3401
2 3395 3397
2 3395 3402
2 3403 3405
2 3403 3406
2 3407 3419
2 3407 3674
2 3407 3687
2 3408 3420
2 3408 3675
2 3408 3688
2 3409 3421
2 3409 3676
2 3409 3689
2 3410 3422
2 3410 3677
2 3410 3690
2 3411 3415
2 3411 3419
2 3411 3666
2 3412 3416
2 3412 3420
2 3412 3667
2 3413 3417
2 3413 3421
2 3413 3668
2 3414 3418
2 3414 3422
2 3414 3669
2 3423 3426
2 3423 3611
2 3423 3708
2 3424 3425
2 3424 3426
2 3424 3609
2 3427 3433
2 3427 3441
2 3427 3682
2 3428 3434
2 3428 3442
2 3428 3683
2 3429 3431
2 3429 3441
2 3429 3678
2 3430 3432
2 3430 3442
2 3430 3679
2 3433 3435
2 3433 3437
2 3433 3439
2 3434 3436
2 3434 3438
2 3434 3440
2 3443 3449
2 3443 3457
2 3443 3664
2 3444 3450
2 3444 3458
2 3444 3665
2 3445 3447
2 3445 3457
2 3445 3660
2 3446 3448
2 3446 3458
2 3446 3661
2 3449 3451
2 3449 3453
2 3449 3455
2 3450 3452
2 3450 3454
2 3450 3456
2 3459 3465
2 3459 3473
2 3459 3640
2 3460 3466
2 3460 3474
2 3460 3641
2 3461 3463
2 3461 3473
2 3461 3636
2 3462 3464
2 3462 3474
2 3462 3637
2 3465 3467
2 3465 3469
2 3465 3471
2 3466 3468
2 3466 3470
2 3466 3472
2 3475 3481
2 3475 3483
2 3475 3652
2 3476 3482
2 3476 3484
2 3476 3653
2 3477 3479
2 3477 3483
2 3477 3642
2 3478 3480
2 3478 3484
2 3478 3643
2 3481 3646
2 3481 3648
2 3481 3650
2 3482 3647
2 3482 3649
2 3482 3651
2 3485 3488
2 3485 3489
2 3485 3659
2 3486 3487
2 3486 3489
2 3486 3654
2 3488 3656
2 3488 3657
2 3488 3658
2 3490 3502
2 3490 3506
2 3490 3632
2 3491 3503
2 3491 3507
2 3491 3633
2 3492 3504
2 3492 3508
2 3492 3634
2 3493 3505
2 3493 3509
2 3493 3635
2 3494 3498
2 3494 3506
2 3494 3612
2 3495 3499
2 3495 3507
2 3495 3613
2 3496 3500
2 3496 3508
2 3496 3614
2 3497 3501
2 3497 3509
2 3497 3615
2 3502 3620
2 3502 3624
2 3502 3628
2 3503 3621
2 3503 3625
2 3503 3629
2 3504 3622
2 3504 3626
2 3504 3630
2 3505 3623
2 3505 3627
2 3505 3631
2 3510 3516
2 3510 3518
2 3510 3583
2 3511 3517
2 3511 3519
2 3511 3584
2 3512 3514
2 3512 3518
2 3512 3573
2 3513 3515
2 3513 3519
2 3513 3574
2 3516 3577
2 3516 3579
2 3516 3581
2 3517 3578
2 3517 3580
2 3517 3582
2 3520 3532
2 3520 3548
2 3520 3593
2 3521 3533
2 3521 3549
2 3521 3594
2 3522 3534
2 3522 3550
2 3522 3595
2 3523 3535
2 3523 3551
2 3523 3596
2 3524 3528
2 3524 3548
2 3524 3585
2 3525 3529
2 3525 3549
2 3525 3586
2 3526 3530
2 3526 3550
2 3526 3587
2 3527 3531
2 3527 3551
2 3527 3588
2 3532 3536
2 3532 3540
2 3532 3544
2 3533 3537
2 3533 3541
2 3533 3545
2 3534 3538
2 3534 3542
2 3534 3546
2 3535 3539
2 3535 3543
2 3535 3547
2 3552 3558
2 3552 3560
2 3552 3607
2 3553 3559
2 3553 3561
2 3553 3608
2 3554 3556
2 3554 3560
2 3554 3597
2 3555 3557
2 3555 3561
2 3555 3598
2 3558 3601
2 3558 3603
2 3558 3605
2 3559 3602
2 3559 3604
2 3559 3606
2 3562 3565
2 3562 3569
2 3562 3572
2 3563 3564
2 3563 3569
2 3563 3570
2 3565 3566
2 3565 3567
2 3565 3568
2 3570 3571
2 3570 3572
2 3573 3575
2 3573 3583
2 3574 3576
2 3574 3584
2 3585 3589
2 3585 3593
2 3586 3590
2 3586 3594
2 3587 3591
2 3587 3595
2 3588 3592
2 3588 3596
2 3597 3599
2 3597 3607
2 3598 3600
2 3598 3608
2 3609 3610
2 3609 3611
2 3611 3814
2 3612 3616
2 3612 3632
2 3613 3617
2 3613 3633
2 3614 3618
2 3614 3634
2 3615 3619
2 3615 3635
2 3636 3638
2 3636 3640
2 3637 3639
2 3637 3641
2 3640 3807
2 3641 3808
2 3642 3644
2 3642 3652
2 3643 3645
2 3643 3653
2 3654 3655
2 3654 3659
2 3659 3823
2 3660 3662
2 3660 3664
2 3661 3663
2 3661 3665
2 3664 3830
2 3665 3831
2 3666 3670
2 3666 3674
2 3667 3671
2 3667 3675
2 3668 3672
2 3668 3676
2 3669 3673
2 3669 3677
2 3678 3680
2 3678 3682
2 3679 3681
2 3679 3683
2 3684 3685
2 3684 3686
2 3687 3691
2 3687 3695
2 3688 3692
2 3688 3696
2 3689 3693
2 3689 3697
2 3690 3694
2 3690 3698
2 3699 3701
2 3699 3703
2 3700 3702
2 3700 3704
2 3705 3706
2 3705 3707
2 3708 3709
2 3708 3710
2 3711 3713
2 3711 3715
2 3712 3714
2 3712 3716
2 3717 3724
2 3718 3721
2 3718 3725
2 3718 3906
2 3719 3723
2 3719 3726
2 3719 3907
2 3724 3910
2 3724 3911
2 3724 3912
2 3727 3933
2 3728 3743
2 3728 3934
2 3729 3734
2 3730 3732
2 3730 3735
2 3730 3859
2 3731 3733
2 3731 3736
2 3731 3860
2 3734 3865
2 3734 3866
2 3734 3867
2 3737 3756
2 3737 3942
2 3738 4212
2 3739 4213
2 3740 3742
2 3740 3743
2 3740 3915
2 3744 3748
2 3745 3749
2 3746 3747
2 3746 3756
2 3746 3903
2 3748 3750
2 3748 3752
2 3748 3754
2 3749 3751
2 3749 3753
2 3749 3755
2 3757 4230
2 3758 4231
2 3759 3760
2 3759 3761
2 3759 3879
2 3761 3762
2 3762 4011
2 3763 3768
2 3764 3769
2 3765 3767
2 3765 3770
2 3765 3883
2 3768 3886
2 3768 3888
2 3768 3890
2 3769 3887
2 3769 3889
2 3769 3891
2 3770 3772
2 3771 4020
2 3772 4021
2 3773 3778
2 3774 3776
2 3774 3782
2 3774 3893
2 3775 3777
2 3775 3783
2 3775 3894
2 3778 3779
2 3778 3780
2 3778 3781
2 3784 3791
2 3785 3788
2 3785 3795
2 3785 3872
2 3786 3790
2 3786 3796
2 3786 3873
2 3791 3792
2 3791 3793
2 3791 3794
2 3797 3804
2 3798 3802
2 3798 3805
2 3798 3836
2 3799 3803
2 3799 3806
2 3799 3837
2 3804 3840
2 3804 3841
2 3804 3842
2 3807 4195
2 3808 3835
2 3808 4196
2 3809 4218
2 3810 4219
2 3811 3812
2 3811 3813
2 3811 3845
2 3813 3814
2 3814 4166
2 3815 3820
2 3816 3818
2 3816 3821
2 3816 3848
2 3817 3819
2 3817 3822
2 3817 3849
2 3820 3854
2 3820 3855
2 3820 3856
2 3823 3847
2 3823 4199
2 3824 4200
2 3825 4201
2 3826 3828
2 3826 3829
2 3826 3832
2 3829 3831
2 3830 4147
2 3831 4148
2 3832 3834
2 3832 3835
2 3836 3838
2 3836 3843
2 3837 3839
2 3837 3844
2 3845 3846
2 3845 3847
2 3848 3852
2 3848 3857
2 3849 3853
2 3849 3858
2 3859 3862
2 3859 3868
2 3860 3864
2 3860 3869
2 3870 4105
2 3871 3892
2 3871 4106
2 3872 3874
2 3872 3876
2 3873 3875
2 3873 3877
2 3878 3905
2 3878 4091
2 3879 3880
2 3879 3881
2 3881 3882
2 3882 4094
2 3883 3885
2 3883 3892
2 3893 3897
2 3893 3899
2 3894 3898
2 3894 3900
2 3901 4082
2 3902 3918
2 3902 4083
2 3903 3904
2 3903 3905
2 3906 3908
2 3906 3913
2 3907 3909
2 3907 3914
2 3915 3917
2 3915 3918
2 3919 3925
2 3919 4195
2 3919 4206
2 3920 3926
2 3920 4196
2 3920 4207
2 3921 3923
2 3921 3925
2 3921 4191
2 3922 3924
2 3922 3926
2 3922 4192
2 3927 3933
2 3927 4135
2 3927 4224
2 3928 3934
2 3928 4136
2 3928 4225
2 3929 3931
2 3929 3933
2 3929 4131
2 3930 3932
2 3930 3934
2 3930 4132
2 3935 3938
2 3935 3942
2 3935 4199
2 3936 3937
2 3936 3942
2 3936 4197
2 3938 3939
2 3938 3940
2 3938 3941
2 3943 3955
2 3943 3971
2 3943 4187
2 3944 3956
2 3944 3972
2 3944 4188
2 3945 3957
2 3945 3973
2 3945 4189
2 3946 3958
2 3946 3974
2 3946 4190
2 3947 3951
2 3947 3971
2 3947 4179
2 3948 3952
2 3948 3972
2 3948 4180
2 3949 3953
2 3949 3973
2 3949 4181
2 3950 3954
2 3950 3974
2 3950 4182
2 3955 3959
2 3955 3963
2 3955 3967
2 3956 3960
2 3956 3964
2 3956 3968
2 3957 3961
2 3957 3965
2 3957 3969
2 3958 3962
2 3958 3966
2 3958 3970
2 3975 3987
2 3975 4003
2 3975 4157
2 3976 3988
2 3976 4004
2 3976 4158
2 3977 3989
2 3977 4005
2 3977 4159
2 3978 3990
2 3978 4006
2 3978 4160
2 3979 3983
2 3979 4003
2 3979 4149
2 3980 3984
2 3980 4004
2 3980 4150
2 3981 3985
2 3981 4005
2 3981 4151
2 3982 3986
2 3982 4006
2 3982 4152
2 3987 3991
2 3987 3995
2 3987 3999
2 3988 3992
2 3988 3996
2 3988 4000
2 3989 3993
2 3989 3997
2 3989 4001
2 3990 3994
2 3990 3998
2 3990 4002
2 4007 4010
2 4007 4011
2 4007 4166
2 4008 4009
2 4008 4011
2 4008 4161
2 4010 4163
2 4010 4164
2 4010 4165
2 4012 4018
2 4012 4020
2 4012 4177
2 4013 4019
2 4013 4021
2 4013 4178
2 4014 4016
2 4014 4020
2 4014 4167
2 4015 4017
2 4015 4021
2 4015 4168
2 4018 4171
2 4018 4173
2 4018 4175
2 4019 4172
2 4019 4174
2 4019 4176
2 4022 4028
2 4022 4030
2 4022 4147
2 4023 4029
2 4023 4031
2 4023 4148
2 4024 4026
2 4024 4030
2 4024 4137
2 4025 4027
2 4025 4031
2 4025 4138
2 4028 4141
2 4028 4143
2 4028 4145
2 4029 4142
2 4029 4144
2 4029 4146
2 4032 4038
2 4032 4040
2 4032 4105
2 4033 4039
2 4033 4041
2 4033 4106
2 4034 4036
2 4034 4040
2 4034 4095
2 4035 4037
2 4035 4041
2 4035 4096
2 4038 4099
2 4038 4101
2 4038 4103
2 4039 4100
2 4039 4102
2 4039 4104
2 4042 4054
2 4042 4070
2 4042 4115
2 4043 4055
2 4043 4071
2 4043 4116
2 4044 4056
2 4044 4072
2 4044 4117
2 4045 4057
2 4045 4073
2 4045 4118
2 4046 4050
2 4046 4070
2 4046 4107
2 4047 4051
2 4047 4071
2 4047 4108
2 4048 4052
2 4048 4072
2 4048 4109
2 4049 4053
2 4049 4073
2 4049 4110
2 4054 4058
2 4054 4062
2 4054 4066
2 4055 4059
2 4055 4063
2 4055 4067
2 4056 4060
2 4056 4064
2 4056 4068
2 4057 4061
2 4057 4065
2 4057 4069
2 4074 4080
2 4074 4082
2 4074 4129
2 4075 4081
2 4075 4083
2 4075 4130
2 4076 4078
2 4076 4082
2 4076 4119
2 4077 4079
2 4077 4083
2 4077 4120
2 4080 4123
2 4080 4125
2 4080 4127
2 4081 4124
2 4081 4126
2 4081 4128
2 4084 4087
2 4084 4091
2 4084 4094
2 4085 4086
2 4085 4091
2 4085 4092
2 4087 4088
2 4087 4089
2 4087 4090
2 4092 4093
2 4092 4094
2 4095 4097
2 4095 4105
2 4096 4098
2 4096 4106
2 4107 4111
2 4107 4115
2 4108 4112
2 4108 4116
2 4109 4113
2 4109 4117
2 4110 4114
2 4110 4118
2 4119 4121
2 4119 4129
2 4120 4122
2 4120 4130
2 4131 4133
2 4131 4135
2 4132 4134
2 4132 4136
2 4137 4139
2 4137 4147
2 4138 4140
2 4138 4148
2 4149 4153
2 4149 4157
2 4150 4154
2 4150 4158
2 4151 4155
2 4151 4159
2 4152 4156
2 4152 4160
2 4161 4162
2 4161 4166
2 4167 4169
2 4167 4177
2 4168 4170
2 4168 4178
2 4179 4183
2 4179 4187
2 4180 4184
2 4180 4188
2 4181 4185
2 4181 4189
2 4182 4186
2 4182 4190
2 4191 4193
2 4191 4195
2 4192 4194
2 4192 4196
2 4197 4198
2 4197 4199
2 4200 4202
2 4200 4204
2 4201 4203
2 4201 4205
2 4206 4208
2 4206 4210
2 4207 4209
2 4207 4211
2 4212 4214
2 4212 4216
2 4213 4215
2 4213 4217
2 4218 4220
2 4218 4222
2 4219 4221
2 4219 4223
2 4224 4226
2 4224 4228
2 4225 4227
2 4225 4229
2 4230 4232
2 4230 4234
2 4231 4233
2 4231 4235
