S_pos,S_cluster,name,label,type,topo,metal,dim,set,PLD,LCD,S,S_err,KH_CO2,KH_CO2_err,KH_N2,KH_N2_err,K_pos,K_cluster,nb_score,nb_rank,gate5,LCD_drop,probe_convention,formal_charge_nonzero,excluded,sep_up,sep_tie,sep_dn,S3_pos,S3_cluster
1,1,2016[Co][sql]2[FSR]11,2016 Co sql2 FSR11,CoRE,sql,Co,2,FSR,3.83617,4.61953,327.58339631589087,7.348900833762272,0.0110525,0.000196648,3.37395e-05,4.61021e-07,1,1,100.0,3,,,False,False,,,,,,
2,1,2016[Co][sql]2[FSR]18,2016 Co sql2 FSR18,CoRE,sql,Co,2,FSR,3.73688,4.10764,316.56007131839146,5.556837697817918,0.00855779,0.000140778,2.70337e-05,1.65602e-07,3,2,100.0,10,,,False,False,,,,,,
3,2,2024[Ni][sql]2[FSR]4,2024 Ni sql2 FSR4,CoRE,sql,Ni,2,FSR,3.76836,4.30395,302.0282639949526,6.965572750253987,0.00876036,0.000194014,2.90051e-05,1.86638e-07,2,2,100.0,22,,,False,False,,,,,,
4,2,2016[Co][sql]2[FSR]26,2016 Co sql2 FSR26,CoRE,sql,Co,2,FSR,3.81453,4.2434,292.94387282391375,4.959200171172945,0.00780962,8.8541e-05,2.66591e-05,3.35151e-07,4,3,100.0,14,,,False,False,,,,,,
5,2,2016[Co][sql]2[FSR]27,2016 Co sql2 FSR27,CoRE,sql,Co,2,FSR,3.84403,4.2228,287.1527248910958,4.922413879971789,0.00754109,9.62484e-05,2.62616e-05,3.00525e-07,5,4,100.0,15,,,False,False,,,,,,
6,2,2016[Co][sql]2[FSR]16,2016 Co sql2 FSR16,CoRE,sql,Co,2,FSR,3.75936,4.18627,286.4399958560124,3.822369901331842,0.00718867,6.77291e-05,2.50966e-05,2.37167e-07,6,5,100.0,8,,,False,False,,,,,,
7,3,2016[Co][sql]2[FSR]17,2016 Co sql2 FSR17,CoRE,sql,Co,2,FSR,3.76571,4.01725,268.7182995269963,3.2121237814600443,0.00597084,6.02582e-05,2.22197e-05,1.42338e-07,9,7,100.0,9,,,False,False,,,,,,
8,3,2016[Co][sql]2[FSR]10,2016 Co sql2 FSR10,CoRE,sql,Co,2,FSR,3.71,4.19623,265.2276575510867,7.77356786690841,0.00571738,0.000160996,2.15565e-05,1.75242e-07,13,7,100.0,2,,,False,False,,,,,,
9,3,2016[Co][sql]2[FSR]28,2016 Co sql2 FSR28,CoRE,sql,Co,2,FSR,3.83077,4.21121,258.9818618941608,4.626100981383497,0.00654947,0.000104049,2.52893e-05,2.06521e-07,8,6,100.0,16,,,False,False,,,,,,
10,4,2016[Co][sql]2[FSR]8,2016 Co sql2 FSR8,CoRE,sql,Co,2,FSR,3.77632,4.20971,247.52524591271734,5.8072042170764036,0.00586068,0.000119956,2.36771e-05,2.71498e-07,12,7,100.0,19,,,False,False,,,,,,
11,4,2016[Co][sql]2[ASR]17,2016 Co sql2 ASR17,CoRE,sql,Co,2,ASR,3.76571,4.01725,243.65550229411946,4.780531008534667,0.00474753,6.91976e-05,1.94846e-05,2.5591e-07,18,10,100.0,1,,,False,False,,,,,,
12,4,2016[Co][sql]2[FSR]13,2016 Co sql2 FSR13,CoRE,sql,Co,2,FSR,3.79016,4.31954,235.93974736902067,4.133276401300056,0.00662717,8.95957e-05,2.80884e-05,3.12927e-07,7,6,100.0,5,,,False,False,,,,,,
13,4,2016[Co][sql]2[FSR]7,2016 Co sql2 FSR7,CoRE,sql,Co,2,FSR,3.83355,4.20665,234.72832249924136,4.518801016188775,0.00587863,8.58307e-05,2.50444e-05,3.1424e-07,11,7,100.0,18,,,False,False,,,,,,
14,5,2016[Co][sql]2[FSR]25,2016 Co sql2 FSR25,CoRE,sql,Co,2,FSR,3.8209,4.27686,223.45279345404583,4.774281908854324,0.00588778,0.000121231,2.63491e-05,1.50316e-07,10,7,100.0,13,,,False,False,,,,,,
15,6,2016[Co][sql]2[FSR]15,2016 Co sql2 FSR15,CoRE,sql,Co,2,FSR,3.83064,4.29333,204.70150752327268,4.043709355687857,0.00570847,8.99489e-05,2.78868e-05,3.32241e-07,14,7,100.0,7,,,False,False,,,,,,
16,7,2016[Co][sql]2[FSR]12,2016 Co sql2 FSR12,CoRE,sql,Co,2,FSR,3.84256,4.63589,182.6447751818959,3.413368136206896,0.00523396,8.41147e-05,2.86565e-05,2.73346e-07,15,8,100.0,4,,,False,False,,,,,,
17,7,2016[Co][sql]2[FSR]21,2016 Co sql2 FSR21,CoRE,sql,Co,2,FSR,3.85779,4.63659,177.92923259086993,3.3430458377905308,0.00501901,8.01128e-05,2.82079e-05,2.79573e-07,16,9,100.0,11,,,False,False,,,,,,
18,8,2016[Co][sql]2[FSR]24,2016 Co sql2 FSR24,CoRE,sql,Co,2,FSR,3.85754,4.64768,170.54924610851936,2.613754936827971,0.00482199,6.04423e-05,2.82733e-05,2.49306e-07,17,10,100.0,12,,,False,False,,,,,,
19,9,2016[Co][sql]2[FSR]6,2016 Co sql2 FSR6,CoRE,sql,Co,2,FSR,3.86054,4.66108,160.99155214272375,3.2881032426301835,0.00439647,8.41102e-05,2.73087e-05,1.95283e-07,19,11,100.0,17,,,False,False,,,,,,
20,9,2016[Cd][kgd]2[ASR]1,2016 Cd kgd2 ASR1,CoRE,kgd,Cd,2,ASR,5.44523,6.27358,159.93304347089088,7.5173538023176025,0.000943501,4.3768e-05,5.89935e-06,4.46802e-08,38,20,84.56837322248812,30,,,False,False,,,,,,
21,9,e24i_c2h5_open,Zn(bib)(bdtdc) 열린 자리 −C₂H₅,설계,,,,,3.80981,4.65535,154.3430825076827,3.7640145037592583,0.0015243,2.775e-05,9.87605e-06,1.60259e-07,27,15,99.76720210988267,23,True,-2.71,,,,18,2,452,1,1
22,10,2016[Co][sql]2[FSR]14,2016 Co sql2 FSR14,CoRE,sql,Co,2,FSR,3.84289,4.64494,143.6827776032551,4.310440460377705,0.00384202,0.000111994,2.67396e-05,1.89593e-07,20,12,100.0,6,,,False,False,,,,,,
23,10,2017[Zn][dia]3[FSR]1,2017 Zn dia3 FSR1 **= Zn(bib)(bdtdc) 형판(CoRE 기하·CoRE 전하)**,CoRE,dia,Zn,3,FSR,3.80955,5.16535,139.7747524148201,2.6680262206379046,0.00171765,3.00279e-05,1.22887e-05,9.41784e-08,23,14,100.0,21,,,False,False,,,,,2,2
24,10,2017[Zn][dia]3[ASR]1,2017 Zn dia3 ASR1 **= Zn(bib)(bdtdc) 형판(CoRE 기하·CoRE 전하)**,CoRE,dia,Zn,3,ASR,3.80955,5.16535,137.1001399356787,3.2273796035097573,0.00167535,3.17888e-05,1.22199e-05,1.70255e-07,25,14,100.0,20,,,False,False,,,,,3,2
25,11,e24i_ch3_open,Zn(bib)(bdtdc) 열린 자리 −CH₃,설계,,,,,3.81806,4.64922,128.20791509494276,2.7033143912686763,0.00140371,2.03962e-05,1.09487e-05,1.67292e-07,30,16,96.61150319247595,24,True,13.66,,,,23,0,449,4,3
26,11,e24i_br_open,Zn(bib)(bdtdc) 열린 자리 −Br,설계,,,,,3.81882,4.92885,127.60008881766312,3.104448097553232,0.00132172,3.15118e-05,1.03583e-05,5.02219e-08,32,17,94.46592101950822,26,True,6.96,,,,23,0,449,5,3
27,12,e24i_cn_open,Zn(bib)(bdtdc) 열린 자리 −CN,설계,,,,,3.82412,5.0287,116.58637414146675,2.629081734185186,0.00143266,3.10819e-05,1.22884e-05,7.55931e-08,28,16,96.23075568218397,25,True,3.37,,,,23,0,449,6,4
28,13,e24i_cl_open,Zn(bib)(bdtdc) 열린 자리 −Cl,설계,,,,,3.82121,5.03476,110.20391836154174,1.5365549523322002,0.00123975,1.51046e-05,1.12496e-05,7.62677e-08,33,18,87.88419709426151,28,True,6.47,,,,23,0,449,7,5
29,14,2024[Zn][sql]2[ASR]4,2024 Zn sql2 ASR4,CoRE,sql,Zn,2,ASR,4.1972,4.65353,97.19323435660338,1.1859871701622522,0.00169228,1.482e-05,1.74115e-05,1.47952e-07,24,14,88.83966429089696,27,,,False,False,,,,,,
30,15,2018[Cd][dia]3[ASR]5,2018 Cd dia3 ASR5,CoRE,dia,Cd,3,ASR,5.20735,6.06749,91.8593570127088,2.9923560044950923,0.00120491,3.28968e-05,1.31169e-05,2.33076e-07,34,18,77.49235961473585,32,,,False,False,,,,,8,6
31,15,2024[Zn][sql]2[FSR]3,2024 Zn sql2 FSR3,CoRE,sql,Zn,2,FSR,4.1972,4.65353,91.73991099571353,0.745681489125482,0.00156878,1.08744e-05,1.71003e-05,7.25879e-08,26,15,86.02149194635221,29,,,False,False,,,,,,
32,15,2018[Zn][sql]2[FSR]4,2018 Zn sql2 FSR4,CoRE,sql,Zn,2,FSR,3.71599,4.85029,90.33578966371797,2.0189131289134647,0.00044034,8.08294e-06,4.87448e-06,6.21433e-08,79,26,56.6971088911699,42,,,False,False,,,,,,
33,15,2018[Zn][sql]2[ASR]3,2018 Zn sql2 ASR3,CoRE,sql,Zn,2,ASR,3.71599,4.85029,89.4920224765186,3.0057012857845047,0.000436381,1.32809e-05,4.8762e-06,6.92689e-08,80,26,56.15746389265967,43,,,False,False,,,,,,
34,15,2018[Cd][dia]3[FSR]4,2018 Cd dia3 FSR4 (E-22e 검토 형판),CoRE,dia,Cd,3,FSR,5.20735,6.06749,87.87066497581422,2.2441460066206687,0.00115716,2.82702e-05,1.31689e-05,9.80111e-08,36,18,74.18151897598156,37,,,False,False,,,,,9,6
35,15,e22_parent,Zn(bib)(bdtdc) 모체(형판),모체,,,,,3.81832,5.26553,87.80452868133223,1.218371194109736,0.000925609,1.14721e-05,1.05417e-05,6.57721e-08,39,20,68.08792282036131,38,True,0.0,,,,25,5,442,10,6
36,15,2018[Cd][dia]3[FSR]5,2018 Cd dia3 FSR5,CoRE,dia,Cd,3,FSR,5.21202,6.01032,86.83247507395639,2.173869261515732,0.00118878,2.17864e-05,1.36905e-05,2.335e-07,35,18,74.47246078434584,36,,,False,False,,,,,11,6
37,16,2024[Co][sql]2[ASR]2,2024 Co sql2 ASR2,CoRE,sql,Co,2,ASR,4.22285,4.64806,81.98272434438368,1.4887001912315028,0.00142272,1.32127e-05,1.73539e-05,2.70794e-07,29,16,78.08813865881666,31,,,False,False,,,,,,
38,16,2024[Co][sql]2[FSR]3,2024 Co sql2 FSR3,CoRE,sql,Co,2,FSR,4.22285,4.64806,80.43227247671821,1.2350127865949958,0.00138621,1.878e-05,1.72345e-05,1.24549e-07,31,16,76.33147113955715,34,,,False,False,,,,,,
39,16,2017[Cd][kgd]2[FSR]1,2017 Cd kgd2 FSR1,CoRE,kgd,Cd,2,FSR,3.8187,4.28416,78.6285253548113,3.416942994954803,9.06925e-05,2.66543e-06,1.15343e-06,3.6923e-08,264,33,41.49715533318498,60,,,False,,,,,,,
40,16,2018[Cd][dia]3[ASR]6,2018 Cd dia3 ASR6,CoRE,dia,Cd,3,ASR,5.21202,6.01032,78.02535003899446,1.4700907312822329,0.0010705,1.6184e-05,1.37199e-05,1.54269e-07,37,19,66.82585948762869,39,,,False,False,,,,,12,7
41,16,2019[Zn][pcu]3[ASR]1,2019 Zn pcu3 ASR1,CoRE,pcu,Zn,3,ASR,4.03828,4.80806,77.09160112562235,2.0754732925209454,0.000256419,5.67643e-06,3.32616e-06,5.09611e-08,126,29,45.03977073470912,56,,,False,False,,,,,13,7
42,16,sa50nb50,ZIF-69 −SO₃H 50 % + −NO₂ 50 %,설계,,,,,4.44808,9.10137,75.82879879218696,2.976405979681598,0.000192866,7.46868e-06,2.54344e-06,1.63037e-08,149,31,42.724071343222974,58,True,9.74,,,,31,7,434,14,7
43,16,2021[Co][dia]3[ASR]1,2021 Co dia3 ASR1,CoRE,dia,Co,3,ASR,4.07898,4.6055,73.83925671511248,0.6153799634272633,0.00288727,2.35952e-05,3.91021e-05,6.39215e-08,21,13,76.77077903161049,33,,,False,False,,,,,15,7
44,16,2021[Co][dia]3[FSR]1,2021 Co dia3 FSR1 (E-22e 검토 형판),CoRE,dia,Co,3,FSR,4.07898,4.6055,72.87695836192799,1.0157860034016333,0.00285658,2.17323e-05,3.91973e-05,4.57786e-07,22,13,76.27348180078884,35,,,False,False,,,,,16,7
45,16,2021[Zn][srs]3[FSR]1,2021 Zn srs3 FSR1 (E-22e 검토 형판),CoRE,srs,Zn,3,FSR,4.29005,4.78533,72.26968433591423,1.1570068278077525,0.000910056,1.43944e-05,1.25925e-05,3.1171e-08,41,20,59.65281107974246,40,,,False,False,,,,,17,7
46,16,2020[Cu][kgm]2[FSR]1,2020 Cu kgm2 FSR1,CoRE,kgm,Cu,2,FSR,6.20626,6.65873,70.06790976058932,1.2249082967586287,0.0003896,4.70152e-06,5.56032e-06,7.03298e-08,85,27,44.89525311588237,57,,,False,False,,,,,,
47,16,2024[Co][pcu]3[ASR]1,2024 Co pcu3 ASR1 (E-22e 검토 형판),CoRE,pcu,Co,3,ASR,3.67499,4.97849,69.92652419090183,0.8426141734678567,0.000558264,5.78543e-06,7.98358e-06,4.90879e-08,58,25,49.23592691441717,51,,,False,False,,,,,18,8
48,16,2014[Co][sql]2[FSR]1,2014 Co sql2 FSR1,CoRE,sql,Co,2,FSR,4.51833,5.48015,69.74890195127396,1.017732234524901,0.000181193,2.45591e-06,2.59779e-06,1.40363e-08,156,31,39.27662918349298,70,,,False,False,,,,,,
49,16,2024[Co][pcu]3[FSR]1,2024 Co pcu3 FSR1,CoRE,pcu,Co,3,FSR,3.67499,4.97849,69.70306473945283,1.3050728009340404,0.000558286,8.70882e-06,8.00949e-06,8.29388e-08,57,25,49.12102309357241,52,,,False,False,,,,,19,8
50,16,2014[Cu][dia]3[FSR]6,2014 Cu dia3 FSR6 (E-22e 검토 형판),CoRE,dia,Cu,3,FSR,4.16515,4.61455,69.5236140683923,1.0271046057719342,0.000650424,7.16422e-06,9.35544e-06,9.2108e-08,52,24,51.43942988271854,47,,,False,False,,,,,20,8
51,16,2014[Co][sql]2[ASR]1,2014 Co sql2 ASR1,CoRE,sql,Co,2,ASR,4.51833,5.48015,68.2204641067039,2.4265048455793776,0.000177891,6.12019e-06,2.60759e-06,2.35374e-08,158,31,38.40035251297306,73,,,False,False,,,,,,
52,16,2018[Cd][dia]3[ASR]4,2018 Cd dia3 ASR4,CoRE,dia,Cd,3,ASR,6.05724,6.42829,68.01522009118719,2.3215808656828516,0.000815999,2.72332e-05,1.19973e-05,8.58886e-08,43,21,54.9928245908789,44,,,False,False,,,,,21,8
53,16,2014[Cu][dia]3[ASR]5,2014 Cu dia3 ASR5,CoRE,dia,Cu,3,ASR,4.16515,4.61455,67.92564316698076,1.4232182770909139,0.000636862,1.16987e-05,9.37587e-06,9.44967e-08,53,24,50.25872769844978,50,,,False,False,,,,,22,8
54,16,2024[Zn][sql]2[ASR]3,2024 Zn sql2 ASR3,CoRE,sql,Zn,2,ASR,4.20307,4.89084,67.79653599376924,1.5790882118750402,0.000913999,1.96336e-05,1.34815e-05,1.21382e-07,40,20,57.44435796915883,41,,,False,False,,,,,,
55,16,2018[Cd][dia]3[FSR]3,2018 Cd dia3 FSR3,CoRE,dia,Cd,3,FSR,6.05724,6.42829,65.77616092088446,1.7789521191422941,0.000787413,2.00658e-05,1.19711e-05,1.08448e-07,46,21,53.08765988725068,45,,,False,False,,,,,23,8
56,16,2020[Cu][sql]2[ASR]6,2020 Cu sql2 ASR6,CoRE,sql,Cu,2,ASR,4.12851,4.85859,65.21278080772706,2.048306471472627,0.000532568,1.57565e-05,8.16662e-06,8.61325e-08,61,26,46.12752104602059,55,,,False,False,,,,,,
57,16,saIm050,ZIF-69 −SO₃H 50 %,설계,,,,,4.49458,10.15276,65.20574077441816,2.1026456640745126,0.000175691,5.56793e-06,2.69441e-06,1.60465e-08,162,31,36.784830213684785,81,True,13.75,,,,43,10,419,24,8
58,16,2024[Zn][ths]3[FSR]1,2024 Zn ths3 FSR1,CoRE,ths,Zn,3,FSR,3.90863,4.66266,64.84286625205992,1.1334482870363136,0.000783023,9.22396e-06,1.20757e-05,1.5595e-07,47,21,52.49047004810551,46,,,False,,,,,,25,8
59,16,2014[Cu][dia]3[FSR]2,2014 Cu dia3 FSR2,CoRE,dia,Cu,3,FSR,4.2919,4.6846,64.15015086339605,1.241153213310188,0.000583402,1.09921e-05,9.09432e-06,3.99871e-08,54,25,46.908640564813474,53,,,False,,,,,,26,8
60,16,2014[Cu][dia]3[ASR]1,2014 Cu dia3 ASR1,CoRE,dia,Cu,3,ASR,4.2919,4.6846,63.335886188032006,1.8675229128682125,0.000577242,1.66326e-05,9.11398e-06,5.70506e-08,55,25,46.32664430596319,54,,,False,,,,,,27,8
61,16,2024[Zn][ths]3[ASR]1,2024 Zn ths3 ASR1,CoRE,ths,Zn,3,ASR,3.90863,4.66266,63.024882846016766,0.9583660212805861,0.000763912,8.68569e-06,1.21208e-05,1.22384e-07,48,22,51.05085882020552,48,,,False,,,,,,28,8
62,16,2024[Cu][srs]3[FSR]2,2024 Cu srs3 FSR2,CoRE,srs,Cu,3,FSR,4.85694,5.43377,60.60659743550738,1.653208622687609,0.000314744,8.55764e-06,5.19323e-06,1.14014e-08,108,27,38.04693561242199,75,,,False,,,,,,29,8
63,16,2022[Cd][pcu]3[ASR]1,2022 Cd pcu3 ASR1,CoRE,pcu,Cd,3,ASR,4.74925,7.47477,58.703133717394984,2.3397535539761765,0.000468225,1.81899e-05,7.97615e-06,7.10707e-08,72,26,41.07968009676963,63,,,False,,,,,,30,8
64,16,mslm050,ZIF-69 −SO₂CH₃ 50 %,설계,,,,,3.94014,7.49755,58.11340946697725,1.7018725134342632,0.000199834,5.8009e-06,3.43869e-06,1.33062e-08,146,30,33.751444175108645,91,True,6.68,,,,53,8,411,31,8
65,16,2009[Zn][sql]2[ION]1,2009 Zn sql2 ION1,CoRE,sql,Zn,2,Ion,4.40897,7.63613,58.05311550775799,1.7630818736560503,0.000848574,2.40141e-05,1.46172e-05,1.61116e-07,42,21,50.69705062150952,49,,,False,,,,,,,
66,16,sa25nb75,ZIF-69 −SO₃H 25 % + −NO₂ 75 %,설계,,,,,5.69054,9.12436,56.975950231393675,3.057317961437283,0.00013518,7.10338e-06,2.37258e-06,2.57867e-08,190,33,31.471707800165845,100,True,1.42,,,,53,18,401,32,8
67,16,2022[Cd][pcu]3[FSR]1,2022 Cd pcu3 FSR1,CoRE,pcu,Cd,3,FSR,4.74925,7.47477,56.75109003835981,1.0658477634717363,0.000452561,8.14038e-06,7.97449e-06,4.30802e-08,77,26,39.66099305381981,66,,,False,,,,,,33,8
68,16,2017[Co][qtz]3[ASR]1,2017 Co qtz3 ASR1,CoRE,qtz,Co,3,ASR,4.13343,4.98997,56.00482812086004,0.699204362388285,0.000570706,6.31447e-06,1.01903e-05,5.89358e-08,56,25,42.36705542063994,59,,,False,,,,,,34,8
69,16,2017[Zn][dia]3[ASR]8,2017 Zn dia3 ASR8,CoRE,tfv,Zn,3,ASR,3.67847,4.56185,55.65983704360277,0.6141818227112918,0.000326534,2.43274e-06,5.8666e-06,4.77529e-08,102,27,35.79907571820971,83,,,False,,,,,,35,8
70,16,2020[Cd][sql]2[ASR]1,2020 Cd sql2 ASR1,CoRE,sql,Cd,2,ASR,5.42002,7.73712,55.16089815886222,1.2137623042112622,0.00030128,6.50995e-06,5.46184e-06,2.27093e-08,113,27,34.88036615309785,86,,,False,,,,,,,
71,16,2017[Zn][dia]3[FSR]9,2017 Zn dia3 FSR9,CoRE,tfv,Zn,3,FSR,3.67847,4.56185,54.96246929696491,1.517214369721785,0.000319986,7.97545e-06,5.8219e-06,6.9079e-08,104,27,35.2673360326464,85,,,False,,,,,,36,8
72,16,2024[Ni][fes]2[FSR]2,2024 Ni fes2 FSR2,CoRE,fes,Ni,2,FSR,4.22577,5.90426,54.82746807212104,0.9058886066669187,0.000241657,2.49162e-06,4.40759e-06,5.69051e-08,129,29,33.14779190795954,93,,,False,,,,,,,
73,16,2017[Co][qtz]3[FSR]1,2017 Co qtz3 FSR1,CoRE,qtz,Co,3,FSR,4.13343,4.98997,54.77462586111331,0.3526226412761966,0.000553399,2.5605e-06,1.01032e-05,4.52237e-08,59,25,41.27840671862373,62,,,False,,,,,,37,8
74,16,2017[Zn][dmp]3[ION]1,2017 Zn dmp3 ION1,CoRE,dmp,Zn,3,Ion,3.91416,5.26248,53.36479396274504,1.0469103777465523,0.000536012,1.03709e-05,1.00443e-05,3.25637e-08,60,26,40.094835377353064,64,,,False,,,,,,38,8
75,16,2014[Cu][dia]3[ASR]2,2014 Cu dia3 ASR2,CoRE,dia,Cu,3,ASR,4.36265,4.82927,53.134073075474724,0.9433454615086355,0.000520656,7.67887e-06,9.79891e-06,9.68506e-08,62,26,39.57375475604812,67,,,False,,,,,,39,8
76,16,2022[Zn][pcu]3[ASR]4,2022 Zn pcu3 ASR4,CoRE,pcu,Zn,3,ASR,3.81215,7.11267,53.127145526685716,1.4875306694689774,0.000472796,1.19448e-05,8.89933e-06,1.07417e-07,70,26,38.317734644638975,74,,,False,,,,,,40,8
77,16,2014[Cu][dia]3[FSR]3,2014 Cu dia3 FSR3,CoRE,dia,Cu,3,FSR,4.36265,4.82927,53.07178071832094,0.9331326599127782,0.000516502,7.52583e-06,9.73214e-06,9.57693e-08,64,26,39.43285795743954,68,,,False,,,,,,41,8
78,16,2014[Cu][dia]3[FSR]7,2014 Cu dia3 FSR7,CoRE,dia,Cu,3,FSR,4.39054,4.83086,52.46611923150371,0.891349221882323,0.000502776,7.2183e-06,9.58287e-06,8.70446e-08,65,26,38.76067045403759,72,,,False,,,,,,42,8
79,16,2022[Zn][pcu]3[FSR]3,2022 Zn pcu3 FSR3,CoRE,pcu,Zn,3,FSR,3.81215,7.11267,52.35358858284211,2.3757480818410466,0.000462367,1.95918e-05,8.83162e-06,1.43439e-07,74,26,37.64506063145967,76,,,False,,,,,,43,8
80,16,2017[Fe][kag]3[FSR]1,2017 Fe kag3 FSR1,CoRE,kag,Fe,3,FSR,13.61044,15.13602,52.259356966199505,1.179153932337902,0.000316953,6.9315e-06,6.065e-06,3.36871e-08,107,27,33.79104965609635,89,,,False,,,,,,44,8
81,16,2014[Mn][gfy]3[ION]1,2014 Mn gfy3 ION1,CoRE,gfy,Mn,3,Ion,4.79422,6.67567,52.20928467528969,1.1575228026503952,0.000519367,9.96366e-06,9.94779e-06,1.10555e-07,63,26,39.06211032680447,71,,,False,,,,,,45,8
82,16,nbIm100,ZIF-69 −NO₂ 100 %,설계,,,,,5.55427,10.24736,52.20556185162584,2.0016236808962042,0.00011977,4.52411e-06,2.2942e-06,1.50832e-08,213,33,28.603201450387523,115,True,2.31,,,,59,18,395,46,8
83,16,2020[Zn][sql]2[ASR]4,2020 Zn sql2 ASR4,CoRE,sql,Zn,2,ASR,4.41398,5.6888,50.785385737477355,0.9887965171659995,0.000345365,6.44441e-06,6.80048e-06,3.78024e-08,97,27,33.77283847999743,90,,,False,,,,,,,
84,16,2014[Cu][dia]3[ASR]4,2014 Cu dia3 ASR4,CoRE,dia,Cu,3,ASR,4.37925,4.83497,50.69755974737195,0.5592222159683033,0.000483239,1.90936e-06,9.5318e-06,9.81643e-08,68,26,37.33545263528437,77,,,False,,,,,,47,8
85,16,2014[Cu][dia]3[FSR]5,2014 Cu dia3 FSR5,CoRE,dia,Cu,3,FSR,4.37925,4.83497,50.318575943044415,0.43829981792366,0.000481032,2.32397e-06,9.55973e-06,6.9288e-08,69,26,37.081846511521064,79,,,False,,,,,,48,8
86,16,2017[Fe][kag]3[ASR]1,2017 Fe kag3 ASR1,CoRE,kag,Fe,3,ASR,13.61044,15.13602,49.77125551991973,0.787468953770294,0.000300593,3.23333e-06,6.03949e-06,7.00752e-08,114,27,32.07712479301604,96,,,False,,,,,,49,8
87,16,2019[Zn][bcg]3[FSR]1,2019 Zn bcg3 FSR1,CoRE,bcg,Zn,3,FSR,5.1239,7.20343,49.469544260166366,0.8281528456598828,0.00014553,2.20429e-06,2.94181e-06,2.09735e-08,179,33,27.86338932209469,119,,,False,,,,,,50,8
88,16,ms50nb50,ZIF-69 −SO₂CH₃ 50 % + −NO₂ 50 %,설계,,,,,4.01548,8.8482,49.22181921746342,2.065886182497455,0.000117523,4.88643e-06,2.38762e-06,1.36718e-08,218,33,27.002459443524735,123,True,16.09,,,,67,17,388,51,8
89,16,2019[Zn][bcg]3[ASR]1,2019 Zn bcg3 ASR1,CoRE,bcg,Zn,3,ASR,5.1239,7.20343,49.059228472113574,1.053817145558329,0.000144241,2.86256e-06,2.94014e-06,2.41667e-08,181,33,27.617614417100242,120,,,False,,,,,,52,8
90,16,2014[Cu][dia]3[FSR]4,2014 Cu dia3 FSR4,CoRE,dia,Cu,3,FSR,4.45412,4.90987,48.648997713457945,0.8711350544843599,0.000470843,7.95345e-06,9.67837e-06,5.75082e-08,71,26,35.95240649642657,82,,,False,,,,,,53,8
91,16,2020[Co][fsc]3[ASR]1,2020 Co fsc3 ASR1,CoRE,fsc,Co,3,ASR,3.93851,6.07235,48.25777671398079,0.6922738663968127,0.000366942,4.45736e-06,7.60379e-06,5.80241e-08,91,27,33.03126367467855,94,,,False,,,,,,54,8
92,16,2020[Co][fsc]3[FSR]1,2020 Co fsc3 FSR1,CoRE,fsc,Co,3,FSR,3.93851,6.07235,47.75841284598839,1.2187313641357393,0.000363687,8.78655e-06,7.61514e-06,6.25713e-08,93,27,32.688022524265534,95,,,False,,,,,,55,8
93,16,2014[Cu][dia]3[ASR]3,2014 Cu dia3 ASR3,CoRE,dia,Cu,3,ASR,4.45412,4.90987,47.755211144524125,0.6278003123368082,0.000464503,5.17002e-06,9.72675e-06,6.80464e-08,73,26,35.32460446761034,84,,,False,,,,,,56,8
94,16,2019[Cd][pyr]3[ION]1,2019 Cd pyr3 ION1,CoRE,pyr,Cd,3,Ion,3.74738,4.59139,47.68302684969351,0.9940676011419589,0.00044185,8.3258e-06,9.2664e-06,8.26499e-08,78,26,34.69449856504724,87,,,False,,,,,,57,8
95,16,2014[Co][gfy]3[ION]2,2014 Co gfy3 ION2,CoRE,gfy,Co,3,Ion,5.88003,6.823,46.5463055078231,1.65337767548947,0.000452903,1.2523e-05,9.73016e-06,2.16963e-07,76,26,34.39630694865182,88,,,False,,,,,,58,8
96,16,2017[Cu][apo]3[FSR]1,2017 Cu apo3 FSR1,CoRE,apo,Cu,3,FSR,3.66848,4.78705,46.11187595012178,1.011310404532594,0.000372791,8.11572e-06,8.08449e-06,2.14783e-08,89,27,32.07536501650749,97,,,False,,,,,,59,8
97,16,2012[Zn][sql]2[ASR]1,2012 Zn sql2 ASR1,CoRE,sql,Zn,2,ASR,5.16816,5.94412,45.89580305742495,0.5954197976364257,0.000735852,9.40394e-06,1.60331e-05,3.58031e-08,49,23,41.464583421188976,61,,,False,,,,,,,
98,16,0000[Cu][apo]3[ASR]1,0000 Cu apo3 ASR1,CoRE,apo,Cu,3,ASR,3.66848,4.78705,45.78158500680619,0.9578485137127823,0.000369619,6.64026e-06,8.07353e-06,8.65749e-08,90,27,31.821669505653226,98,,,False,,,,,,60,8
99,16,2017[Cd][fsc]3[ION]1,2017 Cd fsc3 ION1,CoRE,fsc,Cd,3,Ion,3.76375,5.42772,45.463014167936414,1.066141980477692,0.000429956,9.41628e-06,9.45727e-06,7.92963e-08,81,26,33.23598678928522,92,,,False,,,,,,61,8
100,16,2021[Cu][sql]2[FSR]2,2021 Cu sql2 FSR2,CoRE,sql,Cu,2,FSR,3.79351,4.3525,45.086605100059614,0.6989482392214543,0.000135382,1.83228e-06,3.00271e-06,2.26997e-08,189,33,25.332809627712045,134,,,False,,,,,,,
101,16,saIm025,ZIF-69 −SO₃H 25 %,설계,,,,,4.47933,9.35853,44.789213592825334,1.1192112110269608,0.000146828,3.42071e-06,3.2782e-06,2.96223e-08,178,33,25.47865183246082,133,True,6.69,,,,82,20,370,62,8
102,16,2020[Cu][sql]2[FSR]10,2020 Cu sql2 FSR10,CoRE,sql,Cu,2,FSR,4.52324,7.00381,44.54607406776413,0.7820619557162125,0.000376515,6.01239e-06,8.45226e-06,6.16656e-08,88,27,31.36364151438138,103,,,False,,,,,,,
103,16,2024[Zn][sql]2[ASR]2,2024 Zn sql2 ASR2,CoRE,sql,Zn,2,ASR,4.02901,4.83867,44.4511722957434,0.5870948585228866,0.000305392,3.64603e-06,6.87028e-06,3.88067e-08,111,27,29.453392585101717,111,,,False,,,,,,,
104,16,2019[Ni][pcu]3[ASR]1,2019 Ni pcu3 ASR1,CoRE,pcu,Ni,3,ASR,3.68774,5.92744,44.37795338368459,0.5765878360004272,0.000289441,2.89256e-06,6.52218e-06,5.41526e-08,116,28,28.998135494723158,114,,,False,,,,,,63,8
105,16,2021[Cu][sql]2[ASR]2,2021 Cu sql2 ASR2,CoRE,sql,Cu,2,ASR,3.79351,4.3525,44.131581509822944,0.4984599522792992,0.000131434,1.42732e-06,2.97823e-06,9.24836e-09,195,33,24.73595732281607,136,,,False,,,,,,,
106,16,2024[Zn][sql]2[FSR]1,2024 Zn sql2 FSR1,CoRE,sql,Zn,2,FSR,4.02901,4.83867,44.11682388683048,0.6407000643691079,0.000304223,4.31747e-06,6.89585e-06,2.12599e-08,112,27,29.250016415910746,112,,,False,,,,,,,
107,16,2014[Zn][sql]2[ASR]1,2014 Zn sql2 ASR1,CoRE,sql,Zn,2,ASR,3.85921,5.08449,44.00219073871228,0.8790202550766972,0.000365557,6.71008e-06,8.3077e-06,6.54865e-08,92,27,30.795815086239983,104,,,False,,,,,,,
108,16,nbIm075,ZIF-69 −NO₂ 75 %,설계,,,,,5.34336,10.50189,43.921735739526504,3.2601835754633797,0.000109254,8.00146e-06,2.48747e-06,3.00534e-08,229,33,24.047088480003097,140,True,0.97,,,,76,40,356,64,8
109,16,2019[Ni][pcu]3[FSR]1,2019 Ni pcu3 FSR1,CoRE,pcu,Ni,3,FSR,3.68774,5.92744,43.65415347089115,0.45417561600451034,0.000284918,2.65759e-06,6.52671e-06,3.00787e-08,119,28,28.50572805128161,116,,,False,,,,,,65,8
110,16,2020[Zn][sql]2[FSR]1,2020 Zn sql2 FSR1,CoRE,sql,Zn,2,FSR,4.50206,5.10201,43.43906139535623,0.6071165211393578,0.00032811,3.45744e-06,7.55334e-06,6.93505e-08,101,27,29.524856615404794,110,,,False,,,,,,,
111,16,2013[ZnCr][lon]3[ASR]6,2013 ZnCr lon3 ASR6,CoRE,lon-e,"Zn,Cr",3,ASR,9.14708,11.82924,43.434283252518405,1.3990375065864111,0.000189542,5.91343e-06,4.36388e-06,3.4956e-08,152,31,25.89622526376301,130,,,False,,,,,,66,8
112,16,2020[Cu][kgm]2[ASR]1,2020 Cu kgm2 ASR1,CoRE,kgm,Cu,2,ASR,6.2066,6.65873,43.32736391967421,0.8566924600903119,0.000339927,5.61826e-06,7.84555e-06,8.51465e-08,99,27,29.77637054954632,109,,,False,,,,,,,
113,16,2023[Cd][rtl]3[FSR]1,2023 Cd rtl3 FSR1,CoRE,rtl,Cd,3,FSR,3.87939,4.96397,43.270995836164055,0.9252534377875602,0.000222287,4.56071e-06,5.13709e-06,3.09364e-08,135,30,26.66873973500022,124,,,False,,,,,,67,8
114,16,2014[Zn][sql]2[FSR]1,2014 Zn sql2 FSR1,CoRE,sql,Zn,2,FSR,3.85921,5.08449,43.16867191115224,0.740977327310117,0.000358224,5.91644e-06,8.29824e-06,3.87871e-08,95,27,30.173172618107934,106,,,False,,,,,,,
115,16,2020[Cu][sql]2[ASR]11,2020 Cu sql2 ASR11,CoRE,sql,Cu,2,ASR,4.52324,7.36478,43.10629724251889,2.808903823594155,0.000359219,2.25558e-05,8.33333e-06,1.45149e-07,94,27,30.166976575703657,107,,,False,,,,,,,
116,16,2014[Ni][gfy]3[ION]2,2014 Ni gfy3 ION2,CoRE,gfy,Ni,3,Ion,5.84937,6.69444,42.96223536103398,2.103605532830779,0.000409388,1.92424e-05,9.52902e-06,1.30729e-07,82,26,31.40539208428001,102,,,False,,,,,,68,8
117,16,2020[Zn][sql]2[ASR]3,2020 Zn sql2 ASR3,CoRE,sql,Zn,2,ASR,4.50206,5.10201,42.93734048593093,0.5099496770356814,0.000323684,2.6015e-06,7.53852e-06,6.59169e-08,103,27,29.149753694343573,113,,,False,,,,,,,
118,16,nbIm050,ZIF-69 −NO₂ 50 %,설계,,,,,4.51496,9.68335,42.70821777755125,2.530950366252459,0.000142446,8.40668e-06,3.33533e-06,1.79482e-08,183,33,24.28856152508287,138,True,-0.09,,,,82,36,354,69,8
119,16,2024[Ni][etb]3[FSR]1,2024 Ni etb3 FSR1,CoRE,etb,Ni,3,FSR,4.0505,7.00003,42.547681916569395,0.3301304138451716,0.000225267,6.21385e-07,5.29446e-06,3.83964e-08,132,30,26.37292815677511,127,,,False,,,,,,70,8
120,16,mslm025,ZIF-69 −SO₂CH₃ 25 %,설계,,,,,4.58298,8.58154,42.160848869496235,0.8252734253568751,0.000136048,2.43979e-06,3.22688e-06,2.53169e-08,188,33,23.83826367067988,141,True,5.25,,,,95,15,362,71,8
121,16,2019[Zn][fsc]3[FSR]1,2019 Zn fsc3 FSR1,CoRE,sqc27,Zn,3,FSR,4.37361,5.50326,42.15902103737538,1.1334617266532594,0.000153587,3.97947e-06,3.64304e-06,2.61401e-08,174,33,24.296294149147826,137,,,False,,,,,,72,8
122,16,2023[Cd][rtl]3[ASR]1,2023 Cd rtl3 ASR1,CoRE,rtl,Cd,3,ASR,3.87939,4.96397,41.832068553052146,0.7656246608390264,0.000213331,3.11562e-06,5.0997e-06,5.62542e-08,139,30,25.690761845298425,132,,,False,,,,,,73,8
123,16,2017[Ni][dia]3[FSR]3,2017 Ni dia3 FSR3,CoRE,dia,Ni,3,FSR,3.66829,5.21863,41.25273634926049,0.6662271514138515,0.000665221,7.55207e-06,1.61255e-05,1.85222e-07,50,24,37.21680562829094,78,,,False,,,,,,74,8
124,16,2024[Cd][dia]3[ASR]1,2024 Cd dia3 ASR1,CoRE,dia,Cd,3,ASR,4.02753,5.78772,41.24379260091158,0.7968518344592203,0.000408375,5.34513e-06,9.90149e-06,1.40715e-07,83,26,30.490824984004835,105,,,False,,,,,,75,8
125,16,2017[Ni][dia]3[ASR]3,2017 Ni dia3 ASR3,CoRE,dia,Ni,3,ASR,3.66829,5.21863,40.87026950161677,0.31124226383942294,0.000661048,3.60855e-06,1.61743e-05,8.58839e-08,51,24,36.90995161989828,80,,,False,,,,,,76,8
126,16,2024[Cd][dia]3[FSR]1,2024 Cd dia3 FSR1,CoRE,dia,Cd,3,FSR,4.02753,5.78772,40.47156403812338,0.28290631913002307,0.000403236,2.3556e-06,9.96344e-06,3.82493e-08,84,26,29.95727055041468,108,,,False,,,,,,77,8
127,16,2019[Co][jaj]3[FSR]1,2019 Co jaj3 FSR1,CoRE,jaj,Co,3,FSR,4.08328,6.00209,40.246881872843154,1.4731899357785827,0.000247596,9.02643e-06,6.15193e-06,2.01982e-08,128,29,25.768242816485092,131,,,False,,,,,,78,8
128,16,2019[Zn][fsc]3[ASR]1,2019 Zn fsc3 ASR1,CoRE,sqc27,Zn,3,ASR,4.37361,5.50326,39.74779873349909,0.6559952651522151,0.00014468,1.56636e-06,3.63995e-06,4.53418e-08,180,33,22.817135216157936,145,,,False,,,,,,79,8
129,16,2023[Ni][dia]3[ASR]1,2023 Ni dia3 ASR1,CoRE,dia,Ni,3,ASR,3.79465,5.38628,39.66479027597887,0.7039960494536226,0.000796231,1.37076e-05,2.0074e-05,8.66608e-08,44,21,39.82456382220677,65,,,False,,,,,,80,8
130,16,2016[Zn][dia]3[FSR]1,2016 Zn dia3 FSR1,CoRE,dia,Zn,3,FSR,4.46539,5.6878,39.39926263283452,0.647098167098183,0.000490509,7.62581e-06,1.24497e-05,6.59375e-08,66,26,31.686957952747445,99,,,False,,,,,,81,8
131,16,2016[Zn][dia]3[ASR]1,2016 Zn dia3 ASR1,CoRE,dia,Zn,3,ASR,4.46539,5.6878,39.11920593620507,0.5309854214897995,0.000487128,5.68054e-06,1.24524e-05,8.65015e-08,67,26,31.4537532468403,101,,,False,,,,,,82,8
132,16,2023[Ni][dia]3[FSR]1,2023 Ni dia3 FSR1,CoRE,dia,Ni,3,FSR,3.79465,5.38628,38.99119890860557,0.4774731895273106,0.000791689,7.92694e-06,2.03043e-05,1.43145e-07,45,21,39.35760597903318,69,,,False,,,,,,83,8
133,16,2019[Zn][mog]3[ASR]3,2019 Zn mog3 ASR3,CoRE,moc,Zn,3,ASR,3.89796,4.554,38.80849286364809,0.7540421234941611,0.000340047,5.12334e-06,8.76218e-06,1.07499e-07,98,27,27.444245394376445,121,,,False,,,,,,84,8
134,16,2019[Zn][mog]3[FSR]3,2019 Zn mog3 FSR3,CoRE,moc,Zn,3,FSR,3.89796,4.554,38.764383618378815,1.025885626539398,0.000336947,7.85236e-06,8.69218e-06,1.0901e-07,100,27,27.34032722159031,122,,,False,,,,,,85,8
135,16,2019[Cd][kgd]2[FSR]3,2019 Cd kgd2 FSR3,CoRE,kgd,Cd,2,FSR,3.82432,6.85714,38.32527967802977,0.6697367605351036,0.000319391,5.34794e-06,8.33369e-06,4.16771e-08,105,27,26.653986836492997,125,,,False,,,,,,,
136,16,2019[Cd][kgd]2[ASR]3,2019 Cd kgd2 ASR3,CoRE,kgd,Cd,2,ASR,3.82432,6.85714,38.16355930984558,0.5383983780176727,0.000318423,4.03547e-06,8.34364e-06,5.17127e-08,106,27,26.54508144392932,126,,,False,,,,,,,
137,16,2019[Ni][hcb]2[FSR]1,2019 Ni hcb2 FSR1,CoRE,hcb,Ni,2,FSR,4.71894,5.629,38.03551420907887,0.5295075340828788,0.000112026,1.19653e-06,2.9453e-06,2.62983e-08,224,33,21.077742699994282,160,,,False,,,,,,,
138,16,2017[Zn][unc]3[FSR]1,2017 Zn unc3 FSR1,CoRE,unc,Zn,3,FSR,4.60591,4.7828,37.775554617729526,0.7141727328814612,0.000376841,6.05092e-06,9.97579e-06,9.95577e-08,87,27,27.8732986711299,118,,,False,,,,,,86,8
139,16,2020[Cu][sql]2[ASR]3,2020 Cu sql2 ASR3,CoRE,mcm,Cu,2,ASR,4.68009,5.89219,37.56697702801126,0.47483267976734905,0.000381688,3.93852e-06,1.01602e-05,7.41659e-08,86,27,27.89235010248296,117,,,False,,,,,,,
140,16,cf3Im075,ZIF-69 −CF₃ 75 %,설계,,,,,4.68229,8.38737,37.46255002060185,1.0878954593551824,0.000107286,2.95224e-06,2.86382e-06,2.65709e-08,232,33,20.657605614400218,163,True,7.84,,,,114,18,340,87,8
141,16,2021[Cd][tfz]3[FSR]3,2021 Cd tfz3 FSR3,CoRE,tfz-d,Cd,3,FSR,5.36549,6.82265,37.36632249298376,1.10585660975064,0.000172153,4.90835e-06,4.60717e-06,3.65554e-08,166,31,22.305370422274564,149,,,False,,,,,,88,8
142,16,2021[Co][sql]2[FSR]4,2021 Co sql2 FSR4,CoRE,sql,Co,2,FSR,4.03954,4.31536,36.84010920289953,1.2877476342585576,0.000136966,4.63418e-06,3.71785e-06,3.26409e-08,186,33,21.112631006159322,159,,,False,,,,,,,
143,16,2021[Cu][sql]2[ASR]1,2021 Cu sql2 ASR1,CoRE,sql,Cu,2,ASR,3.70181,4.5981,36.82806603954106,1.8594845768770718,0.000288693,1.36491e-05,7.83894e-06,1.38915e-07,118,28,25.076925033235334,135,,,False,,,,,,,
144,16,2019[Zn][mog]3[FSR]1,2019 Zn mog3 FSR1,CoRE,moc,Zn,3,FSR,3.80127,4.73706,36.59450335896534,0.7077245342860201,0.000174749,2.81743e-06,4.77528e-06,5.10038e-08,163,31,21.97444345487817,153,,,False,,,,,,89,8
145,16,2019[Zn][mog]3[ASR]1,2019 Zn mog3 ASR1,CoRE,moc,Zn,3,ASR,3.80127,4.73706,36.450454452122244,0.5157516778908816,0.00017397,1.89328e-06,4.77278e-06,4.31587e-08,164,31,21.87961624115001,154,,,False,,,,,,90,8
146,16,2017[Cu][sql]2[ASR]1,2017 Cu sql2 ASR1,CoRE,sql,Cu,2,ASR,7.16989,7.85652,36.412010642341315,0.8944914199065984,0.000121666,2.93067e-06,3.34137e-06,1.61138e-08,208,33,20.491014864108873,164,,,False,,,,,,,
147,16,cf3Im050,ZIF-69 −CF₃ 50 %,설계,,,,,4.78541,8.71654,35.904348081192,1.5453962501342102,0.000110147,4.6968e-06,3.06779e-06,1.79787e-08,226,33,19.927225918024995,168,True,4.62,,,,118,19,335,91,8
148,16,2019[In][kgd]2[ASR]1,2019 In kgd2 ASR1,CoRE,hcb,In,2,ASR,4.48716,8.30046,35.85612930612642,0.4713720615416002,0.000353919,4.61207e-06,9.87053e-06,1.71094e-08,96,27,26.28153482087002,128,,,False,,,,,,,
149,16,2021[Cu][sql]2[FSR]1,2021 Cu sql2 FSR1,CoRE,sql,Cu,2,FSR,3.70181,4.5981,35.6524095546213,2.2603079228708283,0.000278917,1.65464e-05,7.82323e-06,1.74943e-07,120,28,24.213541976200116,139,,,False,,,,,,,
150,16,2018[Zn][pcu]3[FSR]15,2018 Zn pcu3 FSR15,CoRE,pcu,Zn,3,FSR,4.34676,6.0961,35.60787365115983,0.7052116897887142,0.00025993,4.72576e-06,7.29979e-06,5.7335e-08,125,29,23.693659150986303,143,,,False,,,,,,92,8
151,16,nbIm025,ZIF-69 −NO₂ 25 %,설계,,,,,4.92052,9.98677,35.31049700535883,2.1627984293785913,0.000120978,7.24166e-06,3.42612e-06,4.44777e-08,211,33,19.90376970604089,169,True,0.26,,,,117,27,328,93,8
152,16,2020[Cd][sql]2[FSR]3,2020 Cd sql2 FSR3,CoRE,sql,Cd,2,FSR,4.33584,5.31056,34.93356187075089,0.9724135456693334,0.000224598,5.76337e-06,6.42929e-06,6.93558e-08,134,30,22.420590811179853,147,,,False,,,,,,,
153,16,2021[Mn][sql]2[FSR]1,2021 Mn sql2 FSR1,CoRE,sql,Mn,2,FSR,3.82772,5.57449,34.6063559821792,0.9553385355105084,0.000181918,5.01147e-06,5.25678e-06,9.39457e-09,155,31,21.134611557243232,158,,,False,,,,,,,
154,16,2020[Cd][sql]2[ASR]3,2020 Cd sql2 ASR3,CoRE,sql,Cd,2,ASR,4.33584,5.31056,34.41084397597822,0.5389406679887103,0.000219514,2.53982e-06,6.37921e-06,6.73383e-08,136,30,22.017417964476813,152,,,False,,,,,,,
155,16,2018[Ni][sql]2[FSR]1,2018 Ni sql2 FSR1,CoRE,sql,Ni,2,FSR,4.91511,5.99567,34.189014291428336,0.5415247969755325,0.000224802,2.88303e-06,6.57527e-06,6.11197e-08,133,30,22.041161421751102,151,,,False,,,,,,,
156,16,2018[Zn][pcu]3[ASR]15,2018 Zn pcu3 ASR15,CoRE,pcu,Zn,3,ASR,4.34676,6.0961,33.963604047144905,0.5392989856394907,0.000249175,3.88349e-06,7.33653e-06,2.22887e-08,127,29,22.562486589097496,146,,,False,,,,,,94,8
157,16,2022[Cd][nuc]3[FSR]1,2022 Cd nuc3 FSR1,CoRE,nuc,Cd,3,FSR,4.0645,4.95702,33.35857538790564,0.4288070743777063,0.000305718,2.46173e-06,9.1646e-06,9.18283e-08,109,27,23.72948346373142,142,,,False,,,,,,95,8
158,16,2022[Cd][nuc]3[ASR]1,2022 Cd nuc3 ASR1,CoRE,nuc,Cd,3,ASR,4.0645,4.95702,33.1318264785213,0.5810815517656441,0.000305493,5.07366e-06,9.22053e-06,5.19704e-08,110,27,23.606416014052183,144,,,False,,,,,,96,8
159,16,2015[Co][hcb]2[ASR]1,2015 Co hcb2 ASR1,CoRE,hcb,Co,2,ASR,3.83703,5.93349,33.128967508310105,0.607391040315996,0.000227435,2.91144e-06,6.86514e-06,9.01061e-08,131,30,21.562252210444477,156,,,False,,,,,,,
160,16,2020[Cu][sql]2[ION]1,2020 Cu sql2 ION1,CoRE,sql,Cu,2,Ion,4.5129,5.42819,32.62294427755401,0.7687005699631997,0.000237068,5.32738e-06,7.26691e-06,5.15056e-08,130,29,21.552833479583526,157,,,False,,,,,,,
161,16,2015[Cd][sql]2[FSR]5,2015 Cd sql2 FSR5,CoRE,sql,Cd,2,FSR,4.00855,5.87576,32.43540406816932,0.3893041274749736,0.00019706,2.16877e-06,6.07546e-06,2.90955e-08,147,30,20.4089538624554,166,,,False,,,,,,,
162,16,2019[Co][apo]3[FSR]1,2019 Co apo3 FSR1,CoRE,apo,Co,3,FSR,3.79815,4.97073,32.03182966329838,0.30318079909584295,0.000277592,2.52302e-06,8.66613e-06,2.28906e-08,121,28,22.307822415387847,148,,,False,,,,,,97,9
163,16,2019[Co][apo]3[ASR]1,2019 Co apo3 ASR1,CoRE,apo,Co,3,ASR,3.79815,4.97073,32.02544345731412,0.40357991975998925,0.000277063,3.1531e-06,8.65134e-06,4.6823e-08,122,28,22.290678837506576,150,,,False,,,,,,98,9
164,16,2019[Cd][ins]3[FSR]1,2019 Cd ins3 FSR1,CoRE,ins,Cd,3,FSR,8.71363,9.03531,31.786055922207158,1.1501105538544996,0.000184752,6.45586e-06,5.81236e-06,5.45742e-08,153,31,19.75129733361572,170,,,False,,,,,,99,9
165,16,2019[Cd][ins]3[ASR]1,2019 Cd ins3 ASR1,CoRE,ins,Cd,3,ASR,8.71363,9.03531,31.65294474886475,1.0765499096903004,0.000183463,5.86027e-06,5.79608e-06,6.76994e-08,154,31,19.648776427560648,172,,,False,,,,,,100,9
166,16,2021[Co][svk]3[FSR]1,2021 Co svk3 FSR1,CoRE,svk,Co,3,FSR,3.66246,5.91779,31.27557092202364,0.8184378605469707,0.00020525,5.2014e-06,6.56263e-06,4.28283e-08,143,30,20.023897157975505,167,,,False,,,,,,101,9
167,16,cf3Im025,ZIF-69 −CF₃ 25 %,설계,,,,,5.20977,9.33792,31.051146373181467,0.7345587705708979,9.69423e-05,2.23649e-06,3.12202e-06,1.63381e-08,248,33,17.073633352735058,189,True,1.27,,,,141,15,316,102,9
168,16,2019[Cd][pts]3[ASR]1,2019 Cd pts3 ASR1,CoRE,tfi,Cd,3,ASR,6.2187,7.05077,31.0205168917794,0.9961694954544985,0.000177004,5.24754e-06,5.70603e-06,7.04293e-08,159,31,19.152925450194413,173,,,False,,,,,,103,9
169,16,2019[Cd][pts]3[FSR]1,2019 Cd pts3 FSR1,CoRE,tfi,Cd,3,FSR,6.2187,7.05077,31.011579960988616,0.9536893792139559,0.00017584,5.25614e-06,5.67014e-06,4.09742e-08,160,31,19.117846501413492,174,,,False,,,,,,104,9
170,16,2021[Cd][tfz]3[FSR]2,2021 Cd tfz3 FSR2,CoRE,tfz-d,Cd,3,FSR,5.41385,6.62776,30.705146599982687,0.6407693262817978,0.000134822,2.14241e-06,4.39086e-06,5.93952e-08,192,33,17.88609468055232,184,,,False,,,,,,105,9
171,16,2020[Cd][kgd]2[ASR]3,2020 Cd kgd2 ASR3,CoRE,kgd,Cd,2,ASR,4.33842,6.44246,30.70441127275029,0.27898535104345024,0.0001698,1.41143e-06,5.53015e-06,2.02919e-08,167,31,18.801047928577766,178,,,False,,,,,,,
172,16,2021[Cd][tfz]3[ASR]4,2021 Cd tfz3 ASR4,CoRE,tfz-d,Cd,3,ASR,3.85246,5.97916,30.565888826322716,0.6773129055179301,0.000206814,4.29465e-06,6.76617e-06,5.23272e-08,140,30,19.698075183598583,171,,,False,,,,,,106,9
173,16,mbIm025,ZIF-69 −CH₃ 25 %,설계,,,,,5.22239,9.38798,30.44931950685421,1.4304971156367348,9.88662e-05,4.47098e-06,3.24691e-06,4.13272e-08,246,33,16.812967041934783,193,True,-0.54,,,,140,33,299,107,9
174,16,2024[Zn][srs]3[ASR]2,2024 Zn srs3 ASR2,CoRE,srs,Zn,3,ASR,4.2195,4.80398,30.00001891635754,0.5931689968010132,0.000158593,2.97176e-06,5.28643e-06,3.33591e-08,172,33,18.143757492486806,183,,,False,,,,,,108,9
175,16,2020[Cd][kgd]2[FSR]3,2020 Cd kgd2 FSR3,CoRE,kgd,Cd,2,FSR,4.33842,6.44246,29.950886599572648,0.3692851169646702,0.00016624,1.85187e-06,5.55042e-06,2.9332e-08,168,32,18.318479883173055,182,,,False,,,,,,,
176,16,2015[InAg][sql]2[ASR]1,2015 InAg sql2 ASR1,CoRE,sql,"In,Ag",2,ASR,4.35883,5.12243,29.88773432196752,0.36074136696083875,0.000457904,4.49669e-06,1.53208e-05,1.07515e-07,75,26,25.91834893017754,129,,,False,,,,,,,
177,16,2017[Zn][sql]2[ASR]2,2017 Zn sql2 ASR2,CoRE,sql,Zn,2,ASR,4.79322,5.88419,29.713542705880784,0.44738755131243135,0.000268053,3.75792e-06,9.02124e-06,4.95451e-08,123,29,20.86015197814412,162,,,False,,,,,,,
178,16,2021[Zn][sql]2[FSR]2,2021 Zn sql2 FSR2,CoRE,sql,Zn,2,FSR,6.44485,9.3401,29.70268851876898,1.604200070301737,0.000113761,5.89843e-06,3.82999e-06,5.79045e-08,222,33,16.816901999191977,192,,,False,,,,,,,
179,16,2020[Cu][ant]2[FSR]1,2020 Cu ant2 FSR1,CoRE,ant,Cu,2,FSR,4.02117,4.62691,29.65437060985141,0.4812795787096515,6.10883e-05,7.64321e-07,2.06001e-06,2.12947e-08,343,36,15.413549431413552,203,,,False,,,,,,,
180,16,2022[Zn][pcu]3[FSR]1,2022 Zn pcu3 FSR1,CoRE,pcu,Zn,3,FSR,4.00608,5.58976,29.602444356120827,0.493660745260367,0.000297919,4.84832e-06,1.0064e-05,3.66461e-08,115,27,21.584296697929673,155,,,False,,,,,,109,9
181,16,2024[Co][sql]2[FSR]2,2024 Co sql2 FSR2,CoRE,sql,Co,2,FSR,5.12799,6.11057,29.550164148175742,0.5942918084692315,0.000203064,3.16893e-06,6.87184e-06,8.71749e-08,145,30,19.075035154962496,175,,,False,,,,,,,
182,16,2020[Cu][rob]3[ASR]1,2020 Cu rob3 ASR1,CoRE,rob,Cu,3,ASR,3.74703,4.7834,29.46226351821948,0.5868378429292906,0.000114214,2.03034e-06,3.87662e-06,3.48313e-08,221,33,16.704509474441185,194,,,False,,,,,,110,9
183,16,2024[Ni][sql]2[FSR]3,2024 Ni sql2 FSR3,CoRE,sql,Ni,2,FSR,5.04481,6.1527,29.35327904351469,0.48999226952715946,0.000206719,3.15188e-06,7.04245e-06,4.78564e-08,142,30,19.0689357946306,176,,,False,,,,,,,
184,16,2013[ZnCr][lon]3[ASR]4,2013 ZnCr lon3 ASR4,CoRE,lon-e,"Zn,Cr",3,ASR,7.20357,12.38016,29.344634307917108,0.49788005715323164,0.000124916,2.08981e-06,4.25686e-06,1.20278e-08,201,33,16.923779759778135,190,,,False,,,,,,111,9
185,16,2017[Zn][sql]2[FSR]1,2017 Zn sql2 FSR1,CoRE,sql,Zn,2,FSR,4.79322,5.88419,29.196309298207463,0.34540396586342964,0.000263144,2.26465e-06,9.01292e-06,7.31619e-08,124,29,20.46439295343049,165,,,False,,,,,,,
186,16,2017[Cu][rob]3[ASR]1,2017 Cu rob3 ASR1,CoRE,rob,Cu,3,ASR,4.11066,4.79113,29.110048476967265,0.5641115205588535,0.000141476,1.45113e-06,4.86004e-06,7.99062e-08,184,33,17.235906111035852,188,,,False,,,,,,112,9
187,16,2019[Zn][pcu]3[FSR]3,2019 Zn pcu3 FSR3,CoRE,pcu,Zn,3,FSR,3.91778,5.74581,29.08555974499576,0.5335022339470078,0.000206812,3.31473e-06,7.11047e-06,6.34225e-08,141,30,18.93301732513745,177,,,False,,,,,,113,9
188,16,2020[Cu][rob]3[FSR]1,2020 Cu rob3 FSR1,CoRE,rob,Cu,3,FSR,3.74703,4.7834,28.991288328233306,0.5476509170439989,0.000111417,2.0395e-06,3.84312e-06,1.79282e-08,225,33,16.387924368370676,196,,,False,,,,,,114,9
189,16,2017[Ni][sql]2[ASR]1,2017 Ni sql2 ASR1,CoRE,sql,Ni,2,ASR,5.06167,5.95504,28.89050158569523,0.6213218949583112,0.000130178,2.75306e-06,4.50591e-06,1.75997e-08,196,33,16.826793097674184,191,,,False,,,,,,,
190,16,2022[Zn][pcu]3[ASR]1,2022 Zn pcu3 ASR1,CoRE,pcu,Zn,3,ASR,4.00608,5.58976,28.874372461149978,0.37793420021317065,0.000289301,3.3456e-06,1.00193e-05,6.14239e-08,117,28,20.982520227560514,161,,,False,,,,,,115,9
191,16,2019[Zn][pcu]3[ASR]3,2019 Zn pcu3 ASR3,CoRE,pcu,Zn,3,ASR,3.91778,5.74581,28.85469482740383,0.26428687112155375,0.000204587,1.38351e-06,7.09025e-06,4.37996e-08,144,30,18.755485146642236,179,,,False,,,,,,116,9
192,16,2020[Cu][ant]2[ASR]1,2020 Cu ant2 ASR1,CoRE,ant,Cu,2,ASR,4.02117,4.62691,28.704790454243643,0.3370257047873172,5.87943e-05,5.99639e-07,2.04824e-06,1.19142e-08,352,36,14.862793429367075,213,,,False,,,,,,,
193,16,2013[ZnCr][lon]3[ASR]1,2013 ZnCr lon3 ASR1,CoRE,lon-e,"Zn,Cr",3,ASR,6.60797,11.79013,28.460758683241746,1.214591493065252,0.000106688,4.43531e-06,3.7486e-06,3.61406e-08,236,33,15.990004493595114,198,,,False,,,,,,117,9
194,16,2017[Ni][sql]2[FSR]1,2017 Ni sql2 FSR1,CoRE,sql,Ni,2,FSR,5.06167,5.95504,28.421360376002603,0.43566849603095414,0.000127351,1.90081e-06,4.48082e-06,1.56491e-08,199,33,16.510370692423443,195,,,False,,,,,,,
195,16,2017[Zn][apo]3[FSR]1,2017 Zn apo3 FSR1,CoRE,apo,Zn,3,FSR,3.70658,6.62246,28.061408466552948,0.5426531933275791,0.000219452,4.17891e-06,7.82042e-06,2.63405e-08,137,30,18.734529675949975,180,,,False,,,,,,118,9
196,16,2017[Zn][apo]3[ASR]1,2017 Zn apo3 ASR1,CoRE,apo,Zn,3,ASR,3.70658,6.62246,27.93528462168179,0.3809718326910023,0.000219078,2.56557e-06,7.84234e-06,5.48088e-08,138,30,18.659564163729073,181,,,False,,,,,,119,9
197,16,2019[Zn][pts]3[ASR]2,2019 Zn pts3 ASR2,CoRE,tfi,Zn,3,ASR,5.74655,6.77542,27.550585252250446,0.6884306891307556,0.000190582,4.39278e-06,6.91753e-06,6.67548e-08,151,31,17.71505203799671,186,,,False,,,,,,120,9
198,16,2019[Co][pcu]3[FSR]2,2019 Co pcu3 FSR2,CoRE,pcu,Co,3,FSR,3.97572,5.67777,27.4537479463648,0.19397933883881277,0.00019334,1.16694e-06,7.04239e-06,2.58699e-08,148,31,17.737182012295595,185,,,False,,,,,,121,9
199,16,e4zif3,ZIF-3 (E-4),앵커,,,,,5.60423,,27.43216476216401,0.7998505909103567,9.47293e-05,2.62933e-06,3.45322e-06,3.08372e-08,255,33,15.14550183347391,206,,,,,,168,18,286,122,9
200,16,2019[Co][pcu]3[ASR]2,2019 Co pcu3 ASR2,CoRE,pcu,Co,3,ASR,3.97572,5.67777,27.365025428238862,0.40895594924066125,0.000192311,2.38845e-06,7.02762e-06,5.84129e-08,150,31,17.664404202382656,187,,,False,,,,,,123,9
201,16,cnbIm050,ZIF-69 −CN 50 %,설계,,,,,4.95951,9.69183,27.288852490908347,0.6273788693189687,8.69693e-05,1.50475e-06,3.18699e-06,4.82481e-08,270,33,14.868370713502147,212,True,6.41,,,,170,16,286,124,9
202,16,2015[Zn][sql]2[ASR]3,2015 Zn sql2 ASR3,CoRE,sql,Zn,2,ASR,5.85903,7.85595,27.2317414538977,0.4559196149287749,0.000128414,1.99166e-06,4.7156e-06,2.97313e-08,197,33,15.92341603921695,200,,,False,,,,,,,
203,16,cnbIm075,ZIF-69 −CN 75 %,설계,,,,,5.03087,9.72067,27.159896742380784,0.4456627459355079,8.90095e-05,1.15436e-06,3.27724e-06,3.29451e-08,266,33,14.855118511619727,214,True,7.25,,,,172,14,286,125,9
204,16,2020[Co][hex]3[FSR]1,2020 Co hex3 FSR1,CoRE,hex,Co,3,FSR,4.15942,5.20441,27.061735593899183,0.4437158463284964,9.18911e-05,1.47723e-06,3.39561e-06,1.09553e-08,262,33,14.879798816683984,211,,,False,,,,,,126,9
205,16,2020[Co][hex]3[ASR]1,2020 Co hex3 ASR1,CoRE,hex,Co,3,ASR,4.15942,5.20441,27.058960197161394,0.537976080206823,9.20075e-05,1.5996e-06,3.40026e-06,3.27948e-08,261,33,14.881410596703805,210,,,False,,,,,,127,9
206,16,2017[Cd][pts]3[ASR]1,2017 Cd pts3 ASR1,CoRE,tfi,Cd,3,ASR,5.97827,6.66243,27.000180557923983,0.7180916701364372,0.000107667,2.74136e-06,3.98764e-06,3.06428e-08,231,33,15.260825168150834,205,,,False,,,,,,128,9
207,16,2017[Cd][pts]3[FSR]1,2017 Cd pts3 FSR1,CoRE,tfi,Cd,3,FSR,5.97827,6.66243,26.773934232672644,0.31368650591107483,0.000106579,8.22784e-07,3.9807e-06,3.50821e-08,238,33,15.11543374606089,207,,,False,,,,,,129,9
208,16,cnbIm025,ZIF-69 −CN 25 %,설계,,,,,5.24587,9.65226,26.424547555738688,0.8035063124053906,8.20868e-05,2.46673e-06,3.10646e-06,1.44382e-08,278,33,14.293945290648635,218,True,3.75,,,,174,16,282,130,9
209,16,2016[Cu][hcb]2[FSR]1,2016 Cu hcb2 FSR1,CoRE,cpr,Cu,2,FSR,6.59001,7.19351,26.313960341587592,0.9742324163265004,0.000146889,5.41201e-06,5.58217e-06,2.03089e-08,177,33,15.932593549425043,199,,,False,,,,,,,
210,16,2017[Zn][sql]3[FSR]2,2017 Zn sql3 FSR2,CoRE,sql,Zn,3,FSR,3.69681,5.81954,26.17817947062621,0.43246375914083635,0.000136248,1.34053e-06,5.20464e-06,6.90683e-08,187,33,15.583962119634037,201,,,False,,,,,,131,9
211,16,2017[Zn][sql]3[ASR]2,2017 Zn sql3 ASR2,CoRE,sql,Zn,3,ASR,3.69681,5.81954,26.05069069346935,0.6733088904887166,0.000135139,3.32835e-06,5.18754e-06,4.06583e-08,191,33,15.489057148462395,202,,,False,,,,,,132,9
212,16,2018[Cu][kgm]2[ASR]1,2018 Cu kgm2 ASR1,CoRE,kgm,Cu,2,ASR,4.71526,6.55349,25.659089556557447,0.3865778772414469,0.000125037,1.61142e-06,4.87301e-06,3.80261e-08,200,33,15.022327736833482,208,,,False,,,,,,,
213,16,cnbIm100,ZIF-69 −CN 100 %,설계,,,,,5.0029,9.56955,25.538911034183528,0.5057380754099002,8.18162e-05,1.55726e-06,3.20359e-06,1.75074e-08,279,33,13.829184131233138,224,True,9.93,,,,183,12,277,133,9
214,16,2018[Cu][kgm]2[FSR]1,2018 Cu kgm2 FSR1,CoRE,kgm,Cu,2,FSR,4.71526,6.55349,25.462125511941558,0.36601836568475443,0.000124714,1.53187e-06,4.89802e-06,3.65772e-08,204,33,14.912087985757413,209,,,False,,,,,,,
215,16,2019[Mn][bpq]3[ASR]1,2019 Mn bpq3 ASR1,CoRE,rna,Mn,3,ASR,5.54886,5.79654,25.34120552709842,0.2724544588725013,0.000173401,1.51366e-06,6.84265e-06,4.29475e-08,165,31,16.12368057775458,197,,,False,,,,,,134,9
216,16,2021[Zn][kgd]2[FSR]1,2021 Zn kgd2 FSR1,CoRE,kgd,Zn,2,FSR,4.19947,5.79771,24.97759543522409,0.39769642166280095,0.000121518,1.76347e-06,4.86508e-06,3.18712e-08,209,33,14.578056613429826,215,,,False,,,,,,,
217,16,2023[In][neb]3[ASR]2,2023 In neb3 ASR2,CoRE,tfl,In,3,ASR,7.05768,9.69778,24.94261013400876,1.4282246843705917,9.65067e-05,5.51678e-06,3.86915e-06,1.28035e-08,250,33,13.905460487304724,223,,,False,,,,,,135,9
218,16,2022[Zn][pcu]3[FSR]2,2022 Zn pcu3 FSR2,CoRE,pcu,Zn,3,FSR,5.6982,8.32876,24.75629738661927,0.48231789264109654,0.000106968,1.97634e-06,4.32084e-06,2.67092e-08,233,33,14.082937608452363,221,,,False,,,,,,136,9
219,16,2020[Cu][dia]3[ASR]3,2020 Cu dia3 ASR3,CoRE,dia,Cu,3,ASR,10.56887,10.87974,24.667316737409656,0.7073118176957133,6.8808e-05,1.93518e-06,2.78944e-06,1.55865e-08,313,35,13.03835166464383,229,,,False,,,,,,137,9
220,16,2022[Zn][pcu]3[ASR]3,2022 Zn pcu3 ASR3,CoRE,pcu,Zn,3,ASR,5.6982,8.32876,24.65925124472051,0.8072200370123631,0.000106435,3.46749e-06,4.31623e-06,1.37996e-08,240,33,14.018838048774038,222,,,False,,,,,,138,9
221,16,2015[Zn][sql]2[FSR]3,2015 Zn sql2 FSR3,CoRE,sql,Zn,2,FSR,5.85903,7.32828,24.435955217582578,0.45622895582214607,8.16525e-05,1.24586e-06,3.34149e-06,3.5954e-08,281,33,13.254913998849199,226,,,False,,,,,,,
222,16,2019[Mn][bpq]3[FSR]1,2019 Mn bpq3 FSR1,CoRE,rna,Mn,3,FSR,5.54886,5.79654,24.304058336297278,0.2827531715415148,0.000166048,1.87693e-06,6.83211e-06,1.88097e-08,169,32,15.395283521959158,204,,,False,,,,,,139,9
223,16,2019[Mn][srs]3[ASR]1,2019 Mn srs3 ASR1,CoRE,srs,Mn,3,ASR,4.33077,5.4427,24.243875748551176,0.29778246402052916,0.000128053,9.58016e-07,5.28187e-06,5.1453e-08,198,33,14.369897717489017,216,,,False,,,,,,140,9
224,16,2023[In][neb]3[FSR]2,2023 In neb3 FSR2,CoRE,tfl,In,3,FSR,7.05768,9.69778,24.035351849983574,0.8889765727870478,9.29137e-05,3.36496e-06,3.86571e-06,2.90271e-08,258,33,13.342582305285491,225,,,False,,,,,,141,9
225,16,2019[Cd][hcb]2[FSR]1,2019 Cd hcb2 FSR1,CoRE,cpr,Cd,2,FSR,3.77959,5.28781,23.90420688806613,0.7797846998256477,8.54824e-05,2.69971e-06,3.57604e-06,2.92096e-08,272,33,13.08034070975516,228,,,False,,,,,,,
226,16,2020[In][hcb]2[ASR]1,2020 In hcb2 ASR1,CoRE,hcb,In,2,ASR,7.16561,8.43082,23.864910327409785,0.6051997929461572,4.95142e-05,1.23245e-06,2.07477e-06,1.00675e-08,401,36,12.118787381025378,243,,,False,,,,,,,
227,16,2023[In][neb]3[FSR]4,2023 In neb3 FSR4,CoRE,tfl,In,3,FSR,7.00232,9.71385,23.10614232209738,0.8709845297264305,9.25401e-05,3.46637e-06,4.005e-06,1.6899e-08,260,33,12.852608067271365,232,,,False,,,,,,142,9
228,16,2020[Co][mab]3[FSR]1,2020 Co mab3 FSR1,CoRE,mab,Co,3,FSR,5.69127,7.50262,22.962722166594855,0.2863906764425339,0.000149753,1.72067e-06,6.52157e-06,3.1634e-08,175,33,14.275685812023182,219,,,False,,,,,,143,9
229,16,2020[Co][mab]3[ASR]1,2020 Co mab3 ASR1,CoRE,mab,Co,3,ASR,5.69127,7.50262,22.931898180569966,0.47710855815484643,0.000149646,3.04457e-06,6.52567e-06,2.84012e-08,176,33,14.256956505941218,220,,,False,,,,,,144,9
230,16,2021[Co][svk]3[ASR]1,2021 Co svk3 ASR1,CoRE,svk,Co,3,ASR,4.44152,6.17036,22.608873102560555,1.071942977115975,0.000158431,7.47257e-06,7.00747e-06,3.38285e-08,173,33,14.31991652548152,217,,,False,,,,,,145,9
231,16,2012[Co][sqp]3[ASR]2,2012 Co sqp3 ASR2,CoRE,sqp,Co,3,ASR,4.05182,5.53082,22.58674983017889,0.31079942674377337,0.000104075,1.24503e-06,4.60779e-06,3.13315e-08,244,33,12.886050853237462,231,,,False,,,,,,146,9
232,16,2020[Cu][eea]3[ASR]1,2020 Cu eea3 ASR1,CoRE,eea,Cu,3,ASR,5.37338,7.85306,22.464374210356212,0.48233809087860213,0.000114684,2.32315e-06,5.10515e-06,3.63398e-08,220,33,13.100434584705138,227,,,False,,,,,,147,9
233,16,2018[Cu][kgm]2[ASR]2,2018 Cu kgm2 ASR2,CoRE,kgm,Cu,2,ASR,5.20143,6.62985,22.45748865533031,0.5794735956383175,7.65596e-05,1.94603e-06,3.40909e-06,1.51318e-08,288,34,12.099205412613177,244,,,False,,,,,,,
234,16,2012[Co][sqp]3[FSR]2,2012 Co sqp3 FSR2,CoRE,sqp,Co,3,FSR,4.05182,5.53082,22.341503810637004,0.2913325442927707,0.000103598,1.26355e-06,4.63702e-06,2.13918e-08,245,33,12.746829909199851,233,,,False,,,,,,148,9
235,16,2018[Cu][kgm]2[FSR]2,2018 Cu kgm2 FSR2,CoRE,kgm,Cu,2,FSR,5.20143,6.62985,22.30121333490399,0.4211713050792813,7.5726e-05,1.37785e-06,3.3956e-06,1.71804e-08,293,34,11.996631006148231,246,,,False,,,,,,,
236,16,2020[In][hcb]2[FSR]1,2020 In hcb2 FSR1,CoRE,hcb,In,2,FSR,7.16561,8.43082,22.242184675456144,0.30720260571070335,4.61403e-05,6.08191e-07,2.07445e-06,8.5571e-09,414,36,11.191903051304939,255,,,False,,,,,,,
237,16,2020[Cu][eea]3[FSR]1,2020 Cu eea3 FSR1,CoRE,eea,Cu,3,FSR,5.37338,7.85306,22.22156222156222,0.29618243608737077,0.00011223,1.35448e-06,5.0505e-06,2.85682e-08,223,33,12.910735728699269,230,,,False,,,,,,149,9
238,16,2023[In][neb]3[ASR]4,2023 In neb3 ASR4,CoRE,tfl,In,3,ASR,7.00232,9.71385,22.1722140481305,0.5487220982942739,8.84576e-05,2.00808e-06,3.98957e-06,3.93201e-08,267,33,12.263137707687498,239,,,False,,,,,,150,9
239,16,2015[Zn][sql]2[ASR]4,2015 Zn sql2 ASR4,CoRE,sql,Zn,2,ASR,7.99894,9.56202,21.451330357870344,0.30707212285538127,9.47797e-05,1.1778e-06,4.41836e-06,3.13956e-08,254,33,12.056040863757245,245,,,False,,,,,,,
240,16,2019[Zn][pts]3[ASR]1,2019 Zn pts3 ASR1,CoRE,pts,Zn,3,ASR,4.32887,5.6478,21.193464884362406,0.3262369495041631,0.000124856,1.67787e-06,5.89125e-06,4.42281e-08,203,33,12.709842468860593,234,,,False,,,,,,151,10
241,16,brbIm100,ZIF-69 −Br 100 %,설계,,,,,4.65157,8.80947,21.18679606500858,0.5781811978913333,5.11284e-05,1.09223e-06,2.41322e-06,4.09801e-08,392,36,10.777031299625344,264,True,7.7,,,,210,16,246,152,10
242,16,2019[Zn][pts]3[FSR]1,2019 Zn pts3 FSR1,CoRE,pts,Zn,3,FSR,4.32887,5.6478,21.11129773556672,0.5303038170047057,0.000124434,3.08202e-06,5.89419e-06,2.46689e-08,205,33,12.656336825734716,235,,,False,,,,,,153,10
243,16,2015[Zn][pcu]3[FSR]6,2015 Zn pcu3 FSR6,CoRE,pcu,Zn,3,FSR,8.95221,10.97178,20.965102342473877,0.8282568627570984,8.09884e-05,2.95865e-06,3.86301e-06,5.80981e-08,282,33,11.443865450647943,251,,,False,,,,,,154,10
244,16,mbIm100,ZIF-69 −CH₃ 100 %,설계,,,,,4.93602,8.71782,20.889261636303587,0.6751409595209199,6.45098e-05,2.01824e-06,3.08818e-06,2.5047e-08,334,35,10.973446794205188,260,True,-20.87,,,,210,18,244,155,10
245,16,mbIm075,ZIF-69 −CH₃ 75 %,설계,,,,,4.91669,8.78321,20.812974823726115,0.7734691314354145,6.24895e-05,2.29294e-06,3.00243e-06,1.76825e-08,339,36,10.881154358318554,262,True,-20.35,,,,210,19,243,156,10
246,16,brbIm025,ZIF-69 −Br 25 %,설계,,,,,5.03229,9.00189,20.756516793458967,0.9493066337816648,5.43773e-05,2.46298e-06,2.61977e-06,1.66003e-08,383,36,10.639691174017024,269,True,1.86,,,,207,24,241,157,10
247,16,2017[Co][sql]2[FSR]3,2017 Co sql2 FSR3,CoRE,sql,Co,2,FSR,4.77354,5.61438,20.69045056127941,0.21201204703452461,0.000118404,9.98386e-07,5.72264e-06,3.33188e-08,214,33,12.281053091895542,237,,,False,,,,,,,
248,16,2015[Zn][pcu]3[ASR]7,2015 Zn pcu3 ASR7,CoRE,pcu,Zn,3,ASR,8.95221,10.97178,20.619986147293556,0.7159863177895589,7.97845e-05,2.62973e-06,3.86928e-06,4.22608e-08,284,33,11.234011405090346,254,,,False,,,,,,158,10
249,16,fbIm075,ZIF-69 −F 75 %,설계,,,,,5.5769,9.00292,20.508988371038576,0.8776789177293638,4.74941e-05,1.96931e-06,2.31577e-06,2.45198e-08,410,36,10.3316479849701,278,True,-18.45,,,,212,21,239,159,10
250,16,brbIm075,ZIF-69 −Br 75 %,설계,,,,,4.64399,8.82998,20.505288465417227,0.4474746203915401,5.08322e-05,9.99321e-07,2.47898e-06,2.34827e-08,393,36,10.417090108430273,274,True,7.04,,,,213,15,244,160,10
251,16,2013[ZnCr][lon]3[ASR]5,2013 ZnCr lon3 ASR5,CoRE,lon-e,"Zn,Cr",3,ASR,8.49257,11.05144,20.49369095363758,0.7734797720067759,8.24744e-05,2.94202e-06,4.02438e-06,4.96156e-08,277,33,11.239136013932475,253,,,False,,,,,,161,10
252,16,2017[Co][sql]2[ASR]3,2017 Co sql2 ASR3,CoRE,sql,Co,2,ASR,4.77354,5.61438,20.476818876993665,0.40745783435961785,0.000117153,2.08174e-06,5.72125e-06,5.12357e-08,219,33,12.137915154085992,241,,,False,,,,,,,
253,16,fbIm100,ZIF-69 −F 100 %,설계,,,,,6.29185,9.28409,20.427509887192492,0.523375669552244,4.47818e-05,1.1107e-06,2.19223e-06,1.40847e-08,419,36,10.218563764811512,280,True,-23.25,,,,213,16,243,162,10
254,16,brbIm050,ZIF-69 −Br 50 %,설계,,,,,4.63752,8.83789,20.422029261329843,0.6346735556482411,5.15064e-05,1.48208e-06,2.5221e-06,2.96122e-08,390,36,10.391706380979103,276,True,3.44,,,,212,18,242,163,10
255,16,2021[Cu][sql]2[ASR]9,2021 Cu sql2 ASR9,CoRE,sql,Cu,2,ASR,5.1592,7.13716,20.40733767622649,0.33189482182879115,7.72832e-05,1.14226e-06,3.78703e-06,2.56982e-08,287,34,11.058662687792308,259,,,False,,,,,,,
256,16,2017[Cd][hcb]2[ASR]2,2017 Cd hcb2 ASR2,CoRE,hcb,Cd,2,ASR,8.4606,11.50272,20.343910824820718,0.48837683765693585,6.55019e-05,1.56623e-06,3.21973e-06,6.86339e-09,325,35,10.717582105861743,265,,,False,,,,,,,
257,16,2019[Zn][sql]2[ASR]9,2019 Zn sql2 ASR9,CoRE,sql,Zn,2,ASR,4.1364,6.59379,20.244340666838507,0.26784472325997594,0.000106814,1.18598e-06,5.27624e-06,3.79622e-08,234,33,11.74721539015395,249,,,False,,,,,,,
258,16,2023[In][neb]3[ASR]3,2023 In neb3 ASR3,CoRE,tfl,In,3,ASR,6.94212,9.62876,20.244298079013447,0.3018517457305793,8.474e-05,1.15051e-06,4.18587e-06,2.57995e-08,273,33,11.169542681671558,256,,,False,,,,,,164,10
259,16,2017[Cd][hcb]2[FSR]1,2017 Cd hcb2 FSR1,CoRE,hcb,Cd,2,FSR,8.4606,11.50272,20.198284056463272,0.37648439330852607,6.52346e-05,1.20504e-06,3.22971e-06,8.04086e-09,328,35,10.635330072803036,272,,,False,,,,,,,
260,16,2019[Zn][sql]2[FSR]10,2019 Zn sql2 FSR10,CoRE,sql,Zn,2,FSR,4.1364,6.59379,20.175657722921798,0.18264354157530205,0.000106611,6.55003e-07,5.28414e-06,3.51321e-08,237,33,11.706409097303286,250,,,False,,,,,,,
261,16,2023[In][neb]3[FSR]3,2023 In neb3 FSR3,CoRE,tfl,In,3,FSR,6.94212,9.62876,20.14500965130461,1.0164264285050468,8.39088e-05,4.2036e-06,4.16524e-06,2.49993e-08,275,33,11.09648080754628,258,,,False,,,,,,165,10
262,16,base,ZIF-69 모체,모체,,,,,5.157,8.89809,20.10233273403666,0.44997002774999806,5.33337e-05,1.14459e-06,2.65311e-06,1.68783e-08,384,36,10.274311679711316,279,True,0.0,,,,214,16,242,166,10
263,16,e4zif68,ZIF-68 (E-4),앵커,,,,,7.88283,,20.01369049974281,0.5000720888582125,5.05806e-05,1.20565e-06,2.5273e-06,1.89396e-08,395,36,10.156457683310483,283,,,,,,215,18,239,167,10
264,16,2021[Cu][sql]2[FSR]9,2021 Cu sql2 FSR9,CoRE,sql,Cu,2,FSR,5.1592,7.13716,19.95319434110613,0.1825196958494623,7.56254e-05,5.25272e-07,3.79014e-06,2.25607e-08,294,34,10.780587488085716,263,,,False,,,,,,,
265,16,fbIm050,ZIF-69 −F 50 %,설계,,,,,5.19186,9.01849,19.832797977453986,0.48100949956830863,4.87155e-05,1.03755e-06,2.45631e-06,2.84983e-08,407,36,10.014168436025557,289,True,-13.65,,,,216,18,238,168,10
266,16,2015[Zr][fcu]3[FSR]1,2015 Zr fcu3 FSR1,CoRE,fcu,Zr,3,FSR,4.07716,8.57883,19.772534492940355,0.1709637451416997,7.36606e-05,3.53255e-07,3.7254e-06,2.68031e-08,297,35,10.635809450191077,271,,,False,,,,,,169,10
267,16,mbIm050,ZIF-69 −CH₃ 50 %,설계,,,,,4.84775,8.83828,19.744243458595395,0.4842989766080483,5.62243e-05,1.25536e-06,2.84763e-06,2.8918e-08,372,36,10.164901660973651,282,True,-0.95,,,,216,19,237,170,10
268,16,fbIm025,ZIF-69 −F 25 %,설계,,,,,5.2005,9.02976,19.737679253795225,0.32628449419349936,5.11875e-05,7.13247e-07,2.59339e-06,2.30679e-08,391,36,10.029702255789342,288,True,-0.61,,,,216,17,239,171,10
269,16,2021[Cu][sql]2[ASR]8,2021 Cu sql2 ASR8,CoRE,sql,Cu,2,ASR,3.80324,5.64455,19.576091383827883,0.16717198139013656,9.66039e-05,5.41555e-07,4.93479e-06,3.17895e-08,249,33,11.134690701571586,257,,,False,,,,,,,
270,16,2015[Zr][fcu]3[ASR]1,2015 Zr fcu3 ASR1,CoRE,fcu,Zr,3,ASR,4.07716,8.57883,19.38154685417062,0.16241941986690958,7.25492e-05,4.47911e-07,3.74321e-06,2.12109e-08,300,35,10.404670543776653,275,,,False,,,,,,172,10
271,16,2021[Cu][sql]2[FSR]8,2021 Cu sql2 FSR8,CoRE,sql,Cu,2,FSR,3.80324,5.64455,19.22468424551296,0.3366681534162218,9.54371e-05,1.44507e-06,4.9643e-06,4.3678e-08,253,33,10.922556481427119,261,,,False,,,,,,,
272,16,2022[Co][bcg]3[FSR]1,2022 Co bcg3 FSR1,CoRE,bcg,Co,3,FSR,5.57074,6.83432,19.147879273394945,0.3696475522667339,6.54913e-05,1.21079e-06,3.42029e-06,1.90064e-08,326,35,10.099218676205236,285,,,False,,,,,,173,10
273,16,2015[Zn][pcu]3[FSR]1,2015 Zn pcu3 FSR1,CoRE,pcu,Zn,3,FSR,4.59935,5.7396,19.055725560891368,0.26865547348564506,5.03155e-05,6.90695e-07,2.64044e-06,8.48522e-09,397,36,9.65446252125502,293,,,False,,,,,,174,10
274,16,2015[Zn][pcu]3[ASR]1,2015 Zn pcu3 ASR1,CoRE,pcu,Zn,3,ASR,4.59935,5.7396,18.968952045875124,0.1320246681826803,4.98174e-05,3.33755e-07,2.62626e-06,4.9538e-09,400,36,9.596584949122452,296,,,False,,,,,,175,10
275,16,2021[Fe][bpq]3[FSR]1,2021 Fe bpq3 FSR1,CoRE,rna,Fe,3,FSR,5.34475,5.68425,18.8609473058081,0.19048544704427672,8.46617e-05,7.39798e-07,4.48873e-06,2.27298e-08,274,33,10.452604661058764,273,,,False,,,,,,176,10
276,16,zif93_anchor,"ZIF-93 (문헌 앵커, Morris 2012)",앵커,,,,,,,18.85064478311841,1.4550648346191672,4.82388e-05,3.64922e-06,2.559e-06,3.92605e-08,408,36,9.494135926095822,298,,,,,,214,46,212,177,10
277,16,2022[Co][bcg]3[ASR]1,2022 Co bcg3 ASR1,CoRE,bcg,Co,3,ASR,5.57074,6.83432,18.771113394035716,0.4751181715660777,6.41347e-05,1.48985e-06,3.41667e-06,3.43405e-08,336,35,9.869012704263195,291,,,False,,,,,,178,10
278,16,2024[Ni][sql]2[FSR]1,2024 Ni sql2 FSR1,CoRE,sql,Ni,2,FSR,4.69168,6.35552,18.761522924953645,0.22109217675455667,0.000142772,1.54881e-06,7.60983e-06,3.50289e-08,182,33,11.921902479548772,247,,,False,,,,,,,
279,16,2021[Fe][bpq]3[ASR]1,2021 Fe bpq3 ASR1,CoRE,rna,Fe,3,ASR,5.34475,5.68425,18.67279257054178,0.1738433156802852,8.38653e-05,4.93509e-07,4.49131e-06,3.24022e-08,276,33,10.334529068190829,277,,,False,,,,,,179,10
280,16,2023[Sc][bpq]3[FSR]1,2023 Sc bpq3 FSR1,CoRE,rna,Sc,3,FSR,5.71458,5.96067,18.601983797779106,0.22314604908838026,0.000159427,1.7572e-06,8.57043e-06,4.0577e-08,170,33,12.275297558647551,238,,,False,,,,,,180,10
281,16,2023[Sc][bpq]3[ASR]1,2023 Sc bpq3 ASR1,CoRE,rna,Sc,3,ASR,5.71458,5.96067,18.543332914590398,0.15082845228654432,0.00015942,1.10753e-06,8.59716e-06,3.63682e-08,171,33,12.24480473151587,240,,,False,,,,,,181,10
282,16,2024[Ni][sql]2[ASR]1,2024 Ni sql2 ASR1,CoRE,sql,Ni,2,ASR,4.69168,6.35552,18.516391066976695,0.12115589772249143,0.000141191,8.9968e-07,7.62519e-06,1.13349e-08,185,33,11.753850146362232,248,,,False,,,,,,,
283,16,2017[Zn][unc]3[ASR]1,2017 Zn unc3 ASR1,CoRE,unc,Zn,3,ASR,5.39718,5.73481,18.5036870854176,0.2584140461731187,0.000123882,1.66186e-06,6.69499e-06,2.59968e-08,207,33,11.294328737175748,252,,,False,,,,,,182,10
284,16,2014[Cu][bcu]3[ASR]2,2014 Cu bcu3 ASR2,CoRE,bcu,Cu,3,ASR,4.82606,5.94852,18.353625151956646,0.1258096458107414,7.91122e-05,5.02626e-07,4.31044e-06,1.10929e-08,285,33,10.045206447117366,287,,,False,,,,,,183,10
285,16,e4zif77,ZIF-77 (E-4),앵커,,,,,3.84675,,18.26361231157435,0.3906041395514723,3.87952e-05,7.8369e-07,2.12418e-06,1.49202e-08,430,37,8.943640925735057,312,,,,,,235,13,224,184,10
286,16,2024[Zn][hex]3[ASR]1,2024 Zn hex3 ASR1,CoRE,hex,Zn,3,ASR,4.38612,6.71711,18.08396089257035,0.1497021526409614,0.000109334,7.76053e-07,6.04591e-06,2.57548e-08,227,33,10.696718231632902,266,,,False,,,,,,185,10
287,16,2020[Cu][lvt]3[ASR]1,2020 Cu lvt3 ASR1,CoRE,lvt,Cu,3,ASR,4.60955,6.68517,18.04256392333172,0.29898752339918955,9.08573e-05,1.3124e-06,5.03572e-06,4.08975e-08,263,33,10.191811499802624,281,,,False,,,,,,186,10
288,16,2020[Mg][nia]3[ASR]1,2020 Mg nia3 ASR1,CoRE,nia-d,Mg,3,ASR,4.36478,8.55676,17.856764297071088,0.14956318945388677,0.000178573,1.24796e-06,1.00003e-05,4.61677e-08,157,31,12.391210865152171,236,,,False,,,,,,187,10
289,16,2023[Co][sql]2[FSR]1,2023 Co sql2 FSR1,CoRE,sql,Co,2,FSR,5.22841,7.1218,17.650316750512392,0.34748631642992045,7.57834e-05,1.39221e-06,4.2936e-06,3.039e-08,292,34,9.594639435449864,297,,,False,,,,,,,
290,16,2016[Zn][rtl]3[ION]2,2016 Zn rtl3 ION2,CoRE,rtl,Zn,3,Ion,4.52295,6.06374,17.537845737234516,0.16026510671958846,0.000118388,7.52142e-07,6.75043e-06,4.43398e-08,215,33,10.651429016162846,268,,,False,,,,,,188,10
291,16,2020[Mg][nia]3[FSR]1,2020 Mg nia3 FSR1,CoRE,nia-d,Mg,3,FSR,4.36478,8.55676,17.50799390371455,0.1958354698417557,0.000175761,1.89299e-06,1.00389e-05,3.03116e-08,161,31,12.13738630882381,242,,,False,,,,,,189,10
292,16,2018[Zn][sql]2[FSR]7,2018 Zn sql2 FSR7,CoRE,sql,Zn,2,FSR,6.24677,7.69017,17.268030995430163,0.26208630699875723,0.000104292,1.48128e-06,6.0396e-06,3.23144e-08,243,33,10.14311816751295,284,,,False,,,,,,,
293,16,2018[Ni][sql]2[FSR]2,2018 Ni sql2 FSR2,CoRE,sql,Ni,2,FSR,6.22098,7.55291,17.02713551701991,0.19119403024546844,0.000106045,1.06558e-06,6.228e-06,3.1212e-08,241,33,10.06450198472596,286,,,False,,,,,,,
294,16,2019[Cu][mrc]3[ASR]1,2019 Cu mrc3 ASR1,CoRE,mrc,Cu,3,ASR,4.98557,6.44914,16.989119977709038,0.28475474743096724,9.02389e-05,1.46575e-06,5.31157e-06,2.19622e-08,265,33,9.631229181595673,294,,,False,,,,,,190,11
295,16,2017[Zn][pcu]3[FSR]1,2017 Zn pcu3 FSR1,CoRE,pcu,Zn,3,FSR,6.50826,8.64973,16.923231244093266,0.28767199592082277,7.00153e-05,1.11794e-06,4.13723e-06,2.41262e-08,303,35,9.067951253370794,308,,,False,,,,,,191,11
296,16,2017[Zn][pcu]3[ASR]1,2017 Zn pcu3 ASR1,CoRE,pcu,Zn,3,ASR,6.50826,8.64973,16.885540493149357,0.388742156371422,6.98158e-05,1.56438e-06,4.13465e-06,2.18537e-08,305,35,9.043252719054738,309,,,False,,,,,,192,11
297,16,2023[Sc][bpq]3[FSR]2,2023 Sc bpq3 FSR2,CoRE,rna,Sc,3,FSR,5.71238,5.90322,16.85587507941691,0.19646565618493111,0.000133184,1.52191e-06,7.90134e-06,1.81461e-08,193,33,10.686193704951231,267,,,False,,,,,,193,11
298,16,2018[Ni][sql]2[ASR]2,2018 Ni sql2 ASR2,CoRE,sql,Ni,2,ASR,6.22098,7.55291,16.816059532132723,0.25278049861051366,0.000104627,1.49871e-06,6.22185e-06,2.83608e-08,242,33,9.918314588873223,290,,,False,,,,,,,
299,16,2023[Sc][bpq]3[ASR]2,2023 Sc bpq3 ASR2,CoRE,rna,Sc,3,ASR,5.71238,5.90322,16.795193119125393,0.1344572728252077,0.000132548,8.14848e-07,7.89202e-06,4.0472e-08,194,33,10.638191063797127,270,,,False,,,,,,194,11
300,16,2019[Cu][ssa]3[FSR]1,2019 Cu ssa3 FSR1,CoRE,sty,Cu,3,FSR,4.87531,6.90529,16.695499609261276,0.23744041558842455,8.71652e-05,1.17167e-06,5.22088e-06,2.425e-08,268,33,9.399056712384926,303,,,False,,,,,,195,11
301,16,2019[Zn][hcb]2[FSR]1,2019 Zn hcb2 FSR1,CoRE,cpr,Zn,2,FSR,3.88859,4.60833,16.6646298785704,0.24590270082007984,6e-05,8.66148e-07,3.60044e-06,1.10071e-08,348,36,8.672222396021064,321,,,False,,,,,,,
302,16,2014[Cu][tbo]3[ASR]3,2014 Cu tbo3 ASR3,CoRE,tbo,Cu,3,ASR,6.68961,13.2781,16.577505147604427,0.37711317662468463,6.94808e-05,1.38466e-06,4.19127e-06,4.59784e-08,307,35,8.875299435758485,313,,,False,,,,,,196,11
303,16,2019[Cu][tbo]3[ASR]1,2019 Cu tbo3 ASR1,CoRE,tbo,Cu,3,ASR,6.6112,13.1488,16.53565749955833,0.3614375070638239,7.0198e-05,1.33555e-06,4.24525e-06,4.56846e-08,302,35,8.872441661425604,314,,,False,,,,,,197,11
304,16,2019[Cu][tbo]3[ASR]3,2019 Cu tbo3 ASR3,CoRE,tbo,Cu,3,ASR,6.65971,13.17214,16.490767957193075,0.27870712668759945,6.87261e-05,1.13362e-06,4.16755e-06,1.53466e-08,315,35,8.810725714325159,317,,,False,,,,,,198,11
305,16,2020[Cu][tbo]3[ASR]3,2020 Cu tbo3 ASR3,CoRE,tbo,Cu,3,ASR,6.67803,13.26744,16.474583223043336,0.2594360182882506,6.9086e-05,6.46007e-07,4.19349e-06,5.31353e-08,311,35,8.81177991688686,315,,,False,,,,,,199,11
306,16,2020[Cu][tbo]3[FSR]1,2020 Cu tbo3 FSR1,CoRE,tbo,Cu,3,FSR,6.67803,13.26744,16.46350419610835,0.4681719610122722,6.92697e-05,1.91521e-06,4.20747e-06,2.79775e-08,309,35,8.810861703053705,316,,,False,,,,,,200,11
307,16,2018[Zn][sql]2[ASR]7,2018 Zn sql2 ASR7,CoRE,sql,Zn,2,ASR,6.37092,7.757,16.438782257718234,0.12783643612583873,9.57107e-05,6.25786e-07,5.82225e-06,2.45121e-08,251,33,9.490015852001628,299,,,False,,,,,,,
308,16,2019[Cu][tbo]3[ASR]2,2019 Cu tbo3 ASR2,CoRE,tbo,Cu,3,ASR,6.66886,13.27559,16.41831202217606,0.4277202069966753,6.85279e-05,1.65027e-06,4.17387e-06,4.14763e-08,317,35,8.768095222809063,319,,,False,,,,,,201,11
309,16,2014[Cu][tbo]3[FSR]1,2014 Cu tbo3 FSR1,CoRE,tbo,Cu,3,FSR,6.68961,13.2781,16.380370143680146,0.1987229334299663,6.87797e-05,5.17922e-07,4.19891e-06,3.99397e-08,314,35,8.755076902502285,320,,,False,,,,,,202,11
310,16,2018[Zn][sql]2[FSR]8,2018 Zn sql2 FSR8,CoRE,sql,Zn,2,FSR,6.37092,7.757,16.330733890837095,0.17964133777745958,9.55134e-05,9.618e-07,5.84869e-06,2.58957e-08,252,33,9.429015430049692,302,,,False,,,,,,,
311,16,2018[Co][sql]2[FSR]1,2018 Co sql2 FSR1,CoRE,sql,Co,2,FSR,6.26784,7.61466,16.25564762449499,0.2444035423687037,9.86183e-05,1.45068e-06,6.06671e-06,1.8861e-08,247,33,9.471463888397967,300,,,False,,,,,,,
312,16,2020[Cd][kgd]2[ASR]2,2020 Cd kgd2 ASR2,CoRE,kgd,Cd,2,ASR,4.12981,6.26168,16.244187480359752,0.23890671134029082,8.16748e-05,1.11857e-06,5.02794e-06,2.69536e-08,280,33,9.022149976883574,310,,,False,,,,,,,
313,16,2019[Zn][pcu]3[ASR]2,2019 Zn pcu3 ASR2,CoRE,pcu,Zn,3,ASR,4.15563,5.61495,16.215143632708045,0.6084405587102443,4.00827e-05,1.36286e-06,2.47193e-06,3.92323e-08,428,37,7.9187241831036435,342,,,False,,,,,,203,11
314,16,2018[Mn][bcu]3[FSR]1,2018 Mn bcu3 FSR1,CoRE,bcu,Mn,3,FSR,5.39478,6.47158,16.20256901438018,0.29795481279791314,4.93958e-05,8.94274e-07,3.04864e-06,9.83369e-09,403,36,8.155938770955025,334,,,False,,,,,,204,11
315,16,2015[Zn][pcu]3[FSR]5,2015 Zn pcu3 FSR5,CoRE,pcu,Zn,3,FSR,8.81679,10.86811,16.17241311862029,0.7108077266741871,5.78767e-05,2.53872e-06,3.57873e-06,9.92482e-09,358,36,8.362289995378902,327,,,False,,,,,,205,11
316,16,2015[Zn][pcu]3[ASR]6,2015 Zn pcu3 ASR6,CoRE,pcu,Zn,3,ASR,8.81679,10.86811,16.17163857672665,0.3764930924879026,5.78204e-05,1.27357e-06,3.57542e-06,2.69583e-08,359,36,8.360416422072916,328,,,False,,,,,,206,11
317,16,2019[Zn][pcu]3[FSR]2,2019 Zn pcu3 FSR2,CoRE,pcu,Zn,3,FSR,4.15563,5.61495,16.138039512271654,0.38308087772305455,4.01161e-05,8.87903e-07,2.48581e-06,2.13254e-08,427,37,7.8797522994705735,343,,,False,,,,,,207,11
318,16,2017[Cu][rob]3[FSR]2,2017 Cu rob3 FSR2,CoRE,rob,Cu,3,FSR,5.31106,5.60617,16.112880548621273,0.21529506078516297,5.6155e-05,6.47784e-07,3.4851e-06,2.34988e-08,373,36,8.286469840862338,329,,,False,,,,,,208,11
319,16,2020[Cu][tbo]3[ASR]5,2020 Cu tbo3 ASR5,CoRE,tbo,Cu,3,ASR,6.57882,13.17246,16.025067249852984,0.23757152961563172,6.78535e-05,8.74679e-07,4.23421e-06,3.10025e-08,319,35,8.547225650954289,322,,,False,,,,,,209,11
320,16,2020[Cu][tbo]3[ASR]2,2020 Cu tbo3 ASR2,CoRE,tbo,Cu,3,ASR,6.66829,13.20723,15.905124167631048,0.3278009364613142,6.707e-05,1.24096e-06,4.21688e-06,3.82835e-08,322,35,8.464738102780906,324,,,False,,,,,,210,11
321,16,2020[Cd][sql]2[FSR]1,2020 Cd sql2 FSR1,CoRE,sql,Cd,2,FSR,5.42002,7.73421,15.903341199513068,0.21380500038144515,4.67695e-05,5.65325e-07,2.94086e-06,1.73074e-08,411,36,7.932576415032979,339,,,False,,,,,,,
322,16,2020[Cd][kgd]2[FSR]2,2020 Cd kgd2 FSR2,CoRE,kgd,Cd,2,FSR,4.12981,6.26168,15.897450129545232,0.19528494272786362,8.01958e-05,7.11088e-07,5.04457e-06,4.28865e-08,283,33,8.804259104892317,318,,,False,,,,,,,
323,16,2017[Cd][dia]3[FSR]1,2017 Cd dia3 FSR1,CoRE,dia,Cd,3,FSR,4.25216,6.82055,15.83314744590676,0.2078962407479005,6.10428e-05,7.33668e-07,3.85538e-06,2.03841e-08,345,36,8.269817163511453,330,,,False,,,,,,211,11
324,16,2017[Cu][rob]3[ASR]2,2017 Cu rob3 ASR2,CoRE,rob,Cu,3,ASR,5.31106,5.60617,15.820580778981332,0.2579126668988518,5.49164e-05,8.789e-07,3.4712e-06,1.07709e-08,380,36,8.103002247132455,335,,,False,,,,,,212,11
325,16,2018[Fe][sql]2[ASR]1,2018 Fe sql2 ASR1,CoRE,sql,Fe,2,ASR,4.28377,6.86695,15.787909558422841,0.18633286423526055,5.30188e-05,4.67071e-07,3.35819e-06,2.63752e-08,386,36,8.036460423209954,337,,,False,,,,,,,
326,16,2020[Cu][tbo]3[ASR]4,2020 Cu tbo3 ASR4,CoRE,tbo,Cu,3,ASR,6.57882,13.17246,15.770166555504412,0.31455487236150614,6.715e-05,8.83494e-07,4.25804e-06,6.38342e-08,321,35,8.397088117722797,326,,,False,,,,,,213,11
327,16,2020[Cu][tbo]3[ASR]6,2020 Cu tbo3 ASR6,CoRE,tbo,Cu,3,ASR,6.57005,13.17296,15.76834327774303,0.26061095542573476,6.73108e-05,9.95892e-07,4.26873e-06,3.1442e-08,320,35,8.400353830412213,325,,,False,,,,,,214,11
328,16,2019[Al][bpq]3[ASR]3,2019 Al bpq3 ASR3,CoRE,rna,Al,3,ASR,6.93763,7.04136,15.680621058979039,0.1091606839961447,0.000117798,6.55342e-07,7.51233e-06,3.14376e-08,216,33,9.676211511096508,292,,,False,,,,,,215,11
329,16,2019[Al][bpq]3[FSR]3,2019 Al bpq3 FSR3,CoRE,rna,Al,3,FSR,6.93763,7.04136,15.59266315018626,0.16885503385786357,0.000117535,1.16266e-06,7.53784e-06,3.3216e-08,217,33,9.623874158464632,295,,,False,,,,,,216,11
330,16,maf66,"MAF-66 (E-3, Lin 2012)",앵커,,,,,3.99924,,15.53093640448626,0.13330187765016402,5.15683e-05,4.0744e-07,3.32036e-06,1.1133e-08,389,36,7.865703768631777,344,,,,,,276,19,177,217,11
331,16,2020[Cd][apo]3[FSR]1,2020 Cd apo3 FSR1,CoRE,apo,Cd,3,FSR,5.84984,6.58089,15.442495202494982,0.4507008530569046,5.56058e-05,1.61057e-06,3.60083e-06,1.29285e-08,376,36,7.925655702386505,341,,,False,,,,,,218,11
332,16,2019[Co][hex]3[ASR]2,2019 Co hex3 ASR2,CoRE,hex,Co,3,ASR,5.90513,6.91333,15.3203216315344,0.42808932150774365,6.0818e-05,1.5708e-06,3.96976e-06,4.23312e-08,346,36,7.998915920146648,338,,,False,,,,,,219,11
333,16,2016[Co][sql]2[FSR]2,2016 Co sql2 FSR2,CoRE,sql,Co,2,FSR,5.49832,5.85631,15.29993780091686,0.22956660875287702,3.98493e-05,5.33039e-07,2.60454e-06,1.77042e-08,429,37,7.439655654793691,356,,,False,,,,,,,
334,16,2019[Cd][fsc]3[ASR]1,2019 Cd fsc3 ASR1,CoRE,fsc,Cd,3,ASR,5.36023,7.74783,15.225447922087575,0.20611890403742444,5.73433e-05,7.37076e-07,3.76628e-06,1.60025e-08,361,36,7.858958191582985,345,,,False,,,,,,220,11
335,16,2019[Cd][fsc]3[FSR]1,2019 Cd fsc3 FSR1,CoRE,fsc,Cd,3,FSR,5.36023,7.74783,15.178167277574143,0.22638560697886306,5.69371e-05,6.7732e-07,3.75125e-06,3.37509e-08,367,36,7.823894688553105,346,,,False,,,,,,221,11
336,16,2016[Ni][nbo]3[ASR]1,2016 Ni nbo3 ASR1,CoRE,nbo,Ni,3,ASR,5.80469,7.28288,15.17646231721035,0.4802116697896036,2.80631e-05,8.30781e-07,1.84912e-06,2.0658e-08,450,41,7.06741487048411,373,,,False,,,,,,222,11
337,16,2020[Cd][apo]3[ASR]1,2020 Cd apo3 ASR1,CoRE,apo,Cd,3,ASR,5.84984,6.58089,15.123068546124314,0.32399837722391567,5.44373e-05,1.14318e-06,3.59962e-06,1.52699e-08,382,36,7.730003891554363,351,,,False,,,,,,223,11
338,16,2020[Cu][tbo]3[ASR]1,2020 Cu tbo3 ASR1,CoRE,tbo,Cu,3,ASR,6.68271,13.26988,15.096326213517274,0.2000695623504731,6.25708e-05,3.83833e-07,4.14477e-06,4.86914e-08,338,36,7.929028128884476,340,,,False,,,,,,224,11
339,16,2020[Cu][rob]3[ASR]2,2020 Cu rob3 ASR2,CoRE,rob,Cu,3,ASR,5.75806,6.02392,15.029488278371753,0.1258277879058779,4.99738e-05,3.3522e-07,3.32505e-06,1.66569e-08,398,36,7.564838852006741,352,,,False,,,,,,225,11
340,16,2020[Cu][rob]3[FSR]2,2020 Cu rob3 FSR2,CoRE,rob,Cu,3,FSR,5.75806,6.02392,15.006296528944496,0.23808587805585477,4.99294e-05,7.29142e-07,3.32723e-06,2.06343e-08,399,36,7.551691907215588,353,,,False,,,,,,226,11
341,16,2021[Zn][scu]3[ASR]1,2021 Zn scu3 ASR1,CoRE,tbo,Zn,3,ASR,6.58171,13.72333,15.005839579757275,0.2539310910941179,8.69836e-05,1.33118e-06,5.79665e-06,4.18616e-08,269,33,8.521120735459792,323,,,False,,,,,,227,11
342,16,2018[Cd][sql]2[FSR]1,2018 Cd sql2 FSR1,CoRE,sql,Cd,2,FSR,6.60456,7.78375,14.989312862493481,0.13873727354546544,7.58783e-05,5.1746e-07,5.06216e-06,3.16787e-08,291,34,8.221967365817395,332,,,False,,,,,,,
343,16,2018[Zn][pcu]3[ASR]3,2018 Zn pcu3 ASR3,CoRE,pcu,Zn,3,ASR,5.42195,7.81562,14.982088516429886,0.16442914552497298,6.00154e-05,6.39654e-07,4.00581e-06,1.04882e-08,347,36,7.803120468137046,349,,,False,,,,,,228,11
344,16,2024[Zn][nia]3[FSR]1,2024 Zn nia3 FSR1,CoRE,nia-d,Zn,3,FSR,4.47227,8.59472,14.963519636428346,0.13946444444411538,0.000109313,6.13269e-07,7.3053e-06,5.4371e-08,228,33,9.083584823374101,307,,,False,,,,,,229,11
345,16,0000[CrMn][qtz]3[ASR]1,0000 CrMn qtz3 ASR1,CoRE,qtz,"Cr,Mn",3,ASR,4.72231,5.82674,14.884291792921156,0.19648741601871744,9.23481e-06,8.6074e-08,6.2044e-07,5.80012e-09,511,55,6.423712503531216,413,,,False,,,,,,230,11
346,16,2017[Cd][sql]2[ASR]4,2017 Cd sql2 ASR4,CoRE,sql,Cd,2,ASR,5.92665,7.11368,14.850002557146274,0.1687533030229256,0.000124856,1.36084e-06,8.40781e-06,2.704e-08,202,33,9.43166347301522,301,,,False,,,,,,,
347,16,2016[Ni][nbo]3[FSR]1,2016 Ni nbo3 FSR1,CoRE,nbo,Ni,3,FSR,5.80469,7.28288,14.849096191091025,0.299042043447454,2.76015e-05,5.48095e-07,1.8588e-06,6.23488e-09,451,41,6.886158839013598,391,,,False,,,,,,231,11
348,16,2024[Zn][nia]3[ASR]1,2024 Zn nia3 ASR1,CoRE,nia-d,Zn,3,ASR,4.47227,8.59472,14.84769643686523,0.13577990014714408,0.000108372,9.07294e-07,7.29891e-06,2.68549e-08,230,33,8.999104760762847,311,,,False,,,,,,232,11
349,16,2018[Cd][sql]2[ASR]1,2018 Cd sql2 ASR1,CoRE,sql,Cd,2,ASR,6.60456,7.78375,14.752755743278048,0.10734890472394056,7.44666e-05,4.11105e-07,5.04764e-06,2.39272e-08,295,35,8.062776674766003,336,,,False,,,,,,,
350,16,2017[Cd][sql]2[FSR]3,2017 Cd sql2 FSR3,CoRE,sql,Cd,2,FSR,5.92665,7.11368,14.731425658171645,0.20003312817557367,0.00012425,1.53572e-06,8.43435e-06,4.74222e-08,206,33,9.354526908891714,304,,,False,,,,,,,
351,16,2020[Mg][nia]3[ASR]3,2020 Mg nia3 ASR3,CoRE,nia-d,Mg,3,ASR,4.44122,8.57077,14.662840607318426,0.16416437168034093,0.000121307,1.32617e-06,8.27309e-06,1.99809e-08,210,33,9.24206861772975,305,,,False,,,,,,233,11
352,16,2023[CrMn][qtz]3[FSR]1,2023 CrMn qtz3 FSR1,CoRE,qtz,"Cr,Mn",3,FSR,4.72231,5.82674,14.623572829156558,0.34287304184989553,9.04642e-06,2.03248e-07,6.18619e-07,4.14828e-09,512,55,6.284048025644685,424,,,False,,,,,,234,11
353,16,2020[Mn][sql]2[FSR]1,2020 Mn sql2 FSR1,CoRE,sql,Mn,2,FSR,5.11538,7.6639,14.576484948381518,0.20000993613127588,4.6693e-05,6.33778e-07,3.20331e-06,6.44072e-09,412,36,7.244880777810113,362,,,False,,,,,,,
354,16,2019[Ni][hcb]2[ASR]1,2019 Ni hcb2 ASR1,CoRE,hcb,Ni,2,ASR,6.52759,7.26622,14.56092796092796,0.38166224905725343,4.17389e-05,1.04966e-06,2.8665e-06,2.11817e-08,426,37,7.107198238018578,367,,,False,,,,,,,
355,16,2020[Mg][nia]3[FSR]3,2020 Mg nia3 FSR3,CoRE,nia-d,Mg,3,FSR,4.44122,8.57077,14.517933419214861,0.161193157145081,0.00011991,1.08476e-06,8.25944e-06,5.31687e-08,212,33,9.130625525356244,306,,,False,,,,,,235,11
356,16,2020[Zn][pcu]3[ASR]2,2020 Zn pcu3 ASR2,CoRE,pcu,Zn,3,ASR,8.64048,9.17583,14.287748518673485,0.34745788385027676,4.23426e-05,9.92538e-07,2.96356e-06,1.919e-08,422,37,6.981822491785925,378,,,False,,,,,,236,11
357,16,2020[Zn][pcu]3[FSR]2,2020 Zn pcu3 FSR2,CoRE,pcu,Zn,3,FSR,8.64048,9.17583,14.284741744284503,0.4754567163563661,4.21757e-05,1.21436e-06,2.9525e-06,4.92997e-08,425,37,6.97590107144545,379,,,False,,,,,,237,11
358,16,2017[Cd][bey]2[FSR]1,2017 Cd bey2 FSR1,CoRE,bey,Cd,2,FSR,5.41267,7.69675,14.081239923024913,0.13664439180632162,4.87332e-05,4.43163e-07,3.46086e-06,1.17226e-08,406,36,7.042337341619796,376,,,False,,,,,,,
359,16,2024[Zn][crb]3[ASR]8,2024 Zn crb3 ASR8,CoRE,crb,Zn,3,ASR,5.33079,6.3632,14.031722139222449,0.13920044209370336,6.24573e-05,5.19962e-07,4.45115e-06,2.40146e-08,340,36,7.375891112448128,360,,,False,,,,,,238,11
360,16,2016[Co][sql]2[ASR]2,2016 Co sql2 ASR2,CoRE,sql,Co,2,ASR,7.92646,8.18028,13.990039824675273,0.14697454056342418,6.98366e-05,7.10296e-07,4.99188e-06,1.31345e-08,304,35,7.547458125474007,354,,,False,,,,,,,
361,16,2020[Cd][sod]3[FSR]1,2020 Cd sod3 FSR1,CoRE,sod,Cd,3,FSR,7.05998,9.58263,13.98790735369391,0.16392309784316572,5.24692e-05,5.12173e-07,3.75104e-06,2.43234e-08,387,36,7.091871609550086,370,,,False,,,,,,239,11
362,16,2024[Zn][crb]3[ASR]4,2024 Zn crb3 ASR4,CoRE,crb,Zn,3,ASR,5.33288,6.34189,13.957012982070461,0.13295818771355408,6.2345e-05,5.6775e-07,4.46693e-06,1.24913e-08,341,36,7.3343441014752795,361,,,False,,,,,,240,11
363,16,2017[Ag][sqc]2[FSR]1,2017 Ag sqc2 FSR1,CoRE,sqc1390,Ag,2,FSR,7.16012,8.01979,13.950344676059434,0.16955053858465885,2.53973e-05,2.88367e-07,1.82055e-06,7.89321e-09,458,42,6.364020058893362,419,,,False,,,,,,,
364,16,2020[Zn][fgl]3[ASR]1,2020 Zn fgl3 ASR1,CoRE,ggl,Zn,3,ASR,5.8044,8.61383,13.942637393009214,0.1557913075869714,6.45717e-05,5.34313e-07,4.63124e-06,3.47748e-08,332,35,7.385185202648147,358,,,False,,,,,,241,11
365,16,2020[Zn][fgl]3[FSR]1,2020 Zn fgl3 FSR1,CoRE,ggl,Zn,3,FSR,5.8044,8.61383,13.934726806013934,0.19874865013810647,6.46e-05,6.6115e-07,4.6359e-06,4.60527e-08,331,35,7.381837741666543,359,,,False,,,,,,242,11
366,16,2016[Co][sql]2[FSR]1,2016 Co sql2 FSR1,CoRE,sql,Co,2,FSR,7.92646,8.18028,13.879462154670644,0.154421431546987,6.92005e-05,6.14759e-07,4.98582e-06,3.33956e-08,310,35,7.473667726905523,355,,,False,,,,,,,
367,16,2024[Zn][crb]3[ASR]9,2024 Zn crb3 ASR9,CoRE,crb,Zn,3,ASR,5.28591,6.30473,13.860168877715523,0.29397159635054565,5.93218e-05,1.20506e-06,4.28002e-06,2.61045e-08,349,36,7.205183336473165,363,,,False,,,,,,243,11
368,16,2024[Zn][crb]3[ASR]1,2024 Zn crb3 ASR1,CoRE,crb,Zn,3,ASR,5.28591,6.29616,13.822148461215697,0.22138923809465866,5.89657e-05,9.09478e-07,4.26603e-06,1.84226e-08,350,36,7.176216398957049,364,,,False,,,,,,244,11
369,16,2020[Cu][sql]2[ASR]4,2020 Cu sql2 ASR4,CoRE,bex,Cu,2,ASR,5.67788,7.91934,13.817463287817873,0.18287342719487573,6.86692e-05,7.16276e-07,4.96974e-06,4.04849e-08,316,35,7.427724410084576,357,,,False,,,,,,,
370,16,2024[Zn][crb]3[ASR]10,2024 Zn crb3 ASR10,CoRE,crb,Zn,3,ASR,5.28603,6.30272,13.809944363103952,0.191689765560653,5.89512e-05,7.55521e-07,4.26875e-06,2.27565e-08,351,36,7.169530108411365,365,,,False,,,,,,245,11
371,16,2019[Zn][pcu]3[FSR]5,2019 Zn pcu3 FSR5,CoRE,pcu,Zn,3,FSR,6.49633,6.75137,13.76365253979021,0.10383719803064917,5.60021e-05,3.81379e-07,4.06884e-06,1.32092e-08,374,36,7.0684328974645165,372,,,False,,,,,,246,11
372,16,2024[Zn][crb]3[ASR]2,2024 Zn crb3 ASR2,CoRE,crb,Zn,3,ASR,5.28458,6.18304,13.721409388661801,0.11477343060146732,5.79392e-05,4.05169e-07,4.22254e-06,1.93794e-08,357,36,7.0972940875261825,369,,,False,,,,,,247,11
373,16,2024[Zn][crb]3[ASR]14,2024 Zn crb3 ASR14,CoRE,crb,Zn,3,ASR,5.28589,6.29538,13.702239016147203,0.11576851901229714,5.83825e-05,4.40341e-07,4.2608e-06,1.62227e-08,353,36,7.09898784997937,368,,,False,,,,,,248,11
374,16,2024[Zn][crb]3[ASR]5,2024 Zn crb3 ASR5,CoRE,crb,Zn,3,ASR,5.28512,6.18171,13.650816401816785,0.14864937087088728,5.80961e-05,5.4307e-07,4.25587e-06,2.37713e-08,354,36,7.064918882370359,374,,,False,,,,,,249,11
375,16,2017[Cu][rob]3[ASR]3,2017 Cu rob3 ASR3,CoRE,rob,Cu,3,ASR,5.20273,5.45221,13.649576055433796,0.19525778737596652,3.69939e-05,5.10499e-07,2.71026e-06,1.02155e-08,435,37,6.512058062002719,409,,,False,,,,,,250,11
376,16,2020[Cd][sod]3[ASR]1,2020 Cd sod3 ASR1,CoRE,sod,Cd,3,ASR,10.1478,13.51891,13.647307928155513,0.11489713813452015,5.20784e-05,3.66599e-07,3.81602e-06,1.7623e-08,388,36,6.905629617138846,388,,,False,,,,,,251,11
377,16,2024[Zn][crb]3[ASR]7,2024 Zn crb3 ASR7,CoRE,crb,Zn,3,ASR,5.28609,6.29064,13.617876633196511,0.14323933247934983,5.7992e-05,4.99283e-07,4.25852e-06,2.57331e-08,355,36,7.045172070246336,375,,,False,,,,,,252,11
378,16,2019[Zn][pcu]3[ASR]5,2019 Zn pcu3 ASR5,CoRE,pcu,Zn,3,ASR,6.49633,6.75137,13.578125575400477,0.12264356208674333,5.53071e-05,4.20145e-07,4.07325e-06,1.99035e-08,377,36,6.954368805024767,382,,,False,,,,,,253,11
379,16,2024[Zn][crb]3[ASR]6,2024 Zn crb3 ASR6,CoRE,crb,Zn,3,ASR,5.2849,6.28789,13.481263395906447,0.07367898907533352,5.72374e-05,2.56769e-07,4.2457e-06,1.32537e-08,362,36,6.954825986537761,381,,,False,,,,,,254,11
380,16,2024[Zn][crb]3[ASR]15,2024 Zn crb3 ASR15,CoRE,crb,Zn,3,ASR,5.28606,6.2956,13.47427315088272,0.10281545419674248,5.74861e-05,3.59234e-07,4.26636e-06,1.86815e-08,360,36,6.957721750135871,380,,,False,,,,,,255,11
381,16,2020[Mg][nia]3[FSR]2,2020 Mg nia3 FSR2,CoRE,nia-d,Mg,3,FSR,4.52699,8.66431,13.455261953656535,0.10047587109928162,0.000106734,6.73687e-07,7.93251e-06,3.16535e-08,235,33,8.236656933630867,331,,,False,,,,,,256,11
382,16,2024[Zn][crb]3[ASR]16,2024 Zn crb3 ASR16,CoRE,crb,Zn,3,ASR,5.28433,6.28096,13.443266866846972,0.06461719809104143,5.68138e-05,2.2953e-07,4.22619e-06,1.1006e-08,368,36,6.924104997728758,386,,,False,,,,,,257,11
383,16,2024[Zn][crb]3[ASR]13,2024 Zn crb3 ASR13,CoRE,crb,Zn,3,ASR,5.28475,6.29673,13.405753099669557,0.07684856781159587,5.69589e-05,1.98642e-07,4.24884e-06,1.93307e-08,366,36,6.908515703192798,387,,,False,,,,,,258,11
384,16,2024[Zn][crb]3[ASR]11,2024 Zn crb3 ASR11,CoRE,crb,Zn,3,ASR,5.28433,6.29436,13.39966448503178,0.10798817578235856,5.67114e-05,3.83171e-07,4.2323e-06,1.8592e-08,369,36,6.898892439742974,390,,,False,,,,,,259,11
385,16,2020[Mg][nia]3[ASR]2,2020 Mg nia3 ASR2,CoRE,nia-d,Mg,3,ASR,4.52699,8.66431,13.362249157319239,0.17160738198644993,0.000106439,1.21246e-06,7.96565e-06,4.72446e-08,239,33,8.180869910118002,333,,,False,,,,,,260,11
386,16,2024[Zn][crb]3[ASR]3,2024 Zn crb3 ASR3,CoRE,crb,Zn,3,ASR,5.28447,6.28692,13.348666031612463,0.18093327762600445,5.6473e-05,7.60492e-07,4.23061e-06,6.52141e-09,371,36,6.866298774036452,392,,,False,,,,,,261,11
387,16,2024[Zn][crb]3[ASR]12,2024 Zn crb3 ASR12,CoRE,crb,Zn,3,ASR,5.28476,6.28808,13.344212815904513,0.19697916971030988,5.6503e-05,7.93902e-07,4.23427e-06,1.91616e-08,370,36,6.864782502866968,393,,,False,,,,,,262,11
388,16,2020[Co][nia]3[ASR]2,2020 Co nia3 ASR2,CoRE,nia-d,Co,3,ASR,4.57617,8.66528,13.320561776862458,0.11468712375100641,9.31387e-05,5.52528e-07,6.9921e-06,4.36298e-08,257,33,7.811273418435949,347,,,False,,,,,,263,11
389,16,2020[Co][nia]3[FSR]1,2020 Co nia3 FSR1,CoRE,nia-d,Co,3,FSR,4.5685,8.69859,13.30951504305559,0.15700102667721194,9.32627e-05,9.62591e-07,7.00722e-06,4.00211e-08,256,33,7.808809614062332,348,,,False,,,,,,264,11
390,16,2017[Cu][rob]3[FSR]3,2017 Cu rob3 FSR3,CoRE,rob,Cu,3,FSR,5.20273,5.45221,13.300693729876855,0.23530318782059334,3.60639e-05,5.19561e-07,2.71143e-06,2.78395e-08,438,37,6.307425394770121,421,,,False,,,,,,265,11
391,16,e4zif2,ZIF-2 (E-4),앵커,,,,,5.21086,,13.29200832300208,0.12531804426386614,5.50014e-05,3.02577e-07,4.13793e-06,3.16828e-08,379,36,6.798509116220089,395,,,,,,336,20,116,266,11
392,16,2020[Co][nia]3[ASR]1,2020 Co nia3 ASR1,CoRE,nia-d,Co,3,ASR,4.5685,8.69859,13.249172126401538,0.08434993577041199,9.29024e-05,5.35437e-07,7.01194e-06,1.89637e-08,259,33,7.768196929884292,350,,,False,,,,,,267,11
393,16,2022[Zn][pcu]3[ASR]2,2022 Zn pcu3 ASR2,CoRE,pcu,Zn,3,ASR,6.06347,7.34133,13.23365100230036,0.31498459161105963,3.74511e-05,8.82738e-07,2.82999e-06,9.36925e-09,434,37,6.309080403703778,420,,,False,,,,,,268,11
394,16,2019[Zn][snz]3[ASR]1,2019 Zn snz3 ASR1,CoRE,snz,Zn,3,ASR,13.75598,15.28978,13.072921059191081,0.17480004386155854,6.97541e-05,8.76588e-07,5.33577e-06,2.43714e-08,306,35,7.071349906004031,371,,,False,,,,,,269,11
395,16,2020[Ni][kgd]2[FSR]1,2020 Ni kgd2 FSR1,CoRE,kgd,Ni,2,FSR,4.76382,8.74454,13.047712876747536,0.06997585547438676,7.31049e-05,2.44849e-07,5.60289e-06,2.34686e-08,299,35,7.14600931090386,366,,,False,,,,,,,
396,16,2021[Cu][pcu]3[FSR]3,2021 Cu pcu3 FSR3,CoRE,pcu,Cu,3,FSR,9.86802,11.37052,13.043482849882711,0.14581408810877985,4.94318e-05,5.0124e-07,3.78977e-06,1.78367e-08,402,36,6.524326042504259,406,,,False,,,,,,270,11
397,16,2022[Ni][kgd]2[ASR]1,2022 Ni kgd2 ASR1,CoRE,kgd,Ni,2,ASR,3.73491,9.42475,13.037234604520618,0.1262269185320655,6.54022e-05,4.47018e-07,5.01657e-06,3.44013e-08,327,35,6.939023713721698,384,,,False,,,,,,,
398,16,2017[Cu][rob]3[FSR]4,2017 Cu rob3 FSR4,CoRE,rob,Cu,3,FSR,5.55557,6.2648,13.033323680186154,0.18074954742647306,2.56531e-05,2.48364e-07,1.96827e-06,1.95439e-08,456,42,5.8968152792418085,429,,,False,,,,,,271,11
399,16,2021[Cu][pcu]3[ASR]3,2021 Cu pcu3 ASR3,CoRE,pcu,Cu,3,ASR,9.86802,11.37052,12.98908287735501,0.20723642213485965,4.92811e-05,7.06438e-07,3.79404e-06,2.65753e-08,404,36,6.492269543499885,410,,,False,,,,,,272,11
400,16,2022[Ni][kgd]2[FSR]1,2022 Ni kgd2 FSR1,CoRE,kgd,Ni,2,FSR,3.73491,9.42475,12.979041140136456,0.08962758923373852,6.50969e-05,3.56289e-07,5.01554e-06,2.11194e-08,330,35,6.900961110540837,389,,,False,,,,,,,
401,16,2022[Zn][hcb]2[ION]1,2022 Zn hcb2 ION1,CoRE,hcb,Zn,2,Ion,5.98646,8.31691,12.940208966518975,0.2515405049984462,4.24061e-05,8.04387e-07,3.27708e-06,1.39235e-08,421,37,6.28710175933639,423,,,False,,,,,,,
402,16,2020[Ni][kgd]2[ASR]1,2020 Ni kgd2 ASR1,CoRE,kgd,Ni,2,ASR,4.76382,8.74454,12.880964468819942,0.10787919385680288,7.20556e-05,5.29446e-07,5.59396e-06,2.24824e-08,301,35,7.032377998685536,377,,,False,,,,,,,
403,16,2019[Zn][snz]3[FSR]1,2019 Zn snz3 FSR1,CoRE,snz,Zn,3,FSR,13.75598,15.28978,12.84070497695526,0.16658783665689383,6.8843e-05,8.39829e-07,5.36131e-06,2.36684e-08,312,35,6.927502694230608,385,,,False,,,,,,273,11
404,16,2020[Zn][fgl]3[ASR]2,2020 Zn fgl3 ASR2,CoRE,ggl,Zn,3,ASR,7.72596,8.61802,12.831397254614933,0.13856751012519733,5.71513e-05,3.19535e-07,4.45402e-06,4.11511e-08,363,36,6.61673456145434,401,,,False,,,,,,274,11
405,16,2022[Ni][kgd]2[FSR]2,2022 Ni kgd2 FSR2,CoRE,kgd,Ni,2,FSR,3.8556,9.61011,12.808878335665876,0.1362906209642472,6.51644e-05,6.47746e-07,5.08744e-06,1.93117e-08,329,35,6.814790650673408,394,,,False,,,,,,,
406,16,2020[Zn][fgl]3[FSR]2,2020 Zn fgl3 FSR2,CoRE,ggl,Zn,3,FSR,7.72596,8.61802,12.798471674082926,0.2477260553840944,5.69779e-05,1.00892e-06,4.45193e-06,3.48008e-08,365,36,6.595181581709688,403,,,False,,,,,,275,11
407,16,2019[Zn][pcu]3[FSR]4,2019 Zn pcu3 FSR4,CoRE,pcu,Zn,3,FSR,6.42016,6.88365,12.776314192674095,0.10134283066415647,5.05339e-05,3.346e-07,3.95528e-06,1.72753e-08,396,36,6.41509909772814,415,,,False,,,,,,276,11
408,16,2019[Zn][pcu]3[ASR]4,2019 Zn pcu3 ASR4,CoRE,pcu,Zn,3,ASR,6.42016,6.88365,12.772733466913639,0.08509663369288316,5.0614e-05,2.48851e-07,3.96266e-06,1.7816e-08,394,36,6.415344770798952,414,,,False,,,,,,277,11
409,16,2019[Cu][lvt]3[ASR]1,2019 Cu lvt3 ASR1,CoRE,lil,Cu,3,ASR,5.03082,7.32024,12.741724212201264,0.21279612070795798,5.79751e-05,9.57554e-07,4.55002e-06,1.12515e-08,356,36,6.591951142653611,404,,,False,,,,,,278,11
410,16,2017[Cu][rob]3[ASR]4,2017 Cu rob3 ASR4,CoRE,rob,Cu,3,ASR,5.55557,6.2648,12.723729629515821,0.3202504961694851,2.48441e-05,6.10311e-07,1.95258e-06,1.07011e-08,459,42,5.715652462925577,432,,,False,,,,,,279,11
411,16,2022[Ni][kgd]2[ASR]2,2022 Ni kgd2 ASR2,CoRE,kgd,Ni,2,ASR,3.8556,9.61011,12.683943991765346,0.14420667412517893,6.45699e-05,7.00683e-07,5.09068e-06,1.72659e-08,333,35,6.734669623133837,398,,,False,,,,,,,
412,16,2016[Mg][hcb]2[ASR]1,2016 Mg hcb2 ASR1,CoRE,hcb,Mg,2,ASR,4.08654,5.23271,12.681864028377476,0.1330998641650488,2.23807e-05,2.13272e-07,1.76478e-06,7.76181e-09,469,43,5.629552837792183,433,,,False,,,,,,,
413,16,2019[Cu][rtl]3[ASR]1,2019 Cu rtl3 ASR1,CoRE,rtl,Cu,3,ASR,5.34406,6.40417,12.656458599225092,0.13104028242102353,3.87742e-05,3.42731e-07,3.06359e-06,1.6517e-08,431,37,6.045422476824144,426,,,False,,,,,,280,11
414,16,2020[Cu][sql]2[FSR]6,2020 Cu sql2 FSR6,CoRE,sql,Cu,2,FSR,3.98035,6.3821,12.633550616358027,0.14555635981305434,6.60314e-05,6.81461e-07,5.22667e-06,2.67712e-08,323,35,6.746873040071553,396,,,False,,,,,,,
415,16,2020[Cu][sql]2[ASR]7,2020 Cu sql2 ASR7,CoRE,sql,Cu,2,ASR,3.98035,6.3821,12.624164356758518,0.09761094302408202,6.58104e-05,3.84907e-07,5.21305e-06,2.63645e-08,324,35,6.736239091231976,397,,,False,,,,,,,
416,16,2016[Mg][hcb]2[FSR]1,2016 Mg hcb2 FSR1,CoRE,hcb,Mg,2,FSR,4.08654,5.23271,12.516543919932523,0.1235685666788099,2.21106e-05,1.45274e-07,1.76651e-06,1.30166e-08,472,43,5.537050393648793,434,,,False,,,,,,,
417,16,2010[Ga][ctn]3[FSR]2,2010 Ga ctn3 FSR2,CoRE,ctn,Ga,3,FSR,5.35547,5.93071,12.429061597084214,0.07989991275506125,7.799e-05,4.98997e-07,6.27481e-06,3.90907e-09,286,34,6.954139599971938,383,,,False,,,,,,281,11
418,16,2021[Mn][dia]3[ASR]1,2021 Mn dia3 ASR1,CoRE,dia,Mn,3,ASR,5.47834,10.29679,12.412511879556066,0.2001568305491577,6.93528e-05,9.78992e-07,5.58733e-06,4.3554e-08,308,35,6.719561627577159,399,,,False,,,,,,282,11
419,16,2017[Cu][nbo]3[ASR]1,2017 Cu nbo3 ASR1,CoRE,fof,Cu,3,ASR,5.76316,11.60438,12.377207327323271,0.10900574592183158,6.22904e-05,4.182e-07,5.03267e-06,2.86857e-08,342,36,6.516502187964426,408,,,False,,,,,,283,11
420,16,2021[Mn][dia]3[FSR]1,2021 Mn dia3 FSR1,CoRE,dia,Mn,3,FSR,5.47834,10.29679,12.338837631896956,0.06391544044925361,6.8513e-05,3.44166e-07,5.55263e-06,7.02006e-09,318,35,6.659511615810164,400,,,False,,,,,,284,11
421,16,2020[Cu][nan]3[ASR]2,2020 Cu nan3 ASR2,CoRE,mfj,Cu,3,ASR,6.64379,12.01795,12.316524340275757,0.15738707296458845,5.50088e-05,6.76935e-07,4.46626e-06,1.53776e-08,378,36,6.294591455662628,422,,,False,,,,,,285,11
422,16,2022[Zn][kgd]2[FSR]1,2022 Zn kgd2 FSR1,CoRE,kgd,Zn,2,FSR,4.93908,9.03512,12.270168319922046,0.0679317774995312,6.44709e-05,2.68296e-07,5.25428e-06,1.91856e-08,335,35,6.518247621736566,407,,,False,,,,,,,
423,16,2019[Cu][nan]3[ASR]2,2019 Cu nan3 ASR2,CoRE,mfj,Cu,3,ASR,6.66246,11.30481,12.229749761620498,0.1252742835444769,6.10514e-05,5.02296e-07,4.99204e-06,3.04624e-08,344,36,6.407875784389188,417,,,False,,,,,,286,11
424,16,2022[Zn][kgd]2[ASR]1,2022 Zn kgd2 ASR1,CoRE,kgd,Zn,2,ASR,4.93908,9.03512,12.172082024037058,0.1099956792693486,6.38758e-05,4.28395e-07,5.24773e-06,3.17835e-08,337,35,6.451985446345245,412,,,False,,,,,,,
425,16,2019[Ni][fcu]3[ASR]1,2019 Ni fcu3 ASR1,CoRE,fcu,Ni,3,ASR,5.16822,14.69154,12.099660226876006,0.16119082205374297,4.92144e-05,5.53824e-07,4.06742e-06,2.90008e-08,405,36,6.030887609615524,427,,,False,,,,,,287,11
426,16,2017[Zn][dia]3[FSR]4,2017 Zn dia3 FSR4,CoRE,dia,Zn,3,FSR,8.7686,9.20401,12.076230785330573,0.1776552859235141,2.07716e-05,2.76096e-07,1.72004e-06,1.08432e-08,476,44,5.274464997083381,440,,,False,,,,,,288,11
427,16,2020[Zn][nbo]3[ASR]1,2020 Zn nbo3 ASR1,CoRE,fof,Zn,3,ASR,5.01419,10.21223,11.989861749133055,0.3796783900648274,5.47324e-05,1.70835e-06,4.56489e-06,2.43859e-08,381,36,6.118545464367331,425,,,False,,,,,,289,11
428,16,2017[Zn][dia]3[ASR]4,2017 Zn dia3 ASR4,CoRE,dia,Zn,3,ASR,8.7686,9.20401,11.890382855710781,0.4165853154639014,2.04014e-05,7.12299e-07,1.71579e-06,4.99712e-09,477,44,5.168734671199342,441,,,False,,,,,,290,11
429,16,2018[Co][nia]3[FSR]1,2018 Co nia3 FSR1,CoRE,nia-d,Co,3,FSR,4.66988,8.93138,11.84675926356625,0.09299742060565133,7.64052e-05,5.758e-07,6.44946e-06,1.41736e-08,289,34,6.61174462587683,402,,,False,,,,,,291,11
430,16,2019[Cu][nbo]3[ASR]1,2019 Cu nbo3 ASR1,CoRE,fof,Cu,3,ASR,6.83827,10.89818,11.820767029600166,0.1255786957558785,5.31652e-05,3.4218e-07,4.49761e-06,3.80137e-08,385,36,5.990148787758767,428,,,False,,,,,,292,11
431,16,2018[Co][nia]3[ASR]1,2018 Co nia3 ASR1,CoRE,nia-d,Co,3,ASR,4.66988,8.93138,11.808373056609156,0.06455682287836774,7.61496e-05,2.07257e-07,6.44878e-06,3.05762e-08,290,34,6.5852186220781395,405,,,False,,,,,,293,11
432,16,2017[Zn][sql]2[ASR]1,2017 Zn sql2 ASR1,CoRE,sql,Zn,2,ASR,6.30167,10.47983,11.783086374572724,0.11379336204604257,4.53987e-05,3.93118e-07,3.85287e-06,1.64739e-08,418,36,5.767435952548989,431,,,False,,,,,,,
433,16,2019[Ni][fcu]3[FSR]1,2019 Ni fcu3 FSR1,CoRE,fcu,Ni,3,FSR,5.16822,14.69154,11.7447707605853,0.12711690364715675,4.76934e-05,4.90448e-07,4.06082e-06,1.37085e-08,409,36,5.807684790803053,430,,,False,,,,,,294,11
434,16,2019[V][bpq]3[ASR]4,2019 V bpq3 ASR4,CoRE,rna,V,3,ASR,5.97028,7.16507,11.696857239722506,0.06979591469292687,3.2086e-05,1.77251e-07,2.74313e-06,6.18791e-09,443,39,5.374496647730544,437,,,False,,,,,,295,11
435,16,2019[V][bpq]3[FSR]4,2019 V bpq3 FSR4,CoRE,rna,V,3,FSR,5.97028,7.16507,11.609367214748382,0.12896763470100298,3.1921e-05,3.32443e-07,2.74959e-06,1.06297e-08,444,39,5.324965633535383,439,,,False,,,,,,296,11
436,16,2024[Zn][fsc]3[FSR]1,2024 Zn fsc3 FSR1,CoRE,sqc2246,Zn,3,FSR,5.14775,6.73264,11.584747478393517,0.1188043650541496,7.38172e-05,5.94361e-07,6.37193e-06,4.04698e-08,296,35,6.408617062478896,416,,,False,,,,,,297,11
437,16,2024[Zn][fsc]3[ASR]1,2024 Zn fsc3 ASR1,CoRE,sqc2246,Zn,3,ASR,5.14775,6.73264,11.536124897907898,0.0734473850955825,7.34482e-05,2.64908e-07,6.3668e-06,3.3404e-08,298,35,6.3738335532039105,418,,,False,,,,,,298,11
438,17,2015[V][bpq]3[ASR]1,2015 V bpq3 ASR1,CoRE,rna,V,3,ASR,6.68644,6.89356,11.196715055729573,0.09327579529325536,4.22517e-05,3.0161e-07,3.77358e-06,1.62056e-08,423,37,5.382057262869522,435,,,False,,,,,,299,12
439,17,2015[V][bpq]3[FSR]1,2015 V bpq3 FSR1,CoRE,rna,V,3,FSR,6.68644,6.89356,11.180606801745768,0.08202379694428161,4.24228e-05,2.18996e-07,3.79432e-06,1.97786e-08,420,37,5.378210314259666,436,,,False,,,,,,300,12
440,17,2017[Zn][dia]3[ASR]3,2017 Zn dia3 ASR3,CoRE,dia,Zn,3,ASR,9.15532,9.58799,11.107946368607886,0.3425558016909716,1.85245e-05,5.62501e-07,1.66768e-06,8.97822e-09,479,45,4.715270311621213,451,,,False,,,,,,301,12
441,17,2016[Cu][nbo]3[FSR]2,2016 Cu nbo3 FSR2,CoRE,nbo,Cu,3,FSR,10.45852,11.40347,11.107710342073569,0.6164859937266501,8.62286e-05,3.47727e-06,7.76295e-06,2.96025e-07,271,33,6.4868852567578354,411,,,False,,,,,,302,12
442,17,2017[Zn][dia]3[FSR]3,2017 Zn dia3 FSR3,CoRE,dia,Zn,3,FSR,9.15532,9.58799,11.068065417121622,0.1985871302774021,1.83472e-05,3.02785e-07,1.65767e-06,1.16718e-08,480,45,4.690020871875486,452,,,False,,,,,,303,12
443,17,2017[Co][tfz]3[FSR]2,2017 Co tfz3 FSR2,CoRE,tfz-d,Co,3,FSR,8.88161,9.53481,11.042836911788466,0.17169028064055958,3.48555e-05,5.13814e-07,3.15639e-06,1.55994e-08,441,37,5.108986123130958,442,,,False,,,,,,304,12
444,17,2019[Cu][pts]3[ASR]2,2019 Cu pts3 ASR2,CoRE,pts,Cu,3,ASR,5.96592,9.09784,10.950948734068696,0.19550795280312075,4.59861e-05,7.80532e-07,4.19928e-06,2.32451e-08,415,36,5.352774837185095,438,,,False,,,,,,305,12
445,17,2017[Zn][dia]3[FSR]5,2017 Zn dia3 FSR5,CoRE,dia,Zn,3,FSR,9.16394,9.65194,10.931818739419516,0.2298542134020987,1.78228e-05,3.62426e-07,1.63036e-06,8.71729e-09,484,45,4.605888283200826,455,,,False,,,,,,306,12
446,17,2017[Zn][dia]3[ASR]5,2017 Zn dia3 ASR5,CoRE,dia,Zn,3,ASR,9.16394,9.65194,10.92926499508358,0.12722882738021504,1.77841e-05,1.74325e-07,1.6272e-06,1.02178e-08,485,45,4.6035558237502565,456,,,False,,,,,,307,12
447,17,2014[Zn][unj]3[FSR]1,2014 Zn unj3 FSR1,CoRE,unj,Zn,3,FSR,8.28053,8.51052,10.916933792393841,0.2039317257583128,1.65516e-05,2.9685e-07,1.51614e-06,7.92119e-09,493,46,4.564930216022162,457,,,False,,,,,,308,12
448,17,2019[V][bpq]3[ASR]2,2019 V bpq3 ASR2,CoRE,rna,V,3,ASR,4.8163,6.81587,10.748636422509941,0.16054776933217138,2.24065e-05,2.9325e-07,2.08459e-06,1.50051e-08,468,43,4.631173249488025,453,,,False,,,,,,309,12
449,17,2019[V][bpq]3[FSR]2,2019 V bpq3 FSR2,CoRE,rna,V,3,FSR,4.8163,6.81587,10.738367929561152,0.11591280801177906,2.2343e-05,1.82243e-07,2.08067e-06,1.47105e-08,470,43,4.624204969810819,454,,,False,,,,,,310,12
450,17,2017[Co][tfz]3[ASR]2,2017 Co tfz3 ASR2,CoRE,tfz-d,Co,3,ASR,8.88161,9.53481,10.728587778978826,0.11812962469402942,3.37457e-05,3.2684e-07,3.1454e-06,1.64735e-08,442,38,4.917546066804361,446,,,False,,,,,,311,12
451,17,2019[GaCu][agw]3[ASR]1,2019 GaCu agw3 ASR1,CoRE,agw,"Ga,Cu",3,ASR,9.71033,13.89369,10.546955753184562,0.21695460253152357,4.22433e-05,8.43546e-07,4.00526e-06,1.97798e-08,424,37,5.046054367892554,444,,,False,,,,,,312,12
452,17,2020[Zn][qtz]3[ASR]1,2020 Zn qtz3 ASR1,CoRE,qtz,Zn,3,ASR,7.32289,7.5175,10.529901362517757,0.12608848820931262,2.10518e-05,2.34673e-07,1.99924e-06,8.74192e-09,473,44,4.482684278113298,459,,,False,,,,,,313,12
453,17,2020[Zn][qtz]3[FSR]1,2020 Zn qtz3 FSR1,CoRE,qtz,Zn,3,FSR,7.32289,7.5175,10.519683383649499,0.14057628355061105,2.10117e-05,2.39361e-07,1.99737e-06,1.39532e-08,475,44,4.476354453704016,460,,,False,,,,,,314,12
454,17,2016[Fe][hcb]2[ASR]1,2016 Fe hcb2 ASR1,CoRE,hcb,Fe,2,ASR,4.09919,5.27197,10.38327311725872,0.10271616996097163,1.18117e-05,7.72617e-08,1.13757e-06,8.44217e-09,503,52,4.165107045030327,462,,,False,,,,,,,
455,17,2024[Ni][etb]3[ASR]1,2024 Ni etb3 ASR1,CoRE,etb,Ni,3,ASR,6.60182,11.14925,10.381704368823856,0.24670775118908467,3.6802e-05,8.39865e-07,3.54489e-06,2.34894e-08,436,37,4.81826319786881,449,,,False,,,,,,315,12
456,17,2016[Fe][hcb]2[FSR]1,2016 Fe hcb2 FSR1,CoRE,hcb,Fe,2,FSR,4.09919,5.27197,10.358709700108141,0.06823060795765447,1.17821e-05,7.6848e-08,1.13741e-06,1.04467e-09,504,52,4.151638547460759,463,,,False,,,,,,,
457,18,2024[Cu][tfz]3[ASR]1,2024 Cu tfz3 ASR1,CoRE,tfz,Cu,3,ASR,7.89447,8.13006,10.100003972352427,0.08554422546940717,1.01703e-05,8.42343e-08,1.00696e-06,1.78387e-09,509,54,3.9757655002578325,467,,,False,,,,,,316,12
458,18,2024[Cd][nia]3[ASR]1,2024 Cd nia3 ASR1,CoRE,nia-d,Cd,3,ASR,4.95806,9.39189,9.967758071950177,0.07542679042301899,4.56313e-05,2.96988e-07,4.57789e-06,1.76715e-08,417,36,4.835396163994426,447,,,False,,,,,,317,12
459,18,2024[Cd][nia]3[FSR]1,2024 Cd nia3 FSR1,CoRE,nia-d,Cd,3,FSR,4.95806,9.39189,9.960428671206564,0.06976728841452297,4.56347e-05,2.92666e-07,4.5816e-06,1.29041e-08,416,36,4.831697445052754,448,,,False,,,,,,318,12
460,18,2007[In][ctn]3[ASR]1,2007 In ctn3 ASR1,CoRE,ctn,In,3,ASR,5.51669,6.23514,9.88526986260092,0.09562093481242417,5.70817e-05,5.20078e-07,5.77442e-06,1.8761e-08,364,36,5.092411391481142,443,,,False,,,,,,319,12
461,18,2019[Cu][ssa]3[ASR]1,2019 Cu ssa3 ASR1,CoRE,sty,Cu,3,ASR,5.22934,10.56906,9.83148668446722,0.1374271457468016,4.65048e-05,6.33511e-07,4.73019e-06,1.48228e-08,413,36,4.787832209850242,450,,,False,,,,,,320,12
462,18,0000[In][ctn]3[ASR]1,0000 In ctn3 ASR1,CoRE,ctn,In,3,ASR,5.54572,6.25511,9.770644370927037,0.1091953651191053,5.57895e-05,5.77763e-07,5.70991e-06,2.39888e-08,375,36,4.9993597889642825,445,,,False,,,,,,321,12
463,18,2016[Co][pts]3[ASR]4,2016 Co pts3 ASR4,CoRE,dmd,Co,3,ASR,9.5867,10.01279,9.68451999547699,0.04884107395683661,3.8541e-05,1.87879e-07,3.97965e-06,5.14356e-09,432,37,4.5034793502093695,458,,,False,,,,,,322,12
464,18,2018[Zn][acs]3[ASR]1,2018 Zn acs3 ASR1,CoRE,acs,Zn,3,ASR,5.33782,6.42741,9.669790004954512,0.13983061842395483,1.77606e-05,2.15923e-07,1.83671e-06,1.4381e-08,487,45,3.952068470614761,468,,,False,,,,,,323,12
465,18,2018[Zn][acs]3[FSR]1,2018 Zn acs3 FSR1,CoRE,acs,Zn,3,FSR,5.33782,6.42741,9.628073792967292,0.045744527117294154,1.75566e-05,7.3728e-08,1.82348e-06,4.05214e-09,488,45,3.9251718959392004,469,,,False,,,,,,324,12
466,18,2016[Co][pts]3[FSR]6,2016 Co pts3 FSR6,CoRE,dmd,Co,3,FSR,9.59417,10.03253,9.531905024792472,0.13554814813273608,3.78124e-05,4.87751e-07,3.96693e-06,2.37458e-08,433,37,4.405544268795949,461,,,False,,,,,,325,12
467,18,2015[Zn][hww]3[ION]4,2015 Zn hww3 ION4,CoRE,hww,Zn,3,Ion,11.14307,12.65358,9.437747095267182,0.18735910551214674,2.81209e-05,5.34787e-07,2.97962e-06,1.69717e-08,448,41,4.103270074216437,464,,,False,,,,,,326,12
468,18,2020[Co][nbo]3[ASR]1,2020 Co nbo3 ASR1,CoRE,nbo,Co,3,ASR,10.48012,11.21785,9.373973383393116,0.09932117996205203,1.67781e-05,1.64504e-07,1.78986e-06,7.1887e-09,491,46,3.7734852723772647,471,,,False,,,,,,327,12
469,18,2019[Cd][ins]3[FSR]2,2019 Cd ins3 FSR2,CoRE,ins,Cd,3,FSR,6.4111,9.07712,9.302795713464723,0.08719193773543242,2.75186e-05,1.78254e-07,2.9581e-06,2.00383e-08,452,41,4.017768317814509,465,,,False,,,,,,328,12
470,18,2019[Cd][ins]3[ASR]2,2019 Cd ins3 ASR2,CoRE,ins,Cd,3,ASR,6.4111,9.07712,9.296706804398172,0.10980873848206277,2.73775e-05,3.17502e-07,2.94486e-06,6.59709e-09,453,41,4.010929265463674,466,,,False,,,,,,329,12
471,19,2015[Zn][hww]3[ION]2,2015 Zn hww3 ION2,CoRE,hww,Zn,3,Ion,8.71968,9.34704,9.052643078471359,0.11677294458865974,2.73455e-05,3.30655e-07,3.02072e-06,1.35704e-08,454,41,3.88396443623696,470,,,False,,,,,,330,13
472,19,2020[Zr][hex]3[ASR]1,2020 Zr hex3 ASR1,CoRE,hex,Zr,3,ASR,5.56526,8.89938,8.893733834124491,0.16933157070066018,1.79488e-05,3.39078e-07,2.01814e-06,4.78201e-09,483,45,3.5559425812683445,479,,,False,,,,,,331,13
473,19,2020[Zr][hex]3[FSR]1,2020 Zr hex3 FSR1,CoRE,hex,Zr,3,FSR,5.56526,8.89938,8.818237751689507,0.06675349291026009,1.77721e-05,7.92877e-08,2.01538e-06,1.23252e-08,486,45,3.512303629989341,481,,,False,,,,,,332,13
474,19,2021[Cd][pcu]3[FSR]2,2021 Cd pcu3 FSR2,CoRE,pcu,Cd,3,FSR,6.46124,8.038,8.754178030910744,0.1818332978953368,2.61911e-05,5.38076e-07,2.99184e-06,9.1583e-09,455,42,3.6995141610581213,473,,,False,,,,,,333,13
475,19,2018[Fe][hcb]2[FSR]1,2018 Fe hcb2 FSR1,CoRE,hcb,Fe,2,FSR,5.83106,7.82632,8.693047085645809,0.12399912882050906,1.712e-05,2.11987e-07,1.96939e-06,1.39455e-08,489,46,3.430542815641016,483,,,False,,,,,,,
476,19,2017[Cd][met]3[ASR]1,2017 Cd met3 ASR1,CoRE,met,Cd,3,ASR,4.13446,6.42627,8.685422611631365,0.09761411370041088,1.08051e-05,1.01917e-07,1.24405e-06,7.60228e-09,508,53,3.261349105249195,486,,,False,,,,,,334,13
477,19,2018[Fe][hcb]2[ASR]1,2018 Fe hcb2 ASR1,CoRE,hcb,Fe,2,ASR,5.83106,7.82632,8.678321213082706,0.09219552630647235,1.69577e-05,1.56479e-07,1.95403e-06,1.02867e-08,490,46,3.4186855679760093,484,,,False,,,,,,,
478,19,2016[Ti][srs]3[ASR]1,2016 Ti srs3 ASR1,CoRE,srs,Ti,3,ASR,4.56727,6.25402,8.617517324601227,0.06999433435485479,2.94221e-05,2.30905e-07,3.41422e-06,7.14623e-09,446,40,3.7134420254632063,472,,,False,,,,,,335,13
479,19,2021[Cd][pcu]3[ASR]2,2021 Cd pcu3 ASR2,CoRE,pcu,Cd,3,ASR,6.46124,8.038,8.572464761191684,0.1521061279021552,2.56465e-05,4.21208e-07,2.99173e-06,2.00913e-08,457,42,3.59135670414381,477,,,False,,,,,,336,13
480,19,2015[Zr][ftw]3[ASR]2,2015 Zr ftw3 ASR2,CoRE,xxv,Zr,3,ASR,8.58272,21.33814,8.533267298712325,0.2997628195694136,3.01523e-05,1.05317e-06,3.5335e-06,1.32391e-08,445,40,3.6890117147574593,474,,,False,,,,,,337,13
481,19,2017[Ag][sqc]2[ASR]1,2017 Ag sqc2 ASR1,CoRE,sqc1390,Ag,2,ASR,9.77424,10.66855,8.469831094194099,0.08009182354465623,1.35292e-05,1.17624e-07,1.59734e-06,5.94058e-09,499,49,3.221222069960601,487,,,False,,,,,,,
482,19,e4zif6,ZIF-6 (E-4),앵커,,,,,5.53404,,8.335613280913279,0.11600411072493391,2.2241e-05,2.47555e-07,2.66819e-06,2.22893e-08,471,43,3.3798384845505747,485,,,,,,435,6,31,338,13
483,19,2016[Co][pts]3[ASR]3,2016 Co pts3 ASR3,CoRE,dmd,Co,3,ASR,9.58016,9.91946,8.302113120114967,0.07392630542645699,2.83073e-05,2.39919e-07,3.40965e-06,9.3103e-09,447,41,3.5212742062320257,480,,,False,,,,,,339,13
484,19,2016[Co][pts]3[FSR]5,2016 Co pts3 FSR5,CoRE,dmd,Co,3,FSR,9.58016,9.91946,8.241203079912758,0.09556234534457812,2.80744e-05,2.34867e-07,3.40659e-06,2.7353e-08,449,41,3.4837023521745825,482,,,False,,,,,,340,13
485,19,2020[Cu][sql]2[ASR]1,2020 Cu sql2 ASR1,CoRE,sql,Cu,2,ASR,5.7866,8.85794,8.22824551305531,0.10756146216201388,3.61675e-05,4.34453e-07,4.39553e-06,2.26653e-08,437,37,3.688793069968218,475,,,False,,,,,,,
486,19,2020[Co][pts]3[FSR]1,2020 Co pts3 FSR1,CoRE,tfi,Co,3,FSR,5.99315,7.10963,8.131060929234124,0.04870964444303777,3.56434e-05,1.79763e-07,4.38361e-06,1.41715e-08,439,37,3.624854868739688,476,,,False,,,,,,341,13
487,19,2020[Co][pts]3[ASR]1,2020 Co pts3 ASR1,CoRE,tfi,Co,3,ASR,5.99315,7.10963,8.082035491896796,0.05644255976808057,3.52776e-05,2.11359e-07,4.36494e-06,1.5663e-08,440,37,3.589946911061153,478,,,False,,,,,,342,13
488,19,2022[Cu][sql]2[ASR]3,2022 Cu sql2 ASR3,CoRE,sql,Cu,2,ASR,6.29899,9.89179,7.95573479615801,0.09555389621375633,2.30017e-05,2.61273e-07,2.89121e-06,1.12843e-08,466,43,3.2034312367940005,488,,,False,,,,,,,
489,19,2022[Cu][sql]2[ASR]6,2022 Cu sql2 ASR6,CoRE,sql,Cu,2,ASR,6.47167,9.88617,7.924559140084086,0.08393126758037651,2.27881e-05,2.34961e-07,2.87563e-06,6.96415e-09,467,43,3.181730597393104,489,,,False,,,,,,,
490,19,2016[Co][pts]3[FSR]9,2016 Co pts3 FSR9,CoRE,dmd,Co,3,FSR,8.69368,8.84064,7.87111198222051,0.08475207492648583,2.36937e-05,2.00893e-07,3.01021e-06,1.99787e-08,463,42,3.177808627200617,490,,,False,,,,,,343,14
491,19,2021[Fe][acs]3[ASR]1,2021 Fe acs3 ASR1,CoRE,acs,Fe,3,ASR,7.78371,8.56951,7.852115434839384,0.06878988687935562,2.40526e-05,1.99186e-07,3.0632e-06,8.7557e-09,460,42,3.177383570083104,491,,,False,,,,,,344,14
492,19,2016[Co][pts]3[ASR]6,2016 Co pts3 ASR6,CoRE,dmd,Co,3,ASR,8.69368,8.84064,7.782747031442327,0.039813411129747706,2.34579e-05,8.11835e-08,3.01409e-06,1.13548e-08,465,42,3.1259727152306356,492,,,False,,,,,,345,14
493,19,2017[Ag][sqc]3[ASR]1,2017 Ag sqc3 ASR1,CoRE,sqc1390,Ag,3,ASR,8.70295,10.03565,7.7239610654543345,0.13385833785774948,1.19268e-05,1.99987e-07,1.54413e-06,6.76197e-09,502,52,2.793837894043185,498,,,False,,,,,,346,14
494,19,2024[Zn][pcu]3[FSR]2,2024 Zn pcu3 FSR2,CoRE,pcu,Zn,3,FSR,4.87268,10.29168,7.607037750140212,0.06519159270921634,1.31566e-05,1.01383e-07,1.72953e-06,6.48583e-09,500,50,2.765596603730035,499,,,False,,,,,,347,14
495,19,2017[Ag][sqc]3[FSR]1,2017 Ag sqc3 FSR1,CoRE,sqc1390,Ag,3,FSR,8.70295,10.03565,7.604294140880454,0.08751156942655289,1.17443e-05,1.20003e-07,1.54443e-06,8.17689e-09,505,52,2.7272205241898284,500,,,False,,,,,,348,14
496,19,2017[Co][tfz]3[ASR]1,2017 Co tfz3 ASR1,CoRE,tfz-d,Co,3,ASR,8.55202,10.30033,7.500854433376844,0.06772258728229057,1.82159e-05,1.41192e-07,2.42851e-06,1.12443e-08,481,45,2.843119062747857,497,,,False,,,,,,349,14
497,19,2022[Cu][sql]2[ASR]2,2022 Cu sql2 ASR2,CoRE,sql,Cu,2,ASR,6.63048,10.10848,7.465538235429854,0.1498877488514977,2.10296e-05,4.11456e-07,2.81689e-06,1.26873e-08,474,44,2.898499562879334,496,,,False,,,,,,,
498,19,2020[Fe][tbo]3[FSR]2,2020 Fe tbo3 FSR2,CoRE,tbd,Fe,3,FSR,8.90611,20.78081,7.407660229360075,0.13266082997740153,2.3874e-05,4.22488e-07,3.22288e-06,8.85516e-09,461,42,2.94302393868824,493,,,False,,,,,,350,14
499,19,2020[Fe][tbo]3[ASR]2,2020 Fe tbo3 ASR2,CoRE,tbd,Fe,3,ASR,8.90611,20.78081,7.403401077359909,0.04768351200424695,2.38314e-05,1.42356e-07,3.21898e-06,7.75306e-09,462,42,2.9397080990183557,494,,,False,,,,,,351,14
500,19,2020[Fe][tbo]3[FSR]1,2020 Fe tbo3 FSR1,CoRE,tbd,Fe,3,FSR,8.92032,20.78792,7.392077617221321,0.125782354414373,2.36494e-05,3.88019e-07,3.19929e-06,1.44303e-08,464,42,2.9290936265749274,495,,,False,,,,,,352,14
501,19,2022[Cu][sql]2[ASR]5,2022 Cu sql2 ASR5,CoRE,sql,Cu,2,ASR,6.55562,10.21966,7.099370752227566,0.16110605343644224,2.02856e-05,4.56341e-07,2.85738e-06,8.52965e-09,478,44,2.6898016614522873,501,,,False,,,,,,,
502,20,2021[Cd][kag]3[FSR]1,2021 Cd kag3 FSR1,CoRE,kag,Cd,3,FSR,14.42961,18.07452,6.324845358070954,0.06987521403887292,1.65747e-05,1.77997e-07,2.62057e-06,6.79564e-09,492,46,2.192431972367247,503,,,False,,,,,,353,15
503,20,2013[Cd][rtl]3[ASR]2,2013 Cd rtl3 ASR2,CoRE,rtl,Cd,3,ASR,8.95998,9.96128,6.265638572896947,0.06715966818285363,1.81045e-05,1.86279e-07,2.88949e-06,8.68076e-09,482,45,2.2018681200292485,502,,,False,,,,,,354,15
504,20,2014[Zn][pcu]3[ASR]10,2014 Zn pcu3 ASR10,CoRE,pcu,Zn,3,ASR,5.19047,10.81396,6.208515152728292,0.050752507666765354,1.24066e-05,8.05832e-08,1.99832e-06,9.91892e-09,501,51,2.0232404754758635,505,,,False,,,,,,355,15
505,20,2021[Cd][kag]3[ASR]1,2021 Cd kag3 ASR1,CoRE,kag,Cd,3,ASR,14.42961,18.07452,6.158579230378238,0.07193116254329773,1.61146e-05,1.69591e-07,2.61661e-06,1.32553e-08,494,46,2.0944685664813045,504,,,False,,,,,,356,15
506,21,2022[Cu][sql]2[ASR]1,2022 Cu sql2 ASR1,CoRE,sql,Cu,2,ASR,7.38918,10.91406,5.855707461703179,0.08207766731391727,1.5642e-05,1.88382e-07,2.67124e-06,1.91559e-08,495,47,1.925582889456376,506,,,False,,,,,,,
507,22,e4zif10,ZIF-10 (E-4),앵커,,,,,7.23807,,5.691251949525025,0.0514433200736852,1.00351e-05,8.27785e-08,1.76325e-06,6.51676e-09,510,54,1.6938694529814227,507,,,,,,462,0,10,357,16
508,23,2022[Zn][rtl]3[ASR]1,2022 Zn rtl3 ASR1,CoRE,rtl,Zn,3,ASR,9.67324,11.61707,5.051198927028934,0.11608368650872113,1.45373e-05,3.22824e-07,2.87799e-06,1.70294e-08,496,48,1.4809196900112436,508,,,False,,,,,,358,17
509,24,2015[CrMn][nod]3[ASR]1,2015 CrMn nod3 ASR1,CoRE,nod,"Cr,Mn",3,ASR,7.52711,9.02632,4.581156091897526,0.047617616373481,5.40581e-06,5.46401e-08,1.18001e-06,2.86023e-09,516,58,0.9990502303562601,509,,,False,,,,,,359,18
510,25,2011[Zn][pcu]3[ASR]8,2011 Zn pcu3 ASR8,CoRE,pcu,Zn,3,ASR,7.89338,14.86745,4.07239102847447,0.027482346068823976,8.56827e-06,5.67986e-08,2.10399e-06,2.66029e-09,514,56,0.8188881276652701,510,,,False,,,,,,360,19
511,25,2007[Zn][pcu]3[ASR]3,2007 Zn pcu3 ASR3,CoRE,pcu,Zn,3,ASR,7.9821,15.02646,4.0192124585721345,0.045424377841209264,8.78005e-06,9.24749e-08,2.18452e-06,8.95379e-09,513,55,0.7969485026025055,512,,,False,,,,,,361,19
512,25,2011[Zn][pcu]3[FSR]8,2011 Zn pcu3 FSR8,CoRE,pcu,Zn,3,FSR,7.89575,14.86344,3.940271301168238,0.03577219289856874,7.24147e-06,6.47091e-08,1.83781e-06,2.94667e-09,515,57,0.7158904001190906,514,,,False,,,,,,362,19
513,25,2015[CrMn][noa]3[FSR]1,2015 CrMn noa3 FSR1,CoRE,noa,"Cr,Mn",3,FSR,7.32685,10.24846,3.8579376578217492,0.06569967175748435,4.65981e-06,7.77094e-08,1.20785e-06,4.16766e-09,517,59,0.6057829456571512,515,,,False,,,,,,363,19
514,25,2021[Cu][sql]2[FSR]6,2021 Cu sql2 FSR6,CoRE,sql,Cu,2,FSR,7.90551,12.01799,3.753086031893141,0.026100103535003392,1.43354e-05,8.69655e-08,3.81963e-06,1.29868e-08,497,48,0.8047964938679293,511,,,False,,,,,,,
515,25,2021[Cu][sql]2[ASR]6,2021 Cu sql2 ASR6,CoRE,sql,Cu,2,ASR,7.90551,12.01799,3.729545347368862,0.018711503032313306,1.42356e-05,6.43979e-08,3.81698e-06,8.28138e-09,498,48,0.7900194731001964,513,,,False,,,,,,,
516,26,2020[Fe][hcb]2[ASR]2,2020 Fe hcb2 ASR2,CoRE,hcb,Fe,2,ASR,15.58314,22.94791,2.6871151642048754,0.011845110260966586,1.08316e-05,3.91052e-08,4.03094e-06,1.01954e-08,506,53,0.162232968833331,516,,,False,,,,,,,
517,26,2020[Fe][hcb]2[FSR]2,2020 Fe hcb2 FSR2,CoRE,hcb,Fe,2,FSR,15.58314,22.94791,2.685713292063713,0.018682905849701135,1.08115e-05,6.38459e-08,4.02556e-06,1.48008e-08,507,53,0.16098251491186488,517,,,False,,,,,,,
,,2016[Co][sql]2[FSR]19,2016 Co sql2 FSR19,CoRE,sql,Co,2,FSR,3.58624,4.08151,603.4722138864548,18.21277001824781,0.0150824,0.000453852,2.49927e-05,5.77112e-08,,,,,,,True,False,탐침 규약값(PLD 3.586 < 3.64),,,,,
,,2024[Zn][srs]3[FSR]2,2024 Zn srs3 FSR2,CoRE,srs,Zn,3,FSR,3.4238,3.89699,333.78705566329785,6.11348578061065,0.0008313,1.15311e-05,2.49051e-06,2.97873e-08,,,,,,,True,False,탐침 규약값(PLD 3.424 < 3.64),,,,,
,,2024[Zn][srs]3[FSR]1,2024 Zn srs3 FSR1,CoRE,srs,Zn,3,FSR,3.44353,3.87773,269.63405265551415,12.613879421795813,0.00104944,4.82695e-05,3.89209e-06,3.32363e-08,,,,,,,True,False,탐침 규약값(PLD 3.444 < 3.64),,,,,
,,2023[Zn][kgd]2[FSR]2,2023 Zn kgd2 FSR2,CoRE,kgd,Zn,2,FSR,3.5354,4.63126,247.6809143016835,11.359857372114753,0.000850831,3.4956e-05,3.43519e-06,7.00348e-08,,,,,,,True,False,탐침 규약값(PLD 3.535 < 3.64),,,,,
,,2023[Ni][sql]2[FSR]1,2023 Ni sql2 FSR1,CoRE,sql,Ni,2,FSR,3.53473,4.27518,229.67932183444057,3.558849425140423,0.00335697,4.7775e-05,1.46159e-05,8.95667e-08,,,,,,,True,False,탐침 규약값(PLD 3.535 < 3.64),,,,,
,,2017[Cd][hcb]2[ASR]1,2017 Cd hcb2 ASR1,CoRE,hcb,Cd,2,ASR,4.45124,6.93233,223.95097244817413,43.283335115281,0.00106961,0.000206675,4.77609e-06,2.03221e-08,,,,,,,False,True,짝이온 삭제(formal charge ≠ 0),,,,,
,,e4zif7,ZIF-7 (E-4),앵커,,,,,2.37397,,185.39902193965102,1.7648076533700456,0.00403,2.45089e-05,2.17369e-05,1.59177e-07,,,,,,,,,탐침 규약값(PLD 2.374 < 3.64),,,,,
,,2023[Cd][kgd]2[FSR]1,2023 Cd kgd2 FSR1,CoRE,kgd,Cd,2,FSR,3.50634,4.13667,170.4487756591046,6.62462802160715,0.00159793,4.62137e-05,9.37484e-06,2.43408e-07,,,,,,,True,False,탐침 규약값(PLD 3.506 < 3.64),,,,,
,,saIm100,ZIF-69 −SO₃H 100 %,설계,,,,,4.22912,8.90981,150.91186420517556,13.723889783451686,0.000431371,3.88903e-05,2.85843e-06,3.40738e-08,,,,,False,22.5,,,관문 ⑤ 탈락(LCD −22.5 %),,,,,
,,2010[Zn][pts]3[ASR]1,2010 Zn pts3 ASR1,CoRE,pts,Zn,3,ASR,3.33924,4.00336,145.54607888170625,4.711311268487575,9.09385e-05,2.50868e-06,6.24809e-07,1.05811e-08,,,,,,,True,True,탐침 규약값(PLD 3.339 < 3.64),,,,,
,,2019[Zn][pcu]3[ASR]6,2019 Zn pcu3 ASR6,CoRE,pcu,Zn,3,ASR,3.38023,4.37219,141.14366432215238,2.332938130529444,0.00192846,1.99813e-05,1.36631e-05,1.75955e-07,,,,,,,True,False,탐침 규약값(PLD 3.380 < 3.64),,,,,
,,2010[Zn][pts]3[FSR]1,2010 Zn pts3 FSR1,CoRE,pts,Zn,3,FSR,3.33924,4.00336,138.77827719928416,5.393507490279906,8.63892e-05,3.03716e-06,6.22498e-07,1.03123e-08,,,,,,,True,True,탐침 규약값(PLD 3.339 < 3.64),,,,,
,,2019[Zn][pcu]3[FSR]6,2019 Zn pcu3 FSR6,CoRE,pcu,Zn,3,FSR,3.38023,4.37219,138.2586905212856,3.71480082044551,0.00189796,4.31395e-05,1.37276e-05,1.96688e-07,,,,,,,True,False,탐침 규약값(PLD 3.380 < 3.64),,,,,
,,2016[Co][pts]3[ASR]5,2016 Co pts3 ASR5,CoRE,dmd,Co,3,ASR,3.57101,4.23296,113.37888796278277,1.7487163021238739,0.000308784,4.34205e-06,2.72347e-06,1.72582e-08,,,,,,,True,False,탐침 규약값(PLD 3.571 < 3.64),,,,,
,,2016[Co][pts]3[FSR]8,2016 Co pts3 FSR8,CoRE,dmd,Co,3,FSR,3.57101,4.23296,113.34446084244412,3.480989191281981,0.0003049,8.5744e-06,2.69003e-06,3.32036e-08,,,,,,,True,False,탐침 규약값(PLD 3.571 < 3.64),,,,,
,,saIm075,ZIF-69 −SO₃H 75 %,설계,,,,,3.74664,9.40845,94.54708914503581,4.666135823434444,0.000288154,1.3768e-05,3.04773e-06,3.76664e-08,,,,,False,20.26,,,관문 ⑤ 탈락(LCD −20.26 %),,,,,
,,calf20,CALF-20 (E-11),앵커,,,,,2.8,,81.82572199166464,1.977917369954301,0.000278205,6.42688e-06,3.39997e-06,2.41933e-08,,,,,,,,,탐침 규약값(PLD 2.800 < 3.64),,,,,
,,2017[Co][pcu]3[FSR]1,2017 Co pcu3 FSR1,CoRE,pcu,Co,3,FSR,3.62698,5.14896,73.83224336017327,1.5088700414383982,0.000404281,4.8384e-06,5.47567e-06,9.07076e-08,,,,,,,True,False,탐침 규약값(PLD 3.627 < 3.64),,,,,
,,2017[Co][pcu]3[ASR]1,2017 Co pcu3 ASR1,CoRE,pcu,Co,3,ASR,3.62698,5.14896,71.60339236990174,1.9067013311198033,0.000392847,9.83276e-06,5.48643e-06,4.9866e-08,,,,,,,True,False,탐침 규약값(PLD 3.627 < 3.64),,,,,
,,2019[Co][sql]2[FSR]2,2019 Co sql2 FSR2,CoRE,sql,Co,2,FSR,3.52134,5.03577,69.66931293732905,2.023467472541485,0.000443967,1.03528e-05,6.37249e-06,1.10334e-07,,,,,,,True,False,탐침 규약값(PLD 3.521 < 3.64),,,,,
,,2019[Co][sql]2[ASR]1,2019 Co sql2 ASR1,CoRE,sql,Co,2,ASR,3.52134,5.03577,67.93702774329586,2.623179409560563,0.000433996,1.42562e-05,6.38821e-06,1.29642e-07,,,,,,,True,False,탐침 규약값(PLD 3.521 < 3.64),,,,,
,,2021[Co][pcu]3[FSR]1,2021 Co pcu3 FSR1,CoRE,pcu,Co,3,FSR,3.35545,5.13193,67.28167912393535,0.8834608966525579,0.000774143,6.47307e-06,1.1506e-05,1.1649e-07,,,,,,,True,False,탐침 규약값(PLD 3.355 < 3.64),,,,,
,,2021[Co][pcu]3[ASR]1,2021 Co pcu3 ASR1,CoRE,pcu,Co,3,ASR,3.35545,5.13193,65.67010847799968,1.228152843681634,0.0007543,1.07074e-05,1.14862e-05,1.39857e-07,,,,,,,True,False,탐침 규약값(PLD 3.355 < 3.64),,,,,
,,2021[Cd][flu]3[ASR]1,2021 Cd flu3 ASR1,CoRE,flt,Cd,3,ASR,3.60165,4.53525,62.28340262288706,1.4616891159782832,0.000211388,4.64968e-06,3.39397e-06,2.77688e-08,,,,,,,True,,탐침 규약값(PLD 3.602 < 3.64),,,,,
,,2019[Cd][sql]2[FSR]2,2019 Cd sql2 FSR2,CoRE,sql,Cd,2,FSR,3.60611,4.76059,60.95137576623496,1.1590493688254289,0.000661231,9.99714e-06,1.08485e-05,1.25122e-07,,,,,,,True,,탐침 규약값(PLD 3.606 < 3.64),,,,,
,,2019[Cu][kgd]2[FSR]1,2019 Cu kgd2 FSR1,CoRE,kgd,Cu,2,FSR,3.34203,5.49534,60.44030012041869,1.3866144898459531,0.000782992,1.58258e-05,1.29548e-05,1.4061e-07,,,,,,,True,,탐침 규약값(PLD 3.342 < 3.64),,,,,
,,2019[Cd][sql]2[ASR]2,2019 Cd sql2 ASR2,CoRE,sql,Cd,2,ASR,3.60611,4.76059,60.322877380185815,1.0990558837681772,0.00065577,1.06003e-05,1.0871e-05,9.13784e-08,,,,,,,True,,탐침 규약값(PLD 3.606 < 3.64),,,,,
,,2019[Cu][kgd]2[ASR]1,2019 Cu kgd2 ASR1,CoRE,kgd,Cu,2,ASR,3.34203,5.49534,59.747251983284016,1.8057611659688453,0.00077347,2.32424e-05,1.29457e-05,4.19018e-08,,,,,,,True,,탐침 규약값(PLD 3.342 < 3.64),,,,,
,,mof16,IISERP-MOF16 C11 (E-11),앵커,,,,,2.59,,58.92925051497385,11.294541830342272,1.48761e-05,2.82617e-06,2.5244e-07,6.3962e-09,,,,,,,,,탐침 규약값(PLD 2.590 < 3.64),,,,,
,,2019[V][bpq]3[ASR]1,2019 V bpq3 ASR1,CoRE,rna,V,3,ASR,3.52093,3.74263,58.18995468277946,2.5695832642148537,1.54087e-05,6.13465e-07,2.648e-07,5.05837e-09,,,,,,,True,,탐침 규약값(PLD 3.521 < 3.64),,,,,
,,mslm075,ZIF-69 −SO₂CH₃ 75 %,설계,,,,,3.63516,9.2092,57.47862102756873,2.087044498098398,0.000150156,5.32202e-06,2.61238e-06,2.06006e-08,,,,,False,21.67,,,탐침 규약값(PLD 3.635 < 3.64),,,,,
,,2006[Cu][pcu]3[ASR]1,2006 Cu pcu3 ASR1,CoRE,pcu,Cu,3,ASR,3.55155,5.55616,49.31671836257531,1.0273377321497181,0.000209239,3.99014e-06,4.24276e-06,3.55715e-08,,,,,,,True,,탐침 규약값(PLD 3.552 < 3.64),,,,,
,,2017[Ni][sql]2[FSR]2,2017 Ni sql2 FSR2,CoRE,sql,Ni,2,FSR,3.60054,4.90255,43.138429036153894,0.885855288822027,0.000256464,4.29027e-06,5.94514e-06,7.08069e-08,,,,,,,True,,탐침 규약값(PLD 3.601 < 3.64),,,,,
,,2017[Ni][sql]2[ASR]2,2017 Ni sql2 ASR2,CoRE,sql,Ni,2,ASR,3.60054,4.90255,42.67720051639591,0.9651525181053707,0.000254214,5.36677e-06,5.95667e-06,4.8305e-08,,,,,,,True,,탐침 규약값(PLD 3.601 < 3.64),,,,,
,,2012[Co][dia]3[ASR]3,2012 Co dia3 ASR3,CoRE,dia,Co,3,ASR,3.40774,4.26728,34.1499386786025,0.5585035848014697,6.51574e-05,7.63249e-07,1.90798e-06,2.17754e-08,,,,,,,True,,탐침 규약값(PLD 3.408 < 3.64),,,,,
,,2015[Cu][pcu]2[ASR]1,2015 Cu pcu2 ASR1,CoRE,pcu,Cu,2,ASR,3.44637,4.11766,33.62662037037037,0.7951711441518934,5.81068e-05,1.23415e-06,1.728e-06,1.79641e-08,,,,,,,True,,탐침 규약값(PLD 3.446 < 3.64),,,,,
,,2015[Cd][sql]2[ASR]1,2015 Cd sql2 ASR1,CoRE,sql,Cd,2,ASR,3.57485,5.25157,33.41623002697655,0.6079492133468568,0.000103061,1.22508e-06,3.08416e-06,4.2478e-08,,,,,,,True,,탐침 규약값(PLD 3.575 < 3.64),,,,,
,,2020[Co][rob]3[ASR]1,2020 Co rob3 ASR1,CoRE,rob,Co,3,ASR,3.5319,6.08907,33.02177153188217,0.7943005048468637,0.000160183,3.52133e-06,4.85083e-06,4.73615e-08,,,,,,,True,,탐침 규약값(PLD 3.532 < 3.64),,,,,
,,2015[Cu][pcu]2[FSR]1,2015 Cu pcu2 FSR1,CoRE,pcu,Cu,2,FSR,3.44637,4.11766,32.71311972709686,0.7300484523335206,5.71544e-05,1.16064e-06,1.74714e-06,1.61699e-08,,,,,,,True,,탐침 규약값(PLD 3.446 < 3.64),,,,,
,,2020[Co][rob]3[FSR]1,2020 Co rob3 FSR1,CoRE,rob,Co,3,FSR,3.5319,6.08907,32.52008671301902,0.4889568165891738,0.000156313,1.70212e-06,4.80666e-06,4.98349e-08,,,,,,,True,,탐침 규약값(PLD 3.532 < 3.64),,,,,
,,2024[Zn][srs]3[ASR]1,2024 Zn srs3 ASR1,CoRE,srs,Zn,3,ASR,4.2216,4.86043,32.4991489823325,0.435717275742703,0.000173758,2.12244e-06,5.34654e-06,2.95487e-08,,,,,,,False,True,짝이온 삭제(formal charge ≠ 0),,,,,
,,2024[Zn][lig]3[ASR]1,2024 Zn lig3 ASR1,CoRE,lig,Zn,3,ASR,4.33825,7.52222,31.950243340163933,0.47950744527187583,0.000199574,2.71944e-06,6.2464e-06,3.929e-08,,,,,,,False,True,짝이온 삭제(formal charge ≠ 0),,,,,
,,2014[Co][dmc]3[ASR]1,2014 Co dmc3 ASR1,CoRE,dmc,Co,3,ASR,3.4925,4.91809,29.590342058272935,0.3502947209244063,0.000239788,2.51814e-06,8.10359e-06,4.42812e-08,,,,,,,True,,탐침 규약값(PLD 3.493 < 3.64),,,,,
,,2014[Co][dmc]3[FSR]1,2014 Co dmc3 FSR1,CoRE,dmc,Co,3,FSR,3.4925,4.91809,29.194265807230046,0.24089329564869827,0.000236153,1.07181e-06,8.08902e-06,5.57417e-08,,,,,,,True,,탐침 규약값(PLD 3.493 < 3.64),,,,,
,,2020[Ag][pts]3[ASR]1,2020 Ag pts3 ASR1,CoRE,pts,Ag,3,ASR,3.58328,5.14616,26.45940595020308,0.45945721433889086,0.000218107,2.77988e-06,8.24308e-06,9.72132e-08,,,,,,,True,,탐침 규약값(PLD 3.583 < 3.64),,,,,
,,2020[Ag][pts]3[FSR]1,2020 Ag pts3 FSR1,CoRE,pts,Ag,3,FSR,3.58328,5.14616,26.4378090368124,0.36040482915203226,0.000219166,2.51324e-06,8.28987e-06,6.11079e-08,,,,,,,True,,탐침 규약값(PLD 3.583 < 3.64),,,,,
,,2020[AlFe][rna]3[ASR]1,2020 AlFe rna3 ASR1,CoRE,rna,"Al,Fe",3,ASR,3.39035,4.02816,25.494610044266107,0.46415910504774505,1.28089e-05,1.12148e-07,5.02416e-07,8.01989e-09,,,,,,,True,,탐침 규약값(PLD 3.390 < 3.64),,,,,
,,2020[FeAl][rna]3[FSR]1,2020 FeAl rna3 FSR1,CoRE,rna,"Fe,Al",3,FSR,3.39035,4.02816,25.28453160792509,0.8139740375610858,1.25831e-05,2.41952e-07,4.9766e-07,1.28492e-08,,,,,,,True,,탐침 규약값(PLD 3.390 < 3.64),,,,,
,,2015[Zn][sql]2[FSR]5,2015 Zn sql2 FSR5,CoRE,sql,Zn,2,FSR,3.58882,4.88297,22.40264947838947,0.35081418695029737,0.000202526,2.36671e-06,9.04027e-06,9.42351e-08,,,,,,,True,,탐침 규약값(PLD 3.589 < 3.64),,,,,
,,2019[Zn][dia]3[FSR]1,2019 Zn dia3 FSR1,CoRE,dia,Zn,3,FSR,3.60747,4.64754,21.91876696393951,0.9968073898037909,3.39171e-05,1.44762e-06,1.5474e-06,2.42952e-08,,,,,,,True,,탐침 규약값(PLD 3.607 < 3.64),,,,,
,,2019[Zn][dia]3[ASR]1,2019 Zn dia3 ASR1,CoRE,dia,Zn,3,ASR,3.60747,4.64754,21.54109923922893,0.46938512955354283,3.30434e-05,6.35674e-07,1.53397e-06,1.56983e-08,,,,,,,True,,탐침 규약값(PLD 3.607 < 3.64),,,,,
,,2017[Cd][pcu]3[FSR]2,2017 Cd pcu3 FSR2,CoRE,pcu,Cd,3,FSR,3.5218,4.52663,20.31293846233447,0.5471294922380393,6.67408e-05,1.76306e-06,3.28563e-06,1.72809e-08,,,,,,,True,,탐침 규약값(PLD 3.522 < 3.64),,,,,
,,2017[Cu][sql]2[ASR]4,2017 Cu sql2 ASR4,CoRE,sql,Cu,2,ASR,3.45944,6.17614,15.411845262107475,0.15393336396422114,8.71059e-05,5.832e-07,5.65188e-06,4.18899e-08,,,,,,,True,,탐침 규약값(PLD 3.459 < 3.64),,,,,
,,2017[Cu][sql]2[ASR]6,2017 Cu sql2 ASR6,CoRE,sql,Cu,2,ASR,3.56501,6.19896,14.930208540359445,0.2224725157475335,8.41371e-05,1.17004e-06,5.63536e-06,3.01627e-08,,,,,,,True,,탐침 규약값(PLD 3.565 < 3.64),,,,,
,,e4zif90,ZIF-90 (E-4),앵커,,,,,3.46642,,7.354734740967276,0.06806758189141017,1.20486e-05,7.69979e-08,1.63821e-06,1.09667e-08,,,,,,,,,탐침 규약값(PLD 3.466 < 3.64),,,,,
,,2011[Zn][sod]3[FSR]2,2011 Zn sod3 FSR2,CoRE,sod,Zn,3,FSR,3.40958,11.46282,6.913684860830509,0.07955073907332454,1.65627e-05,1.41613e-07,2.39564e-06,1.84464e-08,,,,,,,True,,탐침 규약값(PLD 3.410 < 3.64),,,,,
,,2011[Zn][sod]3[ASR]3,2011 Zn sod3 ASR3,CoRE,sod,Zn,3,ASR,3.40958,11.46282,6.9052816637365755,0.05248530449813449,1.65753e-05,1.00459e-07,2.40038e-06,1.101e-08,,,,,,,True,,탐침 규약값(PLD 3.410 < 3.64),,,,,
,,2015[Zn][sod]3[FSR]1,2015 Zn sod3 FSR1,CoRE,sod,Zn,3,FSR,3.3255,11.38092,6.822922650734683,0.09092958487300222,1.60338e-05,1.91203e-07,2.34999e-06,1.3983e-08,,,,,,,True,,탐침 규약값(PLD 3.325 < 3.64),,,,,
,,2015[Zn][sod]3[ASR]1,2015 Zn sod3 ASR1,CoRE,sod,Zn,3,ASR,3.3255,11.38092,6.8001778438992275,0.059954877431836896,1.59065e-05,1.31604e-07,2.33913e-06,7.12614e-09,,,,,,,True,,탐침 규약값(PLD 3.325 < 3.64),,,,,
,,e4zif8,ZIF-8 (E-4),앵커,,,,,3.28416,,6.407741912094584,0.04581852161179417,1.41399e-05,9.00666e-08,2.20669e-06,7.1698e-09,,,,,,,,,탐침 규약값(PLD 3.284 < 3.64),,,,,
