# vtk DataFile Version 1.0
Cube
ASCII

DATASET POLYDATA
POINTS 5046 float
0.448009 0.693526 6.770036
0.091362 31.747478 6.770036
31.342009 0.693526 6.770036
30.985362 31.747478 6.770036
2.837059 -1.456015 5.562721
2.480412 29.597937 5.562721
33.731059 -1.456015 5.562721
33.374412 29.597937 5.562721
4.265272 2.945505 13.846380
-3.730854 0.602182 14.751003
27.163146 0.602182 14.751003
4.705567 3.247862 10.757806
4.977568 2.359970 10.813708
4.713636 3.896490 9.503304
4.954493 3.439258 8.728900
4.349543 5.249458 9.460556
4.327586 5.684966 8.638471
3.997976 5.232639 11.788701
3.754817 5.693936 12.559817
4.029571 5.937113 10.576948
3.821959 -2.945858 10.599966
3.465311 28.108094 10.599966
4.248699 -2.175466 11.578247
3.892051 28.878487 11.578247
4.747604 -2.551411 12.267155
4.390956 28.502541 12.267155
3.966495 -0.780538 11.604554
3.609847 30.273414 11.604554
3.188451 -0.266256 10.629561
2.831804 30.787696 10.629561
2.956211 0.633879 10.655868
2.599564 31.687831 10.655868
3.011922 -2.433444 9.588801
2.655275 28.620508 9.588801
2.547305 7.358262 8.931133
2.725608 -1.064267 9.575648
2.368961 29.989685 9.575648
1.990378 -0.427710 8.426373
1.633730 30.626242 8.426373
32.884378 -0.427710 8.426373
32.527730 30.626242 8.426373
3.031119 9.570465 2.548464
-5.201531 -0.024221 35.431870
33.925119 9.570465 2.548464
25.692469 -0.024221 35.431870
2.235251 -0.633159 2.624096
-5.997400 -10.227844 35.507502
1.878603 30.420793 2.624096
-6.354047 20.826108 35.507502
33.129251 -0.633159 2.624096
24.896600 -10.227844 35.507502
32.772603 30.420793 2.624096
24.539953 20.826108 35.507502
3.681796 9.844628 1.282453
-4.550855 0.249943 34.165859
34.575796 9.844628 1.282453
26.343145 0.249943 34.165859
3.352951 -0.099033 0.577104
-4.879699 -9.693718 33.460510
2.996304 30.954919 0.577104
-5.236347 21.360234 33.460510
34.246951 -0.099033 0.577104
26.014301 -9.693718 33.460510
33.890304 30.954919 0.577104
25.657653 21.360234 33.460510
4.995716 9.466756 1.190379
-3.236935 -0.127929 34.073785
5.417826 9.490130 0.361717
-2.814825 -0.104555 33.245123
4.930765 8.836534 3.492218
-3.301885 -0.758151 36.375624
5.363451 8.474144 4.230450
-2.869200 -1.120541 37.113856
5.682566 9.064469 2.264022
-2.550084 -0.530216 35.147428
7.125926 8.734464 2.227851
-1.106725 -0.860221 35.111257
7.674328 7.976597 1.164073
-0.558322 -1.618089 34.047479
7.140584 7.656379 0.473521
-1.092066 -1.938307 33.356927
7.958799 9.138140 3.306426
-0.273852 -0.456545 36.189832
7.699385 -0.773566 4.034794
-0.533265 -10.368252 36.918200
7.342737 30.280386 4.034794
-0.889913 20.685701 36.918200
9.067551 7.726220 1.192023
0.834901 -1.868465 34.075429
9.304486 8.894177 3.298206
1.071835 -0.700508 36.181612
-0.424838 8.118989 2.268955
-8.657489 -1.475696 35.152361
30.469162 8.118989 2.268955
22.236511 -1.475696 35.152361
0.470945 7.870355 2.305127
-7.761706 -1.724330 35.188533
31.364945 7.870355 2.305127
23.132294 -1.724330 35.188533
9.660892 6.900943 0.100294
1.428242 -2.693742 32.983700
-0.033992 -1.013575 4.445836
-8.266642 -10.608260 37.329242
-0.390639 30.040377 4.445836
-8.623290 20.445692 37.329242
30.860008 -1.013575 4.445836
22.627358 -10.608260 37.329242
30.503361 30.040377 4.445836
22.270710 20.445692 37.329242
4.575945 0.103919 12.681486
4.219298 31.157871 12.681486
-1.063513 0.238752 13.187890
-1.420161 31.292704 13.187890
29.830487 0.238752 13.187890
29.473839 31.292704 13.187890
-1.225185 1.125814 12.960994
29.668815 1.125814 12.960994
0.060982 -0.407283 12.620651
-0.295666 30.646669 12.620651
30.954982 -0.407283 12.620651
30.598334 30.646669 12.620651
0.673167 0.054701 12.094517
0.316520 31.108653 12.094517
31.567167 0.054701 12.094517
31.210520 31.108653 12.094517
-1.745047 -1.688763 14.195766
-2.101695 29.365189 14.195766
29.148953 -1.688763 14.195766
28.792305 29.365189 14.195766
-2.353655 -2.142239 14.731766
-2.710302 28.911713 14.731766
28.540345 -2.142239 14.731766
28.183698 28.911713 14.731766
0.209873 -1.770634 12.887007
-0.146774 29.283318 12.887007
31.103873 -1.770634 12.887007
30.747226 29.283318 12.887007
0.960350 -2.215430 12.563105
0.603702 28.838522 12.563105
31.854350 -2.215430 12.563105
31.497702 28.838522 12.563105
-0.719823 -2.473884 13.612086
-1.076471 28.580068 13.612086
30.174177 -2.473884 13.612086
29.817529 28.580068 13.612086
-0.666018 -3.908231 13.919546
-1.022666 27.145721 13.919546
30.227982 -3.908231 13.919546
29.871334 27.145721 13.919546
-1.976905 5.651235 13.965583
28.917095 5.651235 13.965583
-2.792278 6.095535 13.908037
28.101722 6.095535 13.908037
0.382838 5.786028 14.042859
31.276838 5.786028 14.042859
1.293105 -4.078575 14.006687
0.936458 26.975377 14.006687
-2.004492 4.308767 14.082319
28.889508 4.308767 14.082319
0.455756 4.408288 14.223717
31.349756 4.408288 14.223717
-0.673835 3.704978 14.271398
30.220165 3.704978 14.271398
-0.620388 2.791004 14.430883
30.273612 2.791004 14.430883
1.835800 3.731058 14.302637
-3.163685 3.517978 14.039570
27.730315 3.517978 14.039570
8.369077 4.932442 6.839748
7.935865 5.754614 6.874276
0.052208 3.682351 7.079797
30.946208 3.682351 7.079797
0.958749 3.634250 7.283674
31.852749 3.634250 7.283674
-0.511400 4.824756 7.130767
30.382600 4.824756 7.130767
-0.018258 5.581887 7.352730
30.875742 5.581887 7.352730
8.422417 2.609314 6.422129
8.065770 33.663266 6.422129
7.999715 1.838905 6.117958
7.643068 32.892857 6.117958
7.669665 3.766488 6.507626
6.226708 3.809669 6.157418
5.542071 5.055035 6.071921
6.035388 5.840143 6.137688
5.471096 2.633812 6.047258
5.114448 33.687764 6.047258
5.896452 1.808912 6.096583
5.539805 32.862864 6.096583
4.068099 2.685396 5.859823
3.711452 33.739349 5.859823
4.216891 5.141157 5.900927
3.449845 3.937025 5.731578
2.541793 3.988458 5.537566
33.435793 3.988458 5.537566
3.536680 6.498216 5.833516
3.268792 1.409634 5.861467
2.912145 32.463587 5.861467
-1.463362 -0.902231 8.520090
-1.820010 30.151721 8.520090
29.430638 -0.902231 8.520090
29.073990 30.151721 8.520090
-0.798552 -1.540405 8.631894
-1.155199 29.513547 8.631894
30.095448 -1.540405 8.631894
29.738801 29.513547 8.631894
6.643534 -0.037351 8.926201
6.286887 31.016602 8.926201
6.697783 0.309616 8.035060
6.341135 31.363569 8.035060
6.893492 0.638550 9.554274
6.536845 31.692502 9.554274
5.737715 -0.318961 9.103771
5.381067 30.734991 9.103771
7.310645 -2.283583 9.848580
6.953997 28.770369 9.848580
7.305357 7.271958 9.319157
6.420781 -2.264505 10.205365
6.064134 28.789447 10.205365
-2.353760 -2.291301 10.570371
-2.710408 28.762651 10.570371
28.540240 -2.291301 10.570371
28.183592 28.762651 10.570371
5.259844 -1.604027 16.033949
4.903196 29.449925 16.033949
4.488936 -1.219808 15.682096
4.132288 29.834144 15.682096
0.311850 1.256035 0.378159
-7.920800 -8.338650 33.261565
-0.044798 32.309987 0.378159
-8.277448 22.715302 33.261565
31.205850 1.256035 0.378159
22.973200 -8.338650 33.261565
30.849202 32.309987 0.378159
22.616552 22.715302 33.261565
-3.395244 -3.794870 15.989556
-3.751892 27.259082 15.989556
27.498756 -3.794870 15.989556
27.142108 27.259082 15.989556
0.200712 0.469069 0.928956
-8.031939 -9.125616 33.812362
-0.155936 31.523021 0.928956
-8.388586 21.928336 33.812362
31.094712 0.469069 0.928956
22.862061 -9.125616 33.812362
30.738064 31.523021 0.928956
22.505414 21.928336 33.812362
0.876197 1.880941 0.836883
-7.356454 -7.713744 33.720289
0.519549 32.934893 0.836883
-7.713101 23.340208 33.720289
31.770197 1.880941 0.836883
23.537546 -7.713744 33.720289
31.413549 32.934893 0.836883
23.180899 23.340208 33.720289
4.052144 -3.702373 16.343053
3.695496 27.351579 16.343053
7.390668 1.610333 0.143043
-0.841982 -7.984352 33.026449
7.034021 32.664285 0.143043
-1.198630 23.069600 33.026449
8.203586 0.305934 0.452147
-0.029064 -9.288751 33.335553
7.846939 31.359886 0.452147
-0.385712 21.765201 33.335553
4.001471 -3.950177 15.425606
3.644823 27.103775 15.425606
4.303477 3.905547 11.898860
3.678442 9.126672 3.572782
-4.554209 -0.468013 36.456188
-1.938940 -0.391033 14.069165
-2.295588 30.662919 14.069165
28.955060 -0.391033 14.069165
28.598412 30.662919 14.069165
-0.590225 2.523087 6.746031
-0.946872 33.577039 6.746031
30.303775 2.523087 6.746031
29.947128 33.577039 6.746031
7.521531 -1.166278 9.056090
7.164883 29.887674 9.056090
9.306194 1.858311 0.123313
1.073544 -7.736374 33.006719
8.949547 32.912263 0.123313
0.716897 23.317578 33.006719
1.714121 -1.140386 7.392190
1.357474 29.913566 7.392190
32.608121 -1.140386 7.392190
32.251474 29.913566 7.392190
1.575598 0.754256 8.554618
1.218950 31.808208 8.554618
32.469598 0.754256 8.554618
32.112950 31.808208 8.554618
1.017544 8.933181 4.498450
-7.215106 -0.661504 37.381856
31.911544 8.933181 4.498450
23.678894 -0.661504 37.381856
-0.554842 -0.100810 5.223529
-0.911490 30.953142 5.223529
30.339158 -0.100810 5.223529
29.982510 30.953142 5.223529
3.878149 0.304994 5.989712
3.521502 31.358946 5.989712
1.999694 1.545290 5.751308
1.643047 32.599242 5.751308
32.893694 1.545290 5.751308
32.537047 32.599242 5.751308
4.844667 1.779477 15.524256
0.554122 6.528698 0.162773
-7.678528 -3.065987 33.046179
31.448122 6.528698 0.162773
23.215472 -3.065987 33.046179
2.289765 6.543466 5.550719
33.183765 6.543466 5.550719
4.171251 7.465831 6.093295
4.076420 1.241778 12.804798
5.511893 -0.394879 13.362172
5.155245 30.659073 13.362172
5.950229 4.088635 14.187545
-3.072538 2.264719 13.737043
27.821462 2.264719 13.737043
1.868239 2.496754 14.194122
2.838314 4.391900 14.343742
-1.197058 0.099992 7.944631
-1.553706 31.153944 7.944631
29.696942 0.099992 7.944631
29.340294 31.153944 7.944631
-4.029642 -0.986685 16.029016
-4.386290 30.067267 16.029016
26.864358 -0.986685 16.029016
26.507710 30.067267 16.029016
-3.668316 -4.103816 23.211739
-4.024963 26.950136 23.211739
27.225684 -4.103816 23.211739
26.869037 26.950136 23.211739
-1.279266 -6.253357 22.004424
-1.635914 24.800595 22.004424
29.614734 -6.253357 22.004424
29.258086 24.800595 22.004424
8.381597 7.742847 -2.595323
0.148946 -1.851838 30.288083
0.385471 5.399525 -1.690700
-7.847179 -4.195160 31.192706
31.279471 5.399525 -1.690700
23.046821 -4.195160 31.192706
0.589242 -1.549481 27.199509
0.861242 -2.437373 27.255411
0.597310 -0.900853 25.945007
0.838168 -1.358085 25.170603
0.233217 0.452116 25.902259
0.211261 0.887623 25.080174
8.114301 10.029982 -4.653002
-0.118349 0.435297 28.230404
7.871142 10.491279 -3.881886
-0.361508 0.896594 29.001520
-0.086754 1.139770 27.018650
-0.294366 -7.743201 27.041669
-0.651014 23.310752 27.041669
8.365024 2.621877 -4.863456
0.132374 -6.972808 28.019950
8.008377 33.675829 -4.863456
-0.224274 24.081144 28.019950
8.863929 2.245931 -4.174548
0.631279 -7.348754 28.708858
8.507282 33.299883 -4.174548
0.274631 23.705198 28.708858
8.082820 4.016805 -4.837149
-0.149831 -5.577880 28.046257
7.726172 35.070757 -4.837149
-0.506478 25.476072 28.046257
-0.927874 -5.063599 27.071264
-1.284521 25.990353 27.071264
-1.160114 -4.163464 27.097571
-1.516762 26.890488 27.097571
-1.104403 -7.230786 26.030504
-1.461050 23.823166 26.030504
-1.569021 2.560919 25.372836
-1.390717 -5.861610 26.017351
-1.747365 25.192342 26.017351
-2.125947 -5.225052 24.868076
-2.482595 25.828900 24.868076
28.768053 -5.225052 24.868076
28.411405 25.828900 24.868076
-1.085206 4.773122 18.990167
29.808794 4.773122 18.990167
-1.881074 -5.430502 19.065799
-2.237722 25.623451 19.065799
29.012926 -5.430502 19.065799
28.656278 25.623451 19.065799
-0.434530 5.047285 17.724156
30.459470 5.047285 17.724156
-0.763374 -4.896375 17.018807
-1.120022 26.157577 17.018807
30.130626 -4.896375 17.018807
29.773978 26.157577 17.018807
0.879390 4.669414 17.632082
1.301500 4.692787 16.803420
0.814440 4.039191 19.933921
1.247125 3.676802 20.672153
1.566241 4.267126 18.705725
3.009601 3.937122 18.669554
3.558003 3.179254 17.605776
3.024259 2.859036 16.915224
3.842473 4.340798 19.748129
3.583060 -5.570909 20.476497
3.226412 25.483043 20.476497
4.951226 2.928878 17.633726
5.188161 4.096835 19.739909
-4.541164 3.321647 18.710658
26.352836 3.321647 18.710658
-3.645380 3.073012 18.746830
27.248620 3.073012 18.746830
5.544567 2.103601 16.541997
-4.150317 -5.810918 20.887539
-4.506965 25.243034 20.887539
26.743683 -5.810918 20.887539
26.387035 25.243034 20.887539
8.692270 4.901261 -3.760217
0.459620 -4.693424 29.123188
8.335623 35.955213 -3.760217
0.102973 26.360528 29.123188
3.052812 5.036094 -3.253813
-5.179838 -4.558591 29.629593
2.696165 36.090046 -3.253813
-5.536486 26.495361 29.629593
33.946812 5.036094 -3.253813
25.714162 -4.558591 29.629593
33.590165 36.090046 -3.253813
25.357514 26.495361 29.629593
2.891141 5.923157 -3.480709
-5.341510 -3.671528 29.402697
33.785141 5.923157 -3.480709
25.552490 -3.671528 29.402697
4.177307 4.390059 -3.821052
-4.055344 -5.204626 29.062354
3.820659 35.444011 -3.821052
-4.411991 25.849326 29.062354
35.071307 4.390059 -3.821052
26.838656 -5.204626 29.062354
34.714659 35.444011 -3.821052
26.482009 25.849326 29.062354
4.789492 4.852043 -4.347186
-3.443158 -4.742642 28.536220
4.432845 35.905995 -4.347186
-3.799805 26.311310 28.536220
35.683492 4.852043 -4.347186
27.450842 -4.742642 28.536220
35.326845 35.905995 -4.347186
27.094195 26.311310 28.536220
2.371278 3.108579 -2.245937
-5.861372 -6.486106 30.637469
2.014631 34.162531 -2.245937
-6.218020 24.567846 30.637469
33.265278 3.108579 -2.245937
25.032628 -6.486106 30.637469
32.908631 34.162531 -2.245937
24.675980 24.567846 30.637469
1.762671 2.655103 -1.709937
-6.469980 -6.939582 31.173469
1.406023 33.709055 -1.709937
-6.826627 24.114370 31.173469
32.656671 2.655103 -1.709937
24.424020 -6.939582 31.173469
32.300023 33.709055 -1.709937
24.067373 24.114370 31.173469
4.326198 3.026709 -3.554696
-3.906452 -6.567976 29.328710
3.969551 34.080661 -3.554696
-4.263099 24.485976 29.328710
35.220198 3.026709 -3.554696
26.987548 -6.567976 29.328710
34.863551 34.080661 -3.554696
26.630901 24.485976 29.328710
5.076675 2.581913 -3.878598
-3.155975 -7.012772 29.004808
4.720028 33.635865 -3.878598
-3.512623 24.041180 29.004808
35.970675 2.581913 -3.878598
27.738025 -7.012772 29.004808
35.614028 33.635865 -3.878598
27.381377 24.041180 29.004808
3.396502 2.323458 -2.829617
-4.836149 -7.271227 30.053789
3.039854 33.377410 -2.829617
-5.192796 23.782725 30.053789
34.290502 2.323458 -2.829617
26.057851 -7.271227 30.053789
33.933854 33.377410 -2.829617
25.701204 23.782725 30.053789
3.450307 0.889112 -2.522157
-4.782343 -8.705573 30.361249
3.093659 31.943064 -2.522157
-5.138991 22.348379 30.361249
34.344307 0.889112 -2.522157
26.111657 -8.705573 30.361249
33.987659 31.943064 -2.522157
25.755009 22.348379 30.361249
2.139420 10.448578 -2.476120
-6.093231 0.853893 30.407285
33.033420 10.448578 -2.476120
24.800769 0.853893 30.407285
1.324047 10.892878 -2.533666
-6.908603 1.298193 30.349740
32.218047 10.892878 -2.533666
23.985397 1.298193 30.349740
4.499164 10.583370 -2.398844
-3.733487 0.988685 30.484561
35.393164 10.583370 -2.398844
27.160513 0.988685 30.484561
5.409430 0.718767 -2.435016
-2.823220 -8.875918 30.448390
5.052783 31.772720 -2.435016
-3.179867 22.178035 30.448390
2.111833 9.106110 -2.359384
-6.120817 -0.488575 30.524022
33.005833 9.106110 -2.359384
24.773183 -0.488575 30.524022
4.572081 9.205631 -2.217986
-3.660569 -0.389054 30.665420
35.466081 9.205631 -2.217986
27.233431 -0.389054 30.665420
3.442490 8.502321 -2.170305
-4.790161 -1.092364 30.713101
34.336490 8.502321 -2.170305
26.103839 -1.092364 30.713101
3.495938 7.588346 -2.010820
-4.736713 -2.006339 30.872586
34.389938 7.588346 -2.010820
26.157287 -2.006339 30.872586
5.952126 8.528400 -2.139066
-2.280525 -1.066285 30.744340
0.952640 8.315321 -2.402133
-7.280010 -1.279364 30.481273
31.846640 8.315321 -2.402133
23.613990 -1.279364 30.481273
4.252752 0.135100 23.281451
3.819540 0.957271 23.315979
-4.064117 -1.114992 23.521500
26.829883 -1.114992 23.521500
-3.157577 -1.163092 23.725377
27.736423 -1.163092 23.725377
-4.627725 0.027414 23.572470
26.266275 0.027414 23.572470
-4.134583 0.784544 23.794433
26.759417 0.784544 23.794433
4.306092 -2.188029 22.863832
3.949445 28.865923 22.863832
3.883390 -2.958437 22.559661
3.526743 28.095515 22.559661
3.553340 -1.030855 22.949329
2.110383 -0.987674 22.599121
1.425746 0.257693 22.513624
1.919063 1.042801 22.579391
1.354771 -2.163530 22.488961
0.998123 28.890422 22.488961
1.780127 -2.988431 22.538286
1.423480 28.065522 22.538286
-0.048226 -2.111946 22.301526
-0.404873 28.942006 22.301526
0.100565 0.343815 22.342630
-0.666480 -0.860317 22.173281
-1.574532 -0.808884 21.979269
29.319468 -0.808884 21.979269
-0.579645 1.700874 22.275219
-0.847533 -3.387708 22.303170
-1.204181 27.666244 22.303170
-5.579688 -5.699574 24.961793
-5.936335 25.354378 24.961793
25.314312 -5.699574 24.961793
24.957665 25.354378 24.961793
-4.914877 -6.337748 25.073597
-5.271525 24.716204 25.073597
25.979123 -6.337748 25.073597
25.622475 24.716204 25.073597
2.527209 -4.834693 25.367904
2.170561 26.219259 25.367904
2.581458 -4.487726 24.476763
2.224810 26.566226 24.476763
2.777167 -4.158792 25.995977
2.420520 26.895160 25.995977
1.621390 -5.116304 25.545474
1.264742 25.937648 25.545474
3.194320 -7.080926 26.290283
2.837672 23.973026 26.290283
3.189032 2.474615 25.760860
2.304456 -7.061847 26.647068
1.947808 23.992105 26.647068
-6.470086 -7.088643 27.012074
-6.826733 23.965309 27.012074
24.423914 -7.088643 27.012074
24.067267 23.965309 27.012074
9.376169 3.193315 -0.407754
1.143518 -6.401370 32.475652
9.019521 34.247267 -0.407754
0.786871 24.652582 32.475652
8.605261 3.577534 -0.759607
0.372610 -6.017151 32.123799
8.248613 34.631486 -0.759607
0.015963 25.036801 32.123799
-3.804475 -3.541308 16.819862
-4.161123 27.512645 16.819862
27.089525 -3.541308 16.819862
26.732877 27.512645 16.819862
0.721081 1.002473 -0.452147
-7.511569 -8.592212 32.431259
0.364433 32.056425 -0.452147
-7.868217 22.461740 32.431259
31.615081 1.002473 -0.452147
23.382431 -8.592212 32.431259
31.258433 32.056425 -0.452147
23.025783 22.461740 32.431259
-3.915613 -4.328273 17.370659
-4.272261 26.725679 17.370659
26.978387 -4.328273 17.370659
26.621739 26.725679 17.370659
-3.240128 -2.916402 17.278586
-3.596776 28.137550 17.278586
27.653872 -2.916402 17.278586
27.297224 28.137550 17.278586
8.168469 1.094970 -0.098650
-0.064181 -8.499715 32.784756
7.811822 32.148922 -0.098650
-0.420829 22.554237 32.784756
3.274343 -3.187009 16.584746
2.917696 27.866943 16.584746
4.087261 -4.491409 16.893850
3.730613 26.562543 16.893850
8.117796 0.847166 -1.016097
-0.114854 -8.747519 31.867309
7.761148 31.901118 -1.016097
-0.471502 22.306433 31.867309
8.419802 8.702890 -4.542843
0.187152 -0.891795 28.340563
-0.437884 4.329329 20.014485
2.177385 4.406309 -2.372538
-6.055266 -5.188376 30.510868
1.820737 35.460261 -2.372538
-6.411913 25.865576 30.510868
33.071385 4.406309 -2.372538
24.838734 -5.188376 30.510868
32.714737 35.460261 -2.372538
24.482087 25.865576 30.510868
-4.706550 -2.274256 23.187734
-5.063197 28.779697 23.187734
26.187450 -2.274256 23.187734
25.830803 28.779697 23.187734
3.405206 -5.963621 25.497793
3.048558 25.090331 25.497793
5.189869 -2.939032 16.565016
4.833222 28.114921 16.565016
-2.402204 -5.937728 23.833893
-2.758851 25.116224 23.833893
28.491796 -5.937728 23.833893
28.135149 25.116224 23.833893
-2.540728 -4.043086 24.996321
-2.897375 27.010866 24.996321
28.353272 -4.043086 24.996321
27.996625 27.010866 24.996321
-3.098781 4.135838 20.940153
27.795219 4.135838 20.940153
-4.671167 -4.898152 21.665232
-5.027815 26.155800 21.665232
26.222833 -4.898152 21.665232
25.866185 26.155800 21.665232
-0.238176 -4.492348 22.431415
-0.594823 26.561604 22.431415
-2.116631 -3.252053 22.193011
-2.473279 27.801899 22.193011
28.777369 -3.252053 22.193011
28.420721 27.801899 22.193011
8.960992 6.576820 -0.917447
0.728342 -3.017865 31.965959
-3.562203 1.731356 16.604476
27.331797 1.731356 16.604476
-1.826560 1.746124 21.992422
29.067440 1.746124 21.992422
0.054926 2.668489 22.534998
8.192745 6.039121 -3.636905
-0.039905 -3.555564 29.246501
9.628218 4.402463 -3.079531
1.395568 -5.192222 29.803875
9.271570 35.456415 -3.079531
1.038920 25.861730 29.803875
10.066555 8.885978 -2.254157
1.833904 -0.708707 30.629248
1.043787 7.062061 -2.704660
-7.188863 -2.532624 30.178746
31.937787 7.062061 -2.704660
23.705137 -2.532624 30.178746
5.984564 7.294097 -2.247581
-2.248086 -2.300588 30.635825
6.954639 9.189242 -2.097961
-1.278011 -0.405443 30.785445
-5.313384 -4.697351 24.386334
-5.670031 26.356601 24.386334
25.580616 -4.697351 24.386334
25.223969 26.356601 24.386334
0.086683 3.810658 -0.412687
-8.145967 -5.784027 32.470719
-0.269964 34.864610 -0.412687
-8.502615 25.269925 32.470719
30.980683 3.810658 -0.412687
22.748033 -5.784027 32.470719
30.624036 34.864610 -0.412687
22.391385 25.269925 32.470719
0.329127 11.044844 6.770036
31.223127 11.044844 6.770036
2.718177 8.895303 5.562721
33.612177 8.895303 5.562721
4.146389 13.296822 13.846380
-3.849736 10.953499 14.751003
27.044264 10.953499 14.751003
4.586684 13.599179 10.757806
4.858685 12.711287 10.813708
4.594753 14.247807 9.503304
4.835611 13.790575 8.728900
4.230660 15.600776 9.460556
4.208703 16.036283 8.638471
3.879094 15.583956 11.788701
3.635934 16.045253 12.559817
3.910689 16.288430 10.576948
3.703077 7.405459 10.599966
4.129816 8.175852 11.578247
4.628721 7.799906 12.267155
3.847612 9.570780 11.604554
3.069569 10.085061 10.629561
2.837329 10.985196 10.655868
2.893040 7.917874 9.588801
2.428422 17.709579 8.931133
2.606726 9.287050 9.575648
1.871495 9.923608 8.426373
32.765495 9.923608 8.426373
2.912237 19.921782 2.548464
-5.320413 10.327097 35.431870
33.806237 19.921782 2.548464
25.573587 10.327097 35.431870
2.116368 9.718158 2.624096
-6.116282 0.123473 35.507502
33.010368 9.718158 2.624096
24.777718 0.123473 35.507502
3.562913 20.195945 1.282453
-4.669737 10.601260 34.165859
34.456913 20.195945 1.282453
26.224263 10.601260 34.165859
3.234069 10.252284 0.577104
-4.998582 0.657599 33.460510
34.128069 10.252284 0.577104
25.895418 0.657599 33.460510
4.876833 19.818074 1.190379
-3.355817 10.223389 34.073785
5.298943 19.841447 0.361717
-2.933707 10.246762 33.245123
4.811883 19.187851 3.492218
-3.420768 9.593166 36.375624
5.244568 18.825462 4.230450
-2.988082 9.230777 37.113856
5.563684 19.415786 2.264022
-2.668966 9.821101 35.147428
7.007043 19.085782 2.227851
-1.225607 9.491097 35.111257
7.555446 18.327914 1.164073
-0.677205 8.733229 34.047479
7.021702 18.007696 0.473521
-1.210949 8.413011 33.356927
7.839916 19.489458 3.306426
-0.392734 9.894772 36.189832
7.580502 9.577751 4.034794
-0.652148 -0.016934 36.918200
8.948669 18.077538 1.192023
0.716018 8.482853 34.075429
9.185603 19.245495 3.298206
0.952953 9.650810 36.181612
-0.543721 18.470307 2.268955
-8.776371 8.875622 35.152361
30.350279 18.470307 2.268955
22.117629 8.875622 35.152361
0.352062 18.221672 2.305127
-7.880588 8.626987 35.188533
31.246062 18.221672 2.305127
23.013412 8.626987 35.188533
9.542009 17.252261 0.100294
1.309359 7.657575 32.983700
-0.152874 9.337742 4.445836
-8.385525 -0.256943 37.329242
30.741126 9.337742 4.445836
22.508475 -0.256943 37.329242
4.457063 10.455236 12.681486
-1.182396 10.590069 13.187890
29.711604 10.590069 13.187890
-1.344067 11.477132 12.960994
29.549933 11.477132 12.960994
-0.057901 9.944034 12.620651
30.836099 9.944034 12.620651
0.554285 10.406018 12.094517
31.448285 10.406018 12.094517
-1.863930 8.662554 14.195766
29.030070 8.662554 14.195766
-2.472537 8.209078 14.731766
28.421463 8.209078 14.731766
0.090991 8.580683 12.887007
30.984991 8.580683 12.887007
0.841467 8.135887 12.563105
31.735467 8.135887 12.563105
-0.838706 7.877433 13.612086
30.055294 7.877433 13.612086
-0.784901 6.443087 13.919546
30.109099 6.443087 13.919546
-2.095788 16.002552 13.965583
28.798212 16.002552 13.965583
-2.911160 16.446853 13.908037
27.982840 16.446853 13.908037
0.263956 16.137345 14.042859
31.157956 16.137345 14.042859
1.174223 6.272742 14.006687
-2.123375 14.660085 14.082319
28.770625 14.660085 14.082319
0.336873 14.759606 14.223717
31.230873 14.759606 14.223717
-0.792718 14.056296 14.271398
30.101282 14.056296 14.271398
-0.739270 13.142321 14.430883
30.154730 13.142321 14.430883
1.716918 14.082375 14.302637
-3.282568 13.869296 14.039570
27.611432 13.869296 14.039570
8.250195 15.283760 6.839748
7.816983 16.105931 6.874276
-0.066675 14.033668 7.079797
30.827325 14.033668 7.079797
0.839866 13.985568 7.283674
31.733866 13.985568 7.283674
-0.630282 15.176074 7.130767
30.263718 15.176074 7.130767
-0.137140 15.933204 7.352730
30.756860 15.933204 7.352730
8.303535 12.960631 6.422129
7.880833 12.190222 6.117958
7.550783 14.117805 6.507626
6.107826 14.160986 6.157418
5.423189 15.406353 6.071921
5.916506 16.191461 6.137688
5.352214 12.985130 6.047258
5.777570 12.160229 6.096583
3.949217 13.036714 5.859823
4.098008 15.492475 5.900927
3.330963 14.288343 5.731578
2.422911 14.339776 5.537566
33.316911 14.339776 5.537566
3.417798 16.849534 5.833516
3.149910 11.760952 5.861467
-1.582245 9.449086 8.520090
29.311755 9.449086 8.520090
-0.917434 8.810912 8.631894
29.976566 8.810912 8.631894
6.524652 10.313967 8.926201
6.578900 10.660934 8.035060
6.774610 10.989868 9.554274
5.618832 10.032356 9.103771
7.191762 8.067734 9.848580
7.186475 17.623275 9.319157
6.301899 8.086813 10.205365
-2.472643 8.060017 10.570371
28.421357 8.060017 10.570371
5.140961 8.747290 16.033949
4.370053 9.131509 15.682096
0.192968 11.607352 0.378159
-8.039683 2.012667 33.261565
31.086968 11.607352 0.378159
22.854317 2.012667 33.261565
-3.514127 6.556448 15.989556
27.379873 6.556448 15.989556
0.081829 10.820387 0.928956
-8.150821 1.225702 33.812362
30.975829 10.820387 0.928956
22.743179 1.225702 33.812362
0.757314 12.232258 0.836883
-7.475336 2.637573 33.720289
31.651314 12.232258 0.836883
23.418664 2.637573 33.720289
3.933261 6.648945 16.343053
7.271786 11.961651 0.143043
-0.960865 2.366966 33.026449
8.084704 10.657251 0.452147
-0.147947 1.062566 33.335553
3.882588 6.401141 15.425606
4.184595 14.256864 11.898860
3.559559 19.477989 3.572782
-4.673091 9.883304 36.456188
-2.057823 9.960284 14.069165
28.836177 9.960284 14.069165
-0.709107 12.874404 6.746031
30.184893 12.874404 6.746031
7.402649 9.185039 9.056090
9.187312 12.209628 0.123313
0.954662 2.614943 33.006719
1.595239 9.210932 7.392190
32.489239 9.210932 7.392190
1.456715 11.105574 8.554618
32.350715 11.105574 8.554618
0.898662 19.284498 4.498450
-7.333989 9.689813 37.381856
31.792662 19.284498 4.498450
23.560011 9.689813 37.381856
-0.673725 10.250508 5.223529
30.220275 10.250508 5.223529
3.759267 10.656312 5.989712
1.880812 11.896607 5.751308
32.774812 11.896607 5.751308
4.725785 12.130794 15.524256
0.435240 16.880016 0.162773
-7.797411 7.285331 33.046179
31.329240 16.880016 0.162773
23.096589 7.285331 33.046179
2.170883 16.894783 5.550719
33.064883 16.894783 5.550719
4.052368 17.817149 6.093295
3.957537 11.593096 12.804798
5.393010 9.956438 13.362172
5.831347 14.439953 14.187545
-3.191420 12.616036 13.737043
27.702580 12.616036 13.737043
1.749357 12.848071 14.194122
2.719432 14.743217 14.343742
-1.315941 10.451309 7.944631
29.578059 10.451309 7.944631
-4.148525 9.364633 16.029016
26.745475 9.364633 16.029016
-3.787198 6.247501 23.211739
27.106802 6.247501 23.211739
-1.398149 4.097960 22.004424
29.495851 4.097960 22.004424
8.262714 18.094164 -2.595323
0.030064 8.499479 30.288083
0.266589 15.750842 -1.690700
-7.966062 6.156157 31.192706
31.160589 15.750842 -1.690700
22.927938 6.156157 31.192706
0.470359 8.801836 27.199509
0.742360 7.913945 27.255411
0.478428 9.450465 25.945007
0.719285 8.993233 25.170603
0.114335 10.803433 25.902259
0.092378 11.238940 25.080174
7.995419 20.381299 -4.653002
-0.237232 10.786614 28.230404
7.752259 20.842596 -3.881886
-0.480391 11.247911 29.001520
-0.205637 11.491088 27.018650
-0.413249 2.608117 27.041669
8.246142 12.973194 -4.863456
0.013491 3.378509 28.019950
8.745047 12.597248 -4.174548
0.512396 3.002563 28.708858
7.963937 14.368122 -4.837149
-0.268713 4.773437 28.046257
-1.046756 5.287719 27.071264
-1.278997 6.187854 27.097571
-1.223285 3.120531 26.030504
-1.687903 12.912236 25.372836
-1.509600 4.489708 26.017351
-2.244830 5.126265 24.868076
28.649170 5.126265 24.868076
-1.204088 15.124439 18.990167
29.689912 15.124439 18.990167
-1.999957 4.920816 19.065799
28.894043 4.920816 19.065799
-0.553412 15.398603 17.724156
30.340588 15.398603 17.724156
-0.882257 5.454942 17.018807
30.011743 5.454942 17.018807
0.760508 15.020731 17.632082
1.182618 15.044104 16.803420
0.695557 14.390509 19.933921
1.128243 14.028119 20.672153
1.447359 14.618443 18.705725
2.890718 14.288439 18.669554
3.439121 13.530571 17.605776
2.905376 13.210353 16.915224
3.723591 14.692115 19.748129
3.464177 4.780408 20.476497
4.832343 13.280195 17.633726
5.069278 14.448152 19.739909
-4.660046 13.672964 18.710658
26.233954 13.672964 18.710658
-3.764263 13.424330 18.746830
27.129737 13.424330 18.746830
5.425684 12.454918 16.541997
-4.269200 4.540400 20.887539
26.624800 4.540400 20.887539
8.573388 15.252579 -3.760217
0.340738 5.657894 29.123188
2.933930 15.387412 -3.253813
-5.298721 5.792726 29.629593
33.827930 15.387412 -3.253813
25.595279 5.792726 29.629593
2.772258 16.274474 -3.480709
-5.460392 6.679789 29.402697
33.666258 16.274474 -3.480709
25.433608 6.679789 29.402697
4.058424 14.741377 -3.821052
-4.174226 5.146692 29.062354
34.952424 14.741377 -3.821052
26.719774 5.146692 29.062354
4.670610 15.203361 -4.347186
-3.562040 5.608676 28.536220
35.564610 15.203361 -4.347186
27.331960 5.608676 28.536220
2.252396 13.459897 -2.245937
-5.980255 3.865212 30.637469
33.146396 13.459897 -2.245937
24.913745 3.865212 30.637469
1.643788 13.006420 -1.709937
-6.588862 3.411735 31.173469
32.537788 13.006420 -1.709937
24.305138 3.411735 31.173469
4.207316 13.378026 -3.554696
-4.025334 3.783341 29.328710
35.101316 13.378026 -3.554696
26.868666 3.783341 29.328710
4.957793 12.933230 -3.878598
-3.274858 3.338545 29.004808
35.851793 12.933230 -3.878598
27.619142 3.338545 29.004808
3.277619 12.674776 -2.829617
-4.955031 3.080091 30.053789
34.171619 12.674776 -2.829617
25.938969 3.080091 30.053789
3.331425 11.240429 -2.522157
-4.901226 1.645744 30.361249
34.225425 11.240429 -2.522157
25.992774 1.645744 30.361249
2.020537 20.799895 -2.476120
-6.212113 11.205210 30.407285
32.914537 20.799895 -2.476120
24.681887 11.205210 30.407285
1.205165 21.244195 -2.533666
-7.027486 11.649510 30.349740
32.099165 21.244195 -2.533666
23.866514 11.649510 30.349740
4.380281 20.934687 -2.398844
-3.852369 11.340002 30.484561
35.274281 20.934687 -2.398844
27.041631 11.340002 30.484561
5.290548 11.070085 -2.435016
-2.942102 1.475400 30.448390
1.992951 19.457427 -2.359384
-6.239700 9.862742 30.524022
32.886951 19.457427 -2.359384
24.654300 9.862742 30.524022
4.453198 19.556948 -2.217986
-3.779452 9.962263 30.665420
35.347198 19.556948 -2.217986
27.114548 9.962263 30.665420
3.323607 18.853638 -2.170305
-4.909043 9.258953 30.713101
34.217607 18.853638 -2.170305
25.984957 9.258953 30.713101
3.377055 17.939663 -2.010820
-4.855595 8.344978 30.872586
34.271055 17.939663 -2.010820
26.038405 8.344978 30.872586
5.833243 18.879718 -2.139066
-2.399407 9.285033 30.744340
0.833757 18.666638 -2.402133
-7.398893 9.071953 30.481273
31.727757 18.666638 -2.402133
23.495107 9.071953 30.481273
4.133870 10.486417 23.281451
3.700658 11.308589 23.315979
-4.183000 9.236326 23.521500
26.711000 9.236326 23.521500
-3.276459 9.188225 23.725377
27.617541 9.188225 23.725377
-4.746607 10.378731 23.572470
26.147393 10.378731 23.572470
-4.253465 11.135862 23.794433
26.640535 11.135862 23.794433
4.187210 8.163288 22.863832
3.764508 7.392880 22.559661
3.434458 9.320463 22.949329
1.991501 9.363644 22.599121
1.306864 10.609010 22.513624
1.800180 11.394118 22.579391
1.235888 8.187787 22.488961
1.661245 7.362887 22.538286
-0.167108 8.239371 22.301526
-0.018317 10.695132 22.342630
-0.785362 9.491000 22.173281
-1.693414 9.542433 21.979269
29.200586 9.542433 21.979269
-0.698527 12.052191 22.275219
-0.966416 6.963609 22.303170
-5.698570 4.651744 24.961793
25.195430 4.651744 24.961793
-5.033760 4.013570 25.073597
25.860240 4.013570 25.073597
2.408326 5.516624 25.367904
2.462575 5.863591 24.476763
2.658285 6.192525 25.995977
1.502507 5.235014 25.545474
3.075437 3.270392 26.290283
3.070150 12.825933 25.760860
2.185573 3.289470 26.647068
-6.588968 3.262674 27.012074
24.305032 3.262674 27.012074
9.257286 13.544633 -0.407754
1.024636 3.949948 32.475652
8.486378 13.928852 -0.759607
0.253728 4.334167 32.123799
-3.923358 6.810010 16.819862
26.970642 6.810010 16.819862
0.602198 11.353790 -0.452147
-7.630452 1.759105 32.431259
31.496198 11.353790 -0.452147
23.263548 1.759105 32.431259
-4.034496 6.023044 17.370659
26.859504 6.023044 17.370659
-3.359011 7.434916 17.278586
27.534989 7.434916 17.278586
8.049587 11.446287 -0.098650
-0.183064 1.851602 32.784756
3.155461 7.164308 16.584746
3.968378 5.859909 16.893850
7.998913 11.198483 -1.016097
-0.233737 1.603798 31.867309
8.300920 19.054207 -4.542843
0.068269 9.459522 28.340563
-0.556766 14.680646 20.014485
2.058502 14.757627 -2.372538
-6.174148 5.162942 30.510868
32.952502 14.757627 -2.372538
24.719852 5.162942 30.510868
-4.825432 8.077062 23.187734
26.068568 8.077062 23.187734
3.286323 4.387696 25.497793
5.070987 7.412286 16.565016
-2.521086 4.413589 23.833893
28.372914 4.413589 23.833893
-2.659610 6.308231 24.996321
28.234390 6.308231 24.996321
-3.217663 14.487156 20.940153
27.676337 14.487156 20.940153
-4.790050 5.453165 21.665232
26.103950 5.453165 21.665232
-0.357058 5.858969 22.431415
-2.235513 7.099265 22.193011
28.658487 7.099265 22.193011
8.842110 16.928137 -0.917447
0.609459 7.333452 31.965959
-3.681086 12.082673 16.604476
27.212914 12.082673 16.604476
-1.945443 12.097441 21.992422
28.948557 12.097441 21.992422
-0.063957 13.019806 22.534998
8.073863 16.390438 -3.636905
-0.158788 6.795753 29.246501
9.509335 14.753781 -3.079531
1.276685 5.159095 29.803875
9.947672 19.237295 -2.254157
1.715022 9.642610 30.629248
0.924905 17.413379 -2.704660
-7.307745 7.818693 30.178746
31.818905 17.413379 -2.704660
23.586255 7.818693 30.178746
5.865682 17.645414 -2.247581
-2.366968 8.050729 30.635825
6.835757 19.540560 -2.097961
-1.396894 9.945875 30.785445
-5.432266 5.653967 24.386334
25.461734 5.653967 24.386334
-0.032199 14.161975 -0.412687
-8.264850 4.567290 32.470719
30.861801 14.161975 -0.412687
22.629150 4.567290 32.470719
0.210244 21.396161 6.770036
31.104244 21.396161 6.770036
2.599294 19.246620 5.562721
33.493294 19.246620 5.562721
4.384154 -7.405813 13.846380
4.027507 23.648139 13.846380
-3.968619 21.304817 14.751003
26.925381 21.304817 14.751003
4.824449 -7.103456 10.757806
4.467802 23.950496 10.757806
4.739802 23.062604 10.813708
4.832518 -6.454828 9.503304
4.475871 24.599125 9.503304
5.073376 -6.912060 8.728900
4.716728 24.141892 8.728900
4.468425 -5.101859 9.460556
4.111778 25.952093 9.460556
4.446468 -4.666352 8.638471
4.089821 26.387600 8.638471
4.116859 -5.118678 11.788701
3.760211 25.935274 11.788701
3.873699 -4.657381 12.559817
3.517052 26.396571 12.559817
4.148454 -4.414204 10.576948
3.791806 26.639748 10.576948
3.584194 17.756777 10.599966
4.010934 18.527169 11.578247
4.509839 18.151223 12.267155
3.728730 19.922097 11.604554
2.950686 20.436379 10.629561
2.718446 21.336513 10.655868
2.774157 18.269191 9.588801
2.666187 -2.993056 8.931133
2.309540 28.060896 8.931133
2.487843 19.638368 9.575648
1.752613 20.274925 8.426373
32.646613 20.274925 8.426373
3.150002 -0.780853 2.548464
-5.082648 -10.375538 35.431870
2.793354 30.273099 2.548464
-5.439296 20.678414 35.431870
34.044002 -0.780853 2.548464
25.811352 -10.375538 35.431870
33.687354 30.273099 2.548464
25.454704 20.678414 35.431870
1.997486 20.069476 2.624096
-6.235165 10.474791 35.507502
32.891486 20.069476 2.624096
24.658835 10.474791 35.507502
3.800678 -0.506690 1.282453
-4.431972 -10.101375 34.165859
3.444031 30.547262 1.282453
-4.788620 20.952577 34.165859
34.694678 -0.506690 1.282453
26.462028 -10.101375 34.165859
34.338031 30.547262 1.282453
26.105380 20.952577 34.165859
3.115186 20.603602 0.577104
-5.117464 11.008917 33.460510
34.009186 20.603602 0.577104
25.776536 11.008917 33.460510
5.114598 -0.884561 1.190379
-3.118052 -10.479246 34.073785
4.757951 30.169391 1.190379
-3.474700 20.574706 34.073785
5.536708 -0.861188 0.361717
-2.695942 -10.455873 33.245123
5.180061 30.192764 0.361717
-3.052590 20.598079 33.245123
5.049648 -1.514784 3.492218
-3.183003 -11.109469 36.375624
4.693000 29.539168 3.492218
-3.539650 19.944483 36.375624
5.482333 -1.877173 4.230450
-2.750317 -11.471858 37.113856
5.125686 29.176779 4.230450
-3.106965 19.582094 37.113856
5.801449 -1.286849 2.264022
-2.431201 -10.881534 35.147428
5.444801 29.767103 2.264022
-2.787849 20.172418 35.147428
7.244808 -1.616853 2.227851
-0.987842 -11.211538 35.111257
6.888161 29.437099 2.227851
-1.344490 19.842414 35.111257
7.793211 -2.374721 1.164073
-0.439440 -11.969406 34.047479
7.436563 28.679231 1.164073
-0.796087 19.084546 34.047479
7.259467 -2.694939 0.473521
-0.973184 -12.289624 33.356927
6.902819 28.359013 0.473521
-1.329831 18.764328 33.356927
8.077681 -1.213177 3.306426
-0.154969 -10.807862 36.189832
7.721034 29.840775 3.306426
-0.511617 20.246090 36.189832
7.461620 19.929068 4.034794
-0.771030 10.334383 36.918200
9.186434 -2.625097 1.192023
0.953783 -12.219782 34.075429
8.829786 28.428855 1.192023
0.597136 18.834170 34.075429
9.423368 -1.457140 3.298206
1.190718 -11.051825 36.181612
9.066721 29.596812 3.298206
0.834070 20.002127 36.181612
-0.305956 -2.232328 2.268955
-8.538606 -11.827013 35.152361
-0.662603 28.821624 2.268955
-8.895254 19.226939 35.152361
30.588044 -2.232328 2.268955
22.355394 -11.827013 35.152361
30.231397 28.821624 2.268955
21.998746 19.226939 35.152361
0.589827 -2.480963 2.305127
-7.642823 -12.075648 35.188533
0.233180 28.572989 2.305127
-7.999471 18.978304 35.188533
31.483827 -2.480963 2.305127
23.251177 -12.075648 35.188533
31.127180 28.572989 2.305127
22.894529 18.978304 35.188533
9.779774 -3.450374 0.100294
1.547124 -13.045059 32.983700
9.423127 27.603578 0.100294
1.190477 18.008893 32.983700
-0.271757 19.689059 4.445836
-8.504407 10.094374 37.329242
30.622243 19.689059 4.445836
22.389593 10.094374 37.329242
4.338180 20.806554 12.681486
-1.301278 20.941386 13.187890
29.592722 20.941386 13.187890
-1.462950 21.828449 12.960994
29.431050 21.828449 12.960994
-0.176783 20.295351 12.620651
30.717217 20.295351 12.620651
0.435402 20.757336 12.094517
31.329402 20.757336 12.094517
-1.982812 19.013871 14.195766
28.911188 19.013871 14.195766
-2.591420 18.560395 14.731766
28.302580 18.560395 14.731766
-0.027892 18.932001 12.887007
30.866108 18.932001 12.887007
0.722585 18.487205 12.563105
31.616585 18.487205 12.563105
-0.957588 18.228750 13.612086
29.936412 18.228750 13.612086
-0.903783 16.794404 13.919546
29.990217 16.794404 13.919546
-1.858023 -4.700082 13.965583
-2.214670 26.353870 13.965583
29.035977 -4.700082 13.965583
28.679330 26.353870 13.965583
-2.673395 -4.255782 13.908037
-3.030043 26.798170 13.908037
28.220605 -4.255782 13.908037
27.863957 26.798170 13.908037
0.501721 -4.565290 14.042859
0.145073 26.488662 14.042859
31.395721 -4.565290 14.042859
31.039073 26.488662 14.042859
1.055340 16.624060 14.006687
-1.885609 -6.042550 14.082319
-2.242257 25.011402 14.082319
29.008391 -6.042550 14.082319
28.651743 25.011402 14.082319
0.574638 -5.943029 14.223717
0.217991 25.110923 14.223717
31.468638 -5.943029 14.223717
31.111991 25.110923 14.223717
-0.554953 -6.646339 14.271398
-0.911600 24.407613 14.271398
30.339047 -6.646339 14.271398
29.982400 24.407613 14.271398
-0.501505 -7.560314 14.430883
-0.858153 23.493638 14.430883
30.392495 -7.560314 14.430883
30.035847 23.493638 14.430883
1.954683 -6.620260 14.302637
1.598035 24.433692 14.302637
-3.044803 -6.833339 14.039570
-3.401450 24.220613 14.039570
27.849197 -6.833339 14.039570
27.492550 24.220613 14.039570
8.487960 -5.418875 6.839748
8.131312 25.635077 6.839748
8.054748 -4.596704 6.874276
7.698100 26.457248 6.874276
0.171090 -6.668967 7.079797
-0.185557 24.384986 7.079797
31.065090 -6.668967 7.079797
30.708443 24.384986 7.079797
1.077631 -6.717067 7.283674
0.720983 24.336885 7.283674
31.971631 -6.717067 7.283674
31.614983 24.336885 7.283674
-0.392517 -5.526561 7.130767
-0.749165 25.527391 7.130767
30.501483 -5.526561 7.130767
30.144835 25.527391 7.130767
0.100625 -4.769431 7.352730
-0.256023 26.284522 7.352730
30.994625 -4.769431 7.352730
30.637977 26.284522 7.352730
8.184652 23.311948 6.422129
7.761950 22.541540 6.117958
7.788548 -6.584830 6.507626
7.431900 24.469123 6.507626
5.988943 24.512303 6.157418
5.660954 -5.296282 6.071921
5.304306 25.757670 6.071921
6.154271 -4.511174 6.137688
5.797623 26.542778 6.137688
5.233331 23.336447 6.047258
5.658687 22.511547 6.096583
3.830334 23.388031 5.859823
4.335773 -5.210160 5.900927
3.979126 25.843792 5.900927
3.212080 24.639660 5.731578
2.304028 24.691093 5.537566
33.198028 24.691093 5.537566
3.655563 -3.853101 5.833516
3.298915 27.200851 5.833516
3.031027 22.112269 5.861467
-1.701127 19.800403 8.520090
29.192873 19.800403 8.520090
-1.036317 19.162229 8.631894
29.857683 19.162229 8.631894
6.405769 20.665284 8.926201
6.460018 21.012251 8.035060
6.655727 21.341185 9.554274
5.499950 20.383674 9.103771
7.072880 18.419052 9.848580
7.424240 -3.079360 9.319157
7.067592 27.974592 9.319157
6.183016 18.438130 10.205365
-2.591525 18.411334 10.570371
28.302475 18.411334 10.570371
5.022079 19.098608 16.033949
4.251170 19.482827 15.682096
0.074085 21.958670 0.378159
-8.158565 12.363985 33.261565
30.968085 21.958670 0.378159
22.735435 12.363985 33.261565
-3.633009 16.907765 15.989556
27.260991 16.907765 15.989556
-0.037053 21.171704 0.928956
-8.269704 11.577019 33.812362
30.856947 21.171704 0.928956
22.624296 11.577019 33.812362
0.638432 22.583575 0.836883
-7.594219 12.988890 33.720289
31.532432 22.583575 0.836883
23.299781 12.988890 33.720289
3.814379 17.000262 16.343053
7.152903 22.312968 0.143043
-1.079747 12.718283 33.026449
7.965821 21.008569 0.452147
-0.266829 11.413883 33.335553
3.763706 16.752458 15.425606
4.422360 -6.445770 11.898860
4.065712 24.608182 11.898860
3.797324 -1.224646 3.572782
-4.435326 -10.819331 36.456188
3.440677 29.829306 3.572782
-4.791974 20.234621 36.456188
-2.176705 20.311601 14.069165
28.717295 20.311601 14.069165
-0.827990 23.225722 6.746031
30.066010 23.225722 6.746031
7.283766 19.536356 9.056090
9.068429 22.560946 0.123313
0.835779 12.966261 33.006719
1.476356 19.562249 7.392190
32.370356 19.562249 7.392190
1.337833 21.456891 8.554618
32.231833 21.456891 8.554618
1.136427 -1.418136 4.498450
-7.096224 -11.012821 37.381856
0.779779 29.635816 4.498450
-7.452871 20.041131 37.381856
32.030427 -1.418136 4.498450
23.797776 -11.012821 37.381856
31.673779 29.635816 4.498450
23.441129 20.041131 37.381856
-0.792607 20.601825 5.223529
30.101393 20.601825 5.223529
3.640384 21.007629 5.989712
1.761929 22.247925 5.751308
32.655929 22.247925 5.751308
4.963550 -8.571840 15.524256
4.606902 22.482112 15.524256
0.673005 -3.822619 0.162773
-7.559646 -13.417304 33.046179
0.316357 27.231333 0.162773
-7.916293 17.636648 33.046179
31.567005 -3.822619 0.162773
23.334354 -13.417304 33.046179
31.210357 27.231333 0.162773
22.977707 17.636648 33.046179
2.408648 -3.807851 5.550719
2.052000 27.246101 5.550719
33.302648 -3.807851 5.550719
32.946000 27.246101 5.550719
4.290133 -2.885486 6.093295
3.933486 28.168466 6.093295
3.838655 21.944413 12.804798
5.274128 20.307755 13.362172
6.069112 -6.262682 14.187545
5.712464 24.791270 14.187545
-2.953655 -8.086599 13.737043
-3.310303 22.967353 13.737043
27.940345 -8.086599 13.737043
27.583697 22.967353 13.737043
1.987122 -7.854563 14.194122
1.630474 23.199389 14.194122
2.957197 -5.959417 14.343742
2.600549 25.094535 14.343742
-1.434824 20.802627 7.944631
29.459176 20.802627 7.944631
-4.267407 19.715950 16.029016
26.626593 19.715950 16.029016
-3.906081 16.598819 23.211739
26.987919 16.598819 23.211739
-1.517031 14.449278 22.004424
29.376969 14.449278 22.004424
8.500479 -2.608470 -2.595323
0.267829 -12.203155 30.288083
8.143832 28.445482 -2.595323
-0.088819 18.850797 30.288083
0.147706 26.102159 -1.690700
-8.084944 16.507474 31.192706
31.041706 26.102159 -1.690700
22.809056 16.507474 31.192706
0.708124 -11.900798 27.199509
0.351476 19.153154 27.199509
0.623477 18.265262 27.255411
0.716193 -11.252170 25.945007
0.359545 19.801782 25.945007
0.957051 -11.709402 25.170603
0.600403 19.344550 25.170603
0.352100 -9.899201 25.902259
-0.004548 21.154751 25.902259
0.330143 -9.463694 25.080174
-0.026504 21.590258 25.080174
8.233184 -0.321336 -4.653002
0.000533 -9.916021 28.230404
7.876536 30.732616 -4.653002
-0.356114 21.137931 28.230404
7.990024 0.139961 -3.881886
-0.242626 -9.454724 29.001520
7.633377 31.193913 -3.881886
-0.599274 21.599228 29.001520
0.032128 -9.211547 27.018650
-0.324519 21.842405 27.018650
-0.532131 12.959434 27.041669
8.127259 23.324512 -4.863456
-0.105391 13.729827 28.019950
8.626164 22.948566 -4.174548
0.393514 13.353881 28.708858
7.845055 24.719439 -4.837149
-0.387596 15.124754 28.046257
-1.165639 15.639036 27.071264
-1.397879 16.539171 27.097571
-1.342168 13.471848 26.030504
-1.450138 -7.790398 25.372836
-1.806786 23.263554 25.372836
-1.628482 14.841025 26.017351
-2.363712 15.477583 24.868076
28.530288 15.477583 24.868076
-0.966323 -5.578195 18.990167
-1.322971 25.475757 18.990167
29.927677 -5.578195 18.990167
29.571029 25.475757 18.990167
-2.118839 15.272133 19.065799
28.775161 15.272133 19.065799
-0.315647 -5.304032 17.724156
-0.672295 25.749920 17.724156
30.578353 -5.304032 17.724156
30.221705 25.749920 17.724156
-1.001139 15.806259 17.018807
29.892861 15.806259 17.018807
0.998273 -5.681903 17.632082
0.641625 25.372049 17.632082
1.420383 -5.658530 16.803420
1.063735 25.395422 16.803420
0.933322 -6.312126 19.933921
0.576675 24.741826 19.933921
1.366008 -6.674516 20.672153
1.009360 24.379437 20.672153
1.685124 -6.084191 18.705725
1.328476 24.969761 18.705725
3.128483 -6.414195 18.669554
2.771836 24.639757 18.669554
3.676886 -7.172063 17.605776
3.320238 23.881889 17.605776
3.143141 -7.492281 16.915224
2.786494 23.561671 16.915224
3.961356 -6.010520 19.748129
3.604708 25.043432 19.748129
3.345295 15.131726 20.476497
5.070108 -7.422440 17.633726
4.713461 23.631512 17.633726
5.307043 -6.254482 19.739909
4.950396 24.799470 19.739909
-4.422281 -7.029671 18.710658
-4.778929 24.024281 18.710658
26.471719 -7.029671 18.710658
26.115071 24.024281 18.710658
-3.526498 -7.278305 18.746830
-3.883145 23.775647 18.746830
27.367502 -7.278305 18.746830
27.010855 23.775647 18.746830
5.663449 -8.247717 16.541997
5.306802 22.806235 16.541997
-4.388082 14.891717 20.887539
26.505918 14.891717 20.887539
8.454505 25.603896 -3.760217
0.221855 16.009211 29.123188
2.815047 25.738729 -3.253813
-5.417603 16.144044 29.629593
33.709047 25.738729 -3.253813
25.476397 16.144044 29.629593
2.653376 26.625792 -3.480709
-5.579275 17.031107 29.402697
33.547376 26.625792 -3.480709
25.314725 17.031107 29.402697
3.939542 25.092694 -3.821052
-4.293109 15.498009 29.062354
34.833542 25.092694 -3.821052
26.600891 15.498009 29.062354
4.551727 25.554678 -4.347186
-3.680923 15.959993 28.536220
35.445727 25.554678 -4.347186
27.213077 15.959993 28.536220
2.133513 23.811214 -2.245937
-6.099137 14.216529 30.637469
33.027513 23.811214 -2.245937
24.794863 14.216529 30.637469
1.524906 23.357738 -1.709937
-6.707745 13.763053 31.173469
32.418906 23.357738 -1.709937
24.186255 13.763053 31.173469
4.088433 23.729343 -3.554696
-4.144217 14.134658 29.328710
34.982433 23.729343 -3.554696
26.749783 14.134658 29.328710
4.838910 23.284547 -3.878598
-3.393740 13.689862 29.004808
35.732910 23.284547 -3.878598
27.500260 13.689862 29.004808
3.158737 23.026093 -2.829617
-5.073914 13.431408 30.053789
34.052737 23.026093 -2.829617
25.820086 13.431408 30.053789
3.212542 21.591747 -2.522157
-5.020108 11.997062 30.361249
34.106542 21.591747 -2.522157
25.873892 11.997062 30.361249
2.258302 0.097260 -2.476120
-5.974348 -9.497425 30.407285
1.901655 31.151212 -2.476120
-6.330996 21.556527 30.407285
33.152302 0.097260 -2.476120
24.919652 -9.497425 30.407285
32.795655 31.151212 -2.476120
24.563004 21.556527 30.407285
1.442930 0.541560 -2.533666
-6.789721 -9.053125 30.349740
1.086282 31.595512 -2.533666
-7.146368 22.000827 30.349740
32.336930 0.541560 -2.533666
24.104279 -9.053125 30.349740
31.980282 31.595512 -2.533666
23.747632 22.000827 30.349740
4.618046 0.232053 -2.398844
-3.614604 -9.362632 30.484561
4.261399 31.286005 -2.398844
-3.971252 21.691320 30.484561
35.512046 0.232053 -2.398844
27.279396 -9.362632 30.484561
35.155399 31.286005 -2.398844
26.922748 21.691320 30.484561
5.171665 21.421402 -2.435016
-3.060985 11.826717 30.448390
2.230716 -1.245207 -2.359384
-6.001935 -10.839892 30.524022
1.874068 29.808745 -2.359384
-6.358582 20.214060 30.524022
33.124716 -1.245207 -2.359384
24.892065 -10.839892 30.524022
32.768068 29.808745 -2.359384
24.535418 20.214060 30.524022
4.690964 -1.145687 -2.217986
-3.541687 -10.740372 30.665420
4.334316 29.908265 -2.217986
-3.898334 20.313580 30.665420
35.584964 -1.145687 -2.217986
27.352313 -10.740372 30.665420
35.228316 29.908265 -2.217986
26.995666 20.313580 30.665420
3.561372 -1.848997 -2.170305
-4.671278 -11.443682 30.713101
3.204725 29.204955 -2.170305
-5.027926 19.610270 30.713101
34.455372 -1.848997 -2.170305
26.222722 -11.443682 30.713101
34.098725 29.204955 -2.170305
25.866074 19.610270 30.713101
3.614820 -2.762971 -2.010820
-4.617830 -12.357656 30.872586
3.258173 28.290981 -2.010820
-4.974478 18.696296 30.872586
34.508820 -2.762971 -2.010820
26.276170 -12.357656 30.872586
34.152173 28.290981 -2.010820
25.919522 18.696296 30.872586
6.071008 -1.822917 -2.139066
-2.161642 -11.417602 30.744340
5.714361 29.231035 -2.139066
-2.518290 19.636350 30.744340
1.071522 -2.035997 -2.402133
-7.161128 -11.630682 30.481273
0.714875 29.017955 -2.402133
-7.517775 19.423270 30.481273
31.965522 -2.035997 -2.402133
23.732872 -11.630682 30.481273
31.608875 29.017955 -2.402133
23.376225 19.423270 30.481273
4.371635 -10.216218 23.281451
4.014987 20.837734 23.281451
3.938423 -9.394046 23.315979
3.581775 21.659906 23.315979
-3.945235 -11.466309 23.521500
-4.301883 19.587643 23.521500
26.948765 -11.466309 23.521500
26.592117 19.587643 23.521500
-3.038694 -11.514410 23.725377
-3.395342 19.539542 23.725377
27.855306 -11.514410 23.725377
27.498658 19.539542 23.725377
-4.508842 -10.323904 23.572470
-4.865490 20.730049 23.572470
26.385158 -10.323904 23.572470
26.028510 20.730049 23.572470
-4.015700 -9.566773 23.794433
-4.372348 21.487179 23.794433
26.878300 -9.566773 23.794433
26.521652 21.487179 23.794433
4.068327 18.514606 22.863832
3.645625 17.744197 22.559661
3.672223 -11.382172 22.949329
3.315575 19.671780 22.949329
1.872618 19.714961 22.599121
1.544629 -10.093625 22.513624
1.187981 20.960327 22.513624
2.037945 -9.308517 22.579391
1.681298 21.745435 22.579391
1.117006 18.539104 22.488961
1.542362 17.714204 22.538286
-0.285991 18.590689 22.301526
0.219448 -10.007503 22.342630
-0.137200 21.046449 22.342630
-0.904245 19.842317 22.173281
-1.812297 19.893750 21.979269
29.081703 19.893750 21.979269
-0.460762 -8.650443 22.275219
-0.817410 22.403509 22.275219
-1.085298 17.314927 22.303170
-5.817453 15.003061 24.961793
25.076547 15.003061 24.961793
-5.152642 14.364887 25.073597
25.741358 14.364887 25.073597
2.289444 15.867942 25.367904
2.343693 16.214909 24.476763
2.539402 16.543842 25.995977
1.383625 15.586331 25.545474
2.956555 13.621709 26.290283
3.307915 -7.876702 25.760860
2.951267 23.177250 25.760860
2.066691 13.640787 26.647068
-6.707851 13.613992 27.012074
24.186149 13.613992 27.012074
9.138404 23.895950 -0.407754
0.905753 14.301265 32.475652
8.367496 24.280169 -0.759607
0.134845 14.685484 32.123799
-4.042240 17.161327 16.819862
26.851760 17.161327 16.819862
0.483316 21.705107 -0.452147
-7.749334 12.110422 32.431259
31.377316 21.705107 -0.452147
23.144666 12.110422 32.431259
-4.153378 16.374362 17.370659
26.740622 16.374362 17.370659
-3.477893 17.786233 17.278586
27.416107 17.786233 17.278586
7.930704 21.797604 -0.098650
-0.301946 12.202919 32.784756
3.036578 17.515626 16.584746
3.849496 16.211226 16.893850
7.880031 21.549801 -1.016097
-0.352619 11.955116 31.867309
8.538685 -1.648428 -4.542843
0.306034 -11.243113 28.340563
8.182037 29.405524 -4.542843
-0.050613 19.810839 28.340563
-0.319001 -6.021988 20.014485
-0.675649 25.031964 20.014485
1.939620 25.108944 -2.372538
-6.293031 15.514259 30.510868
32.833620 25.108944 -2.372538
24.600969 15.514259 30.510868
-4.944315 18.428379 23.187734
25.949685 18.428379 23.187734
3.167441 14.739014 25.497793
4.952104 17.763603 16.565016
-2.639969 14.764906 23.833893
28.254031 14.764906 23.833893
-2.778493 16.659549 24.996321
28.115507 16.659549 24.996321
-2.979898 -6.215479 20.940153
-3.336546 24.838473 20.940153
27.914102 -6.215479 20.940153
27.557454 24.838473 20.940153
-4.908932 15.804483 21.665232
25.985068 15.804483 21.665232
-0.475941 16.210287 22.431415
-2.354396 17.450582 22.193011
28.539604 17.450582 22.193011
9.079875 -3.774498 -0.917447
0.847224 -13.369183 31.965959
8.723227 27.279454 -0.917447
0.490577 17.684769 31.965959
-3.443321 -8.619962 16.604476
-3.799968 22.433990 16.604476
27.450679 -8.619962 16.604476
27.094032 22.433990 16.604476
-1.707678 -8.605194 21.992422
-2.064325 22.448758 21.992422
29.186322 -8.605194 21.992422
28.829675 22.448758 21.992422
0.173808 -7.682829 22.534998
-0.182839 23.371123 22.534998
7.954980 26.741755 -3.636905
-0.277670 17.147070 29.246501
9.390453 25.105098 -3.079531
1.157803 15.510413 29.803875
10.185437 -1.465340 -2.254157
1.952787 -11.060025 30.629248
9.828790 29.588613 -2.254157
1.596139 19.993927 30.629248
1.162670 -3.289256 -2.704660
-7.069980 -12.883941 30.178746
0.806022 27.764696 -2.704660
-7.426628 18.170011 30.178746
32.056670 -3.289256 -2.704660
23.824020 -12.883941 30.178746
31.700022 27.764696 -2.704660
23.467372 18.170011 30.178746
6.103447 -3.057221 -2.247581
-2.129203 -12.651906 30.635825
5.746799 27.996731 -2.247581
-2.485851 18.402046 30.635825
7.073522 -1.162075 -2.097961
-1.159129 -10.756760 30.785445
6.716874 29.891877 -2.097961
-1.515776 20.297192 30.785445
-5.551149 16.005284 24.386334
25.342851 16.005284 24.386334
-0.151082 24.513293 -0.412687
-8.383732 14.918608 32.470719
30.742918 24.513293 -0.412687
22.510268 14.918608 32.470719
10.746009 0.693526 6.770036
10.389362 31.747478 6.770036
13.135059 -1.456015 5.562721
12.778412 29.597937 5.562721
14.563272 2.945505 13.846380
6.567146 0.602182 14.751003
15.003567 3.247862 10.757806
15.275568 2.359970 10.813708
15.011636 3.896490 9.503304
15.252493 3.439258 8.728900
14.647543 5.249458 9.460556
14.625586 5.684966 8.638471
14.295976 5.232639 11.788701
14.052817 5.693936 12.559817
14.327571 5.937113 10.576948
14.119959 -2.945858 10.599966
13.763311 28.108094 10.599966
14.546699 -2.175466 11.578247
14.190051 28.878487 11.578247
15.045604 -2.551411 12.267155
14.688956 28.502541 12.267155
14.264495 -0.780538 11.604554
13.907847 30.273414 11.604554
13.486451 -0.266256 10.629561
13.129804 30.787696 10.629561
13.254211 0.633879 10.655868
12.897564 31.687831 10.655868
13.309922 -2.433444 9.588801
12.953275 28.620508 9.588801
12.845305 7.358262 8.931133
13.023608 -1.064267 9.575648
12.666961 29.989685 9.575648
12.288378 -0.427710 8.426373
11.931730 30.626242 8.426373
13.329119 9.570465 2.548464
5.096469 -0.024221 35.431870
12.533251 -0.633159 2.624096
4.300600 -10.227844 35.507502
12.176603 30.420793 2.624096
3.943953 20.826108 35.507502
13.979796 9.844628 1.282453
5.747145 0.249943 34.165859
13.650951 -0.099033 0.577104
5.418301 -9.693718 33.460510
13.294304 30.954919 0.577104
5.061653 21.360234 33.460510
15.293716 9.466756 1.190379
7.061065 -0.127929 34.073785
15.715826 9.490130 0.361717
7.483175 -0.104555 33.245123
15.228765 8.836534 3.492218
6.996115 -0.758151 36.375624
15.661451 8.474144 4.230450
7.428800 -1.120541 37.113856
15.980566 9.064469 2.264022
7.747916 -0.530216 35.147428
17.423926 8.734464 2.227851
9.191275 -0.860221 35.111257
17.972328 7.976597 1.164073
9.739678 -1.618089 34.047479
17.438584 7.656379 0.473521
9.205934 -1.938307 33.356927
18.256799 9.138140 3.306426
10.024148 -0.456545 36.189832
17.997385 -0.773566 4.034794
9.764735 -10.368252 36.918200
17.640737 30.280386 4.034794
9.408087 20.685701 36.918200
19.365551 7.726220 1.192023
11.132901 -1.868465 34.075429
19.602486 8.894177 3.298206
11.369835 -0.700508 36.181612
9.873162 8.118989 2.268955
1.640511 -1.475696 35.152361
10.768945 7.870355 2.305127
2.536294 -1.724330 35.188533
19.958892 6.900943 0.100294
11.726242 -2.693742 32.983700
10.264008 -1.013575 4.445836
2.031358 -10.608260 37.329242
9.907361 30.040377 4.445836
1.674710 20.445692 37.329242
14.873945 0.103919 12.681486
14.517298 31.157871 12.681486
9.234487 0.238752 13.187890
8.877839 31.292704 13.187890
9.072815 1.125814 12.960994
10.358982 -0.407283 12.620651
10.002334 30.646669 12.620651
10.971167 0.054701 12.094517
10.614520 31.108653 12.094517
8.552953 -1.688763 14.195766
8.196305 29.365189 14.195766
7.944345 -2.142239 14.731766
7.587698 28.911713 14.731766
10.507873 -1.770634 12.887007
10.151226 29.283318 12.887007
11.258350 -2.215430 12.563105
10.901702 28.838522 12.563105
9.578177 -2.473884 13.612086
9.221529 28.580068 13.612086
9.631982 -3.908231 13.919546
9.275334 27.145721 13.919546
8.321095 5.651235 13.965583
7.505722 6.095535 13.908037
10.680838 5.786028 14.042859
11.591105 -4.078575 14.006687
11.234458 26.975377 14.006687
8.293508 4.308767 14.082319
10.753756 4.408288 14.223717
9.624165 3.704978 14.271398
9.677612 2.791004 14.430883
12.133800 3.731058 14.302637
7.134315 3.517978 14.039570
18.667077 4.932442 6.839748
18.233865 5.754614 6.874276
10.350208 3.682351 7.079797
11.256749 3.634250 7.283674
9.786600 4.824756 7.130767
10.279742 5.581887 7.352730
18.720417 2.609314 6.422129
18.363770 33.663266 6.422129
18.297715 1.838905 6.117958
17.941068 32.892857 6.117958
17.967665 3.766488 6.507626
16.524708 3.809669 6.157418
15.840071 5.055035 6.071921
16.333388 5.840143 6.137688
15.769096 2.633812 6.047258
15.412448 33.687764 6.047258
16.194452 1.808912 6.096583
15.837805 32.862864 6.096583
14.366099 2.685396 5.859823
14.009452 33.739349 5.859823
14.514891 5.141157 5.900927
13.747845 3.937025 5.731578
12.839793 3.988458 5.537566
13.834680 6.498216 5.833516
13.566792 1.409634 5.861467
13.210145 32.463587 5.861467
8.834638 -0.902231 8.520090
8.477990 30.151721 8.520090
9.499448 -1.540405 8.631894
9.142801 29.513547 8.631894
16.941534 -0.037351 8.926201
16.584887 31.016602 8.926201
16.995783 0.309616 8.035060
16.639135 31.363569 8.035060
17.191492 0.638550 9.554274
16.834845 31.692502 9.554274
16.035715 -0.318961 9.103771
15.679067 30.734991 9.103771
17.608645 -2.283583 9.848580
17.251997 28.770369 9.848580
17.603357 7.271958 9.319157
16.718781 -2.264505 10.205365
16.362134 28.789447 10.205365
7.944240 -2.291301 10.570371
7.587592 28.762651 10.570371
15.557844 -1.604027 16.033949
15.201196 29.449925 16.033949
14.786936 -1.219808 15.682096
14.430288 29.834144 15.682096
10.609850 1.256035 0.378159
2.377200 -8.338650 33.261565
10.253202 32.309987 0.378159
2.020552 22.715302 33.261565
6.902756 -3.794870 15.989556
6.546108 27.259082 15.989556
10.498712 0.469069 0.928956
2.266061 -9.125616 33.812362
10.142064 31.523021 0.928956
1.909414 21.928336 33.812362
11.174197 1.880941 0.836883
2.941546 -7.713744 33.720289
10.817549 32.934893 0.836883
2.584899 23.340208 33.720289
14.350144 -3.702373 16.343053
13.993496 27.351579 16.343053
17.688668 1.610333 0.143043
9.456018 -7.984352 33.026449
17.332021 32.664285 0.143043
9.099370 23.069600 33.026449
18.501586 0.305934 0.452147
10.268936 -9.288751 33.335553
18.144939 31.359886 0.452147
9.912288 21.765201 33.335553
14.299471 -3.950177 15.425606
13.942823 27.103775 15.425606
14.601477 3.905547 11.898860
13.976442 9.126672 3.572782
5.743791 -0.468013 36.456188
8.359060 -0.391033 14.069165
8.002412 30.662919 14.069165
9.707775 2.523087 6.746031
9.351128 33.577039 6.746031
17.819531 -1.166278 9.056090
17.462883 29.887674 9.056090
19.604194 1.858311 0.123313
11.371544 -7.736374 33.006719
19.247547 32.912263 0.123313
11.014897 23.317578 33.006719
12.012121 -1.140386 7.392190
11.655474 29.913566 7.392190
11.873598 0.754256 8.554618
11.516950 31.808208 8.554618
11.315544 8.933181 4.498450
3.082894 -0.661504 37.381856
9.743158 -0.100810 5.223529
9.386510 30.953142 5.223529
14.176149 0.304994 5.989712
13.819502 31.358946 5.989712
12.297694 1.545290 5.751308
11.941047 32.599242 5.751308
15.142667 1.779477 15.524256
10.852122 6.528698 0.162773
2.619472 -3.065987 33.046179
12.587765 6.543466 5.550719
14.469251 7.465831 6.093295
14.374420 1.241778 12.804798
15.809893 -0.394879 13.362172
15.453245 30.659073 13.362172
16.248229 4.088635 14.187545
7.225462 2.264719 13.737043
12.166239 2.496754 14.194122
13.136314 4.391900 14.343742
9.100942 0.099992 7.944631
8.744294 31.153944 7.944631
6.268358 -0.986685 16.029016
5.911710 30.067267 16.029016
6.629684 -4.103816 23.211739
6.273037 26.950136 23.211739
9.018734 -6.253357 22.004424
8.662086 24.800595 22.004424
18.679597 7.742847 -2.595323
10.446946 -1.851838 30.288083
10.683471 5.399525 -1.690700
2.450821 -4.195160 31.192706
10.887242 -1.549481 27.199509
11.159242 -2.437373 27.255411
10.895310 -0.900853 25.945007
11.136168 -1.358085 25.170603
10.531217 0.452116 25.902259
10.509261 0.887623 25.080174
18.412301 10.029982 -4.653002
10.179651 0.435297 28.230404
18.169142 10.491279 -3.881886
9.936492 0.896594 29.001520
10.211246 1.139770 27.018650
10.003634 -7.743201 27.041669
9.646986 23.310752 27.041669
18.663024 2.621877 -4.863456
10.430374 -6.972808 28.019950
18.306377 33.675829 -4.863456
10.073726 24.081144 28.019950
19.161929 2.245931 -4.174548
10.929279 -7.348754 28.708858
18.805282 33.299883 -4.174548
10.572631 23.705198 28.708858
18.380820 4.016805 -4.837149
10.148169 -5.577880 28.046257
18.024172 35.070757 -4.837149
9.791522 25.476072 28.046257
9.370126 -5.063599 27.071264
9.013479 25.990353 27.071264
9.137886 -4.163464 27.097571
8.781238 26.890488 27.097571
9.193597 -7.230786 26.030504
8.836950 23.823166 26.030504
8.728979 2.560919 25.372836
8.907283 -5.861610 26.017351
8.550635 25.192342 26.017351
8.172053 -5.225052 24.868076
7.815405 25.828900 24.868076
9.212794 4.773122 18.990167
8.416926 -5.430502 19.065799
8.060278 25.623451 19.065799
9.863470 5.047285 17.724156
9.534626 -4.896375 17.018807
9.177978 26.157577 17.018807
11.177390 4.669414 17.632082
11.599500 4.692787 16.803420
11.112440 4.039191 19.933921
11.545125 3.676802 20.672153
11.864241 4.267126 18.705725
13.307601 3.937122 18.669554
13.856003 3.179254 17.605776
13.322259 2.859036 16.915224
14.140473 4.340798 19.748129
13.881060 -5.570909 20.476497
13.524412 25.483043 20.476497
15.249226 2.928878 17.633726
15.486161 4.096835 19.739909
5.756836 3.321647 18.710658
6.652620 3.073012 18.746830
15.842567 2.103601 16.541997
6.147683 -5.810918 20.887539
5.791035 25.243034 20.887539
18.990270 4.901261 -3.760217
10.757620 -4.693424 29.123188
18.633623 35.955213 -3.760217
10.400973 26.360528 29.123188
13.350812 5.036094 -3.253813
5.118162 -4.558591 29.629593
12.994165 36.090046 -3.253813
4.761514 26.495361 29.629593
13.189141 5.923157 -3.480709
4.956490 -3.671528 29.402697
14.475307 4.390059 -3.821052
6.242656 -5.204626 29.062354
14.118659 35.444011 -3.821052
5.886009 25.849326 29.062354
15.087492 4.852043 -4.347186
6.854842 -4.742642 28.536220
14.730845 35.905995 -4.347186
6.498195 26.311310 28.536220
12.669278 3.108579 -2.245937
4.436628 -6.486106 30.637469
12.312631 34.162531 -2.245937
4.079980 24.567846 30.637469
12.060671 2.655103 -1.709937
3.828020 -6.939582 31.173469
11.704023 33.709055 -1.709937
3.471373 24.114370 31.173469
14.624198 3.026709 -3.554696
6.391548 -6.567976 29.328710
14.267551 34.080661 -3.554696
6.034901 24.485976 29.328710
15.374675 2.581913 -3.878598
7.142025 -7.012772 29.004808
15.018028 33.635865 -3.878598
6.785377 24.041180 29.004808
13.694502 2.323458 -2.829617
5.461851 -7.271227 30.053789
13.337854 33.377410 -2.829617
5.105204 23.782725 30.053789
13.748307 0.889112 -2.522157
5.515657 -8.705573 30.361249
13.391659 31.943064 -2.522157
5.159009 22.348379 30.361249
12.437420 10.448578 -2.476120
4.204769 0.853893 30.407285
11.622047 10.892878 -2.533666
3.389397 1.298193 30.349740
14.797164 10.583370 -2.398844
6.564513 0.988685 30.484561
15.707430 0.718767 -2.435016
7.474780 -8.875918 30.448390
15.350783 31.772720 -2.435016
7.118133 22.178035 30.448390
12.409833 9.106110 -2.359384
4.177183 -0.488575 30.524022
14.870081 9.205631 -2.217986
6.637431 -0.389054 30.665420
13.740490 8.502321 -2.170305
5.507839 -1.092364 30.713101
13.793938 7.588346 -2.010820
5.561287 -2.006339 30.872586
16.250126 8.528400 -2.139066
8.017475 -1.066285 30.744340
11.250640 8.315321 -2.402133
3.017990 -1.279364 30.481273
14.550752 0.135100 23.281451
14.117540 0.957271 23.315979
6.233883 -1.114992 23.521500
7.140423 -1.163092 23.725377
5.670275 0.027414 23.572470
6.163417 0.784544 23.794433
14.604092 -2.188029 22.863832
14.247445 28.865923 22.863832
14.181390 -2.958437 22.559661
13.824743 28.095515 22.559661
13.851340 -1.030855 22.949329
12.408383 -0.987674 22.599121
11.723746 0.257693 22.513624
12.217063 1.042801 22.579391
11.652771 -2.163530 22.488961
11.296123 28.890422 22.488961
12.078127 -2.988431 22.538286
11.721480 28.065522 22.538286
10.249774 -2.111946 22.301526
9.893127 28.942006 22.301526
10.398565 0.343815 22.342630
9.631520 -0.860317 22.173281
8.723468 -0.808884 21.979269
9.718355 1.700874 22.275219
9.450467 -3.387708 22.303170
9.093819 27.666244 22.303170
4.718312 -5.699574 24.961793
4.361665 25.354378 24.961793
5.383123 -6.337748 25.073597
5.026475 24.716204 25.073597
12.825209 -4.834693 25.367904
12.468561 26.219259 25.367904
12.879458 -4.487726 24.476763
12.522810 26.566226 24.476763
13.075167 -4.158792 25.995977
12.718520 26.895160 25.995977
11.919390 -5.116304 25.545474
11.562742 25.937648 25.545474
13.492320 -7.080926 26.290283
13.135672 23.973026 26.290283
13.487032 2.474615 25.760860
12.602456 -7.061847 26.647068
12.245808 23.992105 26.647068
3.827914 -7.088643 27.012074
3.471267 23.965309 27.012074
19.674169 3.193315 -0.407754
11.441518 -6.401370 32.475652
19.317521 34.247267 -0.407754
11.084871 24.652582 32.475652
18.903261 3.577534 -0.759607
10.670610 -6.017151 32.123799
18.546613 34.631486 -0.759607
10.313963 25.036801 32.123799
6.493525 -3.541308 16.819862
6.136877 27.512645 16.819862
11.019081 1.002473 -0.452147
2.786431 -8.592212 32.431259
10.662433 32.056425 -0.452147
2.429783 22.461740 32.431259
6.382387 -4.328273 17.370659
6.025739 26.725679 17.370659
7.057872 -2.916402 17.278586
6.701224 28.137550 17.278586
18.466469 1.094970 -0.098650
10.233819 -8.499715 32.784756
18.109822 32.148922 -0.098650
9.877171 22.554237 32.784756
13.572343 -3.187009 16.584746
13.215696 27.866943 16.584746
14.385261 -4.491409 16.893850
14.028613 26.562543 16.893850
18.415796 0.847166 -1.016097
10.183146 -8.747519 31.867309
18.059148 31.901118 -1.016097
9.826498 22.306433 31.867309
18.717802 8.702890 -4.542843
10.485152 -0.891795 28.340563
9.860116 4.329329 20.014485
12.475385 4.406309 -2.372538
4.242734 -5.188376 30.510868
12.118737 35.460261 -2.372538
3.886087 25.865576 30.510868
5.591450 -2.274256 23.187734
5.234803 28.779697 23.187734
13.703206 -5.963621 25.497793
13.346558 25.090331 25.497793
15.487869 -2.939032 16.565016
15.131222 28.114921 16.565016
7.895796 -5.937728 23.833893
7.539149 25.116224 23.833893
7.757272 -4.043086 24.996321
7.400625 27.010866 24.996321
7.199219 4.135838 20.940153
5.626833 -4.898152 21.665232
5.270185 26.155800 21.665232
10.059824 -4.492348 22.431415
9.703177 26.561604 22.431415
8.181369 -3.252053 22.193011
7.824721 27.801899 22.193011
19.258992 6.576820 -0.917447
11.026342 -3.017865 31.965959
6.735797 1.731356 16.604476
8.471440 1.746124 21.992422
10.352926 2.668489 22.534998
18.490745 6.039121 -3.636905
10.258095 -3.555564 29.246501
19.926218 4.402463 -3.079531
11.693568 -5.192222 29.803875
19.569570 35.456415 -3.079531
11.336920 25.861730 29.803875
20.364555 8.885978 -2.254157
12.131904 -0.708707 30.629248
11.341787 7.062061 -2.704660
3.109137 -2.532624 30.178746
16.282564 7.294097 -2.247581
8.049914 -2.300588 30.635825
17.252639 9.189242 -2.097961
9.019989 -0.405443 30.785445
4.984616 -4.697351 24.386334
4.627969 26.356601 24.386334
10.384683 3.810658 -0.412687
2.152033 -5.784027 32.470719
10.028036 34.864610 -0.412687
1.795385 25.269925 32.470719
10.627127 11.044844 6.770036
13.016177 8.895303 5.562721
14.444389 13.296822 13.846380
6.448264 10.953499 14.751003
14.884684 13.599179 10.757806
15.156685 12.711287 10.813708
14.892753 14.247807 9.503304
15.133611 13.790575 8.728900
14.528660 15.600776 9.460556
14.506703 16.036283 8.638471
14.177094 15.583956 11.788701
13.933934 16.045253 12.559817
14.208689 16.288430 10.576948
14.001077 7.405459 10.599966
14.427816 8.175852 11.578247
14.926721 7.799906 12.267155
14.145612 9.570780 11.604554
13.367569 10.085061 10.629561
13.135329 10.985196 10.655868
13.191040 7.917874 9.588801
12.726422 17.709579 8.931133
12.904726 9.287050 9.575648
12.169495 9.923608 8.426373
13.210237 19.921782 2.548464
4.977587 10.327097 35.431870
12.414368 9.718158 2.624096
4.181718 0.123473 35.507502
13.860913 20.195945 1.282453
5.628263 10.601260 34.165859
13.532069 10.252284 0.577104
5.299418 0.657599 33.460510
15.174833 19.818074 1.190379
6.942183 10.223389 34.073785
15.596943 19.841447 0.361717
7.364293 10.246762 33.245123
15.109883 19.187851 3.492218
6.877232 9.593166 36.375624
15.542568 18.825462 4.230450
7.309918 9.230777 37.113856
15.861684 19.415786 2.264022
7.629034 9.821101 35.147428
17.305043 19.085782 2.227851
9.072393 9.491097 35.111257
17.853446 18.327914 1.164073
9.620795 8.733229 34.047479
17.319702 18.007696 0.473521
9.087051 8.413011 33.356927
18.137916 19.489458 3.306426
9.905266 9.894772 36.189832
17.878502 9.577751 4.034794
9.645852 -0.016934 36.918200
19.246669 18.077538 1.192023
11.014018 8.482853 34.075429
19.483603 19.245495 3.298206
11.250953 9.650810 36.181612
9.754279 18.470307 2.268955
1.521629 8.875622 35.152361
10.650062 18.221672 2.305127
2.417412 8.626987 35.188533
19.840009 17.252261 0.100294
11.607359 7.657575 32.983700
10.145126 9.337742 4.445836
1.912475 -0.256943 37.329242
14.755063 10.455236 12.681486
9.115604 10.590069 13.187890
8.953933 11.477132 12.960994
10.240099 9.944034 12.620651
10.852285 10.406018 12.094517
8.434070 8.662554 14.195766
7.825463 8.209078 14.731766
10.388991 8.580683 12.887007
11.139467 8.135887 12.563105
9.459294 7.877433 13.612086
9.513099 6.443087 13.919546
8.202212 16.002552 13.965583
7.386840 16.446853 13.908037
10.561956 16.137345 14.042859
11.472223 6.272742 14.006687
8.174625 14.660085 14.082319
10.634873 14.759606 14.223717
9.505282 14.056296 14.271398
9.558730 13.142321 14.430883
12.014918 14.082375 14.302637
7.015432 13.869296 14.039570
18.548195 15.283760 6.839748
18.114983 16.105931 6.874276
10.231325 14.033668 7.079797
11.137866 13.985568 7.283674
9.667718 15.176074 7.130767
10.160860 15.933204 7.352730
18.601535 12.960631 6.422129
18.178833 12.190222 6.117958
17.848783 14.117805 6.507626
16.405826 14.160986 6.157418
15.721189 15.406353 6.071921
16.214506 16.191461 6.137688
15.650214 12.985130 6.047258
16.075570 12.160229 6.096583
14.247217 13.036714 5.859823
14.396008 15.492475 5.900927
13.628963 14.288343 5.731578
12.720911 14.339776 5.537566
13.715798 16.849534 5.833516
13.447910 11.760952 5.861467
8.715755 9.449086 8.520090
9.380566 8.810912 8.631894
16.822652 10.313967 8.926201
16.876900 10.660934 8.035060
17.072610 10.989868 9.554274
15.916832 10.032356 9.103771
17.489762 8.067734 9.848580
17.484475 17.623275 9.319157
16.599899 8.086813 10.205365
7.825357 8.060017 10.570371
15.438961 8.747290 16.033949
14.668053 9.131509 15.682096
10.490968 11.607352 0.378159
2.258317 2.012667 33.261565
6.783873 6.556448 15.989556
10.379829 10.820387 0.928956
2.147179 1.225702 33.812362
11.055314 12.232258 0.836883
2.822664 2.637573 33.720289
14.231261 6.648945 16.343053
17.569786 11.961651 0.143043
9.337135 2.366966 33.026449
18.382704 10.657251 0.452147
10.150053 1.062566 33.335553
14.180588 6.401141 15.425606
14.482595 14.256864 11.898860
13.857559 19.477989 3.572782
5.624909 9.883304 36.456188
8.240177 9.960284 14.069165
9.588893 12.874404 6.746031
17.700649 9.185039 9.056090
19.485312 12.209628 0.123313
11.252662 2.614943 33.006719
11.893239 9.210932 7.392190
11.754715 11.105574 8.554618
11.196662 19.284498 4.498450
2.964011 9.689813 37.381856
9.624275 10.250508 5.223529
14.057267 10.656312 5.989712
12.178812 11.896607 5.751308
15.023785 12.130794 15.524256
10.733240 16.880016 0.162773
2.500589 7.285331 33.046179
12.468883 16.894783 5.550719
14.350368 17.817149 6.093295
14.255537 11.593096 12.804798
15.691010 9.956438 13.362172
16.129347 14.439953 14.187545
7.106580 12.616036 13.737043
12.047357 12.848071 14.194122
13.017432 14.743217 14.343742
8.982059 10.451309 7.944631
6.149475 9.364633 16.029016
6.510802 6.247501 23.211739
8.899851 4.097960 22.004424
18.560714 18.094164 -2.595323
10.328064 8.499479 30.288083
10.564589 15.750842 -1.690700
2.331938 6.156157 31.192706
10.768359 8.801836 27.199509
11.040360 7.913945 27.255411
10.776428 9.450465 25.945007
11.017285 8.993233 25.170603
10.412335 10.803433 25.902259
10.390378 11.238940 25.080174
18.293419 20.381299 -4.653002
10.060768 10.786614 28.230404
18.050259 20.842596 -3.881886
9.817609 11.247911 29.001520
10.092363 11.491088 27.018650
9.884751 2.608117 27.041669
18.544142 12.973194 -4.863456
10.311491 3.378509 28.019950
19.043047 12.597248 -4.174548
10.810396 3.002563 28.708858
18.261937 14.368122 -4.837149
10.029287 4.773437 28.046257
9.251244 5.287719 27.071264
9.019003 6.187854 27.097571
9.074715 3.120531 26.030504
8.610097 12.912236 25.372836
8.788400 4.489708 26.017351
8.053170 5.126265 24.868076
9.093912 15.124439 18.990167
8.298043 4.920816 19.065799
9.744588 15.398603 17.724156
9.415743 5.454942 17.018807
11.058508 15.020731 17.632082
11.480618 15.044104 16.803420
10.993557 14.390509 19.933921
11.426243 14.028119 20.672153
11.745359 14.618443 18.705725
13.188718 14.288439 18.669554
13.737121 13.530571 17.605776
13.203376 13.210353 16.915224
14.021591 14.692115 19.748129
13.762177 4.780408 20.476497
15.130343 13.280195 17.633726
15.367278 14.448152 19.739909
5.637954 13.672964 18.710658
6.533737 13.424330 18.746830
15.723684 12.454918 16.541997
6.028800 4.540400 20.887539
18.871388 15.252579 -3.760217
10.638738 5.657894 29.123188
13.231930 15.387412 -3.253813
4.999279 5.792726 29.629593
13.070258 16.274474 -3.480709
4.837608 6.679789 29.402697
14.356424 14.741377 -3.821052
6.123774 5.146692 29.062354
14.968610 15.203361 -4.347186
6.735960 5.608676 28.536220
12.550396 13.459897 -2.245937
4.317745 3.865212 30.637469
11.941788 13.006420 -1.709937
3.709138 3.411735 31.173469
14.505316 13.378026 -3.554696
6.272666 3.783341 29.328710
15.255793 12.933230 -3.878598
7.023142 3.338545 29.004808
13.575619 12.674776 -2.829617
5.342969 3.080091 30.053789
13.629425 11.240429 -2.522157
5.396774 1.645744 30.361249
12.318537 20.799895 -2.476120
4.085887 11.205210 30.407285
11.503165 21.244195 -2.533666
3.270514 11.649510 30.349740
14.678281 20.934687 -2.398844
6.445631 11.340002 30.484561
15.588548 11.070085 -2.435016
7.355898 1.475400 30.448390
12.290951 19.457427 -2.359384
4.058300 9.862742 30.524022
14.751198 19.556948 -2.217986
6.518548 9.962263 30.665420
13.621607 18.853638 -2.170305
5.388957 9.258953 30.713101
13.675055 17.939663 -2.010820
5.442405 8.344978 30.872586
16.131243 18.879718 -2.139066
7.898593 9.285033 30.744340
11.131757 18.666638 -2.402133
2.899107 9.071953 30.481273
14.431870 10.486417 23.281451
13.998658 11.308589 23.315979
6.115000 9.236326 23.521500
7.021541 9.188225 23.725377
5.551393 10.378731 23.572470
6.044535 11.135862 23.794433
14.485210 8.163288 22.863832
14.062508 7.392880 22.559661
13.732458 9.320463 22.949329
12.289501 9.363644 22.599121
11.604864 10.609010 22.513624
12.098180 11.394118 22.579391
11.533888 8.187787 22.488961
11.959245 7.362887 22.538286
10.130892 8.239371 22.301526
10.279683 10.695132 22.342630
9.512638 9.491000 22.173281
8.604586 9.542433 21.979269
9.599473 12.052191 22.275219
9.331584 6.963609 22.303170
4.599430 4.651744 24.961793
5.264240 4.013570 25.073597
12.706326 5.516624 25.367904
12.760575 5.863591 24.476763
12.956285 6.192525 25.995977
11.800507 5.235014 25.545474
13.373437 3.270392 26.290283
13.368150 12.825933 25.760860
12.483573 3.289470 26.647068
3.709032 3.262674 27.012074
19.555286 13.544633 -0.407754
11.322636 3.949948 32.475652
18.784378 13.928852 -0.759607
10.551728 4.334167 32.123799
6.374642 6.810010 16.819862
10.900198 11.353790 -0.452147
2.667548 1.759105 32.431259
6.263504 6.023044 17.370659
6.938989 7.434916 17.278586
18.347587 11.446287 -0.098650
10.114936 1.851602 32.784756
13.453461 7.164308 16.584746
14.266378 5.859909 16.893850
18.296913 11.198483 -1.016097
10.064263 1.603798 31.867309
18.598920 19.054207 -4.542843
10.366269 9.459522 28.340563
9.741234 14.680646 20.014485
12.356502 14.757627 -2.372538
4.123852 5.162942 30.510868
5.472568 8.077062 23.187734
13.584323 4.387696 25.497793
15.368987 7.412286 16.565016
7.776914 4.413589 23.833893
7.638390 6.308231 24.996321
7.080337 14.487156 20.940153
5.507950 5.453165 21.665232
9.940942 5.858969 22.431415
8.062487 7.099265 22.193011
19.140110 16.928137 -0.917447
10.907459 7.333452 31.965959
6.616914 12.082673 16.604476
8.352557 12.097441 21.992422
10.234043 13.019806 22.534998
18.371863 16.390438 -3.636905
10.139212 6.795753 29.246501
19.807335 14.753781 -3.079531
11.574685 5.159095 29.803875
20.245672 19.237295 -2.254157
12.013022 9.642610 30.629248
11.222905 17.413379 -2.704660
2.990255 7.818693 30.178746
16.163682 17.645414 -2.247581
7.931032 8.050729 30.635825
17.133757 19.540560 -2.097961
8.901106 9.945875 30.785445
4.865734 5.653967 24.386334
10.265801 14.161975 -0.412687
2.033150 4.567290 32.470719
10.508244 21.396161 6.770036
12.897294 19.246620 5.562721
14.682154 -7.405813 13.846380
14.325507 23.648139 13.846380
6.329381 21.304817 14.751003
15.122449 -7.103456 10.757806
14.765802 23.950496 10.757806
15.037802 23.062604 10.813708
15.130518 -6.454828 9.503304
14.773871 24.599125 9.503304
15.371376 -6.912060 8.728900
15.014728 24.141892 8.728900
14.766425 -5.101859 9.460556
14.409778 25.952093 9.460556
14.744468 -4.666352 8.638471
14.387821 26.387600 8.638471
14.414859 -5.118678 11.788701
14.058211 25.935274 11.788701
14.171699 -4.657381 12.559817
13.815052 26.396571 12.559817
14.446454 -4.414204 10.576948
14.089806 26.639748 10.576948
13.882194 17.756777 10.599966
14.308934 18.527169 11.578247
14.807839 18.151223 12.267155
14.026730 19.922097 11.604554
13.248686 20.436379 10.629561
13.016446 21.336513 10.655868
13.072157 18.269191 9.588801
12.964187 -2.993056 8.931133
12.607540 28.060896 8.931133
12.785843 19.638368 9.575648
12.050613 20.274925 8.426373
13.448002 -0.780853 2.548464
5.215352 -10.375538 35.431870
13.091354 30.273099 2.548464
4.858704 20.678414 35.431870
12.295486 20.069476 2.624096
4.062835 10.474791 35.507502
14.098678 -0.506690 1.282453
5.866028 -10.101375 34.165859
13.742031 30.547262 1.282453
5.509380 20.952577 34.165859
13.413186 20.603602 0.577104
5.180536 11.008917 33.460510
15.412598 -0.884561 1.190379
7.179948 -10.479246 34.073785
15.055951 30.169391 1.190379
6.823300 20.574706 34.073785
15.834708 -0.861188 0.361717
7.602058 -10.455873 33.245123
15.478061 30.192764 0.361717
7.245410 20.598079 33.245123
15.347648 -1.514784 3.492218
7.114997 -11.109469 36.375624
14.991000 29.539168 3.492218
6.758350 19.944483 36.375624
15.780333 -1.877173 4.230450
7.547683 -11.471858 37.113856
15.423686 29.176779 4.230450
7.191035 19.582094 37.113856
16.099449 -1.286849 2.264022
7.866799 -10.881534 35.147428
15.742801 29.767103 2.264022
7.510151 20.172418 35.147428
17.542808 -1.616853 2.227851
9.310158 -11.211538 35.111257
17.186161 29.437099 2.227851
8.953510 19.842414 35.111257
18.091211 -2.374721 1.164073
9.858560 -11.969406 34.047479
17.734563 28.679231 1.164073
9.501913 19.084546 34.047479
17.557467 -2.694939 0.473521
9.324816 -12.289624 33.356927
17.200819 28.359013 0.473521
8.968169 18.764328 33.356927
18.375681 -1.213177 3.306426
10.143031 -10.807862 36.189832
18.019034 29.840775 3.306426
9.786383 20.246090 36.189832
17.759620 19.929068 4.034794
9.526970 10.334383 36.918200
19.484434 -2.625097 1.192023
11.251783 -12.219782 34.075429
19.127786 28.428855 1.192023
10.895136 18.834170 34.075429
19.721368 -1.457140 3.298206
11.488718 -11.051825 36.181612
19.364721 29.596812 3.298206
11.132070 20.002127 36.181612
9.992044 -2.232328 2.268955
1.759394 -11.827013 35.152361
9.635397 28.821624 2.268955
1.402746 19.226939 35.152361
10.887827 -2.480963 2.305127
2.655177 -12.075648 35.188533
10.531180 28.572989 2.305127
2.298529 18.978304 35.188533
20.077774 -3.450374 0.100294
11.845124 -13.045059 32.983700
19.721127 27.603578 0.100294
11.488477 18.008893 32.983700
10.026243 19.689059 4.445836
1.793593 10.094374 37.329242
14.636180 20.806554 12.681486
8.996722 20.941386 13.187890
8.835050 21.828449 12.960994
10.121217 20.295351 12.620651
10.733402 20.757336 12.094517
8.315188 19.013871 14.195766
7.706580 18.560395 14.731766
10.270108 18.932001 12.887007
11.020585 18.487205 12.563105
9.340412 18.228750 13.612086
9.394217 16.794404 13.919546
8.439977 -4.700082 13.965583
8.083330 26.353870 13.965583
7.624605 -4.255782 13.908037
7.267957 26.798170 13.908037
10.799721 -4.565290 14.042859
10.443073 26.488662 14.042859
11.353340 16.624060 14.006687
8.412391 -6.042550 14.082319
8.055743 25.011402 14.082319
10.872638 -5.943029 14.223717
10.515991 25.110923 14.223717
9.743047 -6.646339 14.271398
9.386400 24.407613 14.271398
9.796495 -7.560314 14.430883
9.439847 23.493638 14.430883
12.252683 -6.620260 14.302637
11.896035 24.433692 14.302637
7.253197 -6.833339 14.039570
6.896550 24.220613 14.039570
18.785960 -5.418875 6.839748
18.429312 25.635077 6.839748
18.352748 -4.596704 6.874276
17.996100 26.457248 6.874276
10.469090 -6.668967 7.079797
10.112443 24.384986 7.079797
11.375631 -6.717067 7.283674
11.018983 24.336885 7.283674
9.905483 -5.526561 7.130767
9.548835 25.527391 7.130767
10.398625 -4.769431 7.352730
10.041977 26.284522 7.352730
18.482652 23.311948 6.422129
18.059950 22.541540 6.117958
18.086548 -6.584830 6.507626
17.729900 24.469123 6.507626
16.286943 24.512303 6.157418
15.958954 -5.296282 6.071921
15.602306 25.757670 6.071921
16.452271 -4.511174 6.137688
16.095623 26.542778 6.137688
15.531331 23.336447 6.047258
15.956687 22.511547 6.096583
14.128334 23.388031 5.859823
14.633773 -5.210160 5.900927
14.277126 25.843792 5.900927
13.510080 24.639660 5.731578
12.602028 24.691093 5.537566
13.953563 -3.853101 5.833516
13.596915 27.200851 5.833516
13.329027 22.112269 5.861467
8.596873 19.800403 8.520090
9.261683 19.162229 8.631894
16.703769 20.665284 8.926201
16.758018 21.012251 8.035060
16.953727 21.341185 9.554274
15.797950 20.383674 9.103771
17.370880 18.419052 9.848580
17.722240 -3.079360 9.319157
17.365592 27.974592 9.319157
16.481016 18.438130 10.205365
7.706475 18.411334 10.570371
15.320079 19.098608 16.033949
14.549170 19.482827 15.682096
10.372085 21.958670 0.378159
2.139435 12.363985 33.261565
6.664991 16.907765 15.989556
10.260947 21.171704 0.928956
2.028296 11.577019 33.812362
10.936432 22.583575 0.836883
2.703781 12.988890 33.720289
14.112379 17.000262 16.343053
17.450903 22.312968 0.143043
9.218253 12.718283 33.026449
18.263821 21.008569 0.452147
10.031171 11.413883 33.335553
14.061706 16.752458 15.425606
14.720360 -6.445770 11.898860
14.363712 24.608182 11.898860
14.095324 -1.224646 3.572782
5.862674 -10.819331 36.456188
13.738677 29.829306 3.572782
5.506026 20.234621 36.456188
8.121295 20.311601 14.069165
9.470010 23.225722 6.746031
17.581766 19.536356 9.056090
19.366429 22.560946 0.123313
11.133779 12.966261 33.006719
11.774356 19.562249 7.392190
11.635833 21.456891 8.554618
11.434427 -1.418136 4.498450
3.201776 -11.012821 37.381856
11.077779 29.635816 4.498450
2.845129 20.041131 37.381856
9.505393 20.601825 5.223529
13.938384 21.007629 5.989712
12.059929 22.247925 5.751308
15.261550 -8.571840 15.524256
14.904902 22.482112 15.524256
10.971005 -3.822619 0.162773
2.738354 -13.417304 33.046179
10.614357 27.231333 0.162773
2.381707 17.636648 33.046179
12.706648 -3.807851 5.550719
12.350000 27.246101 5.550719
14.588133 -2.885486 6.093295
14.231486 28.168466 6.093295
14.136655 21.944413 12.804798
15.572128 20.307755 13.362172
16.367112 -6.262682 14.187545
16.010464 24.791270 14.187545
7.344345 -8.086599 13.737043
6.987697 22.967353 13.737043
12.285122 -7.854563 14.194122
11.928474 23.199389 14.194122
13.255197 -5.959417 14.343742
12.898549 25.094535 14.343742
8.863176 20.802627 7.944631
6.030593 19.715950 16.029016
6.391919 16.598819 23.211739
8.780969 14.449278 22.004424
18.798479 -2.608470 -2.595323
10.565829 -12.203155 30.288083
18.441832 28.445482 -2.595323
10.209181 18.850797 30.288083
10.445706 26.102159 -1.690700
2.213056 16.507474 31.192706
11.006124 -11.900798 27.199509
10.649476 19.153154 27.199509
10.921477 18.265262 27.255411
11.014193 -11.252170 25.945007
10.657545 19.801782 25.945007
11.255051 -11.709402 25.170603
10.898403 19.344550 25.170603
10.650100 -9.899201 25.902259
10.293452 21.154751 25.902259
10.628143 -9.463694 25.080174
10.271496 21.590258 25.080174
18.531184 -0.321336 -4.653002
10.298533 -9.916021 28.230404
18.174536 30.732616 -4.653002
9.941886 21.137931 28.230404
18.288024 0.139961 -3.881886
10.055374 -9.454724 29.001520
17.931377 31.193913 -3.881886
9.698726 21.599228 29.001520
10.330128 -9.211547 27.018650
9.973481 21.842405 27.018650
9.765869 12.959434 27.041669
18.425259 23.324512 -4.863456
10.192609 13.729827 28.019950
18.924164 22.948566 -4.174548
10.691514 13.353881 28.708858
18.143055 24.719439 -4.837149
9.910404 15.124754 28.046257
9.132361 15.639036 27.071264
8.900121 16.539171 27.097571
8.955832 13.471848 26.030504
8.847862 -7.790398 25.372836
8.491214 23.263554 25.372836
8.669518 14.841025 26.017351
7.934288 15.477583 24.868076
9.331677 -5.578195 18.990167
8.975029 25.475757 18.990167
8.179161 15.272133 19.065799
9.982353 -5.304032 17.724156
9.625705 25.749920 17.724156
9.296861 15.806259 17.018807
11.296273 -5.681903 17.632082
10.939625 25.372049 17.632082
11.718383 -5.658530 16.803420
11.361735 25.395422 16.803420
11.231322 -6.312126 19.933921
10.874675 24.741826 19.933921
11.664008 -6.674516 20.672153
11.307360 24.379437 20.672153
11.983124 -6.084191 18.705725
11.626476 24.969761 18.705725
13.426483 -6.414195 18.669554
13.069836 24.639757 18.669554
13.974886 -7.172063 17.605776
13.618238 23.881889 17.605776
13.441141 -7.492281 16.915224
13.084494 23.561671 16.915224
14.259356 -6.010520 19.748129
13.902708 25.043432 19.748129
13.643295 15.131726 20.476497
15.368108 -7.422440 17.633726
15.011461 23.631512 17.633726
15.605043 -6.254482 19.739909
15.248396 24.799470 19.739909
5.875719 -7.029671 18.710658
5.519071 24.024281 18.710658
6.771502 -7.278305 18.746830
6.414855 23.775647 18.746830
15.961449 -8.247717 16.541997
15.604802 22.806235 16.541997
5.909918 14.891717 20.887539
18.752505 25.603896 -3.760217
10.519855 16.009211 29.123188
13.113047 25.738729 -3.253813
4.880397 16.144044 29.629593
12.951376 26.625792 -3.480709
4.718725 17.031107 29.402697
14.237542 25.092694 -3.821052
6.004891 15.498009 29.062354
14.849727 25.554678 -4.347186
6.617077 15.959993 28.536220
12.431513 23.811214 -2.245937
4.198863 14.216529 30.637469
11.822906 23.357738 -1.709937
3.590255 13.763053 31.173469
14.386433 23.729343 -3.554696
6.153783 14.134658 29.328710
15.136910 23.284547 -3.878598
6.904260 13.689862 29.004808
13.456737 23.026093 -2.829617
5.224086 13.431408 30.053789
13.510542 21.591747 -2.522157
5.277892 11.997062 30.361249
12.556302 0.097260 -2.476120
4.323652 -9.497425 30.407285
12.199655 31.151212 -2.476120
3.967004 21.556527 30.407285
11.740930 0.541560 -2.533666
3.508279 -9.053125 30.349740
11.384282 31.595512 -2.533666
3.151632 22.000827 30.349740
14.916046 0.232053 -2.398844
6.683396 -9.362632 30.484561
14.559399 31.286005 -2.398844
6.326748 21.691320 30.484561
15.469665 21.421402 -2.435016
7.237015 11.826717 30.448390
12.528716 -1.245207 -2.359384
4.296065 -10.839892 30.524022
12.172068 29.808745 -2.359384
3.939418 20.214060 30.524022
14.988964 -1.145687 -2.217986
6.756313 -10.740372 30.665420
14.632316 29.908265 -2.217986
6.399666 20.313580 30.665420
13.859372 -1.848997 -2.170305
5.626722 -11.443682 30.713101
13.502725 29.204955 -2.170305
5.270074 19.610270 30.713101
13.912820 -2.762971 -2.010820
5.680170 -12.357656 30.872586
13.556173 28.290981 -2.010820
5.323522 18.696296 30.872586
16.369008 -1.822917 -2.139066
8.136358 -11.417602 30.744340
16.012361 29.231035 -2.139066
7.779710 19.636350 30.744340
11.369522 -2.035997 -2.402133
3.136872 -11.630682 30.481273
11.012875 29.017955 -2.402133
2.780225 19.423270 30.481273
14.669635 -10.216218 23.281451
14.312987 20.837734 23.281451
14.236423 -9.394046 23.315979
13.879775 21.659906 23.315979
6.352765 -11.466309 23.521500
5.996117 19.587643 23.521500
7.259306 -11.514410 23.725377
6.902658 19.539542 23.725377
5.789158 -10.323904 23.572470
5.432510 20.730049 23.572470
6.282300 -9.566773 23.794433
5.925652 21.487179 23.794433
14.366327 18.514606 22.863832
13.943625 17.744197 22.559661
13.970223 -11.382172 22.949329
13.613575 19.671780 22.949329
12.170618 19.714961 22.599121
11.842629 -10.093625 22.513624
11.485981 20.960327 22.513624
12.335945 -9.308517 22.579391
11.979298 21.745435 22.579391
11.415006 18.539104 22.488961
11.840362 17.714204 22.538286
10.012009 18.590689 22.301526
10.517448 -10.007503 22.342630
10.160800 21.046449 22.342630
9.393755 19.842317 22.173281
8.485703 19.893750 21.979269
9.837238 -8.650443 22.275219
9.480590 22.403509 22.275219
9.212702 17.314927 22.303170
4.480547 15.003061 24.961793
5.145358 14.364887 25.073597
12.587444 15.867942 25.367904
12.641693 16.214909 24.476763
12.837402 16.543842 25.995977
11.681625 15.586331 25.545474
13.254555 13.621709 26.290283
13.605915 -7.876702 25.760860
13.249267 23.177250 25.760860
12.364691 13.640787 26.647068
3.590149 13.613992 27.012074
19.436404 23.895950 -0.407754
11.203753 14.301265 32.475652
18.665496 24.280169 -0.759607
10.432845 14.685484 32.123799
6.255760 17.161327 16.819862
10.781316 21.705107 -0.452147
2.548666 12.110422 32.431259
6.144622 16.374362 17.370659
6.820107 17.786233 17.278586
18.228704 21.797604 -0.098650
9.996054 12.202919 32.784756
13.334578 17.515626 16.584746
14.147496 16.211226 16.893850
18.178031 21.549801 -1.016097
9.945381 11.955116 31.867309
18.836685 -1.648428 -4.542843
10.604034 -11.243113 28.340563
18.480037 29.405524 -4.542843
10.247387 19.810839 28.340563
9.978999 -6.021988 20.014485
9.622351 25.031964 20.014485
12.237620 25.108944 -2.372538
4.004969 15.514259 30.510868
5.353685 18.428379 23.187734
13.465441 14.739014 25.497793
15.250104 17.763603 16.565016
7.658031 14.764906 23.833893
7.519507 16.659549 24.996321
7.318102 -6.215479 20.940153
6.961454 24.838473 20.940153
5.389068 15.804483 21.665232
9.822059 16.210287 22.431415
7.943604 17.450582 22.193011
19.377875 -3.774498 -0.917447
11.145224 -13.369183 31.965959
19.021227 27.279454 -0.917447
10.788577 17.684769 31.965959
6.854679 -8.619962 16.604476
6.498032 22.433990 16.604476
8.590322 -8.605194 21.992422
8.233675 22.448758 21.992422
10.471808 -7.682829 22.534998
10.115161 23.371123 22.534998
18.252980 26.741755 -3.636905
10.020330 17.147070 29.246501
19.688453 25.105098 -3.079531
11.455803 15.510413 29.803875
20.483437 -1.465340 -2.254157
12.250787 -11.060025 30.629248
20.126790 29.588613 -2.254157
11.894139 19.993927 30.629248
11.460670 -3.289256 -2.704660
3.228020 -12.883941 30.178746
11.104022 27.764696 -2.704660
2.871372 18.170011 30.178746
16.401447 -3.057221 -2.247581
8.168797 -12.651906 30.635825
16.044799 27.996731 -2.247581
7.812149 18.402046 30.635825
17.371522 -1.162075 -2.097961
9.138871 -10.756760 30.785445
17.014874 29.891877 -2.097961
8.782224 20.297192 30.785445
4.746851 16.005284 24.386334
10.146918 24.513293 -0.412687
1.914268 14.918608 32.470719
21.044009 0.693526 6.770036
20.687362 31.747478 6.770036
23.433059 -1.456015 5.562721
23.076412 29.597937 5.562721
-6.032728 2.945505 13.846380
24.861272 2.945505 13.846380
16.865146 0.602182 14.751003
-5.592433 3.247862 10.757806
25.301567 3.247862 10.757806
-5.320432 2.359970 10.813708
25.573568 2.359970 10.813708
-5.584364 3.896490 9.503304
25.309636 3.896490 9.503304
-5.343507 3.439258 8.728900
25.550493 3.439258 8.728900
-5.948457 5.249458 9.460556
24.945543 5.249458 9.460556
-5.970414 5.684966 8.638471
24.923586 5.684966 8.638471
-6.300024 5.232639 11.788701
24.593976 5.232639 11.788701
-6.543183 5.693936 12.559817
24.350817 5.693936 12.559817
-6.268429 5.937113 10.576948
24.625571 5.937113 10.576948
-6.476041 -2.945858 10.599966
-6.832689 28.108094 10.599966
24.417959 -2.945858 10.599966
24.061311 28.108094 10.599966
-6.049301 -2.175466 11.578247
-6.405949 28.878487 11.578247
24.844699 -2.175466 11.578247
24.488051 28.878487 11.578247
-5.550396 -2.551411 12.267155
-5.907044 28.502541 12.267155
25.343604 -2.551411 12.267155
24.986956 28.502541 12.267155
-6.331505 -0.780538 11.604554
-6.688153 30.273414 11.604554
24.562495 -0.780538 11.604554
24.205847 30.273414 11.604554
-7.109549 -0.266256 10.629561
-7.466196 30.787696 10.629561
23.784451 -0.266256 10.629561
23.427804 30.787696 10.629561
-7.341789 0.633879 10.655868
-7.698436 31.687831 10.655868
23.552211 0.633879 10.655868
23.195564 31.687831 10.655868
23.607922 -2.433444 9.588801
23.251275 28.620508 9.588801
23.143305 7.358262 8.931133
23.321608 -1.064267 9.575648
22.964961 29.989685 9.575648
22.586378 -0.427710 8.426373
22.229730 30.626242 8.426373
23.627119 9.570465 2.548464
15.394469 -0.024221 35.431870
22.831251 -0.633159 2.624096
14.598600 -10.227844 35.507502
22.474603 30.420793 2.624096
14.241953 20.826108 35.507502
24.277796 9.844628 1.282453
16.045145 0.249943 34.165859
23.948951 -0.099033 0.577104
15.716301 -9.693718 33.460510
23.592304 30.954919 0.577104
15.359653 21.360234 33.460510
25.591716 9.466756 1.190379
17.359065 -0.127929 34.073785
26.013826 9.490130 0.361717
17.781175 -0.104555 33.245123
-5.367235 8.836534 3.492218
-13.599885 -0.758151 36.375624
25.526765 8.836534 3.492218
17.294115 -0.758151 36.375624
-4.934549 8.474144 4.230450
-13.167200 -1.120541 37.113856
25.959451 8.474144 4.230450
17.726800 -1.120541 37.113856
-4.615434 9.064469 2.264022
-12.848084 -0.530216 35.147428
26.278566 9.064469 2.264022
18.045916 -0.530216 35.147428
-3.172074 8.734464 2.227851
-11.404725 -0.860221 35.111257
27.721926 8.734464 2.227851
19.489275 -0.860221 35.111257
-2.623672 7.976597 1.164073
-10.856322 -1.618089 34.047479
28.270328 7.976597 1.164073
20.037678 -1.618089 34.047479
-3.157416 7.656379 0.473521
-11.390066 -1.938307 33.356927
27.736584 7.656379 0.473521
19.503934 -1.938307 33.356927
-2.339201 9.138140 3.306426
-10.571852 -0.456545 36.189832
28.554799 9.138140 3.306426
20.322148 -0.456545 36.189832
-2.598615 -0.773566 4.034794
-10.831265 -10.368252 36.918200
-2.955263 30.280386 4.034794
-11.187913 20.685701 36.918200
28.295385 -0.773566 4.034794
20.062735 -10.368252 36.918200
27.938737 30.280386 4.034794
19.706087 20.685701 36.918200
-1.230449 7.726220 1.192023
-9.463099 -1.868465 34.075429
29.663551 7.726220 1.192023
21.430901 -1.868465 34.075429
-0.993514 8.894177 3.298206
-9.226165 -0.700508 36.181612
29.900486 8.894177 3.298206
21.667835 -0.700508 36.181612
20.171162 8.118989 2.268955
11.938511 -1.475696 35.152361
21.066945 7.870355 2.305127
12.834294 -1.724330 35.188533
-0.637108 6.900943 0.100294
-8.869758 -2.693742 32.983700
30.256892 6.900943 0.100294
22.024242 -2.693742 32.983700
20.562008 -1.013575 4.445836
12.329358 -10.608260 37.329242
20.205361 30.040377 4.445836
11.972710 20.445692 37.329242
-5.722055 0.103919 12.681486
-6.078702 31.157871 12.681486
25.171945 0.103919 12.681486
24.815298 31.157871 12.681486
19.532487 0.238752 13.187890
19.175839 31.292704 13.187890
19.370815 1.125814 12.960994
20.656982 -0.407283 12.620651
20.300334 30.646669 12.620651
21.269167 0.054701 12.094517
20.912520 31.108653 12.094517
18.850953 -1.688763 14.195766
18.494305 29.365189 14.195766
18.242345 -2.142239 14.731766
17.885698 28.911713 14.731766
20.805873 -1.770634 12.887007
20.449226 29.283318 12.887007
21.556350 -2.215430 12.563105
21.199702 28.838522 12.563105
19.876177 -2.473884 13.612086
19.519529 28.580068 13.612086
19.929982 -3.908231 13.919546
19.573334 27.145721 13.919546
18.619095 5.651235 13.965583
17.803722 6.095535 13.908037
20.978838 5.786028 14.042859
21.889105 -4.078575 14.006687
21.532458 26.975377 14.006687
18.591508 4.308767 14.082319
21.051756 4.408288 14.223717
19.922165 3.704978 14.271398
19.975612 2.791004 14.430883
22.431800 3.731058 14.302637
17.432315 3.517978 14.039570
-1.928923 4.932442 6.839748
28.965077 4.932442 6.839748
-2.362135 5.754614 6.874276
28.531865 5.754614 6.874276
20.648208 3.682351 7.079797
21.554749 3.634250 7.283674
20.084600 4.824756 7.130767
20.577742 5.581887 7.352730
-1.875583 2.609314 6.422129
-2.232230 33.663266 6.422129
29.018417 2.609314 6.422129
28.661770 33.663266 6.422129
-2.298285 1.838905 6.117958
-2.654932 32.892857 6.117958
28.595715 1.838905 6.117958
28.239068 32.892857 6.117958
-2.628335 3.766488 6.507626
28.265665 3.766488 6.507626
-4.071292 3.809669 6.157418
26.822708 3.809669 6.157418
-4.755929 5.055035 6.071921
26.138071 5.055035 6.071921
-4.262612 5.840143 6.137688
26.631388 5.840143 6.137688
-4.826904 2.633812 6.047258
-5.183552 33.687764 6.047258
26.067096 2.633812 6.047258
25.710448 33.687764 6.047258
-4.401548 1.808912 6.096583
-4.758195 32.862864 6.096583
26.492452 1.808912 6.096583
26.135805 32.862864 6.096583
24.664099 2.685396 5.859823
24.307452 33.739349 5.859823
-6.081109 5.141157 5.900927
24.812891 5.141157 5.900927
24.045845 3.937025 5.731578
23.137793 3.988458 5.537566
24.132680 6.498216 5.833516
23.864792 1.409634 5.861467
23.508145 32.463587 5.861467
19.132638 -0.902231 8.520090
18.775990 30.151721 8.520090
19.797448 -1.540405 8.631894
19.440801 29.513547 8.631894
-3.654466 -0.037351 8.926201
-4.011113 31.016602 8.926201
27.239534 -0.037351 8.926201
26.882887 31.016602 8.926201
-3.600217 0.309616 8.035060
-3.956865 31.363569 8.035060
27.293783 0.309616 8.035060
26.937135 31.363569 8.035060
-3.404508 0.638550 9.554274
-3.761155 31.692502 9.554274
27.489492 0.638550 9.554274
27.132845 31.692502 9.554274
-4.560285 -0.318961 9.103771
-4.916933 30.734991 9.103771
26.333715 -0.318961 9.103771
25.977067 30.734991 9.103771
-2.987355 -2.283583 9.848580
-3.344003 28.770369 9.848580
27.906645 -2.283583 9.848580
27.549997 28.770369 9.848580
-2.992643 7.271958 9.319157
27.901357 7.271958 9.319157
-3.877219 -2.264505 10.205365
-4.233866 28.789447 10.205365
27.016781 -2.264505 10.205365
26.660134 28.789447 10.205365
18.242240 -2.291301 10.570371
17.885592 28.762651 10.570371
-5.038156 -1.604027 16.033949
-5.394804 29.449925 16.033949
25.855844 -1.604027 16.033949
25.499196 29.449925 16.033949
-5.809064 -1.219808 15.682096
-6.165712 29.834144 15.682096
25.084936 -1.219808 15.682096
24.728288 29.834144 15.682096
20.907850 1.256035 0.378159
12.675200 -8.338650 33.261565
20.551202 32.309987 0.378159
12.318552 22.715302 33.261565
17.200756 -3.794870 15.989556
16.844108 27.259082 15.989556
20.796712 0.469069 0.928956
12.564061 -9.125616 33.812362
20.440064 31.523021 0.928956
12.207414 21.928336 33.812362
21.472197 1.880941 0.836883
13.239546 -7.713744 33.720289
21.115549 32.934893 0.836883
12.882899 23.340208 33.720289
-6.245856 -3.702373 16.343053
-6.602504 27.351579 16.343053
24.648144 -3.702373 16.343053
24.291496 27.351579 16.343053
-2.907332 1.610333 0.143043
-11.139982 -7.984352 33.026449
-3.263979 32.664285 0.143043
-11.496630 23.069600 33.026449
27.986668 1.610333 0.143043
19.754018 -7.984352 33.026449
27.630021 32.664285 0.143043
19.397370 23.069600 33.026449
-2.094414 0.305934 0.452147
-10.327064 -9.288751 33.335553
-2.451061 31.359886 0.452147
-10.683712 21.765201 33.335553
28.799586 0.305934 0.452147
20.566936 -9.288751 33.335553
28.442939 31.359886 0.452147
20.210288 21.765201 33.335553
-6.296529 -3.950177 15.425606
-6.653177 27.103775 15.425606
24.597471 -3.950177 15.425606
24.240823 27.103775 15.425606
-5.994523 3.905547 11.898860
24.899477 3.905547 11.898860
24.274442 9.126672 3.572782
16.041791 -0.468013 36.456188
18.657060 -0.391033 14.069165
18.300412 30.662919 14.069165
20.005775 2.523087 6.746031
19.649128 33.577039 6.746031
-2.776469 -1.166278 9.056090
-3.133117 29.887674 9.056090
28.117531 -1.166278 9.056090
27.760883 29.887674 9.056090
-0.991806 1.858311 0.123313
-9.224456 -7.736374 33.006719
-1.348453 32.912263 0.123313
-9.581103 23.317578 33.006719
29.902194 1.858311 0.123313
21.669544 -7.736374 33.006719
29.545547 32.912263 0.123313
21.312897 23.317578 33.006719
22.310121 -1.140386 7.392190
21.953474 29.913566 7.392190
22.171598 0.754256 8.554618
21.814950 31.808208 8.554618
21.613544 8.933181 4.498450
13.380894 -0.661504 37.381856
20.041158 -0.100810 5.223529
19.684510 30.953142 5.223529
24.474149 0.304994 5.989712
24.117502 31.358946 5.989712
22.595694 1.545290 5.751308
22.239047 32.599242 5.751308
-5.453333 1.779477 15.524256
25.440667 1.779477 15.524256
21.150122 6.528698 0.162773
12.917472 -3.065987 33.046179
22.885765 6.543466 5.550719
-6.126749 7.465831 6.093295
24.767251 7.465831 6.093295
-6.221580 1.241778 12.804798
24.672420 1.241778 12.804798
-4.786107 -0.394879 13.362172
-5.142755 30.659073 13.362172
26.107893 -0.394879 13.362172
25.751245 30.659073 13.362172
-4.347771 4.088635 14.187545
26.546229 4.088635 14.187545
17.523462 2.264719 13.737043
22.464239 2.496754 14.194122
-7.459686 4.391900 14.343742
23.434314 4.391900 14.343742
19.398942 0.099992 7.944631
19.042294 31.153944 7.944631
16.566358 -0.986685 16.029016
16.209710 30.067267 16.029016
16.927684 -4.103816 23.211739
16.571037 26.950136 23.211739
19.316734 -6.253357 22.004424
18.960086 24.800595 22.004424
-1.916403 7.742847 -2.595323
-10.149054 -1.851838 30.288083
28.977597 7.742847 -2.595323
20.744946 -1.851838 30.288083
20.981471 5.399525 -1.690700
12.748821 -4.195160 31.192706
-9.708758 -1.549481 27.199509
21.185242 -1.549481 27.199509
-9.436758 -2.437373 27.255411
21.457242 -2.437373 27.255411
-9.700690 -0.900853 25.945007
21.193310 -0.900853 25.945007
-9.459832 -1.358085 25.170603
21.434168 -1.358085 25.170603
-10.064783 0.452116 25.902259
20.829217 0.452116 25.902259
-10.086739 0.887623 25.080174
20.807261 0.887623 25.080174
-2.183699 10.029982 -4.653002
-10.416349 0.435297 28.230404
28.710301 10.029982 -4.653002
20.477651 0.435297 28.230404
-2.426858 10.491279 -3.881886
-10.659508 0.896594 29.001520
28.467142 10.491279 -3.881886
20.234492 0.896594 29.001520
-10.384754 1.139770 27.018650
20.509246 1.139770 27.018650
-10.592366 -7.743201 27.041669
-10.949014 23.310752 27.041669
20.301634 -7.743201 27.041669
19.944986 23.310752 27.041669
-1.932976 2.621877 -4.863456
-10.165626 -6.972808 28.019950
-2.289623 33.675829 -4.863456
-10.522274 24.081144 28.019950
28.961024 2.621877 -4.863456
20.728374 -6.972808 28.019950
28.604377 33.675829 -4.863456
20.371726 24.081144 28.019950
-1.434071 2.245931 -4.174548
-9.666721 -7.348754 28.708858
-1.790718 33.299883 -4.174548
-10.023369 23.705198 28.708858
29.459929 2.245931 -4.174548
21.227279 -7.348754 28.708858
29.103282 33.299883 -4.174548
20.870631 23.705198 28.708858
-2.215180 4.016805 -4.837149
-10.447831 -5.577880 28.046257
-2.571828 35.070757 -4.837149
-10.804478 25.476072 28.046257
28.678820 4.016805 -4.837149
20.446169 -5.577880 28.046257
28.322172 35.070757 -4.837149
20.089522 25.476072 28.046257
-11.225874 -5.063599 27.071264
-11.582521 25.990353 27.071264
19.668126 -5.063599 27.071264
19.311479 25.990353 27.071264
-11.458114 -4.163464 27.097571
-11.814762 26.890488 27.097571
19.435886 -4.163464 27.097571
19.079238 26.890488 27.097571
19.491597 -7.230786 26.030504
19.134950 23.823166 26.030504
19.026979 2.560919 25.372836
19.205283 -5.861610 26.017351
18.848635 25.192342 26.017351
18.470053 -5.225052 24.868076
18.113405 25.828900 24.868076
19.510794 4.773122 18.990167
18.714926 -5.430502 19.065799
18.358278 25.623451 19.065799
20.161470 5.047285 17.724156
19.832626 -4.896375 17.018807
19.475978 26.157577 17.018807
21.475390 4.669414 17.632082
21.897500 4.692787 16.803420
-9.483560 4.039191 19.933921
21.410440 4.039191 19.933921
-9.050875 3.676802 20.672153
21.843125 3.676802 20.672153
-8.731759 4.267126 18.705725
22.162241 4.267126 18.705725
-7.288399 3.937122 18.669554
23.605601 3.937122 18.669554
-6.739997 3.179254 17.605776
24.154003 3.179254 17.605776
-7.273741 2.859036 16.915224
23.620259 2.859036 16.915224
-6.455527 4.340798 19.748129
24.438473 4.340798 19.748129
-6.714940 -5.570909 20.476497
-7.071588 25.483043 20.476497
24.179060 -5.570909 20.476497
23.822412 25.483043 20.476497
-5.346774 2.928878 17.633726
25.547226 2.928878 17.633726
-5.109839 4.096835 19.739909
25.784161 4.096835 19.739909
16.054836 3.321647 18.710658
16.950620 3.073012 18.746830
-4.753433 2.103601 16.541997
26.140567 2.103601 16.541997
16.445683 -5.810918 20.887539
16.089035 25.243034 20.887539
-1.605730 4.901261 -3.760217
-9.838380 -4.693424 29.123188
-1.962377 35.955213 -3.760217
-10.195027 26.360528 29.123188
29.288270 4.901261 -3.760217
21.055620 -4.693424 29.123188
28.931623 35.955213 -3.760217
20.698973 26.360528 29.123188
23.648812 5.036094 -3.253813
15.416162 -4.558591 29.629593
23.292165 36.090046 -3.253813
15.059514 26.495361 29.629593
23.487141 5.923157 -3.480709
15.254490 -3.671528 29.402697
24.773307 4.390059 -3.821052
16.540656 -5.204626 29.062354
24.416659 35.444011 -3.821052
16.184009 25.849326 29.062354
25.385492 4.852043 -4.347186
17.152842 -4.742642 28.536220
25.028845 35.905995 -4.347186
16.796195 26.311310 28.536220
22.967278 3.108579 -2.245937
14.734628 -6.486106 30.637469
22.610631 34.162531 -2.245937
14.377980 24.567846 30.637469
22.358671 2.655103 -1.709937
14.126020 -6.939582 31.173469
22.002023 33.709055 -1.709937
13.769373 24.114370 31.173469
24.922198 3.026709 -3.554696
16.689548 -6.567976 29.328710
24.565551 34.080661 -3.554696
16.332901 24.485976 29.328710
25.672675 2.581913 -3.878598
17.440025 -7.012772 29.004808
25.316028 33.635865 -3.878598
17.083377 24.041180 29.004808
23.992502 2.323458 -2.829617
15.759851 -7.271227 30.053789
23.635854 33.377410 -2.829617
15.403204 23.782725 30.053789
24.046307 0.889112 -2.522157
15.813657 -8.705573 30.361249
23.689659 31.943064 -2.522157
15.457009 22.348379 30.361249
22.735420 10.448578 -2.476120
14.502769 0.853893 30.407285
21.920047 10.892878 -2.533666
13.687397 1.298193 30.349740
25.095164 10.583370 -2.398844
16.862513 0.988685 30.484561
26.005430 0.718767 -2.435016
17.772780 -8.875918 30.448390
25.648783 31.772720 -2.435016
17.416133 22.178035 30.448390
22.707833 9.106110 -2.359384
14.475183 -0.488575 30.524022
25.168081 9.205631 -2.217986
16.935431 -0.389054 30.665420
24.038490 8.502321 -2.170305
15.805839 -1.092364 30.713101
24.091938 7.588346 -2.010820
15.859287 -2.006339 30.872586
26.548126 8.528400 -2.139066
18.315475 -1.066285 30.744340
21.548640 8.315321 -2.402133
13.315990 -1.279364 30.481273
-6.045248 0.135100 23.281451
24.848752 0.135100 23.281451
-6.478460 0.957271 23.315979
24.415540 0.957271 23.315979
16.531883 -1.114992 23.521500
17.438423 -1.163092 23.725377
15.968275 0.027414 23.572470
16.461417 0.784544 23.794433
-5.991908 -2.188029 22.863832
-6.348555 28.865923 22.863832
24.902092 -2.188029 22.863832
24.545445 28.865923 22.863832
-6.414610 -2.958437 22.559661
-6.771257 28.095515 22.559661
24.479390 -2.958437 22.559661
24.122743 28.095515 22.559661
-6.744660 -1.030855 22.949329
24.149340 -1.030855 22.949329
-8.187617 -0.987674 22.599121
22.706383 -0.987674 22.599121
-8.872254 0.257693 22.513624
22.021746 0.257693 22.513624
-8.378937 1.042801 22.579391
22.515063 1.042801 22.579391
-8.943229 -2.163530 22.488961
-9.299877 28.890422 22.488961
21.950771 -2.163530 22.488961
21.594123 28.890422 22.488961
-8.517873 -2.988431 22.538286
-8.874520 28.065522 22.538286
22.376127 -2.988431 22.538286
22.019480 28.065522 22.538286
20.547774 -2.111946 22.301526
20.191127 28.942006 22.301526
-10.197435 0.343815 22.342630
20.696565 0.343815 22.342630
19.929520 -0.860317 22.173281
19.021468 -0.808884 21.979269
20.016355 1.700874 22.275219
19.748467 -3.387708 22.303170
19.391819 27.666244 22.303170
15.016312 -5.699574 24.961793
14.659665 25.354378 24.961793
15.681123 -6.337748 25.073597
15.324475 24.716204 25.073597
-7.770791 -4.834693 25.367904
-8.127439 26.219259 25.367904
23.123209 -4.834693 25.367904
22.766561 26.219259 25.367904
-7.716542 -4.487726 24.476763
-8.073190 26.566226 24.476763
23.177458 -4.487726 24.476763
22.820810 26.566226 24.476763
-7.520833 -4.158792 25.995977
-7.877480 26.895160 25.995977
23.373167 -4.158792 25.995977
23.016520 26.895160 25.995977
-8.676610 -5.116304 25.545474
-9.033258 25.937648 25.545474
22.217390 -5.116304 25.545474
21.860742 25.937648 25.545474
-7.103680 -7.080926 26.290283
-7.460328 23.973026 26.290283
23.790320 -7.080926 26.290283
23.433672 23.973026 26.290283
-7.108968 2.474615 25.760860
23.785032 2.474615 25.760860
-7.993544 -7.061847 26.647068
-8.350192 23.992105 26.647068
22.900456 -7.061847 26.647068
22.543808 23.992105 26.647068
14.125914 -7.088643 27.012074
13.769267 23.965309 27.012074
-0.921831 3.193315 -0.407754
-9.154482 -6.401370 32.475652
-1.278479 34.247267 -0.407754
-9.511129 24.652582 32.475652
29.972169 3.193315 -0.407754
21.739518 -6.401370 32.475652
29.615521 34.247267 -0.407754
21.382871 24.652582 32.475652
-1.692739 3.577534 -0.759607
-9.925390 -6.017151 32.123799
-2.049387 34.631486 -0.759607
-10.282037 25.036801 32.123799
29.201261 3.577534 -0.759607
20.968610 -6.017151 32.123799
28.844613 34.631486 -0.759607
20.611963 25.036801 32.123799
16.791525 -3.541308 16.819862
16.434877 27.512645 16.819862
21.317081 1.002473 -0.452147
13.084431 -8.592212 32.431259
20.960433 32.056425 -0.452147
12.727783 22.461740 32.431259
16.680387 -4.328273 17.370659
16.323739 26.725679 17.370659
17.355872 -2.916402 17.278586
16.999224 28.137550 17.278586
-2.129531 1.094970 -0.098650
-10.362181 -8.499715 32.784756
-2.486178 32.148922 -0.098650
-10.718829 22.554237 32.784756
28.764469 1.094970 -0.098650
20.531819 -8.499715 32.784756
28.407822 32.148922 -0.098650
20.175171 22.554237 32.784756
-7.023657 -3.187009 16.584746
-7.380304 27.866943 16.584746
23.870343 -3.187009 16.584746
23.513696 27.866943 16.584746
-6.210739 -4.491409 16.893850
-6.567387 26.562543 16.893850
24.683261 -4.491409 16.893850
24.326613 26.562543 16.893850
-2.180204 0.847166 -1.016097
-10.412854 -8.747519 31.867309
-2.536852 31.901118 -1.016097
-10.769502 22.306433 31.867309
28.713796 0.847166 -1.016097
20.481146 -8.747519 31.867309
28.357148 31.901118 -1.016097
20.124498 22.306433 31.867309
-1.878198 8.702890 -4.542843
-10.110848 -0.891795 28.340563
29.015802 8.702890 -4.542843
20.783152 -0.891795 28.340563
20.158116 4.329329 20.014485
22.773385 4.406309 -2.372538
14.540734 -5.188376 30.510868
22.416737 35.460261 -2.372538
14.184087 25.865576 30.510868
15.889450 -2.274256 23.187734
15.532803 28.779697 23.187734
-6.892794 -5.963621 25.497793
-7.249442 25.090331 25.497793
24.001206 -5.963621 25.497793
23.644558 25.090331 25.497793
-5.108131 -2.939032 16.565016
-5.464778 28.114921 16.565016
25.785869 -2.939032 16.565016
25.429222 28.114921 16.565016
18.193796 -5.937728 23.833893
17.837149 25.116224 23.833893
18.055272 -4.043086 24.996321
17.698625 27.010866 24.996321
17.497219 4.135838 20.940153
15.924833 -4.898152 21.665232
15.568185 26.155800 21.665232
20.357824 -4.492348 22.431415
20.001177 26.561604 22.431415
18.479369 -3.252053 22.193011
18.122721 27.801899 22.193011
-1.337008 6.576820 -0.917447
-9.569658 -3.017865 31.965959
29.556992 6.576820 -0.917447
21.324342 -3.017865 31.965959
17.033797 1.731356 16.604476
18.769440 1.746124 21.992422
-10.243074 2.668489 22.534998
20.650926 2.668489 22.534998
-2.105255 6.039121 -3.636905
-10.337905 -3.555564 29.246501
28.788745 6.039121 -3.636905
20.556095 -3.555564 29.246501
-0.669782 4.402463 -3.079531
-8.902432 -5.192222 29.803875
-1.026430 35.456415 -3.079531
-9.259080 25.861730 29.803875
30.224218 4.402463 -3.079531
21.991568 -5.192222 29.803875
29.867570 35.456415 -3.079531
21.634920 25.861730 29.803875
-0.231445 8.885978 -2.254157
-8.464096 -0.708707 30.629248
30.662555 8.885978 -2.254157
22.429904 -0.708707 30.629248
21.639787 7.062061 -2.704660
13.407137 -2.532624 30.178746
26.580564 7.294097 -2.247581
18.347914 -2.300588 30.635825
-3.343361 9.189242 -2.097961
-11.576011 -0.405443 30.785445
27.550639 9.189242 -2.097961
19.317989 -0.405443 30.785445
15.282616 -4.697351 24.386334
14.925969 26.356601 24.386334
20.682683 3.810658 -0.412687
12.450033 -5.784027 32.470719
20.326036 34.864610 -0.412687
12.093385 25.269925 32.470719
20.925127 11.044844 6.770036
23.314177 8.895303 5.562721
-6.151611 13.296822 13.846380
24.742389 13.296822 13.846380
16.746264 10.953499 14.751003
-5.711316 13.599179 10.757806
25.182684 13.599179 10.757806
-5.439315 12.711287 10.813708
25.454685 12.711287 10.813708
-5.703247 14.247807 9.503304
25.190753 14.247807 9.503304
-5.462389 13.790575 8.728900
25.431611 13.790575 8.728900
-6.067340 15.600776 9.460556
24.826660 15.600776 9.460556
-6.089297 16.036283 8.638471
24.804703 16.036283 8.638471
-6.418906 15.583956 11.788701
24.475094 15.583956 11.788701
-6.662066 16.045253 12.559817
24.231934 16.045253 12.559817
-6.387311 16.288430 10.576948
24.506689 16.288430 10.576948
-6.594923 7.405459 10.599966
24.299077 7.405459 10.599966
-6.168184 8.175852 11.578247
24.725816 8.175852 11.578247
-5.669279 7.799906 12.267155
25.224721 7.799906 12.267155
-6.450388 9.570780 11.604554
24.443612 9.570780 11.604554
-7.228431 10.085061 10.629561
23.665569 10.085061 10.629561
-7.460671 10.985196 10.655868
23.433329 10.985196 10.655868
23.489040 7.917874 9.588801
23.024422 17.709579 8.931133
23.202726 9.287050 9.575648
22.467495 9.923608 8.426373
23.508237 19.921782 2.548464
15.275587 10.327097 35.431870
22.712368 9.718158 2.624096
14.479718 0.123473 35.507502
24.158913 20.195945 1.282453
15.926263 10.601260 34.165859
23.830069 10.252284 0.577104
15.597418 0.657599 33.460510
25.472833 19.818074 1.190379
17.240183 10.223389 34.073785
25.894943 19.841447 0.361717
17.662293 10.246762 33.245123
-5.486117 19.187851 3.492218
-13.718768 9.593166 36.375624
25.407883 19.187851 3.492218
17.175232 9.593166 36.375624
-5.053432 18.825462 4.230450
-13.286082 9.230777 37.113856
25.840568 18.825462 4.230450
17.607918 9.230777 37.113856
-4.734316 19.415786 2.264022
-12.966966 9.821101 35.147428
26.159684 19.415786 2.264022
17.927034 9.821101 35.147428
-3.290957 19.085782 2.227851
-11.523607 9.491097 35.111257
27.603043 19.085782 2.227851
19.370393 9.491097 35.111257
-2.742554 18.327914 1.164073
-10.975205 8.733229 34.047479
28.151446 18.327914 1.164073
19.918795 8.733229 34.047479
-3.276298 18.007696 0.473521
-11.508949 8.413011 33.356927
27.617702 18.007696 0.473521
19.385051 8.413011 33.356927
-2.458084 19.489458 3.306426
-10.690734 9.894772 36.189832
28.435916 19.489458 3.306426
20.203266 9.894772 36.189832
-2.717498 9.577751 4.034794
-10.950148 -0.016934 36.918200
28.176502 9.577751 4.034794
19.943852 -0.016934 36.918200
-1.349331 18.077538 1.192023
-9.581982 8.482853 34.075429
29.544669 18.077538 1.192023
21.312018 8.482853 34.075429
-1.112397 19.245495 3.298206
-9.345047 9.650810 36.181612
29.781603 19.245495 3.298206
21.548953 9.650810 36.181612
20.052279 18.470307 2.268955
11.819629 8.875622 35.152361
20.948062 18.221672 2.305127
12.715412 8.626987 35.188533
-0.755991 17.252261 0.100294
-8.988641 7.657575 32.983700
30.138009 17.252261 0.100294
21.905359 7.657575 32.983700
20.443126 9.337742 4.445836
12.210475 -0.256943 37.329242
-5.840937 10.455236 12.681486
25.053063 10.455236 12.681486
19.413604 10.590069 13.187890
19.251933 11.477132 12.960994
20.538099 9.944034 12.620651
21.150285 10.406018 12.094517
18.732070 8.662554 14.195766
18.123463 8.209078 14.731766
20.686991 8.580683 12.887007
21.437467 8.135887 12.563105
19.757294 7.877433 13.612086
19.811099 6.443087 13.919546
18.500212 16.002552 13.965583
17.684840 16.446853 13.908037
20.859956 16.137345 14.042859
21.770223 6.272742 14.006687
18.472625 14.660085 14.082319
20.932873 14.759606 14.223717
19.803282 14.056296 14.271398
19.856730 13.142321 14.430883
22.312918 14.082375 14.302637
17.313432 13.869296 14.039570
-2.047805 15.283760 6.839748
28.846195 15.283760 6.839748
-2.481017 16.105931 6.874276
28.412983 16.105931 6.874276
20.529325 14.033668 7.079797
21.435866 13.985568 7.283674
19.965718 15.176074 7.130767
20.458860 15.933204 7.352730
-1.994465 12.960631 6.422129
28.899535 12.960631 6.422129
-2.417167 12.190222 6.117958
28.476833 12.190222 6.117958
-2.747217 14.117805 6.507626
28.146783 14.117805 6.507626
-4.190174 14.160986 6.157418
26.703826 14.160986 6.157418
-4.874811 15.406353 6.071921
26.019189 15.406353 6.071921
-4.381494 16.191461 6.137688
26.512506 16.191461 6.137688
-4.945786 12.985130 6.047258
25.948214 12.985130 6.047258
-4.520430 12.160229 6.096583
26.373570 12.160229 6.096583
24.545217 13.036714 5.859823
-6.199992 15.492475 5.900927
24.694008 15.492475 5.900927
23.926963 14.288343 5.731578
23.018911 14.339776 5.537566
24.013798 16.849534 5.833516
23.745910 11.760952 5.861467
19.013755 9.449086 8.520090
19.678566 8.810912 8.631894
-3.773348 10.313967 8.926201
27.120652 10.313967 8.926201
-3.719100 10.660934 8.035060
27.174900 10.660934 8.035060
-3.523390 10.989868 9.554274
27.370610 10.989868 9.554274
-4.679168 10.032356 9.103771
26.214832 10.032356 9.103771
-3.106238 8.067734 9.848580
27.787762 8.067734 9.848580
-3.111525 17.623275 9.319157
27.782475 17.623275 9.319157
-3.996101 8.086813 10.205365
26.897899 8.086813 10.205365
18.123357 8.060017 10.570371
-5.157039 8.747290 16.033949
25.736961 8.747290 16.033949
-5.927947 9.131509 15.682096
24.966053 9.131509 15.682096
20.788968 11.607352 0.378159
12.556317 2.012667 33.261565
17.081873 6.556448 15.989556
20.677829 10.820387 0.928956
12.445179 1.225702 33.812362
21.353314 12.232258 0.836883
13.120664 2.637573 33.720289
-6.364739 6.648945 16.343053
24.529261 6.648945 16.343053
-3.026214 11.961651 0.143043
-11.258865 2.366966 33.026449
27.867786 11.961651 0.143043
19.635135 2.366966 33.026449
-2.213296 10.657251 0.452147
-10.445947 1.062566 33.335553
28.680704 10.657251 0.452147
20.448053 1.062566 33.335553
-6.415412 6.401141 15.425606
24.478588 6.401141 15.425606
-6.113405 14.256864 11.898860
24.780595 14.256864 11.898860
24.155559 19.477989 3.572782
15.922909 9.883304 36.456188
18.538177 9.960284 14.069165
19.886893 12.874404 6.746031
-2.895351 9.185039 9.056090
27.998649 9.185039 9.056090
-1.110688 12.209628 0.123313
-9.343338 2.614943 33.006719
29.783312 12.209628 0.123313
21.550662 2.614943 33.006719
22.191239 9.210932 7.392190
22.052715 11.105574 8.554618
21.494662 19.284498 4.498450
13.262011 9.689813 37.381856
19.922275 10.250508 5.223529
24.355267 10.656312 5.989712
22.476812 11.896607 5.751308
-5.572215 12.130794 15.524256
25.321785 12.130794 15.524256
21.031240 16.880016 0.162773
12.798589 7.285331 33.046179
22.766883 16.894783 5.550719
-6.245632 17.817149 6.093295
24.648368 17.817149 6.093295
-6.340463 11.593096 12.804798
24.553537 11.593096 12.804798
-4.904990 9.956438 13.362172
25.989010 9.956438 13.362172
-4.466653 14.439953 14.187545
26.427347 14.439953 14.187545
17.404580 12.616036 13.737043
22.345357 12.848071 14.194122
-7.578568 14.743217 14.343742
23.315432 14.743217 14.343742
19.280059 10.451309 7.944631
16.447475 9.364633 16.029016
16.808802 6.247501 23.211739
19.197851 4.097960 22.004424
-2.035286 18.094164 -2.595323
-10.267936 8.499479 30.288083
28.858714 18.094164 -2.595323
20.626064 8.499479 30.288083
20.862589 15.750842 -1.690700
12.629938 6.156157 31.192706
-9.827641 8.801836 27.199509
21.066359 8.801836 27.199509
-9.555640 7.913945 27.255411
21.338360 7.913945 27.255411
-9.819572 9.450465 25.945007
21.074428 9.450465 25.945007
-9.578715 8.993233 25.170603
21.315285 8.993233 25.170603
-10.183665 10.803433 25.902259
20.710335 10.803433 25.902259
-10.205622 11.238940 25.080174
20.688378 11.238940 25.080174
-2.302581 20.381299 -4.653002
-10.535232 10.786614 28.230404
28.591419 20.381299 -4.653002
20.358768 10.786614 28.230404
-2.545741 20.842596 -3.881886
-10.778391 11.247911 29.001520
28.348259 20.842596 -3.881886
20.115609 11.247911 29.001520
-10.503637 11.491088 27.018650
20.390363 11.491088 27.018650
-10.711249 2.608117 27.041669
20.182751 2.608117 27.041669
-2.051858 12.973194 -4.863456
-10.284509 3.378509 28.019950
28.842142 12.973194 -4.863456
20.609491 3.378509 28.019950
-1.552953 12.597248 -4.174548
-9.785604 3.002563 28.708858
29.341047 12.597248 -4.174548
21.108396 3.002563 28.708858
-2.334063 14.368122 -4.837149
-10.566713 4.773437 28.046257
28.559937 14.368122 -4.837149
20.327287 4.773437 28.046257
-11.344756 5.287719 27.071264
19.549244 5.287719 27.071264
-11.576997 6.187854 27.097571
19.317003 6.187854 27.097571
19.372715 3.120531 26.030504
18.908097 12.912236 25.372836
19.086400 4.489708 26.017351
18.351170 5.126265 24.868076
19.391912 15.124439 18.990167
18.596043 4.920816 19.065799
20.042588 15.398603 17.724156
19.713743 5.454942 17.018807
21.356508 15.020731 17.632082
21.778618 15.044104 16.803420
-9.602443 14.390509 19.933921
21.291557 14.390509 19.933921
-9.169757 14.028119 20.672153
21.724243 14.028119 20.672153
-8.850641 14.618443 18.705725
22.043359 14.618443 18.705725
-7.407282 14.288439 18.669554
23.486718 14.288439 18.669554
-6.858879 13.530571 17.605776
24.035121 13.530571 17.605776
-7.392624 13.210353 16.915224
23.501376 13.210353 16.915224
-6.574409 14.692115 19.748129
24.319591 14.692115 19.748129
-6.833823 4.780408 20.476497
24.060177 4.780408 20.476497
-5.465657 13.280195 17.633726
25.428343 13.280195 17.633726
-5.228722 14.448152 19.739909
25.665278 14.448152 19.739909
15.935954 13.672964 18.710658
16.831737 13.424330 18.746830
-4.872316 12.454918 16.541997
26.021684 12.454918 16.541997
16.326800 4.540400 20.887539
-1.724612 15.252579 -3.760217
-9.957262 5.657894 29.123188
29.169388 15.252579 -3.760217
20.936738 5.657894 29.123188
23.529930 15.387412 -3.253813
15.297279 5.792726 29.629593
23.368258 16.274474 -3.480709
15.135608 6.679789 29.402697
24.654424 14.741377 -3.821052
16.421774 5.146692 29.062354
25.266610 15.203361 -4.347186
17.033960 5.608676 28.536220
22.848396 13.459897 -2.245937
14.615745 3.865212 30.637469
22.239788 13.006420 -1.709937
14.007138 3.411735 31.173469
24.803316 13.378026 -3.554696
16.570666 3.783341 29.328710
25.553793 12.933230 -3.878598
17.321142 3.338545 29.004808
23.873619 12.674776 -2.829617
15.640969 3.080091 30.053789
23.927425 11.240429 -2.522157
15.694774 1.645744 30.361249
22.616537 20.799895 -2.476120
14.383887 11.205210 30.407285
21.801165 21.244195 -2.533666
13.568514 11.649510 30.349740
24.976281 20.934687 -2.398844
16.743631 11.340002 30.484561
25.886548 11.070085 -2.435016
17.653898 1.475400 30.448390
22.588951 19.457427 -2.359384
14.356300 9.862742 30.524022
25.049198 19.556948 -2.217986
16.816548 9.962263 30.665420
23.919607 18.853638 -2.170305
15.686957 9.258953 30.713101
23.973055 17.939663 -2.010820
15.740405 8.344978 30.872586
26.429243 18.879718 -2.139066
18.196593 9.285033 30.744340
21.429757 18.666638 -2.402133
13.197107 9.071953 30.481273
-6.164130 10.486417 23.281451
24.729870 10.486417 23.281451
-6.597342 11.308589 23.315979
24.296658 11.308589 23.315979
16.413000 9.236326 23.521500
17.319541 9.188225 23.725377
15.849393 10.378731 23.572470
16.342535 11.135862 23.794433
-6.110790 8.163288 22.863832
24.783210 8.163288 22.863832
-6.533492 7.392880 22.559661
24.360508 7.392880 22.559661
-6.863542 9.320463 22.949329
24.030458 9.320463 22.949329
-8.306499 9.363644 22.599121
22.587501 9.363644 22.599121
-8.991136 10.609010 22.513624
21.902864 10.609010 22.513624
-8.497820 11.394118 22.579391
22.396180 11.394118 22.579391
-9.062112 8.187787 22.488961
21.831888 8.187787 22.488961
-8.636755 7.362887 22.538286
22.257245 7.362887 22.538286
20.428892 8.239371 22.301526
-10.316317 10.695132 22.342630
20.577683 10.695132 22.342630
19.810638 9.491000 22.173281
18.902586 9.542433 21.979269
19.897473 12.052191 22.275219
19.629584 6.963609 22.303170
14.897430 4.651744 24.961793
15.562240 4.013570 25.073597
-7.889674 5.516624 25.367904
23.004326 5.516624 25.367904
-7.835425 5.863591 24.476763
23.058575 5.863591 24.476763
-7.639715 6.192525 25.995977
23.254285 6.192525 25.995977
-8.795493 5.235014 25.545474
22.098507 5.235014 25.545474
-7.222563 3.270392 26.290283
23.671437 3.270392 26.290283
-7.227850 12.825933 25.760860
23.666150 12.825933 25.760860
-8.112427 3.289470 26.647068
22.781573 3.289470 26.647068
14.007032 3.262674 27.012074
-1.040714 13.544633 -0.407754
-9.273364 3.949948 32.475652
29.853286 13.544633 -0.407754
21.620636 3.949948 32.475652
-1.811622 13.928852 -0.759607
-10.044272 4.334167 32.123799
29.082378 13.928852 -0.759607
20.849728 4.334167 32.123799
16.672642 6.810010 16.819862
21.198198 11.353790 -0.452147
12.965548 1.759105 32.431259
16.561504 6.023044 17.370659
17.236989 7.434916 17.278586
-2.248413 11.446287 -0.098650
-10.481064 1.851602 32.784756
28.645587 11.446287 -0.098650
20.412936 1.851602 32.784756
-7.142539 7.164308 16.584746
23.751461 7.164308 16.584746
-6.329622 5.859909 16.893850
24.564378 5.859909 16.893850
-2.299087 11.198483 -1.016097
-10.531737 1.603798 31.867309
28.594913 11.198483 -1.016097
20.362263 1.603798 31.867309
-1.997080 19.054207 -4.542843
-10.229731 9.459522 28.340563
28.896920 19.054207 -4.542843
20.664269 9.459522 28.340563
20.039234 14.680646 20.014485
22.654502 14.757627 -2.372538
14.421852 5.162942 30.510868
15.770568 8.077062 23.187734
-7.011677 4.387696 25.497793
23.882323 4.387696 25.497793
-5.227013 7.412286 16.565016
25.666987 7.412286 16.565016
18.074914 4.413589 23.833893
17.936390 6.308231 24.996321
17.378337 14.487156 20.940153
15.805950 5.453165 21.665232
20.238942 5.858969 22.431415
18.360487 7.099265 22.193011
-1.455890 16.928137 -0.917447
-9.688541 7.333452 31.965959
29.438110 16.928137 -0.917447
21.205459 7.333452 31.965959
16.914914 12.082673 16.604476
18.650557 12.097441 21.992422
-10.361957 13.019806 22.534998
20.532043 13.019806 22.534998
-2.224137 16.390438 -3.636905
-10.456788 6.795753 29.246501
28.669863 16.390438 -3.636905
20.437212 6.795753 29.246501
-0.788665 14.753781 -3.079531
-9.021315 5.159095 29.803875
30.105335 14.753781 -3.079531
21.872685 5.159095 29.803875
-0.350328 19.237295 -2.254157
-8.582978 9.642610 30.629248
30.543672 19.237295 -2.254157
22.311022 9.642610 30.629248
21.520905 17.413379 -2.704660
13.288255 7.818693 30.178746
26.461682 17.645414 -2.247581
18.229032 8.050729 30.635825
-3.462243 19.540560 -2.097961
-11.694894 9.945875 30.785445
27.431757 19.540560 -2.097961
19.199106 9.945875 30.785445
15.163734 5.653967 24.386334
20.563801 14.161975 -0.412687
12.331150 4.567290 32.470719
20.806244 21.396161 6.770036
23.195294 19.246620 5.562721
-5.913846 -7.405813 13.846380
-6.270493 23.648139 13.846380
24.980154 -7.405813 13.846380
24.623507 23.648139 13.846380
16.627381 21.304817 14.751003
-5.473551 -7.103456 10.757806
-5.830198 23.950496 10.757806
25.420449 -7.103456 10.757806
25.063802 23.950496 10.757806
-5.558198 23.062604 10.813708
25.335802 23.062604 10.813708
-5.465482 -6.454828 9.503304
-5.822129 24.599125 9.503304
25.428518 -6.454828 9.503304
25.071871 24.599125 9.503304
-5.224624 -6.912060 8.728900
-5.581272 24.141892 8.728900
25.669376 -6.912060 8.728900
25.312728 24.141892 8.728900
-5.829575 -5.101859 9.460556
-6.186222 25.952093 9.460556
25.064425 -5.101859 9.460556
24.707778 25.952093 9.460556
-5.851532 -4.666352 8.638471
-6.208179 26.387600 8.638471
25.042468 -4.666352 8.638471
24.685821 26.387600 8.638471
-6.181141 -5.118678 11.788701
-6.537789 25.935274 11.788701
24.712859 -5.118678 11.788701
24.356211 25.935274 11.788701
-6.424301 -4.657381 12.559817
-6.780948 26.396571 12.559817
24.469699 -4.657381 12.559817
24.113052 26.396571 12.559817
-6.149546 -4.414204 10.576948
-6.506194 26.639748 10.576948
24.744454 -4.414204 10.576948
24.387806 26.639748 10.576948
-6.713806 17.756777 10.599966
24.180194 17.756777 10.599966
-6.287066 18.527169 11.578247
24.606934 18.527169 11.578247
-5.788161 18.151223 12.267155
25.105839 18.151223 12.267155
-6.569270 19.922097 11.604554
24.324730 19.922097 11.604554
-7.347314 20.436379 10.629561
23.546686 20.436379 10.629561
-7.579554 21.336513 10.655868
23.314446 21.336513 10.655868
23.370157 18.269191 9.588801
23.262187 -2.993056 8.931133
22.905540 28.060896 8.931133
23.083843 19.638368 9.575648
22.348613 20.274925 8.426373
23.746002 -0.780853 2.548464
15.513352 -10.375538 35.431870
23.389354 30.273099 2.548464
15.156704 20.678414 35.431870
22.593486 20.069476 2.624096
14.360835 10.474791 35.507502
24.396678 -0.506690 1.282453
16.164028 -10.101375 34.165859
24.040031 30.547262 1.282453
15.807380 20.952577 34.165859
23.711186 20.603602 0.577104
15.478536 11.008917 33.460510
25.710598 -0.884561 1.190379
17.477948 -10.479246 34.073785
25.353951 30.169391 1.190379
17.121300 20.574706 34.073785
26.132708 -0.861188 0.361717
17.900058 -10.455873 33.245123
25.776061 30.192764 0.361717
17.543410 20.598079 33.245123
-5.248352 -1.514784 3.492218
-13.481003 -11.109469 36.375624
-5.605000 29.539168 3.492218
-13.837650 19.944483 36.375624
25.645648 -1.514784 3.492218
17.412997 -11.109469 36.375624
25.289000 29.539168 3.492218
17.056350 19.944483 36.375624
-4.815667 -1.877173 4.230450
-13.048317 -11.471858 37.113856
-5.172314 29.176779 4.230450
-13.404965 19.582094 37.113856
26.078333 -1.877173 4.230450
17.845683 -11.471858 37.113856
25.721686 29.176779 4.230450
17.489035 19.582094 37.113856
-4.496551 -1.286849 2.264022
-12.729201 -10.881534 35.147428
-4.853199 29.767103 2.264022
-13.085849 20.172418 35.147428
26.397449 -1.286849 2.264022
18.164799 -10.881534 35.147428
26.040801 29.767103 2.264022
17.808151 20.172418 35.147428
-3.053192 -1.616853 2.227851
-11.285842 -11.211538 35.111257
-3.409839 29.437099 2.227851
-11.642490 19.842414 35.111257
27.840808 -1.616853 2.227851
19.608158 -11.211538 35.111257
27.484161 29.437099 2.227851
19.251510 19.842414 35.111257
-2.504789 -2.374721 1.164073
-10.737440 -11.969406 34.047479
-2.861437 28.679231 1.164073
-11.094087 19.084546 34.047479
28.389211 -2.374721 1.164073
20.156560 -11.969406 34.047479
28.032563 28.679231 1.164073
19.799913 19.084546 34.047479
-3.038533 -2.694939 0.473521
-11.271184 -12.289624 33.356927
-3.395181 28.359013 0.473521
-11.627831 18.764328 33.356927
27.855467 -2.694939 0.473521
19.622816 -12.289624 33.356927
27.498819 28.359013 0.473521
19.266169 18.764328 33.356927
-2.220319 -1.213177 3.306426
-10.452969 -10.807862 36.189832
-2.576966 29.840775 3.306426
-10.809617 20.246090 36.189832
28.673681 -1.213177 3.306426
20.441031 -10.807862 36.189832
28.317034 29.840775 3.306426
20.084383 20.246090 36.189832
-2.836380 19.929068 4.034794
-11.069030 10.334383 36.918200
28.057620 19.929068 4.034794
19.824970 10.334383 36.918200
-1.111566 -2.625097 1.192023
-9.344217 -12.219782 34.075429
-1.468214 28.428855 1.192023
-9.700864 18.834170 34.075429
29.782434 -2.625097 1.192023
21.549783 -12.219782 34.075429
29.425786 28.428855 1.192023
21.193136 18.834170 34.075429
-0.874632 -1.457140 3.298206
-9.107282 -11.051825 36.181612
-1.231279 29.596812 3.298206
-9.463930 20.002127 36.181612
30.019368 -1.457140 3.298206
21.786718 -11.051825 36.181612
29.662721 29.596812 3.298206
21.430070 20.002127 36.181612
20.290044 -2.232328 2.268955
12.057394 -11.827013 35.152361
19.933397 28.821624 2.268955
11.700746 19.226939 35.152361
21.185827 -2.480963 2.305127
12.953177 -12.075648 35.188533
20.829180 28.572989 2.305127
12.596529 18.978304 35.188533
-0.518226 -3.450374 0.100294
-8.750876 -13.045059 32.983700
-0.874873 27.603578 0.100294
-9.107523 18.008893 32.983700
30.375774 -3.450374 0.100294
22.143124 -13.045059 32.983700
30.019127 27.603578 0.100294
21.786477 18.008893 32.983700
20.324243 19.689059 4.445836
12.091593 10.094374 37.329242
-5.959820 20.806554 12.681486
24.934180 20.806554 12.681486
19.294722 20.941386 13.187890
19.133050 21.828449 12.960994
20.419217 20.295351 12.620651
21.031402 20.757336 12.094517
18.613188 19.013871 14.195766
18.004580 18.560395 14.731766
20.568108 18.932001 12.887007
21.318585 18.487205 12.563105
19.638412 18.228750 13.612086
19.692217 16.794404 13.919546
18.737977 -4.700082 13.965583
18.381330 26.353870 13.965583
17.922605 -4.255782 13.908037
17.565957 26.798170 13.908037
21.097721 -4.565290 14.042859
20.741073 26.488662 14.042859
21.651340 16.624060 14.006687
18.710391 -6.042550 14.082319
18.353743 25.011402 14.082319
21.170638 -5.943029 14.223717
20.813991 25.110923 14.223717
20.041047 -6.646339 14.271398
19.684400 24.407613 14.271398
20.094495 -7.560314 14.430883
19.737847 23.493638 14.430883
22.550683 -6.620260 14.302637
22.194035 24.433692 14.302637
17.551197 -6.833339 14.039570
17.194550 24.220613 14.039570
-1.810040 -5.418875 6.839748
-2.166688 25.635077 6.839748
29.083960 -5.418875 6.839748
28.727312 25.635077 6.839748
-2.243252 -4.596704 6.874276
-2.599900 26.457248 6.874276
28.650748 -4.596704 6.874276
28.294100 26.457248 6.874276
20.767090 -6.668967 7.079797
20.410443 24.384986 7.079797
21.673631 -6.717067 7.283674
21.316983 24.336885 7.283674
20.203483 -5.526561 7.130767
19.846835 25.527391 7.130767
20.696625 -4.769431 7.352730
20.339977 26.284522 7.352730
-2.113348 23.311948 6.422129
28.780652 23.311948 6.422129
-2.536050 22.541540 6.117958
28.357950 22.541540 6.117958
-2.509452 -6.584830 6.507626
-2.866100 24.469123 6.507626
28.384548 -6.584830 6.507626
28.027900 24.469123 6.507626
-4.309057 24.512303 6.157418
26.584943 24.512303 6.157418
-4.637046 -5.296282 6.071921
-4.993694 25.757670 6.071921
26.256954 -5.296282 6.071921
25.900306 25.757670 6.071921
-4.143729 -4.511174 6.137688
-4.500377 26.542778 6.137688
26.750271 -4.511174 6.137688
26.393623 26.542778 6.137688
-5.064669 23.336447 6.047258
25.829331 23.336447 6.047258
-4.639313 22.511547 6.096583
26.254687 22.511547 6.096583
24.426334 23.388031 5.859823
-5.962227 -5.210160 5.900927
-6.318874 25.843792 5.900927
24.931773 -5.210160 5.900927
24.575126 25.843792 5.900927
23.808080 24.639660 5.731578
22.900028 24.691093 5.537566
24.251563 -3.853101 5.833516
23.894915 27.200851 5.833516
23.627027 22.112269 5.861467
18.894873 19.800403 8.520090
19.559683 19.162229 8.631894
-3.892231 20.665284 8.926201
27.001769 20.665284 8.926201
-3.837982 21.012251 8.035060
27.056018 21.012251 8.035060
-3.642273 21.341185 9.554274
27.251727 21.341185 9.554274
-4.798050 20.383674 9.103771
26.095950 20.383674 9.103771
-3.225120 18.419052 9.848580
27.668880 18.419052 9.848580
-2.873760 -3.079360 9.319157
-3.230408 27.974592 9.319157
28.020240 -3.079360 9.319157
27.663592 27.974592 9.319157
-4.114984 18.438130 10.205365
26.779016 18.438130 10.205365
18.004475 18.411334 10.570371
-5.275921 19.098608 16.033949
25.618079 19.098608 16.033949
-6.046830 19.482827 15.682096
24.847170 19.482827 15.682096
20.670085 21.958670 0.378159
12.437435 12.363985 33.261565
16.962991 16.907765 15.989556
20.558947 21.171704 0.928956
12.326296 11.577019 33.812362
21.234432 22.583575 0.836883
13.001781 12.988890 33.720289
-6.483621 17.000262 16.343053
24.410379 17.000262 16.343053
-3.145097 22.312968 0.143043
-11.377747 12.718283 33.026449
27.748903 22.312968 0.143043
19.516253 12.718283 33.026449
-2.332179 21.008569 0.452147
-10.564829 11.413883 33.335553
28.561821 21.008569 0.452147
20.329171 11.413883 33.335553
-6.534294 16.752458 15.425606
24.359706 16.752458 15.425606
-5.875640 -6.445770 11.898860
-6.232288 24.608182 11.898860
25.018360 -6.445770 11.898860
24.661712 24.608182 11.898860
24.393324 -1.224646 3.572782
16.160674 -10.819331 36.456188
24.036677 29.829306 3.572782
15.804026 20.234621 36.456188
18.419295 20.311601 14.069165
19.768010 23.225722 6.746031
-3.014234 19.536356 9.056090
27.879766 19.536356 9.056090
-1.229571 22.560946 0.123313
-9.462221 12.966261 33.006719
29.664429 22.560946 0.123313
21.431779 12.966261 33.006719
22.072356 19.562249 7.392190
21.933833 21.456891 8.554618
21.732427 -1.418136 4.498450
13.499776 -11.012821 37.381856
21.375779 29.635816 4.498450
13.143129 20.041131 37.381856
19.803393 20.601825 5.223529
24.236384 21.007629 5.989712
22.357929 22.247925 5.751308
-5.334450 -8.571840 15.524256
-5.691098 22.482112 15.524256
25.559550 -8.571840 15.524256
25.202902 22.482112 15.524256
21.269005 -3.822619 0.162773
13.036354 -13.417304 33.046179
20.912357 27.231333 0.162773
12.679707 17.636648 33.046179
23.004648 -3.807851 5.550719
22.648000 27.246101 5.550719
-6.007867 -2.885486 6.093295
-6.364514 28.168466 6.093295
24.886133 -2.885486 6.093295
24.529486 28.168466 6.093295
-6.459345 21.944413 12.804798
24.434655 21.944413 12.804798
-5.023872 20.307755 13.362172
25.870128 20.307755 13.362172
-4.228888 -6.262682 14.187545
-4.585536 24.791270 14.187545
26.665112 -6.262682 14.187545
26.308464 24.791270 14.187545
17.642345 -8.086599 13.737043
17.285697 22.967353 13.737043
22.583122 -7.854563 14.194122
22.226474 23.199389 14.194122
-7.340803 -5.959417 14.343742
-7.697451 25.094535 14.343742
23.553197 -5.959417 14.343742
23.196549 25.094535 14.343742
19.161176 20.802627 7.944631
16.328593 19.715950 16.029016
16.689919 16.598819 23.211739
19.078969 14.449278 22.004424
-1.797521 -2.608470 -2.595323
-10.030171 -12.203155 30.288083
-2.154168 28.445482 -2.595323
-10.386819 18.850797 30.288083
29.096479 -2.608470 -2.595323
20.863829 -12.203155 30.288083
28.739832 28.445482 -2.595323
20.507181 18.850797 30.288083
20.743706 26.102159 -1.690700
12.511056 16.507474 31.192706
-9.589876 -11.900798 27.199509
-9.946524 19.153154 27.199509
21.304124 -11.900798 27.199509
20.947476 19.153154 27.199509
-9.674523 18.265262 27.255411
21.219477 18.265262 27.255411
-9.581807 -11.252170 25.945007
-9.938455 19.801782 25.945007
21.312193 -11.252170 25.945007
20.955545 19.801782 25.945007
-9.340949 -11.709402 25.170603
-9.697597 19.344550 25.170603
21.553051 -11.709402 25.170603
21.196403 19.344550 25.170603
-9.945900 -9.899201 25.902259
-10.302548 21.154751 25.902259
20.948100 -9.899201 25.902259
20.591452 21.154751 25.902259
-9.967857 -9.463694 25.080174
-10.324504 21.590258 25.080174
20.926143 -9.463694 25.080174
20.569496 21.590258 25.080174
-2.064816 -0.321336 -4.653002
-10.297467 -9.916021 28.230404
-2.421464 30.732616 -4.653002
-10.654114 21.137931 28.230404
28.829184 -0.321336 -4.653002
20.596533 -9.916021 28.230404
28.472536 30.732616 -4.653002
20.239886 21.137931 28.230404
-2.307976 0.139961 -3.881886
-10.540626 -9.454724 29.001520
-2.664623 31.193913 -3.881886
-10.897274 21.599228 29.001520
28.586024 0.139961 -3.881886
20.353374 -9.454724 29.001520
28.229377 31.193913 -3.881886
19.996726 21.599228 29.001520
-10.265872 -9.211547 27.018650
-10.622519 21.842405 27.018650
20.628128 -9.211547 27.018650
20.271481 21.842405 27.018650
-10.830131 12.959434 27.041669
20.063869 12.959434 27.041669
-2.170741 23.324512 -4.863456
-10.403391 13.729827 28.019950
28.723259 23.324512 -4.863456
20.490609 13.729827 28.019950
-1.671836 22.948566 -4.174548
-9.904486 13.353881 28.708858
29.222164 22.948566 -4.174548
20.989514 13.353881 28.708858
-2.452945 24.719439 -4.837149
-10.685596 15.124754 28.046257
28.441055 24.719439 -4.837149
20.208404 15.124754 28.046257
-11.463639 15.639036 27.071264
19.430361 15.639036 27.071264
-11.695879 16.539171 27.097571
19.198121 16.539171 27.097571
19.253832 13.471848 26.030504
19.145862 -7.790398 25.372836
18.789214 23.263554 25.372836
18.967518 14.841025 26.017351
18.232288 15.477583 24.868076
19.629677 -5.578195 18.990167
19.273029 25.475757 18.990167
18.477161 15.272133 19.065799
20.280353 -5.304032 17.724156
19.923705 25.749920 17.724156
19.594861 15.806259 17.018807
21.594273 -5.681903 17.632082
21.237625 25.372049 17.632082
22.016383 -5.658530 16.803420
21.659735 25.395422 16.803420
-9.364678 -6.312126 19.933921
-9.721325 24.741826 19.933921
21.529322 -6.312126 19.933921
21.172675 24.741826 19.933921
-8.931992 -6.674516 20.672153
-9.288640 24.379437 20.672153
21.962008 -6.674516 20.672153
21.605360 24.379437 20.672153
-8.612876 -6.084191 18.705725
-8.969524 24.969761 18.705725
22.281124 -6.084191 18.705725
21.924476 24.969761 18.705725
-7.169517 -6.414195 18.669554
-7.526164 24.639757 18.669554
23.724483 -6.414195 18.669554
23.367836 24.639757 18.669554
-6.621114 -7.172063 17.605776
-6.977762 23.881889 17.605776
24.272886 -7.172063 17.605776
23.916238 23.881889 17.605776
-7.154859 -7.492281 16.915224
-7.511506 23.561671 16.915224
23.739141 -7.492281 16.915224
23.382494 23.561671 16.915224
-6.336644 -6.010520 19.748129
-6.693292 25.043432 19.748129
24.557356 -6.010520 19.748129
24.200708 25.043432 19.748129
-6.952705 15.131726 20.476497
23.941295 15.131726 20.476497
-5.227892 -7.422440 17.633726
-5.584539 23.631512 17.633726
25.666108 -7.422440 17.633726
25.309461 23.631512 17.633726
-4.990957 -6.254482 19.739909
-5.347604 24.799470 19.739909
25.903043 -6.254482 19.739909
25.546396 24.799470 19.739909
16.173719 -7.029671 18.710658
15.817071 24.024281 18.710658
17.069502 -7.278305 18.746830
16.712855 23.775647 18.746830
-4.634551 -8.247717 16.541997
-4.991198 22.806235 16.541997
26.259449 -8.247717 16.541997
25.902802 22.806235 16.541997
16.207918 14.891717 20.887539
-1.843495 25.603896 -3.760217
-10.076145 16.009211 29.123188
29.050505 25.603896 -3.760217
20.817855 16.009211 29.123188
23.411047 25.738729 -3.253813
15.178397 16.144044 29.629593
23.249376 26.625792 -3.480709
15.016725 17.031107 29.402697
24.535542 25.092694 -3.821052
16.302891 15.498009 29.062354
25.147727 25.554678 -4.347186
16.915077 15.959993 28.536220
22.729513 23.811214 -2.245937
14.496863 14.216529 30.637469
22.120906 23.357738 -1.709937
13.888255 13.763053 31.173469
24.684433 23.729343 -3.554696
16.451783 14.134658 29.328710
25.434910 23.284547 -3.878598
17.202260 13.689862 29.004808
23.754737 23.026093 -2.829617
15.522086 13.431408 30.053789
23.808542 21.591747 -2.522157
15.575892 11.997062 30.361249
22.854302 0.097260 -2.476120
14.621652 -9.497425 30.407285
22.497655 31.151212 -2.476120
14.265004 21.556527 30.407285
22.038930 0.541560 -2.533666
13.806279 -9.053125 30.349740
21.682282 31.595512 -2.533666
13.449632 22.000827 30.349740
25.214046 0.232053 -2.398844
16.981396 -9.362632 30.484561
24.857399 31.286005 -2.398844
16.624748 21.691320 30.484561
25.767665 21.421402 -2.435016
17.535015 11.826717 30.448390
22.826716 -1.245207 -2.359384
14.594065 -10.839892 30.524022
22.470068 29.808745 -2.359384
14.237418 20.214060 30.524022
25.286964 -1.145687 -2.217986
17.054313 -10.740372 30.665420
24.930316 29.908265 -2.217986
16.697666 20.313580 30.665420
24.157372 -1.848997 -2.170305
15.924722 -11.443682 30.713101
23.800725 29.204955 -2.170305
15.568074 19.610270 30.713101
24.210820 -2.762971 -2.010820
15.978170 -12.357656 30.872586
23.854173 28.290981 -2.010820
15.621522 18.696296 30.872586
26.667008 -1.822917 -2.139066
18.434358 -11.417602 30.744340
26.310361 29.231035 -2.139066
18.077710 19.636350 30.744340
21.667522 -2.035997 -2.402133
13.434872 -11.630682 30.481273
21.310875 29.017955 -2.402133
13.078225 19.423270 30.481273
-5.926365 -10.216218 23.281451
-6.283013 20.837734 23.281451
24.967635 -10.216218 23.281451
24.610987 20.837734 23.281451
-6.359577 -9.394046 23.315979
-6.716225 21.659906 23.315979
24.534423 -9.394046 23.315979
24.177775 21.659906 23.315979
16.650765 -11.466309 23.521500
16.294117 19.587643 23.521500
17.557306 -11.514410 23.725377
17.200658 19.539542 23.725377
16.087158 -10.323904 23.572470
15.730510 20.730049 23.572470
16.580300 -9.566773 23.794433
16.223652 21.487179 23.794433
-6.229673 18.514606 22.863832
24.664327 18.514606 22.863832
-6.652375 17.744197 22.559661
24.241625 17.744197 22.559661
-6.625777 -11.382172 22.949329
-6.982425 19.671780 22.949329
24.268223 -11.382172 22.949329
23.911575 19.671780 22.949329
-8.425382 19.714961 22.599121
22.468618 19.714961 22.599121
-8.753371 -10.093625 22.513624
-9.110019 20.960327 22.513624
22.140629 -10.093625 22.513624
21.783981 20.960327 22.513624
-8.260055 -9.308517 22.579391
-8.616702 21.745435 22.579391
22.633945 -9.308517 22.579391
22.277298 21.745435 22.579391
-9.180994 18.539104 22.488961
21.713006 18.539104 22.488961
-8.755638 17.714204 22.538286
22.138362 17.714204 22.538286
20.310009 18.590689 22.301526
-10.078552 -10.007503 22.342630
-10.435200 21.046449 22.342630
20.815448 -10.007503 22.342630
20.458800 21.046449 22.342630
19.691755 19.842317 22.173281
18.783703 19.893750 21.979269
20.135238 -8.650443 22.275219
19.778590 22.403509 22.275219
19.510702 17.314927 22.303170
14.778547 15.003061 24.961793
15.443358 14.364887 25.073597
-8.008556 15.867942 25.367904
22.885444 15.867942 25.367904
-7.954307 16.214909 24.476763
22.939693 16.214909 24.476763
-7.758598 16.543842 25.995977
23.135402 16.543842 25.995977
-8.914375 15.586331 25.545474
21.979625 15.586331 25.545474
-7.341445 13.621709 26.290283
23.552555 13.621709 26.290283
-6.990085 -7.876702 25.760860
-7.346733 23.177250 25.760860
23.903915 -7.876702 25.760860
23.547267 23.177250 25.760860
-8.231309 13.640787 26.647068
22.662691 13.640787 26.647068
13.888149 13.613992 27.012074
-1.159596 23.895950 -0.407754
-9.392247 14.301265 32.475652
29.734404 23.895950 -0.407754
21.501753 14.301265 32.475652
-1.930504 24.280169 -0.759607
-10.163155 14.685484 32.123799
28.963496 24.280169 -0.759607
20.730845 14.685484 32.123799
16.553760 17.161327 16.819862
21.079316 21.705107 -0.452147
12.846666 12.110422 32.431259
16.442622 16.374362 17.370659
17.118107 17.786233 17.278586
-2.367296 21.797604 -0.098650
-10.599946 12.202919 32.784756
28.526704 21.797604 -0.098650
20.294054 12.202919 32.784756
-7.261422 17.515626 16.584746
23.632578 17.515626 16.584746
-6.448504 16.211226 16.893850
24.445496 16.211226 16.893850
-2.417969 21.549801 -1.016097
-10.650619 11.955116 31.867309
28.476031 21.549801 -1.016097
20.243381 11.955116 31.867309
-1.759315 -1.648428 -4.542843
-9.991966 -11.243113 28.340563
-2.115963 29.405524 -4.542843
-10.348613 19.810839 28.340563
29.134685 -1.648428 -4.542843
20.902034 -11.243113 28.340563
28.778037 29.405524 -4.542843
20.545387 19.810839 28.340563
20.276999 -6.021988 20.014485
19.920351 25.031964 20.014485
22.535620 25.108944 -2.372538
14.302969 15.514259 30.510868
15.651685 18.428379 23.187734
-7.130559 14.739014 25.497793
23.763441 14.739014 25.497793
-5.345896 17.763603 16.565016
25.548104 17.763603 16.565016
17.956031 14.764906 23.833893
17.817507 16.659549 24.996321
17.616102 -6.215479 20.940153
17.259454 24.838473 20.940153
15.687068 15.804483 21.665232
20.120059 16.210287 22.431415
18.241604 17.450582 22.193011
-1.218125 -3.774498 -0.917447
-9.450776 -13.369183 31.965959
-1.574773 27.279454 -0.917447
-9.807423 17.684769 31.965959
29.675875 -3.774498 -0.917447
21.443224 -13.369183 31.965959
29.319227 27.279454 -0.917447
21.086577 17.684769 31.965959
17.152679 -8.619962 16.604476
16.796032 22.433990 16.604476
18.888322 -8.605194 21.992422
18.531675 22.448758 21.992422
-10.124192 -7.682829 22.534998
-10.480839 23.371123 22.534998
20.769808 -7.682829 22.534998
20.413161 23.371123 22.534998
-2.343020 26.741755 -3.636905
-10.575670 17.147070 29.246501
28.550980 26.741755 -3.636905
20.318330 17.147070 29.246501
-0.907547 25.105098 -3.079531
-9.140197 15.510413 29.803875
29.986453 25.105098 -3.079531
21.753803 15.510413 29.803875
-0.112563 -1.465340 -2.254157
-8.345213 -11.060025 30.629248
-0.469210 29.588613 -2.254157
-8.701861 19.993927 30.629248
30.781437 -1.465340 -2.254157
22.548787 -11.060025 30.629248
30.424790 29.588613 -2.254157
22.192139 19.993927 30.629248
21.758670 -3.289256 -2.704660
13.526020 -12.883941 30.178746
21.402022 27.764696 -2.704660
13.169372 18.170011 30.178746
26.699447 -3.057221 -2.247581
18.466797 -12.651906 30.635825
26.342799 27.996731 -2.247581
18.110149 18.402046 30.635825
-3.224478 -1.162075 -2.097961
-11.457129 -10.756760 30.785445
-3.581126 29.891877 -2.097961
-11.813776 20.297192 30.785445
27.669522 -1.162075 -2.097961
19.436871 -10.756760 30.785445
27.312874 29.891877 -2.097961
19.080224 20.297192 30.785445
15.044851 16.005284 24.386334
20.444918 24.513293 -0.412687
12.212268 14.918608 32.470719
LINES 5590 16770
2 0 275
2 0 285
2 0 289
2 0 297
2 0 303
2 0 323
2 1 276
2 1 286
2 1 290
2 1 298
2 1 304
2 1 324
2 2 277
2 2 287
2 2 291
2 2 299
2 2 305
2 2 325
2 3 278
2 3 288
2 3 292
2 3 300
2 3 306
2 3 326
2 4 285
2 4 301
2 4 1439
2 4 1454
2 4 1481
2 5 286
2 5 302
2 5 1441
2 5 1456
2 5 1482
2 6 287
2 6 1458
2 7 288
2 7 1460
2 8 268
2 8 307
2 8 315
2 8 318
2 8 322
2 9 271
2 9 319
2 9 327
2 9 672
2 9 3459
2 9 3468
2 10 273
2 10 320
2 10 329
2 10 673
2 10 3460
2 10 3470
2 11 12
2 11 13
2 11 268
2 13 14
2 13 15
2 15 16
2 15 19
2 17 18
2 17 19
2 17 268
2 19 721
2 20 22
2 20 32
2 20 1197
2 21 23
2 21 33
2 21 1198
2 22 24
2 22 26
2 23 25
2 23 27
2 26 28
2 26 109
2 27 29
2 27 110
2 28 30
2 28 35
2 29 31
2 29 36
2 32 35
2 32 1206
2 33 36
2 33 1207
2 34 727
2 35 37
2 36 38
2 37 285
2 37 289
2 38 286
2 38 290
2 39 287
2 39 291
2 40 288
2 40 292
2 41 53
2 41 269
2 41 736
2 42 54
2 42 270
2 42 737
2 43 55
2 43 738
2 44 56
2 44 739
2 45 1211
2 46 1212
2 47 1213
2 48 1214
2 49 1215
2 50 1216
2 51 1217
2 52 1218
2 53 65
2 53 744
2 54 66
2 54 745
2 55 746
2 56 747
2 57 1223
2 58 1224
2 59 1225
2 60 1226
2 61 1227
2 62 1228
2 63 1229
2 64 1230
2 65 67
2 65 73
2 66 68
2 66 74
2 69 71
2 69 73
2 69 269
2 70 72
2 70 74
2 70 270
2 73 75
2 74 76
2 75 77
2 75 81
2 76 78
2 76 82
2 77 79
2 77 87
2 78 80
2 78 88
2 81 89
2 81 766
2 82 90
2 82 767
2 83 1267
2 84 1268
2 85 1269
2 86 1270
2 87 99
2 87 1923
2 88 100
2 88 1924
2 89 1923
2 89 2398
2 90 1924
2 90 2399
2 91 95
2 91 3254
2 91 3258
2 92 96
2 92 3255
2 92 3259
2 93 97
2 93 3256
2 93 3260
2 94 98
2 94 3257
2 94 3261
2 99 670
2 99 2066
2 100 671
2 100 2067
2 101 297
2 101 1454
2 101 4479
2 102 1455
2 102 4480
2 103 298
2 103 1456
2 103 4481
2 104 1457
2 104 4482
2 105 299
2 105 1458
2 105 4483
2 106 1459
2 106 4484
2 107 300
2 107 1460
2 107 4485
2 108 1461
2 108 4486
2 109 315
2 109 316
2 110 317
2 111 115
2 111 117
2 111 271
2 112 118
2 112 272
2 113 116
2 113 119
2 113 273
2 114 120
2 114 274
2 117 121
2 117 133
2 118 122
2 118 134
2 119 123
2 119 135
2 120 124
2 120 136
2 125 129
2 125 141
2 125 271
2 126 130
2 126 142
2 126 272
2 127 131
2 127 143
2 127 273
2 128 132
2 128 144
2 128 274
2 133 137
2 133 141
2 134 138
2 134 142
2 135 139
2 135 143
2 136 140
2 136 144
2 141 145
2 142 146
2 143 147
2 144 148
2 145 1326
2 145 1334
2 146 1327
2 146 1335
2 147 1328
2 147 1336
2 148 1329
2 148 1337
2 149 151
2 149 157
2 149 805
2 150 152
2 150 158
2 150 806
2 153 159
2 153 805
2 153 813
2 154 160
2 154 806
2 155 1334
2 156 1335
2 157 161
2 157 166
2 158 162
2 158 167
2 159 161
2 159 165
2 160 162
2 161 163
2 162 164
2 165 321
2 165 322
2 166 319
2 166 3472
2 167 320
2 167 3473
2 168 169
2 168 182
2 168 1969
2 170 172
2 170 174
2 170 275
2 171 173
2 171 175
2 171 277
2 174 176
2 174 3308
2 175 177
2 175 3309
2 178 180
2 178 182
2 178 2045
2 179 181
2 179 2046
2 182 183
2 183 184
2 183 186
2 184 185
2 184 192
2 186 188
2 186 190
2 187 189
2 187 191
2 190 193
2 190 197
2 191 198
2 192 193
2 192 196
2 193 194
2 196 312
2 196 314
2 197 301
2 197 303
2 198 302
2 198 304
2 199 203
2 199 323
2 199 3435
2 200 204
2 200 324
2 200 3436
2 201 205
2 201 325
2 201 3437
2 202 206
2 202 326
2 202 3438
2 207 209
2 207 211
2 207 213
2 207 279
2 208 210
2 208 212
2 208 214
2 208 280
2 215 218
2 215 279
2 215 1410
2 215 2008
2 216 219
2 216 280
2 216 1411
2 216 2009
2 217 858
2 220 3369
2 221 3370
2 222 3371
2 223 3372
2 224 226
2 224 648
2 224 2079
2 225 227
2 225 649
2 225 2080
2 228 240
2 228 248
2 228 603
2 228 3439
2 229 241
2 229 249
2 229 604
2 229 3440
2 230 242
2 230 250
2 230 605
2 230 3441
2 231 243
2 231 251
2 231 606
2 231 3442
2 232 244
2 232 252
2 232 607
2 232 3443
2 233 245
2 233 253
2 233 608
2 233 3444
2 234 246
2 234 254
2 234 609
2 234 3445
2 235 247
2 235 255
2 235 610
2 235 3446
2 236 599
2 237 600
2 238 601
2 239 602
2 256 266
2 256 623
2 256 625
2 256 648
2 257 267
2 257 624
2 257 626
2 257 649
2 258 619
2 259 620
2 260 621
2 261 622
2 262 619
2 263 620
2 264 621
2 265 622
2 269 707
2 275 3316
2 276 3317
2 277 3318
2 278 3319
2 279 1991
2 280 1992
2 281 591
2 281 619
2 281 2014
2 282 592
2 282 620
2 282 2015
2 283 593
2 283 621
2 283 2016
2 284 594
2 284 622
2 284 2017
2 293 707
2 293 782
2 294 783
2 295 708
2 295 784
2 296 785
2 307 412
2 307 1856
2 308 341
2 308 3266
2 309 342
2 309 3267
2 310 343
2 310 3268
2 311 344
2 311 3269
2 314 707
2 316 1856
2 318 1964
2 327 3381
2 328 3382
2 329 3383
2 330 3384
2 331 642
2 331 650
2 331 654
2 331 660
2 331 666
2 331 693
2 332 643
2 332 651
2 332 655
2 332 661
2 332 667
2 332 694
2 333 644
2 333 652
2 333 656
2 333 662
2 333 668
2 333 695
2 334 645
2 334 653
2 334 657
2 334 663
2 334 669
2 334 696
2 335 650
2 335 664
2 335 1784
2 335 1798
2 335 1819
2 336 651
2 336 665
2 336 1785
2 336 1799
2 336 1820
2 337 652
2 337 1800
2 338 653
2 338 1801
2 339 631
2 339 670
2 339 677
2 339 683
2 339 691
2 340 632
2 340 671
2 340 678
2 340 684
2 340 692
2 341 634
2 341 685
2 341 697
2 341 3814
2 341 3826
2 342 635
2 342 686
2 342 698
2 342 3815
2 342 3827
2 343 638
2 343 687
2 343 701
2 343 3816
2 343 3830
2 344 639
2 344 688
2 344 702
2 344 3817
2 344 3831
2 345 346
2 345 347
2 345 632
2 347 348
2 347 349
2 349 350
2 349 355
2 351 353
2 351 631
2 352 354
2 352 355
2 352 632
2 355 948
2 356 359
2 356 374
2 356 1530
2 357 361
2 357 375
2 357 1531
2 358 362
2 358 366
2 359 363
2 359 367
2 360 364
2 360 368
2 361 365
2 361 369
2 366 417
2 367 370
2 367 418
2 368 419
2 369 371
2 369 420
2 370 372
2 370 377
2 371 373
2 371 378
2 374 377
2 374 1542
2 375 378
2 375 1543
2 376 957
2 377 379
2 378 380
2 379 650
2 379 654
2 380 651
2 380 655
2 381 652
2 381 656
2 382 653
2 382 657
2 383 389
2 383 633
2 383 964
2 384 390
2 384 965
2 385 1547
2 386 1548
2 387 1549
2 388 1550
2 389 395
2 389 968
2 390 969
2 391 1553
2 392 1554
2 393 1555
2 394 1556
2 395 396
2 395 399
2 397 398
2 397 399
2 397 633
2 399 400
2 400 401
2 400 403
2 401 402
2 401 406
2 403 407
2 403 979
2 404 1575
2 405 1576
2 406 412
2 406 2144
2 407 2144
2 407 2543
2 408 410
2 408 3583
2 408 3585
2 409 411
2 409 3584
2 409 3586
2 412 2314
2 413 660
2 413 1798
2 413 4804
2 414 661
2 414 1799
2 414 4805
2 415 662
2 415 1800
2 415 4806
2 416 663
2 416 1801
2 416 4807
2 417 677
2 417 679
2 418 678
2 418 680
2 419 681
2 420 682
2 421 429
2 421 433
2 421 634
2 422 430
2 422 434
2 422 635
2 423 435
2 423 636
2 424 436
2 424 637
2 425 431
2 425 437
2 425 638
2 426 432
2 426 438
2 426 639
2 427 439
2 427 640
2 428 440
2 428 641
2 433 441
2 433 465
2 434 442
2 434 466
2 435 443
2 435 467
2 436 444
2 436 468
2 437 445
2 437 469
2 438 446
2 438 470
2 439 447
2 439 471
2 440 448
2 440 472
2 449 457
2 449 481
2 449 634
2 450 458
2 450 482
2 450 635
2 451 459
2 451 483
2 451 636
2 452 460
2 452 484
2 452 637
2 453 461
2 453 485
2 453 638
2 454 462
2 454 486
2 454 639
2 455 463
2 455 487
2 455 640
2 456 464
2 456 488
2 456 641
2 465 473
2 465 481
2 466 474
2 466 482
2 467 475
2 467 483
2 468 476
2 468 484
2 469 477
2 469 485
2 470 478
2 470 486
2 471 479
2 471 487
2 472 480
2 472 488
2 481 489
2 482 490
2 483 491
2 484 492
2 485 493
2 486 494
2 487 495
2 488 496
2 489 1636
2 489 1652
2 490 1637
2 490 1653
2 491 1638
2 491 1654
2 492 1639
2 492 1655
2 493 1640
2 493 1656
2 494 1641
2 494 1657
2 495 1642
2 495 1658
2 496 1643
2 496 1659
2 497 501
2 497 513
2 497 1027
2 498 502
2 498 514
2 498 1028
2 499 503
2 499 515
2 499 1029
2 500 504
2 500 516
2 500 1030
2 505 517
2 505 1027
2 505 1043
2 506 518
2 506 1028
2 506 1044
2 507 519
2 507 1029
2 508 520
2 508 1030
2 509 1652
2 510 1653
2 511 1654
2 512 1655
2 513 521
2 513 531
2 514 522
2 514 532
2 515 523
2 515 533
2 516 524
2 516 534
2 517 521
2 517 529
2 518 522
2 518 530
2 519 523
2 520 524
2 521 525
2 522 526
2 523 527
2 524 528
2 529 689
2 529 691
2 530 690
2 530 692
2 531 685
2 531 3834
2 532 686
2 532 3835
2 533 687
2 533 3836
2 534 688
2 534 3837
2 535 536
2 535 549
2 535 2217
2 537 539
2 537 541
2 537 642
2 538 540
2 538 542
2 538 644
2 541 543
2 541 3661
2 542 544
2 542 3662
2 545 547
2 545 549
2 545 2295
2 546 548
2 546 2296
2 549 550
2 550 551
2 550 553
2 551 552
2 551 559
2 553 555
2 553 557
2 554 556
2 554 558
2 557 560
2 557 564
2 558 565
2 559 560
2 559 563
2 560 561
2 563 674
2 563 676
2 564 664
2 564 666
2 565 665
2 565 667
2 566 570
2 566 693
2 566 3795
2 567 571
2 567 694
2 567 3796
2 568 572
2 568 695
2 568 3797
2 569 573
2 569 696
2 569 3798
2 574 576
2 574 578
2 574 580
2 574 646
2 575 577
2 575 579
2 575 581
2 575 647
2 582 585
2 582 646
2 582 1755
2 582 2256
2 583 586
2 583 647
2 583 1756
2 583 2257
2 584 1100
2 587 3722
2 588 3723
2 589 3724
2 590 3725
2 591 595
2 591 2333
2 592 596
2 592 2334
2 593 597
2 593 2335
2 594 598
2 594 2336
2 599 611
2 599 615
2 599 3799
2 600 612
2 600 616
2 600 3800
2 601 613
2 601 617
2 601 3801
2 602 614
2 602 618
2 602 3802
2 619 627
2 620 628
2 621 629
2 622 630
2 633 929
2 642 3669
2 643 3670
2 644 3671
2 645 3672
2 646 2239
2 647 2240
2 648 2266
2 649 2267
2 658 929
2 658 987
2 659 930
2 659 988
2 670 2087
2 671 2088
2 672 3589
2 673 3590
2 676 929
2 679 2087
2 680 2088
2 683 2211
2 684 2212
2 697 3734
2 698 3735
2 699 3736
2 700 3737
2 701 3738
2 702 3739
2 703 3740
2 704 3741
2 705 890
2 705 895
2 705 897
2 705 903
2 705 906
2 705 923
2 706 891
2 706 896
2 706 898
2 706 904
2 706 907
2 706 924
2 707 895
2 707 905
2 708 896
2 709 885
2 709 908
2 709 916
2 709 918
2 709 922
2 710 888
2 710 919
2 710 925
2 710 1149
2 710 4065
2 710 4074
2 711 889
2 711 920
2 711 926
2 711 1150
2 711 4066
2 711 4075
2 712 713
2 712 714
2 712 885
2 714 715
2 714 716
2 716 717
2 716 720
2 718 719
2 718 720
2 718 885
2 720 1199
2 721 722
2 721 727
2 722 723
2 722 724
2 724 725
2 724 786
2 725 726
2 725 729
2 727 729
2 728 1205
2 729 730
2 730 895
2 730 897
2 731 896
2 731 898
2 732 740
2 732 886
2 732 1219
2 733 741
2 733 887
2 733 1220
2 734 742
2 734 1221
2 735 743
2 735 1222
2 740 748
2 740 1231
2 741 749
2 741 1232
2 742 1233
2 743 1234
2 748 750
2 748 756
2 749 751
2 749 757
2 752 754
2 752 756
2 752 886
2 753 755
2 753 757
2 753 887
2 756 758
2 757 759
2 758 760
2 758 764
2 759 761
2 759 765
2 760 762
2 760 768
2 761 763
2 761 769
2 764 770
2 764 1271
2 765 771
2 765 1272
2 768 780
2 768 2392
2 769 781
2 769 2393
2 770 2392
2 770 2768
2 771 2393
2 771 2769
2 772 776
2 772 3935
2 772 3939
2 773 777
2 773 3936
2 773 3940
2 774 778
2 774 3937
2 774 3941
2 775 779
2 775 3938
2 775 3942
2 780 1147
2 780 2482
2 781 1148
2 781 2483
2 782 903
2 782 3258
2 783 3259
2 784 904
2 784 3260
2 785 3261
2 786 916
2 786 917
2 787 789
2 787 791
2 787 888
2 788 790
2 788 792
2 788 889
2 791 793
2 791 799
2 792 794
2 792 800
2 795 797
2 795 803
2 795 888
2 796 798
2 796 804
2 796 889
2 799 801
2 799 803
2 800 802
2 800 804
2 803 805
2 804 806
2 807 809
2 807 814
2 807 1324
2 808 810
2 808 815
2 808 1325
2 811 816
2 811 1324
2 811 1338
2 812 817
2 812 1325
2 814 818
2 814 823
2 815 819
2 815 824
2 816 818
2 816 822
2 817 819
2 818 820
2 819 821
2 822 921
2 822 922
2 823 919
2 823 4076
2 824 920
2 824 4077
2 825 826
2 825 837
2 825 2425
2 827 829
2 827 831
2 827 890
2 828 830
2 828 832
2 828 891
2 831 833
2 831 3975
2 832 834
2 832 3976
2 835 836
2 835 837
2 835 2470
2 837 838
2 838 839
2 838 841
2 839 840
2 839 844
2 841 842
2 841 843
2 843 845
2 843 849
2 844 845
2 844 848
2 845 846
2 848 913
2 848 915
2 849 905
2 849 906
2 850 852
2 850 923
2 850 4052
2 851 853
2 851 924
2 851 4053
2 854 855
2 854 856
2 854 857
2 854 892
2 858 860
2 858 892
2 858 2450
2 859 1409
2 861 4016
2 862 4017
2 863 864
2 863 1135
2 863 2493
2 865 871
2 865 875
2 865 1111
2 865 4054
2 866 872
2 866 876
2 866 1112
2 866 4055
2 867 873
2 867 877
2 867 1113
2 867 4056
2 868 874
2 868 878
2 868 1114
2 868 4057
2 869 1109
2 870 1110
2 879 884
2 879 1121
2 879 1122
2 879 1135
2 880 1119
2 881 1120
2 882 1119
2 883 1120
2 886 1176
2 890 3983
2 891 3984
2 892 2441
2 893 1105
2 893 1119
2 893 2453
2 894 1106
2 894 1120
2 894 2454
2 899 1176
2 899 1301
2 900 1302
2 901 1177
2 901 1303
2 902 1304
2 908 986
2 908 2340
2 909 933
2 909 3947
2 910 934
2 910 3948
2 911 935
2 911 3949
2 912 936
2 912 3950
2 915 1176
2 917 2340
2 918 2420
2 925 4023
2 926 4024
2 927 1132
2 927 1136
2 927 1138
2 927 1142
2 927 1145
2 927 1168
2 928 1133
2 928 1137
2 928 1139
2 928 1143
2 928 1146
2 928 1169
2 929 1136
2 929 1144
2 930 1137
2 931 1125
2 931 1147
2 931 1154
2 931 1158
2 931 1166
2 932 1126
2 932 1148
2 932 1155
2 932 1159
2 932 1167
2 933 1128
2 933 1160
2 933 1170
2 933 4302
2 933 4314
2 934 1129
2 934 1161
2 934 1171
2 934 4303
2 934 4315
2 935 1130
2 935 1162
2 935 1172
2 935 4304
2 935 4316
2 936 1131
2 936 1163
2 936 1173
2 936 4305
2 936 4317
2 937 938
2 937 939
2 937 1126
2 939 940
2 939 941
2 941 942
2 941 947
2 943 945
2 943 1125
2 944 946
2 944 947
2 944 1126
2 947 1532
2 948 950
2 948 957
2 949 951
2 949 953
2 950 952
2 950 954
2 953 989
2 954 955
2 954 990
2 955 956
2 955 959
2 957 959
2 958 1541
2 959 960
2 960 1136
2 960 1138
2 961 1137
2 961 1139
2 962 966
2 962 1127
2 962 1551
2 963 967
2 963 1552
2 966 970
2 966 1557
2 967 1558
2 970 971
2 970 974
2 972 973
2 972 974
2 972 1127
2 974 975
2 975 976
2 975 978
2 976 977
2 976 980
2 978 981
2 978 1577
2 980 986
2 980 2540
2 981 2540
2 981 2977
2 982 984
2 982 4158
2 982 4160
2 983 985
2 983 4159
2 983 4161
2 986 2647
2 987 1142
2 987 3585
2 988 1143
2 988 3586
2 989 1154
2 989 1156
2 990 1155
2 990 1157
2 991 995
2 991 999
2 991 1128
2 992 996
2 992 1000
2 992 1129
2 993 997
2 993 1001
2 993 1130
2 994 998
2 994 1002
2 994 1131
2 999 1003
2 999 1015
2 1000 1004
2 1000 1016
2 1001 1005
2 1001 1017
2 1002 1006
2 1002 1018
2 1007 1011
2 1007 1023
2 1007 1128
2 1008 1012
2 1008 1024
2 1008 1129
2 1009 1013
2 1009 1025
2 1009 1130
2 1010 1014
2 1010 1026
2 1010 1131
2 1015 1019
2 1015 1023
2 1016 1020
2 1016 1024
2 1017 1021
2 1017 1025
2 1018 1022
2 1018 1026
2 1023 1027
2 1024 1028
2 1025 1029
2 1026 1030
2 1031 1035
2 1031 1045
2 1031 1632
2 1032 1036
2 1032 1046
2 1032 1633
2 1033 1037
2 1033 1047
2 1033 1634
2 1034 1038
2 1034 1048
2 1034 1635
2 1039 1049
2 1039 1632
2 1039 1660
2 1040 1050
2 1040 1633
2 1040 1661
2 1041 1051
2 1041 1634
2 1042 1052
2 1042 1635
2 1045 1053
2 1045 1063
2 1046 1054
2 1046 1064
2 1047 1055
2 1047 1065
2 1048 1056
2 1048 1066
2 1049 1053
2 1049 1061
2 1050 1054
2 1050 1062
2 1051 1055
2 1052 1056
2 1053 1057
2 1054 1058
2 1055 1059
2 1056 1060
2 1061 1164
2 1061 1166
2 1062 1165
2 1062 1167
2 1063 1160
2 1063 4318
2 1064 1161
2 1064 4319
2 1065 1162
2 1065 4320
2 1066 1163
2 1066 4321
2 1067 1068
2 1067 1079
2 1067 2590
2 1069 1071
2 1069 1073
2 1069 1132
2 1070 1072
2 1070 1074
2 1070 1133
2 1073 1075
2 1073 4211
2 1074 1076
2 1074 4212
2 1077 1078
2 1077 1079
2 1077 2636
2 1079 1080
2 1080 1081
2 1080 1083
2 1081 1082
2 1081 1086
2 1083 1084
2 1083 1085
2 1085 1087
2 1085 1091
2 1086 1087
2 1086 1090
2 1087 1088
2 1090 1151
2 1090 1153
2 1091 1144
2 1091 1145
2 1092 1094
2 1092 1168
2 1092 4292
2 1093 1095
2 1093 1169
2 1093 4293
2 1096 1097
2 1096 1098
2 1096 1099
2 1096 1134
2 1100 1102
2 1100 1134
2 1100 2615
2 1101 1754
2 1103 4252
2 1104 4253
2 1105 1107
2 1105 2663
2 1106 1108
2 1106 2664
2 1109 1115
2 1109 1117
2 1109 4294
2 1110 1116
2 1110 1118
2 1110 4295
2 1119 1123
2 1120 1124
2 1127 1501
2 1132 4219
2 1133 4220
2 1134 2606
2 1135 2620
2 1140 1501
2 1140 1592
2 1141 1502
2 1141 1593
2 1147 2498
2 1148 2499
2 1149 4164
2 1150 4165
2 1153 1501
2 1156 2498
2 1157 2499
2 1158 2584
2 1159 2585
2 1170 4259
2 1171 4260
2 1172 4261
2 1173 4262
2 1174 1445
2 1174 1450
2 1174 1452
2 1174 1462
2 1174 1465
2 1174 1495
2 1175 1446
2 1175 1451
2 1175 1453
2 1175 1463
2 1175 1466
2 1175 1496
2 1176 1450
2 1176 1464
2 1177 1451
2 1178 1437
2 1178 1467
2 1178 1485
2 1178 1493
2 1179 1438
2 1179 1468
2 1179 1483
2 1179 1486
2 1179 1494
2 1180 1443
2 1180 1488
2 1180 1497
2 1180 1812
2 1180 4652
2 1180 4667
2 1181 1444
2 1181 1490
2 1181 1498
2 1181 1814
2 1181 4654
2 1181 4668
2 1182 1185
2 1182 1437
2 1183 1184
2 1183 1186
2 1183 1438
2 1185 1187
2 1185 1189
2 1186 1188
2 1186 1190
2 1189 1191
2 1189 1197
2 1190 1192
2 1190 1198
2 1193 1195
2 1193 1197
2 1193 1437
2 1194 1196
2 1194 1198
2 1194 1438
2 1199 1200
2 1199 1205
2 1200 1201
2 1200 1202
2 1202 1203
2 1202 1305
2 1203 1204
2 1203 1208
2 1205 1208
2 1208 1209
2 1209 1450
2 1209 1452
2 1210 1451
2 1210 1453
2 1211 1223
2 1211 1439
2 1212 1224
2 1212 1440
2 1213 1225
2 1213 1441
2 1214 1226
2 1214 1442
2 1215 1227
2 1216 1228
2 1217 1229
2 1218 1230
2 1223 1235
2 1224 1236
2 1225 1237
2 1226 1238
2 1235 1239
2 1235 1251
2 1236 1240
2 1236 1252
2 1237 1241
2 1237 1253
2 1238 1242
2 1238 1254
2 1243 1247
2 1243 1251
2 1243 1439
2 1244 1248
2 1244 1252
2 1244 1440
2 1245 1249
2 1245 1253
2 1245 1441
2 1246 1250
2 1246 1254
2 1246 1442
2 1251 1255
2 1252 1256
2 1253 1257
2 1254 1258
2 1255 1259
2 1255 1267
2 1256 1260
2 1256 1268
2 1257 1261
2 1257 1269
2 1258 1262
2 1258 1270
2 1259 1263
2 1259 1273
2 1260 1264
2 1260 1274
2 1261 1265
2 1261 1275
2 1262 1266
2 1262 1276
2 1267 1277
2 1268 1278
2 1269 1279
2 1270 1280
2 1273 1297
2 1273 2756
2 1274 1298
2 1274 2757
2 1275 1299
2 1275 2758
2 1276 1300
2 1276 2759
2 1277 1929
2 1277 2756
2 1278 1930
2 1278 2757
2 1279 1931
2 1279 2758
2 1280 1932
2 1280 2759
2 1281 1289
2 1281 4471
2 1281 4479
2 1282 1290
2 1282 4472
2 1282 4480
2 1283 1291
2 1283 4473
2 1283 4481
2 1284 1292
2 1284 4474
2 1284 4482
2 1285 1293
2 1285 4475
2 1285 4483
2 1286 1294
2 1286 4476
2 1286 4484
2 1287 1295
2 1287 4477
2 1287 4485
2 1288 1296
2 1288 4478
2 1288 4486
2 1297 1807
2 1297 2879
2 1298 1808
2 1298 2880
2 1299 1809
2 1299 2881
2 1300 1810
2 1300 2882
2 1301 1462
2 1301 3939
2 1302 3940
2 1303 1463
2 1303 3941
2 1304 3942
2 1305 1483
2 1305 1484
2 1306 1308
2 1306 1310
2 1306 1443
2 1307 1309
2 1307 1311
2 1307 1444
2 1310 1312
2 1310 1318
2 1311 1313
2 1311 1319
2 1314 1316
2 1314 1322
2 1314 1443
2 1315 1317
2 1315 1323
2 1315 1444
2 1318 1320
2 1318 1322
2 1319 1321
2 1319 1323
2 1322 1324
2 1323 1325
2 1326 1330
2 1326 1339
2 1327 1331
2 1327 1340
2 1328 1332
2 1328 1341
2 1329 1333
2 1329 1342
2 1334 1343
2 1335 1344
2 1336 1345
2 1337 1346
2 1339 1347
2 1339 1357
2 1340 1348
2 1340 1358
2 1341 1349
2 1341 1359
2 1342 1350
2 1342 1360
2 1343 1347
2 1343 1355
2 1344 1348
2 1344 1356
2 1345 1349
2 1346 1350
2 1347 1351
2 1348 1352
2 1349 1353
2 1350 1354
2 1355 1491
2 1355 1493
2 1356 1492
2 1356 1494
2 1357 1487
2 1357 4669
2 1358 1488
2 1358 4670
2 1359 1489
2 1359 4671
2 1360 1490
2 1360 4672
2 1361 1363
2 1361 1383
2 1361 2808
2 1362 1364
2 1362 1384
2 1362 2809
2 1365 1369
2 1365 1373
2 1366 1370
2 1366 1374
2 1366 1445
2 1367 1371
2 1367 1375
2 1368 1372
2 1368 1376
2 1368 1446
2 1373 1377
2 1373 4536
2 1374 1378
2 1374 4537
2 1375 1379
2 1375 4538
2 1376 1380
2 1376 4539
2 1381 1382
2 1381 1384
2 1381 2864
2 1384 1385
2 1385 1387
2 1385 1390
2 1386 1388
2 1386 1393
2 1387 1389
2 1387 1394
2 1390 1391
2 1390 1392
2 1392 1395
2 1392 1400
2 1393 1398
2 1394 1395
2 1394 1399
2 1395 1396
2 1398 1477
2 1398 1481
2 1399 1478
2 1399 1482
2 1400 1464
2 1400 1465
2 1401 1403
2 1401 1495
2 1401 4636
2 1402 1404
2 1402 1496
2 1402 4637
2 1405 1406
2 1405 1407
2 1405 1408
2 1405 1447
2 1409 1412
2 1409 1447
2 1409 2841
2 1413 4594
2 1414 4595
2 1415 1416
2 1415 1793
2 1415 2898
2 1417 1423
2 1417 1427
2 1417 1766
2 1417 4638
2 1418 1424
2 1418 1428
2 1418 1767
2 1418 4639
2 1419 1425
2 1419 1429
2 1419 1768
2 1419 4640
2 1420 1426
2 1420 1430
2 1420 1769
2 1420 4641
2 1421 1764
2 1422 1765
2 1431 1436
2 1431 1776
2 1431 1777
2 1431 1793
2 1432 1774
2 1433 1775
2 1434 1774
2 1435 1775
2 1445 4552
2 1446 4553
2 1447 2831
2 1448 1760
2 1448 1774
2 1448 2844
2 1449 1761
2 1449 1775
2 1449 2845
2 1467 1590
2 1468 1591
2 1468 2669
2 1469 4495
2 1470 4496
2 1471 1507
2 1471 4497
2 1472 1508
2 1472 4498
2 1473 4499
2 1474 4500
2 1475 1509
2 1475 4501
2 1476 1510
2 1476 4502
2 1484 2669
2 1485 2798
2 1486 2799
2 1497 4603
2 1498 4604
2 1499 1790
2 1499 1794
2 1499 1796
2 1499 1802
2 1499 1805
2 1499 1845
2 1500 1791
2 1500 1795
2 1500 1797
2 1500 1803
2 1500 1806
2 1500 1846
2 1501 1794
2 1501 1804
2 1502 1795
2 1503 1780
2 1503 1807
2 1503 1825
2 1503 1841
2 1504 1781
2 1504 1808
2 1504 1826
2 1504 1842
2 1505 1782
2 1505 1809
2 1505 1821
2 1505 1827
2 1505 1843
2 1506 1783
2 1506 1810
2 1506 1822
2 1506 1828
2 1506 1844
2 1507 1786
2 1507 1831
2 1507 1847
2 1507 4997
2 1507 5015
2 1508 1787
2 1508 1832
2 1508 1848
2 1508 4998
2 1508 5016
2 1509 1788
2 1509 1835
2 1509 1849
2 1509 5001
2 1509 5017
2 1510 1789
2 1510 1836
2 1510 1850
2 1510 5002
2 1510 5018
2 1511 1514
2 1511 1781
2 1512 1513
2 1512 1515
2 1512 1783
2 1514 1516
2 1514 1518
2 1515 1517
2 1515 1519
2 1518 1520
2 1518 1530
2 1519 1521
2 1519 1531
2 1522 1526
2 1522 1780
2 1523 1527
2 1523 1530
2 1523 1781
2 1524 1528
2 1524 1782
2 1525 1529
2 1525 1531
2 1525 1783
2 1532 1534
2 1532 1541
2 1533 1535
2 1533 1537
2 1534 1536
2 1534 1538
2 1537 1594
2 1538 1539
2 1538 1595
2 1539 1540
2 1539 1544
2 1541 1544
2 1544 1545
2 1545 1794
2 1545 1796
2 1546 1795
2 1546 1797
2 1547 1553
2 1547 1784
2 1548 1554
2 1548 1785
2 1549 1555
2 1550 1556
2 1553 1559
2 1554 1560
2 1559 1561
2 1559 1567
2 1560 1562
2 1560 1568
2 1563 1565
2 1563 1567
2 1563 1784
2 1564 1566
2 1564 1568
2 1564 1785
2 1567 1569
2 1568 1570
2 1569 1571
2 1569 1575
2 1570 1572
2 1570 1576
2 1571 1573
2 1571 1578
2 1572 1574
2 1572 1579
2 1575 1580
2 1576 1581
2 1578 1590
2 1578 2971
2 1579 1591
2 1579 2972
2 1580 2147
2 1580 2971
2 1581 2148
2 1581 2972
2 1582 1586
2 1582 4800
2 1582 4804
2 1583 1587
2 1583 4801
2 1583 4805
2 1584 1588
2 1584 4802
2 1584 4806
2 1585 1589
2 1585 4803
2 1585 4807
2 1590 3117
2 1591 3118
2 1592 1802
2 1592 4160
2 1593 1803
2 1593 4161
2 1594 1821
2 1594 1823
2 1595 1822
2 1595 1824
2 1596 1600
2 1596 1604
2 1596 1786
2 1597 1601
2 1597 1605
2 1597 1787
2 1598 1602
2 1598 1606
2 1598 1788
2 1599 1603
2 1599 1607
2 1599 1789
2 1604 1608
2 1604 1620
2 1605 1609
2 1605 1621
2 1606 1610
2 1606 1622
2 1607 1611
2 1607 1623
2 1612 1616
2 1612 1628
2 1612 1786
2 1613 1617
2 1613 1629
2 1613 1787
2 1614 1618
2 1614 1630
2 1614 1788
2 1615 1619
2 1615 1631
2 1615 1789
2 1620 1624
2 1620 1628
2 1621 1625
2 1621 1629
2 1622 1626
2 1622 1630
2 1623 1627
2 1623 1631
2 1628 1632
2 1629 1633
2 1630 1634
2 1631 1635
2 1636 1644
2 1636 1662
2 1637 1645
2 1637 1663
2 1638 1646
2 1638 1664
2 1639 1647
2 1639 1665
2 1640 1648
2 1640 1666
2 1641 1649
2 1641 1667
2 1642 1650
2 1642 1668
2 1643 1651
2 1643 1669
2 1652 1670
2 1653 1671
2 1654 1672
2 1655 1673
2 1656 1674
2 1657 1675
2 1658 1676
2 1659 1677
2 1662 1678
2 1662 1698
2 1663 1679
2 1663 1699
2 1664 1680
2 1664 1700
2 1665 1681
2 1665 1701
2 1666 1682
2 1666 1702
2 1667 1683
2 1667 1703
2 1668 1684
2 1668 1704
2 1669 1685
2 1669 1705
2 1670 1678
2 1670 1694
2 1671 1679
2 1671 1695
2 1672 1680
2 1672 1696
2 1673 1681
2 1673 1697
2 1674 1682
2 1675 1683
2 1676 1684
2 1677 1685
2 1678 1686
2 1679 1687
2 1680 1688
2 1681 1689
2 1682 1690
2 1683 1691
2 1684 1692
2 1685 1693
2 1694 1837
2 1694 1841
2 1695 1838
2 1695 1842
2 1696 1839
2 1696 1843
2 1697 1840
2 1697 1844
2 1698 1829
2 1698 5019
2 1699 1830
2 1699 5020
2 1700 1831
2 1700 5021
2 1701 1832
2 1701 5022
2 1702 1833
2 1702 5023
2 1703 1834
2 1703 5024
2 1704 1835
2 1704 5025
2 1705 1836
2 1705 5026
2 1706 1708
2 1706 1728
2 1706 3046
2 1707 1709
2 1707 1729
2 1707 3047
2 1710 1714
2 1710 1718
2 1711 1715
2 1711 1719
2 1711 1790
2 1712 1716
2 1712 1720
2 1713 1717
2 1713 1721
2 1713 1791
2 1718 1722
2 1718 4879
2 1719 1723
2 1719 4880
2 1720 1724
2 1720 4881
2 1721 1725
2 1721 4882
2 1726 1727
2 1726 1729
2 1726 3103
2 1729 1730
2 1730 1732
2 1730 1735
2 1731 1733
2 1731 1738
2 1732 1734
2 1732 1739
2 1735 1736
2 1735 1737
2 1737 1740
2 1737 1745
2 1738 1743
2 1739 1740
2 1739 1744
2 1740 1741
2 1743 1815
2 1743 1819
2 1744 1816
2 1744 1820
2 1745 1804
2 1745 1805
2 1746 1748
2 1746 1845
2 1746 4984
2 1747 1749
2 1747 1846
2 1747 4985
2 1750 1751
2 1750 1752
2 1750 1753
2 1750 1792
2 1754 1757
2 1754 1792
2 1754 3079
2 1758 4937
2 1759 4938
2 1760 1762
2 1760 3144
2 1761 1763
2 1761 3145
2 1764 1770
2 1764 1772
2 1764 4986
2 1765 1771
2 1765 1773
2 1765 4987
2 1774 1778
2 1775 1779
2 1790 4895
2 1791 4896
2 1792 3069
2 1793 3084
2 1809 2905
2 1810 2906
2 1811 4812
2 1812 4813
2 1813 4814
2 1814 4815
2 1823 2905
2 1824 2906
2 1825 3034
2 1826 3035
2 1827 3036
2 1828 3037
2 1847 4946
2 1848 4947
2 1849 4948
2 1850 4949
2 1851 2045
2 1851 2053
2 1851 2055
2 1851 2059
2 1851 2063
2 1851 2077
2 1852 2046
2 1852 2054
2 1852 2056
2 1852 2060
2 1852 2064
2 1852 2078
2 1853 2053
2 1853 2061
2 1853 2859
2 1853 2870
2 1853 2885
2 1854 2054
2 1854 2062
2 1854 2861
2 1854 2872
2 1854 2886
2 1855 2040
2 1855 2065
2 1855 2070
2 1855 2073
2 1855 2076
2 1856 2043
2 1856 2074
2 1856 2079
2 1856 2314
2 1857 1858
2 1857 1859
2 1857 2040
2 1859 1860
2 1859 1861
2 1861 1862
2 1861 1865
2 1863 1864
2 1863 1865
2 1863 2040
2 1865 2350
2 1866 1868
2 1866 1878
2 1866 2685
2 1867 1869
2 1867 1879
2 1867 2686
2 1868 1870
2 1868 1872
2 1869 1871
2 1869 1873
2 1872 1874
2 1872 1933
2 1873 1875
2 1873 1934
2 1874 1876
2 1874 1881
2 1875 1877
2 1875 1882
2 1878 1881
2 1878 2694
2 1879 1882
2 1879 2695
2 1880 2356
2 1881 1883
2 1882 1884
2 1883 2053
2 1883 2055
2 1884 2054
2 1884 2056
2 1885 1891
2 1885 2041
2 1885 2362
2 1886 1892
2 1886 2042
2 1886 2363
2 1887 2698
2 1888 2699
2 1889 2700
2 1890 2701
2 1891 1897
2 1891 2366
2 1892 1898
2 1892 2367
2 1893 2704
2 1894 2705
2 1895 2706
2 1896 2707
2 1897 1899
2 1897 1905
2 1898 1900
2 1898 1906
2 1901 1903
2 1901 1905
2 1901 2041
2 1902 1904
2 1902 1906
2 1902 2042
2 1905 1907
2 1906 1908
2 1907 1909
2 1907 1913
2 1908 1910
2 1908 1914
2 1909 1911
2 1909 1919
2 1910 1912
2 1910 1920
2 1913 1921
2 1913 2386
2 1914 1922
2 1914 2387
2 1915 2742
2 1916 2743
2 1917 2744
2 1918 2745
2 1919 1927
2 1919 3262
2 1920 1928
2 1920 3263
2 1921 3262
2 1921 3951
2 1922 3263
2 1922 3952
2 1923 1925
2 1924 1926
2 1927 2312
2 1927 3461
2 1928 2313
2 1928 3462
2 1929 2059
2 1929 2870
2 1930 2871
2 1931 2060
2 1931 2872
2 1932 2873
2 1933 2070
2 1933 2071
2 1934 2072
2 1935 1937
2 1935 1938
2 1935 2043
2 1936 1939
2 1936 2044
2 1938 1940
2 1938 1946
2 1939 1941
2 1939 1947
2 1942 1944
2 1942 1950
2 1942 2043
2 1943 1945
2 1943 1951
2 1943 2044
2 1946 1948
2 1946 1950
2 1947 1949
2 1947 1951
2 1950 1952
2 1951 1953
2 1952 2781
2 1952 2785
2 1953 2782
2 1953 2786
2 1954 1955
2 1954 1959
2 1954 2410
2 1956 1960
2 1956 2410
2 1956 2414
2 1957 2785
2 1958 2786
2 1959 1961
2 1959 1964
2 1960 1961
2 1960 1963
2 1961 1962
2 1963 2075
2 1963 2076
2 1964 2074
2 1965 1966
2 1965 1975
2 1965 3314
2 1967 1968
2 1967 1969
2 1967 2045
2 1969 1970
2 1971 1973
2 1971 1975
2 1971 3433
2 1972 1974
2 1972 3434
2 1975 1976
2 1976 1977
2 1976 1979
2 1977 1978
2 1977 1985
2 1979 1981
2 1979 1983
2 1980 1982
2 1980 1984
2 1983 1986
2 1983 1989
2 1984 1990
2 1985 1986
2 1985 1988
2 1986 1987
2 1988 2068
2 1988 2069
2 1989 2061
2 1989 2063
2 1990 2062
2 1990 2064
2 1991 1993
2 1991 2077
2 1992 1994
2 1992 2078
2 1995 1997
2 1995 1999
2 1995 2001
2 1995 2047
2 1996 1998
2 1996 2000
2 1996 2002
2 1996 2048
2 2003 2006
2 2003 2047
2 2003 2838
2 2003 3379
2 2004 2007
2 2004 2048
2 2004 2839
2 2004 3380
2 2005 2447
2 2010 2012
2 2010 2299
2 2010 3480
2 2011 2013
2 2011 2300
2 2011 3481
2 2014 2020
2 2014 2024
2 2014 2268
2 2015 2021
2 2015 2025
2 2015 2269
2 2016 2022
2 2016 2026
2 2016 2270
2 2017 2023
2 2017 2027
2 2017 2271
2 2018 2266
2 2019 2267
2 2028 2038
2 2028 2280
2 2028 2282
2 2028 2299
2 2029 2039
2 2029 2281
2 2029 2283
2 2029 2300
2 2030 2276
2 2031 2277
2 2032 2278
2 2033 2279
2 2034 2276
2 2035 2277
2 2036 2278
2 2037 2279
2 2041 2338
2 2047 3349
2 2048 3350
2 2049 2258
2 2049 2276
2 2049 3389
2 2050 2259
2 2050 2277
2 2050 3390
2 2051 2260
2 2051 2278
2 2051 3391
2 2052 2261
2 2052 2279
2 2052 3392
2 2057 2338
2 2057 2398
2 2058 2399
2 2065 2146
2 2065 3152
2 2066 2087
2 2067 2088
2 2069 2338
2 2071 3152
2 2073 3307
2 2081 2295
2 2081 2301
2 2081 2303
2 2081 2306
2 2081 2310
2 2081 2331
2 2082 2296
2 2082 2302
2 2082 2304
2 2082 2307
2 2082 2311
2 2082 2332
2 2083 2301
2 2083 2308
2 2083 3099
2 2083 3108
2 2083 3121
2 2084 2302
2 2084 2309
2 2084 3100
2 2084 3109
2 2084 3122
2 2085 2288
2 2085 2312
2 2085 2317
2 2085 2323
2 2085 2329
2 2086 2289
2 2086 2313
2 2086 2318
2 2086 2324
2 2086 2330
2 2087 2291
2 2087 2325
2 2087 2333
2 2088 2292
2 2088 2326
2 2088 2334
2 2089 2090
2 2089 2091
2 2089 2289
2 2091 2092
2 2091 2093
2 2093 2094
2 2093 2099
2 2095 2097
2 2095 2288
2 2096 2098
2 2096 2099
2 2096 2289
2 2099 2511
2 2100 2103
2 2100 2118
2 2100 2926
2 2101 2105
2 2101 2119
2 2101 2927
2 2102 2106
2 2102 2110
2 2103 2107
2 2103 2111
2 2104 2108
2 2104 2112
2 2105 2109
2 2105 2113
2 2110 2149
2 2111 2114
2 2111 2150
2 2112 2151
2 2113 2115
2 2113 2152
2 2114 2116
2 2114 2121
2 2115 2117
2 2115 2122
2 2118 2121
2 2118 2938
2 2119 2122
2 2119 2939
2 2120 2520
2 2121 2123
2 2122 2124
2 2123 2301
2 2123 2303
2 2124 2302
2 2124 2304
2 2125 2128
2 2125 2290
2 2125 2525
2 2126 2942
2 2127 2943
2 2128 2131
2 2128 2527
2 2129 2945
2 2130 2946
2 2131 2132
2 2131 2135
2 2133 2134
2 2133 2135
2 2133 2290
2 2135 2136
2 2136 2137
2 2136 2139
2 2137 2138
2 2137 2142
2 2139 2143
2 2139 2537
2 2140 2964
2 2141 2965
2 2142 2146
2 2142 3587
2 2143 3587
2 2143 4166
2 2144 2145
2 2146 3818
2 2147 2306
2 2147 3108
2 2148 2307
2 2148 3109
2 2149 2317
2 2149 2319
2 2150 2318
2 2150 2320
2 2151 2321
2 2152 2322
2 2153 2157
2 2153 2159
2 2153 2291
2 2154 2158
2 2154 2160
2 2154 2292
2 2155 2161
2 2155 2293
2 2156 2162
2 2156 2294
2 2159 2163
2 2159 2175
2 2160 2164
2 2160 2176
2 2161 2165
2 2161 2177
2 2162 2166
2 2162 2178
2 2167 2171
2 2167 2183
2 2167 2291
2 2168 2172
2 2168 2184
2 2168 2292
2 2169 2173
2 2169 2185
2 2169 2293
2 2170 2174
2 2170 2186
2 2170 2294
2 2175 2179
2 2175 2183
2 2176 2180
2 2176 2184
2 2177 2181
2 2177 2185
2 2178 2182
2 2178 2186
2 2183 2187
2 2184 2188
2 2185 2189
2 2186 2190
2 2187 3000
2 2187 3008
2 2188 3001
2 2188 3009
2 2189 3002
2 2189 3010
2 2190 3003
2 2190 3011
2 2191 2193
2 2191 2201
2 2191 2564
2 2192 2194
2 2192 2202
2 2192 2565
2 2195 2203
2 2195 2564
2 2195 2572
2 2196 2204
2 2196 2565
2 2196 2573
2 2197 3008
2 2198 3009
2 2199 3010
2 2200 3011
2 2201 2205
2 2201 2211
2 2202 2206
2 2202 2212
2 2203 2205
2 2203 2209
2 2204 2206
2 2204 2210
2 2205 2207
2 2206 2208
2 2209 2327
2 2209 2329
2 2210 2328
2 2210 2330
2 2211 2325
2 2212 2326
2 2213 2214
2 2213 2223
2 2213 3667
2 2215 2216
2 2215 2217
2 2215 2295
2 2217 2218
2 2219 2221
2 2219 2223
2 2219 3793
2 2220 2222
2 2220 3794
2 2223 2224
2 2224 2225
2 2224 2227
2 2225 2226
2 2225 2233
2 2227 2229
2 2227 2231
2 2228 2230
2 2228 2232
2 2231 2234
2 2231 2237
2 2232 2238
2 2233 2234
2 2233 2236
2 2234 2235
2 2236 2315
2 2236 2316
2 2237 2308
2 2237 2310
2 2238 2309
2 2238 2311
2 2239 2241
2 2239 2331
2 2240 2242
2 2240 2332
2 2243 2245
2 2243 2247
2 2243 2249
2 2243 2297
2 2244 2246
2 2244 2248
2 2244 2250
2 2244 2298
2 2251 2254
2 2251 2297
2 2251 3076
2 2251 3732
2 2252 2255
2 2252 2298
2 2252 3077
2 2252 3733
2 2253 2612
2 2258 2262
2 2258 3848
2 2259 2263
2 2259 3849
2 2260 2264
2 2260 3850
2 2261 2265
2 2261 3851
2 2266 2272
2 2266 2274
2 2267 2273
2 2267 2275
2 2276 2284
2 2277 2285
2 2278 2286
2 2279 2287
2 2290 2495
2 2297 3702
2 2298 3703
2 2299 3750
2 2300 3751
2 2305 2495
2 2305 2543
2 2312 3490
2 2313 3491
2 2316 2495
2 2319 3490
2 2320 3491
2 2323 3659
2 2324 3660
2 2337 2470
2 2337 2474
2 2337 2475
2 2337 2478
2 2337 2480
2 2337 2492
2 2338 2474
2 2338 2479
2 2339 2466
2 2339 2481
2 2339 2486
2 2339 2488
2 2339 2491
2 2340 2469
2 2340 2489
2 2340 2493
2 2340 2647
2 2341 2342
2 2341 2343
2 2341 2466
2 2343 2344
2 2343 2345
2 2345 2346
2 2345 2349
2 2347 2348
2 2347 2349
2 2347 2466
2 2349 2687
2 2350 2351
2 2350 2356
2 2351 2352
2 2351 2353
2 2353 2354
2 2353 2400
2 2354 2355
2 2354 2358
2 2356 2358
2 2357 2693
2 2358 2359
2 2359 2474
2 2359 2475
2 2360 2364
2 2360 2467
2 2360 2702
2 2361 2365
2 2361 2468
2 2361 2703
2 2364 2368
2 2364 2708
2 2365 2369
2 2365 2709
2 2368 2370
2 2368 2376
2 2369 2371
2 2369 2377
2 2372 2374
2 2372 2376
2 2372 2467
2 2373 2375
2 2373 2377
2 2373 2468
2 2376 2378
2 2377 2379
2 2378 2380
2 2378 2384
2 2379 2381
2 2379 2385
2 2380 2382
2 2380 2388
2 2381 2383
2 2381 2389
2 2384 2390
2 2384 2746
2 2385 2391
2 2385 2747
2 2388 2396
2 2388 3943
2 2389 2397
2 2389 3944
2 2390 3943
2 2390 4503
2 2391 3944
2 2391 4504
2 2392 2394
2 2393 2395
2 2396 2645
2 2396 4067
2 2397 2646
2 2397 4068
2 2398 2478
2 2400 2486
2 2400 2487
2 2401 2402
2 2401 2403
2 2401 2469
2 2403 2404
2 2403 2407
2 2405 2406
2 2405 2409
2 2405 2469
2 2407 2408
2 2407 2409
2 2409 2410
2 2411 2412
2 2411 2415
2 2411 2780
2 2413 2416
2 2413 2780
2 2413 2787
2 2415 2417
2 2415 2420
2 2416 2417
2 2416 2419
2 2417 2418
2 2419 2490
2 2419 2491
2 2420 2489
2 2421 2422
2 2421 2429
2 2421 3981
2 2423 2424
2 2423 2425
2 2423 2470
2 2425 2426
2 2427 2428
2 2427 2429
2 2427 4051
2 2429 2430
2 2430 2431
2 2430 2433
2 2431 2432
2 2431 2436
2 2433 2434
2 2433 2435
2 2435 2437
2 2435 2440
2 2436 2437
2 2436 2439
2 2437 2438
2 2439 2484
2 2439 2485
2 2440 2479
2 2440 2480
2 2441 2442
2 2441 2492
2 2443 2444
2 2443 2445
2 2443 2446
2 2443 2471
2 2447 2449
2 2447 2471
2 2447 4022
2 2448 2837
2 2451 2452
2 2451 2638
2 2451 4083
2 2453 2456
2 2453 2458
2 2453 2621
2 2454 2457
2 2454 2459
2 2454 2622
2 2455 2620
2 2460 2465
2 2460 2627
2 2460 2628
2 2460 2638
2 2461 2625
2 2462 2626
2 2463 2625
2 2464 2626
2 2467 2666
2 2471 4006
2 2472 2616
2 2472 2625
2 2472 4027
2 2473 2617
2 2473 2626
2 2473 4028
2 2476 2666
2 2476 2768
2 2477 2769
2 2481 2542
2 2481 3856
2 2482 2498
2 2483 2499
2 2485 2666
2 2487 3856
2 2488 3974
2 2494 2636
2 2494 2639
2 2494 2640
2 2494 2642
2 2494 2644
2 2494 2662
2 2495 2639
2 2495 2643
2 2496 2631
2 2496 2645
2 2496 2650
2 2496 2654
2 2496 2660
2 2497 2632
2 2497 2646
2 2497 2651
2 2497 2655
2 2497 2661
2 2498 2634
2 2498 2656
2 2498 2663
2 2499 2635
2 2499 2657
2 2499 2664
2 2500 2501
2 2500 2502
2 2500 2632
2 2502 2503
2 2502 2504
2 2504 2505
2 2504 2510
2 2506 2508
2 2506 2631
2 2507 2509
2 2507 2510
2 2507 2632
2 2510 2928
2 2511 2513
2 2511 2520
2 2512 2514
2 2512 2516
2 2513 2515
2 2513 2517
2 2516 2544
2 2517 2518
2 2517 2545
2 2518 2519
2 2518 2522
2 2520 2522
2 2521 2937
2 2522 2523
2 2523 2639
2 2523 2640
2 2524 2526
2 2524 2633
2 2524 2944
2 2526 2528
2 2526 2947
2 2528 2529
2 2528 2532
2 2530 2531
2 2530 2532
2 2530 2633
2 2532 2533
2 2533 2534
2 2533 2536
2 2534 2535
2 2534 2538
2 2536 2539
2 2536 2966
2 2538 2542
2 2538 4162
2 2539 4162
2 2539 4816
2 2540 2541
2 2542 4306
2 2543 2642
2 2544 2650
2 2544 2652
2 2545 2651
2 2545 2653
2 2546 2548
2 2546 2550
2 2546 2634
2 2547 2549
2 2547 2551
2 2547 2635
2 2550 2552
2 2550 2558
2 2551 2553
2 2551 2559
2 2554 2556
2 2554 2562
2 2554 2634
2 2555 2557
2 2555 2563
2 2555 2635
2 2558 2560
2 2558 2562
2 2559 2561
2 2559 2563
2 2562 2564
2 2563 2565
2 2566 2568
2 2566 2574
2 2566 2998
2 2567 2569
2 2567 2575
2 2567 2999
2 2570 2576
2 2570 2998
2 2570 3012
2 2571 2577
2 2571 2999
2 2571 3013
2 2574 2578
2 2574 2584
2 2575 2579
2 2575 2585
2 2576 2578
2 2576 2582
2 2577 2579
2 2577 2583
2 2578 2580
2 2579 2581
2 2582 2658
2 2582 2660
2 2583 2659
2 2583 2661
2 2584 2656
2 2585 2657
2 2586 2587
2 2586 2594
2 2586 4217
2 2588 2589
2 2588 2590
2 2588 2636
2 2590 2591
2 2592 2593
2 2592 2594
2 2592 4291
2 2594 2595
2 2595 2596
2 2595 2598
2 2596 2597
2 2596 2601
2 2598 2599
2 2598 2600
2 2600 2602
2 2600 2605
2 2601 2602
2 2601 2604
2 2602 2603
2 2604 2648
2 2604 2649
2 2605 2643
2 2605 2644
2 2606 2607
2 2606 2662
2 2608 2609
2 2608 2610
2 2608 2611
2 2608 2637
2 2612 2614
2 2612 2637
2 2612 4258
2 2613 3075
2 2616 2618
2 2616 4331
2 2617 2619
2 2617 4332
2 2620 2623
2 2620 2624
2 2625 2629
2 2626 2630
2 2633 2900
2 2637 4242
2 2638 4267
2 2641 2900
2 2641 2977
2 2645 4090
2 2646 4091
2 2649 2900
2 2652 4090
2 2653 4091
2 2654 4209
2 2655 4210
2 2665 2864
2 2665 2868
2 2665 2869
2 2665 2874
2 2665 2876
2 2665 2897
2 2666 2868
2 2666 2875
2 2667 2857
2 2667 2877
2 2667 2889
2 2667 2895
2 2668 2858
2 2668 2878
2 2668 2887
2 2668 2890
2 2668 2896
2 2669 2863
2 2669 2892
2 2669 2898
2 2669 3118
2 2670 2673
2 2670 2857
2 2671 2672
2 2671 2674
2 2671 2858
2 2673 2675
2 2673 2677
2 2674 2676
2 2674 2678
2 2677 2679
2 2677 2685
2 2678 2680
2 2678 2686
2 2681 2683
2 2681 2685
2 2681 2857
2 2682 2684
2 2682 2686
2 2682 2858
2 2687 2688
2 2687 2693
2 2688 2689
2 2688 2690
2 2690 2691
2 2690 2770
2 2691 2692
2 2691 2696
2 2693 2696
2 2696 2697
2 2697 2868
2 2697 2869
2 2698 2704
2 2698 2859
2 2699 2705
2 2699 2860
2 2700 2706
2 2700 2861
2 2701 2707
2 2701 2862
2 2704 2710
2 2705 2711
2 2706 2712
2 2707 2713
2 2710 2714
2 2710 2726
2 2711 2715
2 2711 2727
2 2712 2716
2 2712 2728
2 2713 2717
2 2713 2729
2 2718 2722
2 2718 2726
2 2718 2859
2 2719 2723
2 2719 2727
2 2719 2860
2 2720 2724
2 2720 2728
2 2720 2861
2 2721 2725
2 2721 2729
2 2721 2862
2 2726 2730
2 2727 2731
2 2728 2732
2 2729 2733
2 2730 2734
2 2730 2742
2 2731 2735
2 2731 2743
2 2732 2736
2 2732 2744
2 2733 2737
2 2733 2745
2 2734 2738
2 2734 2748
2 2735 2739
2 2735 2749
2 2736 2740
2 2736 2750
2 2737 2741
2 2737 2751
2 2742 2752
2 2743 2753
2 2744 2754
2 2745 2755
2 2748 2764
2 2748 4487
2 2749 2765
2 2749 4488
2 2750 2766
2 2750 4489
2 2751 2767
2 2751 4490
2 2752 3270
2 2752 4487
2 2753 3271
2 2753 4488
2 2754 3272
2 2754 4489
2 2755 3273
2 2755 4490
2 2756 2760
2 2757 2761
2 2758 2762
2 2759 2763
2 2764 3113
2 2764 4655
2 2765 3114
2 2765 4656
2 2766 3115
2 2766 4657
2 2767 3116
2 2767 4658
2 2768 2874
2 2770 2887
2 2770 2888
2 2771 2772
2 2771 2773
2 2771 2863
2 2773 2774
2 2773 2777
2 2775 2776
2 2775 2779
2 2775 2863
2 2777 2778
2 2777 2779
2 2779 2780
2 2781 2783
2 2781 2788
2 2782 2784
2 2782 2789
2 2785 2790
2 2786 2791
2 2788 2792
2 2788 2798
2 2789 2793
2 2789 2799
2 2790 2792
2 2790 2796
2 2791 2793
2 2791 2797
2 2792 2794
2 2793 2795
2 2796 2893
2 2796 2895
2 2797 2894
2 2797 2896
2 2798 2891
2 2799 2892
2 2800 2802
2 2800 2814
2 2800 4548
2 2801 2803
2 2801 2815
2 2801 4549
2 2804 2806
2 2804 2808
2 2805 2807
2 2805 2809
2 2805 2864
2 2808 2810
2 2809 2811
2 2812 2813
2 2812 2815
2 2812 4635
2 2815 2816
2 2816 2818
2 2816 2821
2 2817 2819
2 2817 2824
2 2818 2820
2 2818 2825
2 2821 2822
2 2821 2823
2 2823 2826
2 2823 2830
2 2824 2828
2 2825 2826
2 2825 2829
2 2826 2827
2 2828 2883
2 2828 2885
2 2829 2884
2 2829 2886
2 2830 2875
2 2830 2876
2 2831 2832
2 2831 2897
2 2833 2834
2 2833 2835
2 2833 2836
2 2833 2865
2 2837 2840
2 2837 2865
2 2837 4602
2 2842 2843
2 2842 3105
2 2842 4682
2 2844 2847
2 2844 2849
2 2844 3085
2 2845 2848
2 2845 2850
2 2845 3086
2 2846 3084
2 2851 2856
2 2851 3091
2 2851 3092
2 2851 3105
2 2852 3089
2 2853 3090
2 2854 3089
2 2855 3090
2 2865 4584
2 2866 3080
2 2866 3089
2 2866 4607
2 2867 3081
2 2867 3090
2 2867 4608
2 2877 2975
2 2878 2976
2 2878 4339
2 2881 2905
2 2882 2906
2 2888 4339
2 2889 4534
2 2890 4535
2 2899 3103
2 2899 3106
2 2899 3107
2 2899 3110
2 2899 3112
2 2899 3143
2 2900 3106
2 2900 3111
2 2901 3095
2 2901 3113
2 2901 3127
2 2901 3139
2 2902 3096
2 2902 3114
2 2902 3128
2 2902 3140
2 2903 3097
2 2903 3115
2 2903 3123
2 2903 3129
2 2903 3141
2 2904 3098
2 2904 3116
2 2904 3124
2 2904 3130
2 2904 3142
2 2905 3101
2 2905 3133
2 2905 3144
2 2906 3102
2 2906 3134
2 2906 3145
2 2907 2910
2 2907 3096
2 2908 2909
2 2908 2911
2 2908 3098
2 2910 2912
2 2910 2914
2 2911 2913
2 2911 2915
2 2914 2916
2 2914 2926
2 2915 2917
2 2915 2927
2 2918 2922
2 2918 3095
2 2919 2923
2 2919 2926
2 2919 3096
2 2920 2924
2 2920 3097
2 2921 2925
2 2921 2927
2 2921 3098
2 2928 2930
2 2928 2937
2 2929 2931
2 2929 2933
2 2930 2932
2 2930 2934
2 2933 2978
2 2934 2935
2 2934 2979
2 2935 2936
2 2935 2940
2 2937 2940
2 2940 2941
2 2941 3106
2 2941 3107
2 2942 2945
2 2942 3099
2 2943 2946
2 2943 3100
2 2945 2948
2 2946 2949
2 2948 2950
2 2948 2956
2 2949 2951
2 2949 2957
2 2952 2954
2 2952 2956
2 2952 3099
2 2953 2955
2 2953 2957
2 2953 3100
2 2956 2958
2 2957 2959
2 2958 2960
2 2958 2964
2 2959 2961
2 2959 2965
2 2960 2962
2 2960 2967
2 2961 2963
2 2961 2968
2 2964 2969
2 2965 2970
2 2967 2975
2 2967 4808
2 2968 2976
2 2968 4809
2 2969 3591
2 2969 4808
2 2970 3592
2 2970 4809
2 2971 2973
2 2972 2974
2 2975 5003
2 2976 5004
2 2977 3110
2 2978 3123
2 2978 3125
2 2979 3124
2 2979 3126
2 2980 2982
2 2980 2984
2 2980 3101
2 2981 2983
2 2981 2985
2 2981 3102
2 2984 2986
2 2984 2992
2 2985 2987
2 2985 2993
2 2988 2990
2 2988 2996
2 2988 3101
2 2989 2991
2 2989 2997
2 2989 3102
2 2992 2994
2 2992 2996
2 2993 2995
2 2993 2997
2 2996 2998
2 2997 2999
2 3000 3004
2 3000 3014
2 3001 3005
2 3001 3015
2 3002 3006
2 3002 3016
2 3003 3007
2 3003 3017
2 3008 3018
2 3009 3019
2 3010 3020
2 3011 3021
2 3014 3022
2 3014 3034
2 3015 3023
2 3015 3035
2 3016 3024
2 3016 3036
2 3017 3025
2 3017 3037
2 3018 3022
2 3018 3030
2 3019 3023
2 3019 3031
2 3020 3024
2 3020 3032
2 3021 3025
2 3021 3033
2 3022 3026
2 3023 3027
2 3024 3028
2 3025 3029
2 3030 3135
2 3030 3139
2 3031 3136
2 3031 3140
2 3032 3137
2 3032 3141
2 3033 3138
2 3033 3142
2 3034 3131
2 3035 3132
2 3036 3133
2 3037 3134
2 3038 3040
2 3038 3052
2 3038 4891
2 3039 3041
2 3039 3053
2 3039 4892
2 3042 3044
2 3042 3046
2 3043 3045
2 3043 3047
2 3043 3103
2 3046 3048
2 3047 3049
2 3050 3051
2 3050 3053
2 3050 4983
2 3053 3054
2 3054 3056
2 3054 3059
2 3055 3057
2 3055 3062
2 3056 3058
2 3056 3063
2 3059 3060
2 3059 3061
2 3061 3064
2 3061 3068
2 3062 3066
2 3063 3064
2 3063 3067
2 3064 3065
2 3066 3119
2 3066 3121
2 3067 3120
2 3067 3122
2 3068 3111
2 3068 3112
2 3069 3070
2 3069 3143
2 3071 3072
2 3071 3073
2 3071 3074
2 3071 3104
2 3075 3078
2 3075 3104
2 3075 4945
2 3080 3082
2 3080 5044
2 3081 3083
2 3081 5045
2 3084 3087
2 3084 3088
2 3089 3093
2 3090 3094
2 3104 4927
2 3105 4954
2 3115 4693
2 3116 4694
2 3125 4693
2 3126 4694
2 3127 4875
2 3128 4876
2 3129 4877
2 3130 4878
2 3146 3433
2 3146 3447
2 3146 3449
2 3146 3453
2 3146 3457
2 3146 3478
2 3147 3434
2 3147 3448
2 3147 3450
2 3147 3454
2 3147 3458
2 3147 3479
2 3148 3447
2 3148 3455
2 3148 4630
2 3148 4644
2 3148 4663
2 3149 3448
2 3149 3456
2 3149 4632
2 3149 4646
2 3149 4664
2 3150 3427
2 3150 3459
2 3150 3466
2 3150 3472
2 3150 3476
2 3151 3428
2 3151 3460
2 3151 3467
2 3151 3473
2 3151 3477
2 3152 3431
2 3152 3474
2 3152 3480
2 3152 3818
2 3153 3155
2 3153 3157
2 3153 3427
2 3154 3156
2 3154 3158
2 3154 3428
2 3157 3159
2 3157 3161
2 3158 3160
2 3158 3162
2 3161 3163
2 3161 3169
2 3162 3164
2 3162 3170
2 3165 3167
2 3165 3169
2 3165 3427
2 3166 3168
2 3166 3170
2 3166 3428
2 3169 3875
2 3170 3876
2 3171 3175
2 3171 4370
2 3172 3176
2 3172 4371
2 3173 3177
2 3173 3195
2 3173 4372
2 3174 3178
2 3174 3196
2 3174 4373
2 3175 3179
2 3175 3183
2 3176 3180
2 3176 3184
2 3177 3181
2 3177 3185
2 3178 3182
2 3178 3186
2 3183 3187
2 3183 3274
2 3184 3188
2 3184 3275
2 3185 3189
2 3185 3276
2 3186 3190
2 3186 3277
2 3187 3191
2 3188 3192
2 3189 3193
2 3189 3198
2 3190 3194
2 3190 3199
2 3195 3198
2 3195 4387
2 3196 3199
2 3196 4388
2 3197 3887
2 3198 3200
2 3199 3201
2 3200 3447
2 3200 3449
2 3201 3448
2 3201 3450
2 3202 3208
2 3202 3429
2 3202 3893
2 3203 3209
2 3203 3430
2 3203 3894
2 3204 4391
2 3205 4392
2 3206 4393
2 3207 4394
2 3208 3214
2 3208 3897
2 3209 3215
2 3209 3898
2 3210 4397
2 3211 4398
2 3212 4399
2 3213 4400
2 3214 3216
2 3214 3228
2 3215 3217
2 3215 3229
2 3218 3222
2 3218 3226
2 3219 3223
2 3219 3227
2 3220 3224
2 3220 3228
2 3220 3429
2 3221 3225
2 3221 3229
2 3221 3430
2 3226 3230
2 3227 3231
2 3228 3232
2 3229 3233
2 3230 3234
2 3230 3242
2 3231 3235
2 3231 3243
2 3232 3236
2 3232 3244
2 3233 3237
2 3233 3245
2 3234 3238
2 3234 3254
2 3235 3239
2 3235 3255
2 3236 3240
2 3236 3256
2 3237 3241
2 3237 3257
2 3242 3258
2 3242 3931
2 3243 3259
2 3243 3932
2 3244 3260
2 3244 3933
2 3245 3261
2 3245 3934
2 3246 4459
2 3247 4460
2 3248 4461
2 3249 4462
2 3250 4463
2 3251 4464
2 3252 4465
2 3253 4466
2 3254 3266
2 3255 3267
2 3256 3268
2 3257 3269
2 3262 3264
2 3263 3265
2 3266 3814
2 3267 3815
2 3268 3816
2 3269 3817
2 3270 3453
2 3270 4644
2 3271 4645
2 3272 3454
2 3272 4646
2 3273 4647
2 3274 3466
2 3274 3468
2 3275 3469
2 3276 3467
2 3276 3470
2 3277 3471
2 3278 3280
2 3278 3281
2 3278 3431
2 3279 3282
2 3279 3432
2 3281 3283
2 3281 3289
2 3282 3284
2 3282 3290
2 3285 3287
2 3285 3293
2 3285 3431
2 3286 3288
2 3286 3294
2 3286 3432
2 3289 3291
2 3289 3293
2 3290 3292
2 3290 3294
2 3293 3295
2 3294 3296
2 3295 4517
2 3295 4521
2 3296 4518
2 3296 4522
2 3297 3298
2 3297 3302
2 3297 3964
2 3299 3303
2 3299 3964
2 3299 3968
2 3300 4521
2 3301 4522
2 3302 3304
2 3302 3307
2 3303 3304
2 3303 3306
2 3304 3305
2 3306 3475
2 3306 3477
2 3307 3474
2 3308 3310
2 3308 3324
2 3309 3311
2 3309 3325
2 3312 3313
2 3312 3314
2 3312 3433
2 3314 3315
2 3316 3320
2 3316 3324
2 3317 3321
2 3318 3322
2 3318 3325
2 3319 3323
2 3324 3326
2 3325 3327
2 3326 3328
2 3326 3332
2 3327 3329
2 3327 3334
2 3328 3330
2 3328 3342
2 3329 3331
2 3329 3343
2 3332 3336
2 3333 3337
2 3334 3338
2 3334 3340
2 3335 3339
2 3335 3341
2 3340 3344
2 3340 3347
2 3341 3348
2 3343 3344
2 3343 3346
2 3344 3345
2 3346 3463
2 3346 3465
2 3347 3455
2 3347 3457
2 3348 3456
2 3348 3458
2 3349 3351
2 3349 3478
2 3350 3352
2 3350 3479
2 3353 3357
2 3353 3361
2 3353 3365
2 3353 3435
2 3354 3358
2 3354 3362
2 3354 3366
2 3354 3436
2 3355 3359
2 3355 3363
2 3355 3367
2 3355 3437
2 3356 3360
2 3356 3364
2 3356 3368
2 3356 3438
2 3369 3375
2 3369 3435
2 3369 4596
2 3370 3376
2 3370 3436
2 3370 4597
2 3371 3377
2 3371 3437
2 3371 4598
2 3372 3378
2 3372 3438
2 3372 4599
2 3373 4016
2 3374 4017
2 3381 3385
2 3381 3799
2 3382 3386
2 3382 3800
2 3383 3387
2 3383 3801
2 3384 3388
2 3384 3802
2 3389 3395
2 3389 3399
2 3389 3752
2 3390 3396
2 3390 3400
2 3390 3753
2 3391 3397
2 3391 3401
2 3391 3754
2 3392 3398
2 3392 3402
2 3392 3755
2 3393 3750
2 3394 3751
2 3403 3423
2 3403 3768
2 3403 3772
2 3403 3799
2 3404 3424
2 3404 3769
2 3404 3773
2 3404 3800
2 3405 3425
2 3405 3770
2 3405 3774
2 3405 3801
2 3406 3426
2 3406 3771
2 3406 3775
2 3406 3802
2 3407 3760
2 3408 3761
2 3409 3762
2 3410 3763
2 3411 3764
2 3412 3765
2 3413 3766
2 3414 3767
2 3415 3760
2 3416 3761
2 3417 3762
2 3418 3763
2 3419 3764
2 3420 3765
2 3421 3766
2 3422 3767
2 3429 3853
2 3439 3734
2 3439 3760
2 3440 3735
2 3440 3761
2 3441 3736
2 3441 3762
2 3442 3737
2 3442 3763
2 3443 3738
2 3443 3764
2 3444 3739
2 3444 3765
2 3445 3740
2 3445 3766
2 3446 3741
2 3446 3767
2 3451 3853
2 3451 3951
2 3452 3952
2 3459 3589
2 3460 3590
2 3461 3490
2 3462 3491
2 3465 3853
2 3482 3793
2 3482 3803
2 3482 3805
2 3482 3808
2 3482 3812
2 3482 3846
2 3483 3794
2 3483 3804
2 3483 3806
2 3483 3809
2 3483 3813
2 3483 3847
2 3484 3803
2 3484 3810
2 3484 4979
2 3484 4990
2 3484 5009
2 3485 3804
2 3485 3811
2 3485 4980
2 3485 4991
2 3485 5010
2 3486 3784
2 3486 3814
2 3486 3822
2 3486 3834
2 3486 3842
2 3487 3785
2 3487 3815
2 3487 3823
2 3487 3835
2 3487 3843
2 3488 3786
2 3488 3816
2 3488 3824
2 3488 3836
2 3488 3844
2 3489 3787
2 3489 3817
2 3489 3825
2 3489 3837
2 3489 3845
2 3490 3789
2 3490 3838
2 3490 3848
2 3491 3790
2 3491 3839
2 3491 3849
2 3492 3494
2 3492 3496
2 3492 3785
2 3493 3495
2 3493 3497
2 3493 3787
2 3496 3498
2 3496 3500
2 3497 3499
2 3497 3501
2 3500 3502
2 3500 3512
2 3501 3503
2 3501 3513
2 3504 3508
2 3504 3784
2 3505 3509
2 3505 3512
2 3505 3785
2 3506 3510
2 3506 3786
2 3507 3511
2 3507 3513
2 3507 3787
2 3512 4114
2 3513 4115
2 3514 3519
2 3514 4733
2 3515 3521
2 3515 4734
2 3516 3523
2 3516 3550
2 3516 4735
2 3517 3525
2 3517 3551
2 3517 4736
2 3518 3526
2 3518 3534
2 3519 3527
2 3519 3535
2 3520 3528
2 3520 3536
2 3521 3529
2 3521 3537
2 3522 3530
2 3522 3538
2 3523 3531
2 3523 3539
2 3524 3532
2 3524 3540
2 3525 3533
2 3525 3541
2 3534 3593
2 3535 3542
2 3535 3594
2 3536 3595
2 3537 3543
2 3537 3596
2 3538 3597
2 3539 3544
2 3539 3598
2 3540 3599
2 3541 3545
2 3541 3600
2 3542 3546
2 3543 3547
2 3544 3548
2 3544 3553
2 3545 3549
2 3545 3554
2 3550 3553
2 3550 4756
2 3551 3554
2 3551 4757
2 3552 4132
2 3553 3555
2 3554 3556
2 3555 3803
2 3555 3805
2 3556 3804
2 3556 3806
2 3557 3560
2 3557 3788
2 3557 4137
2 3558 4760
2 3559 4761
2 3560 3563
2 3560 4139
2 3561 4763
2 3562 4764
2 3563 3564
2 3563 3570
2 3565 3567
2 3565 3569
2 3566 3568
2 3566 3570
2 3566 3788
2 3569 3571
2 3570 3572
2 3571 3573
2 3571 3577
2 3572 3574
2 3572 3578
2 3573 3575
2 3573 3583
2 3574 3576
2 3574 3584
2 3577 3585
2 3577 4156
2 3578 3586
2 3578 4157
2 3579 4794
2 3580 4795
2 3581 4796
2 3582 4797
2 3583 3589
2 3584 3590
2 3587 3588
2 3591 3808
2 3591 4990
2 3592 3809
2 3592 4991
2 3593 3822
2 3593 3826
2 3594 3823
2 3594 3827
2 3595 3828
2 3596 3829
2 3597 3824
2 3597 3830
2 3598 3825
2 3598 3831
2 3599 3832
2 3600 3833
2 3601 3605
2 3601 3607
2 3601 3789
2 3602 3606
2 3602 3608
2 3602 3790
2 3603 3609
2 3603 3791
2 3604 3610
2 3604 3792
2 3607 3611
2 3607 3623
2 3608 3612
2 3608 3624
2 3609 3613
2 3609 3625
2 3610 3614
2 3610 3626
2 3615 3619
2 3615 3631
2 3615 3789
2 3616 3620
2 3616 3632
2 3616 3790
2 3617 3621
2 3617 3633
2 3617 3791
2 3618 3622
2 3618 3634
2 3618 3792
2 3623 3627
2 3623 3631
2 3624 3628
2 3624 3632
2 3625 3629
2 3625 3633
2 3626 3630
2 3626 3634
2 3631 3635
2 3632 3636
2 3633 3637
2 3634 3638
2 3635 4841
2 3635 4849
2 3636 4842
2 3636 4850
2 3637 4843
2 3637 4851
2 3638 4844
2 3638 4852
2 3639 3641
2 3639 3649
2 3639 4189
2 3640 3642
2 3640 3650
2 3640 4190
2 3643 3651
2 3643 4189
2 3643 4197
2 3644 3652
2 3644 4190
2 3644 4198
2 3645 4849
2 3646 4850
2 3647 4851
2 3648 4852
2 3649 3653
2 3649 3659
2 3650 3654
2 3650 3660
2 3651 3653
2 3651 3657
2 3652 3654
2 3652 3658
2 3653 3655
2 3654 3656
2 3657 3840
2 3657 3844
2 3658 3841
2 3658 3845
2 3659 3838
2 3660 3839
2 3661 3663
2 3661 3677
2 3662 3664
2 3662 3678
2 3665 3666
2 3665 3667
2 3665 3793
2 3667 3668
2 3669 3673
2 3669 3677
2 3670 3674
2 3671 3675
2 3671 3678
2 3672 3676
2 3677 3679
2 3678 3680
2 3679 3681
2 3679 3685
2 3680 3682
2 3680 3687
2 3681 3683
2 3681 3695
2 3682 3684
2 3682 3696
2 3685 3689
2 3686 3690
2 3687 3691
2 3687 3693
2 3688 3692
2 3688 3694
2 3693 3697
2 3693 3700
2 3694 3701
2 3696 3697
2 3696 3699
2 3697 3698
2 3699 3819
2 3699 3821
2 3700 3810
2 3700 3812
2 3701 3811
2 3701 3813
2 3702 3704
2 3702 3846
2 3703 3705
2 3703 3847
2 3706 3710
2 3706 3714
2 3706 3718
2 3706 3795
2 3707 3711
2 3707 3715
2 3707 3719
2 3707 3796
2 3708 3712
2 3708 3716
2 3708 3720
2 3708 3797
2 3709 3713
2 3709 3717
2 3709 3721
2 3709 3798
2 3722 3728
2 3722 3795
2 3722 4939
2 3723 3729
2 3723 3796
2 3723 4940
2 3724 3730
2 3724 3797
2 3724 4941
2 3725 3731
2 3725 3798
2 3725 4942
2 3726 4252
2 3727 4253
2 3734 3742
2 3735 3743
2 3736 3744
2 3737 3745
2 3738 3746
2 3739 3747
2 3740 3748
2 3741 3749
2 3750 3756
2 3750 3758
2 3751 3757
2 3751 3759
2 3760 3776
2 3761 3777
2 3762 3778
2 3763 3779
2 3764 3780
2 3765 3781
2 3766 3782
2 3767 3783
2 3788 4085
2 3807 4085
2 3807 4166
2 3821 4085
2 3852 4051
2 3852 4058
2 3852 4059
2 3852 4062
2 3852 4064
2 3852 4082
2 3853 4058
2 3853 4063
2 3854 4046
2 3854 4065
2 3854 4072
2 3854 4076
2 3854 4080
2 3855 4047
2 3855 4066
2 3855 4073
2 3855 4077
2 3855 4081
2 3856 4050
2 3856 4078
2 3856 4083
2 3856 4306
2 3857 3859
2 3857 3861
2 3857 4046
2 3858 3860
2 3858 3862
2 3858 4047
2 3861 3863
2 3861 3865
2 3862 3864
2 3862 3866
2 3865 3867
2 3865 3873
2 3866 3868
2 3866 3874
2 3869 3871
2 3869 3873
2 3869 4046
2 3870 3872
2 3870 3874
2 3870 4047
2 3873 4374
2 3874 4375
2 3875 3877
2 3876 3878
2 3876 3887
2 3877 3879
2 3877 3881
2 3878 3880
2 3878 3882
2 3881 3883
2 3881 3953
2 3882 3884
2 3882 3954
2 3883 3885
2 3884 3886
2 3884 3889
2 3887 3889
2 3888 4386
2 3889 3890
2 3890 4058
2 3890 4059
2 3891 3895
2 3891 4048
2 3891 4395
2 3892 3896
2 3892 4049
2 3892 4396
2 3895 3899
2 3895 4401
2 3896 3900
2 3896 4402
2 3899 3901
2 3899 3913
2 3900 3902
2 3900 3914
2 3903 3907
2 3903 3911
2 3904 3908
2 3904 3912
2 3905 3909
2 3905 3913
2 3905 4048
2 3906 3910
2 3906 3914
2 3906 4049
2 3911 3915
2 3912 3916
2 3913 3917
2 3914 3918
2 3915 3919
2 3915 3927
2 3916 3920
2 3916 3928
2 3917 3921
2 3917 3929
2 3918 3922
2 3918 3930
2 3919 3923
2 3919 3935
2 3920 3924
2 3920 3936
2 3921 3925
2 3921 3937
2 3922 3926
2 3922 3938
2 3927 3939
2 3927 4467
2 3928 3940
2 3928 4468
2 3929 3941
2 3929 4469
2 3930 3942
2 3930 4470
2 3935 3947
2 3936 3948
2 3937 3949
2 3938 3950
2 3943 3945
2 3944 3946
2 3947 4302
2 3948 4303
2 3949 4304
2 3950 4305
2 3951 4062
2 3953 4072
2 3953 4074
2 3954 4073
2 3954 4075
2 3955 3956
2 3955 3957
2 3955 4050
2 3957 3958
2 3957 3961
2 3959 3960
2 3959 3963
2 3959 4050
2 3961 3962
2 3961 3963
2 3963 3964
2 3965 3966
2 3965 3969
2 3965 4516
2 3967 3970
2 3967 4516
2 3967 4523
2 3969 3971
2 3969 3974
2 3970 3971
2 3970 3973
2 3971 3972
2 3973 4079
2 3973 4081
2 3974 4078
2 3975 3977
2 3975 3987
2 3976 3978
2 3976 3988
2 3979 3980
2 3979 3981
2 3979 4051
2 3981 3982
2 3983 3985
2 3983 3987
2 3984 3986
2 3984 3988
2 3987 3989
2 3988 3990
2 3989 3991
2 3989 3995
2 3990 3992
2 3990 3996
2 3991 3993
2 3991 4000
2 3992 3994
2 3992 4001
2 3995 3997
2 3996 3998
2 3996 3999
2 3999 4002
2 3999 4005
2 4001 4002
2 4001 4004
2 4002 4003
2 4004 4069
2 4004 4071
2 4005 4063
2 4005 4064
2 4006 4007
2 4006 4082
2 4008 4010
2 4008 4012
2 4008 4014
2 4008 4052
2 4009 4011
2 4009 4013
2 4009 4015
2 4009 4053
2 4016 4020
2 4016 4052
2 4017 4021
2 4017 4053
2 4018 4594
2 4019 4595
2 4023 4025
2 4023 4294
2 4024 4026
2 4024 4295
2 4027 4030
2 4027 4032
2 4027 4268
2 4028 4031
2 4028 4033
2 4028 4269
2 4029 4267
2 4034 4044
2 4034 4276
2 4034 4278
2 4034 4294
2 4035 4045
2 4035 4277
2 4035 4279
2 4035 4295
2 4036 4272
2 4037 4273
2 4038 4274
2 4039 4275
2 4040 4272
2 4041 4273
2 4042 4274
2 4043 4275
2 4048 4334
2 4054 4259
2 4054 4272
2 4055 4260
2 4055 4273
2 4056 4261
2 4056 4274
2 4057 4262
2 4057 4275
2 4060 4334
2 4060 4503
2 4061 4504
2 4065 4164
2 4066 4165
2 4067 4090
2 4068 4091
2 4071 4334
2 4084 4291
2 4084 4296
2 4084 4297
2 4084 4299
2 4084 4301
2 4084 4330
2 4085 4296
2 4085 4300
2 4086 4284
2 4086 4302
2 4086 4310
2 4086 4318
2 4086 4326
2 4087 4285
2 4087 4303
2 4087 4311
2 4087 4319
2 4087 4327
2 4088 4286
2 4088 4304
2 4088 4312
2 4088 4320
2 4088 4328
2 4089 4287
2 4089 4305
2 4089 4313
2 4089 4321
2 4089 4329
2 4090 4289
2 4090 4322
2 4090 4331
2 4091 4290
2 4091 4323
2 4091 4332
2 4092 4094
2 4092 4096
2 4092 4285
2 4093 4095
2 4093 4097
2 4093 4287
2 4096 4098
2 4096 4100
2 4097 4099
2 4097 4101
2 4100 4102
2 4100 4112
2 4101 4103
2 4101 4113
2 4104 4108
2 4104 4284
2 4105 4109
2 4105 4112
2 4105 4285
2 4106 4110
2 4106 4286
2 4107 4111
2 4107 4113
2 4107 4287
2 4112 4737
2 4113 4738
2 4114 4117
2 4115 4119
2 4115 4132
2 4116 4120
2 4116 4124
2 4117 4121
2 4117 4125
2 4118 4122
2 4118 4126
2 4119 4123
2 4119 4127
2 4124 4167
2 4125 4128
2 4125 4168
2 4126 4169
2 4127 4129
2 4127 4170
2 4128 4130
2 4129 4131
2 4129 4134
2 4132 4134
2 4133 4755
2 4134 4135
2 4135 4296
2 4135 4297
2 4136 4138
2 4136 4288
2 4136 4762
2 4138 4140
2 4138 4765
2 4140 4141
2 4140 4147
2 4142 4144
2 4142 4146
2 4143 4145
2 4143 4147
2 4143 4288
2 4146 4148
2 4147 4149
2 4148 4150
2 4148 4154
2 4149 4151
2 4149 4155
2 4150 4152
2 4150 4158
2 4151 4153
2 4151 4159
2 4154 4160
2 4154 4798
2 4155 4161
2 4155 4799
2 4158 4164
2 4159 4165
2 4162 4163
2 4166 4299
2 4167 4310
2 4167 4314
2 4168 4311
2 4168 4315
2 4169 4312
2 4169 4316
2 4170 4313
2 4170 4317
2 4171 4173
2 4171 4175
2 4171 4289
2 4172 4174
2 4172 4176
2 4172 4290
2 4175 4177
2 4175 4183
2 4176 4178
2 4176 4184
2 4179 4181
2 4179 4187
2 4179 4289
2 4180 4182
2 4180 4188
2 4180 4290
2 4183 4185
2 4183 4187
2 4184 4186
2 4184 4188
2 4187 4189
2 4188 4190
2 4191 4193
2 4191 4199
2 4191 4839
2 4192 4194
2 4192 4200
2 4192 4840
2 4195 4201
2 4195 4839
2 4195 4853
2 4196 4202
2 4196 4840
2 4196 4854
2 4199 4203
2 4199 4209
2 4200 4204
2 4200 4210
2 4201 4203
2 4201 4207
2 4202 4204
2 4202 4208
2 4203 4205
2 4204 4206
2 4207 4324
2 4207 4328
2 4208 4325
2 4208 4329
2 4209 4322
2 4210 4323
2 4211 4213
2 4211 4223
2 4212 4214
2 4212 4224
2 4215 4216
2 4215 4217
2 4215 4291
2 4217 4218
2 4219 4221
2 4219 4223
2 4220 4222
2 4220 4224
2 4223 4225
2 4224 4226
2 4225 4227
2 4225 4231
2 4226 4228
2 4226 4232
2 4227 4229
2 4227 4236
2 4228 4230
2 4228 4237
2 4231 4233
2 4232 4234
2 4232 4235
2 4235 4238
2 4235 4241
2 4237 4238
2 4237 4240
2 4238 4239
2 4240 4307
2 4240 4309
2 4241 4300
2 4241 4301
2 4242 4243
2 4242 4330
2 4244 4246
2 4244 4248
2 4244 4250
2 4244 4292
2 4245 4247
2 4245 4249
2 4245 4251
2 4245 4293
2 4252 4256
2 4252 4292
2 4253 4257
2 4253 4293
2 4254 4937
2 4255 4938
2 4259 4263
2 4260 4264
2 4261 4265
2 4262 4266
2 4267 4270
2 4267 4271
2 4272 4280
2 4273 4281
2 4274 4282
2 4275 4283
2 4288 4684
2 4298 4684
2 4298 4816
2 4309 4684
2 4333 4635
2 4333 4642
2 4333 4643
2 4333 4648
2 4333 4650
2 4333 4681
2 4334 4642
2 4334 4649
2 4335 4626
2 4335 4651
2 4335 4669
2 4335 4677
2 4336 4627
2 4336 4652
2 4336 4665
2 4336 4670
2 4336 4678
2 4337 4628
2 4337 4653
2 4337 4671
2 4337 4679
2 4338 4629
2 4338 4654
2 4338 4666
2 4338 4672
2 4338 4680
2 4339 4634
2 4339 4674
2 4339 4682
2 4339 5004
2 4340 4346
2 4340 4626
2 4341 4344
2 4341 4347
2 4341 4627
2 4342 4348
2 4342 4628
2 4343 4345
2 4343 4349
2 4343 4629
2 4346 4350
2 4346 4354
2 4347 4351
2 4347 4355
2 4348 4352
2 4348 4356
2 4349 4353
2 4349 4357
2 4354 4358
2 4354 4370
2 4355 4359
2 4355 4371
2 4356 4360
2 4356 4372
2 4357 4361
2 4357 4373
2 4362 4366
2 4362 4370
2 4362 4626
2 4363 4367
2 4363 4371
2 4363 4627
2 4364 4368
2 4364 4372
2 4364 4628
2 4365 4369
2 4365 4373
2 4365 4629
2 4374 4376
2 4375 4377
2 4375 4386
2 4376 4378
2 4376 4380
2 4377 4379
2 4377 4381
2 4380 4382
2 4380 4505
2 4381 4383
2 4381 4506
2 4382 4384
2 4383 4385
2 4383 4389
2 4386 4389
2 4389 4390
2 4390 4642
2 4390 4643
2 4391 4397
2 4391 4630
2 4392 4398
2 4392 4631
2 4393 4399
2 4393 4632
2 4394 4400
2 4394 4633
2 4397 4403
2 4398 4404
2 4399 4405
2 4400 4406
2 4403 4407
2 4403 4431
2 4404 4408
2 4404 4432
2 4405 4409
2 4405 4433
2 4406 4410
2 4406 4434
2 4411 4419
2 4411 4427
2 4412 4420
2 4412 4428
2 4413 4421
2 4413 4429
2 4414 4422
2 4414 4430
2 4415 4423
2 4415 4431
2 4415 4630
2 4416 4424
2 4416 4432
2 4416 4631
2 4417 4425
2 4417 4433
2 4417 4632
2 4418 4426
2 4418 4434
2 4418 4633
2 4427 4435
2 4428 4436
2 4429 4437
2 4430 4438
2 4431 4439
2 4432 4440
2 4433 4441
2 4434 4442
2 4435 4443
2 4435 4459
2 4436 4444
2 4436 4460
2 4437 4445
2 4437 4461
2 4438 4446
2 4438 4462
2 4439 4447
2 4439 4463
2 4440 4448
2 4440 4464
2 4441 4449
2 4441 4465
2 4442 4450
2 4442 4466
2 4443 4451
2 4443 4471
2 4444 4452
2 4444 4472
2 4445 4453
2 4445 4473
2 4446 4454
2 4446 4474
2 4447 4455
2 4447 4475
2 4448 4456
2 4448 4476
2 4449 4457
2 4449 4477
2 4450 4458
2 4450 4478
2 4459 4479
2 4460 4480
2 4461 4481
2 4462 4482
2 4463 4483
2 4464 4484
2 4465 4485
2 4466 4486
2 4471 4495
2 4472 4496
2 4473 4497
2 4474 4498
2 4475 4499
2 4476 4500
2 4477 4501
2 4478 4502
2 4487 4491
2 4488 4492
2 4489 4493
2 4490 4494
2 4495 4995
2 4496 4996
2 4497 4997
2 4498 4998
2 4499 4999
2 4500 5000
2 4501 5001
2 4502 5002
2 4503 4648
2 4505 4665
2 4505 4667
2 4506 4666
2 4506 4668
2 4507 4508
2 4507 4509
2 4507 4634
2 4509 4510
2 4509 4513
2 4511 4512
2 4511 4515
2 4511 4634
2 4513 4514
2 4513 4515
2 4515 4516
2 4517 4519
2 4517 4524
2 4518 4520
2 4518 4525
2 4521 4526
2 4522 4527
2 4524 4528
2 4524 4534
2 4525 4529
2 4525 4535
2 4526 4528
2 4526 4532
2 4527 4529
2 4527 4533
2 4528 4530
2 4529 4531
2 4532 4675
2 4532 4679
2 4533 4676
2 4533 4680
2 4534 4673
2 4535 4674
2 4536 4540
2 4536 4556
2 4537 4541
2 4537 4557
2 4538 4542
2 4538 4558
2 4539 4543
2 4539 4559
2 4544 4546
2 4544 4548
2 4545 4547
2 4545 4549
2 4545 4635
2 4548 4550
2 4549 4551
2 4552 4554
2 4552 4557
2 4553 4555
2 4553 4559
2 4557 4560
2 4559 4561
2 4560 4563
2 4560 4570
2 4561 4565
2 4561 4571
2 4562 4566
2 4562 4575
2 4563 4567
2 4563 4576
2 4564 4568
2 4564 4577
2 4565 4569
2 4565 4578
2 4570 4572
2 4571 4573
2 4571 4574
2 4574 4579
2 4574 4583
2 4577 4581
2 4578 4579
2 4578 4582
2 4579 4580
2 4581 4659
2 4581 4663
2 4582 4660
2 4582 4664
2 4583 4649
2 4583 4650
2 4584 4585
2 4584 4681
2 4586 4588
2 4586 4590
2 4586 4592
2 4586 4636
2 4587 4589
2 4587 4591
2 4587 4593
2 4587 4637
2 4594 4600
2 4594 4636
2 4595 4601
2 4595 4637
2 4603 4605
2 4603 4986
2 4604 4606
2 4604 4987
2 4607 4610
2 4607 4612
2 4607 4955
2 4608 4611
2 4608 4613
2 4608 4956
2 4609 4954
2 4614 4624
2 4614 4963
2 4614 4965
2 4614 4986
2 4615 4625
2 4615 4964
2 4615 4966
2 4615 4987
2 4616 4959
2 4617 4960
2 4618 4961
2 4619 4962
2 4620 4959
2 4621 4960
2 4622 4961
2 4623 4962
2 4638 4946
2 4638 4959
2 4639 4947
2 4639 4960
2 4640 4948
2 4640 4961
2 4641 4949
2 4641 4962
2 4651 4812
2 4652 4813
2 4653 4814
2 4654 4815
2 4657 4693
2 4658 4694
2 4683 4983
2 4683 4988
2 4683 4989
2 4683 4992
2 4683 4994
2 4683 5043
2 4684 4988
2 4684 4993
2 4685 4971
2 4685 4995
2 4685 5019
2 4685 5035
2 4686 4972
2 4686 4996
2 4686 5020
2 4686 5036
2 4687 4973
2 4687 4997
2 4687 5011
2 4687 5021
2 4687 5037
2 4688 4974
2 4688 4998
2 4688 5012
2 4688 5022
2 4688 5038
2 4689 4975
2 4689 4999
2 4689 5023
2 4689 5039
2 4690 4976
2 4690 5000
2 4690 5024
2 4690 5040
2 4691 4977
2 4691 5001
2 4691 5013
2 4691 5025
2 4691 5041
2 4692 4978
2 4692 5002
2 4692 5014
2 4692 5026
2 4692 5042
2 4693 4981
2 4693 5029
2 4693 5044
2 4694 4982
2 4694 5030
2 4694 5045
2 4695 4701
2 4695 4972
2 4696 4699
2 4696 4702
2 4696 4974
2 4697 4703
2 4697 4976
2 4698 4700
2 4698 4704
2 4698 4978
2 4701 4705
2 4701 4709
2 4702 4706
2 4702 4710
2 4703 4707
2 4703 4711
2 4704 4708
2 4704 4712
2 4709 4713
2 4709 4733
2 4710 4714
2 4710 4734
2 4711 4715
2 4711 4735
2 4712 4716
2 4712 4736
2 4717 4725
2 4717 4971
2 4718 4726
2 4718 4733
2 4718 4972
2 4719 4727
2 4719 4973
2 4720 4728
2 4720 4734
2 4720 4974
2 4721 4729
2 4721 4975
2 4722 4730
2 4722 4735
2 4722 4976
2 4723 4731
2 4723 4977
2 4724 4732
2 4724 4736
2 4724 4978
2 4737 4740
2 4738 4742
2 4738 4755
2 4739 4743
2 4739 4747
2 4740 4744
2 4740 4748
2 4741 4745
2 4741 4749
2 4742 4746
2 4742 4750
2 4747 4817
2 4748 4751
2 4748 4818
2 4749 4819
2 4750 4752
2 4750 4820
2 4751 4753
2 4752 4754
2 4752 4758
2 4755 4758
2 4758 4759
2 4759 4988
2 4759 4989
2 4760 4763
2 4760 4979
2 4761 4764
2 4761 4980
2 4763 4766
2 4764 4767
2 4766 4768
2 4766 4780
2 4767 4769
2 4767 4781
2 4770 4774
2 4770 4778
2 4771 4775
2 4771 4779
2 4772 4776
2 4772 4780
2 4772 4979
2 4773 4777
2 4773 4781
2 4773 4980
2 4778 4782
2 4779 4783
2 4780 4784
2 4781 4785
2 4782 4786
2 4782 4794
2 4783 4787
2 4783 4795
2 4784 4788
2 4784 4796
2 4785 4789
2 4785 4797
2 4786 4790
2 4786 4800
2 4787 4791
2 4787 4801
2 4788 4792
2 4788 4802
2 4789 4793
2 4789 4803
2 4794 4804
2 4795 4805
2 4796 4806
2 4797 4807
2 4800 4812
2 4801 4813
2 4802 4814
2 4803 4815
2 4808 4810
2 4809 4811
2 4816 4992
2 4817 5011
2 4817 5015
2 4818 5012
2 4818 5016
2 4819 5013
2 4819 5017
2 4820 5014
2 4820 5018
2 4821 4823
2 4821 4825
2 4821 4981
2 4822 4824
2 4822 4826
2 4822 4982
2 4825 4827
2 4825 4833
2 4826 4828
2 4826 4834
2 4829 4831
2 4829 4837
2 4829 4981
2 4830 4832
2 4830 4838
2 4830 4982
2 4833 4835
2 4833 4837
2 4834 4836
2 4834 4838
2 4837 4839
2 4838 4840
2 4841 4845
2 4841 4855
2 4842 4846
2 4842 4856
2 4843 4847
2 4843 4857
2 4844 4848
2 4844 4858
2 4849 4859
2 4850 4860
2 4851 4861
2 4852 4862
2 4855 4863
2 4855 4875
2 4856 4864
2 4856 4876
2 4857 4865
2 4857 4877
2 4858 4866
2 4858 4878
2 4859 4863
2 4859 4871
2 4860 4864
2 4860 4872
2 4861 4865
2 4861 4873
2 4862 4866
2 4862 4874
2 4863 4867
2 4864 4868
2 4865 4869
2 4866 4870
2 4871 5031
2 4871 5039
2 4872 5032
2 4872 5040
2 4873 5033
2 4873 5041
2 4874 5034
2 4874 5042
2 4875 5027
2 4876 5028
2 4877 5029
2 4878 5030
2 4879 4883
2 4879 4899
2 4880 4884
2 4880 4900
2 4881 4885
2 4881 4901
2 4882 4886
2 4882 4902
2 4887 4889
2 4887 4891
2 4888 4890
2 4888 4892
2 4888 4983
2 4891 4893
2 4892 4894
2 4895 4897
2 4895 4900
2 4896 4898
2 4896 4902
2 4900 4903
2 4902 4904
2 4903 4906
2 4903 4913
2 4904 4908
2 4904 4914
2 4905 4909
2 4905 4918
2 4906 4910
2 4906 4919
2 4907 4911
2 4907 4920
2 4908 4912
2 4908 4921
2 4913 4915
2 4914 4916
2 4914 4917
2 4917 4922
2 4917 4926
2 4920 4924
2 4921 4922
2 4921 4925
2 4922 4923
2 4924 5005
2 4924 5009
2 4925 5006
2 4925 5010
2 4926 4993
2 4926 4994
2 4927 4928
2 4927 5043
2 4929 4931
2 4929 4933
2 4929 4935
2 4929 4984
2 4930 4932
2 4930 4934
2 4930 4936
2 4930 4985
2 4937 4943
2 4937 4984
2 4938 4944
2 4938 4985
2 4946 4950
2 4947 4951
2 4948 4952
2 4949 4953
2 4954 4957
2 4954 4958
2 4959 4967
2 4960 4968
2 4961 4969
2 4962 4970
