# vtk DataFile Version 1.0
Cube
ASCII

DATASET POLYDATA
POINTS 2322 float
0.448009 0.693526 6.770036
2.837059 -1.456015 5.562721
4.265272 2.945505 13.846380
-3.730854 0.602182 14.751003
27.163146 0.602182 14.751003
4.705567 3.247862 10.757806
4.977568 2.359970 10.813708
4.713636 3.896490 9.503304
4.954493 3.439258 8.728900
4.349543 5.249458 9.460556
4.327586 5.684966 8.638471
3.997976 5.232639 11.788701
3.754817 5.693936 12.559817
4.029571 5.937113 10.576948
3.821959 -2.945858 10.599966
4.248699 -2.175466 11.578247
4.747604 -2.551411 12.267155
3.966495 -0.780538 11.604554
3.188451 -0.266256 10.629561
2.956211 0.633879 10.655868
3.011922 -2.433444 9.588801
2.547305 7.358262 8.931133
2.725608 -1.064267 9.575648
1.990378 -0.427710 8.426373
3.031119 9.570465 2.548464
2.235251 -0.633159 2.624096
3.681796 9.844628 1.282453
3.352951 -0.099033 0.577104
4.995716 9.466756 1.190379
5.417826 9.490130 0.361717
4.930765 8.836534 3.492218
5.363451 8.474144 4.230450
5.682566 9.064469 2.264022
7.125926 8.734464 2.227851
7.674328 7.976597 1.164073
7.140584 7.656379 0.473521
7.958799 9.138140 3.306426
7.699385 -0.773566 4.034794
9.067551 7.726220 1.192023
9.304486 8.894177 3.298206
-0.424838 8.118989 2.268955
0.470945 7.870355 2.305127
9.660892 6.900943 0.100294
-0.033992 -1.013575 4.445836
4.575945 0.103919 12.681486
-1.063513 0.238752 13.187890
-1.225185 1.125814 12.960994
0.060982 -0.407283 12.620651
0.673167 0.054701 12.094517
-1.745047 -1.688763 14.195766
-2.353655 -2.142239 14.731766
0.209873 -1.770634 12.887007
0.960350 -2.215430 12.563105
-0.719823 -2.473884 13.612086
-0.666018 -3.908231 13.919546
-1.976905 5.651235 13.965583
-2.792278 6.095535 13.908037
0.382838 5.786028 14.042859
1.293105 -4.078575 14.006687
0.936458 26.975377 14.006687
-2.004492 4.308767 14.082319
0.455756 4.408288 14.223717
-0.673835 3.704978 14.271398
-0.620388 2.791004 14.430883
1.835800 3.731058 14.302637
-3.163685 3.517978 14.039570
8.369077 4.932442 6.839748
7.935865 5.754614 6.874276
0.052208 3.682351 7.079797
0.958749 3.634250 7.283674
-0.511400 4.824756 7.130767
-0.018258 5.581887 7.352730
8.422417 2.609314 6.422129
7.999715 1.838905 6.117958
7.669665 3.766488 6.507626
6.226708 3.809669 6.157418
5.542071 5.055035 6.071921
6.035388 5.840143 6.137688
5.471096 2.633812 6.047258
5.896452 1.808912 6.096583
4.068099 2.685396 5.859823
4.216891 5.141157 5.900927
3.449845 3.937025 5.731578
2.541793 3.988458 5.537566
3.536680 6.498216 5.833516
3.268792 1.409634 5.861467
-1.463362 -0.902231 8.520090
-0.798552 -1.540405 8.631894
6.643534 -0.037351 8.926201
6.697783 0.309616 8.035060
6.893492 0.638550 9.554274
5.737715 -0.318961 9.103771
7.310645 -2.283583 9.848580
7.305357 7.271958 9.319157
6.420781 -2.264505 10.205365
-2.353760 -2.291301 10.570371
5.259844 -1.604027 16.033949
4.488936 -1.219808 15.682096
0.311850 1.256035 0.378159
-3.395244 -3.794870 15.989556
0.200712 0.469069 0.928956
0.876197 1.880941 0.836883
4.052144 -3.702373 16.343053
7.390668 1.610333 0.143043
8.203586 0.305934 0.452147
4.001471 -3.950177 15.425606
4.303477 3.905547 11.898860
3.678442 9.126672 3.572782
-1.938940 -0.391033 14.069165
-0.590225 2.523087 6.746031
7.521531 -1.166278 9.056090
9.306194 1.858311 0.123313
1.714121 -1.140386 7.392190
1.575598 0.754256 8.554618
1.017544 8.933181 4.498450
-0.554842 -0.100810 5.223529
3.878149 0.304994 5.989712
1.999694 1.545290 5.751308
4.844667 1.779477 15.524256
0.554122 6.528698 0.162773
2.289765 6.543466 5.550719
4.171251 7.465831 6.093295
4.076420 1.241778 12.804798
5.511893 -0.394879 13.362172
5.950229 4.088635 14.187545
-3.072538 2.264719 13.737043
1.868239 2.496754 14.194122
2.838314 4.391900 14.343742
-1.197058 0.099992 7.944631
-4.029642 -0.986685 16.029016
26.864358 -0.986685 16.029016
-3.668316 -4.103816 23.211739
-1.279266 -6.253357 22.004424
0.148946 -1.851838 30.288083
-7.847179 -4.195160 31.192706
23.046821 -4.195160 31.192706
0.589242 -1.549481 27.199509
0.861242 -2.437373 27.255411
0.597310 -0.900853 25.945007
0.838168 -1.358085 25.170603
0.233217 0.452116 25.902259
0.211261 0.887623 25.080174
-0.118349 0.435297 28.230404
-0.361508 0.896594 29.001520
-0.086754 1.139770 27.018650
-0.294366 -7.743201 27.041669
0.132374 -6.972808 28.019950
0.631279 -7.348754 28.708858
-0.149831 -5.577880 28.046257
-0.927874 -5.063599 27.071264
-1.160114 -4.163464 27.097571
-1.104403 -7.230786 26.030504
-1.569021 2.560919 25.372836
-1.390717 -5.861610 26.017351
-2.125947 -5.225052 24.868076
-1.085206 4.773122 18.990167
-1.881074 -5.430502 19.065799
-0.434530 5.047285 17.724156
-0.763374 -4.896375 17.018807
0.879390 4.669414 17.632082
1.301500 4.692787 16.803420
0.814440 4.039191 19.933921
1.247125 3.676802 20.672153
1.566241 4.267126 18.705725
3.009601 3.937122 18.669554
3.558003 3.179254 17.605776
3.024259 2.859036 16.915224
3.842473 4.340798 19.748129
3.583060 -5.570909 20.476497
4.951226 2.928878 17.633726
5.188161 4.096835 19.739909
-4.541164 3.321647 18.710658
-3.645380 3.073012 18.746830
5.544567 2.103601 16.541997
-4.150317 -5.810918 20.887539
0.459620 -4.693424 29.123188
-5.179838 -4.558591 29.629593
-5.341510 -3.671528 29.402697
-4.055344 -5.204626 29.062354
-3.443158 -4.742642 28.536220
-5.861372 -6.486106 30.637469
-6.469980 -6.939582 31.173469
-3.906452 -6.567976 29.328710
-3.155975 -7.012772 29.004808
-4.836149 -7.271227 30.053789
-4.782343 -8.705573 30.361249
-6.093231 0.853893 30.407285
-6.908603 1.298193 30.349740
-3.733487 0.988685 30.484561
-2.823220 -8.875918 30.448390
-3.179867 22.178035 30.448390
-6.120817 -0.488575 30.524022
-3.660569 -0.389054 30.665420
-4.790161 -1.092364 30.713101
-4.736713 -2.006339 30.872586
-2.280525 -1.066285 30.744340
-7.280010 -1.279364 30.481273
4.252752 0.135100 23.281451
3.819540 0.957271 23.315979
-4.064117 -1.114992 23.521500
-3.157577 -1.163092 23.725377
-4.627725 0.027414 23.572470
-4.134583 0.784544 23.794433
4.306092 -2.188029 22.863832
3.883390 -2.958437 22.559661
3.553340 -1.030855 22.949329
2.110383 -0.987674 22.599121
1.425746 0.257693 22.513624
1.919063 1.042801 22.579391
1.354771 -2.163530 22.488961
1.780127 -2.988431 22.538286
-0.048226 -2.111946 22.301526
0.100565 0.343815 22.342630
-0.666480 -0.860317 22.173281
-1.574532 -0.808884 21.979269
-0.579645 1.700874 22.275219
-0.847533 -3.387708 22.303170
-5.579688 -5.699574 24.961793
-4.914877 -6.337748 25.073597
2.527209 -4.834693 25.367904
2.581458 -4.487726 24.476763
2.777167 -4.158792 25.995977
1.621390 -5.116304 25.545474
3.194320 -7.080926 26.290283
3.189032 2.474615 25.760860
2.304456 -7.061847 26.647068
-6.470086 -7.088643 27.012074
1.143518 -6.401370 32.475652
0.372610 -6.017151 32.123799
-3.804475 -3.541308 16.819862
-7.511569 -8.592212 32.431259
-3.915613 -4.328273 17.370659
-3.240128 -2.916402 17.278586
-0.064181 -8.499715 32.784756
3.274343 -3.187009 16.584746
4.087261 -4.491409 16.893850
-0.114854 -8.747519 31.867309
0.187152 -0.891795 28.340563
-0.437884 4.329329 20.014485
-6.055266 -5.188376 30.510868
-4.706550 -2.274256 23.187734
3.405206 -5.963621 25.497793
5.189869 -2.939032 16.565016
-2.402204 -5.937728 23.833893
-2.540728 -4.043086 24.996321
-3.098781 4.135838 20.940153
-4.671167 -4.898152 21.665232
-0.238176 -4.492348 22.431415
-2.116631 -3.252053 22.193011
0.728342 -3.017865 31.965959
-3.562203 1.731356 16.604476
-1.826560 1.746124 21.992422
0.054926 2.668489 22.534998
-0.039905 -3.555564 29.246501
1.395568 -5.192222 29.803875
1.833904 -0.708707 30.629248
-7.188863 -2.532624 30.178746
-2.248086 -2.300588 30.635825
-1.278011 -0.405443 30.785445
-5.313384 -4.697351 24.386334
-8.145967 -5.784027 32.470719
22.748033 -5.784027 32.470719
0.329127 11.044844 6.770036
2.718177 8.895303 5.562721
4.146389 13.296822 13.846380
-3.849736 10.953499 14.751003
27.044264 10.953499 14.751003
4.586684 13.599179 10.757806
4.858685 12.711287 10.813708
4.594753 14.247807 9.503304
4.835611 13.790575 8.728900
4.230660 15.600776 9.460556
4.208703 16.036283 8.638471
3.879094 15.583956 11.788701
3.635934 16.045253 12.559817
3.910689 16.288430 10.576948
3.703077 7.405459 10.599966
4.129816 8.175852 11.578247
4.628721 7.799906 12.267155
3.847612 9.570780 11.604554
3.069569 10.085061 10.629561
2.837329 10.985196 10.655868
2.893040 7.917874 9.588801
2.428422 17.709579 8.931133
2.606726 9.287050 9.575648
1.871495 9.923608 8.426373
2.912237 19.921782 2.548464
2.116368 9.718158 2.624096
3.562913 20.195945 1.282453
3.234069 10.252284 0.577104
4.876833 19.818074 1.190379
5.298943 19.841447 0.361717
4.811883 19.187851 3.492218
5.244568 18.825462 4.230450
5.563684 19.415786 2.264022
7.007043 19.085782 2.227851
7.555446 18.327914 1.164073
7.021702 18.007696 0.473521
7.839916 19.489458 3.306426
7.580502 9.577751 4.034794
8.948669 18.077538 1.192023
9.185603 19.245495 3.298206
-0.543721 18.470307 2.268955
0.352062 18.221672 2.305127
9.542009 17.252261 0.100294
-0.152874 9.337742 4.445836
4.457063 10.455236 12.681486
-1.182396 10.590069 13.187890
-1.344067 11.477132 12.960994
-0.057901 9.944034 12.620651
0.554285 10.406018 12.094517
-1.863930 8.662554 14.195766
-2.472537 8.209078 14.731766
0.090991 8.580683 12.887007
0.841467 8.135887 12.563105
-0.838706 7.877433 13.612086
-0.784901 6.443087 13.919546
-2.095788 16.002552 13.965583
-2.911160 16.446853 13.908037
0.263956 16.137345 14.042859
1.174223 6.272742 14.006687
-2.123375 14.660085 14.082319
0.336873 14.759606 14.223717
-0.792718 14.056296 14.271398
-0.739270 13.142321 14.430883
1.716918 14.082375 14.302637
-3.282568 13.869296 14.039570
8.250195 15.283760 6.839748
7.816983 16.105931 6.874276
-0.066675 14.033668 7.079797
0.839866 13.985568 7.283674
-0.630282 15.176074 7.130767
-0.137140 15.933204 7.352730
8.303535 12.960631 6.422129
7.880833 12.190222 6.117958
7.550783 14.117805 6.507626
6.107826 14.160986 6.157418
5.423189 15.406353 6.071921
5.916506 16.191461 6.137688
5.352214 12.985130 6.047258
5.777570 12.160229 6.096583
3.949217 13.036714 5.859823
4.098008 15.492475 5.900927
3.330963 14.288343 5.731578
2.422911 14.339776 5.537566
3.417798 16.849534 5.833516
3.149910 11.760952 5.861467
-1.582245 9.449086 8.520090
-0.917434 8.810912 8.631894
6.524652 10.313967 8.926201
6.578900 10.660934 8.035060
6.774610 10.989868 9.554274
5.618832 10.032356 9.103771
7.191762 8.067734 9.848580
7.186475 17.623275 9.319157
6.301899 8.086813 10.205365
-2.472643 8.060017 10.570371
5.140961 8.747290 16.033949
4.370053 9.131509 15.682096
0.192968 11.607352 0.378159
-3.514127 6.556448 15.989556
0.081829 10.820387 0.928956
0.757314 12.232258 0.836883
3.933261 6.648945 16.343053
7.271786 11.961651 0.143043
8.084704 10.657251 0.452147
3.882588 6.401141 15.425606
4.184595 14.256864 11.898860
3.559559 19.477989 3.572782
-2.057823 9.960284 14.069165
-0.709107 12.874404 6.746031
7.402649 9.185039 9.056090
9.187312 12.209628 0.123313
1.595239 9.210932 7.392190
1.456715 11.105574 8.554618
0.898662 19.284498 4.498450
-0.673725 10.250508 5.223529
3.759267 10.656312 5.989712
1.880812 11.896607 5.751308
4.725785 12.130794 15.524256
0.435240 16.880016 0.162773
2.170883 16.894783 5.550719
4.052368 17.817149 6.093295
3.957537 11.593096 12.804798
5.393010 9.956438 13.362172
5.831347 14.439953 14.187545
-3.191420 12.616036 13.737043
1.749357 12.848071 14.194122
2.719432 14.743217 14.343742
-1.315941 10.451309 7.944631
-4.148525 9.364633 16.029016
26.745475 9.364633 16.029016
-3.787198 6.247501 23.211739
-1.398149 4.097960 22.004424
0.030064 8.499479 30.288083
-7.966062 6.156157 31.192706
22.927938 6.156157 31.192706
0.470359 8.801836 27.199509
0.742360 7.913945 27.255411
0.478428 9.450465 25.945007
0.719285 8.993233 25.170603
0.114335 10.803433 25.902259
0.092378 11.238940 25.080174
-0.237232 10.786614 28.230404
-0.480391 11.247911 29.001520
-0.205637 11.491088 27.018650
-0.413249 2.608117 27.041669
0.013491 3.378509 28.019950
0.512396 3.002563 28.708858
-0.268713 4.773437 28.046257
-1.046756 5.287719 27.071264
-1.278997 6.187854 27.097571
-1.223285 3.120531 26.030504
-1.687903 12.912236 25.372836
-1.509600 4.489708 26.017351
-2.244830 5.126265 24.868076
-1.204088 15.124439 18.990167
-1.999957 4.920816 19.065799
-0.553412 15.398603 17.724156
-0.882257 5.454942 17.018807
0.760508 15.020731 17.632082
1.182618 15.044104 16.803420
0.695557 14.390509 19.933921
1.128243 14.028119 20.672153
1.447359 14.618443 18.705725
2.890718 14.288439 18.669554
3.439121 13.530571 17.605776
2.905376 13.210353 16.915224
3.723591 14.692115 19.748129
3.464177 4.780408 20.476497
4.832343 13.280195 17.633726
5.069278 14.448152 19.739909
-4.660046 13.672964 18.710658
-3.764263 13.424330 18.746830
5.425684 12.454918 16.541997
-4.269200 4.540400 20.887539
0.340738 5.657894 29.123188
-5.298721 5.792726 29.629593
-5.460392 6.679789 29.402697
-4.174226 5.146692 29.062354
-3.562040 5.608676 28.536220
-5.980255 3.865212 30.637469
-6.588862 3.411735 31.173469
-4.025334 3.783341 29.328710
-3.274858 3.338545 29.004808
-4.955031 3.080091 30.053789
-4.901226 1.645744 30.361249
-6.212113 11.205210 30.407285
-7.027486 11.649510 30.349740
-3.852369 11.340002 30.484561
-2.942102 1.475400 30.448390
-6.239700 9.862742 30.524022
-3.779452 9.962263 30.665420
-4.909043 9.258953 30.713101
-4.855595 8.344978 30.872586
-2.399407 9.285033 30.744340
-7.398893 9.071953 30.481273
4.133870 10.486417 23.281451
3.700658 11.308589 23.315979
-4.183000 9.236326 23.521500
-3.276459 9.188225 23.725377
-4.746607 10.378731 23.572470
-4.253465 11.135862 23.794433
4.187210 8.163288 22.863832
3.764508 7.392880 22.559661
3.434458 9.320463 22.949329
1.991501 9.363644 22.599121
1.306864 10.609010 22.513624
1.800180 11.394118 22.579391
1.235888 8.187787 22.488961
1.661245 7.362887 22.538286
-0.167108 8.239371 22.301526
-0.018317 10.695132 22.342630
-0.785362 9.491000 22.173281
-1.693414 9.542433 21.979269
-0.698527 12.052191 22.275219
-0.966416 6.963609 22.303170
-5.698570 4.651744 24.961793
-5.033760 4.013570 25.073597
2.408326 5.516624 25.367904
2.462575 5.863591 24.476763
2.658285 6.192525 25.995977
1.502507 5.235014 25.545474
3.075437 3.270392 26.290283
3.070150 12.825933 25.760860
2.185573 3.289470 26.647068
-6.588968 3.262674 27.012074
1.024636 3.949948 32.475652
0.253728 4.334167 32.123799
-3.923358 6.810010 16.819862
-7.630452 1.759105 32.431259
-4.034496 6.023044 17.370659
-3.359011 7.434916 17.278586
-0.183064 1.851602 32.784756
3.155461 7.164308 16.584746
3.968378 5.859909 16.893850
-0.233737 1.603798 31.867309
0.068269 9.459522 28.340563
-0.556766 14.680646 20.014485
-6.174148 5.162942 30.510868
-4.825432 8.077062 23.187734
3.286323 4.387696 25.497793
5.070987 7.412286 16.565016
-2.521086 4.413589 23.833893
-2.659610 6.308231 24.996321
-3.217663 14.487156 20.940153
-4.790050 5.453165 21.665232
-0.357058 5.858969 22.431415
-2.235513 7.099265 22.193011
0.609459 7.333452 31.965959
-3.681086 12.082673 16.604476
-1.945443 12.097441 21.992422
-0.063957 13.019806 22.534998
-0.158788 6.795753 29.246501
1.276685 5.159095 29.803875
1.715022 9.642610 30.629248
-7.307745 7.818693 30.178746
-2.366968 8.050729 30.635825
-1.396894 9.945875 30.785445
-5.432266 5.653967 24.386334
-8.264850 4.567290 32.470719
22.629150 4.567290 32.470719
0.210244 21.396161 6.770036
2.599294 19.246620 5.562721
4.027507 23.648139 13.846380
-3.968619 21.304817 14.751003
26.925381 21.304817 14.751003
4.467802 23.950496 10.757806
4.739802 23.062604 10.813708
4.475871 24.599125 9.503304
4.716728 24.141892 8.728900
4.111778 25.952093 9.460556
4.089821 26.387600 8.638471
3.760211 25.935274 11.788701
3.517052 26.396571 12.559817
3.791806 26.639748 10.576948
3.584194 17.756777 10.599966
4.010934 18.527169 11.578247
4.509839 18.151223 12.267155
3.728730 19.922097 11.604554
2.950686 20.436379 10.629561
2.718446 21.336513 10.655868
2.774157 18.269191 9.588801
2.309540 28.060896 8.931133
2.487843 19.638368 9.575648
1.752613 20.274925 8.426373
2.793354 30.273099 2.548464
1.997486 20.069476 2.624096
3.444031 30.547262 1.282453
3.115186 20.603602 0.577104
4.757951 30.169391 1.190379
5.180061 30.192764 0.361717
4.693000 29.539168 3.492218
5.125686 29.176779 4.230450
5.444801 29.767103 2.264022
6.888161 29.437099 2.227851
7.436563 28.679231 1.164073
6.902819 28.359013 0.473521
7.721034 29.840775 3.306426
7.461620 19.929068 4.034794
8.829786 28.428855 1.192023
9.066721 29.596812 3.298206
-0.662603 28.821624 2.268955
0.233180 28.572989 2.305127
9.423127 27.603578 0.100294
-0.271757 19.689059 4.445836
4.338180 20.806554 12.681486
-1.301278 20.941386 13.187890
-1.462950 21.828449 12.960994
-0.176783 20.295351 12.620651
0.435402 20.757336 12.094517
-1.982812 19.013871 14.195766
-2.591420 18.560395 14.731766
-0.027892 18.932001 12.887007
0.722585 18.487205 12.563105
-0.957588 18.228750 13.612086
-0.903783 16.794404 13.919546
-2.214670 26.353870 13.965583
-3.030043 26.798170 13.908037
0.145073 26.488662 14.042859
1.055340 16.624060 14.006687
-2.242257 25.011402 14.082319
0.217991 25.110923 14.223717
-0.911600 24.407613 14.271398
-0.858153 23.493638 14.430883
1.598035 24.433692 14.302637
-3.401450 24.220613 14.039570
8.131312 25.635077 6.839748
7.698100 26.457248 6.874276
-0.185557 24.384986 7.079797
0.720983 24.336885 7.283674
-0.749165 25.527391 7.130767
-0.256023 26.284522 7.352730
8.184652 23.311948 6.422129
7.761950 22.541540 6.117958
7.431900 24.469123 6.507626
5.988943 24.512303 6.157418
5.304306 25.757670 6.071921
5.797623 26.542778 6.137688
5.233331 23.336447 6.047258
5.658687 22.511547 6.096583
3.830334 23.388031 5.859823
3.979126 25.843792 5.900927
3.212080 24.639660 5.731578
2.304028 24.691093 5.537566
3.298915 27.200851 5.833516
3.031027 22.112269 5.861467
-1.701127 19.800403 8.520090
-1.036317 19.162229 8.631894
6.405769 20.665284 8.926201
6.460018 21.012251 8.035060
6.655727 21.341185 9.554274
5.499950 20.383674 9.103771
7.072880 18.419052 9.848580
7.067592 27.974592 9.319157
6.183016 18.438130 10.205365
-2.591525 18.411334 10.570371
5.022079 19.098608 16.033949
4.251170 19.482827 15.682096
0.074085 21.958670 0.378159
-3.633009 16.907765 15.989556
-0.037053 21.171704 0.928956
0.638432 22.583575 0.836883
3.814379 17.000262 16.343053
7.152903 22.312968 0.143043
7.965821 21.008569 0.452147
3.763706 16.752458 15.425606
4.065712 24.608182 11.898860
3.440677 29.829306 3.572782
-2.176705 20.311601 14.069165
-0.827990 23.225722 6.746031
7.283766 19.536356 9.056090
9.068429 22.560946 0.123313
1.476356 19.562249 7.392190
1.337833 21.456891 8.554618
0.779779 29.635816 4.498450
-0.792607 20.601825 5.223529
3.640384 21.007629 5.989712
1.761929 22.247925 5.751308
4.606902 22.482112 15.524256
0.316357 27.231333 0.162773
2.052000 27.246101 5.550719
3.933486 28.168466 6.093295
3.838655 21.944413 12.804798
5.274128 20.307755 13.362172
5.712464 24.791270 14.187545
-3.310303 22.967353 13.737043
1.630474 23.199389 14.194122
2.600549 25.094535 14.343742
-1.434824 20.802627 7.944631
-4.267407 19.715950 16.029016
26.626593 19.715950 16.029016
-3.906081 16.598819 23.211739
-1.517031 14.449278 22.004424
-0.088819 18.850797 30.288083
-8.084944 16.507474 31.192706
22.809056 16.507474 31.192706
0.351476 19.153154 27.199509
0.623477 18.265262 27.255411
0.359545 19.801782 25.945007
0.600403 19.344550 25.170603
-0.004548 21.154751 25.902259
-0.026504 21.590258 25.080174
-0.356114 21.137931 28.230404
-0.599274 21.599228 29.001520
-0.324519 21.842405 27.018650
-0.532131 12.959434 27.041669
-0.105391 13.729827 28.019950
0.393514 13.353881 28.708858
-0.387596 15.124754 28.046257
-1.165639 15.639036 27.071264
-1.397879 16.539171 27.097571
-1.342168 13.471848 26.030504
-1.806786 23.263554 25.372836
-1.628482 14.841025 26.017351
-2.363712 15.477583 24.868076
-1.322971 25.475757 18.990167
-2.118839 15.272133 19.065799
-0.672295 25.749920 17.724156
-1.001139 15.806259 17.018807
0.641625 25.372049 17.632082
1.063735 25.395422 16.803420
0.576675 24.741826 19.933921
1.009360 24.379437 20.672153
1.328476 24.969761 18.705725
2.771836 24.639757 18.669554
3.320238 23.881889 17.605776
2.786494 23.561671 16.915224
3.604708 25.043432 19.748129
3.345295 15.131726 20.476497
4.713461 23.631512 17.633726
4.950396 24.799470 19.739909
-4.778929 24.024281 18.710658
-3.883145 23.775647 18.746830
5.306802 22.806235 16.541997
-4.388082 14.891717 20.887539
0.221855 16.009211 29.123188
-5.417603 16.144044 29.629593
-5.579275 17.031107 29.402697
-4.293109 15.498009 29.062354
-3.680923 15.959993 28.536220
-6.099137 14.216529 30.637469
-6.707745 13.763053 31.173469
-4.144217 14.134658 29.328710
-3.393740 13.689862 29.004808
-5.073914 13.431408 30.053789
-5.020108 11.997062 30.361249
-6.330996 21.556527 30.407285
-7.146368 22.000827 30.349740
-3.971252 21.691320 30.484561
-3.060985 11.826717 30.448390
-6.358582 20.214060 30.524022
-3.898334 20.313580 30.665420
-5.027926 19.610270 30.713101
-4.974478 18.696296 30.872586
-2.518290 19.636350 30.744340
-7.517775 19.423270 30.481273
4.014987 20.837734 23.281451
3.581775 21.659906 23.315979
-4.301883 19.587643 23.521500
-3.395342 19.539542 23.725377
-4.865490 20.730049 23.572470
-4.372348 21.487179 23.794433
4.068327 18.514606 22.863832
3.645625 17.744197 22.559661
3.315575 19.671780 22.949329
1.872618 19.714961 22.599121
1.187981 20.960327 22.513624
1.681298 21.745435 22.579391
1.117006 18.539104 22.488961
1.542362 17.714204 22.538286
-0.285991 18.590689 22.301526
-0.137200 21.046449 22.342630
-0.904245 19.842317 22.173281
-1.812297 19.893750 21.979269
-0.817410 22.403509 22.275219
-1.085298 17.314927 22.303170
-5.817453 15.003061 24.961793
-5.152642 14.364887 25.073597
2.289444 15.867942 25.367904
2.343693 16.214909 24.476763
2.539402 16.543842 25.995977
1.383625 15.586331 25.545474
2.956555 13.621709 26.290283
2.951267 23.177250 25.760860
2.066691 13.640787 26.647068
-6.707851 13.613992 27.012074
0.905753 14.301265 32.475652
0.134845 14.685484 32.123799
-4.042240 17.161327 16.819862
-7.749334 12.110422 32.431259
-4.153378 16.374362 17.370659
-3.477893 17.786233 17.278586
-0.301946 12.202919 32.784756
3.036578 17.515626 16.584746
3.849496 16.211226 16.893850
-0.352619 11.955116 31.867309
-0.050613 19.810839 28.340563
-0.675649 25.031964 20.014485
-6.293031 15.514259 30.510868
-4.944315 18.428379 23.187734
3.167441 14.739014 25.497793
4.952104 17.763603 16.565016
-2.639969 14.764906 23.833893
-2.778493 16.659549 24.996321
-3.336546 24.838473 20.940153
-4.908932 15.804483 21.665232
-0.475941 16.210287 22.431415
-2.354396 17.450582 22.193011
0.490577 17.684769 31.965959
-3.799968 22.433990 16.604476
-2.064325 22.448758 21.992422
-0.182839 23.371123 22.534998
-0.277670 17.147070 29.246501
1.157803 15.510413 29.803875
1.596139 19.993927 30.629248
-7.426628 18.170011 30.178746
-2.485851 18.402046 30.635825
-1.515776 20.297192 30.785445
-5.551149 16.005284 24.386334
-8.383732 14.918608 32.470719
22.510268 14.918608 32.470719
10.746009 0.693526 6.770036
13.135059 -1.456015 5.562721
14.563272 2.945505 13.846380
6.567146 0.602182 14.751003
15.003567 3.247862 10.757806
15.275568 2.359970 10.813708
15.011636 3.896490 9.503304
15.252493 3.439258 8.728900
14.647543 5.249458 9.460556
14.625586 5.684966 8.638471
14.295976 5.232639 11.788701
14.052817 5.693936 12.559817
14.327571 5.937113 10.576948
14.119959 -2.945858 10.599966
14.546699 -2.175466 11.578247
15.045604 -2.551411 12.267155
14.264495 -0.780538 11.604554
13.486451 -0.266256 10.629561
13.254211 0.633879 10.655868
13.309922 -2.433444 9.588801
12.845305 7.358262 8.931133
13.023608 -1.064267 9.575648
12.288378 -0.427710 8.426373
13.329119 9.570465 2.548464
12.533251 -0.633159 2.624096
13.979796 9.844628 1.282453
13.650951 -0.099033 0.577104
15.293716 9.466756 1.190379
15.715826 9.490130 0.361717
15.228765 8.836534 3.492218
15.661451 8.474144 4.230450
15.980566 9.064469 2.264022
17.423926 8.734464 2.227851
17.972328 7.976597 1.164073
17.438584 7.656379 0.473521
18.256799 9.138140 3.306426
17.997385 -0.773566 4.034794
19.365551 7.726220 1.192023
19.602486 8.894177 3.298206
9.873162 8.118989 2.268955
10.768945 7.870355 2.305127
19.958892 6.900943 0.100294
10.264008 -1.013575 4.445836
14.873945 0.103919 12.681486
9.234487 0.238752 13.187890
9.072815 1.125814 12.960994
10.358982 -0.407283 12.620651
10.971167 0.054701 12.094517
8.552953 -1.688763 14.195766
7.944345 -2.142239 14.731766
10.507873 -1.770634 12.887007
11.258350 -2.215430 12.563105
9.578177 -2.473884 13.612086
9.631982 -3.908231 13.919546
8.321095 5.651235 13.965583
7.505722 6.095535 13.908037
10.680838 5.786028 14.042859
11.591105 -4.078575 14.006687
11.234458 26.975377 14.006687
8.293508 4.308767 14.082319
10.753756 4.408288 14.223717
9.624165 3.704978 14.271398
9.677612 2.791004 14.430883
12.133800 3.731058 14.302637
7.134315 3.517978 14.039570
18.667077 4.932442 6.839748
18.233865 5.754614 6.874276
10.350208 3.682351 7.079797
11.256749 3.634250 7.283674
9.786600 4.824756 7.130767
10.279742 5.581887 7.352730
18.720417 2.609314 6.422129
18.297715 1.838905 6.117958
17.967665 3.766488 6.507626
16.524708 3.809669 6.157418
15.840071 5.055035 6.071921
16.333388 5.840143 6.137688
15.769096 2.633812 6.047258
16.194452 1.808912 6.096583
14.366099 2.685396 5.859823
14.514891 5.141157 5.900927
13.747845 3.937025 5.731578
12.839793 3.988458 5.537566
13.834680 6.498216 5.833516
13.566792 1.409634 5.861467
8.834638 -0.902231 8.520090
9.499448 -1.540405 8.631894
16.941534 -0.037351 8.926201
16.995783 0.309616 8.035060
17.191492 0.638550 9.554274
16.035715 -0.318961 9.103771
17.608645 -2.283583 9.848580
17.603357 7.271958 9.319157
16.718781 -2.264505 10.205365
7.944240 -2.291301 10.570371
15.557844 -1.604027 16.033949
14.786936 -1.219808 15.682096
10.609850 1.256035 0.378159
6.902756 -3.794870 15.989556
10.498712 0.469069 0.928956
11.174197 1.880941 0.836883
14.350144 -3.702373 16.343053
17.688668 1.610333 0.143043
18.501586 0.305934 0.452147
14.299471 -3.950177 15.425606
14.601477 3.905547 11.898860
13.976442 9.126672 3.572782
8.359060 -0.391033 14.069165
9.707775 2.523087 6.746031
17.819531 -1.166278 9.056090
19.604194 1.858311 0.123313
12.012121 -1.140386 7.392190
11.873598 0.754256 8.554618
11.315544 8.933181 4.498450
9.743158 -0.100810 5.223529
14.176149 0.304994 5.989712
12.297694 1.545290 5.751308
15.142667 1.779477 15.524256
10.852122 6.528698 0.162773
12.587765 6.543466 5.550719
14.469251 7.465831 6.093295
14.374420 1.241778 12.804798
15.809893 -0.394879 13.362172
16.248229 4.088635 14.187545
7.225462 2.264719 13.737043
12.166239 2.496754 14.194122
13.136314 4.391900 14.343742
9.100942 0.099992 7.944631
6.268358 -0.986685 16.029016
6.629684 -4.103816 23.211739
9.018734 -6.253357 22.004424
10.446946 -1.851838 30.288083
2.450821 -4.195160 31.192706
10.887242 -1.549481 27.199509
11.159242 -2.437373 27.255411
10.895310 -0.900853 25.945007
11.136168 -1.358085 25.170603
10.531217 0.452116 25.902259
10.509261 0.887623 25.080174
10.179651 0.435297 28.230404
9.936492 0.896594 29.001520
10.211246 1.139770 27.018650
10.003634 -7.743201 27.041669
10.430374 -6.972808 28.019950
10.929279 -7.348754 28.708858
10.148169 -5.577880 28.046257
9.370126 -5.063599 27.071264
9.137886 -4.163464 27.097571
9.193597 -7.230786 26.030504
8.728979 2.560919 25.372836
8.907283 -5.861610 26.017351
8.172053 -5.225052 24.868076
9.212794 4.773122 18.990167
8.416926 -5.430502 19.065799
9.863470 5.047285 17.724156
9.534626 -4.896375 17.018807
11.177390 4.669414 17.632082
11.599500 4.692787 16.803420
11.112440 4.039191 19.933921
11.545125 3.676802 20.672153
11.864241 4.267126 18.705725
13.307601 3.937122 18.669554
13.856003 3.179254 17.605776
13.322259 2.859036 16.915224
14.140473 4.340798 19.748129
13.881060 -5.570909 20.476497
15.249226 2.928878 17.633726
15.486161 4.096835 19.739909
5.756836 3.321647 18.710658
6.652620 3.073012 18.746830
15.842567 2.103601 16.541997
6.147683 -5.810918 20.887539
10.757620 -4.693424 29.123188
5.118162 -4.558591 29.629593
4.956490 -3.671528 29.402697
6.242656 -5.204626 29.062354
6.854842 -4.742642 28.536220
4.436628 -6.486106 30.637469
3.828020 -6.939582 31.173469
6.391548 -6.567976 29.328710
7.142025 -7.012772 29.004808
5.461851 -7.271227 30.053789
5.515657 -8.705573 30.361249
4.204769 0.853893 30.407285
3.389397 1.298193 30.349740
6.564513 0.988685 30.484561
7.474780 -8.875918 30.448390
7.118133 22.178035 30.448390
4.177183 -0.488575 30.524022
6.637431 -0.389054 30.665420
5.507839 -1.092364 30.713101
5.561287 -2.006339 30.872586
8.017475 -1.066285 30.744340
3.017990 -1.279364 30.481273
14.550752 0.135100 23.281451
14.117540 0.957271 23.315979
6.233883 -1.114992 23.521500
7.140423 -1.163092 23.725377
5.670275 0.027414 23.572470
6.163417 0.784544 23.794433
14.604092 -2.188029 22.863832
14.181390 -2.958437 22.559661
13.851340 -1.030855 22.949329
12.408383 -0.987674 22.599121
11.723746 0.257693 22.513624
12.217063 1.042801 22.579391
11.652771 -2.163530 22.488961
12.078127 -2.988431 22.538286
10.249774 -2.111946 22.301526
10.398565 0.343815 22.342630
9.631520 -0.860317 22.173281
8.723468 -0.808884 21.979269
9.718355 1.700874 22.275219
9.450467 -3.387708 22.303170
4.718312 -5.699574 24.961793
5.383123 -6.337748 25.073597
12.825209 -4.834693 25.367904
12.879458 -4.487726 24.476763
13.075167 -4.158792 25.995977
11.919390 -5.116304 25.545474
13.492320 -7.080926 26.290283
13.487032 2.474615 25.760860
12.602456 -7.061847 26.647068
3.827914 -7.088643 27.012074
11.441518 -6.401370 32.475652
10.670610 -6.017151 32.123799
6.493525 -3.541308 16.819862
2.786431 -8.592212 32.431259
6.382387 -4.328273 17.370659
7.057872 -2.916402 17.278586
10.233819 -8.499715 32.784756
13.572343 -3.187009 16.584746
14.385261 -4.491409 16.893850
10.183146 -8.747519 31.867309
10.485152 -0.891795 28.340563
9.860116 4.329329 20.014485
4.242734 -5.188376 30.510868
5.591450 -2.274256 23.187734
13.703206 -5.963621 25.497793
15.487869 -2.939032 16.565016
7.895796 -5.937728 23.833893
7.757272 -4.043086 24.996321
7.199219 4.135838 20.940153
5.626833 -4.898152 21.665232
10.059824 -4.492348 22.431415
8.181369 -3.252053 22.193011
11.026342 -3.017865 31.965959
6.735797 1.731356 16.604476
8.471440 1.746124 21.992422
10.352926 2.668489 22.534998
10.258095 -3.555564 29.246501
11.693568 -5.192222 29.803875
12.131904 -0.708707 30.629248
3.109137 -2.532624 30.178746
8.049914 -2.300588 30.635825
9.019989 -0.405443 30.785445
4.984616 -4.697351 24.386334
2.152033 -5.784027 32.470719
10.627127 11.044844 6.770036
13.016177 8.895303 5.562721
14.444389 13.296822 13.846380
6.448264 10.953499 14.751003
14.884684 13.599179 10.757806
15.156685 12.711287 10.813708
14.892753 14.247807 9.503304
15.133611 13.790575 8.728900
14.528660 15.600776 9.460556
14.506703 16.036283 8.638471
14.177094 15.583956 11.788701
13.933934 16.045253 12.559817
14.208689 16.288430 10.576948
14.001077 7.405459 10.599966
14.427816 8.175852 11.578247
14.926721 7.799906 12.267155
14.145612 9.570780 11.604554
13.367569 10.085061 10.629561
13.135329 10.985196 10.655868
13.191040 7.917874 9.588801
12.726422 17.709579 8.931133
12.904726 9.287050 9.575648
12.169495 9.923608 8.426373
13.210237 19.921782 2.548464
12.414368 9.718158 2.624096
13.860913 20.195945 1.282453
13.532069 10.252284 0.577104
15.174833 19.818074 1.190379
15.596943 19.841447 0.361717
15.109883 19.187851 3.492218
15.542568 18.825462 4.230450
15.861684 19.415786 2.264022
17.305043 19.085782 2.227851
17.853446 18.327914 1.164073
17.319702 18.007696 0.473521
18.137916 19.489458 3.306426
17.878502 9.577751 4.034794
19.246669 18.077538 1.192023
19.483603 19.245495 3.298206
9.754279 18.470307 2.268955
10.650062 18.221672 2.305127
19.840009 17.252261 0.100294
10.145126 9.337742 4.445836
14.755063 10.455236 12.681486
9.115604 10.590069 13.187890
8.953933 11.477132 12.960994
10.240099 9.944034 12.620651
10.852285 10.406018 12.094517
8.434070 8.662554 14.195766
7.825463 8.209078 14.731766
10.388991 8.580683 12.887007
11.139467 8.135887 12.563105
9.459294 7.877433 13.612086
9.513099 6.443087 13.919546
8.202212 16.002552 13.965583
7.386840 16.446853 13.908037
10.561956 16.137345 14.042859
11.472223 6.272742 14.006687
8.174625 14.660085 14.082319
10.634873 14.759606 14.223717
9.505282 14.056296 14.271398
9.558730 13.142321 14.430883
12.014918 14.082375 14.302637
7.015432 13.869296 14.039570
18.548195 15.283760 6.839748
18.114983 16.105931 6.874276
10.231325 14.033668 7.079797
11.137866 13.985568 7.283674
9.667718 15.176074 7.130767
10.160860 15.933204 7.352730
18.601535 12.960631 6.422129
18.178833 12.190222 6.117958
17.848783 14.117805 6.507626
16.405826 14.160986 6.157418
15.721189 15.406353 6.071921
16.214506 16.191461 6.137688
15.650214 12.985130 6.047258
16.075570 12.160229 6.096583
14.247217 13.036714 5.859823
14.396008 15.492475 5.900927
13.628963 14.288343 5.731578
12.720911 14.339776 5.537566
13.715798 16.849534 5.833516
13.447910 11.760952 5.861467
8.715755 9.449086 8.520090
9.380566 8.810912 8.631894
16.822652 10.313967 8.926201
16.876900 10.660934 8.035060
17.072610 10.989868 9.554274
15.916832 10.032356 9.103771
17.489762 8.067734 9.848580
17.484475 17.623275 9.319157
16.599899 8.086813 10.205365
7.825357 8.060017 10.570371
15.438961 8.747290 16.033949
14.668053 9.131509 15.682096
10.490968 11.607352 0.378159
6.783873 6.556448 15.989556
10.379829 10.820387 0.928956
11.055314 12.232258 0.836883
14.231261 6.648945 16.343053
17.569786 11.961651 0.143043
18.382704 10.657251 0.452147
14.180588 6.401141 15.425606
14.482595 14.256864 11.898860
13.857559 19.477989 3.572782
8.240177 9.960284 14.069165
9.588893 12.874404 6.746031
17.700649 9.185039 9.056090
19.485312 12.209628 0.123313
11.893239 9.210932 7.392190
11.754715 11.105574 8.554618
11.196662 19.284498 4.498450
9.624275 10.250508 5.223529
14.057267 10.656312 5.989712
12.178812 11.896607 5.751308
15.023785 12.130794 15.524256
10.733240 16.880016 0.162773
12.468883 16.894783 5.550719
14.350368 17.817149 6.093295
14.255537 11.593096 12.804798
15.691010 9.956438 13.362172
16.129347 14.439953 14.187545
7.106580 12.616036 13.737043
12.047357 12.848071 14.194122
13.017432 14.743217 14.343742
8.982059 10.451309 7.944631
6.149475 9.364633 16.029016
6.510802 6.247501 23.211739
8.899851 4.097960 22.004424
10.328064 8.499479 30.288083
2.331938 6.156157 31.192706
10.768359 8.801836 27.199509
11.040360 7.913945 27.255411
10.776428 9.450465 25.945007
11.017285 8.993233 25.170603
10.412335 10.803433 25.902259
10.390378 11.238940 25.080174
10.060768 10.786614 28.230404
9.817609 11.247911 29.001520
10.092363 11.491088 27.018650
9.884751 2.608117 27.041669
10.311491 3.378509 28.019950
10.810396 3.002563 28.708858
10.029287 4.773437 28.046257
9.251244 5.287719 27.071264
9.019003 6.187854 27.097571
9.074715 3.120531 26.030504
8.610097 12.912236 25.372836
8.788400 4.489708 26.017351
8.053170 5.126265 24.868076
9.093912 15.124439 18.990167
8.298043 4.920816 19.065799
9.744588 15.398603 17.724156
9.415743 5.454942 17.018807
11.058508 15.020731 17.632082
11.480618 15.044104 16.803420
10.993557 14.390509 19.933921
11.426243 14.028119 20.672153
11.745359 14.618443 18.705725
13.188718 14.288439 18.669554
13.737121 13.530571 17.605776
13.203376 13.210353 16.915224
14.021591 14.692115 19.748129
13.762177 4.780408 20.476497
15.130343 13.280195 17.633726
15.367278 14.448152 19.739909
5.637954 13.672964 18.710658
6.533737 13.424330 18.746830
15.723684 12.454918 16.541997
6.028800 4.540400 20.887539
10.638738 5.657894 29.123188
4.999279 5.792726 29.629593
4.837608 6.679789 29.402697
6.123774 5.146692 29.062354
6.735960 5.608676 28.536220
4.317745 3.865212 30.637469
3.709138 3.411735 31.173469
6.272666 3.783341 29.328710
7.023142 3.338545 29.004808
5.342969 3.080091 30.053789
5.396774 1.645744 30.361249
4.085887 11.205210 30.407285
3.270514 11.649510 30.349740
6.445631 11.340002 30.484561
7.355898 1.475400 30.448390
4.058300 9.862742 30.524022
6.518548 9.962263 30.665420
5.388957 9.258953 30.713101
5.442405 8.344978 30.872586
7.898593 9.285033 30.744340
2.899107 9.071953 30.481273
14.431870 10.486417 23.281451
13.998658 11.308589 23.315979
6.115000 9.236326 23.521500
7.021541 9.188225 23.725377
5.551393 10.378731 23.572470
6.044535 11.135862 23.794433
14.485210 8.163288 22.863832
14.062508 7.392880 22.559661
13.732458 9.320463 22.949329
12.289501 9.363644 22.599121
11.604864 10.609010 22.513624
12.098180 11.394118 22.579391
11.533888 8.187787 22.488961
11.959245 7.362887 22.538286
10.130892 8.239371 22.301526
10.279683 10.695132 22.342630
9.512638 9.491000 22.173281
8.604586 9.542433 21.979269
9.599473 12.052191 22.275219
9.331584 6.963609 22.303170
4.599430 4.651744 24.961793
5.264240 4.013570 25.073597
12.706326 5.516624 25.367904
12.760575 5.863591 24.476763
12.956285 6.192525 25.995977
11.800507 5.235014 25.545474
13.373437 3.270392 26.290283
13.368150 12.825933 25.760860
12.483573 3.289470 26.647068
3.709032 3.262674 27.012074
11.322636 3.949948 32.475652
10.551728 4.334167 32.123799
6.374642 6.810010 16.819862
2.667548 1.759105 32.431259
6.263504 6.023044 17.370659
6.938989 7.434916 17.278586
10.114936 1.851602 32.784756
13.453461 7.164308 16.584746
14.266378 5.859909 16.893850
10.064263 1.603798 31.867309
10.366269 9.459522 28.340563
9.741234 14.680646 20.014485
4.123852 5.162942 30.510868
5.472568 8.077062 23.187734
13.584323 4.387696 25.497793
15.368987 7.412286 16.565016
7.776914 4.413589 23.833893
7.638390 6.308231 24.996321
7.080337 14.487156 20.940153
5.507950 5.453165 21.665232
9.940942 5.858969 22.431415
8.062487 7.099265 22.193011
10.907459 7.333452 31.965959
6.616914 12.082673 16.604476
8.352557 12.097441 21.992422
10.234043 13.019806 22.534998
10.139212 6.795753 29.246501
11.574685 5.159095 29.803875
12.013022 9.642610 30.629248
2.990255 7.818693 30.178746
7.931032 8.050729 30.635825
8.901106 9.945875 30.785445
4.865734 5.653967 24.386334
2.033150 4.567290 32.470719
10.508244 21.396161 6.770036
12.897294 19.246620 5.562721
14.325507 23.648139 13.846380
6.329381 21.304817 14.751003
14.765802 23.950496 10.757806
15.037802 23.062604 10.813708
14.773871 24.599125 9.503304
15.014728 24.141892 8.728900
14.409778 25.952093 9.460556
14.387821 26.387600 8.638471
14.058211 25.935274 11.788701
13.815052 26.396571 12.559817
14.089806 26.639748 10.576948
13.882194 17.756777 10.599966
14.308934 18.527169 11.578247
14.807839 18.151223 12.267155
14.026730 19.922097 11.604554
13.248686 20.436379 10.629561
13.016446 21.336513 10.655868
13.072157 18.269191 9.588801
12.607540 28.060896 8.931133
12.785843 19.638368 9.575648
12.050613 20.274925 8.426373
13.091354 30.273099 2.548464
12.295486 20.069476 2.624096
13.742031 30.547262 1.282453
13.413186 20.603602 0.577104
15.055951 30.169391 1.190379
15.478061 30.192764 0.361717
14.991000 29.539168 3.492218
15.423686 29.176779 4.230450
15.742801 29.767103 2.264022
17.186161 29.437099 2.227851
17.734563 28.679231 1.164073
17.200819 28.359013 0.473521
18.019034 29.840775 3.306426
17.759620 19.929068 4.034794
19.127786 28.428855 1.192023
19.364721 29.596812 3.298206
9.635397 28.821624 2.268955
10.531180 28.572989 2.305127
19.721127 27.603578 0.100294
10.026243 19.689059 4.445836
14.636180 20.806554 12.681486
8.996722 20.941386 13.187890
8.835050 21.828449 12.960994
10.121217 20.295351 12.620651
10.733402 20.757336 12.094517
8.315188 19.013871 14.195766
7.706580 18.560395 14.731766
10.270108 18.932001 12.887007
11.020585 18.487205 12.563105
9.340412 18.228750 13.612086
9.394217 16.794404 13.919546
8.083330 26.353870 13.965583
7.267957 26.798170 13.908037
10.443073 26.488662 14.042859
11.353340 16.624060 14.006687
8.055743 25.011402 14.082319
10.515991 25.110923 14.223717
9.386400 24.407613 14.271398
9.439847 23.493638 14.430883
11.896035 24.433692 14.302637
6.896550 24.220613 14.039570
18.429312 25.635077 6.839748
17.996100 26.457248 6.874276
10.112443 24.384986 7.079797
11.018983 24.336885 7.283674
9.548835 25.527391 7.130767
10.041977 26.284522 7.352730
18.482652 23.311948 6.422129
18.059950 22.541540 6.117958
17.729900 24.469123 6.507626
16.286943 24.512303 6.157418
15.602306 25.757670 6.071921
16.095623 26.542778 6.137688
15.531331 23.336447 6.047258
15.956687 22.511547 6.096583
14.128334 23.388031 5.859823
14.277126 25.843792 5.900927
13.510080 24.639660 5.731578
12.602028 24.691093 5.537566
13.596915 27.200851 5.833516
13.329027 22.112269 5.861467
8.596873 19.800403 8.520090
9.261683 19.162229 8.631894
16.703769 20.665284 8.926201
16.758018 21.012251 8.035060
16.953727 21.341185 9.554274
15.797950 20.383674 9.103771
17.370880 18.419052 9.848580
17.365592 27.974592 9.319157
16.481016 18.438130 10.205365
7.706475 18.411334 10.570371
15.320079 19.098608 16.033949
14.549170 19.482827 15.682096
10.372085 21.958670 0.378159
6.664991 16.907765 15.989556
10.260947 21.171704 0.928956
10.936432 22.583575 0.836883
14.112379 17.000262 16.343053
17.450903 22.312968 0.143043
18.263821 21.008569 0.452147
14.061706 16.752458 15.425606
14.363712 24.608182 11.898860
13.738677 29.829306 3.572782
8.121295 20.311601 14.069165
9.470010 23.225722 6.746031
17.581766 19.536356 9.056090
19.366429 22.560946 0.123313
11.774356 19.562249 7.392190
11.635833 21.456891 8.554618
11.077779 29.635816 4.498450
9.505393 20.601825 5.223529
13.938384 21.007629 5.989712
12.059929 22.247925 5.751308
14.904902 22.482112 15.524256
10.614357 27.231333 0.162773
12.350000 27.246101 5.550719
14.231486 28.168466 6.093295
14.136655 21.944413 12.804798
15.572128 20.307755 13.362172
16.010464 24.791270 14.187545
6.987697 22.967353 13.737043
11.928474 23.199389 14.194122
12.898549 25.094535 14.343742
8.863176 20.802627 7.944631
6.030593 19.715950 16.029016
6.391919 16.598819 23.211739
8.780969 14.449278 22.004424
10.209181 18.850797 30.288083
2.213056 16.507474 31.192706
10.649476 19.153154 27.199509
10.921477 18.265262 27.255411
10.657545 19.801782 25.945007
10.898403 19.344550 25.170603
10.293452 21.154751 25.902259
10.271496 21.590258 25.080174
9.941886 21.137931 28.230404
9.698726 21.599228 29.001520
9.973481 21.842405 27.018650
9.765869 12.959434 27.041669
10.192609 13.729827 28.019950
10.691514 13.353881 28.708858
9.910404 15.124754 28.046257
9.132361 15.639036 27.071264
8.900121 16.539171 27.097571
8.955832 13.471848 26.030504
8.491214 23.263554 25.372836
8.669518 14.841025 26.017351
7.934288 15.477583 24.868076
8.975029 25.475757 18.990167
8.179161 15.272133 19.065799
9.625705 25.749920 17.724156
9.296861 15.806259 17.018807
10.939625 25.372049 17.632082
11.361735 25.395422 16.803420
10.874675 24.741826 19.933921
11.307360 24.379437 20.672153
11.626476 24.969761 18.705725
13.069836 24.639757 18.669554
13.618238 23.881889 17.605776
13.084494 23.561671 16.915224
13.902708 25.043432 19.748129
13.643295 15.131726 20.476497
15.011461 23.631512 17.633726
15.248396 24.799470 19.739909
5.519071 24.024281 18.710658
6.414855 23.775647 18.746830
15.604802 22.806235 16.541997
5.909918 14.891717 20.887539
10.519855 16.009211 29.123188
4.880397 16.144044 29.629593
4.718725 17.031107 29.402697
6.004891 15.498009 29.062354
6.617077 15.959993 28.536220
4.198863 14.216529 30.637469
3.590255 13.763053 31.173469
6.153783 14.134658 29.328710
6.904260 13.689862 29.004808
5.224086 13.431408 30.053789
5.277892 11.997062 30.361249
3.967004 21.556527 30.407285
3.151632 22.000827 30.349740
6.326748 21.691320 30.484561
7.237015 11.826717 30.448390
3.939418 20.214060 30.524022
6.399666 20.313580 30.665420
5.270074 19.610270 30.713101
5.323522 18.696296 30.872586
7.779710 19.636350 30.744340
2.780225 19.423270 30.481273
14.312987 20.837734 23.281451
13.879775 21.659906 23.315979
5.996117 19.587643 23.521500
6.902658 19.539542 23.725377
5.432510 20.730049 23.572470
5.925652 21.487179 23.794433
14.366327 18.514606 22.863832
13.943625 17.744197 22.559661
13.613575 19.671780 22.949329
12.170618 19.714961 22.599121
11.485981 20.960327 22.513624
11.979298 21.745435 22.579391
11.415006 18.539104 22.488961
11.840362 17.714204 22.538286
10.012009 18.590689 22.301526
10.160800 21.046449 22.342630
9.393755 19.842317 22.173281
8.485703 19.893750 21.979269
9.480590 22.403509 22.275219
9.212702 17.314927 22.303170
4.480547 15.003061 24.961793
5.145358 14.364887 25.073597
12.587444 15.867942 25.367904
12.641693 16.214909 24.476763
12.837402 16.543842 25.995977
11.681625 15.586331 25.545474
13.254555 13.621709 26.290283
13.249267 23.177250 25.760860
12.364691 13.640787 26.647068
3.590149 13.613992 27.012074
11.203753 14.301265 32.475652
10.432845 14.685484 32.123799
6.255760 17.161327 16.819862
2.548666 12.110422 32.431259
6.144622 16.374362 17.370659
6.820107 17.786233 17.278586
9.996054 12.202919 32.784756
13.334578 17.515626 16.584746
14.147496 16.211226 16.893850
9.945381 11.955116 31.867309
10.247387 19.810839 28.340563
9.622351 25.031964 20.014485
4.004969 15.514259 30.510868
5.353685 18.428379 23.187734
13.465441 14.739014 25.497793
15.250104 17.763603 16.565016
7.658031 14.764906 23.833893
7.519507 16.659549 24.996321
6.961454 24.838473 20.940153
5.389068 15.804483 21.665232
9.822059 16.210287 22.431415
7.943604 17.450582 22.193011
10.788577 17.684769 31.965959
6.498032 22.433990 16.604476
8.233675 22.448758 21.992422
10.115161 23.371123 22.534998
10.020330 17.147070 29.246501
11.455803 15.510413 29.803875
11.894139 19.993927 30.629248
2.871372 18.170011 30.178746
7.812149 18.402046 30.635825
8.782224 20.297192 30.785445
4.746851 16.005284 24.386334
1.914268 14.918608 32.470719
21.044009 0.693526 6.770036
23.433059 -1.456015 5.562721
24.861272 2.945505 13.846380
16.865146 0.602182 14.751003
25.301567 3.247862 10.757806
25.573568 2.359970 10.813708
25.309636 3.896490 9.503304
25.550493 3.439258 8.728900
24.945543 5.249458 9.460556
24.923586 5.684966 8.638471
24.593976 5.232639 11.788701
24.350817 5.693936 12.559817
24.625571 5.937113 10.576948
24.417959 -2.945858 10.599966
24.844699 -2.175466 11.578247
25.343604 -2.551411 12.267155
24.562495 -0.780538 11.604554
23.784451 -0.266256 10.629561
23.552211 0.633879 10.655868
23.607922 -2.433444 9.588801
23.143305 7.358262 8.931133
23.321608 -1.064267 9.575648
22.586378 -0.427710 8.426373
23.627119 9.570465 2.548464
22.831251 -0.633159 2.624096
24.277796 9.844628 1.282453
23.948951 -0.099033 0.577104
25.591716 9.466756 1.190379
26.013826 9.490130 0.361717
25.526765 8.836534 3.492218
25.959451 8.474144 4.230450
26.278566 9.064469 2.264022
27.721926 8.734464 2.227851
28.270328 7.976597 1.164073
27.736584 7.656379 0.473521
28.554799 9.138140 3.306426
28.295385 -0.773566 4.034794
29.663551 7.726220 1.192023
29.900486 8.894177 3.298206
20.171162 8.118989 2.268955
21.066945 7.870355 2.305127
30.256892 6.900943 0.100294
20.562008 -1.013575 4.445836
25.171945 0.103919 12.681486
19.532487 0.238752 13.187890
19.370815 1.125814 12.960994
20.656982 -0.407283 12.620651
21.269167 0.054701 12.094517
18.850953 -1.688763 14.195766
18.242345 -2.142239 14.731766
20.805873 -1.770634 12.887007
21.556350 -2.215430 12.563105
19.876177 -2.473884 13.612086
19.929982 -3.908231 13.919546
18.619095 5.651235 13.965583
17.803722 6.095535 13.908037
20.978838 5.786028 14.042859
21.889105 -4.078575 14.006687
21.532458 26.975377 14.006687
18.591508 4.308767 14.082319
21.051756 4.408288 14.223717
19.922165 3.704978 14.271398
19.975612 2.791004 14.430883
22.431800 3.731058 14.302637
17.432315 3.517978 14.039570
28.965077 4.932442 6.839748
28.531865 5.754614 6.874276
20.648208 3.682351 7.079797
21.554749 3.634250 7.283674
20.084600 4.824756 7.130767
20.577742 5.581887 7.352730
29.018417 2.609314 6.422129
28.595715 1.838905 6.117958
28.265665 3.766488 6.507626
26.822708 3.809669 6.157418
26.138071 5.055035 6.071921
26.631388 5.840143 6.137688
26.067096 2.633812 6.047258
26.492452 1.808912 6.096583
24.664099 2.685396 5.859823
24.812891 5.141157 5.900927
24.045845 3.937025 5.731578
23.137793 3.988458 5.537566
24.132680 6.498216 5.833516
23.864792 1.409634 5.861467
19.132638 -0.902231 8.520090
19.797448 -1.540405 8.631894
27.239534 -0.037351 8.926201
27.293783 0.309616 8.035060
27.489492 0.638550 9.554274
26.333715 -0.318961 9.103771
27.906645 -2.283583 9.848580
27.901357 7.271958 9.319157
27.016781 -2.264505 10.205365
18.242240 -2.291301 10.570371
25.855844 -1.604027 16.033949
25.084936 -1.219808 15.682096
20.907850 1.256035 0.378159
17.200756 -3.794870 15.989556
20.796712 0.469069 0.928956
21.472197 1.880941 0.836883
24.648144 -3.702373 16.343053
27.986668 1.610333 0.143043
28.799586 0.305934 0.452147
24.597471 -3.950177 15.425606
24.899477 3.905547 11.898860
24.274442 9.126672 3.572782
18.657060 -0.391033 14.069165
20.005775 2.523087 6.746031
28.117531 -1.166278 9.056090
29.902194 1.858311 0.123313
22.310121 -1.140386 7.392190
22.171598 0.754256 8.554618
21.613544 8.933181 4.498450
20.041158 -0.100810 5.223529
24.474149 0.304994 5.989712
22.595694 1.545290 5.751308
25.440667 1.779477 15.524256
21.150122 6.528698 0.162773
22.885765 6.543466 5.550719
24.767251 7.465831 6.093295
24.672420 1.241778 12.804798
26.107893 -0.394879 13.362172
26.546229 4.088635 14.187545
17.523462 2.264719 13.737043
22.464239 2.496754 14.194122
23.434314 4.391900 14.343742
19.398942 0.099992 7.944631
16.566358 -0.986685 16.029016
16.927684 -4.103816 23.211739
19.316734 -6.253357 22.004424
20.744946 -1.851838 30.288083
12.748821 -4.195160 31.192706
21.185242 -1.549481 27.199509
21.457242 -2.437373 27.255411
21.193310 -0.900853 25.945007
21.434168 -1.358085 25.170603
20.829217 0.452116 25.902259
20.807261 0.887623 25.080174
20.477651 0.435297 28.230404
20.234492 0.896594 29.001520
20.509246 1.139770 27.018650
20.301634 -7.743201 27.041669
20.728374 -6.972808 28.019950
21.227279 -7.348754 28.708858
20.446169 -5.577880 28.046257
19.668126 -5.063599 27.071264
19.435886 -4.163464 27.097571
19.491597 -7.230786 26.030504
19.026979 2.560919 25.372836
19.205283 -5.861610 26.017351
18.470053 -5.225052 24.868076
19.510794 4.773122 18.990167
18.714926 -5.430502 19.065799
20.161470 5.047285 17.724156
19.832626 -4.896375 17.018807
21.475390 4.669414 17.632082
21.897500 4.692787 16.803420
21.410440 4.039191 19.933921
21.843125 3.676802 20.672153
22.162241 4.267126 18.705725
23.605601 3.937122 18.669554
24.154003 3.179254 17.605776
23.620259 2.859036 16.915224
24.438473 4.340798 19.748129
24.179060 -5.570909 20.476497
25.547226 2.928878 17.633726
25.784161 4.096835 19.739909
16.054836 3.321647 18.710658
16.950620 3.073012 18.746830
26.140567 2.103601 16.541997
16.445683 -5.810918 20.887539
21.055620 -4.693424 29.123188
15.416162 -4.558591 29.629593
15.254490 -3.671528 29.402697
16.540656 -5.204626 29.062354
17.152842 -4.742642 28.536220
14.734628 -6.486106 30.637469
14.126020 -6.939582 31.173469
16.689548 -6.567976 29.328710
17.440025 -7.012772 29.004808
15.759851 -7.271227 30.053789
15.813657 -8.705573 30.361249
14.502769 0.853893 30.407285
13.687397 1.298193 30.349740
16.862513 0.988685 30.484561
17.772780 -8.875918 30.448390
17.416133 22.178035 30.448390
14.475183 -0.488575 30.524022
16.935431 -0.389054 30.665420
15.805839 -1.092364 30.713101
15.859287 -2.006339 30.872586
18.315475 -1.066285 30.744340
13.315990 -1.279364 30.481273
24.848752 0.135100 23.281451
24.415540 0.957271 23.315979
16.531883 -1.114992 23.521500
17.438423 -1.163092 23.725377
15.968275 0.027414 23.572470
16.461417 0.784544 23.794433
24.902092 -2.188029 22.863832
24.479390 -2.958437 22.559661
24.149340 -1.030855 22.949329
22.706383 -0.987674 22.599121
22.021746 0.257693 22.513624
22.515063 1.042801 22.579391
21.950771 -2.163530 22.488961
22.376127 -2.988431 22.538286
20.547774 -2.111946 22.301526
20.696565 0.343815 22.342630
19.929520 -0.860317 22.173281
19.021468 -0.808884 21.979269
20.016355 1.700874 22.275219
19.748467 -3.387708 22.303170
15.016312 -5.699574 24.961793
15.681123 -6.337748 25.073597
23.123209 -4.834693 25.367904
23.177458 -4.487726 24.476763
23.373167 -4.158792 25.995977
22.217390 -5.116304 25.545474
23.790320 -7.080926 26.290283
23.785032 2.474615 25.760860
22.900456 -7.061847 26.647068
14.125914 -7.088643 27.012074
21.739518 -6.401370 32.475652
20.968610 -6.017151 32.123799
16.791525 -3.541308 16.819862
13.084431 -8.592212 32.431259
16.680387 -4.328273 17.370659
17.355872 -2.916402 17.278586
20.531819 -8.499715 32.784756
23.870343 -3.187009 16.584746
24.683261 -4.491409 16.893850
20.481146 -8.747519 31.867309
20.783152 -0.891795 28.340563
20.158116 4.329329 20.014485
14.540734 -5.188376 30.510868
15.889450 -2.274256 23.187734
24.001206 -5.963621 25.497793
25.785869 -2.939032 16.565016
18.193796 -5.937728 23.833893
18.055272 -4.043086 24.996321
17.497219 4.135838 20.940153
15.924833 -4.898152 21.665232
20.357824 -4.492348 22.431415
18.479369 -3.252053 22.193011
21.324342 -3.017865 31.965959
17.033797 1.731356 16.604476
18.769440 1.746124 21.992422
20.650926 2.668489 22.534998
20.556095 -3.555564 29.246501
21.991568 -5.192222 29.803875
22.429904 -0.708707 30.629248
13.407137 -2.532624 30.178746
18.347914 -2.300588 30.635825
19.317989 -0.405443 30.785445
15.282616 -4.697351 24.386334
12.450033 -5.784027 32.470719
20.925127 11.044844 6.770036
23.314177 8.895303 5.562721
24.742389 13.296822 13.846380
16.746264 10.953499 14.751003
25.182684 13.599179 10.757806
25.454685 12.711287 10.813708
25.190753 14.247807 9.503304
25.431611 13.790575 8.728900
24.826660 15.600776 9.460556
24.804703 16.036283 8.638471
24.475094 15.583956 11.788701
24.231934 16.045253 12.559817
24.506689 16.288430 10.576948
24.299077 7.405459 10.599966
24.725816 8.175852 11.578247
25.224721 7.799906 12.267155
24.443612 9.570780 11.604554
23.665569 10.085061 10.629561
23.433329 10.985196 10.655868
23.489040 7.917874 9.588801
23.024422 17.709579 8.931133
23.202726 9.287050 9.575648
22.467495 9.923608 8.426373
23.508237 19.921782 2.548464
22.712368 9.718158 2.624096
24.158913 20.195945 1.282453
23.830069 10.252284 0.577104
25.472833 19.818074 1.190379
25.894943 19.841447 0.361717
25.407883 19.187851 3.492218
25.840568 18.825462 4.230450
26.159684 19.415786 2.264022
27.603043 19.085782 2.227851
28.151446 18.327914 1.164073
27.617702 18.007696 0.473521
28.435916 19.489458 3.306426
28.176502 9.577751 4.034794
29.544669 18.077538 1.192023
29.781603 19.245495 3.298206
20.052279 18.470307 2.268955
20.948062 18.221672 2.305127
30.138009 17.252261 0.100294
20.443126 9.337742 4.445836
25.053063 10.455236 12.681486
19.413604 10.590069 13.187890
19.251933 11.477132 12.960994
20.538099 9.944034 12.620651
21.150285 10.406018 12.094517
18.732070 8.662554 14.195766
18.123463 8.209078 14.731766
20.686991 8.580683 12.887007
21.437467 8.135887 12.563105
19.757294 7.877433 13.612086
19.811099 6.443087 13.919546
18.500212 16.002552 13.965583
17.684840 16.446853 13.908037
20.859956 16.137345 14.042859
21.770223 6.272742 14.006687
18.472625 14.660085 14.082319
20.932873 14.759606 14.223717
19.803282 14.056296 14.271398
19.856730 13.142321 14.430883
22.312918 14.082375 14.302637
17.313432 13.869296 14.039570
28.846195 15.283760 6.839748
28.412983 16.105931 6.874276
20.529325 14.033668 7.079797
21.435866 13.985568 7.283674
19.965718 15.176074 7.130767
20.458860 15.933204 7.352730
28.899535 12.960631 6.422129
28.476833 12.190222 6.117958
28.146783 14.117805 6.507626
26.703826 14.160986 6.157418
26.019189 15.406353 6.071921
26.512506 16.191461 6.137688
25.948214 12.985130 6.047258
26.373570 12.160229 6.096583
24.545217 13.036714 5.859823
24.694008 15.492475 5.900927
23.926963 14.288343 5.731578
23.018911 14.339776 5.537566
24.013798 16.849534 5.833516
23.745910 11.760952 5.861467
19.013755 9.449086 8.520090
19.678566 8.810912 8.631894
27.120652 10.313967 8.926201
27.174900 10.660934 8.035060
27.370610 10.989868 9.554274
26.214832 10.032356 9.103771
27.787762 8.067734 9.848580
27.782475 17.623275 9.319157
26.897899 8.086813 10.205365
18.123357 8.060017 10.570371
25.736961 8.747290 16.033949
24.966053 9.131509 15.682096
20.788968 11.607352 0.378159
17.081873 6.556448 15.989556
20.677829 10.820387 0.928956
21.353314 12.232258 0.836883
24.529261 6.648945 16.343053
27.867786 11.961651 0.143043
28.680704 10.657251 0.452147
24.478588 6.401141 15.425606
24.780595 14.256864 11.898860
24.155559 19.477989 3.572782
18.538177 9.960284 14.069165
19.886893 12.874404 6.746031
27.998649 9.185039 9.056090
29.783312 12.209628 0.123313
22.191239 9.210932 7.392190
22.052715 11.105574 8.554618
21.494662 19.284498 4.498450
19.922275 10.250508 5.223529
24.355267 10.656312 5.989712
22.476812 11.896607 5.751308
25.321785 12.130794 15.524256
21.031240 16.880016 0.162773
22.766883 16.894783 5.550719
24.648368 17.817149 6.093295
24.553537 11.593096 12.804798
25.989010 9.956438 13.362172
26.427347 14.439953 14.187545
17.404580 12.616036 13.737043
22.345357 12.848071 14.194122
23.315432 14.743217 14.343742
19.280059 10.451309 7.944631
16.447475 9.364633 16.029016
16.808802 6.247501 23.211739
19.197851 4.097960 22.004424
20.626064 8.499479 30.288083
12.629938 6.156157 31.192706
21.066359 8.801836 27.199509
21.338360 7.913945 27.255411
21.074428 9.450465 25.945007
21.315285 8.993233 25.170603
20.710335 10.803433 25.902259
20.688378 11.238940 25.080174
20.358768 10.786614 28.230404
20.115609 11.247911 29.001520
20.390363 11.491088 27.018650
20.182751 2.608117 27.041669
20.609491 3.378509 28.019950
21.108396 3.002563 28.708858
20.327287 4.773437 28.046257
19.549244 5.287719 27.071264
19.317003 6.187854 27.097571
19.372715 3.120531 26.030504
18.908097 12.912236 25.372836
19.086400 4.489708 26.017351
18.351170 5.126265 24.868076
19.391912 15.124439 18.990167
18.596043 4.920816 19.065799
20.042588 15.398603 17.724156
19.713743 5.454942 17.018807
21.356508 15.020731 17.632082
21.778618 15.044104 16.803420
21.291557 14.390509 19.933921
21.724243 14.028119 20.672153
22.043359 14.618443 18.705725
23.486718 14.288439 18.669554
24.035121 13.530571 17.605776
23.501376 13.210353 16.915224
24.319591 14.692115 19.748129
24.060177 4.780408 20.476497
25.428343 13.280195 17.633726
25.665278 14.448152 19.739909
15.935954 13.672964 18.710658
16.831737 13.424330 18.746830
26.021684 12.454918 16.541997
16.326800 4.540400 20.887539
20.936738 5.657894 29.123188
15.297279 5.792726 29.629593
15.135608 6.679789 29.402697
16.421774 5.146692 29.062354
17.033960 5.608676 28.536220
14.615745 3.865212 30.637469
14.007138 3.411735 31.173469
16.570666 3.783341 29.328710
17.321142 3.338545 29.004808
15.640969 3.080091 30.053789
15.694774 1.645744 30.361249
14.383887 11.205210 30.407285
13.568514 11.649510 30.349740
16.743631 11.340002 30.484561
17.653898 1.475400 30.448390
14.356300 9.862742 30.524022
16.816548 9.962263 30.665420
15.686957 9.258953 30.713101
15.740405 8.344978 30.872586
18.196593 9.285033 30.744340
13.197107 9.071953 30.481273
24.729870 10.486417 23.281451
24.296658 11.308589 23.315979
16.413000 9.236326 23.521500
17.319541 9.188225 23.725377
15.849393 10.378731 23.572470
16.342535 11.135862 23.794433
24.783210 8.163288 22.863832
24.360508 7.392880 22.559661
24.030458 9.320463 22.949329
22.587501 9.363644 22.599121
21.902864 10.609010 22.513624
22.396180 11.394118 22.579391
21.831888 8.187787 22.488961
22.257245 7.362887 22.538286
20.428892 8.239371 22.301526
20.577683 10.695132 22.342630
19.810638 9.491000 22.173281
18.902586 9.542433 21.979269
19.897473 12.052191 22.275219
19.629584 6.963609 22.303170
14.897430 4.651744 24.961793
15.562240 4.013570 25.073597
23.004326 5.516624 25.367904
23.058575 5.863591 24.476763
23.254285 6.192525 25.995977
22.098507 5.235014 25.545474
23.671437 3.270392 26.290283
23.666150 12.825933 25.760860
22.781573 3.289470 26.647068
14.007032 3.262674 27.012074
21.620636 3.949948 32.475652
20.849728 4.334167 32.123799
16.672642 6.810010 16.819862
12.965548 1.759105 32.431259
16.561504 6.023044 17.370659
17.236989 7.434916 17.278586
20.412936 1.851602 32.784756
23.751461 7.164308 16.584746
24.564378 5.859909 16.893850
20.362263 1.603798 31.867309
20.664269 9.459522 28.340563
20.039234 14.680646 20.014485
14.421852 5.162942 30.510868
15.770568 8.077062 23.187734
23.882323 4.387696 25.497793
25.666987 7.412286 16.565016
18.074914 4.413589 23.833893
17.936390 6.308231 24.996321
17.378337 14.487156 20.940153
15.805950 5.453165 21.665232
20.238942 5.858969 22.431415
18.360487 7.099265 22.193011
21.205459 7.333452 31.965959
16.914914 12.082673 16.604476
18.650557 12.097441 21.992422
20.532043 13.019806 22.534998
20.437212 6.795753 29.246501
21.872685 5.159095 29.803875
22.311022 9.642610 30.629248
13.288255 7.818693 30.178746
18.229032 8.050729 30.635825
19.199106 9.945875 30.785445
15.163734 5.653967 24.386334
12.331150 4.567290 32.470719
20.806244 21.396161 6.770036
23.195294 19.246620 5.562721
24.623507 23.648139 13.846380
16.627381 21.304817 14.751003
25.063802 23.950496 10.757806
25.335802 23.062604 10.813708
25.071871 24.599125 9.503304
25.312728 24.141892 8.728900
24.707778 25.952093 9.460556
24.685821 26.387600 8.638471
24.356211 25.935274 11.788701
24.113052 26.396571 12.559817
24.387806 26.639748 10.576948
24.180194 17.756777 10.599966
24.606934 18.527169 11.578247
25.105839 18.151223 12.267155
24.324730 19.922097 11.604554
23.546686 20.436379 10.629561
23.314446 21.336513 10.655868
23.370157 18.269191 9.588801
22.905540 28.060896 8.931133
23.083843 19.638368 9.575648
22.348613 20.274925 8.426373
23.389354 30.273099 2.548464
22.593486 20.069476 2.624096
24.040031 30.547262 1.282453
23.711186 20.603602 0.577104
25.353951 30.169391 1.190379
25.776061 30.192764 0.361717
25.289000 29.539168 3.492218
25.721686 29.176779 4.230450
26.040801 29.767103 2.264022
27.484161 29.437099 2.227851
28.032563 28.679231 1.164073
27.498819 28.359013 0.473521
28.317034 29.840775 3.306426
28.057620 19.929068 4.034794
29.425786 28.428855 1.192023
29.662721 29.596812 3.298206
19.933397 28.821624 2.268955
20.829180 28.572989 2.305127
30.019127 27.603578 0.100294
20.324243 19.689059 4.445836
24.934180 20.806554 12.681486
19.294722 20.941386 13.187890
19.133050 21.828449 12.960994
20.419217 20.295351 12.620651
21.031402 20.757336 12.094517
18.613188 19.013871 14.195766
18.004580 18.560395 14.731766
20.568108 18.932001 12.887007
21.318585 18.487205 12.563105
19.638412 18.228750 13.612086
19.692217 16.794404 13.919546
18.381330 26.353870 13.965583
17.565957 26.798170 13.908037
20.741073 26.488662 14.042859
21.651340 16.624060 14.006687
18.353743 25.011402 14.082319
20.813991 25.110923 14.223717
19.684400 24.407613 14.271398
19.737847 23.493638 14.430883
22.194035 24.433692 14.302637
17.194550 24.220613 14.039570
28.727312 25.635077 6.839748
28.294100 26.457248 6.874276
20.410443 24.384986 7.079797
21.316983 24.336885 7.283674
19.846835 25.527391 7.130767
20.339977 26.284522 7.352730
28.780652 23.311948 6.422129
28.357950 22.541540 6.117958
28.027900 24.469123 6.507626
26.584943 24.512303 6.157418
25.900306 25.757670 6.071921
26.393623 26.542778 6.137688
25.829331 23.336447 6.047258
26.254687 22.511547 6.096583
24.426334 23.388031 5.859823
24.575126 25.843792 5.900927
23.808080 24.639660 5.731578
22.900028 24.691093 5.537566
23.894915 27.200851 5.833516
23.627027 22.112269 5.861467
18.894873 19.800403 8.520090
19.559683 19.162229 8.631894
27.001769 20.665284 8.926201
27.056018 21.012251 8.035060
27.251727 21.341185 9.554274
26.095950 20.383674 9.103771
27.668880 18.419052 9.848580
27.663592 27.974592 9.319157
26.779016 18.438130 10.205365
18.004475 18.411334 10.570371
25.618079 19.098608 16.033949
24.847170 19.482827 15.682096
20.670085 21.958670 0.378159
16.962991 16.907765 15.989556
20.558947 21.171704 0.928956
21.234432 22.583575 0.836883
24.410379 17.000262 16.343053
27.748903 22.312968 0.143043
28.561821 21.008569 0.452147
24.359706 16.752458 15.425606
24.661712 24.608182 11.898860
24.036677 29.829306 3.572782
18.419295 20.311601 14.069165
19.768010 23.225722 6.746031
27.879766 19.536356 9.056090
29.664429 22.560946 0.123313
22.072356 19.562249 7.392190
21.933833 21.456891 8.554618
21.375779 29.635816 4.498450
19.803393 20.601825 5.223529
24.236384 21.007629 5.989712
22.357929 22.247925 5.751308
25.202902 22.482112 15.524256
20.912357 27.231333 0.162773
22.648000 27.246101 5.550719
24.529486 28.168466 6.093295
24.434655 21.944413 12.804798
25.870128 20.307755 13.362172
26.308464 24.791270 14.187545
17.285697 22.967353 13.737043
22.226474 23.199389 14.194122
23.196549 25.094535 14.343742
19.161176 20.802627 7.944631
16.328593 19.715950 16.029016
16.689919 16.598819 23.211739
19.078969 14.449278 22.004424
20.507181 18.850797 30.288083
12.511056 16.507474 31.192706
20.947476 19.153154 27.199509
21.219477 18.265262 27.255411
20.955545 19.801782 25.945007
21.196403 19.344550 25.170603
20.591452 21.154751 25.902259
20.569496 21.590258 25.080174
20.239886 21.137931 28.230404
19.996726 21.599228 29.001520
20.271481 21.842405 27.018650
20.063869 12.959434 27.041669
20.490609 13.729827 28.019950
20.989514 13.353881 28.708858
20.208404 15.124754 28.046257
19.430361 15.639036 27.071264
19.198121 16.539171 27.097571
19.253832 13.471848 26.030504
18.789214 23.263554 25.372836
18.967518 14.841025 26.017351
18.232288 15.477583 24.868076
19.273029 25.475757 18.990167
18.477161 15.272133 19.065799
19.923705 25.749920 17.724156
19.594861 15.806259 17.018807
21.237625 25.372049 17.632082
21.659735 25.395422 16.803420
21.172675 24.741826 19.933921
21.605360 24.379437 20.672153
21.924476 24.969761 18.705725
23.367836 24.639757 18.669554
23.916238 23.881889 17.605776
23.382494 23.561671 16.915224
24.200708 25.043432 19.748129
23.941295 15.131726 20.476497
25.309461 23.631512 17.633726
25.546396 24.799470 19.739909
15.817071 24.024281 18.710658
16.712855 23.775647 18.746830
25.902802 22.806235 16.541997
16.207918 14.891717 20.887539
20.817855 16.009211 29.123188
15.178397 16.144044 29.629593
15.016725 17.031107 29.402697
16.302891 15.498009 29.062354
16.915077 15.959993 28.536220
14.496863 14.216529 30.637469
13.888255 13.763053 31.173469
16.451783 14.134658 29.328710
17.202260 13.689862 29.004808
15.522086 13.431408 30.053789
15.575892 11.997062 30.361249
14.265004 21.556527 30.407285
13.449632 22.000827 30.349740
16.624748 21.691320 30.484561
17.535015 11.826717 30.448390
14.237418 20.214060 30.524022
16.697666 20.313580 30.665420
15.568074 19.610270 30.713101
15.621522 18.696296 30.872586
18.077710 19.636350 30.744340
13.078225 19.423270 30.481273
24.610987 20.837734 23.281451
24.177775 21.659906 23.315979
16.294117 19.587643 23.521500
17.200658 19.539542 23.725377
15.730510 20.730049 23.572470
16.223652 21.487179 23.794433
24.664327 18.514606 22.863832
24.241625 17.744197 22.559661
23.911575 19.671780 22.949329
22.468618 19.714961 22.599121
21.783981 20.960327 22.513624
22.277298 21.745435 22.579391
21.713006 18.539104 22.488961
22.138362 17.714204 22.538286
20.310009 18.590689 22.301526
20.458800 21.046449 22.342630
19.691755 19.842317 22.173281
18.783703 19.893750 21.979269
19.778590 22.403509 22.275219
19.510702 17.314927 22.303170
14.778547 15.003061 24.961793
15.443358 14.364887 25.073597
22.885444 15.867942 25.367904
22.939693 16.214909 24.476763
23.135402 16.543842 25.995977
21.979625 15.586331 25.545474
23.552555 13.621709 26.290283
23.547267 23.177250 25.760860
22.662691 13.640787 26.647068
13.888149 13.613992 27.012074
21.501753 14.301265 32.475652
20.730845 14.685484 32.123799
16.553760 17.161327 16.819862
12.846666 12.110422 32.431259
16.442622 16.374362 17.370659
17.118107 17.786233 17.278586
20.294054 12.202919 32.784756
23.632578 17.515626 16.584746
24.445496 16.211226 16.893850
20.243381 11.955116 31.867309
20.545387 19.810839 28.340563
19.920351 25.031964 20.014485
14.302969 15.514259 30.510868
15.651685 18.428379 23.187734
23.763441 14.739014 25.497793
25.548104 17.763603 16.565016
17.956031 14.764906 23.833893
17.817507 16.659549 24.996321
17.259454 24.838473 20.940153
15.687068 15.804483 21.665232
20.120059 16.210287 22.431415
18.241604 17.450582 22.193011
21.086577 17.684769 31.965959
16.796032 22.433990 16.604476
18.531675 22.448758 21.992422
20.413161 23.371123 22.534998
20.318330 17.147070 29.246501
21.753803 15.510413 29.803875
22.192139 19.993927 30.629248
13.169372 18.170011 30.178746
18.110149 18.402046 30.635825
19.080224 20.297192 30.785445
15.044851 16.005284 24.386334
12.212268 14.918608 32.470719
POINT_DATA 2322
SCALARS my_scalars float
LOOKUP_TABLE default
2
2
2
2
2
1.7
1.09
1.7
1.09
1.7
1.09
1.7
1.09
1.7
1.7
1.7
1.09
1.7
1.7
1.09
1.7
1.09
1.7
1.7
1.7
1.09
1.7
1.09
1.7
1.09
1.7
1.09
1.7
1.7
1.7
1.09
1.7
1.09
1.7
1.7
1.7
1.09
1.7
1.7
1.7
1.7
1.09
1.7
1.09
1.7
1.09
1.7
1.09
1.7
1.7
1.7
1.09
1.7
1.09
1.09
1.7
1.7
1.7
1.09
1.7
1.7
1.7
1.09
1.7
1.09
1.7
1.09
1.7
1.09
1.7
1.7
1.7
1.09
1.7
1.09
1.7
1.7
1.7
1.09
1.7
1.7
1.7
1.09
1.7
1.09
1.09
1.09
1.7
1.09
1.09
1.09
1.7
1.09
1.7
1.09
1.09
1.09
1.7
1.09
1.09
1.09
1.55
1.55
1.55
1.55
1.55
1.55
1.52
1.52
1.52
1.52
1.52
1.52
1.52
1.52
1.52
1.52
1.52
1.52
1.52
1.52
1.52
1.52
1.52
1.52
1.52
2
2
2
2
2
1.7
1.09
1.7
1.09
1.7
1.09
1.7
1.09
1.7
1.7
1.7
1.09
1.7
1.7
1.09
1.7
1.09
1.7
1.7
1.7
1.09
1.7
1.09
1.7
1.09
1.7
1.09
1.7
1.7
1.7
1.09
1.7
1.09
1.7
1.7
1.7
1.09
1.7
1.7
1.7
1.7
1.09
1.7
1.09
1.7
1.09
1.7
1.09
1.7
1.7
1.7
1.09
1.7
1.09
1.09
1.7
1.7
1.7
1.09
1.7
1.7
1.7
1.09
1.7
1.09
1.7
1.09
1.7
1.09
1.7
1.7
1.7
1.09
1.7
1.09
1.7
1.7
1.7
1.09
1.7
1.7
1.7
1.09
1.7
1.09
1.09
1.09
1.7
1.09
1.09
1.09
1.7
1.09
1.7
1.09
1.09
1.09
1.7
1.09
1.09
1.09
1.55
1.55
1.55
1.55
1.55
1.55
1.52
1.52
1.52
1.52
1.52
1.52
1.52
1.52
1.52
1.52
1.52
1.52
1.52
1.52
1.52
1.52
1.52
1.52
1.52
2
2
2
2
2
1.7
1.09
1.7
1.09
1.7
1.09
1.7
1.09
1.7
1.7
1.7
1.09
1.7
1.7
1.09
1.7
1.09
1.7
1.7
1.7
1.09
1.7
1.09
1.7
1.09
1.7
1.09
1.7
1.7
1.7
1.09
1.7
1.09
1.7
1.7
1.7
1.09
1.7
1.7
1.7
1.7
1.09
1.7
1.09
1.7
1.09
1.7
1.09
1.7
1.7
1.7
1.09
1.7
1.09
1.7
1.7
1.7
1.09
1.7
1.7
1.7
1.09
1.7
1.09
1.7
1.09
1.7
1.09
1.7
1.7
1.7
1.09
1.7
1.09
1.7
1.7
1.7
1.09
1.7
1.7
1.7
1.09
1.7
1.09
1.09
1.09
1.7
1.09
1.09
1.09
1.7
1.09
1.7
1.09
1.09
1.09
1.7
1.09
1.09
1.09
1.55
1.55
1.55
1.55
1.55
1.55
1.52
1.52
1.52
1.52
1.52
1.52
1.52
1.52
1.52
1.52
1.52
1.52
1.52
1.52
1.52
1.52
1.52
1.52
1.52
2
2
2
2
2
1.7
1.09
1.7
1.09
1.7
1.09
1.7
1.09
1.7
1.7
1.7
1.09
1.7
1.7
1.09
1.7
1.09
1.7
1.7
1.7
1.09
1.7
1.09
1.7
1.09
1.7
1.09
1.7
1.7
1.7
1.09
1.7
1.09
1.7
1.7
1.7
1.09
1.7
1.7
1.7
1.7
1.09
1.7
1.09
1.7
1.09
1.7
1.09
1.7
1.7
1.7
1.09
1.7
1.09
1.7
1.7
1.7
1.09
1.7
1.7
1.7
1.09
1.7
1.09
1.7
1.09
1.7
1.09
1.7
1.7
1.7
1.09
1.7
1.09
1.7
1.7
1.7
1.09
1.7
1.7
1.7
1.09
1.7
1.09
1.09
1.09
1.7
1.09
1.09
1.09
1.7
1.09
1.7
1.09
1.09
1.09
1.7
1.09
1.09
1.09
1.55
1.55
1.55
1.55
1.55
1.55
1.52
1.52
1.52
1.52
1.52
1.52
1.52
1.52
1.52
1.52
1.52
1.52
1.52
1.52
1.52
1.52
1.52
1.52
1.52
2
2
2
2
2
1.7
1.09
1.7
1.09
1.7
1.09
1.7
1.09
1.7
1.7
1.7
1.09
1.7
1.7
1.09
1.7
1.09
1.7
1.7
1.7
1.09
1.7
1.09
1.7
1.09
1.7
1.09
1.7
1.7
1.7
1.09
1.7
1.09
1.7
1.7
1.7
1.09
1.7
1.7
1.7
1.7
1.09
1.7
1.09
1.7
1.09
1.7
1.09
1.7
1.7
1.7
1.09
1.7
1.09
1.7
1.7
1.7
1.09
1.7
1.7
1.7
1.09
1.7
1.09
1.7
1.09
1.7
1.09
1.7
1.7
1.7
1.09
1.7
1.09
1.7
1.7
1.7
1.09
1.7
1.7
1.7
1.09
1.7
1.09
1.09
1.09
1.7
1.09
1.09
1.09
1.7
1.09
1.7
1.09
1.09
1.09
1.7
1.09
1.09
1.09
1.55
1.55
1.55
1.55
1.55
1.55
1.52
1.52
1.52
1.52
1.52
1.52
1.52
1.52
1.52
1.52
1.52
1.52
1.52
1.52
1.52
1.52
1.52
1.52
1.52
2
2
2
2
2
1.7
1.09
1.7
1.09
1.7
1.09
1.7
1.09
1.7
1.7
1.7
1.09
1.7
1.7
1.09
1.7
1.09
1.7
1.7
1.7
1.09
1.7
1.09
1.7
1.09
1.7
1.09
1.7
1.7
1.7
1.09
1.7
1.09
1.7
1.7
1.7
1.09
1.7
1.7
1.7
1.7
1.09
1.7
1.09
1.7
1.09
1.7
1.09
1.7
1.7
1.7
1.09
1.7
1.09
1.7
1.7
1.7
1.09
1.7
1.7
1.7
1.09
1.7
1.09
1.7
1.09
1.7
1.09
1.7
1.7
1.7
1.09
1.7
1.09
1.7
1.7
1.7
1.09
1.7
1.7
1.7
1.09
1.7
1.09
1.09
1.09
1.7
1.09
1.09
1.09
1.7
1.09
1.7
1.09
1.09
1.09
1.7
1.09
1.09
1.09
1.55
1.55
1.55
1.55
1.55
1.55
1.52
1.52
1.52
1.52
1.52
1.52
1.52
1.52
1.52
1.52
1.52
1.52
1.52
1.52
1.52
1.52
1.52
1.52
1.52
2
2
2
2
1.7
1.09
1.7
1.09
1.7
1.09
1.7
1.09
1.7
1.7
1.7
1.09
1.7
1.7
1.09
1.7
1.09
1.7
1.7
1.7
1.09
1.7
1.09
1.7
1.09
1.7
1.09
1.7
1.7
1.7
1.09
1.7
1.09
1.7
1.7
1.7
1.09
1.7
1.7
1.7
1.7
1.09
1.7
1.09
1.7
1.09
1.7
1.09
1.7
1.7
1.7
1.09
1.7
1.09
1.09
1.7
1.7
1.7
1.09
1.7
1.7
1.7
1.09
1.7
1.09
1.7
1.09
1.7
1.09
1.7
1.7
1.7
1.09
1.7
1.09
1.7
1.7
1.7
1.09
1.7
1.7
1.7
1.09
1.7
1.09
1.09
1.09
1.7
1.09
1.09
1.09
1.7
1.09
1.7
1.09
1.09
1.09
1.7
1.09
1.09
1.09
1.55
1.55
1.55
1.55
1.55
1.55
1.52
1.52
1.52
1.52
1.52
1.52
1.52
1.52
1.52
1.52
1.52
1.52
1.52
1.52
1.52
1.52
1.52
1.52
2
2
2
2
1.7
1.09
1.7
1.09
1.7
1.09
1.7
1.09
1.7
1.7
1.7
1.09
1.7
1.7
1.09
1.7
1.09
1.7
1.7
1.7
1.09
1.7
1.09
1.7
1.09
1.7
1.09
1.7
1.7
1.7
1.09
1.7
1.09
1.7
1.7
1.7
1.09
1.7
1.7
1.7
1.7
1.09
1.7
1.09
1.7
1.09
1.7
1.09
1.7
1.7
1.7
1.09
1.7
1.09
1.09
1.7
1.7
1.7
1.09
1.7
1.7
1.7
1.09
1.7
1.09
1.7
1.09
1.7
1.09
1.7
1.7
1.7
1.09
1.7
1.09
1.7
1.7
1.7
1.09
1.7
1.7
1.7
1.09
1.7
1.09
1.09
1.09
1.7
1.09
1.09
1.09
1.7
1.09
1.7
1.09
1.09
1.09
1.7
1.09
1.09
1.09
1.55
1.55
1.55
1.55
1.55
1.55
1.52
1.52
1.52
1.52
1.52
1.52
1.52
1.52
1.52
1.52
1.52
1.52
1.52
1.52
1.52
1.52
1.52
1.52
2
2
2
2
1.7
1.09
1.7
1.09
1.7
1.09
1.7
1.09
1.7
1.7
1.7
1.09
1.7
1.7
1.09
1.7
1.09
1.7
1.7
1.7
1.09
1.7
1.09
1.7
1.09
1.7
1.09
1.7
1.7
1.7
1.09
1.7
1.09
1.7
1.7
1.7
1.09
1.7
1.7
1.7
1.7
1.09
1.7
1.09
1.7
1.09
1.7
1.09
1.7
1.7
1.7
1.09
1.7
1.09
1.7
1.7
1.7
1.09
1.7
1.7
1.7
1.09
1.7
1.09
1.7
1.09
1.7
1.09
1.7
1.7
1.7
1.09
1.7
1.09
1.7
1.7
1.7
1.09
1.7
1.7
1.7
1.09
1.7
1.09
1.09
1.09
1.7
1.09
1.09
1.09
1.7
1.09
1.7
1.09
1.09
1.09
1.7
1.09
1.09
1.09
1.55
1.55
1.55
1.55
1.55
1.55
1.52
1.52
1.52
1.52
1.52
1.52
1.52
1.52
1.52
1.52
1.52
1.52
1.52
1.52
1.52
1.52
1.52
1.52
2
2
2
2
1.7
1.09
1.7
1.09
1.7
1.09
1.7
1.09
1.7
1.7
1.7
1.09
1.7
1.7
1.09
1.7
1.09
1.7
1.7
1.7
1.09
1.7
1.09
1.7
1.09
1.7
1.09
1.7
1.7
1.7
1.09
1.7
1.09
1.7
1.7
1.7
1.09
1.7
1.7
1.7
1.7
1.09
1.7
1.09
1.7
1.09
1.7
1.09
1.7
1.7
1.7
1.09
1.7
1.09
1.7
1.7
1.7
1.09
1.7
1.7
1.7
1.09
1.7
1.09
1.7
1.09
1.7
1.09
1.7
1.7
1.7
1.09
1.7
1.09
1.7
1.7
1.7
1.09
1.7
1.7
1.7
1.09
1.7
1.09
1.09
1.09
1.7
1.09
1.09
1.09
1.7
1.09
1.7
1.09
1.09
1.09
1.7
1.09
1.09
1.09
1.55
1.55
1.55
1.55
1.55
1.55
1.52
1.52
1.52
1.52
1.52
1.52
1.52
1.52
1.52
1.52
1.52
1.52
1.52
1.52
1.52
1.52
1.52
1.52
2
2
2
2
1.7
1.09
1.7
1.09
1.7
1.09
1.7
1.09
1.7
1.7
1.7
1.09
1.7
1.7
1.09
1.7
1.09
1.7
1.7
1.7
1.09
1.7
1.09
1.7
1.09
1.7
1.09
1.7
1.7
1.7
1.09
1.7
1.09
1.7
1.7
1.7
1.09
1.7
1.7
1.7
1.7
1.09
1.7
1.09
1.7
1.09
1.7
1.09
1.7
1.7
1.7
1.09
1.7
1.09
1.7
1.7
1.7
1.09
1.7
1.7
1.7
1.09
1.7
1.09
1.7
1.09
1.7
1.09
1.7
1.7
1.7
1.09
1.7
1.09
1.7
1.7
1.7
1.09
1.7
1.7
1.7
1.09
1.7
1.09
1.09
1.09
1.7
1.09
1.09
1.09
1.7
1.09
1.7
1.09
1.09
1.09
1.7
1.09
1.09
1.09
1.55
1.55
1.55
1.55
1.55
1.55
1.52
1.52
1.52
1.52
1.52
1.52
1.52
1.52
1.52
1.52
1.52
1.52
1.52
1.52
1.52
1.52
1.52
1.52
2
2
2
2
1.7
1.09
1.7
1.09
1.7
1.09
1.7
1.09
1.7
1.7
1.7
1.09
1.7
1.7
1.09
1.7
1.09
1.7
1.7
1.7
1.09
1.7
1.09
1.7
1.09
1.7
1.09
1.7
1.7
1.7
1.09
1.7
1.09
1.7
1.7
1.7
1.09
1.7
1.7
1.7
1.7
1.09
1.7
1.09
1.7
1.09
1.7
1.09
1.7
1.7
1.7
1.09
1.7
1.09
1.7
1.7
1.7
1.09
1.7
1.7
1.7
1.09
1.7
1.09
1.7
1.09
1.7
1.09
1.7
1.7
1.7
1.09
1.7
1.09
1.7
1.7
1.7
1.09
1.7
1.7
1.7
1.09
1.7
1.09
1.09
1.09
1.7
1.09
1.09
1.09
1.7
1.09
1.7
1.09
1.09
1.09
1.7
1.09
1.09
1.09
1.55
1.55
1.55
1.55
1.55
1.55
1.52
1.52
1.52
1.52
1.52
1.52
1.52
1.52
1.52
1.52
1.52
1.52
1.52
1.52
1.52
1.52
1.52
1.52
2
2
2
2
1.7
1.09
1.7
1.09
1.7
1.09
1.7
1.09
1.7
1.7
1.7
1.09
1.7
1.7
1.09
1.7
1.09
1.7
1.7
1.7
1.09
1.7
1.09
1.7
1.09
1.7
1.09
1.7
1.7
1.7
1.09
1.7
1.09
1.7
1.7
1.7
1.09
1.7
1.7
1.7
1.7
1.09
1.7
1.09
1.7
1.09
1.7
1.09
1.7
1.7
1.7
1.09
1.7
1.09
1.09
1.7
1.7
1.7
1.09
1.7
1.7
1.7
1.09
1.7
1.09
1.7
1.09
1.7
1.09
1.7
1.7
1.7
1.09
1.7
1.09
1.7
1.7
1.7
1.09
1.7
1.7
1.7
1.09
1.7
1.09
1.09
1.09
1.7
1.09
1.09
1.09
1.7
1.09
1.7
1.09
1.09
1.09
1.7
1.09
1.09
1.09
1.55
1.55
1.55
1.55
1.55
1.55
1.52
1.52
1.52
1.52
1.52
1.52
1.52
1.52
1.52
1.52
1.52
1.52
1.52
1.52
1.52
1.52
1.52
1.52
2
2
2
2
1.7
1.09
1.7
1.09
1.7
1.09
1.7
1.09
1.7
1.7
1.7
1.09
1.7
1.7
1.09
1.7
1.09
1.7
1.7
1.7
1.09
1.7
1.09
1.7
1.09
1.7
1.09
1.7
1.7
1.7
1.09
1.7
1.09
1.7
1.7
1.7
1.09
1.7
1.7
1.7
1.7
1.09
1.7
1.09
1.7
1.09
1.7
1.09
1.7
1.7
1.7
1.09
1.7
1.09
1.09
1.7
1.7
1.7
1.09
1.7
1.7
1.7
1.09
1.7
1.09
1.7
1.09
1.7
1.09
1.7
1.7
1.7
1.09
1.7
1.09
1.7
1.7
1.7
1.09
1.7
1.7
1.7
1.09
1.7
1.09
1.09
1.09
1.7
1.09
1.09
1.09
1.7
1.09
1.7
1.09
1.09
1.09
1.7
1.09
1.09
1.09
1.55
1.55
1.55
1.55
1.55
1.55
1.52
1.52
1.52
1.52
1.52
1.52
1.52
1.52
1.52
1.52
1.52
1.52
1.52
1.52
1.52
1.52
1.52
1.52
2
2
2
2
1.7
1.09
1.7
1.09
1.7
1.09
1.7
1.09
1.7
1.7
1.7
1.09
1.7
1.7
1.09
1.7
1.09
1.7
1.7
1.7
1.09
1.7
1.09
1.7
1.09
1.7
1.09
1.7
1.7
1.7
1.09
1.7
1.09
1.7
1.7
1.7
1.09
1.7
1.7
1.7
1.7
1.09
1.7
1.09
1.7
1.09
1.7
1.09
1.7
1.7
1.7
1.09
1.7
1.09
1.7
1.7
1.7
1.09
1.7
1.7
1.7
1.09
1.7
1.09
1.7
1.09
1.7
1.09
1.7
1.7
1.7
1.09
1.7
1.09
1.7
1.7
1.7
1.09
1.7
1.7
1.7
1.09
1.7
1.09
1.09
1.09
1.7
1.09
1.09
1.09
1.7
1.09
1.7
1.09
1.09
1.09
1.7
1.09
1.09
1.09
1.55
1.55
1.55
1.55
1.55
1.55
1.52
1.52
1.52
1.52
1.52
1.52
1.52
1.52
1.52
1.52
1.52
1.52
1.52
1.52
1.52
1.52
1.52
1.52
2
2
2
2
1.7
1.09
1.7
1.09
1.7
1.09
1.7
1.09
1.7
1.7
1.7
1.09
1.7
1.7
1.09
1.7
1.09
1.7
1.7
1.7
1.09
1.7
1.09
1.7
1.09
1.7
1.09
1.7
1.7
1.7
1.09
1.7
1.09
1.7
1.7
1.7
1.09
1.7
1.7
1.7
1.7
1.09
1.7
1.09
1.7
1.09
1.7
1.09
1.7
1.7
1.7
1.09
1.7
1.09
1.7
1.7
1.7
1.09
1.7
1.7
1.7
1.09
1.7
1.09
1.7
1.09
1.7
1.09
1.7
1.7
1.7
1.09
1.7
1.09
1.7
1.7
1.7
1.09
1.7
1.7
1.7
1.09
1.7
1.09
1.09
1.09
1.7
1.09
1.09
1.09
1.7
1.09
1.7
1.09
1.09
1.09
1.7
1.09
1.09
1.09
1.55
1.55
1.55
1.55
1.55
1.55
1.52
1.52
1.52
1.52
1.52
1.52
1.52
1.52
1.52
1.52
1.52
1.52
1.52
1.52
1.52
1.52
1.52
1.52
2
2
2
2
1.7
1.09
1.7
1.09
1.7
1.09
1.7
1.09
1.7
1.7
1.7
1.09
1.7
1.7
1.09
1.7
1.09
1.7
1.7
1.7
1.09
1.7
1.09
1.7
1.09
1.7
1.09
1.7
1.7
1.7
1.09
1.7
1.09
1.7
1.7
1.7
1.09
1.7
1.7
1.7
1.7
1.09
1.7
1.09
1.7
1.09
1.7
1.09
1.7
1.7
1.7
1.09
1.7
1.09
1.7
1.7
1.7
1.09
1.7
1.7
1.7
1.09
1.7
1.09
1.7
1.09
1.7
1.09
1.7
1.7
1.7
1.09
1.7
1.09
1.7
1.7
1.7
1.09
1.7
1.7
1.7
1.09
1.7
1.09
1.09
1.09
1.7
1.09
1.09
1.09
1.7
1.09
1.7
1.09
1.09
1.09
1.7
1.09
1.09
1.09
1.55
1.55
1.55
1.55
1.55
1.55
1.52
1.52
1.52
1.52
1.52
1.52
1.52
1.52
1.52
1.52
1.52
1.52
1.52
1.52
1.52
1.52
1.52
1.52
2
2
2
2
1.7
1.09
1.7
1.09
1.7
1.09
1.7
1.09
1.7
1.7
1.7
1.09
1.7
1.7
1.09
1.7
1.09
1.7
1.7
1.7
1.09
1.7
1.09
1.7
1.09
1.7
1.09
1.7
1.7
1.7
1.09
1.7
1.09
1.7
1.7
1.7
1.09
1.7
1.7
1.7
1.7
1.09
1.7
1.09
1.7
1.09
1.7
1.09
1.7
1.7
1.7
1.09
1.7
1.09
1.7
1.7
1.7
1.09
1.7
1.7
1.7
1.09
1.7
1.09
1.7
1.09
1.7
1.09
1.7
1.7
1.7
1.09
1.7
1.09
1.7
1.7
1.7
1.09
1.7
1.7
1.7
1.09
1.7
1.09
1.09
1.09
1.7
1.09
1.09
1.09
1.7
1.09
1.7
1.09
1.09
1.09
1.7
1.09
1.09
1.09
1.55
1.55
1.55
1.55
1.55
1.55
1.52
1.52
1.52
1.52
1.52
1.52
1.52
1.52
1.52
1.52
1.52
1.52
1.52
1.52
1.52
1.52
1.52
1.52
VECTORS vectors float
0.4375 0 0
0.4375 0 0
0.4375 0 0
0.4375 0 0
0.4375 0 0
0.3125 0 0
0.25 0 0
0.3125 0 0
0.25 0 0
0.3125 0 0
0.25 0 0
0.3125 0 0
0.25 0 0
0.3125 0 0
0.3125 0 0
0.3125 0 0
0.25 0 0
0.3125 0 0
0.3125 0 0
0.25 0 0
0.3125 0 0
0.25 0 0
0.3125 0 0
0.3125 0 0
0.3125 0 0
0.25 0 0
0.3125 0 0
0.25 0 0
0.3125 0 0
0.25 0 0
0.3125 0 0
0.25 0 0
0.3125 0 0
0.3125 0 0
0.3125 0 0
0.25 0 0
0.3125 0 0
0.25 0 0
0.3125 0 0
0.3125 0 0
0.3125 0 0
0.25 0 0
0.3125 0 0
0.3125 0 0
0.3125 0 0
0.3125 0 0
0.25 0 0
0.3125 0 0
0.25 0 0
0.3125 0 0
0.25 0 0
0.3125 0 0
0.25 0 0
0.3125 0 0
0.3125 0 0
0.3125 0 0
0.25 0 0
0.3125 0 0
0.25 0 0
0.25 0 0
0.3125 0 0
0.3125 0 0
0.3125 0 0
0.25 0 0
0.3125 0 0
0.3125 0 0
0.3125 0 0
0.25 0 0
0.3125 0 0
0.25 0 0
0.3125 0 0
0.25 0 0
0.3125 0 0
0.25 0 0
0.3125 0 0
0.3125 0 0
0.3125 0 0
0.25 0 0
0.3125 0 0
0.25 0 0
0.3125 0 0
0.3125 0 0
0.3125 0 0
0.25 0 0
0.3125 0 0
0.3125 0 0
0.3125 0 0
0.25 0 0
0.3125 0 0
0.25 0 0
0.25 0 0
0.25 0 0
0.3125 0 0
0.25 0 0
0.25 0 0
0.25 0 0
0.3125 0 0
0.25 0 0
0.3125 0 0
0.25 0 0
0.25 0 0
0.25 0 0
0.3125 0 0
0.25 0 0
0.25 0 0
0.25 0 0
0 0 0
0 0 0
0 0 0
0 0 0
0 0 0
0 0 0
0.03125 0 0
0.03125 0 0
0.03125 0 0
0.03125 0 0
0.03125 0 0
0.03125 0 0
0.03125 0 0
0.03125 0 0
0.03125 0 0
0.03125 0 0
0.03125 0 0
0.03125 0 0
0.03125 0 0
0.03125 0 0
0.03125 0 0
0.03125 0 0
0.03125 0 0
0.03125 0 0
0.03125 0 0
0.4375 0 0
0.4375 0 0
0.4375 0 0
0.4375 0 0
0.4375 0 0
0.3125 0 0
0.25 0 0
0.3125 0 0
0.25 0 0
0.3125 0 0
0.25 0 0
0.3125 0 0
0.25 0 0
0.3125 0 0
0.3125 0 0
0.3125 0 0
0.25 0 0
0.3125 0 0
0.3125 0 0
0.25 0 0
0.3125 0 0
0.25 0 0
0.3125 0 0
0.3125 0 0
0.3125 0 0
0.25 0 0
0.3125 0 0
0.25 0 0
0.3125 0 0
0.25 0 0
0.3125 0 0
0.25 0 0
0.3125 0 0
0.3125 0 0
0.3125 0 0
0.25 0 0
0.3125 0 0
0.25 0 0
0.3125 0 0
0.3125 0 0
0.3125 0 0
0.25 0 0
0.3125 0 0
0.3125 0 0
0.3125 0 0
0.3125 0 0
0.25 0 0
0.3125 0 0
0.25 0 0
0.3125 0 0
0.25 0 0
0.3125 0 0
0.25 0 0
0.3125 0 0
0.3125 0 0
0.3125 0 0
0.25 0 0
0.3125 0 0
0.25 0 0
0.25 0 0
0.3125 0 0
0.3125 0 0
0.3125 0 0
0.25 0 0
0.3125 0 0
0.3125 0 0
0.3125 0 0
0.25 0 0
0.3125 0 0
0.25 0 0
0.3125 0 0
0.25 0 0
0.3125 0 0
0.25 0 0
0.3125 0 0
0.3125 0 0
0.3125 0 0
0.25 0 0
0.3125 0 0
0.25 0 0
0.3125 0 0
0.3125 0 0
0.3125 0 0
0.25 0 0
0.3125 0 0
0.3125 0 0
0.3125 0 0
0.25 0 0
0.3125 0 0
0.25 0 0
0.25 0 0
0.25 0 0
0.3125 0 0
0.25 0 0
0.25 0 0
0.25 0 0
0.3125 0 0
0.25 0 0
0.3125 0 0
0.25 0 0
0.25 0 0
0.25 0 0
0.3125 0 0
0.25 0 0
0.25 0 0
0.25 0 0
0 0 0
0 0 0
0 0 0
0 0 0
0 0 0
0 0 0
0.03125 0 0
0.03125 0 0
0.03125 0 0
0.03125 0 0
0.03125 0 0
0.03125 0 0
0.03125 0 0
0.03125 0 0
0.03125 0 0
0.03125 0 0
0.03125 0 0
0.03125 0 0
0.03125 0 0
0.03125 0 0
0.03125 0 0
0.03125 0 0
0.03125 0 0
0.03125 0 0
0.03125 0 0
0.4375 0 0
0.4375 0 0
0.4375 0 0
0.4375 0 0
0.4375 0 0
0.3125 0 0
0.25 0 0
0.3125 0 0
0.25 0 0
0.3125 0 0
0.25 0 0
0.3125 0 0
0.25 0 0
0.3125 0 0
0.3125 0 0
0.3125 0 0
0.25 0 0
0.3125 0 0
0.3125 0 0
0.25 0 0
0.3125 0 0
0.25 0 0
0.3125 0 0
0.3125 0 0
0.3125 0 0
0.25 0 0
0.3125 0 0
0.25 0 0
0.3125 0 0
0.25 0 0
0.3125 0 0
0.25 0 0
0.3125 0 0
0.3125 0 0
0.3125 0 0
0.25 0 0
0.3125 0 0
0.25 0 0
0.3125 0 0
0.3125 0 0
0.3125 0 0
0.25 0 0
0.3125 0 0
0.3125 0 0
0.3125 0 0
0.3125 0 0
0.25 0 0
0.3125 0 0
0.25 0 0
0.3125 0 0
0.25 0 0
0.3125 0 0
0.25 0 0
0.3125 0 0
0.3125 0 0
0.3125 0 0
0.25 0 0
0.3125 0 0
0.25 0 0
0.3125 0 0
0.3125 0 0
0.3125 0 0
0.25 0 0
0.3125 0 0
0.3125 0 0
0.3125 0 0
0.25 0 0
0.3125 0 0
0.25 0 0
0.3125 0 0
0.25 0 0
0.3125 0 0
0.25 0 0
0.3125 0 0
0.3125 0 0
0.3125 0 0
0.25 0 0
0.3125 0 0
0.25 0 0
0.3125 0 0
0.3125 0 0
0.3125 0 0
0.25 0 0
0.3125 0 0
0.3125 0 0
0.3125 0 0
0.25 0 0
0.3125 0 0
0.25 0 0
0.25 0 0
0.25 0 0
0.3125 0 0
0.25 0 0
0.25 0 0
0.25 0 0
0.3125 0 0
0.25 0 0
0.3125 0 0
0.25 0 0
0.25 0 0
0.25 0 0
0.3125 0 0
0.25 0 0
0.25 0 0
0.25 0 0
0 0 0
0 0 0
0 0 0
0 0 0
0 0 0
0 0 0
0.03125 0 0
0.03125 0 0
0.03125 0 0
0.03125 0 0
0.03125 0 0
0.03125 0 0
0.03125 0 0
0.03125 0 0
0.03125 0 0
0.03125 0 0
0.03125 0 0
0.03125 0 0
0.03125 0 0
0.03125 0 0
0.03125 0 0
0.03125 0 0
0.03125 0 0
0.03125 0 0
0.03125 0 0
0.4375 0 0
0.4375 0 0
0.4375 0 0
0.4375 0 0
0.4375 0 0
0.3125 0 0
0.25 0 0
0.3125 0 0
0.25 0 0
0.3125 0 0
0.25 0 0
0.3125 0 0
0.25 0 0
0.3125 0 0
0.3125 0 0
0.3125 0 0
0.25 0 0
0.3125 0 0
0.3125 0 0
0.25 0 0
0.3125 0 0
0.25 0 0
0.3125 0 0
0.3125 0 0
0.3125 0 0
0.25 0 0
0.3125 0 0
0.25 0 0
0.3125 0 0
0.25 0 0
0.3125 0 0
0.25 0 0
0.3125 0 0
0.3125 0 0
0.3125 0 0
0.25 0 0
0.3125 0 0
0.25 0 0
0.3125 0 0
0.3125 0 0
0.3125 0 0
0.25 0 0
0.3125 0 0
0.3125 0 0
0.3125 0 0
0.3125 0 0
0.25 0 0
0.3125 0 0
0.25 0 0
0.3125 0 0
0.25 0 0
0.3125 0 0
0.25 0 0
0.3125 0 0
0.3125 0 0
0.3125 0 0
0.25 0 0
0.3125 0 0
0.25 0 0
0.3125 0 0
0.3125 0 0
0.3125 0 0
0.25 0 0
0.3125 0 0
0.3125 0 0
0.3125 0 0
0.25 0 0
0.3125 0 0
0.25 0 0
0.3125 0 0
0.25 0 0
0.3125 0 0
0.25 0 0
0.3125 0 0
0.3125 0 0
0.3125 0 0
0.25 0 0
0.3125 0 0
0.25 0 0
0.3125 0 0
0.3125 0 0
0.3125 0 0
0.25 0 0
0.3125 0 0
0.3125 0 0
0.3125 0 0
0.25 0 0
0.3125 0 0
0.25 0 0
0.25 0 0
0.25 0 0
0.3125 0 0
0.25 0 0
0.25 0 0
0.25 0 0
0.3125 0 0
0.25 0 0
0.3125 0 0
0.25 0 0
0.25 0 0
0.25 0 0
0.3125 0 0
0.25 0 0
0.25 0 0
0.25 0 0
0 0 0
0 0 0
0 0 0
0 0 0
0 0 0
0 0 0
0.03125 0 0
0.03125 0 0
0.03125 0 0
0.03125 0 0
0.03125 0 0
0.03125 0 0
0.03125 0 0
0.03125 0 0
0.03125 0 0
0.03125 0 0
0.03125 0 0
0.03125 0 0
0.03125 0 0
0.03125 0 0
0.03125 0 0
0.03125 0 0
0.03125 0 0
0.03125 0 0
0.03125 0 0
0.4375 0 0
0.4375 0 0
0.4375 0 0
0.4375 0 0
0.4375 0 0
0.3125 0 0
0.25 0 0
0.3125 0 0
0.25 0 0
0.3125 0 0
0.25 0 0
0.3125 0 0
0.25 0 0
0.3125 0 0
0.3125 0 0
0.3125 0 0
0.25 0 0
0.3125 0 0
0.3125 0 0
0.25 0 0
0.3125 0 0
0.25 0 0
0.3125 0 0
0.3125 0 0
0.3125 0 0
0.25 0 0
0.3125 0 0
0.25 0 0
0.3125 0 0
0.25 0 0
0.3125 0 0
0.25 0 0
0.3125 0 0
0.3125 0 0
0.3125 0 0
0.25 0 0
0.3125 0 0
0.25 0 0
0.3125 0 0
0.3125 0 0
0.3125 0 0
0.25 0 0
0.3125 0 0
0.3125 0 0
0.3125 0 0
0.3125 0 0
0.25 0 0
0.3125 0 0
0.25 0 0
0.3125 0 0
0.25 0 0
0.3125 0 0
0.25 0 0
0.3125 0 0
0.3125 0 0
0.3125 0 0
0.25 0 0
0.3125 0 0
0.25 0 0
0.3125 0 0
0.3125 0 0
0.3125 0 0
0.25 0 0
0.3125 0 0
0.3125 0 0
0.3125 0 0
0.25 0 0
0.3125 0 0
0.25 0 0
0.3125 0 0
0.25 0 0
0.3125 0 0
0.25 0 0
0.3125 0 0
0.3125 0 0
0.3125 0 0
0.25 0 0
0.3125 0 0
0.25 0 0
0.3125 0 0
0.3125 0 0
0.3125 0 0
0.25 0 0
0.3125 0 0
0.3125 0 0
0.3125 0 0
0.25 0 0
0.3125 0 0
0.25 0 0
0.25 0 0
0.25 0 0
0.3125 0 0
0.25 0 0
0.25 0 0
0.25 0 0
0.3125 0 0
0.25 0 0
0.3125 0 0
0.25 0 0
0.25 0 0
0.25 0 0
0.3125 0 0
0.25 0 0
0.25 0 0
0.25 0 0
0 0 0
0 0 0
0 0 0
0 0 0
0 0 0
0 0 0
0.03125 0 0
0.03125 0 0
0.03125 0 0
0.03125 0 0
0.03125 0 0
0.03125 0 0
0.03125 0 0
0.03125 0 0
0.03125 0 0
0.03125 0 0
0.03125 0 0
0.03125 0 0
0.03125 0 0
0.03125 0 0
0.03125 0 0
0.03125 0 0
0.03125 0 0
0.03125 0 0
0.03125 0 0
0.4375 0 0
0.4375 0 0
0.4375 0 0
0.4375 0 0
0.4375 0 0
0.3125 0 0
0.25 0 0
0.3125 0 0
0.25 0 0
0.3125 0 0
0.25 0 0
0.3125 0 0
0.25 0 0
0.3125 0 0
0.3125 0 0
0.3125 0 0
0.25 0 0
0.3125 0 0
0.3125 0 0
0.25 0 0
0.3125 0 0
0.25 0 0
0.3125 0 0
0.3125 0 0
0.3125 0 0
0.25 0 0
0.3125 0 0
0.25 0 0
0.3125 0 0
0.25 0 0
0.3125 0 0
0.25 0 0
0.3125 0 0
0.3125 0 0
0.3125 0 0
0.25 0 0
0.3125 0 0
0.25 0 0
0.3125 0 0
0.3125 0 0
0.3125 0 0
0.25 0 0
0.3125 0 0
0.3125 0 0
0.3125 0 0
0.3125 0 0
0.25 0 0
0.3125 0 0
0.25 0 0
0.3125 0 0
0.25 0 0
0.3125 0 0
0.25 0 0
0.3125 0 0
0.3125 0 0
0.3125 0 0
0.25 0 0
0.3125 0 0
0.25 0 0
0.3125 0 0
0.3125 0 0
0.3125 0 0
0.25 0 0
0.3125 0 0
0.3125 0 0
0.3125 0 0
0.25 0 0
0.3125 0 0
0.25 0 0
0.3125 0 0
0.25 0 0
0.3125 0 0
0.25 0 0
0.3125 0 0
0.3125 0 0
0.3125 0 0
0.25 0 0
0.3125 0 0
0.25 0 0
0.3125 0 0
0.3125 0 0
0.3125 0 0
0.25 0 0
0.3125 0 0
0.3125 0 0
0.3125 0 0
0.25 0 0
0.3125 0 0
0.25 0 0
0.25 0 0
0.25 0 0
0.3125 0 0
0.25 0 0
0.25 0 0
0.25 0 0
0.3125 0 0
0.25 0 0
0.3125 0 0
0.25 0 0
0.25 0 0
0.25 0 0
0.3125 0 0
0.25 0 0
0.25 0 0
0.25 0 0
0 0 0
0 0 0
0 0 0
0 0 0
0 0 0
0 0 0
0.03125 0 0
0.03125 0 0
0.03125 0 0
0.03125 0 0
0.03125 0 0
0.03125 0 0
0.03125 0 0
0.03125 0 0
0.03125 0 0
0.03125 0 0
0.03125 0 0
0.03125 0 0
0.03125 0 0
0.03125 0 0
0.03125 0 0
0.03125 0 0
0.03125 0 0
0.03125 0 0
0.03125 0 0
0.4375 0 0
0.4375 0 0
0.4375 0 0
0.4375 0 0
0.3125 0 0
0.25 0 0
0.3125 0 0
0.25 0 0
0.3125 0 0
0.25 0 0
0.3125 0 0
0.25 0 0
0.3125 0 0
0.3125 0 0
0.3125 0 0
0.25 0 0
0.3125 0 0
0.3125 0 0
0.25 0 0
0.3125 0 0
0.25 0 0
0.3125 0 0
0.3125 0 0
0.3125 0 0
0.25 0 0
0.3125 0 0
0.25 0 0
0.3125 0 0
0.25 0 0
0.3125 0 0
0.25 0 0
0.3125 0 0
0.3125 0 0
0.3125 0 0
0.25 0 0
0.3125 0 0
0.25 0 0
0.3125 0 0
0.3125 0 0
0.3125 0 0
0.25 0 0
0.3125 0 0
0.3125 0 0
0.3125 0 0
0.3125 0 0
0.25 0 0
0.3125 0 0
0.25 0 0
0.3125 0 0
0.25 0 0
0.3125 0 0
0.25 0 0
0.3125 0 0
0.3125 0 0
0.3125 0 0
0.25 0 0
0.3125 0 0
0.25 0 0
0.25 0 0
0.3125 0 0
0.3125 0 0
0.3125 0 0
0.25 0 0
0.3125 0 0
0.3125 0 0
0.3125 0 0
0.25 0 0
0.3125 0 0
0.25 0 0
0.3125 0 0
0.25 0 0
0.3125 0 0
0.25 0 0
0.3125 0 0
0.3125 0 0
0.3125 0 0
0.25 0 0
0.3125 0 0
0.25 0 0
0.3125 0 0
0.3125 0 0
0.3125 0 0
0.25 0 0
0.3125 0 0
0.3125 0 0
0.3125 0 0
0.25 0 0
0.3125 0 0
0.25 0 0
0.25 0 0
0.25 0 0
0.3125 0 0
0.25 0 0
0.25 0 0
0.25 0 0
0.3125 0 0
0.25 0 0
0.3125 0 0
0.25 0 0
0.25 0 0
0.25 0 0
0.3125 0 0
0.25 0 0
0.25 0 0
0.25 0 0
0 0 0
0 0 0
0 0 0
0 0 0
0 0 0
0 0 0
0.03125 0 0
0.03125 0 0
0.03125 0 0
0.03125 0 0
0.03125 0 0
0.03125 0 0
0.03125 0 0
0.03125 0 0
0.03125 0 0
0.03125 0 0
0.03125 0 0
0.03125 0 0
0.03125 0 0
0.03125 0 0
0.03125 0 0
0.03125 0 0
0.03125 0 0
0.03125 0 0
0.4375 0 0
0.4375 0 0
0.4375 0 0
0.4375 0 0
0.3125 0 0
0.25 0 0
0.3125 0 0
0.25 0 0
0.3125 0 0
0.25 0 0
0.3125 0 0
0.25 0 0
0.3125 0 0
0.3125 0 0
0.3125 0 0
0.25 0 0
0.3125 0 0
0.3125 0 0
0.25 0 0
0.3125 0 0
0.25 0 0
0.3125 0 0
0.3125 0 0
0.3125 0 0
0.25 0 0
0.3125 0 0
0.25 0 0
0.3125 0 0
0.25 0 0
0.3125 0 0
0.25 0 0
0.3125 0 0
0.3125 0 0
0.3125 0 0
0.25 0 0
0.3125 0 0
0.25 0 0
0.3125 0 0
0.3125 0 0
0.3125 0 0
0.25 0 0
0.3125 0 0
0.3125 0 0
0.3125 0 0
0.3125 0 0
0.25 0 0
0.3125 0 0
0.25 0 0
0.3125 0 0
0.25 0 0
0.3125 0 0
0.25 0 0
0.3125 0 0
0.3125 0 0
0.3125 0 0
0.25 0 0
0.3125 0 0
0.25 0 0
0.25 0 0
0.3125 0 0
0.3125 0 0
0.3125 0 0
0.25 0 0
0.3125 0 0
0.3125 0 0
0.3125 0 0
0.25 0 0
0.3125 0 0
0.25 0 0
0.3125 0 0
0.25 0 0
0.3125 0 0
0.25 0 0
0.3125 0 0
0.3125 0 0
0.3125 0 0
0.25 0 0
0.3125 0 0
0.25 0 0
0.3125 0 0
0.3125 0 0
0.3125 0 0
0.25 0 0
0.3125 0 0
0.3125 0 0
0.3125 0 0
0.25 0 0
0.3125 0 0
0.25 0 0
0.25 0 0
0.25 0 0
0.3125 0 0
0.25 0 0
0.25 0 0
0.25 0 0
0.3125 0 0
0.25 0 0
0.3125 0 0
0.25 0 0
0.25 0 0
0.25 0 0
0.3125 0 0
0.25 0 0
0.25 0 0
0.25 0 0
0 0 0
0 0 0
0 0 0
0 0 0
0 0 0
0 0 0
0.03125 0 0
0.03125 0 0
0.03125 0 0
0.03125 0 0
0.03125 0 0
0.03125 0 0
0.03125 0 0
0.03125 0 0
0.03125 0 0
0.03125 0 0
0.03125 0 0
0.03125 0 0
0.03125 0 0
0.03125 0 0
0.03125 0 0
0.03125 0 0
0.03125 0 0
0.03125 0 0
0.4375 0 0
0.4375 0 0
0.4375 0 0
0.4375 0 0
0.3125 0 0
0.25 0 0
0.3125 0 0
0.25 0 0
0.3125 0 0
0.25 0 0
0.3125 0 0
0.25 0 0
0.3125 0 0
0.3125 0 0
0.3125 0 0
0.25 0 0
0.3125 0 0
0.3125 0 0
0.25 0 0
0.3125 0 0
0.25 0 0
0.3125 0 0
0.3125 0 0
0.3125 0 0
0.25 0 0
0.3125 0 0
0.25 0 0
0.3125 0 0
0.25 0 0
0.3125 0 0
0.25 0 0
0.3125 0 0
0.3125 0 0
0.3125 0 0
0.25 0 0
0.3125 0 0
0.25 0 0
0.3125 0 0
0.3125 0 0
0.3125 0 0
0.25 0 0
0.3125 0 0
0.3125 0 0
0.3125 0 0
0.3125 0 0
0.25 0 0
0.3125 0 0
0.25 0 0
0.3125 0 0
0.25 0 0
0.3125 0 0
0.25 0 0
0.3125 0 0
0.3125 0 0
0.3125 0 0
0.25 0 0
0.3125 0 0
0.25 0 0
0.3125 0 0
0.3125 0 0
0.3125 0 0
0.25 0 0
0.3125 0 0
0.3125 0 0
0.3125 0 0
0.25 0 0
0.3125 0 0
0.25 0 0
0.3125 0 0
0.25 0 0
0.3125 0 0
0.25 0 0
0.3125 0 0
0.3125 0 0
0.3125 0 0
0.25 0 0
0.3125 0 0
0.25 0 0
0.3125 0 0
0.3125 0 0
0.3125 0 0
0.25 0 0
0.3125 0 0
0.3125 0 0
0.3125 0 0
0.25 0 0
0.3125 0 0
0.25 0 0
0.25 0 0
0.25 0 0
0.3125 0 0
0.25 0 0
0.25 0 0
0.25 0 0
0.3125 0 0
0.25 0 0
0.3125 0 0
0.25 0 0
0.25 0 0
0.25 0 0
0.3125 0 0
0.25 0 0
0.25 0 0
0.25 0 0
0 0 0
0 0 0
0 0 0
0 0 0
0 0 0
0 0 0
0.03125 0 0
0.03125 0 0
0.03125 0 0
0.03125 0 0
0.03125 0 0
0.03125 0 0
0.03125 0 0
0.03125 0 0
0.03125 0 0
0.03125 0 0
0.03125 0 0
0.03125 0 0
0.03125 0 0
0.03125 0 0
0.03125 0 0
0.03125 0 0
0.03125 0 0
0.03125 0 0
0.4375 0 0
0.4375 0 0
0.4375 0 0
0.4375 0 0
0.3125 0 0
0.25 0 0
0.3125 0 0
0.25 0 0
0.3125 0 0
0.25 0 0
0.3125 0 0
0.25 0 0
0.3125 0 0
0.3125 0 0
0.3125 0 0
0.25 0 0
0.3125 0 0
0.3125 0 0
0.25 0 0
0.3125 0 0
0.25 0 0
0.3125 0 0
0.3125 0 0
0.3125 0 0
0.25 0 0
0.3125 0 0
0.25 0 0
0.3125 0 0
0.25 0 0
0.3125 0 0
0.25 0 0
0.3125 0 0
0.3125 0 0
0.3125 0 0
0.25 0 0
0.3125 0 0
0.25 0 0
0.3125 0 0
0.3125 0 0
0.3125 0 0
0.25 0 0
0.3125 0 0
0.3125 0 0
0.3125 0 0
0.3125 0 0
0.25 0 0
0.3125 0 0
0.25 0 0
0.3125 0 0
0.25 0 0
0.3125 0 0
0.25 0 0
0.3125 0 0
0.3125 0 0
0.3125 0 0
0.25 0 0
0.3125 0 0
0.25 0 0
0.3125 0 0
0.3125 0 0
0.3125 0 0
0.25 0 0
0.3125 0 0
0.3125 0 0
0.3125 0 0
0.25 0 0
0.3125 0 0
0.25 0 0
0.3125 0 0
0.25 0 0
0.3125 0 0
0.25 0 0
0.3125 0 0
0.3125 0 0
0.3125 0 0
0.25 0 0
0.3125 0 0
0.25 0 0
0.3125 0 0
0.3125 0 0
0.3125 0 0
0.25 0 0
0.3125 0 0
0.3125 0 0
0.3125 0 0
0.25 0 0
0.3125 0 0
0.25 0 0
0.25 0 0
0.25 0 0
0.3125 0 0
0.25 0 0
0.25 0 0
0.25 0 0
0.3125 0 0
0.25 0 0
0.3125 0 0
0.25 0 0
0.25 0 0
0.25 0 0
0.3125 0 0
0.25 0 0
0.25 0 0
0.25 0 0
0 0 0
0 0 0
0 0 0
0 0 0
0 0 0
0 0 0
0.03125 0 0
0.03125 0 0
0.03125 0 0
0.03125 0 0
0.03125 0 0
0.03125 0 0
0.03125 0 0
0.03125 0 0
0.03125 0 0
0.03125 0 0
0.03125 0 0
0.03125 0 0
0.03125 0 0
0.03125 0 0
0.03125 0 0
0.03125 0 0
0.03125 0 0
0.03125 0 0
0.4375 0 0
0.4375 0 0
0.4375 0 0
0.4375 0 0
0.3125 0 0
0.25 0 0
0.3125 0 0
0.25 0 0
0.3125 0 0
0.25 0 0
0.3125 0 0
0.25 0 0
0.3125 0 0
0.3125 0 0
0.3125 0 0
0.25 0 0
0.3125 0 0
0.3125 0 0
0.25 0 0
0.3125 0 0
0.25 0 0
0.3125 0 0
0.3125 0 0
0.3125 0 0
0.25 0 0
0.3125 0 0
0.25 0 0
0.3125 0 0
0.25 0 0
0.3125 0 0
0.25 0 0
0.3125 0 0
0.3125 0 0
0.3125 0 0
0.25 0 0
0.3125 0 0
0.25 0 0
0.3125 0 0
0.3125 0 0
0.3125 0 0
0.25 0 0
0.3125 0 0
0.3125 0 0
0.3125 0 0
0.3125 0 0
0.25 0 0
0.3125 0 0
0.25 0 0
0.3125 0 0
0.25 0 0
0.3125 0 0
0.25 0 0
0.3125 0 0
0.3125 0 0
0.3125 0 0
0.25 0 0
0.3125 0 0
0.25 0 0
0.3125 0 0
0.3125 0 0
0.3125 0 0
0.25 0 0
0.3125 0 0
0.3125 0 0
0.3125 0 0
0.25 0 0
0.3125 0 0
0.25 0 0
0.3125 0 0
0.25 0 0
0.3125 0 0
0.25 0 0
0.3125 0 0
0.3125 0 0
0.3125 0 0
0.25 0 0
0.3125 0 0
0.25 0 0
0.3125 0 0
0.3125 0 0
0.3125 0 0
0.25 0 0
0.3125 0 0
0.3125 0 0
0.3125 0 0
0.25 0 0
0.3125 0 0
0.25 0 0
0.25 0 0
0.25 0 0
0.3125 0 0
0.25 0 0
0.25 0 0
0.25 0 0
0.3125 0 0
0.25 0 0
0.3125 0 0
0.25 0 0
0.25 0 0
0.25 0 0
0.3125 0 0
0.25 0 0
0.25 0 0
0.25 0 0
0 0 0
0 0 0
0 0 0
0 0 0
0 0 0
0 0 0
0.03125 0 0
0.03125 0 0
0.03125 0 0
0.03125 0 0
0.03125 0 0
0.03125 0 0
0.03125 0 0
0.03125 0 0
0.03125 0 0
0.03125 0 0
0.03125 0 0
0.03125 0 0
0.03125 0 0
0.03125 0 0
0.03125 0 0
0.03125 0 0
0.03125 0 0
0.03125 0 0
0.4375 0 0
0.4375 0 0
0.4375 0 0
0.4375 0 0
0.3125 0 0
0.25 0 0
0.3125 0 0
0.25 0 0
0.3125 0 0
0.25 0 0
0.3125 0 0
0.25 0 0
0.3125 0 0
0.3125 0 0
0.3125 0 0
0.25 0 0
0.3125 0 0
0.3125 0 0
0.25 0 0
0.3125 0 0
0.25 0 0
0.3125 0 0
0.3125 0 0
0.3125 0 0
0.25 0 0
0.3125 0 0
0.25 0 0
0.3125 0 0
0.25 0 0
0.3125 0 0
0.25 0 0
0.3125 0 0
0.3125 0 0
0.3125 0 0
0.25 0 0
0.3125 0 0
0.25 0 0
0.3125 0 0
0.3125 0 0
0.3125 0 0
0.25 0 0
0.3125 0 0
0.3125 0 0
0.3125 0 0
0.3125 0 0
0.25 0 0
0.3125 0 0
0.25 0 0
0.3125 0 0
0.25 0 0
0.3125 0 0
0.25 0 0
0.3125 0 0
0.3125 0 0
0.3125 0 0
0.25 0 0
0.3125 0 0
0.25 0 0
0.3125 0 0
0.3125 0 0
0.3125 0 0
0.25 0 0
0.3125 0 0
0.3125 0 0
0.3125 0 0
0.25 0 0
0.3125 0 0
0.25 0 0
0.3125 0 0
0.25 0 0
0.3125 0 0
0.25 0 0
0.3125 0 0
0.3125 0 0
0.3125 0 0
0.25 0 0
0.3125 0 0
0.25 0 0
0.3125 0 0
0.3125 0 0
0.3125 0 0
0.25 0 0
0.3125 0 0
0.3125 0 0
0.3125 0 0
0.25 0 0
0.3125 0 0
0.25 0 0
0.25 0 0
0.25 0 0
0.3125 0 0
0.25 0 0
0.25 0 0
0.25 0 0
0.3125 0 0
0.25 0 0
0.3125 0 0
0.25 0 0
0.25 0 0
0.25 0 0
0.3125 0 0
0.25 0 0
0.25 0 0
0.25 0 0
0 0 0
0 0 0
0 0 0
0 0 0
0 0 0
0 0 0
0.03125 0 0
0.03125 0 0
0.03125 0 0
0.03125 0 0
0.03125 0 0
0.03125 0 0
0.03125 0 0
0.03125 0 0
0.03125 0 0
0.03125 0 0
0.03125 0 0
0.03125 0 0
0.03125 0 0
0.03125 0 0
0.03125 0 0
0.03125 0 0
0.03125 0 0
0.03125 0 0
0.4375 0 0
0.4375 0 0
0.4375 0 0
0.4375 0 0
0.3125 0 0
0.25 0 0
0.3125 0 0
0.25 0 0
0.3125 0 0
0.25 0 0
0.3125 0 0
0.25 0 0
0.3125 0 0
0.3125 0 0
0.3125 0 0
0.25 0 0
0.3125 0 0
0.3125 0 0
0.25 0 0
0.3125 0 0
0.25 0 0
0.3125 0 0
0.3125 0 0
0.3125 0 0
0.25 0 0
0.3125 0 0
0.25 0 0
0.3125 0 0
0.25 0 0
0.3125 0 0
0.25 0 0
0.3125 0 0
0.3125 0 0
0.3125 0 0
0.25 0 0
0.3125 0 0
0.25 0 0
0.3125 0 0
0.3125 0 0
0.3125 0 0
0.25 0 0
0.3125 0 0
0.3125 0 0
0.3125 0 0
0.3125 0 0
0.25 0 0
0.3125 0 0
0.25 0 0
0.3125 0 0
0.25 0 0
0.3125 0 0
0.25 0 0
0.3125 0 0
0.3125 0 0
0.3125 0 0
0.25 0 0
0.3125 0 0
0.25 0 0
0.25 0 0
0.3125 0 0
0.3125 0 0
0.3125 0 0
0.25 0 0
0.3125 0 0
0.3125 0 0
0.3125 0 0
0.25 0 0
0.3125 0 0
0.25 0 0
0.3125 0 0
0.25 0 0
0.3125 0 0
0.25 0 0
0.3125 0 0
0.3125 0 0
0.3125 0 0
0.25 0 0
0.3125 0 0
0.25 0 0
0.3125 0 0
0.3125 0 0
0.3125 0 0
0.25 0 0
0.3125 0 0
0.3125 0 0
0.3125 0 0
0.25 0 0
0.3125 0 0
0.25 0 0
0.25 0 0
0.25 0 0
0.3125 0 0
0.25 0 0
0.25 0 0
0.25 0 0
0.3125 0 0
0.25 0 0
0.3125 0 0
0.25 0 0
0.25 0 0
0.25 0 0
0.3125 0 0
0.25 0 0
0.25 0 0
0.25 0 0
0 0 0
0 0 0
0 0 0
0 0 0
0 0 0
0 0 0
0.03125 0 0
0.03125 0 0
0.03125 0 0
0.03125 0 0
0.03125 0 0
0.03125 0 0
0.03125 0 0
0.03125 0 0
0.03125 0 0
0.03125 0 0
0.03125 0 0
0.03125 0 0
0.03125 0 0
0.03125 0 0
0.03125 0 0
0.03125 0 0
0.03125 0 0
0.03125 0 0
0.4375 0 0
0.4375 0 0
0.4375 0 0
0.4375 0 0
0.3125 0 0
0.25 0 0
0.3125 0 0
0.25 0 0
0.3125 0 0
0.25 0 0
0.3125 0 0
0.25 0 0
0.3125 0 0
0.3125 0 0
0.3125 0 0
0.25 0 0
0.3125 0 0
0.3125 0 0
0.25 0 0
0.3125 0 0
0.25 0 0
0.3125 0 0
0.3125 0 0
0.3125 0 0
0.25 0 0
0.3125 0 0
0.25 0 0
0.3125 0 0
0.25 0 0
0.3125 0 0
0.25 0 0
0.3125 0 0
0.3125 0 0
0.3125 0 0
0.25 0 0
0.3125 0 0
0.25 0 0
0.3125 0 0
0.3125 0 0
0.3125 0 0
0.25 0 0
0.3125 0 0
0.3125 0 0
0.3125 0 0
0.3125 0 0
0.25 0 0
0.3125 0 0
0.25 0 0
0.3125 0 0
0.25 0 0
0.3125 0 0
0.25 0 0
0.3125 0 0
0.3125 0 0
0.3125 0 0
0.25 0 0
0.3125 0 0
0.25 0 0
0.25 0 0
0.3125 0 0
0.3125 0 0
0.3125 0 0
0.25 0 0
0.3125 0 0
0.3125 0 0
0.3125 0 0
0.25 0 0
0.3125 0 0
0.25 0 0
0.3125 0 0
0.25 0 0
0.3125 0 0
0.25 0 0
0.3125 0 0
0.3125 0 0
0.3125 0 0
0.25 0 0
0.3125 0 0
0.25 0 0
0.3125 0 0
0.3125 0 0
0.3125 0 0
0.25 0 0
0.3125 0 0
0.3125 0 0
0.3125 0 0
0.25 0 0
0.3125 0 0
0.25 0 0
0.25 0 0
0.25 0 0
0.3125 0 0
0.25 0 0
0.25 0 0
0.25 0 0
0.3125 0 0
0.25 0 0
0.3125 0 0
0.25 0 0
0.25 0 0
0.25 0 0
0.3125 0 0
0.25 0 0
0.25 0 0
0.25 0 0
0 0 0
0 0 0
0 0 0
0 0 0
0 0 0
0 0 0
0.03125 0 0
0.03125 0 0
0.03125 0 0
0.03125 0 0
0.03125 0 0
0.03125 0 0
0.03125 0 0
0.03125 0 0
0.03125 0 0
0.03125 0 0
0.03125 0 0
0.03125 0 0
0.03125 0 0
0.03125 0 0
0.03125 0 0
0.03125 0 0
0.03125 0 0
0.03125 0 0
0.4375 0 0
0.4375 0 0
0.4375 0 0
0.4375 0 0
0.3125 0 0
0.25 0 0
0.3125 0 0
0.25 0 0
0.3125 0 0
0.25 0 0
0.3125 0 0
0.25 0 0
0.3125 0 0
0.3125 0 0
0.3125 0 0
0.25 0 0
0.3125 0 0
0.3125 0 0
0.25 0 0
0.3125 0 0
0.25 0 0
0.3125 0 0
0.3125 0 0
0.3125 0 0
0.25 0 0
0.3125 0 0
0.25 0 0
0.3125 0 0
0.25 0 0
0.3125 0 0
0.25 0 0
0.3125 0 0
0.3125 0 0
0.3125 0 0
0.25 0 0
0.3125 0 0
0.25 0 0
0.3125 0 0
0.3125 0 0
0.3125 0 0
0.25 0 0
0.3125 0 0
0.3125 0 0
0.3125 0 0
0.3125 0 0
0.25 0 0
0.3125 0 0
0.25 0 0
0.3125 0 0
0.25 0 0
0.3125 0 0
0.25 0 0
0.3125 0 0
0.3125 0 0
0.3125 0 0
0.25 0 0
0.3125 0 0
0.25 0 0
0.3125 0 0
0.3125 0 0
0.3125 0 0
0.25 0 0
0.3125 0 0
0.3125 0 0
0.3125 0 0
0.25 0 0
0.3125 0 0
0.25 0 0
0.3125 0 0
0.25 0 0
0.3125 0 0
0.25 0 0
0.3125 0 0
0.3125 0 0
0.3125 0 0
0.25 0 0
0.3125 0 0
0.25 0 0
0.3125 0 0
0.3125 0 0
0.3125 0 0
0.25 0 0
0.3125 0 0
0.3125 0 0
0.3125 0 0
0.25 0 0
0.3125 0 0
0.25 0 0
0.25 0 0
0.25 0 0
0.3125 0 0
0.25 0 0
0.25 0 0
0.25 0 0
0.3125 0 0
0.25 0 0
0.3125 0 0
0.25 0 0
0.25 0 0
0.25 0 0
0.3125 0 0
0.25 0 0
0.25 0 0
0.25 0 0
0 0 0
0 0 0
0 0 0
0 0 0
0 0 0
0 0 0
0.03125 0 0
0.03125 0 0
0.03125 0 0
0.03125 0 0
0.03125 0 0
0.03125 0 0
0.03125 0 0
0.03125 0 0
0.03125 0 0
0.03125 0 0
0.03125 0 0
0.03125 0 0
0.03125 0 0
0.03125 0 0
0.03125 0 0
0.03125 0 0
0.03125 0 0
0.03125 0 0
0.4375 0 0
0.4375 0 0
0.4375 0 0
0.4375 0 0
0.3125 0 0
0.25 0 0
0.3125 0 0
0.25 0 0
0.3125 0 0
0.25 0 0
0.3125 0 0
0.25 0 0
0.3125 0 0
0.3125 0 0
0.3125 0 0
0.25 0 0
0.3125 0 0
0.3125 0 0
0.25 0 0
0.3125 0 0
0.25 0 0
0.3125 0 0
0.3125 0 0
0.3125 0 0
0.25 0 0
0.3125 0 0
0.25 0 0
0.3125 0 0
0.25 0 0
0.3125 0 0
0.25 0 0
0.3125 0 0
0.3125 0 0
0.3125 0 0
0.25 0 0
0.3125 0 0
0.25 0 0
0.3125 0 0
0.3125 0 0
0.3125 0 0
0.25 0 0
0.3125 0 0
0.3125 0 0
0.3125 0 0
0.3125 0 0
0.25 0 0
0.3125 0 0
0.25 0 0
0.3125 0 0
0.25 0 0
0.3125 0 0
0.25 0 0
0.3125 0 0
0.3125 0 0
0.3125 0 0
0.25 0 0
0.3125 0 0
0.25 0 0
0.3125 0 0
0.3125 0 0
0.3125 0 0
0.25 0 0
0.3125 0 0
0.3125 0 0
0.3125 0 0
0.25 0 0
0.3125 0 0
0.25 0 0
0.3125 0 0
0.25 0 0
0.3125 0 0
0.25 0 0
0.3125 0 0
0.3125 0 0
0.3125 0 0
0.25 0 0
0.3125 0 0
0.25 0 0
0.3125 0 0
0.3125 0 0
0.3125 0 0
0.25 0 0
0.3125 0 0
0.3125 0 0
0.3125 0 0
0.25 0 0
0.3125 0 0
0.25 0 0
0.25 0 0
0.25 0 0
0.3125 0 0
0.25 0 0
0.25 0 0
0.25 0 0
0.3125 0 0
0.25 0 0
0.3125 0 0
0.25 0 0
0.25 0 0
0.25 0 0
0.3125 0 0
0.25 0 0
0.25 0 0
0.25 0 0
0 0 0
0 0 0
0 0 0
0 0 0
0 0 0
0 0 0
0.03125 0 0
0.03125 0 0
0.03125 0 0
0.03125 0 0
0.03125 0 0
0.03125 0 0
0.03125 0 0
0.03125 0 0
0.03125 0 0
0.03125 0 0
0.03125 0 0
0.03125 0 0
0.03125 0 0
0.03125 0 0
0.03125 0 0
0.03125 0 0
0.03125 0 0
0.03125 0 0
0.4375 0 0
0.4375 0 0
0.4375 0 0
0.4375 0 0
0.3125 0 0
0.25 0 0
0.3125 0 0
0.25 0 0
0.3125 0 0
0.25 0 0
0.3125 0 0
0.25 0 0
0.3125 0 0
0.3125 0 0
0.3125 0 0
0.25 0 0
0.3125 0 0
0.3125 0 0
0.25 0 0
0.3125 0 0
0.25 0 0
0.3125 0 0
0.3125 0 0
0.3125 0 0
0.25 0 0
0.3125 0 0
0.25 0 0
0.3125 0 0
0.25 0 0
0.3125 0 0
0.25 0 0
0.3125 0 0
0.3125 0 0
0.3125 0 0
0.25 0 0
0.3125 0 0
0.25 0 0
0.3125 0 0
0.3125 0 0
0.3125 0 0
0.25 0 0
0.3125 0 0
0.3125 0 0
0.3125 0 0
0.3125 0 0
0.25 0 0
0.3125 0 0
0.25 0 0
0.3125 0 0
0.25 0 0
0.3125 0 0
0.25 0 0
0.3125 0 0
0.3125 0 0
0.3125 0 0
0.25 0 0
0.3125 0 0
0.25 0 0
0.3125 0 0
0.3125 0 0
0.3125 0 0
0.25 0 0
0.3125 0 0
0.3125 0 0
0.3125 0 0
0.25 0 0
0.3125 0 0
0.25 0 0
0.3125 0 0
0.25 0 0
0.3125 0 0
0.25 0 0
0.3125 0 0
0.3125 0 0
0.3125 0 0
0.25 0 0
0.3125 0 0
0.25 0 0
0.3125 0 0
0.3125 0 0
0.3125 0 0
0.25 0 0
0.3125 0 0
0.3125 0 0
0.3125 0 0
0.25 0 0
0.3125 0 0
0.25 0 0
0.25 0 0
0.25 0 0
0.3125 0 0
0.25 0 0
0.25 0 0
0.25 0 0
0.3125 0 0
0.25 0 0
0.3125 0 0
0.25 0 0
0.25 0 0
0.25 0 0
0.3125 0 0
0.25 0 0
0.25 0 0
0.25 0 0
0 0 0
0 0 0
0 0 0
0 0 0
0 0 0
0 0 0
0.03125 0 0
0.03125 0 0
0.03125 0 0
0.03125 0 0
0.03125 0 0
0.03125 0 0
0.03125 0 0
0.03125 0 0
0.03125 0 0
0.03125 0 0
0.03125 0 0
0.03125 0 0
0.03125 0 0
0.03125 0 0
0.03125 0 0
0.03125 0 0
0.03125 0 0
0.03125 0 0
0.4375 0 0
0.4375 0 0
0.4375 0 0
0.4375 0 0
0.3125 0 0
0.25 0 0
0.3125 0 0
0.25 0 0
0.3125 0 0
0.25 0 0
0.3125 0 0
0.25 0 0
0.3125 0 0
0.3125 0 0
0.3125 0 0
0.25 0 0
0.3125 0 0
0.3125 0 0
0.25 0 0
0.3125 0 0
0.25 0 0
0.3125 0 0
0.3125 0 0
0.3125 0 0
0.25 0 0
0.3125 0 0
0.25 0 0
0.3125 0 0
0.25 0 0
0.3125 0 0
0.25 0 0
0.3125 0 0
0.3125 0 0
0.3125 0 0
0.25 0 0
0.3125 0 0
0.25 0 0
0.3125 0 0
0.3125 0 0
0.3125 0 0
0.25 0 0
0.3125 0 0
0.3125 0 0
0.3125 0 0
0.3125 0 0
0.25 0 0
0.3125 0 0
0.25 0 0
0.3125 0 0
0.25 0 0
0.3125 0 0
0.25 0 0
0.3125 0 0
0.3125 0 0
0.3125 0 0
0.25 0 0
0.3125 0 0
0.25 0 0
0.3125 0 0
0.3125 0 0
0.3125 0 0
0.25 0 0
0.3125 0 0
0.3125 0 0
0.3125 0 0
0.25 0 0
0.3125 0 0
0.25 0 0
0.3125 0 0
0.25 0 0
0.3125 0 0
0.25 0 0
0.3125 0 0
0.3125 0 0
0.3125 0 0
0.25 0 0
0.3125 0 0
0.25 0 0
0.3125 0 0
0.3125 0 0
0.3125 0 0
0.25 0 0
0.3125 0 0
0.3125 0 0
0.3125 0 0
0.25 0 0
0.3125 0 0
0.25 0 0
0.25 0 0
0.25 0 0
0.3125 0 0
0.25 0 0
0.25 0 0
0.25 0 0
0.3125 0 0
0.25 0 0
0.3125 0 0
0.25 0 0
0.25 0 0
0.25 0 0
0.3125 0 0
0.25 0 0
0.25 0 0
0.25 0 0
0 0 0
0 0 0
0 0 0
0 0 0
0 0 0
0 0 0
0.03125 0 0
0.03125 0 0
0.03125 0 0
0.03125 0 0
0.03125 0 0
0.03125 0 0
0.03125 0 0
0.03125 0 0
0.03125 0 0
0.03125 0 0
0.03125 0 0
0.03125 0 0
0.03125 0 0
0.03125 0 0
0.03125 0 0
0.03125 0 0
0.03125 0 0
0.03125 0 0
